MULakeNumber,date,dateTime,minDepth_m,maxDepth_m,numberOfMeasurements_temperature,thermoclineDepth_m_thresh0.3,top_metalimnion_m,bottom_metalimnion_m,epilimnion_temp_degC,hypolimnion_temp_degC,above_thermocline_temp_degC,below_thermocline_temp_degC,delta_hypo_epi_waterDensity_kgperm3,metalimnionDensityGradient_kgperm3perm,epiToHypoDensityGradient_kgperm3perm,buoyancyfrequency_1_s2,mixingDepth_m,numberOfMeasurements_do,minDO_mgpL,maxDO_mgpL,minDO_percent,maxDO_percent,DO_mgpL_profileMean,DO_percent_profileMean,epilimnion_DO_mgpL,hypolimnion_DO_mgpL,epilimnion_DO_percent,hypolimnion_DO_percent,depthMaxDOpercentage_m,Oxycline_m,Hypoxycline_m,Anoxycline_m,depthChlMax_m,depthBGAMax_m,depthPEMax_m,ratioMaxBGtochl_RFUperRFU,epilimnion_chlorophyll_RFU,epilimnion_phycocyaninBGA_RFU,epilimnion_phycoerythrinTAL_RFU,ratioEpiBGtochl_RFUperRFU,hypolimnion_orp_mV,bottom0.5m_orp_mV,site_latitude,site_longitude,site_altitude_m,surface_doConcentration_mgpL,surface_temp_degC,surface_pH
003,2021-06-07,2021-06-07T10:30:39Z,0.06666666666666667,8.390333333333333,59,1.5603333333333333,1.3095410320992147,5.530570061394965,24.919925925925927,8.115166666666667,24.90312121212121,12.642069444444445,2.773883934014407,0.6314674684084141,0.43990234429139613,0.031960482066386485,1.3095410320992147,59,1.4066666666666665,8.193333333333333,11.566666666666666,98.3,4.211694915254237,45.559322033898304,8.123703703703704,1.7227777777777777,98.22222222222221,14.622222222222222,0.348,1.8719999999999999,4.254666666666667,NA,2.9363333333333332,2.7836666666666665,NA,0.4036144578313253,0.3959259259259259,-0.02148148148148148,NA,-0.05425631431244153,207.59814814814814,208.68333333333334,39.34174649717514,-91.15302435028248,242.71977401129942,8.122222222222222,24.936333333333334,7.847609175449221
003,2021-06-28,2021-06-28T10:59:36Z,0.08166666666666667,13.099666666666666,87,1.7395,5.26017262236841,5.886362216164045,20.715131578947368,6.961022222222223,26.175589743589743,10.82686036036036,1.8480423617470478,0.25238501655142714,0.2692789909319368,0.016665623594217176,5.26017262236841,87,0.26,11.05,2.066666666666667,136.4,3.4680459770114944,39.650574712643675,7.092280701754386,0.6235555555555555,83.6438596491228,5.198518518518519,1.4103333333333332,2.2165,4.476333333333334,5.854333333333334,1.8196666666666668,4.802666666666667,NA,0.2364394993045897,2.7796491228070175,0.275,NA,0.09893335016409999,159.7614814814815,158.75555555555556,39.34152118773947,-91.1531737164751,241.68045977011494,10.85,26.30291666666667,8.570503545679996
003,2021-07-20,2021-07-20T10:48:27Z,0.18933333333333333,17.232666666666667,101,2.5501666666666667,0.34238339316988475,5.941321230171042,27.511555555555557,6.417302564102564,26.441729166666665,8.710588235294118,3.5521110968572884,0.592971887502662,0.3111573780359285,0.01862944494904747,0.34238339316988475,97,0,7.013333333333333,0,88.93333333333334,0.9816494845360825,11.936769759450172,7.011111111111111,0.06683060109289618,88.86666666666667,0.5568306010928962,0.18933333333333333,1.2395,2.3003333333333336,2.8233333333333333,2.8233333333333333,2.8233333333333333,NA,0.17094017094017094,0.8644444444444445,-0.016666666666666666,NA,-0.019280205655526992,66.06358974358974,-25.741666666666667,39.341311485148516,-91.1531404620462,241.5927392739274,7.008333333333333,27.495416666666667,7.257647477549163
003,2021-08-09,2021-08-09T10:54:52Z,0.05266666666666667,17.478666666666665,78,3.0564999999999998,4.814973271456773,6.505784340723667,23.062055555555556,6.260028368794326,26.2104375,8.19289247311828,2.405992033594657,0.31425949549930465,0.25102322209692524,0.025333397642044973,4.814973271456773,78,0.19,7.076666666666667,1.5,88.26666666666667,2.0293162393162394,23.314529914529913,5.5159722222222225,0.3760283687943263,66.59305555555555,3.0709219858156027,0.05266666666666667,2.5955000000000004,4.511666666666667,6.146333333333334,3.936333333333333,3.936333333333333,NA,0.29586300440827396,3.697638888888889,0.7169444444444445,NA,0.19389249896705857,45.182269503546095,-87.16666666666667,39.3413755982906,-91.15332123931624,242.1162393162393,7.066666666666666,26.548333333333332,7.639112361860705
005,2021-06-07,2021-06-07T12:10:50Z,0.03633333333333333,13.061,131,2.235833333333334,5.0700260419459084,5.433246347986928,18.96565306122449,5.574092827004219,24.34869841269841,8.050115151515152,1.5388737543344178,0.24793621094747328,0.22926825085579247,0.02274137463214644,5.0700260419459084,93,0,9.213333333333331,0,108.7,3.708100358422939,40.89609929078014,6.767482993197279,0.24926829268292683,76.1952380952381,2.007936507936508,1.5103333333333333,2.4560000000000004,4.701666666666666,5.353,4.4430000000000005,4.701666666666666,NA,0.2434065934065934,2.1402721088435372,0.2580952380952381,NA,0.12058991799631302,32.68185654008439,-85.18666666666667,39.02165302798982,-90.91962437659033,168.6147582697201,8.744444444444445,26.261333333333333,8.26
005,2021-06-28,2021-06-28T12:41:57Z,0.00966666666666666,11.509333333333332,73,4.07,5.663726397669736,6.391935022097802,19.914708333333333,5.886034482758621,22.768103448275863,7.754022727272727,1.7205610620366087,0.172339313095638,0.28119389792087773,0.012722455591164129,5.663726397669736,73,0.3,9.126666666666669,2.3666666666666667,116.76666666666668,3.33675799086758,37.54977168949772,5.607333333333333,0.5118390804597701,64.58333333333333,4.125287356321839,0.00966666666666666,1.607,5.058666666666666,6.277333333333333,1.38,4.007666666666666,NA,0.28330995792426367,1.3035833333333333,0.07683333333333334,NA,0.05894010100364381,-5.357471264367816,-37.2,39.02141292237443,-90.91974273972603,172.91278538812784,9.099166666666665,27.692,8.125054660230683
005,2021-07-20,2021-07-20T12:17:45Z,0.084,12.217,180,3.7075,5.768647481797837,6.195229091927373,22.561733333333333,6.290869047619047,26.508524590163933,8.420210084033613,2.2873193509605017,0.3930790678194638,0.36181509662230393,0.03628922355324158,5.768647481797837,180,0.17,8.79,1.4,113.4,2.8796666666666666,35.096111111111114,5.427888888888889,0.31238095238095237,67.45333333333333,2.5535714285714284,1.124,2.47,3.995,4.87,2.31,3.511,NA,1.1474654377880185,1.1715555555555555,0.5268888888888889,NA,0.4497344461305008,-10.103571428571428,-51.042857142857144,39.02114872222222,-90.919794,170.18944444444443,8.664285714285715,29.174285714285716,7.605762706050785
005,2021-08-09,2021-08-09T12:17:01Z,0.13,14.237,161,3.258,4.274937752486942,5.93919241267975,25.8825,6.204739583333334,27.290947368421055,8.584414634146341,3.1163466977443477,0.7905815585491216,0.39196236578058313,0.03448625800260677,4.274937752486942,161,0.44,8.19,3.5,104.9,3.3395652173913044,37.93726708074534,7.6848,1.0280208333333334,95.214,8.440625,0.219,3.4154999999999998,6.652,9.067,4.447,14.237,NA,1.5672727272727272,1.3474,0.5486,NA,0.4071545198159418,-49.02395833333333,-103.0625,39.02125577639752,-90.91954850931677,170.63975155279502,8.138,28.2976,8.200449939869682
018,2021-06-07,2021-06-07T16:01:49Z,0.07166666666666667,14.504,84,5.017333333333333,10.353676686652344,10.549310720866984,19.00332768361582,8.786097222222223,23.021149425287355,12.266884848484848,1.3908095606454935,NA,0.18923050157687832,0.007072085527244149,10.353676686652344,84,5.86,10.063333333333334,49.666666666666664,109.03333333333332,8.815119047619048,90.43253968253968,9.467853107344633,7.197361111111111,102.10338983050848,62.111111111111114,4.115,12.595166666666668,NA,NA,5.076666666666667,0.61,NA,0,0.11107344632768362,-0.05406779661016949,NA,-0.48677517802644965,60.02361111111111,61.78333333333333,37.89866535714286,-90.62951694444445,263.40198412698413,8.907333333333334,23.965866666666667,8.36278132853989
018,2021-06-28,2021-06-28T16:55:19Z,0.13966666666666666,14.480666666666666,84,5.530833333333334,5.091654566165553,8.785615590892437,26.769756756756756,10.502185185185185,26.678268292682926,13.3524496124031,3.0754997012322747,0.690771130052791,0.3384388118925432,0.03685427999019207,5.091654566165553,84,5.63,11.333333333333334,47.9,122.1,9.048859126984127,99.50744047619048,8.563355855855855,8.700987654320988,107.10337837837838,78.73703703703704,6.296,10.9245,NA,NA,5.461666666666667,7.253333333333333,NA,-0.08556149732620322,0.41894144144144146,-0.1381081081081081,NA,-0.32965969571528414,101.5111111111111,108.36666666666667,37.898829404761905,-90.62992900793651,271.7032738095238,8.495208333333334,27.16616666666667,8.36
018,2021-07-20,2021-07-20T15:50:57Z,0.09,13.970333333333333,79,5.590333333333334,4.241277874130001,9.884871033460955,28.34634782608696,9.946971014492753,28.171411111111112,14.344591836734693,3.567462277346408,0.5952474036019672,0.36376829276694367,0.01867626584964979,4.241277874130001,79,4.11,12.166666666666666,35.36666666666667,133.83333333333334,8.705400843881856,96.53164556962025,8.533913043478261,6.280579710144927,109.77246376811594,55.917391304347824,7.004666666666667,9.004666666666667,NA,NA,5.165333333333333,13.970333333333333,NA,0.14942528735632185,0.6002898550724638,-0.13521739130434782,NA,-0.22525350072428776,72.59565217391304,74.62222222222222,37.89827282700422,-90.62954270042194,266.76962025316453,8.51,28.448,8.12
018,2021-08-09,2021-08-09T16:25:50Z,0.056,14.373,139,6.665,6.118567275576352,10.37405873223203,27.943290322580644,9.88325,27.855514705882353,13.531267605633802,3.457969225983902,0.743337304158056,0.3712559585439134,0.05281283306838544,6.118567275576352,139,4,10.63,34.4,107.7,7.909352517985612,88.91151079136691,7.86758064516129,6.2972222222222225,100.50967741935484,56.03888888888889,8.276,10.3385,NA,NA,6.977,8.364,NA,0.20754716981132074,0.1870967741935484,-0.1638709677419355,NA,-0.8758620689655172,88.79444444444445,92.225,37.89826762589928,-90.62958784172662,267.394964028777,7.992857142857143,28.408571428571427,8.245742449135815
030,2021-06-08,2021-06-08T08:56:00Z,0.162,5.091,92,3.4610000000000003,3.427303077564601,3.768918370747396,24.007803278688524,21.46496,23.995370967741934,21.6292,0.5955740045217226,1.2515856594511452,0.21925867096427323,0.020354556652763065,3.427303077564601,92,2.69,8.36,30.4,99.8,6.6418478260869565,78.33043478260869,8.01016393442623,3.5188,95.25245901639344,39.864,0.162,2.6485,NA,NA,2.428,0.512,NA,0.1459227467811159,2.0814754098360657,0.2577049180327869,NA,0.12380877372607701,211.428,211.22222222222223,36.93031086956522,-90.28468108695652,111.3445652173913,8.35,24.2508,6.629423937125458
030,2021-06-29,2021-06-29T08:46:41Z,0.004,5.8,101,4.2565,5.5091780885749335,5.8,28.115322916666667,26.233,28.45825974025974,26.643666666666668,0.5205441026073458,0.17076111826399795,0.1709273757063616,0.007339182904366103,5.5091780885749335,101,0.93,9.38,11.5,122.7,6.201881188118812,79.97920792079208,6.46875,0.93,83.45,11.5,0.752,0.0145,4.915,5.768,3.509,1.194,NA,0.15116279069767444,2.719375,0.3776041666666667,NA,0.1388569677468781,211.7,211.15714285714284,36.93154316831683,-90.28374396039604,112.62178217821783,9.118181818181817,29.416090909090908,7.043582415919826
030,2021-07-21,2021-07-21T08:27:12Z,0.008,3.054,58,NA,NA,NA,NA,NA,NA,NA,NA,NA,NA,9.10742078603436e-4,3.054,58,6.42,8.05,81,101.8,7.345172413793104,92.78965517241379,NA,NA,NA,NA,0.008,0.5695,NA,NA,3.054,0.483,NA,1.115523465703971,NA,NA,NA,NA,NA,193.76363636363635,36.932141551724136,-90.28194189655173,112.78103448275861,7.952,27.41,7.175442413236966
030,2021-08-10,2021-08-10T08:10:41Z,0.007,2.369,51,1.3929999999999998,NA,NA,NA,NA,28.637,28.393434782608697,NA,NA,NA,0.006235638581746968,2.369,51,6.13,7.22,78.8,93.3,6.867254901960784,88.59411764705882,NA,NA,NA,NA,0.007,2.1525,NA,NA,1.026,0.287,NA,1.0094637223974765,NA,NA,NA,NA,NA,206.14545454545456,36.931874313725494,-90.28295294117648,109.71764705882353,7.168,28.6459,7.889372202529295
032,2021-06-08,2021-06-08T12:42:01Z,0.052,5.599,104,1.6785,4.918454710926027,5.265256926618454,20.42339772727273,11.3288,25.205142857142857,16.83753947368421,1.4543273979204514,0.5984572209237119,0.48919467724039845,0.027898216567558573,4.918454710926027,104,0.92,9.38,8.4,107.6,6.532980769230769,73.76153846153846,7.419204545454545,1.383,84.375,12.65,1.857,5.598000000000001,5.203,5.597,4.72,5.597,NA,0.8556390977443609,1.3638636363636363,0.2765909090909091,NA,0.2027995334110982,15.61,28.166666666666664,36.65863355769231,-90.95471990384615,199.56442307692308,8.735555555555555,25.51077777777778,8.345946333908545
032,2021-06-29,2021-06-29T12:27:11Z,0.058,4.024,78,2.025,1.9567339188892676,3.955901873361105,30.270307692307693,16.544,30.207756097560974,22.35735135135135,3.2857139727123013,1.4973944342613772,1.0910251872597567,0.052850579820489046,1.9567339188892676,78,4.82,8.21,49.3,109.1,7.647692307692307,96.01410256410256,8.093076923076923,4.925000000000001,107.6128205128205,50.349999999999994,1.194,3.345,NA,NA,3.537,3.936,NA,0.08558558558558559,0.40512820512820513,-0.08666666666666667,NA,-0.2139240506329114,102.2,99.5,36.65891333333333,-90.95451512820513,200.26153846153846,8.076363636363636,30.83418181818182,8.09366306042447
032,2021-07-21,2021-07-21T11:50:17Z,0.024,6.088,115,3.4665,4.817386386813395,5.395361662567241,25.94740909090909,12.45364705882353,28.217323076923076,16.17334,2.6450380653349157,0.8809316357444102,0.7935937221236669,0.09709775653826859,4.817386386813395,115,0.53,8.38,4.9,108.6,5.0484347826086955,63.44,6.316590909090909,0.7247058823529412,80.1875,6.811764705882353,0.918,3.138,4.01,5.404,4.343,4.343,NA,0.9426800929512006,1.949659090909091,1.004659090909091,NA,0.5152998776009792,-81.12941176470588,-85.9,36.65832243478261,-90.95495156521739,200.20434782608694,8.285555555555556,29.263555555555556,7.941507007904677
032,2021-08-10,2021-08-10T11:49:21Z,0.067,5.593,62,4.082,4.7565730674205176,5.593,28.024490566037734,14.987,29.1885,18.0151875,2.873255816993037,0.561105584406381,0.8937828665362213,0.07025915251476306,4.7565730674205176,62,2.04,8.08,20.3,107.2,6.361935483870968,81.43870967741935,7.008679245283019,2.04,90.83396226415094,20.3,1.357,3.362,NA,NA,4.503,4.503,NA,0.6373429084380611,2.5805660377358492,0.7290566037735849,NA,0.2825180960737004,-52.9,-25.083333333333336,36.65850467741935,-90.95478725806451,203.00645161290322,7.974285714285714,30.459857142857143,8.302080034921389
033,2021-06-08,2021-06-08T11:24:22Z,0.026,4.526,90,4.0525,4.207871394309531,4.526,20.376559523809522,15.767,20.50759259259259,16.41922222222222,0.8543529473764693,0.5854087903791448,0.3527375166600029,0.015667584364904806,4.207871394309531,90,3.34,8.26,33.7,97.5,6.504888888888889,72.44444444444444,6.703333333333333,3.34,74.90119047619048,33.7,0.026,1.3820000000000001,NA,NA,4.492,4.526,NA,0.044534412955465584,0.2036904761904762,-0.06369047619047619,NA,-0.31268264172998245,140.9,139.93,36.636184,-91.052588,174.49777777777777,8.255555555555555,23.601,7.922318560174546
033,2021-06-29,2021-06-29T11:07:16Z,0.147,4.786,103,3.4530000000000003,4.660811260526572,4.786,25.859525252525252,18.308,27.78223611111111,20.44306451612903,1.7160819935772906,0.9422474865746041,0.6988458740281633,0.041014812586329996,4.660811260526572,103,3.64,8.31,38.8,108.4,6.92126213592233,85.8388349514563,7.048383838383838,3.64,87.67676767676768,38.8,0.782,3.981,NA,NA,4.603,0.169,NA,0.011538461538461537,0.8525252525252526,-0.06383838383838383,NA,-0.07488151658767772,86.3,83.67857142857143,36.637194466019416,-91.05407514563106,175.8378640776699,8.098571428571429,29.57485714285714,8.040098675367586
033,2021-07-21,2021-07-21T10:43:11Z,0.034,5.061,85,3.8680000000000003,3.3137903549518075,5.061,28.196925925925925,19.937,27.99075,22.684,2.03851521745014,1.113768595965626,0.5988403188884793,0.03698948115398849,3.3137903549518075,85,1.47,7.71,16.2,99.4,6.1,77.48117647058824,7.603703703703704,1.47,97.57777777777778,16.2,0.034,3.532,4.581,NA,4.49,4.937,NA,-0.03508771929824562,0.1812962962962963,-0.15851851851851853,NA,-0.8743615934627171,93.1,92.65555555555555,36.636053411764706,-91.05169011764706,177.8364705882353,7.66,28.412285714285716,7.8314427463397465
033,2021-08-10,2021-08-10T10:32:40Z,0.023,4.698,80,4.6795,4.297211212318425,4.698,29.07413888888889,25.642,28.868341772151897,25.642,0.9547060480563232,1.119121063364665,0.37448346570575597,0.024718420240903753,4.297211212318425,80,1.74,8.52,21.4,112,6.761375,88.20375,7.265,1.74,94.90833333333333,21.4,0.639,3.3840000000000003,4.603,NA,4.698,4.698,NA,0.1721311475409836,0.17430555555555555,-0.19041666666666668,NA,-1.0924302788844622,67.7,94.74,36.636149625,-91.05144775000001,174.94125,8.453333333333333,29.73211111111111,8.15
036,2021-06-08,2021-06-08T14:57:22Z,0,7.092,129,2.9845,6.944989518124007,7.092,22.26784,19.248,23.97833962264151,20.92061842105263,0.6465799241650529,0.26546957226806495,0.17863765380195762,0.011912508676150126,6.944989518124007,129,9.18,11.86,99.6,133.6,10.47829457364341,120.15736434108527,10.51328,9.18,120.7392,99.6,4.823,6.6615,NA,NA,4.254,4.254,NA,0.11214953271028037,3.58032,0.27432,NA,0.07661884971175761,99.7,98.25,37.13891015503876,-90.77607976744186,151.87054263565892,9.52909090909091,24.883363636363637,8.175886496168468
036,2021-06-29,2021-06-29T14:35:22Z,0.01,6.083,104,4.7235,5.721293075484269,6.083,28.041377551020407,25.595,28.41183950617284,26.136,0.6684994232090276,0.23194580427848935,0.20745688858745426,0.012817381847722036,5.721293075484269,104,4.92,8.88,60.2,113.9,8.143461538461539,104.21442307692308,8.32622448979592,4.92,106.71632653061225,60.2,1.008,4.7235,NA,NA,4.734,0.211,NA,0.052631578947368425,0.5766326530612245,-0.0413265306122449,NA,-0.07166873119801806,74.1,73.4125,37.13958317307692,-90.77651326923078,148.24807692307692,8.627272727272727,29.337818181818182,8.31457401828976
036,2021-07-21,2021-07-21T14:10:14Z,0.102,7.543,164,4.656499999999999,7.143492665637901,7.349453153492286,27.74325806451613,25.7362,28.505232323232324,26.311676923076924,0.5470275239586044,0.188850687416798,0.14118733082095536,0.013431263129269571,7.143492665637901,164,2.79,9.44,34.2,121.5,7.43359756097561,95.0109756097561,7.6891612903225806,2.902,98.36387096774193,35.64,2.41,4.534,NA,NA,4.229,4.472,NA,0.1590909090909091,0.8276774193548387,0.02632258064516129,NA,0.03180294644945046,54.92,54.9,37.13897,-90.7759894512195,151.72378048780487,9.0225,29.378625,8.56
036,2021-08-10,2021-08-10T14:04:33Z,0.083,6.683,91,6.5995,6.276874323825961,6.683,28.24697619047619,26.99,28.191539325842697,27.003,0.3527120405110509,0.2623093504759531,0.0995079101775517,0.008672522704469459,6.276874323825961,91,4.22,7.61,52.9,99.5,6.5612087912087915,84.2989010989011,6.7351190476190474,4.22,86.62380952380953,52.9,0.296,3.9705,NA,NA,3.776,3.948,NA,0.02666666666666667,0.35023809523809524,-0.10726190476190477,NA,-0.30625424881033314,63.4,61.9875,37.138810659340656,-90.77637,153.25604395604395,7.5128571428571425,29.619714285714284,8.194506370513983
039,2021-06-09,2021-06-09T11:30:27Z,0.2653333333333333,15.753666666666666,143,2.352666666666667,10.76512347453272,11.118581557755872,17.712134020618556,6.860837209302326,24.65091111111111,13.044005208333333,1.2583768176949661,0.17490038653559714,0.15625095567768219,0.010007658154164718,10.76512347453272,143,5.156666666666667,9.933333333333334,42.5,105.8,7.267226107226107,73.18041958041958,8.105223367697594,5.518837209302325,86.39725085910653,45.32635658914729,4.081666666666667,5.9173333333333336,NA,NA,7.19,13.961,NA,0.08030592734225622,0.7456357388316152,-0.00979381443298969,NA,-0.013134851138353764,111.1829457364341,111.20666666666666,37.72875533799534,-90.91424461538462,330.5275058275058,8.451666666666666,24.970333333333336,8.12
039,2021-06-30,2021-06-30T08:56:56Z,0.01266666666666666,14.991333333333332,124,8.719166666666666,9.004436156397352,10.407923999964177,21.821736625514404,7.883628571428571,22.195589743589743,8.631442028985507,2.042850368642007,0.16756102395110717,0.24920678872915378,0.01730321668876735,9.004436156397352,124,3.1333333333333333,10.063333333333333,25.7,108.66666666666666,6.370887096774194,69.70994623655913,7.855061728395062,3.4441904761904762,90.47325102880659,29.052380952380954,5.7316666666666665,6.345333333333333,NA,NA,8.288,1.709666666666667,NA,-0.16129032258064518,0.3263374485596708,-0.14925925925925926,NA,-0.45737704918032784,253.90761904761905,255.83333333333331,37.72814822580645,-90.91629094086022,333.052688172043,8.076,28.1536,6.767521573544687
039,2021-07-22,2021-07-22T08:50:42Z,0.333,16.093,75,5.430666666666667,8.411613928769103,10.35736729733764,24.32975968992248,7.538875,26.948411111111113,11.375362962962964,2.6580890576082083,0.24415417394382785,0.29470873106339723,0.01012103669653697,8.411613928769103,75,2.013333333333333,8.823333333333332,16.733333333333334,105.4,5.822177777777778,66.20311111111111,8.19031007751938,2.265138888888889,98.39302325581396,18.956944444444446,4.329666666666666,7.131,NA,NA,5.551666666666667,5.309666666666667,NA,0.047073791348600506,0.8143410852713179,-0.07186046511627907,NA,-0.08824369347929556,196.41944444444445,194.35833333333335,37.728096444444446,-90.9157779111111,331.3502222222222,8.26,27.655333333333335,6.39
039,2021-08-11,2021-08-11T09:12:02Z,0.02899999999999999,17.070333333333334,113,5.988166666666666,5.915997941426683,10.312303551113777,27.742837037037038,7.516706349206349,27.61713768115942,10.28518407960199,3.5670610991235208,0.44331780979324276,0.3323353142139934,0.013631389049135514,5.915997941426683,113,0.71,7.95,5.833333333333333,101.8,4.444926253687315,52.769911504424776,7.888814814814815,1.0321428571428573,100.40518518518519,8.662698412698413,1.1936666666666669,6.538,9.304333333333334,13.463666666666668,8.346666666666666,9.704666666666666,NA,0.17500000000000002,0.2604444444444444,-0.13148148148148148,NA,-0.504835039817975,241.965873015873,243.6,37.728382713864306,-90.91518185840708,333.08672566371683,7.919333333333333,28.1224,7.402491639062447
043,2021-06-04,2021-06-04T09:58:17Z,0.23066666666666663,5.768,64,3.7510000000000003,5.3407947955101385,5.6843811491004015,19.930311111111113,14.866,21.548811965811964,16.641626666666667,0.9006414619582301,0.40124087294657296,0.2947324671045994,0.012996738066770114,5.3407947955101385,64,0.24666666666666667,9.87,2.433333333333333,114.66666666666669,5.690625,64.5734375,6.052277777777777,0.24666666666666667,68.70055555555555,2.433333333333333,0.2843333333333333,3.1061666666666667,3.8943333333333334,4.082333333333334,3.704,3.8943333333333334,NA,0.41296928327645044,1.1735555555555555,0.2137777777777778,NA,0.18216246922931265,-0.4,6.325,39.15564453125,-92.71059958333333,210.30625,9.766666666666666,23.32411111111111,7.920306957104252
043,2021-07-15,2021-07-15T09:41:35Z,0.079,6.9,94,4.374,6.4564551315052094,6.828685142159777,22.748670588235296,14.4695,25.26517543859649,16.92654054054054,1.579155080523151,0.24900413035340876,0.43429734158835065,0.01992146828362246,6.4564551315052094,94,0.39,9.24,3.8,115.7,4.264893617021277,52.3095744680851,4.6727058823529415,0.395,57.41647058823529,3.8499999999999996,0.835,2.154,3.786,4.406,0.113,0.113,NA,0.8115183246073299,1.2665882352941176,0.6332941176470588,NA,0.5,306.6,306.6,39.15533329787234,-92.70942765957446,210.22978723404256,9.002727272727272,26.813363636363636,NA
043,2021-08-06,2021-08-06T09:24:25Z,0.107,4.982,108,3.643,4.185158084622548,4.796699747545243,26.16341111111111,18.7952,26.592116883116883,21.44674193548387,1.7039057862339178,1.0383519196585769,0.6092404022047118,0.056894780668580336,4.185158084622548,108,0.81,7.21,8.7,90,5.442222222222222,67.33796296296296,6.285666666666667,0.898,78.09666666666666,9.66,0.132,3.4915000000000003,4.177,4.82,1.427,3.581,NA,1.3121387283236994,1.5876666666666668,1.3038888888888889,NA,0.8212611099447127,-23.82,-9.533333333333333,39.155931018518515,-92.70975018518519,208.40833333333333,7.202727272727273,26.66581818181818,7.77
044,2021-06-04,2021-06-04T11:34:40Z,0.243,3.297,78,0.745,3.168291684338605,3.297,20.513486486486485,17.386,23.798214285714288,19.611625,0.6098839565436265,0.6745293052097567,0.35606298046766266,0.04296204316113258,3.168291684338605,78,1.16,9.52,12.1,114.8,5.631153846153846,63.59487179487179,5.869189189189189,1.16,66.33648648648649,12.1,0.243,1.3315000000000001,2.874,NA,0.842,0.813,NA,0.17427385892116182,1.2905405405405406,0.16202702702702704,NA,0.1255497382198953,87.9,87.4,39.165633846153845,-92.7306823076923,217.04615384615386,9.491666666666667,24.616833333333332,8.195028781677847
044,2021-07-15,2021-07-15T10:43:30Z,0.057,5.038,91,2.1715,4.844180625512056,4.934305011666527,22.919918604651162,16.487,25.883756097560976,19.8523,1.3043264057238275,0.2888839262341581,0.5086953074872385,0.018028732522097204,4.844180625512056,91,0.4,9.83,4.1,123.2,4.171208791208791,50.87362637362637,4.388837209302325,0.41000000000000003,53.57674418604651,4.199999999999999,0.119,1.4085,2.539,3.196,1.036,0.935,NA,0.4679487179487179,1.7597674418604652,0.5619767441860465,NA,0.31934716532311347,306.75,306.7,39.165496263736266,-92.7305478021978,220.33296703296705,9.65375,26.852625,NA
044,2021-08-06,2021-08-06T10:26:40Z,0.028,4.877,73,2.8135000000000003,3.312870937287264,4.877,25.3796875,16.46,26.12246153846154,19.016235294117646,1.9190846242257749,0.4703233701525516,0.5958845430796371,0.04131976086950821,3.312870937287264,73,0.47,7.06,4.9,87.9,3.649178082191781,44.657534246575345,5.211041666666667,0.47,64.3125,4.9,0.028,2.4515000000000002,2.861,3.341,0.62,1.007,NA,0.7815533980582524,1.6904166666666667,1.0866666666666667,NA,0.6428395366034015,-93.4,-84.75,39.1654497260274,-92.73102315068493,219.17397260273972,7.02375,26.533250000000002,7.837521503776608
045,2021-07-01,2021-07-01T13:20:51Z,0.092,13.259333333333334,58,6.095166666666667,5.243093050247051,10.666058904876227,26.820628205128205,11.009296296296297,26.329896551724136,13.998229885057471,3.039761915749523,0.3970050311431229,0.32541625473037283,0.01133805936900956,5.243093050247051,58,1.9333333333333331,8.63,17.366666666666667,109.53333333333332,6.056494252873563,70.43448275862069,8.410512820512821,2.295185185185185,105.4,20.862962962962964,1.143333333333333,4.579833333333333,13.259333333333334,NA,3.746,4.71,NA,0.09623430962343096,0.4685897435897436,-0.08948717948717949,NA,-0.19097127222982216,282.8666666666667,283.53333333333336,39.59151212643678,-92.89070425287356,222.0028735632184,8.607999999999999,27.7136,NA
045,2021-07-23,2021-07-23T11:32:46Z,0.07066666666666667,13.596333333333334,65,5.8555,2.519527998863226,10.137616129125448,29.009604166666666,11.135424242424243,27.505333333333333,14.587980952380953,3.6469583147395497,0.4377150268723069,0.3438187858196195,0.01562680209261593,2.519527998863226,65,0.23,8.17,2.033333333333333,106,3.878820512820513,48.31384615384616,8.125,0.29454545454545455,105.71041666666667,2.690909090909091,1.4323333333333332,4.434166666666666,6.6866666666666665,7.084666666666666,5.958666666666667,5.958666666666667,NA,3.0916030534351147,0.291875,-0.16958333333333334,NA,-0.5810135617416131,96.78484848484848,97.36666666666666,39.590533743589745,-92.89026497435897,223.57282051282053,8.105555555555554,29.24538888888889,8.001246810867286
046,2021-07-23,2021-07-23T09:57:38Z,0.044,5.973,74,5.2965,5.483611184216916,5.973,28.49623076923077,26.535,28.592803278688525,26.817615384615383,0.548466529668417,0.22327492570026186,0.16974111131440991,0.010930063015030635,5.483611184216916,74,3.24,8.7,40.4,114.4,6.713918918918919,86.66486486486487,7.126615384615384,3.24,92.20461538461538,40.4,0.525,3.5115,NA,NA,0.376,0.704,NA,0.2763157894736842,1.087076923076923,0.08630769230769231,NA,0.0793942824794792,194,194.77777777777777,39.574979729729726,-92.64849121621621,214.82162162162163,8.67,29.610666666666667,6.653214924346779
046,2021-09-30,2021-09-30T13:46:00Z,0.002,6.298,140,3.689,3.7657606832085557,3.92341421936012,25.513186046511628,23.54424,25.567831325301206,23.589666666666666,0.4956893607653683,0.22456281211868293,0.1535675227889834,0.024694031611374394,3.7657606832085557,140,5.79,9.35,68.3,114.6,7.937785714285714,96.04714285714286,9.155813953488373,5.9472,111.94767441860465,70.092,0.84,3.689,NA,NA,0.002,0.045,NA,0.6619718309859155,1.1319767441860464,0.6648837209302325,NA,0.5873651771956857,109.762,109.88,39.57407,-92.64863507142857,216.90785714285715,9.31,25.694076923076924,11.08636501515355
048,2021-05-21,2021-05-21T12:17:36Z,0.08066666666666666,7.194333333333334,71,5.568,6.242591294758184,6.389503256300979,17.489655555555554,16.293814814814816,17.595019230769232,16.5340350877193,0.20618713057319837,0.13719136575380864,0.056172249336800685,0.008398101017283742,6.242591294758184,71,5.326666666666666,7.89,54.233333333333334,83.1,7.292347417840376,76.06478873239436,7.578722222222222,5.647407407407408,79.28611111111111,57.6,0.08066666666666666,5.568,NA,NA,2.4953333333333334,0.9536666666666668,NA,0.05957446808510638,0.6721666666666667,-4.444444444444442e-4,NA,-6.61211670385982e-4,151.6888888888889,152.07222222222222,39.761275774647885,-92.51565103286384,238.38215962441313,7.884166666666666,17.812916666666666,7.708593125147608
048,2021-06-21,2021-06-21T09:06:27Z,0.018,7.693,128,5.0235,4.944464459027856,6.217014566014259,24.71244578313253,18.08184,24.70522619047619,19.05740909090909,1.4612676355055783,1.003378132133443,0.3259738929721414,0.05139331208355996,4.944464459027856,128,1.35,7.5,14.2,90.2,5.6503125,66.92578125,7.033012048192771,1.8916,84.69036144578313,20.06,0.018,0.019,6.842,NA,4.665,0.018,NA,0.05833333333333334,0.8890361445783133,0.00819277108433735,NA,0.009215340832091069,245.644,245.85000000000002,39.760961796874994,-92.515711484375,239.0421875,7.196153846153846,24.71423076923077,6.552429274325789
048,2021-07-12,2021-07-12T09:42:43Z,0.04966666666666666,11.857,72,10.1675,10.720596718016198,11.857,23.831151515151515,16.830333333333332,24.1834623655914,17.7222,1.4652517683571205,0.17929341673483212,0.22553779584272388,0.010325673474917587,10.720596718016198,72,0.17666666666666667,6.506666666666667,1.8,79.03333333333333,4.046574074074074,48.9587962962963,4.3966666666666665,0.17666666666666667,53.224242424242426,1.8,0.04966666666666666,6.796333333333333,7.369666666666666,7.871,4.851333333333333,0.04966666666666666,NA,0.33024691358024694,1.4624747474747475,0.37126262626262624,NA,0.253859170494181,177.53333333333333,177.4777777777778,39.75877199074074,-92.51622449074074,242.44953703703703,6.488333333333333,25.169083333333333,7.373518799875058
048,2021-07-30,2021-07-30T10:20:14Z,0.04266666666666666,7.934,58,3.7015000000000002,5.028747102612383,5.097536331280098,27.520268518518517,21.246349206349205,29.360333333333333,21.97471717171717,1.5689919290002763,0.6448525058470507,0.3921112712502309,0.020825617826977325,5.028747102612383,58,0.26,8.12,2.8666666666666667,106.73333333333332,3.990373563218391,51.48275862068966,6.178333333333334,0.39436507936507936,80.10833333333333,4.455555555555556,0.04266666666666666,3.3963333333333336,4.605333333333333,5.004666666666667,3.462666666666667,0.15933333333333333,NA,0.8154897494305239,1.2526851851851852,0.7210185185185185,NA,0.5755783871683051,42.50079365079365,-22.166666666666664,39.75788522988506,-92.51716787356321,241.0501436781609,8.116666666666667,29.61175,9.051676285293135
057,2021-06-03,2021-06-03T12:30:03Z,0.03466666666666666,6.484333333333334,71,0.22933333333333333,6.327097901515321,6.375134111680747,15.91610447761194,11.537333333333335,24.493555555555556,15.28071568627451,0.591793787589836,0.24319289669789548,0.18118809220730928,0.014749681779809955,6.327097901515321,71,0.09,13.696666666666667,0.8333333333333334,161.36666666666667,3.901924882629108,43.12112676056338,4.1286069651741295,0.10333333333333333,45.63781094527363,0.9444444444444444,0.174,1.5190000000000001,2.8353333333333333,3.5293333333333337,1.185,0.588,NA,1.8014440433212995,0.565771144278607,0.5555223880597014,NA,0.9818853323953569,-122.5111111111111,-117.34444444444443,40.18067333333333,-91.8281503286385,197.81079812206573,13.432,23.974866666666667,9.226264506999536
057,2021-06-23,2021-06-23T10:44:08Z,0.062,6.599666666666667,72,3.1871666666666667,2.333765103084419,3.425191854411812,24.44375,12.78813725490196,22.793161904761906,12.98326126126126,2.216172042546532,1.688579857318238,0.5762957026010326,0.1089205344623504,2.333765103084419,72,0.12,8.43,1.1,101.26666666666668,3.5428703703703706,41.52546296296296,8.310138888888888,0.3085294117647059,99.56944444444444,2.9450980392156865,0.2633333333333333,2.5665,2.9886666666666666,3.1953333333333336,2.595666666666667,2.595666666666667,NA,3.6570302233902767,1.4129166666666666,0.5216666666666667,NA,0.36921262164553237,-90.96862745098039,-112.89999999999999,40.18046990740741,-91.82825953703704,199.2078703703704,8.426666666666666,24.5688,7.878064597778591
057,2021-07-14,2021-07-14T10:31:49Z,0.013,7.683,180,3.3645,5.073072179521692,5.184064199775654,20.945777777777778,12.032033898305086,23.84081012658228,13.165633663366336,1.4885669553171965,0.4651468601623251,0.3819780547500978,0.05483335298153481,5.073072179521692,180,0.18,9.51,1.7,115.9,3.256666666666667,38.626111111111115,4.864017094017094,0.2640677966101695,58.05897435897436,2.4593220338983053,0.399,2.1879999999999997,2.958,3.544,2.941,2.806,NA,4.861940298507462,1.281965811965812,1.9749572649572649,NA,1.5405693712914195,-85.95593220338984,-97.88181818181819,40.180378222222224,-91.828068,197.275,9.48076923076923,25.37423076923077,7.9157101460355594
057,2021-08-01,2021-08-01T10:40:45Z,0.049,5.953,112,3.377,4.644988750876398,4.829599384402151,22.812932584269664,13.1318,25.22725,15.025104166666667,1.7765229176036428,0.6669922349143647,0.5788972366215804,0.03646446176676097,4.644988750876398,112,0.41,8.77,3.9,109.5,3.8616964285714284,47.01428571428571,4.734719101123596,0.471,57.9685393258427,4.49,0.189,1.941,2.954,3.61,2.581,2.581,NA,4.251366120218579,1.312808988764045,2.5675280898876403,NA,1.9557514549811705,-150.345,-153.78,40.18035428571429,-91.82792660714286,196.00535714285715,8.754999999999999,26.6994,9.02876874805234
070,2021-05-25,2021-05-25T11:10:14Z,0.05233333333333333,2.799,33,1.92,2.3028913815580965,2.799,20.882690476190476,17.654,21.27082608695652,18.586199999999998,0.6406384962907623,0.31549176906293397,0.3888421114285993,0.012852408621018092,2.3028913815580965,33,0.9733333333333334,7.783333333333333,10.266666666666667,89.4,4.471616161616161,50.326262626262626,5.031428571428571,0.9733333333333334,56.780952380952385,10.266666666666667,0.05233333333333333,2.065,2.2773333333333334,2.799,0.05233333333333333,0.05233333333333333,NA,0.1824051654560129,2.2316666666666665,0.18297619047619046,NA,0.08199082470927131,182.76666666666668,182.56,38.687264545454546,-94.35837090909091,280.37676767676766,7.705,22.139666666666663,7.221142129481476
070,2021-06-15,2021-06-15T09:36:06Z,0.004,3.731,78,2.694,3.010290770581761,3.285542128751918,26.5434126984127,17.81288888888889,27.238910714285716,19.125681818181818,1.990895289938976,1.0060504057535093,0.9938943475819806,0.0753293882152118,3.010290770581761,78,0.75,11.48,7.8,148.4,6.207820512820513,78.42051282051283,7.445079365079365,0.85,94.52380952380952,8.944444444444445,0.462,1.167,2.822,3.401,3.048,0.399,NA,0.403470715835141,3.426984126984127,0.660952380952381,NA,0.19286706808707738,-4.8,1.918181818181818,38.68706884615384,-94.35824282051281,281.5692307692308,11.163636363636364,28.87381818181818,8.700639574609326
070,2021-07-07,2021-07-07T09:45:09Z,0.014,3.602,65,1.5,2.926937058998531,3.602,26.050444444444445,19.932,28.07251724137931,22.878555555555554,1.4469546062894096,0.6533912012604756,0.6766113224186535,0.031069037337891268,2.926937058998531,65,0.79,12.34,8.6,159.2,6.123076923076923,77.35692307692308,7.182222222222222,0.79,91,8.6,0.394,1.2475,2.477,3.108,1.511,1.511,NA,0.18249380677126342,6.84,0.9824074074074074,NA,0.14362681394845137,-10.3,31.3375,38.686869076923074,-94.35841123076924,278.9907692307692,12.167,28.7518,8.871532865861859
070,2021-08-04,2021-08-04T09:23:15Z,0.025,4.965,78,3.2055,3.8946532628720667,4.932083629019183,26.600950819672132,18.6445,27.46246,20.88057142857143,1.8507516334287857,0.5633302247420414,0.6166674232046977,0.03699314777323567,3.8946532628720667,78,1.07,7.81,11.5,99.4,5.284487179487179,65.91153846153846,6.319180327868852,1.0950000000000002,79.45737704918032,11.75,0.186,3.0295,4.143,NA,4.965,4.965,NA,0.8764880952380952,3.8937704918032785,3.7129508196721313,NA,0.9535618053216572,-121.25,-118.3375,38.68683294871795,-94.3585608974359,279.9871794871795,7.785555555555556,27.79877777777778,8.825440302549044
072,2021-06-11,2021-06-11T12:27:12Z,0.088,8.831666666666667,83,1.9721666666666666,3.9535571953476607,6.044602557570413,26.79325925925926,18.64179365079365,28.415430555555556,21.486502824858757,1.9036145039646044,0.2716645774015629,0.34856077848244005,0.023951967619112242,3.9535571953476607,83,0.62,16.273333333333333,6.533333333333333,196.76666666666668,9.62437751004016,117.28232931726907,13.780074074074074,1.826984126984127,172.15259259259258,19.676190476190474,2.763333333333333,3.5473333333333334,7.442666666666667,8.179666666666666,3.1083333333333334,3.2023333333333333,NA,0.2159264931087289,0.9525925925925925,0.13748148148148148,NA,0.1443234836702955,96.55238095238096,96.94,39.40445381526104,-94.54631722891565,259.86907630522086,12.755833333333333,28.542916666666667,8.576679458680477
072,2021-07-09,2021-07-09T12:05:51Z,0.07133333333333333,11.155,87,4.853666666666667,9.822601621645003,10.737908564197093,25.618691983122364,20.63088888888889,26.995615942028987,23.184634146341462,1.1866712262936971,0.3487476438403246,0.19662652026026983,0.008611851500664576,9.822601621645003,87,0.21666666666666667,8.53,2.4,107.2,4.97919540229885,62.24636015325671,5.459282700421941,0.22111111111111112,68.27805907172996,2.466666666666667,0.38066666666666665,4.7065,6.4510000000000005,6.829666666666667,3.993333333333333,0.5559999999999999,NA,0.18120237087214228,2.460168776371308,0.33869198312236287,NA,0.13767022261859843,82.38888888888889,82.38888888888889,39.40403804597701,-94.54635689655173,258.9505747126437,8.523333333333333,27.067266666666665,8.41414025722401
072,2021-07-29,2021-07-29T12:19:54Z,0.09,11.892,103,1.6546666666666665,11.584805817922627,11.82937110378482,25.607811447811446,20.298000000000002,29.22751851851852,24.60049411764706,1.2541068692779618,0.4259175328787922,0.2066658629915439,0.00889476951329118,11.584805817922627,103,0.12666666666666668,6.92,1.4,90.8,1.8904854368932038,24.367637540453075,1.9616498316498316,0.12833333333333335,25.294276094276093,1.4,0.09,1.8105,2.803,3.258,2.397333333333333,1.4386666666666663,NA,0.6807980049875312,1.1292929292929292,0.565016835016835,NA,0.5003279666070364,-105.03333333333333,-99.60000000000001,39.40254763754045,-94.54768990291262,256.5598705501618,6.901666666666666,29.468833333333333,9.105075226892593
074,2021-06-11,2021-06-11T10:39:30Z,0.001,8.701,138,5.8475,5.731626482439734,5.880243647272653,22.037279569892473,13.068666666666667,21.88435789473684,13.10439534883721,1.6052868843054284,0.3297846716361092,0.36279239076795383,0.1467738594120871,5.731626482439734,138,0.19,10.1,1.7,125.3,4.127971014492753,49.63913043478261,5.97236559139785,0.2995238095238095,72.18602150537635,2.8714285714285714,1.415,2.1565,4.36,5.128,2.15,4.407,NA,0.141280353200883,1.5944086021505377,0.1682795698924731,NA,0.1055435662260588,-123.85,-134.45,39.39398391304348,-94.26220427536232,271.6572463768116,8.9575,29.65475,8.065200138990987
074,2021-07-09,2021-07-09T13:50:57Z,0.061,8.576,121,0.7858333333333334,5.198957455981512,5.8069448220702204,23.42643699186992,14.322505376344086,27.67659523809524,20.305763157894738,1.7613792997079827,0.7582529698642287,0.38357615913361637,0.062307722203692566,5.198957455981512,121,0.04,7.96,0.4,101.7,1.51,18.492011019283748,2.189552845528455,0.07096774193548387,26.898780487804878,0.6956989247311828,0.061,0.8298333333333333,1.743,2.856,1.2373333333333334,4.107,NA,0.24342663273960985,2.0621544715447153,0.2515650406504065,NA,0.12199136588539101,-43.031182795698925,-65.93333333333334,39.3942023415978,-94.26194286501378,271.8129476584022,7.955,27.94375,8.255028781677847
074,2021-07-29,2021-07-29T10:18:43Z,0.21233333333333335,5.949,64,3.5149999999999997,4.7073078766581276,5.949,26.71180864197531,16.39966666666667,28.177837398373985,20.363884057971013,2.2836916778560408,0.5072647986378276,0.6351799350282002,0.021088148868350788,4.7073078766581276,64,0.21,11.276666666666667,2.2,149.76666666666665,4.480052083333334,58.65208333333333,5.2636419753086425,0.21,69.02283950617284,2.2,1.294,2.3713333333333333,2.951,3.126,1.407333333333333,3.285,NA,1.4526717557251905,2.340925925925926,1.6264197530864197,NA,0.6947762571526513,-48,-36.725,39.393584583333336,-94.26130083333334,269.1265625,11.046666666666667,31.19383333333333,8.83
085,2021-06-02,2021-06-02T15:16:16Z,0.011,8.706666666666667,96,3.7051666666666665,6.148059217690902,6.824445237535401,18.17151690821256,11.09170588235294,20.514333333333333,13.954393442622951,1.0313011213147547,0.24304994083458253,0.2198220889875907,0.016688937347786526,6.148059217690902,96,0.08,9.34,0.7333333333333333,103.53333333333332,4.958472222222222,53.63368055555556,6.774927536231885,0.18294117647058825,73.4647342995169,1.6725490196078432,1.6156666666666666,4.588166666666666,5.584333333333333,6.078666666666667,4.104666666666667,5.669,NA,1.7724056603773584,1.4295652173913043,0.4296135265700483,NA,0.3005204109218708,-33.001960784313724,-90.09333333333333,40.488436666666665,-93.553195,289.75347222222223,8.914666666666667,22.302866666666667,8.415356853213938
085,2021-06-22,2021-06-22T14:40:24Z,0.258,9.745333333333331,89,4.376666666666667,5.6896253188972175,7.147867153973235,22.897298245614035,11.638491228070174,24.87552032520325,14.460208333333334,1.9737523895479399,0.24429959694457098,0.352343311823054,0.04555534774931492,5.6896253188972175,89,0.1,8.33,0.9,102.26666666666668,4.124681647940075,49.065168539325846,6.263684210526316,0.17771929824561405,74.902923976608193,1.643859649122807,0.258,3.6771666666666665,5.046333333333333,5.673,4.86,5.427333333333333,NA,1.6825396825396826,0.9862573099415205,0.21309941520467837,NA,0.21606878150014824,-53.642105263157895,-83.1,40.48746161048689,-93.55328913857677,290.05842696629213,8.328333333333333,25.762166666666666,8.148336531360336
085,2021-07-13,2021-07-13T14:10:07Z,0.139,10.821,189,4.984500000000001,7.088926486674919,7.284663064115184,23.18303875968992,11.71919642857143,25.24383157894737,13.85995744680851,2.0326884637016747,0.4953602321647317,0.369018256797417,0.046850786511716105,7.088926486674919,189,0.36,8.44,3.3,104.9,4.53,54.092063492063495,6.374496124031007,0.5405357142857143,76.80697674418604,5.0125,0.246,4.5385,5.943,7.015,4.348,5.37,NA,0.7471783295711062,1.273720930232558,0.799922480620155,NA,0.6280202057087213,-55.58571428571429,-99.2,40.48729904761905,-93.55308862433863,289.73227513227516,8.342857142857143,26.555714285714284,8.22288071567453
085,2021-07-31,2021-07-31T12:02:54Z,0.10933333333333334,9.167,74,3.7624999999999997,5.04946500194953,7.7389684987972815,28.472573643410854,11.873388888888888,29.592032258064517,17.9228992248062,3.4114462073896448,0.6577413379650648,0.5754556911819129,0.0234209538387683,5.04946500194953,74,0.56,9.563333333333333,5.166666666666667,111.9,6.3394594594594595,78.51171171171171,8.47984496124031,0.7925,109.31395348837209,7.366666666666667,0.7823333333333333,5.642666666666667,7.226666666666667,7.959,5.224,6.264,NA,1.3101014556682842,0.565813953488372,0.05302325581395349,NA,0.09371146732429102,-130.4361111111111,-145.67333333333335,40.48690617117117,-93.55331882882882,291.17657657657657,8.489166666666666,29.599416666666666,8.320063958561999
087,2021-05-21,2021-05-21T10:19:54Z,0.172,6.083333333333333,88,2.706,4.158437908055132,4.978968233413464,18.10681592039801,15.103388888888889,18.705401515151515,16.232280303030304,0.5078647230470779,0.19129507121087647,0.14712478349936653,0.018062433141936486,4.158437908055132,88,5.403333333333333,9.46,53.46666666666667,102.1,8.567689393939395,89.90719696969697,9.154378109452736,6.1241666666666665,97.04328358208954,60.90833333333333,1.06,2.8143333333333334,NA,NA,2.6919999999999997,3.161666666666666,NA,0.19374999999999998,0.8601492537313433,0.0991044776119403,NA,0.11521776852333854,194.5638888888889,194.11666666666667,39.79628518939394,-93.02807534090908,240.42310606060607,9.375833333333334,19.208416666666665,7.676814982802194
087,2021-06-21,2021-06-21T10:43:06Z,0.01266666666666666,8.436666666666667,73,3.2115,3.3356800505868898,6.1727787324585,26.342382352941176,14.540354166666667,26.380161616161615,16.94675833333333,2.47395978711279,0.6688604204150641,0.4388879332908159,0.029262496781916718,3.3356800505868898,73,0.25666666666666665,8.5,2.466666666666667,105.5,5.091735159817351,61.44885844748858,8.410686274509803,0.3883333333333333,104.37058823529412,3.8270833333333334,0.01266666666666666,3.7316666666666665,4.962666666666666,5.677666666666667,3.577,4.609,NA,1.6572580645161294,0.667156862745098,0.004705882352941177,NA,0.007053637031594417,11.047916666666666,-47.99166666666667,39.79583242009132,-93.02706141552511,241.57123287671232,8.47,26.370722222222224,8.227686725868825
087,2021-07-12,2021-07-12T11:16:53Z,0.091,9.405,169,5.066000000000001,8.072037681756731,8.355925160673808,21.713027027027028,13.9069375,24.496182795698925,16.17644736842105,1.4210809010672847,0.2444479383832982,0.29334243052353387,0.0254323057679056,8.072037681756731,169,0.24,7.27,2.3,87.7,3.9262721893491124,46.83254437869822,4.445540540540541,0.259375,53.11081081081081,2.50625,0.091,4.384499999999999,4.98,5.589,4.54,4.54,NA,3.6,0.7715540540540541,0.47243243243243244,NA,0.6123128119800333,-50.325,-57.5125,39.796120591715976,-93.02764668639053,242.3266272189349,7.2444444444444445,24.805333333333333,7.804626576936498
087,2021-07-30,2021-07-30T11:53:29Z,0.082,9.423,173,3.005,5.973014092070847,6.60800914987905,27.047684210526317,14.955551020408164,30.47225,19.151734513274338,2.6046136119991843,0.605679975814706,0.5179190478876157,0.07317159133906782,5.973014092070847,173,0.25,7.97,2.5,106.5,3.6790751445086705,47.832369942196536,5.398333333333333,0.32755102040816325,70.72543859649123,3.257142857142857,0.082,3.047,4.316,5.184,3.019,4.886,NA,4.098591549295775,0.7283333333333334,0.33070175438596494,NA,0.45405275201734313,-136.08367346938775,-152.86666666666667,39.79596578034682,-93.02759098265896,242.40404624277457,7.965714285714285,30.54942857142857,8.742946066855591
088,2021-08-23,2021-08-23T16:20:12Z,0.19,8.104666666666667,63,4.425,5.383380033785441,6.9545324770844035,25.87878260869565,15.293916666666666,27.16290990990991,17.89778205128205,2.2375263636322416,0.2796712197360842,0.46249859328761056,0.022276087890092167,5.383380033785441,63,0.2,7.01,2,90.4,2.5615343915343916,32.37566137566137,3.414855072463768,0.22083333333333333,43.381884057971014,2.216666666666667,0.19,1.8264999999999998,3.0123333333333333,3.4863333333333335,1.492,8.104666666666667,NA,0.5978898007033998,2.143768115942029,0.822608695652174,NA,0.38372093023255816,-94.5875,-96.04666666666667,39.66285275132275,-92.9958828042328,229.01111111111112,7.004444444444444,28.53488888888889,7.12
088,2021-11-04,2021-11-04T11:18:23Z,0.309,7.704,103,NA,NA,NA,NA,NA,NA,NA,NA,NA,NA,1.259287088048894e-4,7.704,103,7.64,8.15,70.3,75.3,7.810097087378641,71.99902912621359,NA,NA,NA,NA,0.364,0.40549999999999997,NA,NA,7.704,0.391,NA,0.8749999999999999,NA,NA,NA,NA,NA,173.24,39.663038349514565,-92.99593514563107,226.67281553398058,8.11,11.79325,6.822578899568072
089,2021-07-02,2021-07-02T13:18:44Z,0.07433333333333333,15.824333333333334,99,15.823666666666668,15.803094695102393,15.824333333333334,22.658851374570446,16.663666666666668,22.597934523809524,16.663666666666668,1.2131978295053614,3.230027403731484,0.1531276790364538,0.031722810790116344,15.803094695102393,99,0.12,12.123333333333331,1.2333333333333334,151.2,3.801851851851852,46.627020202020205,3.8775601374570448,0.14,47.56091065292096,1.4333333333333331,0.6296666666666666,1.6343333333333332,8.469666666666667,10.195666666666666,0.9013333333333332,1.3296666666666668,NA,0.14615907545887152,1.6444931271477663,0.027121993127147765,NA,0.0164926156755599,94.53333333333332,104.81666666666666,38.26833841750842,-93.40154612794613,210.6544612794613,11.092857142857143,27.518428571428572,8.68708850858494
089,2021-07-21,2021-07-21T12:02:44Z,0.19433333333333333,16.509666666666668,89,1.088166666666667,12.412751529837955,13.63441446048007,25.994671641791044,17.70702380952381,29.01170833333333,23.624765432098766,1.8629918641073573,0.383549000660766,0.2101356081486543,0.017937726764982207,12.412751529837955,89,0.18,11.81,1.8,154.4,3.4374531835205993,43.22659176029963,4.481194029850746,0.21404761904761904,56.51194029850746,2.25,0.294,1.088166666666667,8.685,10.840333333333334,0.9183333333333332,1.0633333333333337,NA,0.2137404580152672,1.030497512437811,0.01616915422885572,NA,0.015690629073528698,126.76190476190476,124.43333333333334,38.2680534082397,-93.40379277153558,214.17191011235954,11.725833333333334,29.464916666666667,8.595028781677847
089,2021-10-07,2021-10-07T14:40:24Z,0.26366666666666666,13.719666666666669,131,12.043833333333332,11.174092037067451,12.928731115536468,23.324569182389936,19.22042857142857,23.245727011494253,19.5896,0.9002211516996113,0.4352942752889468,0.11635044137377133,0.01217643967957618,11.174092037067451,131,0.15,8.533333333333333,1.6,102.1,4.740381679389313,55.66234096692112,5.629937106918239,0.18476190476190477,66.17955974842768,2.0047619047619047,0.26366666666666666,0.8383333333333334,11.460333333333333,12.197333333333331,0.6263333333333333,13.663,NA,0.78110599078341,1.5394968553459119,0.6178930817610063,NA,0.40136040526186784,-98.64285714285715,-103.60000000000001,38.268612773536894,-93.40399681933842,212.18269720101782,8.501111111111111,24.49877777777778,7.998891729157616
090,2021-05-26,2021-05-26T09:54:31Z,0.115,2.401,61,2.4,2.39519990679095,2.401,22.599542372881356,22.046,22.590883333333334,22.046,0.12739015818306143,3.867958737828729,0.10585852854377183,0.03802901838173137,2.39519990679095,61,3.1,7.84,35.5,91.8,6.339344262295082,73.48688524590165,6.445762711864407,3.3,74.73389830508475,37.9,0.22,2.4,NA,NA,0.115,0.291,NA,0.2764811490125673,3.8940677966101696,0.8481355932203389,NA,0.21780195865070728,127,123.89444444444445,38.30515213114754,-93.93221459016394,225.00819672131146,7.82,23.117875,7.81
090,2021-06-15,2021-06-15T11:47:15Z,0.023,0.81,20,0.3735,0.6195189841967035,0.7129246554288394,29.232142857142858,28.264,29.566,28.565666666666665,0.28149094620255255,0.9340850635083743,0.6231772838411187,0.016332966846884556,0.6195189841967035,20,6.44,8.42,82.7,111,7.8045,101.62,8.19,6.63,107.07142857142857,85.2,0.023,0.716,NA,NA,0.81,0.81,NA,0.14131897711978467,6.123571428571428,0.965,NA,0.157587775574478,33.16666666666667,30.12857142857143,38.30582,-93.93741,223.8,8.355,29.4594,8.152692837803095
090,2021-07-07,2021-07-07T11:36:21Z,0.034,1.7,34,1.214,1.222551550455867,1.5886788100397133,29.025333333333332,26.75733333333333,29.025333333333332,26.9258,0.6419553160975511,0.4702445238926911,0.6214092700435614,0.02731601816830421,1.222551550455867,34,2.78,10.32,34.8,135.7,8.423235294117648,109.10882352941177,9.952083333333334,3.2333333333333334,129.67916666666667,40.43333333333333,0.214,1.214,NA,NA,0.293,0.034,NA,0.351118760757315,5.220833333333333,1.6233333333333333,NA,0.3109337589784517,93.03333333333333,91.46,38.30508705882353,-93.93673411764706,223.26764705882354,10.295833333333334,29.564583333333335,8.624232692254603
090,2021-08-04,2021-08-04T11:19:54Z,0.022,0.932,16,NA,NA,NA,NA,NA,NA,NA,NA,NA,NA,0.0015086597987185616,0.932,16,7.72,7.82,97.6,99,7.7700000000000005,98.35,NA,NA,NA,NA,0.022,0.5575,NA,NA,0.022,0.022,NA,0.3380952380952381,NA,NA,NA,NA,NA,51.58888888888889,38.30676,-93.93809937500001,222.49375,7.79125,27.47975,8.103861979904389
091,2021-05-26,2021-05-26T11:55:25Z,0.097,3.5773333333333333,30,0.253,2.4915232181877,3.5773333333333333,23.17988888888889,20.08,24.946333333333335,22.470738095238094,0.6914568966776642,0.39359946507922944,0.2965625674257158,0.015931224488745094,2.4915232181877,30,4.23,9.33,46.7,110.63333333333333,7.775666666666667,90.41777777777777,8.623809523809523,4.23,101.02063492063492,46.7,0.097,2.5441666666666665,NA,NA,0.603,1.2303333333333333,NA,0.26003824091778205,1.2765079365079366,0.36,NA,0.28201939815966176,119.93333333333334,118.23333333333333,38.008052,-94.05098244444444,219.1677777777778,9.179166666666667,24.349083333333333,8.27775206467092
091,2021-06-15,2021-06-15T13:34:26Z,0.052,3.585,77,3.572,3.5641786032578815,3.5781494847776876,26.792616438356163,22.2715,26.733148648648648,22.266333333333332,1.1377794002966084,3.912566740339681,0.6322804144590004,0.03847035354310827,3.5641786032578815,77,0.83,11.89,9.6,156.2,7.675454545454546,98.15064935064935,8.045479452054794,0.85,102.94657534246575,9.8,0.421,1.537,3.184,3.576,1.357,1.357,NA,0.14012143858010276,6.522602739726027,1.0391780821917809,NA,0.1593195421610837,-91.95,-45.86,38.00838077922078,-94.05039974025973,220.8792207792208,11.623333333333333,30.38388888888889,9.005865267784298
091,2021-07-07,2021-07-07T13:20:55Z,0.008,4.527,62,1.1764999999999999,3.709929746847168,4.527,28.262235294117648,23.616,30.9795,26.179045454545456,1.2312168499728386,0.45214834607460697,0.46077869176456265,0.02694725430159404,3.709929746847168,62,0.96,11.23,11.3,149.8,6.623225806451613,86.36935483870968,7.791764705882353,0.96,101.88039215686274,11.3,1.051,1.8045,3.458,4.453,1.278,1.752,NA,0.5358166189111748,2.155294117647059,0.9154901960784314,NA,0.4247634643377002,-92.8,-75.07142857142857,38.00624629032258,-94.0480814516129,218.17258064516128,10.85875,31.298125,9.127579396560634
091,2021-08-04,2021-08-04T13:00:00Z,0.044,4.24,101,3.5620000000000003,3.862230146842135,4.24,27.600152173913045,24.969,27.750626506024098,25.807555555555556,0.7059882497575245,0.5868882357765659,0.305770219048372,0.01549864886252264,3.862230146842135,101,0.42,6.38,5.1,82.3,3.8484158415841585,49.01881188118812,4.1777173913043475,0.42,53.23695652173913,5.1,0.044,2.1055,3.276,3.544,0.47,0.625,NA,1.6575342465753424,1.771304347826087,2.6007608695652173,NA,1.4682744231713303,-91.2,-77.45833333333333,38.006451683168315,-94.04703603960397,218.9,6.2475000000000005,28.2875,8.15723207324557
092,2021-06-16,2021-06-16T13:26:00Z,0.054,22.168666666666667,137,4.550166666666667,15.24065426121524,15.700833110077285,22.203083333333332,15.865961904761905,27.742981481481483,17.93425412541254,1.239683320366339,0.1939079594108621,0.10956664311624956,0.010105542719437435,15.24065426121524,137,0.03,17.223333333333333,0.3,220.16666666666663,3.8971289537712894,49.45036496350365,5.278333333333333,0.15095238095238095,67.12666666666667,1.5380952380952382,2.1563333333333334,3.2675,4.891666666666667,5.891333333333334,1.4006666666666667,3.333,NA,0.1376720901126408,2.2528,0.27793333333333337,NA,0.12337239583333334,63.42,50.3,37.90168060827251,-93.31599289537712,254.2109489051095,14.311666666666666,31.325499999999998,9.179226735713188
092,2021-07-08,2021-07-08T13:27:14Z,0.01133333333333333,18.584333333333333,119,0.524,17.08289562575581,17.28552722397384,22.04966972477064,16.10375,30.086266666666667,21.182733918128655,1.166133292998211,0.18529292789337296,0.12414280829787182,0.014082636810908516,17.08289562575581,119,0.07,8.6033333333333335,0.7,113.13333333333333,1.8335014005602241,23.613725490196078,1.994434250764526,0.07708333333333334,25.706422018348622,0.7791666666666667,1.252,2.8520000000000003,4.583,5.177333333333333,2.8063333333333333,3.369,NA,0.29622266401590464,0.5308868501529052,-0.06975535168195719,NA,-0.1313940092165899,-27.583333333333332,-26.533333333333335,37.901561148459386,-93.31709848739496,253.11512605042017,8.488333333333333,30.105666666666664,8.945028781677847
092,2021-07-28,2021-07-28T10:20:20Z,0.09166666666666667,15.634333333333334,65,5.748833333333334,6.164031353615718,8.605592610761466,28.683614583333334,21.59184722222222,28.828755555555556,22.854361904761905,1.8241606896524445,0.2104600194098137,0.2018335170656798,0.02442513416088192,6.164031353615718,65,0.11,10.84,1.1333333333333333,143.13333333333333,3.308,43.45333333333333,6.517083333333334,0.16097222222222224,85.88541666666667,1.8444444444444446,2.3943333333333334,5.733833333333333,5.38,5.607,3.3493333333333335,4.13,NA,0.7340000000000002,1.1817708333333332,0.650625,NA,0.5505509034817101,-5.544444444444444,-49.766666666666666,37.899853435897434,-93.31768128205128,255.9425641025641,10.253333333333334,31.087333333333333,8.303959846836666
092,2021-08-05,2021-08-05T13:40:55Z,0.092,21.718333333333337,102,7.554,17.035242315851036,17.17178979641533,24.88959126984127,17.554111111111112,28.114081081081082,21.02274871794872,1.6027820262441992,0.11156518630810722,0.1466749729630172,0.004909279964527465,17.035242315851036,102,0.09,7.43,0.9,95.9,2.4559477124183005,31.337581699346405,2.9584920634920633,0.11074074074074074,37.80396825396825,1.1611111111111112,0.092,6.243833333333333,7.297333333333333,7.812666666666667,0.6803333333333333,3.9536666666666664,NA,0.33867276887871856,1.010952380952381,0.1827777777777778,NA,0.18079761344010048,-141.4925925925926,-146.7111111111111,37.90147803921569,-93.31688921568627,255.02908496732027,7.418333333333333,28.575416666666666,8.62585490442034
093,2021-05-26,2021-05-26T14:37:29Z,0.02666666666666666,20.502666666666663,172,0.4773333333333334,12.967966894405128,13.323511398086744,19.088099415204677,12.682509090909091,24.387583333333332,16.775992063492062,1.0280445944412122,0.23188977098888675,0.09857456960668469,0.01729460652548788,12.967966894405128,172,3.58,11.286666666666669,33.2,130.76666666666668,7.390658914728682,78.77713178294573,8.971491228070176,4.225939393939394,98.2359649122807,39.903636363636366,0.7406666666666667,9.012166666666666,NA,NA,0.6136666666666667,0.6136666666666667,NA,0.08522212148685405,0.4938888888888889,-0.04078947368421053,NA,-0.08258836066544314,99.16606060606061,101.56666666666666,37.68242957364341,-93.75498207364342,262.0255813953488,10.784166666666668,24.387583333333332,8.640199289165256
093,2021-06-15,2021-06-15T15:38:31Z,0.01466666666666666,21.509333333333338,186,4.658333333333333,12.003572322690184,12.609162082617598,21.38403191489362,12.750145098039216,27.319252525252526,14.990514161220043,1.4989135965072364,0.2645636900141475,0.13555675415972954,0.01164016064904544,12.003572322690184,186,0.10333333333333332,13.8,0.9333333333333332,167.46666666666667,5.131702508960574,58.46792114695341,8.64790780141844,1.4527450980392158,101.28085106382979,13.845098039215687,3.949333333333333,4.476166666666666,16.03933333333333,18.820666666666668,4.691333333333334,6.261666666666667,NA,0.1250965250965251,1.5452127659574468,0.15783687943262412,NA,0.10214572576018359,64.67529411764706,64.86666666666667,37.68157046594982,-93.75420483870968,266.5413978494624,10.618888888888888,30.742555555555555,8.28
093,2021-07-07,2021-07-07T15:35:52Z,0.08633333333333333,19.787333333333333,158,6.293166666666666,11.365393817438573,11.723337776046273,24.01167013888889,13.422459770114942,28.8116,15.801777777777778,2.027585687800979,0.2118535968576694,0.2012963791381615,0.02315882708328543,11.365393817438573,158,0.08,10.513333333333334,0.7,134.13333333333333,3.6538818565400843,46.367721518987345,5.918229166666666,0.13994252873563218,75.38819444444445,1.3488505747126436,4.527333333333333,6.4688333333333325,8.091666666666667,8.839666666666666,5.799333333333333,8.471,NA,0.37707182320441984,1.1119444444444444,0.0878125,NA,0.07897202098426181,80.49827586206897,76.63888888888889,37.68270094936709,-93.75499453586498,263.84240506329115,9.658333333333335,29.974833333333333,8.38
093,2021-08-04,2021-08-04T14:45:33Z,0.014,20.906666666666663,107,9.635666666666665,14.264744493885594,14.63004462961947,24.260538812785388,12.91734375,27.078295597484278,14.416845679012345,2.1542482847171414,0.14309962321221023,0.20254340416458672,0.008614031964338995,14.264744493885594,107,0.1,8.15,0.9,104.43333333333334,3.16208722741433,40.06355140186916,4.565159817351598,0.145,58.06073059360731,1.3739583333333334,3.421666666666667,6.776666666666666,7.904333333333334,8.550666666666666,10.194333333333333,9.141,NA,0.3282828282828283,0.9758447488584475,0.10945205479452055,NA,0.11216134013382621,55.0625,48.093333333333334,37.682724672897194,-93.75568554517135,261.15015576323987,7.9975000000000005,28.651416666666663,8.256685805644274
096,2021-05-26,2021-05-26T17:07:48Z,0.02566666666666666,18.398,139,0.9263333333333335,13.509266834773985,13.603932389645035,16.908470588235293,9.017933333333334,23.75660606060606,14.046708333333333,0.9879414079517801,0.1551438149855845,0.10684683665752577,0.01722439643035453,13.509266834773985,139,0.24,13.71,2.1,152.1,6.414916067146283,68.13189448441247,8.29549019607843,1.1433333333333333,88.9673202614379,9.922857142857143,3.0846666666666667,4.6338333333333335,14.612333333333334,16.162666666666667,3.9366666666666665,5.652666666666667,NA,0.2676470588235294,1.1481045751633987,0.06343137254901961,NA,0.05524877604463167,131.93714285714285,132.7,37.31322505995204,-93.21445462829736,383.6556354916067,10.473333333333334,23.9972,8.878018335884988
096,2021-06-16,2021-06-16T11:13:06Z,0.14900000000000002,18.90866666666667,143,2.983,8.74996697625756,8.97006356862194,20.773776255707762,10.090617647058824,27.676719298245615,13.729586021505376,1.649204381675645,0.2025456723383608,0.17243188797341874,0.019106820831159138,8.74996697625756,143,0.09333333333333334,12.55,0.8,143.73333333333335,4.411258741258742,50.13006993006993,8.091461187214612,0.5525,93.22831050228311,4.980392156862745,3.714,4.045333333333334,8.081,10.364,7.017666666666667,11.107333333333331,NA,0.18511066398390344,0.8498630136986302,0.05401826484018265,NA,0.0635611433483774,127.83774509803922,121.28333333333333,37.31314296037296,-93.21577776995305,383.82307692307694,9.03833333333333,28.180333333333337,8.406666666666666
096,2021-07-08,2021-07-08T11:15:34Z,0.02933333333333333,18.698333333333338,96,4.539166666666667,9.274761512883622,9.928870235236015,22.207333333333334,9.928121951219513,27.75182608695652,13.159579908675799,1.9813266237570133,0.15401548374786234,0.20476243959866566,0.011264314364496165,9.274761512883622,96,0.25,9.23,2.2,114.6,3.950173611111111,46.644444444444446,6.8950000000000005,0.43617886178861787,82.54230769230769,3.8902439024390243,3.239333333333333,6.259666666666666,7.9576666666666656,9.446666666666667,7.164,6.188,NA,1.255533199195171,0.8079487179487179,0.2972435897435897,NA,0.36789907965725166,118.49268292682927,95.81111111111112,37.312814583333335,-93.21549118055556,384.81041666666664,8.635555555555555,28.59688888888889,8.511131034008654
096,2021-08-05,2021-08-05T11:05:39Z,0.23,18.447666666666667,77,5.298,4.715981336273688,10.188803025221063,28.033083333333334,9.948761904761906,27.969971014492753,12.670796296296297,3.4777848754672505,0.5993125821446695,0.2907787519857243,0.016502624578835803,4.715981336273688,77,0.33666666666666667,8.22,2.9,105.13333333333333,3.856666666666667,46.16406926406926,8.208833333333335,0.6351428571428571,104.97333333333333,5.668571428571428,3.336666666666667,6.013333333333334,9.163666666666666,11.454666666666666,8.593333333333334,8.593333333333334,NA,2.48,0.3993333333333333,-0.058833333333333335,NA,-0.1473288814691152,-7.785714285714286,-49.61666666666667,37.31303238095238,-93.21599727272726,385.34718614718616,8.171666666666667,28.034166666666664,8.46
098,2021-05-27,2021-05-27T08:25:17Z,0.18133333333333332,15.145,96,2.122625,14.667121958144175,15.145,18.51916577060932,14.613333333333332,23.673431818181818,17.72069411764706,0.6584663270144802,0.13713018390005252,0.08429513758609124,0.005582511273500494,14.667121958144175,96,7.24,11.386666666666668,71.6,129.4,9.074574652777777,97.50885416666667,9.132965949820788,7.27,98.33745519713261,71.6,3.2503333333333333,4.99,NA,NA,3.9873333333333334,3.635,NA,0.1487603305785124,0.29172939068100356,-0.03309139784946236,NA,-0.11343182725681113,178,178.15555555555554,36.580804218750004,-93.3126073611111,281.1048611111111,9.938333333333333,24.073666666666668,7.751444085023605
098,2021-06-16,2021-06-16T09:03:51Z,0.00199999999999999,15.035333333333334,87,3.4606666666666666,4.251694099092759,5.636398221304729,27.27425641025641,17.351397435897436,28.117285714285714,18.26280303030303,2.274383196233771,0.4851385080914855,0.27702533595204143,0.01666705870027454,4.251694099092759,87,5.07,12.586666666666666,51.8,145.53333333333333,8.14015325670498,92.87049808429119,10.667564102564103,6.2519230769230765,134.37820512820514,65.55,4.047666666666666,5.396833333333333,NA,NA,5.769333333333333,5.016666666666667,NA,0.0341113105924596,0.8443589743589743,-0.020256410256410257,NA,-0.02399028241724871,200.98910256410255,204.08888888888887,36.58008356321839,-93.31252578544061,281.25172413793103,10.030833333333334,28.504583333333336,7.653486698385547
098,2021-07-08,2021-07-08T09:05:30Z,0.01933333333333333,19.705333333333332,95,5.153333333333333,17.48355574249672,17.623875268313913,22.150024390243903,15.422138888888888,28.862617283950616,18.204686274509804,1.2977466039750425,0.13155026772951178,0.13078396696601205,0.007822292816733504,17.48355574249672,95,2.33,9.8,24,123.16666666666669,5.863333333333333,69.55052631578947,6.293211382113821,3.172222222222222,75.57073170731708,31.758333333333333,3.62,8.223833333333333,NA,NA,7.309333333333333,7.696333333333333,NA,0.025641025641025644,0.9306910569105691,-0.15813008130081302,NA,-0.16990609303341342,219.20833333333334,219.7888888888889,36.57956480701754,-93.31145049122807,279.44,8.860833333333332,29.263166666666667,8.139412501845033
098,2021-08-05,2021-08-05T09:09:10Z,0.12966666666666668,28.296666666666667,124,5.583,10.029585309839025,11.170252232025046,26.49873913043478,15.748255707762556,29.338730769230768,17.33203401360544,2.332138693373622,0.1817871915645078,0.158447685917909,0.016093435198948715,10.029585309839025,124,0.59,9.516666666666666,6.1,119.76666666666668,4.104489247311828,49.10618279569893,8.292826086956522,1.6061187214611872,104.52028985507246,16.04931506849315,5.871333333333333,7.992666666666667,10.621,12.471666666666666,7.896333333333334,7.896333333333334,NA,0.23473684210526316,1.5581884057971014,0.18166666666666667,NA,0.11658838301632331,222.19086757990868,223.54444444444442,36.57993309139785,-93.3133419892473,279.39139784946235,9.026666666666667,29.330555555555556,7.926462023605094
110,2021-06-09,2021-06-09T14:27:39Z,0.048,7.41,125,1.7934999999999999,4.265148185633384,4.562504206419763,23.253263157894736,12.741044444444444,27.068636363636365,16.405076086956523,1.9300861654097616,0.8421999938947755,0.500842613265667,0.0776626683868027,4.265148185633384,125,0.62,11.04,5.7,120.3,6.2744,72.1232,9.130263157894737,1.604,107.13947368421053,15.322222222222223,3.059,3.55,5.358,6.543,3.297,3.297,NA,1.0105708245243128,0.9886842105263158,0.6469736842105264,NA,0.6543784934788395,78.98444444444445,58.666666666666664,37.99585784,-91.69113064,312.4568,8.692222222222222,27.679222222222222,8.201199695642737
110,2021-06-30,2021-06-30T12:12:24Z,0.053,7.396,116,4.5665,5.243312829774445,5.538964979005283,23.872939759036143,12.182379310344828,25.144472222222223,13.165886363636364,2.1472152445402344,0.5854233454754957,0.5583235442478909,0.0352052826563782,5.243312829774445,116,0.76,8.12,6.9,104,5.2555172413793105,62.69051724137931,6.829518072289156,1.1789655172413793,82.7578313253012,11.03103448275862,0.116,3.455,5.497,6.663,3.433,5.058,NA,1.6268221574344022,1.1448192771084338,0.28289156626506023,NA,0.2471058724479057,75.22068965517241,8,37.99582922413793,-91.69164094827586,312.8724137931035,8.108571428571429,28.136,7.92716627539189
110,2021-07-22,2021-07-22T12:00:59Z,0.125,8.164,135,4.7035,6.581541486607189,6.899047344329575,23.16924770642202,11.776857142857143,26.128177215189872,13.775464285714285,2.0230131127146933,0.20610103183671802,0.4770410223492909,0.022206036211989702,6.581541486607189,135,0.37,10.53,3.4,131.1,4.468296296296296,55.79925925925926,5.431100917431193,0.4157142857142857,68.15229357798165,3.8476190476190477,2.76,3.019,4.033,4.793,2.878,3.802,NA,0.43681629573745756,1.731651376146789,1.5034862385321102,NA,0.8682384105960265,-62.69047619047619,-83.13333333333333,37.99579355555556,-91.69081592592593,312.1362962962963,9.32857142857143,28.968285714285713,8.304577492219542
110,2021-08-11,2021-08-11T12:30:42Z,0.077,7.813,124,3.2085,5.811700119897565,7.164657719053114,24.970813186813185,11.843785714285714,28.672708333333333,17.394934210526316,2.461137489486873,0.33444895509989747,0.5370169920300779,0.06379809324164436,5.811700119897565,124,0.43,8.56,3.9,109.1,4.394677419354839,55.11451612903226,5.785164835164835,0.4614285714285714,73.16153846153846,4.264285714285714,2.246,3.2664999999999997,4.381,5.147,3.641,3.641,NA,7.395256916996049,0.960989010989011,1.4942857142857142,NA,1.5549456832475699,-87.25714285714285,-88.03076923076922,37.995866693548386,-91.6907535483871,314.0290322580645,8.31857142857143,28.786714285714286,8.643233437951912
112,2021-06-07,2021-06-07T15:08:46Z,0.056,16.334333333333333,103,4.4719999999999995,7.880621533783559,8.601879723736946,18.79798,6.920375,22.87945238095238,9.006626666666667,1.4593933264496854,0.13679865848199088,0.17113370995747804,0.009230363679130939,7.880621533783559,103,1.64,11.44,13.366666666666667,108.86666666666666,8.157508090614886,79.0925566343042,9.893333333333333,6.024583333333333,105.40666666666667,49.78611111111111,4.860333333333333,8.987166666666667,15.987666666666666,NA,8.564,15.987666666666666,NA,0.7116564417177914,0.18593333333333334,-0.047,NA,-0.2527787737540337,91.49652777777779,91.3,37.89807773462783,-90.64271106796117,271.17087378640775,8.763333333333334,24.696083333333334,8.279226735713188
112,2021-06-28,2021-06-28T15:54:47Z,0.02366666666666667,12.895666666666669,95,4.2485,4.254909084526025,7.371845675732245,26.90704938271605,8.154395348837209,26.90704938271605,11.083901960784313,3.297791868701438,0.7074132629259748,0.4118995288389498,0.028648988690113664,4.254909084526025,95,5.03,12.25,41.46666666666667,119.16666666666669,9.448350877192983,94.73894736842105,8.271728395061729,9.130465116279069,103.73703703703704,77.84418604651162,5.222666666666667,9.096666666666668,NA,NA,5.449333333333334,11.76,NA,0.7999999999999999,0.23333333333333334,-0.15074074074074073,NA,-0.646031746031746,100.7031007751938,106.93333333333334,37.89826007017544,-90.64300680701754,271.94912280701755,8.307777777777778,27.625111111111114,8.183341861384404
112,2021-07-20,2021-07-20T15:04:27Z,0.052,16.901,85,4.913166666666667,5.431212581800289,8.318640549480373,27.64954022988506,7.886234848484849,28.091269230769232,10.448813559322033,3.520095654079114,0.6795136275832979,0.3557731478042008,0.016556333489009135,5.431212581800289,85,0.56,10.556666666666668,4.633333333333333,105.46666666666668,6.548235294117648,69.93176470588236,8.130919540229886,4.642727272727273,103.38735632183908,39.871212121212125,1.641,11.342166666666666,14.237666666666666,15.616666666666667,4.861666666666666,16.901,NA,0.1643835616438356,0.435632183908046,-0.15436781609195402,NA,-0.354353562005277,31.419696969696968,-74.77333333333333,37.898009529411766,-90.64278043137254,273.8737254901961,8.132222222222223,28.710333333333335,7.907831855227328
112,2021-08-09,2021-08-09T15:45:36Z,0.033,11.904,153,5.094,6.606004292814677,6.957502663759671,26.765315217391304,11.086446428571428,28.19272463768116,14.5955,3.016812091134284,1.829037449599736,0.4923197735126726,0.10853072276936356,6.606004292814677,153,4.69,7.91,39.7,101.9,7.2119607843137254,81.7078431372549,7.497282608695652,6.787857142857143,94.20978260869565,62.13392857142857,1.344,5.094,NA,NA,5.132,9.323,NA,0,0.5754347826086956,-0.14804347826086958,NA,-0.25727238383075185,69.85,76.88333333333333,37.897929019607844,-90.64318294117648,271.78627450980395,7.85125,28.525125,8.235028781677848
114,2021-06-03,2021-06-03T13:53:24Z,0.10333333333333332,7.263666666666667,63,0.7251666666666667,5.338760864389614,5.911583416082966,18.79992361111111,13.2822,23.639166666666664,16.917058479532162,0.8961259357140534,0.21538763574903044,0.22870597042730065,0.01843931100097573,5.338760864389614,63,0.25666666666666665,14.103333333333332,2.433333333333333,165.26666666666668,5.694285714285714,63.44232804232804,7.332708333333333,0.36,81.90902777777778,3.44,0.5293333333333333,1.9858333333333333,4.116666666666666,5.088333333333333,0.29833333333333334,0.29833333333333334,NA,0.32577903682719545,0.9563888888888888,0.335,NA,0.35027592216090625,73.08,74.65833333333333,40.00652407407407,-91.97580238095237,207.33650793650793,13.863333333333333,23.988888888888887,9.17458337887312
114,2021-06-23,2021-06-23T12:04:09Z,0.02866666666666666,8.370666666666667,90,4.1431666666666676,7.123881026401417,7.653790109080847,19.76201777777778,12.364925925925926,23.200628787878788,14.156847826086956,1.2012379687575958,0.26492785382896067,0.2699236549603767,0.022641061854066186,7.123881026401417,90,0.03,8.383333333333335,0.3,100.36666666666667,3.104,36.51740740740741,3.7133777777777777,0.044444444444444446,43.711111111111116,0.4222222222222222,0.2663333333333333,1.5093333333333332,3.736666666666667,4.105,1.222,1.222,NA,0.7284644194756554,0.7928444444444445,0.3774222222222222,NA,0.4760356522226582,-67.24074074074075,-76.35555555555555,40.00646937037037,-91.9755107037037,209.7288888888889,8.37,24.393857142857144,8.048158794925898
114,2021-07-14,2021-07-14T11:44:07Z,0.018,8.698,158,4.7785,6.162238525168674,6.768837571281372,20.670203389830508,12.983322580645162,21.854763440860214,14.401907692307692,1.3149295794219142,0.2838498450924126,0.28264078288709693,0.01420797571077909,6.162238525168674,158,0.14,6.44,1.3,76.6,1.6809493670886075,19.400632911392407,2.192033898305085,0.16322580645161291,25.413559322033898,1.5548387096774194,0.018,0.0605,3.057,3.509,0.68,0.401,NA,0.2047244094488189,1.598220338983051,0.18550847457627118,NA,0.11607190200965055,-46.10967741935484,-60.422222222222224,40.00619493670886,-91.97597272151899,211.27784810126582,5.508181818181818,23.923636363636362,7.184886098475821
114,2021-08-01,2021-08-01T12:40:21Z,0.075,6.106,105,2.271,5.61193504980357,5.928706768729085,23.170537634408603,16.077714285714286,26.439166666666665,19.653079365079364,1.4315492958206733,0.25887153420197323,0.445773058258456,0.021456444718099908,5.61193504980357,105,0.44,8.39,4.4,105.6,4.038285714285714,49.32095238095238,4.498709677419355,0.45,55.07096774193548,4.557142857142857,0.611,2.0675,3.164,4.076,0.814,0.745,NA,0.7864583333333334,1.3062365591397849,0.6918279569892473,NA,0.5296345077378992,-91.77142857142857,-84.74166666666666,40.0059620952381,-91.97573876190476,209.80666666666667,8.32625,27.326375,8.877666236613003
115,2021-05-21,2021-05-21T14:04:27Z,0.02666666666666666,7.479333333333333,68,2.9528333333333334,6.870209731838936,7.479333333333333,17.802613756613756,13.296,20.17491111111111,15.373043859649123,0.7067740695497378,0.15100672593066283,0.17476116278902853,0.0072640689049344,6.870209731838936,68,0.24333333333333332,11.126666666666669,2.3,124.6,6.5323529411764705,70.54509803921569,7.026084656084656,0.24333333333333332,75.90582010582011,2.3,0.44233333333333336,0.7451666666666666,5.948666666666667,6.346333333333333,0.30266666666666664,0.44233333333333336,NA,0.22076923076923077,1.7374074074074075,0.21968253968253967,NA,0.12644273228370434,45.733333333333334,69.58333333333333,39.70816200980392,-91.86219029411765,209.19607843137254,11.064,20.9514,8.708575696910525
115,2021-06-23,2021-06-23T13:39:10Z,0.084,4.913,81,3.364,2.9150626667943818,4.307138132470552,25.193659574468086,15.975909090909092,24.9072,17.12057692307692,1.9506692864342767,1.1691494353082104,0.6187615983514902,0.15335128881409296,2.9150626667943818,81,0.92,8.92,9.2,109.5,6.119876543209877,73.21728395061729,8.544255319148936,1.1045454545454545,103.87446808510639,11.218181818181819,0.084,2.8735,3.93,4.793,3.378,3.35,NA,0.3392857142857143,1.6742553191489362,0.19617021276595745,NA,0.11716863642140043,-1.9545454545454546,-3.68,39.70897765432099,-91.86199592592592,209.65432098765433,8.9175,25.767,8.327521503776607
115,2021-07-14,2021-07-14T13:15:50Z,0.026,5.593,100,4.564500000000001,3.7035532898272647,5.593,25.55523188405797,16.45,25.053084337349397,17.843235294117648,1.9665270369509926,0.8254597359212617,0.5256374320120202,0.02779979650484684,3.7035532898272647,100,0.53,10.44,5.4,130.8,5.7725,70.759,7.886811594202898,0.53,97.14057971014493,5.4,0.174,1.6520000000000001,3.857,4.483,0.521,1.802,NA,0.38064516129032255,2.378550724637681,0.7417391304347826,NA,0.31184499146965633,-32.3,-9.639999999999999,39.7088327,-91.8616358,209.105,10.41909090909091,26.934727272727272,8.135711374003186
115,2021-08-01,2021-08-01T14:07:28Z,0.006,5.829,103,3.3345000000000002,5.303273580087703,5.829,25.230125,17.317,27.49509836065574,20.703119047619047,1.732581404332791,0.35505641568074886,0.5452890619819013,0.03031318059653173,5.303273580087703,103,0.55,8.59,5.7,111.1,5.2331067961165045,65.58640776699029,5.5711458333333335,0.55,69.91041666666666,5.7,0.089,3.1645000000000003,4.042,4.658,3.767,2.509,NA,1.053763440860215,1.4714583333333333,1.1760416666666667,NA,0.7992354523573553,-109.4,-100.21666666666667,39.70858563106796,-91.8617495145631,208.9485436893204,8.44,29.1844,9.061371650550234
117,2021-06-09,2021-06-09T10:18:11Z,0.148,7.136,115,2.0460000000000003,2.831801800696506,3.8477880961560453,25.803118644067798,17.443225,27.243425,19.482773333333334,1.8597786736455646,0.36764255069236274,0.4562762022015215,0.05889059506940019,2.831801800696506,115,0.42,12.74,4.2,160.7,5.824347826086957,71.76782608695652,10.430847457627118,0.65625,129.85423728813558,6.9275,1.303,2.073,3.17,4.033,2.057,1.062,NA,0.8049886621315192,2.4554237288135594,2.5061016949152544,NA,1.0206391937599226,90.3875,44.68888888888889,NA,NA,NA,12.5,27.623666666666665,8.778690473809368
117,2021-06-28,2021-06-28T08:39:53Z,0.06766666666666667,6.522333333333333,70,5.155833333333334,5.6425526346125405,6.016449475276486,22.472741379310346,17.0105,23.007771241830064,17.70577192982456,1.1103221245081158,0.24255184584567982,0.3220084296764523,0.02584342864336873,5.6425526346125405,70,0.14666666666666667,5.233333333333333,1.5,62.733333333333334,1.8109523809523809,21.445238095238096,2.1508045977011494,0.15958333333333333,25.519540229885056,1.6583333333333334,0.06766666666666667,1.1143333333333334,3.3093333333333335,3.7683333333333335,0.13233333333333333,0.21833333333333335,NA,0.3117647058823529,2.2619540229885056,0.5333908045977012,NA,0.2358097464302048,-23.895833333333332,-23.895833333333332,38.905942095238096,-92.1231270952381,251.88047619047617,5.172666666666666,24.481733333333334,6.356885718990121
117,2021-07-20,2021-07-20T08:37:56Z,0.004,7.663,142,3.6785,6.201255180145984,6.490920699584679,23.730398305084744,16.100210526315788,25.945577464788734,18.986788732394366,1.562980247319615,0.27122434636554515,0.3930707870208356,0.030326938930353167,6.201255180145984,142,0.2,10.76,2,135.7,3.3893661971830986,42.096478873239434,4.0310169491525425,0.2268421052631579,50.171186440677964,2.305263157894737,0.057,1.7970000000000002,2.778,3.262,1.866,1.812,NA,0.688622754491018,1.911779661016949,1.1404237288135592,NA,0.5965246686466599,-31.21578947368421,-37.95,38.90594281690141,-92.12280366197183,250.2605633802817,10.738181818181818,27.275,7.903651469013768
117,2021-08-09,2021-08-09T08:41:45Z,0.022,7.232,106,3.554,6.377250658007924,6.553204057216523,24.122505376344087,16.4549,26.455862068965516,19.270416666666666,1.6007375215983757,0.4667147567668991,0.4321672762599679,0.043249572393216286,6.377250658007924,106,0.36,7.12,3.6,89,2.8762264150943397,35.39433962264151,3.2238709677419353,0.38,39.78279569892473,3.88,0.022,1.031,3.4,4.265,0.24,0.24,NA,1.943609022556391,1.9201075268817205,2.8341935483870966,NA,1.4760598084784677,-85.25,-86.7625,38.906109056603775,-92.12269518867924,251.47264150943397,7.069090909090909,26.752454545454544,7.098501722141333
119,2021-07-01,2021-07-01T10:18:11Z,0.086,3.348,45,3.3415,3.344379015443204,3.348,21.18025581395349,17.029,21.488275,17.0672,0.8161375174543082,9.725033434790467,0.4870106263296539,0.3511939430168671,3.344379015443204,45,0.4,8.24,4.1,102.5,3.899111111111111,46.46222222222222,4.056046511627907,0.5,48.36976744186047,5.2,0.086,3.3434999999999997,3.071,3.321,2.168,0.693,NA,0.663003663003663,2.1553488372093024,0.7372093023255814,NA,0.34203711696158823,289.4,288.6363636363636,39.40045911111111,-92.84285622222222,200.64222222222222,8.224285714285715,26.472,NA
119,2021-07-23,2021-07-23T12:59:42Z,0.052,2.653,48,1.6915,1.8634364329548332,2.653,28.6912,20.153,28.931428571428572,22.5483,2.136230572807108,1.1207342180427031,1.2410696454565018,0.06768019589003545,1.8634364329548332,48,0.69,12.76,7.6,169.2,6.97625,90.29375,10.275,0.69,134.18,7.6,0.469,1.1865,1.996,2.587,1.762,1.762,NA,1.6679586563307494,4.689333333333333,2.4133333333333336,NA,0.5146431617856129,-136.3,-21.52,39.401027291666665,-92.84270583333333,201.51458333333335,12.427142857142856,30.983,9.499047365513155
119,2021-09-30,2021-09-30T14:49:04Z,0.026,2.527,40,0.8089999999999999,2.044317972410669,2.1684012685939384,23.583357142857142,20.49977777777778,25.79192857142857,20.993423076923076,0.7006809127415181,0.3643918854314116,0.52859969639602,0.030936576765067742,2.044317972410669,40,0.34,17.06,3.7,209.9,6.756,82.3075,9.48857142857143,0.36333333333333334,115.77142857142857,4.022222222222222,0.359,0.8089999999999999,1.325,1.55,0.252,0.252,NA,1.1320000000000001,3.529642857142857,4.063928571428572,NA,1.1513710411818274,-101.37777777777778,-93.94166666666666,39.40070575,-92.84290975,202.0075,17.011,25.9667,10.239473436732334
121,2021-05-18,2021-05-18T12:44:34Z,0.15133333333333332,4.4976666666666665,54,3.7558333333333334,3.7277378273664548,3.769842889100246,17.097583333333333,15.816583333333334,17.074177777777777,15.83788888888889,0.2145587769211943,1.9509813890486563,0.09452403766424261,0.01915895955194066,3.7277378273664548,54,2.71,6.6,27.266666666666666,70.5,5.104814814814815,52.88456790123457,5.421590909090909,3.6062499999999997,56.3719696969697,36.45,0.15133333333333332,3.7558333333333334,NA,NA,0.9466666666666668,4.468666666666667,NA,0.15256588072122051,1.653181818181818,0.18462121212121213,NA,0.1116762899825864,147.15416666666667,147.58666666666667,39.06235567901235,-93.6700450617284,225.52345679012345,6.5873333333333335,18.2052,7.7
121,2021-06-14,2021-06-14T11:19:10Z,0.059,2.759,51,2.6205,2.4753696401436858,2.759,26.4455,23.202,26.27736170212766,23.376,0.8255648077389424,0.6390587611138183,0.5426652008940902,0.019545429081405198,2.4753696401436858,51,0.86,8.53,10,109.5,5.857058823529412,73.33725490196079,6.546363636363637,0.86,82.13863636363637,10,0.059,1.4575,2.558,2.759,1.09,1.09,NA,1.8846153846153846,0.5263636363636364,0.8143181818181818,NA,1.5470639032815199,-0.4,80.71818181818182,39.06911,-93.67238803921568,226.75882352941176,8.523333333333333,27.9935,8.073358982687997
121,2021-07-06,2021-07-06T11:09:29Z,0.035,4.399,75,1.0345,3.7939689174693383,4.139022411567081,25.093615384615383,21.2336,27.7756,23.459163636363638,0.9201466481903253,0.4936873501974819,0.3879157978868134,0.024967851667589587,3.7939689174693383,75,0.63,13.72,7.1,176.3,5.349333333333333,66.88133333333333,6.063692307692308,0.664,75.94,7.4799999999999995,0.294,0.5840000000000001,2.484,3.417,0.763,0.763,NA,0.1856925418569254,3.1284615384615386,0.44153846153846155,NA,0.14113597246127366,23.220000000000002,40.4625,39.0622224,-93.66935013333334,225.112,13.604444444444445,28.38411111111111,9.020351009336762
121,2021-08-03,2021-08-03T11:16:52Z,0.085,5.086,109,3.842,4.851415286709646,4.9567608207787615,27.01704807692308,22.232,27.918,23.406962962962965,1.2083581780592567,0.8106173724200403,0.46552793302976814,0.025988594862968402,4.851415286709646,109,0.36,8.77,4.2,112.9,5.1574311926605505,66.0651376146789,5.385384615384615,0.38,69.00961538461539,4.4,1.212,2.7590000000000003,3.268,3.683,2.205,0.501,NA,0.4523364485981309,3.469519230769231,1.5959615384615384,NA,0.459995011501261,-128.1,-110.425,39.06145862385321,-93.66923899082569,226.8605504587156,8.684285714285714,28.52485714285714,8.547166275391891
133,2021-06-02,2021-06-02T17:57:53Z,0.051,11.665,174,0.146,11.527063099644987,11.617951878436788,16.498964705882354,11.0825,22.560499999999998,16.30426162790698,0.7355641130315007,0.5130098927457746,0.1251396856286178,0.009712192999169415,11.527063099644987,174,0.51,10.11,4.6,112.8,6.125862068965517,65.3948275862069,6.257,0.525,66.81529411764706,4.75,0.051,4.407500000000001,9.735,10.787,7.035,11.663,NA,0.32307692307692304,0.4964705882352941,0.008058823529411766,NA,0.01623222748815166,90.45,89.81,40.17454793103449,-92.65212936781609,240.96494252873563,9.758333333333333,22.1935,8.485028781677848
133,2021-06-23,2021-06-23T08:25:47Z,0.004,9.711,165,3.7279999999999998,7.414384159960123,7.670838805243282,21.50375,13.376666666666667,24.495686567164178,16.44569387755102,1.4456727211839961,0.2550425752795733,0.2900786153801308,0.035388605898120214,7.414384159960123,165,0.33,8.99,3.1,107.8,5.146787878787879,59.93333333333333,6.4789843750000005,0.5033333333333333,75.75625,4.836363636363636,0.004,3.9055,6.205,7.139,4.639,6.814,NA,0.8586956521739131,0.57546875,-0.079375,NA,-0.13793103448275862,185.37878787878788,138.05555555555554,40.1722116969697,-92.65609157575757,242.34181818181818,8.82,24.4909,6.8618277113860735
133,2021-07-14,2021-07-14T08:14:20Z,0.046,8.363,138,5.4425,7.793050316644515,8.312340627314285,21.174523076923077,13.883,22.907364583333333,15.886952380952382,1.3052306984897086,0.1796299884788014,0.29389507724641967,0.011527843259223904,7.793050316644515,138,0.38,7.72,3.7,92.7,4.0691304347826085,47.597101449275364,4.294923076923077,0.38,50.285384615384615,3.7,0.046,2.2615,5.206,5.947,2.009,5.137,NA,0.6637931034482759,0.7543846153846154,0.11246153846153846,NA,0.1490771897624146,150.5,151.6,40.171941449275366,-92.65628260869565,241.9231884057971,7.707,24.5636,7.0373670796619106
133,2021-08-01,2021-08-01T08:12:45Z,0.01233333333333333,10.348333333333333,71,3.2805,8.433539483123742,9.123053945154277,22.194059523809525,12.767740740740742,27.19573913043478,16.948451388888888,1.6787961310507171,0.20331078166351643,0.30418903434342465,0.011289693463955084,8.433539483123742,71,0.16,7.38,1.5,93.36666666666667,2.4983568075117373,31.025821596244132,3.1158928571428572,0.17851851851851852,38.84464285714286,1.6888888888888889,0.01233333333333333,2.7635,3.506666666666667,4.069333333333333,3.506666666666667,3.506666666666667,NA,2.175627240143369,0.7600595238095238,0.4201190476190476,NA,0.5527449291252251,-57.696296296296296,-61.608333333333334,40.17164009389671,-92.6575227230047,242.0150234741784,7.3425,27.48316666666667,7.807949312576736
140,2021-06-01,2021-06-01T12:04:40Z,0.029,2.67,56,0.3315,2.388820860518478,2.564447953331738,19.35642,18.727666666666668,19.876666666666665,19.23018,0.12329374154001016,0.30818563722564785,0.08665488310214167,0.007502820769187222,2.388820860518478,56,5.91,8.76,63.4,96.6,6.88875,74.84464285714286,6.9442,6.193333333333333,75.53,66.46666666666667,0.029,0.3695,NA,NA,0.226,0.18,NA,0.15350877192982457,5.9874,0.8398,NA,0.14026121521862578,91.26666666666667,88.28,39.7624125,-94.26156750000001,282.5982142857143,8.258,19.764,7.957782486347487
140,2021-06-21,2021-06-21T13:28:45Z,0.01,2.753,54,2.4895,2.1608958799588254,2.753,27.19254761904762,22.568,27.05777551020408,23.864,1.179197935681259,1.7305389067250043,0.7050291371299643,0.07064705073668924,2.1608958799588254,54,1.12,5.89,13,74.6,4.683703703703704,58.922222222222224,5.442142857142857,1.12,68.63333333333334,13,0.01,1.5685,2.478,NA,0.468,0.346,NA,0.08235294117647059,3.5073809523809523,0.18333333333333335,NA,0.05227072160749441,-77.2,34.42727272727273,39.76249462962963,-94.26137629629629,280.0074074074074,5.846363636363637,27.403181818181817,7.812750187755105
140,2021-07-12,2021-07-12T14:04:09Z,0.033,2.823,54,2.7110000000000003,2.6122844691367404,2.823,24.328714285714288,21.956,24.30021568627451,22.25,0.565286604083326,2.106531457162778,0.3726694862009496,0.028490078578339014,2.6122844691367404,54,0.88,5.59,10,67.1,3.051851851851852,36.51481481481481,3.2593877551020407,0.88,39.02857142857143,10,0.033,0.045,2.385,2.746,2.823,2.823,NA,0.1864406779661017,1.799591836734694,0.18959183673469387,NA,0.10535268768428215,38.4,58.654545454545456,39.76237018518518,-94.26141574074074,282.78703703703707,4.268,24.5843,7.723260013490521
140,2021-07-30,2021-07-30T14:42:56Z,0.015,2.899,66,2.01,1.583678541246305,2.8366184192140613,31.707823529411765,25.186,31.369777777777777,26.789809523809524,1.8769683848469185,1.287283139225571,0.9041404451962516,0.0440543387712344,1.583678541246305,66,0.72,9.45,8.8,131.1,5.568939393939394,75.30909090909091,8.388529411764706,0.7566666666666667,114.49705882352941,9.166666666666666,0.127,1.5705,2.267,2.596,0.765,0.544,NA,0.18907563025210086,4.058529411764706,0.7523529411764706,NA,0.18537575186607724,-135.29999999999998,-99.01538461538462,39.76252848484849,-94.26115212121212,282.74545454545455,9.248888888888889,32.498333333333335,9.375092747870994
145,2021-06-03,2021-06-03T16:00:16Z,0.20933333333333337,21.294333333333334,190,0.4331666666666667,21.26603412464019,21.281282382831627,13.733360360360361,8.7945,22.968333333333334,13.50384574468085,0.5143824596540298,0.21451955361700287,0.04827710553065102,0.014123495200575669,21.26603412464019,190,1.1,13.723333333333334,9.466666666666669,161.3,5.380245614035088,53.86543859649123,5.492342342342343,1.1533333333333333,55.034414414414414,9.95,0.20933333333333337,21.2925,21.085,NA,0.20933333333333337,0.20933333333333337,NA,0.1520408163265306,0.4771891891891892,-0.009693693693693693,NA,-0.02031415194079444,83.16666666666666,82.71515151515152,39.51514868421053,-91.65344077192982,182.65,13.465000000000002,22.968333333333334,8.911839469562166
145,2021-06-23,2021-06-23T15:08:00Z,0.02733333333333333,18.354666666666667,107,7.244,13.970437930391356,14.4698911901752,19.863481481481482,10.082782608695652,24.627809523809525,12.946815384615384,1.4590901786273207,0.20589345597059663,0.1547768004361061,0.01493896080561637,13.970437930391356,107,1.92,7.856666666666667,16.766666666666666,96.6,4.8108099688473525,52.95919003115265,5.418971193415638,2.838840579710145,61.58024691358025,25.281159420289853,0.02733333333333333,6.716833333333334,18.354666666666667,NA,3.169,0.02733333333333333,NA,0.03323262839879154,1.2168312757201647,-0.08238683127572016,NA,-0.06770604349149446,99.01739130434783,100.75555555555555,39.514703987538944,-91.65473884735204,186.5473520249221,7.843333333333334,25.71777777777778,8.183341861384404
145,2021-07-14,2021-07-14T14:49:34Z,0.03666666666666667,23.640333333333334,165,12.740166666666667,19.036528838459038,19.43163418238665,21.468742424242425,10.026211111111111,24.834494252873565,12.910145299145299,1.8063720570131636,0.15405878909561863,0.15030905666157918,0.009961626652470443,19.036528838459038,165,0.07333333333333333,8.63,0.6666666666666666,109.13333333333333,2.334848484848485,27.785858585858588,2.786969696969697,0.46955555555555556,33.55429292929293,4.19,0.25466666666666665,0.9018333333333333,9.152666666666669,9.807333333333334,0.6346666666666667,0.414,NA,0.33760683760683763,0.8354040404040404,0.059772727272727276,NA,0.07154948310259356,71.07222222222222,70.03888888888889,39.51456907070707,-91.65479260606061,191.52949494949496,8.622499999999999,27.396416666666667,8.053358917360955
149,2021-07-02,2021-07-02T10:02:38Z,0.00166666666666666,19.154333333333337,215,7.9935,18.365165365105813,18.530526822344278,25.323288676236043,21.176833333333335,26.845288194444446,23.890137254901962,0.9918847161358144,0.4071796312305233,0.10268119935516413,0.023211792014546633,18.365165365105813,215,0.02,6.4,0.3,80.4,2.1110852713178296,26.43798449612403,2.170909090909091,0.025833333333333333,27.18835725677831,0.3,0.00166666666666666,2.23,6.598333333333334,7.908333333333333,1.3736666666666668,1.3736666666666668,NA,0.1856763925729443,0.8582775119617225,-0.025773524720893143,NA,-0.030029360389489723,107.075,107.33333333333334,38.212837023255815,-92.63467460465117,197.0336434108527,6.359629629629629,27.01025925925926,7.85616835565549
149,2021-07-21,2021-07-21T09:18:02Z,0.06,31.069333333333333,193,0.6301666666666667,29.045643570881573,29.597376981688306,26.918001811594202,22.082277777777776,28.419777777777778,26.64158467023173,1.215360436031574,0.20808294372419525,0.07687029952946173,0.008943495558749969,29.045643570881573,193,0.06,9.736666666666666,0.7,125.5,3.7028151986183073,47.258549222797924,3.8808695652173912,0.06,49.53478260869565,0.7,0.5103333333333333,10.914833333333334,10.912,18.801666666666662,0.576,0.8896666666666666,NA,0.2787286063569682,1.004891304347826,0.1066304347826087,NA,0.1061114115738237,-52.03333333333333,-54.733333333333334,38.21105336787565,-92.63097531951641,198.620207253886,9.708888888888888,28.442444444444444,8.29
149,2021-10-07,2021-10-07T12:00:15Z,0.068,30.354333333333333,243,NA,NA,NA,NA,NA,NA,NA,NA,NA,NA,1.2082092880303813e-4,30.354333333333333,243,3.3566666666666665,3.58,40.7,43.4,3.455020576131687,41.86412894375857,NA,NA,NA,NA,21.811666666666667,17.953666666666663,NA,NA,26.644,21.587333333333333,NA,0.4096385542168675,NA,NA,NA,NA,NA,146.02,38.21201219478738,-92.6362001920439,198.06755829903977,3.5566666666666666,25.068722222222224,7.1244643673419885
150,2021-05-18,2021-05-18T14:33:30Z,0.02266666666666667,5.436,65,3.4863333333333335,5.299185080141834,5.383815780238007,17.113322404371583,15.643777777777778,17.598943089430893,16.042916666666667,0.24481488387175432,0.2948790613665619,0.08869091130022139,0.018599100523480395,5.299185080141834,65,4.756666666666667,7.773333333333333,47.833333333333336,84.6,6.427076923076923,66.76410256410256,6.5183606557377045,4.9,67.81912568306011,49.28888888888889,0.02266666666666667,0.7458333333333333,NA,NA,5.436,5.384333333333333,NA,0.20749279538904897,0.5556830601092896,-0.009617486338797814,NA,-0.017307503195987808,153.85555555555555,153.52777777777777,39.034817333333336,-93.36631230769231,210.04615384615386,7.66,19.692666666666668,7.714194603103312
150,2021-06-14,2021-06-14T09:38:23Z,0.007,4.865,89,1.491,4.5047632429734215,4.637709752410807,22.563518072289156,16.4745,28.096851851851852,19.568596774193548,1.2229114247801363,0.5456457868508318,0.4893655514203566,0.0350180791074603,4.5047632429734215,89,0.7,14.5,7.1,186.5,6.754269662921348,83.1370786516854,7.188192771084338,0.73,88.59036144578313,7.475,0.473,1.649,3.287,4.165,2.974,0.215,NA,3.4251968503937005,0.7631325301204819,1.01855421686747,NA,1.3347016103568048,190.7,190.5222222222222,39.033103707865166,-93.36694078651685,214.45505617977528,14.42,28.55925,9.12627693116088
150,2021-07-06,2021-07-06T09:41:43Z,0.025,5.591,90,0.962,5.226758770850513,5.487208963237131,22.44543373493976,16.808500000000002,27.6599375,20.80987837837838,1.1388726575984265,0.5198021345843727,0.389261677072882,0.02991751463759725,5.226758770850513,90,0.44,12.85,4.6,163.6,4.247111111111111,52.05888888888889,4.566385542168675,0.445,56.043373493975906,4.65,0.444,1.1355,2.517,3.343,0.061,0.475,NA,1.8546511627906976,0.7872289156626506,0.4725301204819277,NA,0.6002448729721457,-51.650000000000006,-34.2,39.033764777777776,-93.36777088888888,213.71333333333334,12.77,27.89922222222222,8.561892826801008
150,2021-08-03,2021-08-03T09:44:10Z,0.069,5.116,75,2.5145,2.8709748451218635,4.074073301485029,27.779955555555556,18.812266666666666,28.172358974358975,21.25,2.1446595324533746,0.9122321443708316,0.6787865538932247,0.06729608758517341,2.8709748451218635,75,0.83,6.68,8.7,85.7,4.499733333333333,56.33866666666667,6.239111111111111,1.1293333333333333,79.60888888888888,12.173333333333334,0.069,2.5145,3.74,4.743,2.482,0.121,NA,1.04093567251462,1.278,1.492,NA,1.1674491392801252,-112.81333333333333,-118.92857142857143,39.03248813333334,-93.36820946666667,212.956,6.645,28.2608,8.66
165,2021-06-14,2021-06-14T14:34:35Z,0.03,2.112,45,1.5175,1.2225198895721379,1.8297100977519567,28.901916666666665,19.23442857142857,27.929225806451612,19.963642857142858,2.3840956484722255,2.305224348909621,1.7535335640003646,0.14654079519109986,1.2225198895721379,45,1.93,13.29,20.7,171.7,8.803333333333333,111.50666666666666,12.371666666666666,2.5342857142857143,161.12083333333334,27.542857142857144,0.547,1.101,2.086,NA,0.861,0.654,NA,0.10149253731343284,10.495,1.0887499999999999,NA,0.10373987613149119,-85.85714285714286,-53.983333333333334,38.88871133333333,-94.32339377777778,294.4688888888889,12.49,30.397000000000002,8.92412249824702
165,2021-07-06,2021-07-06T14:41:14Z,0.058,2.47,58,0.7484999999999999,2.219506174995929,2.432996572661945,26.98914,21.2135,30.345,24.56748780487805,1.428904955057078,1.1863651960637867,1.064959991136825,0.057694552266232636,2.219506174995929,58,0.83,18.97,9.4,253.9,9.178103448275863,119.09310344827587,10.4988,0.84,136.462,9.5,0.317,0.08349999999999999,1.836,2.33,0.571,0.447,NA,0.30303030303030304,4.287,0.5666,NA,0.13216701656169816,-116.55,-91.72307692307692,38.88896689655172,-94.32384879310345,293.4603448275862,18.3,30.712583333333335,9.542722475802218
165,2021-08-03,2021-08-03T14:15:50Z,0.072,2.727,48,2.707,2.555479061563037,2.727,28.02672727272727,22.534,27.771234042553193,22.534,1.4211120748466328,2.6333633978348328,0.9805774082922253,0.07359022300346008,2.555479061563037,48,1.83,10.05,21,132.8,7.1831249999999995,92.55625,7.659090909090909,1.83,98.87727272727273,21,0.122,1.3515000000000001,2.64,NA,1.371,1.371,NA,0.9070631970260223,2.4388636363636365,1.7454545454545454,NA,0.7156835336874475,-108.4,-100.7125,38.8885,-94.32321583333334,295.55,10.0175,29.807625,8.975028781677848
168,2021-06-14,2021-06-14T15:17:14Z,0.015,3.47,77,2.3475,3.1370277318400253,3.47,25.89889705882353,16.957,27.988882352941175,18.863346153846155,1.9706207401112579,0.57170112772056,1.0363581962509132,0.08214825098652688,3.1370277318400253,77,0.57,16.26,5.9,216.2,6.925974025974026,89.387012987013,7.753382352941177,0.57,100.28529411764706,5.9,0.349,0.9455,2.323,2.848,0.309,0.629,NA,1.0296495956873315,2.146029411764706,1.9247058823529413,NA,0.8968683615432057,-140.5,-124.12307692307692,38.88001415584416,-94.32307974025974,295.1818181818182,15.868,31.3252,9.101351802152541
168,2021-07-06,2021-07-06T15:19:25Z,0.059,3.643,67,0.611,2.592107656692411,3.6163569027834166,27.7378085106383,19.067,31.325,24.878017857142858,2.083107337702131,1.006273457473921,0.8926488506894338,0.0526866922972826,2.592107656692411,67,1,16.38,10.8,218.6,8.458805970149253,108.97164179104477,11.389574468085106,1,147.65319148936172,10.8,0.298,1.217,2.884,3.643,1.136,1.136,NA,1.1698513800424628,3.545531914893617,3.2329787234042553,NA,0.911845895343255,-133.8,-114.48,38.88008970149254,-94.32320895522389,291.89850746268655,15.974444444444444,31.574444444444445,9.483358982687998
168,2021-08-03,2021-08-03T14:57:11Z,0.031,4.256,96,2.822,3.1015990450449253,3.6301357590045216,26.99076056338028,20.534,27.60933870967742,21.415235294117647,1.5757058756458946,0.5337477996977424,0.6586660192400817,0.05302839307293461,3.1015990450449253,96,0.28,8.29,3.1,108.3,3.6310416666666665,46.411458333333336,4.757464788732395,0.365,61.043661971830986,4.057142857142857,0.077,0.759,2.424,2.81,4.117,4.177,NA,1.4710252600297176,2.4408450704225353,3.916056338028169,NA,1.6043854587420658,-147.94285714285715,-149.1818181818182,38.8797871875,-94.32275854166667,294.8875,8.244444444444444,29.181333333333335,8.69539457145464
170,2021-06-14,2021-06-14T15:57:08Z,0.005,3.111,68,2.318,2.5175795164556902,2.99924187746391,27.435796296296296,16.953333333333333,27.88662745098039,18.276705882352942,2.389132400782273,1.1451678986015992,1.3300066417105803,0.07484347597316364,2.5175795164556902,68,0.86,10.72,8.9,140.1,7.049558823529412,90.2764705882353,8.531851851851853,0.9133333333333333,110.01296296296296,9.433333333333334,0.549,1.733,2.535,3.038,2.015,1.654,NA,0.3378016085790885,2.0225925925925927,0.7401851851851852,NA,0.36595861563816146,-91.8,-56.554545454545455,38.869965,-94.3394294117647,291.73823529411766,10.057692307692308,31.279846153846155,8.502698826448299
170,2021-07-06,2021-07-06T15:57:12Z,0.039,3.938,72,0.589,3.658136267117246,3.938,26.39789393939394,17.047,31.626076923076923,24.320305084745762,2.0882716024112824,0.34831320067454113,0.9902034464181352,0.045927630495189345,3.658136267117246,72,1.04,11.46,10.8,151.6,6.819583333333333,87.68333333333334,7.337272727272727,1.04,94.5878787878788,10.8,0.682,0.049,3.08,NA,1.713,1.656,NA,0.45345345345345345,2.013030303030303,0.7604545454545455,NA,0.37776606954689146,-142.1,-120.69,38.869976666666666,-94.33973625,290.5986111111111,10.7525,31.697666666666667,8.777001949612442
170,2021-08-03,2021-08-03T15:42:12Z,0.034,3.832,63,2.3895,2.900564224115258,3.832,28.33091836734694,19.205,28.87090476190476,22.456285714285713,2.2245698534428584,1.1041842803036501,0.9340190392426045,0.07290240587742293,2.900564224115258,63,1.04,10.12,11.3,135.4,5.948888888888889,76.83968253968254,7.227755102040816,1.04,94.01428571428572,11.3,0.567,1.3435000000000001,2.981,NA,0.501,3.832,NA,0.898488120950324,2.773061224489796,2.193061224489796,NA,0.7908448631145127,-141.8,-134.01250000000002,38.86975619047619,-94.33975365079365,291.6507936507937,9.885,30.682625,8.916361388845067
179,2021-06-02,2021-06-02T08:26:46Z,0.006,6.276,119,4.3870000000000005,5.338022464369266,5.494832756499465,19.809298076923078,15.442,20.386886363636364,16.10658064516129,0.7880390694207335,0.43392341643535337,0.24500615862551037,0.037344730661841664,5.338022464369266,119,1.71,14.19,17,160.5,9.673781512605043,106.84201680672268,10.681923076923077,2.4858333333333333,118.35576923076923,24.95,0.534,1.9015,6.08,NA,0.659,0.006,NA,7.383333333333333,0.32759615384615387,1.5971153846153847,NA,4.8752568241855005,189.19166666666666,190.25714285714287,40.427095630252104,-94.85744008403361,327.2050420168067,14.1275,21.442416666666666,8.784019586249702
179,2021-06-22,2021-06-22T09:09:59Z,0.005,6.537,128,3.7335000000000003,5.144346529277598,5.479004865554424,23.03802912621359,15.605842105263157,24.80688157894737,16.964365384615384,1.4757364085500058,0.29169078496154094,0.42951390663860717,0.0434222526081098,5.144346529277598,128,0.45,8.51,4.5,103.2,5.28078125,63.09140625,6.413883495145631,0.5615789473684211,76.89902912621359,5.663157894736842,0.044,3.1505,4.178,4.893,2.24,1.973,NA,1.3333333333333333,1.0395145631067961,1.2393203883495145,NA,1.1922107032782292,-45.6,-60.6375,40.42703453125,-94.8572640625,327.9125,8.504615384615384,25.091,8.497901404289482
179,2021-07-13,2021-07-13T07:50:54Z,0.05,8.454,157,4.1035,6.001904079173076,6.215394724600969,23.632017699115046,15.40625,25.56351948051948,17.30635,1.6496515784356234,0.3467639366984784,0.38065263544433486,0.03579106584559066,6.001904079173076,157,0.24,8.4,2.4,103.4,3.655095541401274,44.42547770700637,4.958849557522123,0.298,60.52212389380531,2.9875,0.05,2.521,4.187,4.689,0.333,0.809,NA,1.4125874125874127,0.876283185840708,1.0731858407079646,NA,1.2247020803878004,23.4525,9.9,40.42703267515923,-94.85755401273886,325.90318471337577,8.373636363636363,25.974454545454545,6.780744883136466
179,2021-10-13,2021-10-13T14:13:32Z,0.178,1.714,36,NA,NA,NA,NA,NA,NA,NA,NA,NA,NA,0.0013974920980870593,1.714,36,6.03,6.3,65.9,69.1,6.185,67.74722222222222,NA,NA,NA,NA,0.178,1.7025000000000001,NA,NA,0.402,1.389,NA,0.966887417218543,NA,NA,NA,NA,NA,197.15,40.42912361111111,-94.85600249999999,323.40555555555557,6.26375,19.8185,7.44
180,2021-06-01,2021-06-01T15:32:13Z,0.011,8.908,140,5.8870000000000005,5.463035166386211,6.1687191947911915,19.72225,15.0375,19.55587234042553,15.155239130434783,0.8323676152647295,0.4488100064286067,0.17316308978023043,0.01906897461195119,5.463035166386211,140,0.37,11,3.7,122.1,6.237357142857143,68.17285714285714,9.199431818181818,0.80725,101.13295454545455,8.035,0.624,3.847,6.091,6.918,3.083,1.858,NA,0.4705882352941177,1.45625,0.6407954545454545,NA,0.4400312134217713,69.36749999999999,24.2,40.34916164285714,-95.13363842857143,297.92571428571426,10.823333333333332,21.070777777777778,8.625583957685777
180,2021-06-22,2021-06-22T07:22:37Z,0.06033333333333333,8.716666666666667,76,4.126166666666666,7.451467313715494,7.599956528813897,21.70065,15.537119047619047,25.084387096774194,17.199377777777777,1.1781610831800435,0.3034390182725083,0.26579590903831224,0.017592074014303752,7.451467313715494,76,0.24,7.12,2.4,86.7,3.1189473684210527,37.276754385964914,3.870888888888889,0.29,46.41444444444444,2.914285714285714,0.06033333333333333,3.5525,4.568333333333333,5.145333333333333,2.678,0.06033333333333333,NA,0.3079470198675497,1.5166666666666666,0.3532777777777778,NA,0.23293040293040296,-86.59285714285714,-89.76666666666667,40.349041754385965,-95.13350881578947,297.0728070175439,7.099333333333333,25.317733333333333,7.298556874217956
180,2021-07-12,2021-07-12T17:24:02Z,0.07566666666666666,7.438333333333333,60,5.397166666666667,5.56763269776938,7.438333333333333,25.993895833333333,16.969333333333335,26.09127659574468,18.956897435897435,1.993679302783221,0.42399996913241317,0.42833215765338645,0.019303510473744248,5.56763269776938,60,0.2833333333333333,10.53,2.933333333333333,134.66666666666666,5.6242777777777775,69.92777777777778,6.924444444444444,0.2833333333333333,86.26527777777778,2.933333333333333,0.5136666666666667,1.2641666666666667,4.902,5.327,0.5136666666666667,1.9143333333333332,NA,0.3802363050483351,2.2324305555555557,0.8225694444444445,NA,0.3684636202445018,-39.4,-26.216666666666665,40.34949127777778,-95.13298866666668,299.76388888888886,10.490833333333335,28.0615,8.28
180,2021-07-30,2021-07-30T17:58:42Z,0.017,9.533,173,5.5215,8.7749690644063,8.91412068519968,24.750049689440992,15.66,28.67986274509804,17.57894366197183,1.8876983120651403,0.22397364019549856,0.39033679083502576,0.021257208641008975,8.7749690644063,173,0.14,9.59,1.4,130.1,3.10757225433526,41.204624277456645,3.3278881987577638,0.1475,44.161490683229815,1.5,0.396,1.8940000000000001,3.258,3.63,2.521,2.346,NA,0.5,1.532670807453416,0.6703726708074534,NA,0.437388555681634,-177.8125,-177.8125,40.34931936416185,-95.13323086705202,299.21618497109824,9.56625,31.458,9.149336751571864
181,2021-06-02,2021-06-02T09:55:22Z,0.2806666666666667,10.021333333333333,62,0.6466666666666667,8.8618536012607,9.712041846374943,19.19014197530864,16.096,21.138333333333335,18.756144444444445,0.5592142989611375,0.17598327634387906,0.10287691468501722,0.0030669594886702845,8.8618536012607,62,2.4266666666666667,11.68,24.6,129.6,7.726989247311828,83.96344086021506,8.442098765432098,2.5433333333333334,92.0037037037037,25.844444444444445,1.7666666666666666,3.1276666666666664,NA,NA,5.557333333333333,5.449666666666666,NA,0.05734767025089606,1.990925925925926,0.07462962962962963,NA,0.037484885126964934,79.47777777777777,79.375,40.35251704301075,-94.77877048387097,321.3811827956989,11.23,21.191,8.59
181,2021-06-22,2021-06-22T10:32:37Z,0.03366666666666666,9.5216666666666665,72,5.273,7.157427516325364,8.1367472887538,23.93716049382716,18.220787878787878,25.187473684210527,19.687460784313725,1.2416839113772085,0.28850961175144,0.2364890038814692,0.020962636315141815,7.157427516325364,72,0.26666666666666666,8.366666666666665,2.833333333333333,101.93333333333334,4.930138888888889,59.27638888888889,6.425679012345679,0.34606060606060607,77.44753086419753,3.6818181818181817,0.03366666666666666,5.273,6.343,6.966666666666667,1.4686666666666666,1.051,NA,0.26829268292682934,1.4583333333333333,0.26493827160493827,NA,0.18167195767195768,57.448484848484846,48.5,40.35001935185185,-94.77919731481482,321.0949074074074,8.36111111111111,25.35511111111111,8.246030516907652
181,2021-07-13,2021-07-13T09:17:31Z,0.17733333333333332,8.334,60,6.83,7.578233605751271,8.334,25.573037037037036,21.294333333333334,25.77585714285714,22.59678787878788,1.031207009901209,0.4830099942275446,0.2268940619978251,0.013279206925747513,7.578233605751271,60,0.4533333333333333,10.25,5.133333333333333,126.93333333333334,6.669722222222222,82.00111111111111,7.345925925925926,0.4533333333333333,90.36975308641975,5.133333333333333,0.8263333333333334,2.9531666666666663,6.989333333333333,7.497666666666667,0.3243333333333333,0.3243333333333333,NA,0.23289665211062596,3.3561111111111113,0.6580864197530865,NA,0.1960860048924939,53.86666666666667,62.7,40.35080694444444,-94.779359,318.7416666666667,10.193333333333333,26.25825,8.1964822159713009
181,2021-10-13,2021-10-13T13:16:10Z,0.156,3.121,68,NA,NA,NA,NA,NA,NA,NA,NA,NA,NA,2.5470956638845826e-4,3.121,68,6.19,6.34,68.2,69.9,6.258529411764706,69,NA,NA,NA,NA,0.156,1.999,NA,NA,3.101,0.415,NA,0.46875,NA,NA,NA,NA,NA,187.38666666666668,40.35665161764706,-94.77650352941177,317.7852941176471,6.337142857142857,20.093571428571426,7.132880715674528
182,2021-06-03,2021-06-03T09:59:39Z,0.03,10.009333333333334,112,3.0031666666666665,6.529584968206509,6.749551663970018,16.60858095238095,9.488555555555555,19.762323529411766,11.447739316239316,0.900091701543829,0.1860518437083405,0.17598304849472662,0.00823247279383594,6.529584968206509,97,0,9.846666666666666,0,111.23333333333332,3.7133333333333334,40.15601374570446,5.116952380952381,0.06208333333333333,55.388571428571424,0.5527777777777778,0.8426666666666667,2.5415,4.145666666666667,4.490666666666667,4.145666666666667,4.145666666666667,NA,0.3165038002171553,1.0472380952380953,0.2483809523809524,NA,0.23717715532921063,53.08205128205128,-26.12121212121212,40.49733345238095,-91.7663155952381,187.15238095238095,9.655833333333334,21.98125,7.118681560803003
182,2021-06-22,2021-06-22T17:56:57Z,0.04,9.581666666666669,84,2.976166666666667,4.552955965526442,6.1139570541972565,23.154185185185185,10.034657142857142,25.343090909090908,12.89262365591398,2.1932808996979247,0.35412178920662013,0.39367249349193145,0.01697739910774849,4.552955965526442,84,0.17333333333333334,10.686666666666667,1.5,118.26666666666668,4.401230158730159,50.38928571428571,8.9639814814814809,0.45380952380952383,105.27777777777777,4.06,3.5613333333333332,4.0024999999999995,5.429,6.316666666666666,4.033333333333333,5.144666666666667,NA,0.27209206740649405,1.8489814814814816,0.12444444444444445,NA,0.06730432169863289,-34.494285714285716,-87.06666666666666,40.49729646825397,-91.7663073015873,190.61984126984126,8.925333333333333,25.927933333333335,8.204037694889053
182,2021-07-13,2021-07-13T17:25:37Z,0.15133333333333332,10.358,69,4.3895,5.237313323825234,5.809142084141185,22.81836936936937,10.211307692307692,23.86135416666667,11.600432432432433,2.0979675864341516,0.4748274062376345,0.3838976131175004,0.02532021736138332,5.237313323825234,69,0.15333333333333332,9.193333333333332,1.3333333333333333,112.3,3.5330434782608697,41.87391304347826,6.326846846846847,0.24923076923076923,75.67387387387387,2.235897435897436,0.178,3.0251666666666663,3.944333333333333,4.690333333333333,3.615666666666667,3.615666666666667,NA,2.4126074498567336,1.3422522522522522,1.0365765765765766,NA,0.7722665950734949,-82.73076923076923,-118.6222222222222,40.49749164251208,-91.76656024154589,189.4487922705314,9.065833333333334,26.21816666666667,8.054188268434938
182,2021-07-31,2021-07-31T15:33:42Z,0.07466666666666667,10.173333333333334,79,4.288833333333333,6.473515306760947,6.910097192057504,23.27495424836601,9.908866666666666,26.381603603603605,11.760174603174603,2.2331485154874144,0.22041698963767628,0.4209550160337269,0.016807207465700632,6.473515306760947,79,0.24,8.376666666666667,2.1,107.4,3.9367510548523206,48.280168776371305,5.8936601307189544,0.348,72.95947712418301,3.0866666666666664,0.07466666666666667,3.749,4.661666666666667,5.648333333333333,3.9066666666666663,4.357333333333333,NA,1.4351145038167938,1.3541830065359477,0.9615032679738562,NA,0.7100246150876007,-144.27466666666666,-161.54444444444445,40.497105864978906,-91.7661153164557,188.8675105485232,8.373333333333333,28.19633333333333,8.407789129100083
183,2021-05-18,2021-05-18T10:25:21Z,0.00166666666666666,3.909,62,1.9648333333333334,1.9340323190682105,2.00040021523395,17.876363636363635,15.99058024691358,17.851107843137257,16.01436904761905,0.3259908652644299,1.2292702654848706,0.1640053820321131,0.022019674608255522,1.9340323190682105,62,4.2,8.72,41.8,93.3,7.121881720430108,74.04301075268818,8.113333333333333,5.9571604938271605,85.6131313131313,60.42962962962963,0.00166666666666666,1.9648333333333334,NA,NA,1.8376666666666668,1.5086666666666666,NA,0.22029702970297024,1.057070707070707,0.19070707070707071,NA,0.18041089345437172,193.60123456790123,202.67222222222222,38.84627301075269,-93.7780702688172,223.30645161290323,8.72,18.590666666666667,7.818585448910238
183,2021-06-14,2021-06-14T12:38:47Z,0.028,3.562,72,1.7570000000000001,1.8472352739395772,2.7617136000058,28.800454545454546,17.11488888888889,28.925,19.62295,2.750099114618024,1.482069012396828,1.2286886763661462,0.1691236107212752,1.8472352739395772,72,1.12,11.07,11.4,143.8,7.125555555555556,88.8638888888889,10.83030303030303,1.6922222222222223,140.55757575757576,17.63888888888889,0.88,2.1475,2.986,NA,2.218,1.859,NA,0.11647727272727272,2.2454545454545456,0.4124242424242424,NA,0.1836707152496626,67.73333333333333,66.72727272727273,38.84596583333333,-93.77772972222223,222.8736111111111,10.735714285714286,29.858714285714285,8.438618450501949
183,2021-07-06,2021-07-06T12:28:32Z,0,3.687,70,1.259,3.291946780081963,3.687,26.029806451612902,18.245,29.462692307692308,22.762863636363637,1.7730720763663612,1.0393365565168717,0.8687158059159075,0.05004601227576072,3.291946780081963,70,0.62,11.74,6.6,155.8,5.3064285714285715,68.28857142857143,5.903225806451613,0.62,76.14516129032258,6.6,0.542,1.092,2.133,2.907,0.945,0.945,NA,0.18774157923799006,6.6567741935483875,1.227258064516129,NA,0.18436227951153325,-28.2,8.17,38.84609414285714,-93.77697885714285,222.56571428571428,11.29,30.37075,8.704667692901747
183,2021-08-03,2021-08-03T12:32:59Z,0.048,3.764,66,1.842,3.2142672391501965,3.764,26.247875,18.666,27.8414,22.26577419354839,1.7514130771240843,0.6281196467679233,0.8120174216722026,0.035084677364755075,3.2142672391501965,66,0.78,7.04,8.4,90.4,3.896060606060606,48.86666666666667,4.426964285714286,0.78,55.792857142857144,8.4,0.048,0.132,2.632,3.388,1.392,1.001,NA,0.7846153846153846,2.4132142857142855,1.4735714285714285,NA,0.6106260174633713,-93,-82.3,38.84552575757576,-93.77704363636364,224.21515151515152,6.271,28.192,7.97702410264216
184,2021-05-27,2021-05-27T13:38:00Z,0.31166666666666665,6.406666666666666,60,1.6768333333333332,6.303879438889678,6.342054437084571,17.989278735632183,11.478666666666667,24.055744444444443,15.674237037037038,0.956925889198601,NA,0.29695869625965643,0.030521281344013614,6.303879438889678,57,0,7.92,0,94.3,3.6475292397660817,41.90921052631579,3.6475292397660817,NA,41.90921052631579,NA,0.31166666666666665,3.911,3.904,4.5183333333333335,0.674,1.3403333333333334,NA,0.1979522184300341,0.9066091954022989,0.03762931034482759,NA,0.04150554675118859,48.3,50.593939393939394,38.590523222222224,-92.80631149999999,260.31430555555556,7.92,24.127833333333335,7.835003198027001
184,2021-06-16,2021-06-16T15:55:39Z,0.012,7.323,146,0.788,4.0084297306172445,4.211433130527421,23.508130952380952,12.375844827586207,32.612764705882356,17.043178294573643,2.035596982633251,0.7039628086726061,0.5409503223603502,0.07891531988643062,4.0084297306172445,146,0.12,10.57,1.1,142.6,2.72013698630137,35.18424657534246,4.554166666666666,0.22344827586206897,59.49880952380953,2.1155172413793104,0.725,1.2919999999999998,2.175,2.578,1.61,1.216,NA,3.058823529411765,0.6185714285714285,0.45595238095238094,NA,0.7371054657428792,-30.42241379310345,-100.74444444444444,38.5906254109589,-92.80634780821917,263.82465753424657,10.154166666666667,32.70225,9.091032373783055
184,2021-07-08,2021-07-08T16:21:02Z,0.05733333333333333,5.660666666666667,49,2.1438333333333333,0.1839408539972542,5.124194453879619,29.23193333333333,12.673333333333332,27.7069649122807,16.725933333333334,3.539034260226231,0.6951847854733173,0.6676843464984027,0.02625025666158482,0.1839408539972542,49,0.33333333333333337,9.233333333333334,3.1333333333333333,120.66666666666669,3.6378911564625853,45.54557823129252,9.191333333333334,0.3491666666666667,120.02666666666667,3.283333333333333,0.08733333333333333,0.097,2.5363333333333333,3.199666666666667,2.056,1.4723333333333333,NA,0.33837579617834385,2,0.61,NA,0.305,-83.53333333333333,-83.53333333333333,38.59060367346939,-92.80637054421769,263.3904761904762,9.190000000000001,29.157285714285713,8.591722362864491
184,2021-08-05,2021-08-05T16:13:28Z,0,7.41,134,2.2855,3.19630569345292,4.6337394406624615,25.782533333333333,12.629604166666667,27.26020930232558,15.62834065934066,2.5801861889141264,0.6396224041919277,0.5832620537515549,0.09367459907336265,3.19630569345292,134,0.53,10.51,4.8,132.9,4.838134328358209,58.41492537313433,9.275,0.775,115.05333333333333,7.3375,0.542,2.505,3.874,5.1,2.356,2.356,NA,2.8881355932203387,1.403,2.1095,NA,1.5035637918745546,-94.77291666666666,-109.05555555555556,38.591350223880596,-92.80700880597016,264.9111940298507,10.447777777777778,27.477888888888888,8.976717965375995
185,2021-06-02,2021-06-02T12:37:19Z,0.035,6.269,110,0.6495,5.479056413589529,5.9157738659664805,19.758072916666666,15.346285714285715,22.7514,18.711863157894737,0.7924493643424739,0.619530252577844,0.23635035921818542,0.03169858440452229,5.479056413589529,110,0.8,11.03,8,127.9,7.170181818181818,79.17727272727272,8.024791666666667,1.042857142857143,88.78229166666667,10.457142857142857,0.438,0.1165,5.464,6.211,2.754,0.578,NA,0.2796208530805687,1.2208333333333334,0.17604166666666668,NA,0.14419795221843004,107.2,107.03333333333333,40.39822109090909,-94.08674327272728,289.97636363636366,10.690833333333334,22.846666666666668,8.71487335103374
185,2021-06-22,2021-06-22T12:44:45Z,0.052,5.005,85,4.6754999999999995,3.9677201094823555,5.005,25.181560606060607,19.523,24.891746835443037,20.3915,1.302402030633857,0.9656314551105347,0.43109622666694436,0.09046230063759743,3.9677201094823555,85,1.26,6.76,13.7,83.2,4.848588235294118,58.74941176470588,5.637575757575758,1.26,68.6,13.7,0.052,1.3515000000000001,4.549,NA,0.895,0.471,NA,0.1347517730496454,1.118939393939394,0.05924242424242424,NA,0.05294515910629655,-7.3,44.11,40.39828270588235,-94.086634,293.6270588235294,6.75375,25.8365,7.85
185,2021-07-13,2021-07-13T11:47:48Z,0.076,5.611,110,5.185499999999999,5.392598400225889,5.611,24.442866666666667,20.998,24.523735294117646,21.48025,0.8061413585011223,0.7323655403884866,0.2765777394826805,0.017215410578483657,5.392598400225889,110,0.5,8.49,5.6,104.7,4.465363636363636,54.03,4.652666666666667,0.5,56.31619047619048,5.6,0.151,0.8855,4.468,4.903,0.151,0.342,NA,0.19230769230769232,1.9404761904761905,0.27990476190476193,NA,0.14424539877300616,18.7,33.67777777777778,40.39810990909091,-94.086653,291.5409090909091,8.446,25.9416,7.956166479950674
185,2021-07-31,2021-07-31T09:54:39Z,0.023,4.433,72,3.4844999999999997,4.077693678302075,4.433,28.73536923076923,23.342,29.299500000000002,24.690875,1.433931614567996,1.024745735494978,0.5989306106295749,0.07494349876681482,4.077693678302075,72,0.91,7.07,10.7,92.4,4.982083333333334,64.92361111111111,5.404769230769231,0.91,70.55846153846154,10.7,0.023,2.899,3.737,4.307,2.022,0.111,NA,0.3474576271186441,1.9243076923076923,0.534,NA,0.2775023984649824,52.5,71.15555555555555,40.39803236111111,-94.0865775,290.5625,6.655555555555556,29.421555555555557,7.218734134900632
186,2021-06-09,2021-06-09T08:38:58Z,0.099,4.989,109,2.6235,3.49871052082483,3.7637526954956515,23.243894736842105,16.780444444444445,24.477661016949153,17.6647,1.3315892554869606,0.6223184516495327,0.5068818297296549,0.11534899141522559,3.49871052082483,109,0.17,9.89,1.7,121.2,4.408990825688074,52.98256880733945,6.182236842105263,0.28888888888888886,74.51973684210526,2.988888888888889,0.227,0.1675,2.621,2.989,1.892,0.959,NA,0.35543766578249336,2.7875,0.906578947368421,NA,0.325230115647864,-17.38888888888889,-43.345454545454544,37.730950183486236,-90.63387467889909,313.9357798165138,9.639166666666666,25.704,7.397280837609342
186,2021-06-29,2021-06-29T16:56:18Z,0.023,4.943,93,1.0739999999999998,3.9890148034302753,4.608217373143039,28.62526923076923,16.793166666666668,33.33620833333333,24.587869565217392,2.754919005090642,0.5161030913853891,0.9905856432096495,0.06390373277989136,3.9890148034302753,93,0.82,20.32,8.4,286,9.885698924731182,132.98709677419356,11.595641025641026,0.8716666666666667,156.55384615384617,8.983333333333334,0.308,2.129,3.229,4.51,1.786,1.063,NA,0.8035160289555325,7.648717948717949,5.677051282051282,NA,0.7422225947033189,-141.83333333333334,-137.4375,37.73093258064516,-90.6338535483871,313.0752688172043,20.14846153846154,33.714615384615385,9.717334964138017
186,2021-07-21,2021-07-21T16:32:45Z,0.074,4.931,97,2.8475,4.121082857355158,4.897129589989095,25.417172839506172,18.938,26.737942307692308,22.06748888888889,1.4793523606857661,0.8678402475970518,0.5184300847675063,0.040774258467018064,4.121082857355158,97,0.35,16.31,3.8,207.9,4.743092783505155,59.37216494845361,5.602592592592592,0.35,70.24074074074075,3.8,0.211,0.7125,2.709,3.156,0.136,0.136,NA,0.7994945240101096,5.214074074074074,4.032222222222222,NA,0.7733342804375621,-150.5,-136.23636363636365,37.73108092783505,-90.63379814432989,313.9257731958763,15.667777777777777,27.725,9.324300606535452
186,2021-08-10,2021-08-10T16:23:40Z,0.008,4.744,65,3.0745,3.9752874037643138,4.744,28.129490909090908,21.053,29.465833333333332,23.03891304347826,1.783280573381262,0.507857139419607,0.6469702681757659,0.07664071764326165,3.9752874037643138,65,0.99,14.47,11.1,194.9,7.0496923076923075,92.30615384615385,8.116,0.99,106.62,11.1,0.178,0.04,3.642,4.744,0.008,0.008,NA,0.5810663764961915,6.546363636363637,5.0120000000000005,NA,0.7656158866824052,-149.8,-143.3,37.73111784615384,-90.63374876923078,315.47846153846154,14.05,30.950444444444443,9.232365358836194
211,2021-06-01,2021-06-01T11:05:32Z,0.01399999999999999,6.481,63,4.639166666666667,5.839224241666778,6.085924726008565,18.024994047619046,11.696666666666667,19.11911851851852,12.905296296296296,0.939837863462003,0.2723592631116189,0.27939349132720886,0.009048620798527637,5.839224241666778,63,0.17333333333333334,7.656666666666667,1.6,85.46666666666667,3.9722222222222223,43.41428571428571,4.44172619047619,0.1925,48.59047619047619,1.775,0.01399999999999999,0.03016666666666666,4.032666666666667,4.504666666666667,1.0313333333333334,3.931666666666666,NA,1.956834532374101,0.7954761904761904,0.26607142857142857,NA,0.3344806944028734,-44.00833333333333,-38.693333333333335,39.762860370370376,-94.2583483068783,284.1708994708995,7.415555555555556,20.58,6.82330488265357
211,2021-06-21,2021-06-21T12:42:14Z,0.013,7.371,137,3.5700000000000003,4.609299358671006,5.073338224972914,25.13118888888889,12.45825641025641,26.561042253521126,14.838303030303031,2.431134270198868,0.7297394414442664,0.6205800154112954,0.08040565333533624,4.609299358671006,137,0.16,8.35,1.5,104.8,3.5494890510948904,44.005109489051094,5.254444444444444,0.2494871794871795,65.56,2.3564102564102565,1.224,2.2585,3.25,3.778,1.903,3.902,NA,1.528593508500773,4.246111111111111,1.1525555555555556,NA,0.27143791704827946,-29.066666666666666,-72.58,39.762690072992704,-94.25832591240875,284.6459854014599,8.263,27.283,8.09324771813243
211,2021-07-12,2021-07-12T13:17:08Z,0.123,7.423,125,3.2655000000000003,6.2634410394053495,6.544558234057431,22.06663888888889,12.76623076923077,24.770709677419354,16.953809523809525,1.6499046691844796,0.38309873206649264,0.4283176456167576,0.03502022890789041,6.2634410394053495,125,0.19,5.8,1.8,70.4,2.2684,27.0888,2.5921296296296297,0.2053846153846154,31.034259259259258,1.9538461538461538,0.123,0.147,3.246,3.667,3.246,3.246,NA,3.581339712918661,1.4437037037037037,1.6690740740740742,NA,1.1561056952283222,-18.9,-22.5,39.76280472,-94.2583396,282.6544,5.454444444444444,25.143555555555555,7.8062556781262264
211,2021-07-30,2021-07-30T13:53:00Z,0.008,4.706,87,2.1015,4.465992778146623,4.64840645601492,28.250378048780487,18.62,31.862116279069767,23.658386363636364,2.3153800051067037,1.4395500474235114,0.947292990194061,0.03855904792469455,4.465992778146623,87,0.63,10.79,6.7,147.8,6.196436781609195,83.32643678160919,6.532439024390244,0.63,87.95731707317073,6.7,0.795,1.745,3.203,3.941,2.643,2.643,NA,3.9141791044776117,1.8397560975609757,2.475487804878049,NA,1.345552167572584,-88.8,-67.34,39.76293540229885,-94.25850885057471,284.4425287356322,10.630833333333333,32.10375,9.331864769970114
213,2021-06-01,2021-06-01T13:09:46Z,0.038,4.958,95,0.0495,0.81043006516749,0.9356545100464069,21.373722222222224,20.482891891891892,22.225,20.646297872340426,0.19237241656435344,0.22110894518833893,0.07568912946905526,0.02687336711615536,0.81043006516749,95,8.65,13.09,96,150.5,9.963368421052632,111.26631578947368,12.181666666666667,9.384594594594594,137.9611111111111,104.32297297297298,0.038,0.881,NA,NA,0.773,0.503,NA,0.14540466392318244,6.0777777777777775,0.9400000000000001,NA,0.15466179159049362,62.76756756756757,65.31111111111112,39.7737147368421,-94.27225431578947,273.6663157894737,12.556363636363637,21.591454545454546,8.676122193380904
213,2021-06-21,2021-06-21T14:16:19Z,0.023,4.547,87,NA,NA,NA,NA,NA,NA,NA,NA,NA,NA,0.0020064041975616743,4.547,87,2.19,4.3,27.8,54.7,2.964712643678161,37.62413793103448,NA,NA,NA,NA,0.023,4.5245,NA,NA,0.159,0.023,NA,0.05084745762711864,NA,NA,NA,NA,NA,90.67272727272727,39.77401436781609,-94.27235931034483,273.71149425287354,4.14875,27.68625,7.558877310604839
213,2021-07-12,2021-07-12T14:47:21Z,0.008,5.265,83,NA,NA,NA,NA,NA,NA,NA,NA,NA,NA,0.001975561410406382,5.265,83,3.26,6.15,40.2,76.4,3.8851807228915662,47.93855421686747,NA,NA,NA,NA,0.008,0.03949999999999999,NA,NA,0.244,0.244,NA,0.45588235294117646,NA,NA,NA,NA,NA,59.9,39.773526626506026,-94.27144686746988,275.79638554216865,5.08,26.37922222222222,7.741790053388446
213,2021-07-30,2021-07-30T15:42:06Z,0.057,4.255,75,3.7615,3.3959635101411214,3.901712751789591,31.584559322033897,29.241142857142858,31.50346153846154,29.3088,0.7155008835662784,1.1581077951909062,0.3005833104196545,0.0358764687694389,3.3959635101411214,75,2.4,12.17,31.3,166.4,10.066,136.552,11.185423728813559,3.532857142857143,152.19152542372882,46.214285714285715,0.202,3.8585000000000003,NA,NA,0.256,0.17,NA,0.348127600554785,5.969661016949153,1.9377966101694915,NA,0.3246074784929445,41.32857142857143,41.22,39.7739512,-94.2724056,274.308,12.15857142857143,31.88585714285714,9.281475531529209
219,2021-04-30,2021-04-30T10:10:26Z,0.07,3.794,82,2.5745,3.525089477189352,3.687206832953735,17.78911842105263,13.0445,19.226372549019608,14.525354838709678,0.7366482976810858,0.2892113188175817,0.3724097297607866,0.0319899948604682,3.525089477189352,82,3.56,10.15,33.8,112.3,8.137073170731707,86.01219512195122,8.442894736842105,3.8150000000000004,89.59736842105264,36.25,0.63,2.061,NA,NA,1.51,1.543,NA,0.09531502423263327,4.253289473684211,0.33092105263157895,NA,0.07780355761794276,110.35,110.48333333333333,38.99412780487805,-92.48918231707317,232.93536585365854,10.092727272727272,20.412454545454544,8.584574018289759
219,2021-06-04,2021-06-04T13:23:30Z,0.162,3.62,64,0.9705,2.7809742227738092,3.3267354781484904,21.40062745098039,16.628666666666668,24.1113125,19.369416666666666,0.933295029562828,0.4875991446806921,0.44807898117477907,0.027179781408744334,2.7809742227738092,64,1.25,12.75,12.8,151.6,7.9078125,90.3890625,9.502156862745098,1.3883333333333334,109.02941176470588,14.283333333333333,0.593,0.16749999999999998,2.944,NA,1.63,0.593,NA,0.12445730824891461,4.144509803921569,0.5035294117647059,NA,0.12149311633628235,39.1,48.6375,38.99427390625,-92.48891875,233.4890625,12.35888888888889,24.487555555555556,9.006234224276595
219,2021-06-16,2021-06-16T17:50:44Z,0.016,3.573,64,0.317,3.0522121867022824,3.301182503185652,24.417464285714285,16.5256,31.1294,22.78937288135593,1.6623986826322152,0.277871061099448,0.8699171081798477,0.04497811259419546,3.0522121867022824,64,1.16,22.83,11.9,299.3,9.06234375,115.03125,10.164107142857143,1.278,129.48214285714286,13.1,0.447,0.866,2.741,NA,1.813,0.402,NA,1.1772151898734176,4.097142857142857,1.7282142857142857,NA,0.42180962343096234,-80.74,-67.15,38.9944465625,-92.4890075,234.725,21.653333333333332,30.403333333333332,9.848447340131436
219,2021-07-15,2021-07-15T12:13:16Z,0.042,3.479,55,3.246,3.218143250870789,3.3753920482142674,25.0487,19.288,25.0487,19.355,1.315202394260723,2.4718766222306088,0.7233841618436923,0.04614328882573511,3.218143250870789,55,0.74,10.18,8,127.2,5.512727272727273,67.84181818181818,5.975,0.8049999999999999,73.658,8.75,0.524,1.141,2.744,3.279,1.065,0.042,NA,0.31664853101196955,5.0206,1.1542,NA,0.22989284149304862,304.04999999999995,304.19,38.99359727272727,-92.48948,234.2,10.075714285714286,26.840857142857143,NA
276,2021-06-09,2021-06-09T16:55:08Z,0.024,4.255,79,0.5720000000000001,1.197730851224324,2.0944545945167405,28.394863636363638,16.295275,30.645,18.99276119402985,2.7723097781100705,1.4560312731978948,1.0762649226754983,0.11134289826273606,1.197730851224324,79,0.32,10.1,3.2,126.9,3.9782278481012656,49.153164556962025,9.626818181818182,0.68425,124.08636363636364,7.045,0.061,1.4325,1.762,2.455,1.609,1.609,NA,0.21732405259087395,4.620454545454545,0.5763636363636364,NA,0.12474176094441713,-78.7575,-100.66,38.75555911392405,-92.20656025316455,211.24556962025315,9.314545454545454,30.908272727272728,8.130178525993138
276,2021-07-22,2021-07-22T17:46:28Z,0,3.962,105,0.10350000000000001,2.2949056448701226,2.3933823149144575,25.536903846153844,21.64162,30.457333333333334,23.38985294117647,0.944835730158843,0.873964120937277,0.4653816814805276,0.08029302470969736,2.2949056448701226,105,0.53,16.9,5.9,216.5,6.160095238095238,76.07809523809524,11.392884615384615,0.9506,141.69423076923076,10.822,0.125,1.173,2.428,2.999,1.332,1.657,NA,0.14354450681635925,8.902692307692307,1.2075,NA,0.1356331274031192,11.396,-47.86470588235294,38.75539628571428,-92.2061199047619,213.35809523809525,16.056,29.0804,8.922091587765511
276,2021-08-06,2021-08-06T12:32:05Z,0.032,4.098,77,2.7350000000000003,3.835215754515117,3.9820122253571366,24.30770422535211,21.0075,25.464891304347827,21.957677419354837,0.7702502997860847,0.35457358782061565,0.36291506793177003,0.028933557977607556,3.835215754515117,77,0.42,7.64,4.7,95.5,2.918311688311688,35.61298701298701,3.127887323943662,0.43,38.20422535211267,4.85,0.032,0.8565,2.259,2.911,0.649,0.418,NA,0.1546572934973638,3.2583098591549295,0.3492957746478873,NA,0.10720152156998357,-82.75,-77.78181818181818,38.75527090909091,-92.20660883116882,216.35714285714286,7.515714285714286,26.634714285714285,7.495842870106179
276,2021-08-11,2021-08-11T17:43:49Z,0.088,5.099,87,2.2845,3.3523373993375003,4.055727793830514,27.435775862068965,20.783375,28.796731707317072,22.32973913043478,1.6457834654277121,0.5086624091611045,0.5672777436656822,0.027011100488976893,3.3523373993375003,87,0.5,12.13,5.5,162.8,4.679425287356322,60.67816091954023,6.683965517241379,0.575,87.22931034482758,6.41875,0.26,1.2795,2.346,3.327,1.637,1.637,NA,0.17043847241867044,7.468275862068966,1.3670689655172414,NA,0.18305014313417675,-120.6125,-122.3,38.75535770114943,-92.20628264367816,209.89540229885057,12.097777777777777,30.75311111111111,8.61809969994165
276,2021-08-19,2021-08-19T14:50:43Z,0.154,3.914,62,0.6395,2.1222198373923016,3.914,27.12325641025641,21.68,27.974555555555554,25.596188679245284,1.3626282673147898,0.6565412962413931,0.47763083346415897,0.031944758927435396,2.1222198373923016,62,0.62,7.99,7,103,3.8685483870967743,48.60645161290323,5.5571794871794875,0.62,70.15128205128205,7,0.154,0.6395,2.071,2.89,0.96,0.921,NA,0.1686241610738255,7.253589743589743,1.0917948717948718,NA,0.15051786913641346,-111.8,-102.9625,38.75554612903226,-92.20621193548386,213.04677419354837,7.956666666666667,28.2305,7.655066716310017
420,2021-05-19,2021-05-19T11:38:00Z,0.116,6.718666666666667,81,1.8005,5.5321824635940144,5.824371571180682,17.12161111111111,11.089916666666667,20.548045454545456,14.346621468926553,0.8415978209239938,0.19773792111711339,0.2400841917229784,0.013882772444478463,5.5321824635940144,81,0.11,9.856666666666667,1,109.2,5.96641975308642,63.446090534979426,7.276313131313131,0.17250000000000001,77.44393939393939,1.5722222222222222,1.3353333333333333,3.1706666666666665,4.266,4.615333333333333,1.8233333333333333,2.192,NA,1.0261627906976745,0.4448484848484848,0.20333333333333334,NA,0.4570844686648502,-43.28055555555556,-77.24444444444444,38.47462378600823,-91.39057613168724,214.23703703703703,9.595555555555555,21.099555555555554,8.33910544988285
420,2021-06-30,2021-06-30T15:50:17Z,0.054,7.041,105,4.452,6.078343315876781,6.45957512417107,23.01481111111111,11.1014,26.049402985074625,13.048421052631578,2.0583964739935254,0.18835554844610589,0.5546570161533576,0.03540566756024758,6.078343315876781,105,0.8,8.31,7.2,106.8,5.071238095238095,61.934285714285714,5.7572222222222225,0.893,70.79777777777778,8.12,0.531,3.3075,5.101,6.494,1.529,4.48,NA,1.3120567375886527,0.7077777777777777,0.11377777777777778,NA,0.16075353218210364,-40.56,-43.7,38.47440123809524,-91.39051971428572,217.10285714285715,8.172222222222222,28.971555555555554,7.963195838604166
420,2021-07-22,2021-07-22T15:29:53Z,0.005,7.348,129,3.4930000000000003,5.258548691652151,5.636477149916853,25.53821052631579,12.098620689655172,28.9059375,15.370584615384615,2.5789833318893898,0.434727032109653,0.6676177098509265,0.05220145017964086,5.258548691652151,129,0.41,9,3.7,119,4.470697674418605,57.03333333333333,5.873052631578948,0.5196551724137931,75.57894736842105,4.862068965517241,0.553,2.5105,4.079,4.858,1.721,3.624,NA,3.3207547169811322,1.086,0.7429473684210527,NA,0.6841135989144131,-19.110344827586207,-57.80909090909091,38.47443953488372,-91.39034310077518,214.69457364341085,8.683636363636364,31.545727272727273,8.2901438114836985
420,2021-08-11,2021-08-11T15:33:27Z,0.031,6.763,92,3.9135,4.888513437006851,5.592229919282776,27.793913043478263,13.5035,29.437655172413795,15.989470588235294,3.018052469060649,0.6446831153483276,0.8084015179161372,0.05556337890661217,4.888513437006851,92,1.04,8.38,9.8,111.6,5.862934782608695,74.90434782608696,7.2871014492753625,1.3085714285714285,94.61739130434782,12.614285714285714,0.796,3.167,5.242,NA,3.87,3.731,NA,4.665217391304348,0.9843478260869565,1.377536231884058,NA,1.3994405182567728,-59.542857142857144,-81.35,38.47464858695652,-91.39022369565217,217.14565217391305,8.290000000000001,30.461,8.470281267040654
423,2021-05-19,2021-05-19T09:59:20Z,0.01033333333333333,5.753333333333333,76,2.4266666666666667,2.2766164451814115,2.7487329022772142,19.853986111111112,12.99870634920635,19.820987654320987,13.53382993197279,1.1423754395490278,1.4602413501702185,0.36700173577989165,0.088385992914867,2.2766164451814115,76,0.12666666666666668,9.88,1.1333333333333333,108.2,6.039956140350877,63.91359649122807,9.827361111111111,3.015793650793651,107.80972222222222,29.94047619047619,2.034333333333333,2.7815,3.8886666666666665,4.157,3.949333333333333,4.376666666666667,NA,4.099601593625498,0.48569444444444443,0.31416666666666665,NA,0.6468401486988847,215.0222222222222,142.18,38.473742149122806,-91.26692438596491,213.63377192982455,9.726666666666667,19.90088888888889,7.5479246119097745
423,2021-06-30,2021-06-30T14:41:35Z,0.01,8.098,135,3.6765,7.984115372525281,8.03451146211115,19.54483076923077,8.576666666666666,27.09515873015873,12.178958333333334,1.5129741375693584,1.2699736625732783,0.37135507919234034,0.059589040405689096,7.984115372525281,135,1.01,8.13,8.6,102.7,5.735037037037037,66.40592592592593,5.91423076923077,1.0433333333333334,68.60538461538462,8.933333333333334,0.053,4.407500000000001,6.821,NA,4.307,5.417,NA,0.9871323529411764,0.9506153846153846,1.0751538461538461,NA,1.1310082537627448,-71.56666666666666,-62.458333333333336,38.47315474074074,-91.26746311111111,211.95703703703703,7.94,28.608384615384615,7.908667526723743
423,2021-07-22,2021-07-22T14:18:07Z,0.028,8.039,148,3.1645000000000003,6.103864528559482,6.33277814231946,23.749693693693693,9.1911875,28.852491228070175,14.716714285714286,2.40669348531344,0.35879065183218817,0.5821767371415372,0.036715266384506465,6.103864528559482,148,0.85,10.59,7.2,128.1,5.739797297297297,69.21689189189189,7.238918918918919,1.1575,88.65405405405406,10.09375,3.671,3.9960000000000004,6.078,7.536,3.732,5.214,NA,7.246753246753246,0.6147747747747748,1.536126126126126,NA,2.4986811254396244,-111.328125,-124.09,38.47354216216216,-91.26775763513514,211.98445945945946,8.3675,30.5215,8.509748810090501
423,2021-08-11,2021-08-11T14:29:57Z,0.052,7.91,118,3.8485,6.4707832099070455,6.75596228193032,24.23574,9.618785714285714,28.590016666666667,15.279758620689655,2.4924266353498297,0.38083945015166626,0.6082665463305086,0.03387935545039499,6.4707832099070455,118,0.87,8.49,7.6,110.2,5.49,67.89915254237287,6.2771,1.0514285714285714,78.34,9.242857142857142,1.919,4.1215,5.862,7.694,3.994,4.644,NA,2.636904761904762,0.9042,0.8666,NA,0.9584162795841629,-74.08571428571429,-83.6625,38.473328898305084,-91.26772127118643,214.59152542372883,8.135714285714286,29.897142857142857,8.48001526045756
432,2021-05-25,2021-05-25T13:43:14Z,0.189,3.472,66,1.971,3.239918539486753,3.472,20.16635,17.185,21.69225,18.597210526315788,0.5725870542770508,0.2726869785933202,0.3091654761813536,0.021155729741801303,3.239918539486753,66,1.29,7.94,13.4,91.8,5.423787878787879,60.404545454545456,5.804166666666666,1.29,64.755,13.4,0.525,2.0244999999999997,3.281,NA,1.149,0.297,NA,0.32323232323232326,1.3686666666666667,0.13416666666666666,NA,0.09802727715538236,-12.4,-12.916666666666666,38.664198636363636,-94.33880393939394,278.1318181818182,7.9075,22.52275,8.070057563355697
432,2021-06-15,2021-06-15T08:30:54Z,0.013,3.992,74,2.817,3.742971648274432,3.992,25.483194029850747,17.437,27.133576923076923,19.105363636363638,1.7769510695418376,0.5071177195096922,0.837981226331034,0.045249120154557426,3.742971648274432,74,0.78,11,8.1,142.4,6.1937837837837835,78.21891891891892,6.748805970149254,0.78,85.42537313432835,8.1,0.865,1.408,2.98,3.717,2.774,0.659,NA,0.5548172757475083,2.2792537313432835,0.8070149253731344,NA,0.35406980551371886,-69.1,-42.918181818181814,38.66462554054054,-94.33891081081082,281.24594594594595,10.926,28.7486,8.485165872936857
432,2021-07-07,2021-07-07T08:56:50Z,0.022,4.312,81,1.7534999999999998,3.300890922986823,4.312,26.314888888888888,20.679,27.91790909090909,23.584125,1.3611904056186859,0.5264283884102727,0.5114268319229921,0.03603391847497884,3.300890922986823,81,0.48,12.78,5.4,165.7,4.449506172839506,56.525925925925925,5.55047619047619,0.48,70.71587301587302,5.4,0.23,0.7395,2.135,2.798,0.178,0.582,NA,1.0952380952380951,2.6573015873015873,1.5757142857142858,NA,0.5929753300280748,-37.5,-21.51111111111111,38.66441148148148,-94.33889086419754,280.8740740740741,12.534444444444444,28.77188888888889,8.766529312719936
432,2021-08-04,2021-08-04T08:36:50Z,0.015,3.777,63,2.7925,3.49464142321101,3.777,27.187448275862067,23.043,27.754666666666665,24.0592,1.0661835721939497,0.401023646887575,0.5252965718723552,0.021998989366473064,3.49464142321101,63,0.68,5.03,7.9,63.9,2.8501587301587303,36.13968253968254,3.0324137931034483,0.68,38.51034482758621,7.9,0.015,0.0345,2.522,3.228,2.214,0.477,NA,0.6205882352941177,2.350862068965517,1.3560344827586206,NA,0.5768243491015769,-91.4,-85.2,38.66459253968254,-94.33919095238096,279.43968253968256,4.104,27.855,7.590068551038856
433,2021-05-25,2021-05-25T12:25:34Z,0.018,2.118,47,1.425,1.8566722056998968,1.9742308249293818,21.217309523809522,17.339,21.9648125,18.3358,0.7697698923047938,0.8972012743415765,0.6886599936888305,0.025953156609739257,1.8566722056998968,47,0.42,9.67,4.3,112.1,6.163404255319149,70.40212765957448,6.826428571428571,0.53,78.04761904761905,5.5,0.212,0.8705,1.648,1.845,0.704,0.181,NA,0.13270777479892762,5.176428571428572,0.6830952380952381,NA,0.13196265121199577,20.233333333333334,70.82727272727273,38.662365531914894,-94.34541617021277,270.9063829787234,9.536363636363637,22.604909090909093,8.26888347440589
433,2021-06-15,2021-06-15T07:55:49Z,0.007,1.639,35,1.5554999999999999,1.2710776500729821,1.639,28.0236,25.565,27.83290625,25.734,0.6712976277175358,1.6031024191283367,0.6689821634025329,0.030942795828133907,1.2710776500729821,35,2.78,5.94,34.1,76,5.402571428571428,68.83428571428571,5.8388,2.78,74.704,34.1,0.007,1.374,NA,NA,1.481,1.481,NA,0.22491349480968859,5.0116,0.6268,NA,0.12506983797589594,42.7,165.92857142857142,38.66233057142857,-94.34546771428572,274.3342857142857,5.907,28.0614,6.638288539827774
433,2021-07-07,2021-07-07T08:13:54Z,0.038,2.186,48,1.462,1.5252272576954289,2.0682175394797206,27.376685714285713,22.026,27.45120588235294,23.05607142857143,1.3549041127214423,1.1569358279356434,0.9929710059909539,0.044741089588356216,1.5252272576954289,48,1.19,8.8,13.7,112.4,5.9325,74.7625,7.394,1.28,93.82285714285715,14.7,0.224,0.976,1.827,NA,0.778,0.778,NA,0.11348205625606206,7.469428571428572,0.9577142857142857,NA,0.12821787859082737,0.6666666666666666,52.81,38.66219145833333,-94.345988125,272.5416666666667,8.7625,27.94975,7.162016243971148
433,2021-08-04,2021-08-04T07:59:40Z,0.011,1.329,28,1.318,NA,NA,NA,NA,26.673296296296297,26.451,NA,NA,NA,0.009552826692526502,1.329,28,5.87,7.21,73.1,89.9,6.132142857142857,76.55,NA,NA,NA,NA,0.011,0.034,NA,NA,1.329,1.329,NA,0.13821138211382114,NA,NA,NA,NA,NA,145.65,38.66216928571429,-94.34566,272.425,6.405,26.6839,7.1535004143167615
438,2021-04-30,2021-04-30T13:07:52Z,0.065,2.645,57,0.2535,1.5193608842217048,1.96836674650535,20.86587878787879,12.090388888888889,24.30725,16.91256603773585,1.4646368990916017,1.2710470993098508,0.9467576755078105,0.05480705797329655,1.5193608842217048,57,3.38,8.98,31.1,106.2,7.189649122807018,76.90701754385965,8.574242424242424,4.7683333333333335,96.33636363636363,44.43888888888889,0.065,1.0065,NA,NA,1.202,1.144,NA,0.13924050632911392,3.796060606060606,0.5245454545454545,NA,0.13818152789973656,79.41111111111111,80.31666666666666,38.90127421052632,-92.34210701754385,218.55964912280703,8.912500000000001,23.65925,7.848614736854695
438,2021-05-07,2021-05-07T12:18:10Z,0,4.241,100,2.0759999999999996,2.4996354229180087,2.713939244460086,17.607548387096774,10.874636363636364,18.595529411764705,11.461183673469387,0.949673678741874,0.327831571539338,0.42631152297630354,0.03197707028123558,2.4996354229180087,100,0.29,8.8,2.6,96.9,4.4861,47.533,6.859677419354838,0.48787878787878786,73.2258064516129,4.4363636363636365,0,1.822,2.49,2.717,1.753,2.636,NA,0.1662531017369727,2.7835483870967743,0.4432258064516129,NA,0.15923050179626838,-129.56363636363636,-224.4909090909091,38.9013217,-92.342108,218.723,8.72625,20.008875,7.206364049464606
438,2021-11-18,2021-11-18T14:45:33Z,0.092,4.168,57,NA,NA,NA,NA,NA,NA,NA,NA,NA,NA,6.761129220232917e-5,4.168,57,9.26,9.92,82.3,88.2,9.459999999999999,84.12631578947368,NA,NA,NA,NA,0.092,4.1615,NA,NA,4.168,1.813,NA,0.2644628099173554,NA,NA,NA,NA,NA,158.68571428571428,38.901241754385964,-92.34196087719299,219.1,9.86,10.1244,7.300046051294917
440,2021-12-02,2021-12-02T10:59:55Z,0.025,1.808,32,NA,NA,NA,NA,NA,NA,NA,NA,NA,NA,3.3163222639199684e-4,1.808,32,11.07,12.72,93.4,106.3,12.303125,103.16875,NA,NA,NA,NA,1.74,1.756,NA,NA,1.041,1.808,NA,0.4029850746268657,NA,NA,NA,NA,NA,193.54615384615386,38.893619375,-91.7372046875,243.615625,11.798,7.8976,NA
446-01-00,2021-01-27,2021-01-27T12:54:32Z,0.015,2.488,58,2.2405,2.4095813868084672,2.4385964157206077,0.21216666666666667,1.2345000000000002,0.13344897959183674,1.0825555555555555,0.056173667457983356,0.3658959264612346,0.04463514664214121,0.00630888331320512,2.4095813868084672,58,12.52,18.4,88.7,125.8,16.098793103448276,110.85862068965517,16.36074074074074,12.524999999999999,112.48148148148148,88.80000000000001,0.154,1.7595,NA,NA,0.409,0.409,NA,0.42145593869731807,1.3009259259259258,0.6255555555555555,NA,0.4808540925266904,229.1,230.42857142857142,NA,NA,NA,18.3375,-0.021833333333333333,6.146175943354045
446-02-00,2021-01-27,2021-01-27T11:41:02Z,0,0.972,21,NA,NA,NA,NA,NA,NA,NA,NA,NA,NA,0.0016777896665210652,0.972,21,13.76,17.13,96.3,117.2,15.104285714285714,104.13333333333334,NA,NA,NA,NA,0,0.0195,NA,NA,0.407,0.17,NA,0.4861111111111111,NA,NA,NA,NA,NA,228.8875,NA,NA,NA,15.718461538461538,0.08946153846153847,NA
