MULakeNumber,date,dateTime,minDepth_m,maxDepth_m,numberOfMeasurements_temperature,thermoclineDepth_m_thresh0.3,top_metalimnion_m,bottom_metalimnion_m,epilimnion_temp_degC,hypolimnion_temp_degC,above_thermocline_temp_degC,below_thermocline_temp_degC,delta_hypo_epi_waterDensity_kgperm3,metalimnionDensityGradient_kgperm3perm,epiToHypoDensityGradient_kgperm3perm,buoyancyfrequency_1_s2,mixingDepth_m,numberOfMeasurements_do,minDO_mgpL,maxDO_mgpL,minDO_percent,maxDO_percent,DO_mgpL_profileMean,DO_percent_profileMean,epilimnion_DO_mgpL,hypolimnion_DO_mgpL,epilimnion_DO_percent,hypolimnion_DO_percent,depthMaxDOpercentage_m,Oxycline_m,Hypoxycline_m,Anoxycline_m,depthChlMax_m,depthBGAMax_m,depthPEMax_m,ratioMaxBGtochl_RFUperRFU,epilimnion_chlorophyll_RFU,epilimnion_phycocyaninBGA_RFU,epilimnion_phycoerythrinTAL_RFU,ratioEpiBGtochl_RFUperRFU,hypolimnion_orp_mV,bottom0.5m_orp_mV,site_latitude,site_longitude,site_altitude_m,surface_doConcentration_mgpL,surface_temp_degC,surface_pH
003,2022-05-31,2022-05-31T10:59:36Z,0.10033333333333332,15.179333333333334,75,3.1470000000000002,2.3738378149012167,5.115701802663881,22.405358974358975,7.124777777777778,22.03754901960784,8.288522988505747,2.2163348627456116,0.712948365913776,0.24734227552270135,0.018091968717195154,2.3738378149012167,75,0.04,10.5,0.3333333333333333,121.2,3.853022222222222,40.468444444444444,10.439743589743589,1.3820138888888889,120.4025641025641,11.56875,0.2673333333333333,3.2983333333333333,5.8486666666666665,13.421666666666669,2.0273333333333334,0.673,NA,0.1134301270417423,6.416153846153846,0.7702564102564102,NA,0.12004955440994285,113.57986111111111,121.84444444444445,NA,NA,NA,10.494444444444445,22.436999999999998,8.508891729157614
003,2022-06-21,2022-06-21T10:48:42Z,0.05,12.231,114,2.91,5.768224667271385,6.109465177298258,22.05998484848485,6.877295454545455,27.365763157894737,9.986947368421053,2.1485397057588216,0.7117016681205233,0.3417910600811803,0.06048554317374276,5.768224667271385,114,0.59,10.89,4.7,139.4,4.957017543859649,58.598245614035086,7.807272727272728,0.985909090909091,94.88939393939394,8.184090909090909,0.05,2.1245000000000003,5.02,8.883,3.388,3.444,NA,0.2921615201900237,1.8727272727272728,0.6557575757575758,NA,0.35016181229773463,137.85454545454544,143.675,39.341639561403504,-91.15297324561404,240.06929824561405,10.764285714285714,28.611714285714285,8.83
003,2022-07-18,2022-07-18T10:47:04Z,0.036,16.315333333333335,70,2.6990000000000003,1.4220827591518233,6.277377590748513,27.725866666666665,6.0835585585585585,27.311729166666666,8.932358024691357,3.623900503764503,0.689330859488641,0.3423517219737141,0.014208296786166311,1.4220827591518233,70,0.06333333333333334,8.73,0.5,110.73333333333332,2.4235238095238096,29.38142857142857,8.655666666666667,0.191981981981982,110.09666666666666,1.572972972972973,1.1336666666666666,2.2366666666666664,3.9186666666666663,5.005333333333334,3.463333333333334,2.1256666666666666,NA,0.2512218963831867,1.8296666666666668,0.4671666666666667,NA,0.25532883949717616,93.53423423423423,-96.95,39.34134542857143,-91.15287942857142,238.9740476190476,8.606666666666666,27.885444444444445,8.3178146472166965
003,2022-08-08,2022-08-08T10:33:34Z,0.025,10.524,126,3.5495,6.722507800443925,6.926340942321786,21.477,6.558075,28.070934782608695,9.7423875,2.030982692857833,0.23740932396360898,0.3786380093720061,0.035358080188746165,6.722507800443925,126,0.32,7.97,2.5,103.8,3.680873015873016,44.574603174603176,5.31421686746988,0.50575,65.41686746987952,4.1375,0.831,3.0075000000000003,5.003,6.38,3.881,3.937,NA,0.18907563025210086,2.2710843373493974,0.406144578313253,NA,0.17883289124668436,98.6175,103.37777777777778,39.34159611111111,-91.15314412698412,238.5484126984127,7.913333333333333,29.392333333333333,8.38
005,2022-05-31,2022-05-31T12:29:49Z,0.127,14.373,136,2.613,4.098555186462875,5.680687664609217,21.21053125,6.479494382022472,23.449590909090908,7.948157894736842,1.9753564237761339,0.2913783350386766,0.2476139168987495,0.018288982933240407,4.098555186462875,136,0.01,9.63,0.1,111.3,3.7730882352941175,38.31029411764706,9.1396875,1.5651685393258428,103.415625,12.96179775280899,0.127,2.9015,9.364,10.826,3.929,3.929,NA,0.18166089965397925,1.5403125,0.3075,NA,0.19963481436396835,77.65393258426967,-16.816666666666666,NA,NA,NA,9.176,25.0106,8.28
005,2022-06-21,2022-06-21T12:15:54Z,0.008,14.144,163,2.263,4.804007662483681,5.144675460150187,24.993527027027028,6.882176470588235,29.430439024390243,10.424991803278688,2.8582396708928854,0.5978412290634132,0.3946572625370601,0.0635925594402568,4.804007662483681,163,0.32,10.47,2.5,116.6,4.558711656441718,52.71717791411043,8.411621621621622,1.2016470588235295,102.2054054054054,10.136470588235294,2.774,3.9560000000000004,6.335,9.136,3.221,4.626,NA,0.3218884120171674,0.9762162162162162,0.2472972972972973,NA,0.25332225913621265,34.17411764705882,-90,39.02084429447853,-90.92018374233129,168.34601226993865,8.36,29.934545454545454,8.214636638871825
005,2022-07-18,2022-07-18T12:12:25Z,0.14966666666666667,13.324666666666667,76,3.4553333333333334,2.011232473753864,6.120608838222963,28.976166666666668,6.412571428571429,28.070263157894736,8.514380116959064,3.9715206481190535,0.9073815365820012,0.4556052363787613,0.03571271962047239,2.011232473753864,76,0.1,8.346666666666666,0.8,104.2,2.9194298245614037,34.803947368421056,7.960333333333334,0.32666666666666666,103.54,2.6912698412698415,1.838666666666667,3.9673333333333334,5.103666666666666,6.2603333333333335,3.3586666666666667,4.208666666666667,NA,1.1280701754385967,0.615,0.08266666666666667,NA,0.13441734417344173,-40.969047619047615,-114.07777777777777,39.02099671052632,-90.92028499999999,169.41315789473686,7.846666666666667,29.540166666666664,8.13166986469367
005,2022-08-08,2022-08-08T12:14:56Z,0.003,11.611,130,4.4925,5.690086754144165,6.25793355561038,26.818409090909093,7.250155172413793,29.07372727272727,8.816306666666666,3.3242302464498152,0.4547069983776239,0.5459023010371736,0.034380427513550055,5.690086754144165,130,0.51,8.95,4.1,115.3,4.678076923076923,56.87461538461538,7.909090909090909,1.1624137931034484,100.8030303030303,9.782758620689656,2.724,4.827999999999999,7.033,8.633,3.605,3.849,NA,1.010344827586207,1.3263636363636364,0.8031818181818182,NA,0.6055517477724469,15.363793103448275,-50.32,39.02103392307693,-90.92015476923076,166.34153846153848,8.45,31.100142857142856,8.23
011,2022-06-16,2022-06-16T10:24:10Z,0.16,6.706,66,3.4615,4.661135510967046,6.043873545602072,25.735488372093023,14.694333333333333,28.24226923076923,18.64815,2.2899820885509143,0.6252990092125021,0.566214922215426,0.03797279344390368,4.661135510967046,66,0.59,8.81,5.7,114.9,4.608484848484848,57.233333333333334,6.538139534883721,0.6677777777777778,82.3,6.611111111111111,1.967,3.3674999999999997,4.637,5.768,6.706,6.706,NA,0.5185185185185185,0.8541860465116279,0.17767441860465116,NA,0.20800435611216989,11.255555555555555,10.025,NA,NA,NA,8.46,29.207333333333334,8.447977745790569
011,2022-07-06,2022-07-06T12:53:24Z,0.003,14.386,131,7.26,7.256259029623025,7.281473648647397,22.91765573770492,10.901632352941176,22.769451612903225,10.934797101449275,2.0556082326532987,35.60860393043123,0.2852789701625389,0.3495614674275591,7.256259029623025,131,0.12,8.73,1,116.5,2.3851908396946566,29.938167938931297,4.86,0.2164705882352941,61.885245901639344,1.9808823529411765,2.267,7.2375,5.774,6.678,2.643,4.944,NA,0.08310249307479224,1.2918032786885245,0.17327868852459016,NA,0.13413705583756347,-57.80294117647059,-72.85,38.358688931297706,-91.53852541984733,233.26793893129772,8.153333333333334,31.220666666666666,8.149965439277178
011,2022-07-29,2022-07-29T11:44:09Z,0.085,14.445,124,5.558999999999999,5.759574832795533,6.9112121619774305,26.860035087719297,11.105758620689656,27.115054545454544,12.187855072463767,3.040718452904912,0.7757755332530389,0.3899197485621612,0.05852910761496684,5.759574832795533,124,0.2,8.52,1.7,108.9,3.543225806451613,43.83870967741935,7.010175438596491,0.4456896551724138,88.57192982456141,4.137931034482759,0.085,4.109,5.901,7.219,1.503,5.134,NA,2.450261780104712,1.1556140350877193,0.8921052631578947,NA,0.7719751024745711,-88.55689655172414,-121.46000000000001,38.35888693548387,-91.53929588709677,232.44032258064516,8.488333333333333,28.145666666666667,8.141759191446509
011,2022-08-18,2022-08-18T12:08:12Z,0.181,14.916,179,5.873,8.387813483565516,8.702352239574804,23.231367346938775,10.215389610389611,26.35707462686567,12.022196428571428,2.1955310121907132,0.1896314050176024,0.2883064148107637,0.04761274599638323,8.387813483565516,179,0.08,7.87,0.7,98.3,2.805977653631285,34.399441340782126,4.980714285714286,0.16493506493506493,61.5265306122449,1.481818181818182,1.65,4.8875,5.986,6.442,1.163,5.539,NA,0.8999999999999999,0.9513265306122449,0.5526530612244898,NA,0.580928885551861,-102.32857142857142,-112.18571428571428,38.35822865921788,-91.53861592178771,236.2586592178771,7.556,28.055,8.032018505541588
014,2022-05-31,2022-05-31T17:12:25Z,0.126,8.821,88,3.6550000000000002,6.499543133723079,6.926853599599085,21.237666666666666,11.6169375,23.891119047619046,14.924152173913043,1.598458710294267,0.23305738044061278,0.3456758326166032,0.012794295310330505,6.499543133723079,88,2.72,10.83,24.5,130.9,7.24375,81.84545454545454,8.272608695652174,3.3575,95.4144927536232,31,0.3,2.8475,NA,NA,2.714,2.256,NA,0.5495495495495495,0.6601449275362319,0.26333333333333336,NA,0.3989023051591658,89.09375,90.9,NA,NA,NA,10.613999999999999,25.9488,8.41
014,2022-06-21,2022-06-21T18:10:30Z,0.008,8.096,99,3.2635,5.803612237720633,7.056207393035283,25.78142666666667,11.775916666666667,29.993521739130436,16.28275471698113,2.679344381676515,0.29905581271756704,0.5732079178021341,0.037259272695272135,5.803612237720633,99,0.5,10.05,4.5,135.5,4.942727272727272,64.05252525252526,6.3196,0.5516666666666666,82.59866666666666,5.1,1.079,2.4444999999999997,4.29,5.529,1.702,2.82,NA,1.0508474576271187,0.38053333333333333,0.072,NA,0.189208128941836,71.825,61.21666666666667,NA,NA,NA,9.78,32.32528571428571,8.85
014,2022-07-18,2022-07-18T16:18:58Z,0.019,7.776,104,3.6145,4.239172412409436,5.410903829188934,28.218964285714286,13.613382352941176,29.527347826086956,16.256706896551723,3.1241661906207128,0.7644112800054231,0.6983147001399769,0.07499554750850546,4.239172412409436,104,0.34,10.29,3.2,136.7,4.279615384615385,55.416346153846156,7.386428571428572,0.5105882352941177,97.19821428571429,4.964705882352941,1.493,2.833,3.93,4.923,2.13,2.064,NA,0.3136531365313653,1.7042857142857144,0.47035714285714286,NA,0.2759849119865884,-91.35588235294118,-104.06,38.31269788461539,-90.59307403846154,163.44423076923076,9.83,31.521,8.77806459777859
014,2022-08-08,2022-08-08T16:01:07Z,0.075,8.194,107,4.0665,4.633260226889735,5.962194855548614,29.117115384615385,13.847324324324324,30.22440909090909,16.32014285714286,3.352983839056378,0.7122393479416631,0.7041912960245912,0.07469633114637615,4.633260226889735,107,0.38,13.39,3.5,181.1,4.314579439252337,57.00747663551402,8.136538461538462,0.538918918918919,109.71153846153847,5.264864864864864,1.718,2.0945,4.253,5.402,2.064,1.989,NA,0.7972508591065292,1.7482692307692307,1.0875,NA,0.6220437795622044,-89.9945945945946,-121.06666666666666,38.31243121495327,-90.59267523364485,163.02990654205607,12.384,33.4004,9.01
018,2022-06-01,2022-06-01T11:05:03Z,0.003,13.869,118,6.768,9.302884341012415,10.032930444157252,20.469654761904764,10.174733333333334,22.182126984126985,12.346527272727272,1.5769544328662732,0.3271001410755094,0.2160352699381606,0.02680960977121582,9.302884341012415,118,5.77,9.25,49.7,107.3,8.6,91.33728813559323,9.165714285714285,7.009666666666667,102.00119047619047,62.666666666666664,0.003,6.653499999999999,NA,NA,2.646,8.421,NA,0.3510638297872341,0.30083333333333334,0.10666666666666667,NA,0.3545706371191136,58.333333333333336,61.86,NA,NA,NA,9.248571428571429,22.707857142857144,8.47
018,2022-06-22,2022-06-22T10:10:34Z,0.043,12.255,106,7.9405,10.503733309382415,10.838432805667473,24.18429347826087,10.953818181818182,26.567216216216217,12.9831875,2.357280044091226,0.2731019765979243,0.37447757109481555,0.018176954061536053,10.503733309382415,106,6.82,10.25,60.9,118.5,8.994433962264152,104.31603773584905,9.174565217391304,7.555454545454546,109.32717391304348,68.65454545454546,5.692,7.803000000000001,NA,NA,6.113,10.568,NA,0.29545454545454547,0.2767391304347826,-0.22293478260869565,NA,-0.8055773762765122,76.03636363636363,77.2,NA,NA,NA,8.74,28.901,8.534027672897047
018,2022-07-19,2022-07-19T09:35:54Z,0.071,16.404,165,6.0785,11.18690667356795,11.696215759297775,24.102806722689074,9.23697619047619,28.747623188405797,13.727322916666667,2.4900108293940093,0.2965664779268277,0.2944439573323818,0.018497409979912782,11.18690667356795,165,1.08,10.58,9.2,117.9,6.807090909090909,78.61393939393939,8.338487394957983,2.6419047619047618,99.2890756302521,23.166666666666668,7.17,8.132,15.31,NA,7.571,16.404,NA,3.5961538461538463,0.27268907563025213,0.009831932773109243,NA,0.03605546995377503,87.29285714285714,79.14444444444445,37.89860884848485,-90.62955175757575,262.0812121212121,7.898333333333333,28.963,8.32
018,2022-08-09,2022-08-09T08:56:27Z,0.014,16.265,164,8.2925,9.998532329029988,11.230227657781885,25.911962264150944,9.886644444444444,27.98837931034483,12.05035064935065,2.9005235156034814,0.35080830345002756,0.33155101133150794,0.04966816664644072,9.998532329029988,164,0.77,10.49,6.6,109.4,6.288597560975609,74.21280487804879,8.27311320754717,1.8355555555555556,101.35283018867925,16.404444444444444,8.731,9.059999999999999,12.804,15.117,13.095,10.628,NA,0.9193548387096774,0.22103773584905662,0.18330188679245282,NA,0.8292787025181391,90.51777777777778,43,37.8984381097561,-90.62951969512196,263.3091463414634,7.79,29.07125,8.21
021,2022-06-01,2022-06-01T09:07:51Z,0.062,27.882333333333335,97,4.552333333333333,8.756557127840662,9.353198255713052,19.429366666666667,6.208760416666666,23.171254901960783,7.7003916666666665,1.6118394543273098,0.12574497621702632,0.11319504896659602,0.008750616249980806,8.756557127840662,97,4.56,9.043333333333331,36.1,106.3,6.810274914089347,62.8106529209622,8.440111111111111,6.090208333333333,92.84111111111112,49.240625,0.062,6.187,NA,NA,4.001333333333333,7.591,NA,0.5934065934065934,0.5985,0.20116666666666666,NA,0.3361180729601782,87.23072916666666,93.78888888888889,NA,NA,NA,8.918888888888889,24.131222222222224,8.15
021,2022-06-22,2022-06-22T08:27:47Z,0.013,21.037,165,3.7415,3.626642083442575,7.686928631157984,29.27166666666667,7.212747252747253,29.259304347826088,9.94618487394958,4.023853091892192,0.8684300647503878,0.3206604095818862,0.07138628007878949,3.626642083442575,165,5.24,9.53,43,106.5,6.796,70.7690909090909,7.942444444444445,5.62978021978022,103.82666666666667,46.82197802197802,4.855,6.6915,NA,NA,5.897,21.037,NA,0.16296296296296295,0.3293333333333333,-0.39155555555555555,NA,-1.1889338731443995,94.66593406593407,101.975,NA,NA,NA,7.93,29.306875,8.15
021,2022-07-19,2022-07-19T07:59:19Z,0.20133333333333336,28.12066666666667,114,5.7091666666666665,4.2311335188292,9.230396347868934,29.25131111111111,6.445104166666667,28.459761904761905,7.732125448028674,4.051191388873576,0.7253510780931205,0.24463768193702007,0.017003584523043253,4.2311335188292,114,0.4,8.503333333333334,3.2,104.56666666666666,4.333888888888889,43.778654970760236,7.978888888888889,3.099083333333333,104.27555555555556,25.2375,0.48633333333333334,5.950333333333333,24.836333333333332,26.180333333333333,7.488,26.180333333333333,NA,0.7389705882352939,0.4871111111111111,-0.034444444444444444,NA,-0.07071167883211679,101.09041666666667,115.96666666666667,37.981885526315786,-90.32236733918128,225.2561403508772,7.995,29.257333333333335,8.13
021,2022-08-09,2022-08-09T07:27:46Z,0.0795,27.394,90,4.5008333333333335,8.1930008178965,9.61359500942831,25.63872023809524,6.380824561403509,29.546802083333333,9.012166666666667,3.045858665710057,0.20787419819331854,0.2114108319877148,0.01453097525948914,8.1930008178965,90,0.33666666666666667,7.623333333333333,2.7,100.23333333333332,3.344074074074074,36.26888888888889,6.480833333333333,1.9380116959064329,81.57261904761904,15.728654970760234,1.5686666666666669,4.793833333333334,8.696333333333333,24.358,6.379666666666667,5.347666666666667,NA,0.2793733681462141,0.735297619047619,0.24476190476190476,NA,0.33287460535902214,136.10409356725145,130.86666666666667,37.9818142962963,-90.32236162962964,224.59814814814814,7.62,29.59461111111111,8.06
030,2022-06-02,2022-06-02T08:02:50Z,0.089,4.281,59,NA,NA,NA,NA,NA,NA,NA,NA,NA,NA,0.002382010098900422,4.281,59,7.99,8.99,96.8,110.2,8.50864406779661,103.5,NA,NA,NA,NA,0.159,2.074,NA,NA,4.241,4.281,NA,0.27932960893854747,NA,NA,NA,NA,NA,41.7375,NA,NA,NA,8.99,25.660600000000002,8.146027588070906
030,2022-06-22,2022-06-22T17:10:04Z,0.05,4.972,49,2.479,1.8745746023708778,4.972,31.3935,26.58,31.31392,28.7745,1.40905959685972,0.44005540716987424,0.34923418395409306,0.014276981576111392,1.8745746023708778,49,3.49,9.11,43.5,122.9,8.300816326530612,110.56530612244897,9.058,3.49,122.79,43.5,0.05,4.0045,NA,NA,4.931,4.972,NA,0.44943820224719105,0.582,-0.256,NA,-0.4398625429553265,60.8,61.98,NA,NA,NA,9.055,31.447833333333335,8.518349241807357
030,2022-07-19,2022-07-19T16:59:47Z,0.06,4.811,106,0.351,4.685913563081154,4.768791431425382,28.59339603960396,24.346,31.7312,28.22989108910891,1.146619890000693,0.6911233792601307,0.4685935860465743,0.02557463551702085,4.685913563081154,106,0.45,12.51,5.3,171,6.030566037735849,79.31698113207547,6.305841584158416,0.455,82.96633663366336,5.4,0.148,1.045,3.592,4.099,0.427,1.681,NA,2.75,1.4175247524752475,3.4265346534653465,NA,2.41726618705036,-131.4,-120.08,36.928860471698115,-90.28698745283019,108.26037735849057,12.33,31.437,9.062722623296194
030,2022-08-09,2022-08-09T15:57:41Z,0.018,5.791,63,0.6605,5.533680904239888,5.616828142540168,30.2757,29.342,31.63383333333333,30.08405263157895,0.2802059508403545,0.15961517774543824,0.09540310771012739,0.007956431327879201,5.533680904239888,63,5.1,11.21,66.8,152.9,7.973492063492063,106.32222222222222,8.113666666666667,5.14,108.255,67.25,0.018,0.9385,NA,NA,0.361,1.411,NA,0.7916666666666666,3.2105,3.5673333333333335,NA,1.1111457197736594,54.900000000000006,54.57142857142857,36.928648095238096,-90.28662142857144,101.97301587301587,11.2075,31.71575,8.73508568238361
032,2022-06-02,2022-06-02T11:30:49Z,0.113,4.81,49,1.5505,2.5526299066984652,4.81,25.188451612903226,11.742,26.4911,18.056896551724137,2.528409053796281,0.6750227735630056,0.7155162444917698,0.03717691973133646,2.5526299066984652,49,5.01,9.63,46.3,109.1,8.444897959183674,96.87551020408164,8.887741935483872,5.01,107.97741935483872,46.3,1.869,2.9545,NA,NA,4.81,4.81,NA,1.1353383458646615,0.45225806451612904,-0.05419354838709677,NA,-0.11982881597717546,78.2,76.36,NA,NA,NA,8.7,26.6314,7.790046051294917
032,2022-06-23,2022-06-23T09:45:00Z,0.146,5.1,54,3.635,4.716885443285487,4.915861269442299,26.375297872340425,12.792,29.13791891891892,14.804705882352941,2.7181734562724387,0.6447423586394306,1.0259240824821232,0.04559398460961824,4.716885443285487,54,7,10.06,66.1,113.1,8.448148148148148,101.32962962962964,8.52468085106383,7.67,105.21489361702127,72.44,3.107,4.9995,NA,NA,5.1,5.1,NA,0.6923076923076923,0.6751063829787234,-0.1776595744680851,NA,-0.26315789473684215,124.48,123.28888888888889,NA,NA,NA,7.88,30.9435,7.732637454935156
032,2022-07-20,2022-07-20T08:32:09Z,0.057,4.526,78,3.63,4.10631379242843,4.358480961685361,28.38995652173913,17.91525,29.381183333333333,20.298666666666666,2.4877127038132585,2.4795218493728743,1.0412832434241228,0.08718137009608827,4.10631379242843,78,2.15,8.01,22.6,106.6,6.721282051282051,86.61794871794872,7.2443478260869565,2.3475,94.09565217391304,24.825,0.057,3.3945,NA,NA,4.33,4.526,NA,0.2785714285714286,0.49217391304347824,-0.09782608695652174,NA,-0.19876325088339225,87.825,86.62727272727273,36.658962307692306,-90.95460512820513,199.22820512820513,8.01,30.3142,8.040046051294917
032,2022-08-10,2022-08-10T09:02:00Z,0.028,5.697,59,4.21,5.184032576016913,5.624862785142803,28.09256862745098,16.1755,29.135511627906975,20.0896875,2.705537171575884,1.1356877114928867,0.8815940094117362,0.04634511945706549,5.184032576016913,59,0.96,7.6,9.8,100.1,5.233728813559322,67.6135593220339,5.845490196078432,1.065,76.01372549019608,10.8,0.028,2.6075,4.974,5.697,5.199,5.199,NA,0.45217391304347826,1.9054901960784314,0.6201960784313726,NA,0.3254784935171846,6.300000000000001,34.475,36.65873338983051,-90.95477016949152,204.2915254237288,7.592499999999999,29.7985,7.222521669455434
033,2022-06-02,2022-06-02T10:14:03Z,0.18,5.492,67,2.1559999999999997,5.378522273147866,5.492,20.536984375,15.068,24.55295238095238,18.3525,0.9969235077454641,0.41283343592605765,0.3556961801738551,0.02130090771646082,5.378522273147866,67,4.61,9.96,45.8,120.2,8.76776119402985,98.15223880597014,8.949375,4.61,100.4671875,45.8,1.548,2.9975,NA,NA,5.492,5.282,NA,0.32323232323232326,0.30640625,0.08484375,NA,0.2768995410504844,69.2,68.12857142857143,NA,NA,NA,9.76,25.038,8.38
033,2022-06-23,2022-06-23T08:38:10Z,0.038,5.118,63,2.529,3.5134487522289306,5.118,29.211354166666666,19.552,29.66354054054054,24.568884615384615,2.4114465124615663,0.9309223542200341,0.7174200459270893,0.02241469268502258,3.5134487522289306,63,8.39,10.63,92.1,124.7,9.40047619047619,119.25873015873016,9.206458333333334,8.39,120.28125,92.1,3.259,5.077500000000001,NA,NA,2.694,5.037,NA,0.03797468354430379,0.3172916666666667,-0.32729166666666665,NA,-1.031516743269862,166.2,164.94,NA,NA,NA,9.04857142857143,29.707,8.33
033,2022-07-20,2022-07-20T07:15:31Z,0.031,5.432,115,5.1605,5.299175341100536,5.386995289840807,28.896464285714284,22.831,29.059504587155963,22.907333333333334,1.6023522589069898,0.520536928896171,0.5805813500393895,0.030634179339334135,5.299175341100536,115,1.56,8.09,18.2,106.8,6.794608695652174,88.8391304347826,6.929553571428571,1.56,90.67053571428572,18.2,0.111,3.1185,5.344,NA,5.286,5.432,NA,0.2791666666666667,0.34669642857142857,-0.04776785714285715,NA,-0.13778006695853723,77.1,76,36.63689304347826,-91.05403747826087,173.57217391304349,8.08,29.864714285714285,8.19
033,2022-08-10,2022-08-10T08:04:43Z,0.014,5.308,70,3.216,5.011817449819454,5.308,28.087953846153844,23.825,29.33455,25.783633333333334,1.1304475002589243,0.780185704139717,0.4034299347449007,0.013971441380553803,5.011817449819454,70,0.8,7.47,9.5,98.2,5.221857142857143,67.63142857142857,5.548923076923077,0.8,71.94153846153846,9.5,1.612,2.285,4.544,5.184,5.308,5.184,NA,0.8814814814814814,0.8461538461538461,0.2887692307692308,NA,0.3412727272727273,75,102.13333333333333,36.63695885714286,-91.05360800000001,181.34571428571428,7.46,29.5786,8.08
036,2022-06-01,2022-06-01T15:20:59Z,0.1,7.808,95,6.1195,7.202955536274917,7.716002479025627,22.934883720930234,18.894666666666666,23.473780821917806,19.553954545454545,0.8713464623438085,0.19585854564200303,0.20943193046228997,0.008576880267565166,7.202955536274917,95,6.8,10.62,73.2,127.5,9.748315789473684,113.26315789473685,9.987674418604652,7.026666666666666,116.68139534883721,75.60000000000001,0.135,7.750500000000001,NA,NA,3.94,7.808,NA,0.6440677966101696,1.0397674418604652,0.11372093023255814,NA,0.10937150525609482,68.86666666666667,67.6,NA,NA,NA,10.386666666666667,25.699,8.48
036,2022-07-19,2022-07-19T13:43:36Z,0.022,7.562,131,6.198499999999999,7.123468539310103,7.502763296169012,28.984516129032258,26.765,29.18652727272727,27.237428571428573,0.627903000120682,0.2824643465747156,0.1581361778766268,0.007344214182857758,7.123468539310103,131,0.59,9.13,7.4,120.1,6.120839694656489,80.1030534351145,6.428064516129032,0.6,84.14354838709677,7.550000000000001,1.776,3.9805,5.924,6.945,2.637,7.509,NA,0.654320987654321,0.5485483870967742,-0.013629032258064517,NA,-0.024845633637165538,29.85,64.7125,37.13872465648855,-90.77453908396947,147.64351145038168,8.857999999999999,30.1006,8.506027588070905
036,2022-08-09,2022-08-09T13:08:00Z,0.041,7.678,79,7.667,7.596432239523403,7.678,29.137013157894735,27.714,29.102038461538463,27.714,0.4096423512964975,0.2961266521620201,0.10558380671227931,0.004411645474380056,7.596432239523403,79,2.72,8.34,34.6,109.5,7.170759493670886,93.7,7.338815789473684,2.72,95.9342105263158,34.6,0.336,5.3294999999999995,NA,NA,2.607,5.496,NA,0.45121951219512196,0.6273684210526316,0.2810526315789474,NA,0.4479865771812081,78,78.05714285714285,37.138308734177215,-90.77353,151.17848101265824,8.328,29.566,8.25
039,2022-06-02,2022-06-02T15:23:33Z,0.268,15.014,132,7.131,12.3152579798619,12.444950010660643,17.890735849056604,8.951695652173914,21.785606557377047,11.330887323943662,1.1678060332837958,0.483488238981842,0.15423002936255575,0.01455081799829398,12.3152579798619,132,5.21,9.54,44.2,107,7.6658333333333335,79.94772727272728,8.196603773584906,5.440434782608696,87.82641509433962,47.095652173913045,1.63,6.912,NA,NA,6.253,15.014,NA,0.18518518518518517,0.4876415094339623,0.13377358490566038,NA,0.2743277229638228,71.97826086956522,73.87142857142857,NA,NA,NA,8.98,24.054,8.185028781677847
039,2022-06-23,2022-06-23T14:16:05Z,0.034,17.709,146,3.9405,6.373563296780054,8.444165481522415,27.45601818181818,9.664589743589744,29.230948717948717,12.57626168224299,3.339421880522764,0.43243200918288827,0.3376631996268091,0.026827331572714733,6.373563296780054,146,3.69,10.67,30.3,118.2,6.706712328767123,72.9595890410959,8.603636363636364,4.92525641025641,108.47454545454545,43.77307692307692,5.654,7.959,NA,NA,7.058,17.709,NA,0.1452991452991453,0.25927272727272727,-0.458,NA,-1.7664796633941096,144.03333333333333,155.3,NA,NA,NA,8,30.149833333333333,8.21
039,2022-07-20,2022-07-20T11:53:18Z,0.08766666666666667,18.16,77,5.335666666666667,4.00834105752396,10.051957194764876,29.44198148148148,8.9988125,29.03313888888889,12.481849056603773,3.9639859347519177,0.584826674359648,0.3275531980242181,0.027624596805013113,4.00834105752396,77,0.6666666666666666,9.653333333333332,5.466666666666667,107.13333333333334,5.274545454545454,60.58744588744589,7.831666666666667,2.0196875,102.67037037037038,17.717708333333334,6.067,7.561333333333334,13.575666666666669,17.537,6.682666666666667,10.363666666666669,NA,0.3803230543318649,0.17796296296296296,-0.2775925925925926,NA,-1.5598335067637878,118.49375,125.84444444444445,37.73071658008658,-90.91198597402598,328.0632034632035,7.716666666666667,30.468333333333334,8.085079945965616
039,2022-08-10,2022-08-10T12:31:41Z,0.09,20.463,179,6.3385,6.723612455888082,9.118246793477974,27.803660714285716,8.884821782178218,28.09966037735849,10.789420634920635,3.4978591965221995,0.5364267599624689,0.3060560987949564,0.040432199869149976,6.723612455888082,179,0.23,8.11,1.9,98.9,3.878659217877095,45.22234636871509,7.519285714285714,1.151980198019802,95.90714285714286,10.433663366336633,0.09,8.65,11.774,13.899,7.543,7.075,NA,0.12951807228915663,0.32571428571428573,0.20857142857142857,NA,0.6403508771929824,135.65049504950494,42.54,37.73049044692738,-90.91206815642458,332.2486033519553,7.612,28.8848,7.88
043,2022-06-14,2022-06-14T11:26:57Z,0.005,5.618,35,2.8115,4.253266962503522,5.618,26.71972,17.72,28.165555555555557,20.56735294117647,2.055701376364709,0.7414703024471072,0.5887956378471947,0.05981653395417144,4.253266962503522,35,1.67,8.97,17.6,115.3,6.437714285714286,79.87142857142857,8.0112,1.67,100.948,17.6,2.583,2.8115,5.509,NA,4.345,0.077,NA,1.7682926829268293,0.5992,0.7008,NA,1.1695594125500668,-21.8,-0.666666666666667,39.15625857142857,-92.70986057142858,211.52857142857144,8.67,28.04225,8.609066846391078
043,2022-06-30,2022-06-30T14:28:45Z,0.034,5.97,63,2.827,3.4669028833873377,5.562744235689592,28.46309090909091,17.16466666666667,28.77271052631579,22.05196,2.6436346968631597,0.9124062162421513,0.65551368577528,0.06954495475613261,3.4669028833873377,63,1.78,10.99,18.4,141.9,8.27873015873016,105.34285714285714,10.328636363636363,1.89,133.26136363636363,19.633333333333333,2.705,2.9695,5.81,NA,2.532,3.012,NA,0.5042016806722689,1.0302272727272728,0.28136363636363637,NA,0.27310831678799913,-35.16666666666667,-30.700000000000003,NA,NA,NA,9.165,29.03325,8.657521503776607
043,2022-07-21,2022-07-21T09:56:56Z,0.023,7,81,4.1235,6.228509263227356,6.758933041034999,26.360222222222223,15.714,29.09964705882353,18.689933333333332,2.3002315564149285,0.4514151416509819,0.6109168950607458,0.031259590602155905,6.228509263227356,81,0.51,9.73,5.2,128.2,5.169012345679012,67.07407407407408,5.74375,0.5266666666666667,74.725,5.366666666666667,1.092,2.7110000000000003,4.056,5.231,7,7,NA,1.2572815533980581,1.3091666666666666,1.0694444444444444,NA,0.8168894546997666,-116.46666666666667,-113.96,39.15525962962963,-92.70992049382716,209.79135802469136,8.756666666666666,29.934,8.63669218511605
043,2022-08-15,2022-08-15T13:35:25Z,0.194,4.941,81,3.5255,3.5880677831394014,4.941,28.06320754716981,21.154,28.09525,24.34051724137931,1.7424007716881533,0.9170341547193063,0.553676370082441,0.03577639393199722,3.5880677831394014,81,0.32,7.05,3.6,90.8,3.5285185185185184,45.148148148148145,5.099811320754717,0.32,65.46037735849056,3.6,0.194,2.3315,3.272,3.672,0.424,0.526,NA,0.6194690265486725,1.69,1.0933962264150943,NA,0.6469800156302333,-120.2,-116.9,39.156182716049386,-92.71052802469136,208.13456790123456,7.046,28.4208,8.224027672897048
044,2022-06-14,2022-06-14T12:26:32Z,0.021,5.035,38,5.0335,5.032934771747923,5.034259886927619,22.92922857142857,17.249,22.775333333333332,17.217,1.175337580133828,36.08165428183564,0.46674412523183273,0.3544091146022144,5.032934771747923,38,0.85,9.51,8.8,119.7,5.342105263157895,65.02368421052631,5.702,1.06,69.57714285714286,11.1,0.021,5.0335,4.792,5.024,1.177,2.952,NA,0.2195945945945946,1.5425714285714285,0.48428571428571426,NA,0.3139470272272643,-51,-35.07,39.16566289473684,-92.73062921052632,221.41842105263157,9.25,28.722,8.48
044,2022-06-30,2022-06-30T13:02:06Z,0.235,3.73,71,2.892,3.2398362480926326,3.6803409296525635,26.58048275862069,21.4165,27.032897959183675,22.985045454545453,1.2726984952438443,1.1369899770066354,0.6103330855237431,0.04572868259015098,3.2398362480926326,71,0.77,9.02,8.7,116.3,5.535211267605634,69.3830985915493,6.540689655172414,0.79,82.22241379310344,8.899999999999999,0.235,2.545,3.153,3.539,1.936,3.73,NA,0.40425531914893614,1.1413793103448275,0.2587931034482759,NA,0.22673716012084597,-57.1,-40.13846153846154,NA,NA,NA,9.0175,28.53575,8.34
044,2022-07-21,2022-07-21T11:33:21Z,0.051,4.464,27,3.747,4.017625084269236,4.464,27.622652173913043,18.41,28.303619047619048,19.724,2.177411284516438,1.2205612904740137,0.8868615215269747,0.05363985653549055,4.017625084269236,27,1.65,9.3,17.7,122.3,5.539259259259259,71.41111111111111,6.195217391304348,1.65,80.46521739130435,17.7,1.393,2.3425000000000002,4.03,NA,0.931,2.83,NA,1.1055555555555556,1.1808695652173913,1.103913043478261,NA,0.9348306332842415,-116.1,-96.4,39.16515,-92.73088666666666,216.65555555555557,8.966666666666667,30.491333333333333,8.750690501035459
044,2022-08-15,2022-08-15T12:47:03Z,0.103,4.732,46,3.508,3.8089828397625265,4.499458996148337,27.553135135135136,19.563000000000002,27.84797142857143,20.748,1.9325275511057498,0.7443748440315647,0.7127841581488182,0.04373578521093839,3.8089828397625265,46,0.83,8.51,9.1,109.7,4.779565217391304,60.87391304347826,5.69,0.855,72.87297297297297,9.35,0.103,2.1055,3.314,4.42,0.523,2.895,NA,1.420849420849421,1.724054054054054,1.4762162162162162,NA,0.8562470606678163,-95.05000000000001,-90.02,39.16552782608695,-92.73048,218.4608695652174,8.4975,28.51775,8.487521503776607
045,2022-06-09,2022-06-09T15:06:56Z,0.23,14.794,101,6.9915,9.836210872846877,10.075406147310542,20.100507042253522,11.203857142857142,22.54982,12.513313725490196,1.399893800744394,0.21026993176362646,0.18624035345597378,0.01099904819879607,9.836210872846877,101,4.83,9.46,43.5,112.8,7.983762376237624,85.2940594059406,8.829577464788732,5.9246428571428575,98.20704225352112,54.089285714285715,0.23,6.5855,NA,NA,7.163,7.014,NA,0.3522727272727273,0.5294366197183099,0.09605633802816901,NA,0.1814312317105613,26.635714285714286,29.1,NA,NA,NA,9.293333333333333,25.137,8.19
045,2022-06-29,2022-06-29T15:11:20Z,0.07,14.764,171,5.318,8.231561787487227,9.142711269539662,24.488525252525253,11.580639344262295,27.62077777777778,14.335462962962962,2.3677934647053007,0.20684066359203476,0.30210792789138646,0.023690281216106477,8.231561787487227,171,1.22,8.35,11,106.7,5.702456140350877,65.47953216374269,7.457777777777777,3.0404918032786883,90.6949494949495,28.119672131147542,0.07,5.5280000000000005,13.89,NA,6.063,7.589,NA,0.2,0.35373737373737374,-0.26555555555555554,NA,-0.7507138777841234,90.7327868852459,95.81428571428572,NA,NA,NA,8.254,28.6492,8.23
045,2022-07-27,2022-07-27T15:14:53Z,0.026,13.498,156,5.9155,7.718153763733282,9.562004098416606,26.303956043956045,11.869607843137254,27.914942857142858,14.660360465116279,2.8079332025913573,0.36325848347379724,0.3660488326161626,0.035376927708776075,7.718153763733282,156,0.33,7.78,3,100,4.362820512820512,53.62948717948718,6.729230769230769,0.7201960784313726,84.68461538461538,6.713725490196079,0.077,5.7405,9.147,10.498,4.592,8.474,NA,0.9425287356321839,0.6658241758241759,0.4246153846153846,NA,0.6377289981845189,130.89607843137256,133.45714285714286,39.590963205128205,-92.89070628205128,225.36153846153846,7.75,28.497,8.118349241807357
045,2022-08-17,2022-08-17T12:44:36Z,0.06533333333333333,15.004,67,6.248333333333333,6.215449049172565,10.257970709525043,27.317488095238094,11.385857142857143,27.317488095238094,14.114213675213675,3.1376737331506774,0.6821660432474177,0.32947472395257404,0.021570828828444195,6.215449049172565,67,0.22,7.69,2,97.06666666666666,4.1078109452736316,50.16417910447761,7.627142857142857,0.4006349206349206,96.32619047619048,3.6873015873015875,3.186,6.715166666666667,9.032,10.045666666666667,7.103666666666667,9.578333333333331,NA,3.4187192118226597,0.39416666666666667,0.1955952380952381,NA,0.49622470552703113,77.2063492063492,50.17777777777778,39.591152537313434,-92.89091766169155,225.63134328358208,7.626666666666667,27.57911111111111,8.068891729157615
046,2022-06-09,2022-06-09T16:25:10Z,0.013,7.672,41,5.0695,7.165064479704204,7.3968805961277395,24.248729729729728,22.158333333333335,24.752703703703702,22.68657142857143,0.4993082587105846,0.11665290692354555,0.12634612226695396,0.0044198364027059405,7.165064479704204,41,6.6,10.72,75.8,130.7,9.30219512195122,111.12439024390244,9.58027027027027,6.683333333333333,114.77297297297297,76.76666666666667,0.013,3.1100000000000003,NA,NA,2.845,2.845,NA,0.2976190476190476,1.3291891891891892,0.3675675675675676,NA,0.27653517690117935,55,54.75,NA,NA,NA,10.673333333333334,25.613,8.75
046,2022-06-29,2022-06-29T16:42:50Z,0.048,7.636,122,2.291,7.479618155528628,7.571200077966642,27.181162393162392,26.386,28.063909090909092,26.81020224719101,0.21706305332145348,0.2258942493463606,0.05617877765648355,0.007696726570140446,7.479618155528628,122,3.98,8.4,49.4,108,6.765983606557377,85.35819672131147,6.8561538461538465,4.335,86.53333333333333,53.849999999999994,0.084,2.153,NA,NA,7.636,7.636,NA,2.123809523809524,0.3988034188034188,-0.0605982905982906,NA,-0.15195027861123017,83.19999999999999,82.30909090909091,NA,NA,NA,8.395714285714286,28.306428571428572,8.27
046,2022-07-27,2022-07-27T16:29:50Z,0.084,7.748,103,0.6555,1.079477706344262,1.4374693400657146,29.087333333333333,28.20361842105263,29.29911111111111,28.31908510638298,0.25613706162653216,0.2979945153917167,0.06319697162306097,0.007267348308580138,1.079477706344262,103,4.8,7.13,61.4,93.6,6.179902912621359,79.61747572815534,7.033333333333333,5.886710526315789,91.66190476190476,75.53026315789474,0.084,1.7309999999999999,NA,NA,0.977,1.173,NA,0.4450549450549451,1.5452380952380953,0.6861904761904761,NA,0.44406779661016943,115.48157894736842,116.88571428571429,39.5714913592233,-92.64715417475728,217.59126213592234,7.123333333333333,29.366666666666667,7.93669218511605
046,2022-08-17,2022-08-17T13:59:03Z,0.026,7.383,82,4.2010000000000005,6.114600010730387,6.469414056177301,29.150253731343284,27.583727272727273,29.493574468085107,28.038742857142857,0.45013084214122046,0.2631806419852259,0.11634573782658593,0.008931774085824322,6.114600010730387,82,5.81,7.69,73.7,101,7.007195121951219,91.09756097560975,7.227164179104478,5.9763636363636365,94.35373134328358,75.85454545454546,0.692,4.508,NA,NA,2.171,1.108,NA,0.3694581280788178,1.7386567164179105,0.586865671641791,NA,0.33753970297879643,62.95454545454545,63.08571428571429,39.5720543902439,-92.64712719512195,215.82682926829267,7.678333333333333,29.553666666666665,8.058349241807358
048,2022-05-23,2022-05-23T11:07:52Z,0.05,7.888,56,5.843500000000001,5.592121221917747,7.888,20.447146341463416,15.426,20.428920634920637,17.045857142857145,0.9229638026572502,0.3804199315737813,0.18125977788416986,0.013294442946141027,5.592121221917747,56,4.6,8.3,46.06666666666667,92.6,7.6223214285714285,83.525,8.105691056910569,4.6,89.99268292682927,46.06666666666667,0.05,6.167,NA,NA,0.8453333333333334,1.9913333333333336,NA,-0.045454545454545456,0.8273983739837398,-0.06105691056910569,NA,-0.07379384887491403,174.5,166.66666666666666,39.76093827380952,-92.5176380952381,237.10595238095237,8.293333333333333,20.74422222222222,7.75
048,2022-06-13,2022-06-13T10:39:21Z,0.106,8.323,102,1.056,7.857215052167017,8.231496009403024,22.242489583333334,17.967,25.3405,21.64308695652174,0.8859328762232508,0.383353003064823,0.20372640152234428,0.015692112539627212,7.857215052167017,102,2.56,8.97,27.1,109,5.601078431372549,64.94803921568628,5.78,2.615,67.184375,27.65,0.453,1.3045,NA,NA,0.713,0.713,NA,0.4125,0.8191666666666667,0.36895833333333333,NA,0.45040691759918616,136.5,135.95,NA,NA,NA,8.906,25.3774,8.298018335884988
048,2022-07-11,2022-07-11T10:32:16Z,0.072,7.968,98,7.282500000000001,7.649490686702555,7.968,26.567131868131867,19.297,26.92546511627907,19.90191666666667,1.7141319022923653,0.34057706487471784,0.41371627967440544,0.06582177402314038,7.649490686702555,98,0.62,8.93,6.7,113.8,6.069489795918368,76.61326530612244,6.480659340659341,0.62,81.9010989010989,6.7,0.072,3.703,6.254,6.994,1.373,1.93,NA,0.8660714285714285,0.8941758241758242,0.6421978021978022,NA,0.7182008111097457,91.7,98.91,39.76027969387755,-92.51670826530612,239.04795918367347,8.925,27.882166666666667,8.698349241807357
048,2022-08-01,2022-08-01T10:08:16Z,0.021,8.68,97,7.966,8.449196076471745,8.608412165936675,25.77507608695652,17.957500000000003,26.107272727272726,18.22988888888889,1.7590598468400458,0.7404339034352284,0.3980126357441563,0.022542582818200364,8.449196076471745,97,0.41,8.17,4.3,103.1,4.865360824742268,60.65051546391753,5.105652173913043,0.42,63.69239130434783,4.4,0.021,4.5024999999999995,5.861,6.757,0.649,1.233,NA,0.5727272727272726,1.421304347826087,0.8289130434782609,NA,0.5832058733557663,-110.9,-100.31428571428572,39.75914659793814,-92.51621536082475,238.89175257731958,8.16,27.2705,8.523777034708601
057,2022-05-25,2022-05-25T13:55:41Z,0.061,4.851,47,4.8405000000000005,4.783018948970414,4.851,18.916,12.852,18.67273913043478,12.852,0.973423989978528,1.3477387559024994,0.39578277691262165,0.026316904455020565,4.783018948970414,47,0.68,9.49,6.5,106.8,7.209787234042553,78.96595744680852,7.582272727272727,0.68,83.21136363636364,6.5,0.061,1.6360000000000001,4.851,4.851,1.662,1.173,NA,0.3591549295774648,0.941590909090909,0.3563636363636364,NA,0.3784697079411055,-75.5,35.77142857142857,40.18075787234043,-91.82809787234042,201.23617021276596,9.49,21.161166666666666,8.2
057,2022-06-15,2022-06-15T12:22:53Z,0.004,5.89,61,1.762,1.3913047610409532,4.017119619710112,29.087684210526316,13.432714285714285,28.986208333333334,18.291162162162163,3.400030355537865,1.152604864448887,0.7985214361668772,0.06418395847102457,1.3913047610409532,61,1.31,11,12.2,137.7,7.098196721311475,87.46229508196721,10.560526315789474,1.8014285714285714,137.57368421052632,17.40714285714286,1.114,2.21,4.634,NA,2.621,2.621,NA,4.121739130434783,0.5578947368421052,0.8136842105263158,NA,1.4584905660377359,-99.34285714285714,-115.55,NA,NA,NA,10.535714285714285,29.23957142857143,9.04
057,2022-07-13,2022-07-13T12:08:26Z,0.025,6.56,98,3.1795,4.483068871651002,4.691384004284933,24.743262295081966,12.754878787878788,27.635860465116277,14.54970909090909,2.295882307091688,0.8796902490604928,0.6784206296843129,0.06886774430451216,4.483068871651002,98,0.3,10.48,2.8,138.1,3.81765306122449,48.111224489795916,5.832950819672131,0.4636363636363636,74.42622950819673,4.4,0.302,2.2325,3.284,4.113,6.422,6.422,NA,2.49812734082397,1.0952459016393443,1.8270491803278688,NA,1.668163448585541,-116.80606060606061,-125.4090909090909,40.18047214285714,-91.82793163265306,193.90408163265306,10.458333333333334,29.854,9.12669218511605
057,2022-08-03,2022-08-03T10:47:32Z,0.055,7.033,91,3.3440000000000003,7.00827296322158,7.018840054096276,21.157655172413794,11.812000000000001,28.157095238095238,14.392714285714286,1.5594436468386448,1.5136733253863017,0.44279940170059123,0.06535355731458656,7.00827296322158,91,0.41,9.22,3.8,120.2,4.826813186813187,59.84065934065934,5.027356321839081,0.415,62.39425287356322,3.8499999999999996,0.055,2.6745,4.66,6.083,7.004,7.004,NA,3.0900562851782363,1.8782758620689655,4.040229885057471,NA,2.1510311486445137,-146.89999999999998,-141.94615384615383,40.1803721978022,-91.82800263736264,200.51538461538462,9.17,29.397833333333335,8.723397063447644
070,2022-06-08,2022-06-08T11:25:20Z,0.101,1.86,31,1.6675,1.7886913901744772,1.86,24.261857142857142,22.653,24.47116,22.618833333333335,0.3883271200480749,0.6325956224152965,0.4021388586707092,0.07483524961911577,1.7886913901744772,31,4.27,9.95,49.5,119.8,8.416129032258064,100.55806451612904,8.839642857142858,4.27,105.77857142857142,49.5,0.101,1.7425000000000002,NA,NA,0.294,0.37,NA,0.1818181818181818,4.520357142857143,0.7285714285714285,NA,0.16117563403650154,58,52.7,NA,NA,NA,9.923333333333334,24.6725,8.580038376418196
070,2022-06-28,2022-06-28T13:20:59Z,0.027,3.077,70,3.0655,2.9228215273483715,3.077,27.22476923076923,24.565,27.11772463768116,24.565,0.7039959535135267,1.964718998031211,0.4357518221120115,0.036360372390702604,2.9228215273483715,70,4.05,11.99,48.8,153.5,10.01142857142857,126.32285714285715,10.414461538461538,4.05,131.5646153846154,48.8,0.027,2.7960000000000003,NA,NA,0.628,3.077,NA,0.24043715846994534,5.323076923076923,0.9735384615384616,NA,0.18289017341040464,64.7,73.03846153846155,NA,NA,NA,11.96875,28.139875,8.96
070,2022-07-26,2022-07-26T11:12:06Z,0.016,4.741,73,3.6545,3.4801894850660258,4.641182799072108,27.26941379310345,20.677999999999997,27.206766666666667,22.182692307692307,1.6220430023904555,1.1248002216265376,0.5496593832260597,0.028630908525504716,3.4801894850660258,73,0.86,2.81,9.5,35.4,2.525890410958904,31.584931506849315,2.7498275862068966,0.895,34.70862068965517,9.9,0.016,2.886,3.893,4.538,4.684,4.684,NA,0.376303317535545,4.795344827586207,2.9489655172413793,NA,0.6149642253622407,-99.05,-93.44,38.68691095890411,-94.3584704109589,279.03972602739725,2.8,27.308714285714284,7.758585448910238
070,2022-08-16,2022-08-16T10:02:46Z,0.037,4.874,72,3.4425,4.395322939144255,4.843385233260522,27.26725,22.71,27.845823529411764,24.264666666666667,1.1667676899932076,0.6634632788774096,0.4384644994791254,0.016642224356449277,4.395322939144255,72,0.76,4.93,8.8,62.8,3.895138888888889,49.334722222222226,4.261875,0.76,54.0921875,8.8,0.037,3.2395,3.993,4.626,4.843,4.874,NA,0.3984375,4.6390625,2.8810937500000002,NA,0.6210508588750422,-132.2,-127.4875,38.68707111111111,-94.35872944444444,279.20972222222224,4.925,27.883666666666667,8.143358982687998
072,2022-07-12,2022-07-12T11:16:00Z,0.143,14.202,90,9.649000000000001,12.811053211164001,13.340445457504373,26.018158536585364,18.2284,27.56140625,19.864153846153847,1.7730847225393518,0.1736646084274803,0.2407219484607544,0.010970480602534223,12.811053211164001,90,0.37,9.54,3.9,124.3,4.6354444444444445,59.416666666666664,5.048292682926829,0.386,64.79146341463415,4.12,1.374,3.8369999999999997,7.923,9.61,1.374,3.283,NA,0.6258503401360545,0.8157317073170731,0.4192682926829268,NA,0.5139781731200479,-92.4,-95.6,39.397886111111106,-94.55148522222223,255.28222222222223,9.323333333333334,29.592666666666666,8.773358982687997
072,2022-08-09,2022-08-09T10:44:25Z,0.011,13.61,130,8.192499999999999,12.586467488946596,13.61,25.93009090909091,18.579,27.716923076923077,22.040365384615384,1.6833752073129062,0.19528997737179268,0.23007092867581672,0.01522546834196737,12.586467488946596,130,0.3,7.67,3.2,98.1,4.478,56.643076923076926,4.786942148760331,0.3,60.59586776859504,3.2,0.011,7.878500000000001,8.857,9.651,2.712,1.095,NA,1.2905027932960893,1.2156198347107439,1.4446280991735536,NA,1.1883880617309128,-122.1,-121.07499999999999,39.39911046153846,-94.54945376923077,258.53923076923076,7.67,27.9942,8.4
072,2022-09-07,2022-09-07T11:51:12Z,0.226,13.826,130,11.552499999999998,13.356820841480499,13.762149492859589,25.10272357723577,18.763666666666666,25.882443396226414,19.844833333333334,1.4318139910495802,0.22111817873604442,0.2012200021690638,0.012872158319415425,13.356820841480499,130,0.4,9.79,4.3,123,4.520615384615384,56.14153846153846,4.754146341463414,0.4033333333333333,59.082113821138215,4.333333333333333,1.404,3.6734999999999998,9.007,10.185,1.213,1.213,NA,0.4189473684210526,1.532520325203252,1.006910569105691,NA,0.6570291777188328,-130.5,-130.05714285714285,39.39810646153846,-94.5511236923077,256.60076923076923,9.6075,27.39225,8.397579396560634
072,2022-09-28,2022-09-28T12:24:52Z,0.2373333333333333,11.541,78,NA,NA,NA,NA,NA,NA,NA,NA,NA,NA,5.727727108569243e-4,11.541,78,6.286666666666667,7.626666666666667,71.83333333333333,87.4,6.827478632478632,78.1431623931624,NA,NA,NA,NA,0.2373333333333333,0.24966666666666665,NA,NA,1.05,1.05,NA,0.5271389144434223,NA,NA,NA,NA,NA,232.5,39.39957794871795,-94.54976363247863,258.98675213675216,7.541111111111111,22.08111111111111,7.89354650949619
074,2022-06-09,2022-06-09T10:46:25Z,0.145,8.246,68,4.4079999999999995,7.543821348386523,8.00528408064437,21.272935483870967,13.347999999999999,23.651,16.734066666666667,1.398490594013765,0.2217740962648905,0.321216555732794,0.009064265050315249,7.543821348386523,68,0.83,11.02,8,133.6,5.588235294117647,65.53823529411764,6.041290322580645,0.845,71.03064516129032,8.15,1.246,2.5535,5.724,7.627,0.801,1.807,NA,0.5148514851485149,1.0451612903225806,0.43951612903225806,NA,0.42052469135802467,12.25,19.06,NA,NA,NA,10.826666666666666,25.794999999999998,8.78
074,2022-06-29,2022-06-29T11:11:11Z,0.051,5.938,89,4.073,5.248834312059154,5.938,25.60167088607595,17.557,26.68463492063492,20.267653846153845,1.7864184561045704,0.6118341293388273,0.5391199013947201,0.02711897149852053,5.248834312059154,89,0.54,9.77,5.7,124.2,5.530112359550562,69.10112359550561,6.152278481012658,0.54,77.01012658227849,5.7,0.099,1.835,3.98,4.756,1.555,2.515,NA,0.34146341463414637,1.4972151898734176,0.3865822784810127,NA,0.25820087926952995,-45.3,-36.3375,NA,NA,NA,9.764285714285714,27.672142857142855,8.628585448910238
074,2022-07-27,2022-07-27T11:11:52Z,0.001,9.002,124,4.1185,6.757119319022473,7.116350354502514,23.83934375,13.599565217391305,26.81341379310345,16.98728787878788,1.9616879793467206,0.38385929547864434,0.41910897656765833,0.03163924878924015,6.757119319022473,124,0.24,6.98,2.2,88.1,3.0985483870967743,38.10806451612903,3.9071875,0.3017391304347826,48.30104166666667,2.9043478260869566,0.055,1.0905,4.667,5.578,0.481,0.986,NA,0.5845410628019324,1.8836458333333332,1.3546875,NA,0.719183763756014,-105.15217391304348,-106.14285714285714,39.394418790322575,-94.26219298387097,270.7959677419355,6.974285714285714,27.25642857142857,8.222913392494288
074,2022-08-17,2022-08-17T08:02:36Z,0.027,7.98,103,4.3454999999999995,6.376321545245597,6.955545595962312,24.263841463414636,14.373692307692307,25.877758620689654,17.88757777777778,1.959371971355381,0.5118662906408246,0.45783869185929554,0.05244650567518159,6.376321545245597,103,0.4,5.72,3.9,70.3,3.7966990291262137,45.984466019417475,4.623414634146341,0.48,56.30121951219512,4.730769230769231,0.027,4.2795000000000005,5.274,6.052,3.487,0.885,NA,0.9352941176470589,2.464390243902439,2.1974390243902437,NA,0.8916765637371338,-82.58461538461539,-84.12857142857143,39.3941,-94.2620218446602,272.6135922330097,5.711428571428572,25.894,8.101442746339746
085,2022-05-24,2022-05-24T16:36:50Z,0.074,8.965,102,4.4535,5.611347897032895,5.938174953422006,18.609738461538463,12.481848484848484,19.274283018867923,13.408755102040816,0.9595704833711807,0.5913815000161373,0.20654075405145964,0.03397050683868014,5.611347897032895,102,1.72,10.31,15.7,111.8,8.091372549019608,84.80686274509804,10.092153846153847,4.20030303030303,108.25538461538461,39.74848484848485,0.074,4.4535,8.627,NA,3.547,8.965,NA,0.07507507507507508,1.4076923076923078,-0.08553846153846154,NA,-0.060765027322404366,74.98484848484848,70.48571428571428,40.48674607843137,-93.55320323529412,291.73627450980393,10.31,19.271571428571427,8.64
085,2022-06-14,2022-06-14T15:43:29Z,0.043,8.939,89,3.8845,6.333395446973918,7.011686283438572,23.34123076923077,12.06,26.19214285714286,15.248042553191489,2.032220152843024,0.4172236717473792,0.4226180090421544,0.03157986067502733,6.333395446973918,89,0.79,9.18,7.2,113.7,5.8891011235955055,69.91348314606742,7.579076923076923,1.1542105263157896,91.14153846153846,10.778947368421052,1.979,3.8845,6.66,8.316,3.874,5.407,NA,1.0935672514619883,1.0624615384615386,0.162,NA,0.15247610773240658,-25.526315789473685,-73.23333333333333,NA,NA,NA,8.956666666666667,27.497166666666665,8.46669218511605
085,2022-07-12,2022-07-12T16:02:31Z,0.05749999999999999,10.535,86,4.775666666666666,7.079185704626254,7.251366386423234,24.381239393939396,11.562747126436781,28.477490476190475,13.851019607843137,2.342818125543431,0.4475943726490108,0.4376162493505691,0.02276429199201356,7.079185704626254,86,0.15,8.573333333333334,1.3,112.2,4.037596899224806,50.21085271317829,6.117454545454545,0.30896551724137933,76.68242424242425,2.8689655172413793,1.057,3.7195,6.698666666666667,7.0826666666666664,5.960666666666667,5.960666666666667,NA,3.15625,1.3575151515151516,1.7374848484848484,NA,1.2799008884325191,-72.49770114942528,-102.9,40.486938817829454,-93.55245968992249,292.5920542635659,8.528333333333332,29.594749999999998,8.33
085,2022-08-02,2022-08-02T13:46:40Z,0.13,8.929,102,5.316000000000001,7.149124865414209,7.560938448418928,25.55998717948718,12.146368421052632,27.780333333333335,14.912166666666666,2.579163306615783,0.3441149312206213,0.5522352595299577,0.05145266673516196,7.149124865414209,102,0.99,9.5,9.1,123.3,6.657058823529412,81.83235294117647,8.120641025641026,1.6194736842105262,101.47948717948718,15.142105263157895,0.204,5.2155000000000005,7.925,8.929,6.479,6.479,NA,3.6507936507936507,0.9051282051282051,0.8128205128205128,NA,0.8980169971671388,-67.26315789473684,-84.82857142857142,40.48696931372549,-93.55308696078431,293.628431372549,9.49,28.914,8.335028781677847
087,2022-05-23,2022-05-23T14:19:52Z,0.275,7.146,93,3.7755,4.17232961702511,4.855792929423935,21.275074074074073,14.3286,21.5242,15.139883720930232,1.2648782357545088,0.5340770391771702,0.3231072642620174,0.03816084251742592,4.17232961702511,93,3.24,9.65,31.2,108.8,7.986666666666666,86.99677419354839,9.578703703703704,5.017666666666667,108.19259259259259,49.20333333333333,0.275,4.402,NA,NA,4.509,4.608,NA,0,0.4596296296296296,-0.061481481481481484,NA,-0.13376309427880742,99.34666666666666,104.32222222222222,39.79673086021505,-93.02866107526881,241.94301075268817,9.59,21.569499999999998,8.462521669455434
087,2022-06-13,2022-06-13T12:52:23Z,0.192,8.428,106,3.7525,4.161212880023483,6.734729155715646,24.6714,13.861428571428572,24.9739,16.37335714285714,2.1335257465636914,0.4612685303538415,0.3878603081791032,0.020907550021704607,4.161212880023483,106,0.58,9.3,5.6,113.6,5.714622641509434,67.19245283018869,8.856363636363637,0.8204761904761905,106.81636363636363,7.966666666666667,0.192,3.899,6.093,7.133,3.447,3.514,NA,0.9655172413793103,0.7110909090909091,0.31727272727272726,NA,0.44617744822296085,10.095238095238095,-6.6,NA,NA,NA,9.22,25.96675,8.35
087,2022-07-11,2022-07-11T12:02:11Z,0.161,9.787,115,4.839,9.701706718434803,9.745380110581904,21.71112037037037,12.7644,28.49302,15.531276923076923,1.5698663449936703,2.0418841650109645,0.31938124325190265,0.058495751888575837,9.701706718434803,115,0.31,8.58,3,111.5,4.441739130434783,55.307826086956524,4.706018518518519,0.368,58.66851851851852,3.48,0.161,9.744,6.634,7.832,5.027,6.357,NA,4.4655172413793105,0.6118518518518519,0.7838888888888889,NA,1.2811743341404358,-117.46,-111.89090909090909,39.796074000000004,-93.02768052173913,240.76956521739132,8.564,29.037,8.52
087,2022-08-01,2022-08-01T12:13:33Z,0.022,9.863,106,5.9215,7.818953997992278,8.08483363604422,24.57160465116279,12.995058823529412,26.601304347826087,14.574594594594595,2.222445512919421,0.2896341949511618,0.4388334331805443,0.040295239509440035,7.818953997992278,106,0.55,8.71,5.2,110.3,5.269433962264151,65.07830188679245,6.307209302325582,0.7505882352941177,78.4267441860465,7.11764705882353,0.022,4.0745000000000005,7.006,8.277,3.88,6.227,NA,6.5234375,0.8418604651162791,0.9098837209302325,NA,1.0808011049723756,-96.17058823529412,-105.65,39.79623886792453,-93.02736,241.8179245283019,8.641666666666667,27.891,8.378387764365845
088,2022-06-23,2022-06-23T14:28:45Z,0.115,8.087,102,5.9175,6.85269363143412,7.709677424231891,25.65849411764706,15.799285714285714,26.956694444444445,17.487933333333334,2.100111117017036,0.42126873585299335,0.46961424923604417,0.0486585359093521,6.85269363143412,102,0.29,10.16,2.9,133.9,3.948921568627451,50.858823529411765,4.667529411764706,0.31,60.296470588235294,3.142857142857143,0.942,1.862,4.276,5.033,0.99,1.943,NA,0.13071895424836602,1.0134117647058825,0.19176470588235295,NA,0.1892268400278616,-162.44285714285715,-161.95555555555555,39.66275029411765,-92.99580607843137,223.27058823529413,9.531666666666666,29.990333333333332,8.620038376418195
088,2022-07-25,2022-07-25T11:38:01Z,0.025,5.072,37,4.5545,3.5459727693173564,5.072,28.912750000000003,23.854,28.547843750000002,24.5148,1.3613317366016418,0.9170728552186954,0.4126481110205409,0.020124722473100532,3.5459727693173564,37,2.08,5.79,24.7,75.2,5.089729729729729,65.54054054054055,5.7683333333333335,2.08,74.90416666666667,24.7,0.025,3.8925,NA,NA,0.025,0.025,NA,0.3193717277486911,1.7041666666666666,0.49625,NA,0.29119804400978,-80,-66.96000000000001,39.662644594594596,-92.99696972972973,226.14054054054054,5.79,28.9155,7.505028781677848
088,2022-08-30,2022-08-30T11:56:35Z,0.278,4.721,22,4.609,3.842845280908848,4.721,27.281625,24.907,27.05365,25.066000000000003,0.6329724743736733,0.5183616247420691,0.22609572556209578,0.01564572443478568,3.842845280908848,22,3.92,8.53,47.6,107.8,7.594545454545455,95.45454545454545,8.425625,3.92,106.3375,47.6,0.278,4.1865,NA,NA,2.313,0.278,NA,0.16363636363636366,3.02375,0.46625,NA,0.1541959487391484,13.9,66.98,39.66254,-92.99688636363636,221.72272727272727,8.52,27.4315,8.06
088,2022-09-06,2022-09-06T09:47:20Z,0.139,4.188,39,NA,NA,NA,NA,NA,NA,NA,NA,NA,NA,0.0013082761225890105,4.188,39,5.03,6.28,62,77.6,5.869487179487179,72.48461538461538,NA,NA,NA,NA,0.139,4.059,NA,NA,0.797,0.139,NA,0.3953488372093023,NA,NA,NA,NA,NA,153.11428571428573,39.66268256410256,-92.99709102564103,225.87435897435898,6.25,26.16,7.333358982687997
088,2022-10-25,2022-10-25T09:18:28Z,0.149,5.59,62,NA,NA,NA,NA,NA,NA,NA,NA,NA,NA,1.0202577024007658e-4,5.59,62,9.26,10.21,91,99.7,9.434354838709677,92.78225806451613,NA,NA,NA,NA,0.149,0.1765,NA,NA,3.89,0.468,NA,0.10504201680672269,NA,NA,NA,NA,NA,128,39.66253,-92.99678951612903,226.48709677419353,9.993333333333334,14.547166666666667,7.291236883498021
089,2022-06-28,2022-06-28T11:05:33Z,0.55,11.373666666666669,103,6.9238333333333335,10.933395849260732,11.225181506029628,24.014394557823127,18.110166666666665,26.228612021857924,20.108055555555556,1.2813584889648837,0.15491875623311405,0.21968432143701289,0.016343301400641382,10.933395849260732,103,0.09666666666666666,8.47,1,107.2,3.514012944983819,43.72006472491909,3.6880952380952383,0.09833333333333333,45.89625850340136,1,0.55,2.2009999999999996,6.46,6.903333333333333,1.8443333333333336,1.9896666666666667,NA,0.3425324675324675,1.0550680272108843,0.26136054421768706,NA,0.2477191398820078,68.05,69.56666666666666,38.2669095145631,-93.40846462783172,210.48284789644012,NA,NA,NA
089,2022-07-12,2022-07-12T15:13:53Z,0.167,6.169,54,5.9965,6.040116919074064,6.169,30.0429,28.369,30.069061224489797,28.5246,0.4934622929879424,0.7816421707659573,0.15670735281906567,0.027251329522629354,6.040116919074064,54,5.84,9.91,75.1,132.4,8.821111111111112,116.84814814814814,9.0332,5.84,119.834,75.1,0.167,6.042,NA,NA,3.276,1.912,NA,0.3352601156069364,1.5254,0.3844,NA,0.2519994755473974,141.3,138.8777777777778,38.26474425925926,-93.40439648148148,209.38703703703703,9.9,30.573333333333334,8.8
089,2022-08-02,2022-08-02T10:09:57Z,0.262,13.960666666666668,85,9.408333333333333,13.827123153895238,13.911525243933772,25.376264583333334,17.380777777777777,27.409243169398906,18.55227777777778,1.759131268119404,0.29747245991892246,0.25049806428033095,0.012779830242582857,13.827123153895238,85,0.20333333333333337,9.356666666666666,2.1333333333333333,120.5,5.156627450980392,65.45607843137255,5.465916666666667,0.2088888888888889,69.41125,2.177777777777778,0.262,5.8580000000000005,8.528333333333334,9.547,13.960666666666668,0.78,NA,0.26045236463331045,1.5008333333333332,0.7741666666666667,NA,0.5158245419211549,-76.95555555555555,-68.79166666666666,38.267425764705884,-93.40811333333333,210.4286274509804,9.3533333333333335,28.436166666666665,8.66
089,2022-08-23,2022-08-23T10:43:17Z,0.026,11.908,95,9.1715,10.693026233157772,11.750642939637022,26.142036144578313,19.316,26.783541666666668,20.840739130434784,1.5959942620394258,0.2740846876896508,0.24618871561147831,0.012920859640429508,10.693026233157772,95,0.47,7.66,5.1,97.3,4.644631578947369,58.08210526315789,5.233373493975904,0.49,65.57228915662651,5.3,0.026,5.9455,8.911,10.097,1.133,2.293,NA,0.8031914893617021,1.3226506024096385,0.9878313253012049,NA,0.746857351065768,-85.175,-82.68333333333334,38.26546263157895,-93.40596726315789,218.51894736842104,7.654,27.623,8.16
090,2022-06-08,2022-06-08T09:43:12Z,0.161,0.726,13,NA,NA,NA,NA,NA,NA,NA,NA,NA,NA,1.375786592450361e-4,0.726,13,7.4,7.45,89.6,90.2,7.430000000000001,90,NA,NA,NA,NA,0.161,0.663,NA,NA,0.653,0.673,NA,0.724960254372019,NA,NA,NA,NA,NA,67.31818181818181,NA,NA,NA,7.446666666666667,25.0075,7.748349241807358
090,2022-06-28,2022-06-28T11:34:57Z,0.005,0.695,17,0.585,NA,NA,NA,NA,27.229,26.948333333333334,NA,NA,NA,0.006895567958470811,0.695,17,10.79,10.98,135.4,138.8,10.914117647058823,137.56470588235294,NA,NA,NA,NA,0.005,0.585,NA,NA,0.607,0.641,NA,0.31301939058171746,NA,NA,NA,NA,NA,71.23333333333333,NA,NA,NA,10.955454545454545,27.264181818181818,8.63
090,2022-07-26,2022-07-26T08:55:36Z,0.023,0.429,12,0.3405,0.0583528441963065,0.4130605261544526,22.441499999999998,21.121,22.122555555555554,21.196,0.2966681814087906,0.8509868833004095,0.7570888693282813,0.01317661125583547,0.0583528441963065,12,4.72,4.98,53.1,57.5,4.870833333333334,55.675,4.975,4.72,57.45,53.1,0.023,0.418,NA,NA,0.053,0.079,NA,0.27906976744186046,3.395,0.93,NA,0.27393225331369664,74.6,76.76666666666667,38.3011425,-93.95805,226.3,4.870833333333334,21.890916666666666,7.47903579113503
090,2022-08-16,2022-08-16T08:40:35Z,0.041,0.667,13,NA,NA,NA,NA,NA,NA,NA,NA,NA,NA,1.8224079333539205e-4,0.667,13,6.34,6.37,77.2,77.5,6.356923076923077,77.41538461538461,NA,NA,NA,NA,0.041,0.0885,NA,NA,0.601,0.667,NA,0.3499327052489906,NA,NA,NA,NA,NA,55.12222222222222,38.30136076923077,-93.95785,227.63076923076923,6.36,25.313444444444446,7.674472895057721
091,2022-06-08,2022-06-08T08:01:38Z,0.024,4.695,47,3.226,4.30030926597703,4.695,23.992190476190476,21.646,24.607566666666667,22.265117647058823,0.5514622418401132,0.21700066484475597,0.2166977408484813,0.009392459558978836,4.30030926597703,47,3.34,10.32,38,124.8,8.537021276595745,101.63617021276596,9.110238095238095,3.34,108.68095238095238,38,0.549,3.226,NA,NA,2.543,1.844,NA,0.384180790960452,1.4,0.4976190476190476,NA,0.3554421768707483,73.1,70.93333333333334,NA,NA,NA,10.32,24.9015,8.705028781677848
091,2022-06-28,2022-06-28T10:03:02Z,0.038,4.388,57,4.314500000000001,4.076909859824847,4.388,27.69534,26.259,27.617722222222223,26.286,0.39463316228363965,0.5957759489763137,0.16796152042698642,0.011731401178695798,4.076909859824847,57,1.37,6.65,16.9,84.8,5.528070175438597,70.27368421052631,6.0396,1.37,76.846,16.9,0.11,3.3855,4.298,NA,4.388,4.388,NA,1.3131868131868132,1.5334,0.33039999999999997,NA,0.21546889265684097,54.4,82.26,NA,NA,NA,6.65,27.8715,7.748349241807358
091,2022-07-26,2022-07-26T07:17:03Z,0.086,4.568,69,4.47,4.1599901849787235,4.568,29.133409836065574,27.799,29.094954545454545,27.895333333333333,0.38462380090879833,0.882577001184924,0.15459125492386264,0.013424663077815924,4.1599901849787235,69,2,4.17,25.5,54.3,3.987246376811594,51.93913043478261,4.13,2,53.84754098360656,25.5,0.086,4.172499999999999,4.568,NA,4.268,0.207,NA,1.5508474576271187,1.8072131147540984,3.273770491803279,NA,1.811502177068215,-45.3,38,38.0056384057971,-94.04720985507247,218.7608695652174,4.162,29.107400000000002,7.648018335884988
091,2022-08-16,2022-08-16T07:23:46Z,0.015,4.464,70,4.4185,3.738380483992091,4.464,28.70819298245614,27.484,28.596661764705882,27.51,0.3487952242819574,0.33739007505594726,0.13442034554019347,0.007049026069856017,3.738380483992091,70,0.26,2.86,3.3,37.1,1.8224285714285715,23.605714285714285,2.1664912280701754,0.26,28.073684210526316,3.3,0.634,1.9929999999999999,2.957,3.288,1.141,0.015,NA,1.0963541666666667,3.2449122807017545,3.6598245614035085,NA,1.1278654844290656,-74.7,-46.64,38.006088,-94.04723471428572,221.68571428571428,2.846,28.7798,7.57
092,2022-06-07,2022-06-07T12:58:24Z,0.055,23.958,173,4.242,18.510030082392042,18.654824622802764,20.36358394160584,14.054235294117648,24.577605263157896,17.503807407407407,1.107758592129926,0.16782942161839767,0.09191951499836744,0.008437453358156235,18.510030082392042,173,0.32,12.79,3,156.7,5.262196531791908,60.48612716763006,6.516277372262774,0.4717647058823529,75.12700729927008,4.588235294117647,0.055,4.242,15.036,17.853,1.174,1.416,NA,0.1873015873015873,0.7625547445255474,0.18474452554744525,NA,0.24227050827988897,76.19117647058823,69.275,NA,NA,NA,12.586666666666666,26.325666666666667,8.99
092,2022-06-27,2022-06-27T15:25:58Z,0.013,23.136,199,5.2545,17.753967680371634,17.855381316732224,22.39901360544218,14.786941176470588,28.39928846153846,17.587639455782313,1.4513881973011848,0.2312860224912433,0.1249182219685701,0.01496353572117419,17.753967680371634,199,0.06,7.7,0.6,99.4,2.2678391959798994,28.656281407035177,3.0377551020408164,0.09058823529411765,38.47482993197279,0.8921568627450981,0.013,4.9955,6.449,7.904,23.136,23.136,NA,1.609090909090909,0.5271428571428571,-0.029727891156462585,NA,-0.0563943734675442,49.76078431372549,32.2625,NA,NA,NA,7.6274999999999995,29.090875,8.75627693116088
092,2022-07-25,2022-07-25T12:19:28Z,0.058,17.893333333333334,88,5.17,13.12266062972244,14.01161556484293,25.253184615384615,17.11694736842105,29.739456790123455,20.253956284153006,1.7737710946925063,0.18474283080602996,0.1888769961721522,0.012219013033500797,13.12266062972244,88,0.09,8.7,0.9,114.5,3.1595833333333334,41.176515151515154,4.234820512820513,0.11350877192982456,55.30051282051282,1.1789473684210527,3.818,5.17,6.237666666666667,6.884333333333333,1.7203333333333333,2.360333333333333,NA,0.9281767955801107,0.7111282051282051,0.5898974358974359,NA,0.8295233287661355,9.975438596491228,-22.677777777777777,37.90080204545455,-93.31777977272728,255.62992424242424,8.62888888888889,29.959,8.755575429969186
092,2022-08-15,2022-08-15T13:16:46Z,0.022,15.548,188,7.4510000000000005,9.687138820397784,10.83492084214403,27.427652173913042,18.35705,29.056717647058825,19.86618446601942,2.1328627927374555,0.2338872377687416,0.2554972016236679,0.024106624144251344,9.687138820397784,188,0.17,9.99,1.8,132.1,3.5018617021276595,45.621808510638296,5.5663478260869566,0.22816666666666666,72.88173913043478,2.4283333333333332,1.851,4.0875,6.904,7.557,1.269,4.363,NA,1.8404255319148937,0.6525217391304348,0.9851304347826088,NA,1.5097281449893392,-90.05833333333334,-102.61818181818182,37.90101251336898,-93.31804818181818,254.0941489361702,9.83,30.289166666666667,8.88168273877663
093,2022-06-07,2022-06-07T17:43:30Z,0.247,19.953,159,0.9944999999999999,16.940488867842905,17.108549814703302,19.704402985074626,14.519652173913043,26.131,18.561190789473685,0.9053882921105014,0.16958534059434716,0.08999409071933401,0.008581194858867288,16.940488867842905,159,4,11.22,39,131.5,7.484528301886792,82.7691823899371,8.117089552238806,4.076086956521739,90.7,40.047826086956526,2.606,8.315000000000001,NA,NA,3.061,6.123,NA,0.22891566265060243,0.4197014925373134,0.04902985074626866,NA,0.11682076813655762,74.33043478260869,75.33333333333333,NA,NA,NA,10.333333333333334,26.501,8.49669218511605
093,2022-06-28,2022-06-28T08:20:20Z,0.078,21.406,132,6.384,8.606347597938543,12.237679946603768,25.756945454545455,14.50179661016949,26.413934782608695,16.180255813953487,2.3237183679228792,0.22759751535626285,0.18562028378768236,0.01029794585643561,8.606347597938543,132,0.4,9.4,3.8,117.3,4.464318181818182,53.41969696969697,8.764181818181818,0.9696610169491525,108.08727272727273,9.583050847457628,0.078,6.5555,11.383,18.37,5.874,7.155,NA,0.23428571428571426,1.298909090909091,0.11963636363636364,NA,0.09210526315789473,167.9813559322034,172.16,NA,NA,NA,9.398,26.624200000000002,8.43
093,2022-07-25,2022-07-25T16:34:55Z,0.077,15.950666666666669,68,7.0495,6.373861304188799,10.306780244139945,30.021080459770115,16.508347826086958,29.878708333333332,18.259657407407406,3.2161879846960346,0.6322144248896319,0.3235018118287073,0.02203564688372511,6.373861304188799,68,0.22,8.633333333333335,2.166666666666667,113.4,4.7936274509803924,61.891176470588235,8.523563218390805,0.42289855072463767,112.88045977011494,4.378260869565217,4.4463333333333335,7.309166666666666,9.269666666666668,10.580666666666666,7.443,10.303,NA,0.260523321956769,0.7047126436781609,0.4032183908045977,NA,0.5721741967052684,100.36956521739131,92.48333333333333,37.6872625,-93.7557200980392,262.6872549019608,8.385000000000002,31.030416666666667,8.350835734926216
093,2022-08-15,2022-08-15T17:08:22Z,0.004,17.804,169,7.6825,7.602669122757508,8.184586212256585,29.214666666666666,16.494704545454546,29.14982894736842,16.75474193548387,2.977819430975728,1.629068984414288,0.32392394858306833,0.05659577096264945,7.602669122757508,169,0.21,9.08,2.1,119.3,4.2101183431952665,54.150887573964496,8.488266666666666,0.6273863636363637,111.23733333333334,6.622727272727273,2.911,6.7965,8.779,10.114,7.642,7.642,NA,0.2727272727272727,0.6029333333333333,0.316,NA,0.5241043785935426,66.69886363636364,53.86666666666667,37.684219822485204,-93.75499550295858,260.19408284023666,8.77,30.5046,8.36
096,2022-06-07,2022-06-07T15:22:30Z,0.052,18.497,135,0.8885000000000001,13.992165757716622,14.337560486542738,18.857240384615384,10.821896551724137,25.0339,16.384872,1.1889726923385524,0.1799790070446998,0.1262018665302237,0.00889285997383021,13.992165757716622,135,1.03,10.88,9.2,128.7,6.709851851851852,73.72740740740741,8.121153846153845,1.9010344827586207,90.3576923076923,17.22758620689655,1.546,0.055,16.294,NA,3.871,6.872,NA,0.3523316062176166,0.7442307692307693,0.11394230769230769,NA,0.15310077519379844,83.55172413793103,85.58,NA,NA,NA,10.456666666666667,25.310833333333335,8.590038376418196
096,2022-06-27,2022-06-27T17:22:52Z,0.053,17.933,130,4.414,7.226087960735816,8.815517821266532,26.567672131147543,11.936433333333333,28.677068181818182,14.310325581395348,2.8715447779222814,0.34223956182715176,0.2941790339047702,0.03231892582291873,7.226087960735816,130,0.43,10.63,3.8,124.5,5.337538461538461,63.94307692307692,9.235245901639344,1.318,115.10655737704919,12.525,4.478,6.8155,11.108,13.876,6.308,7.29,NA,0.475609756097561,0.7603278688524591,-0.19245901639344262,NA,-0.25312634756360497,90.70666666666666,89.96000000000001,NA,NA,NA,8.93,29.230333333333334,8.578349241807357
096,2022-07-25,2022-07-25T14:27:58Z,0.059,13.482,147,4.9275,8.852753704320119,9.164143619867504,26.4927,12.494860465116279,29.87176119402985,15.540725,2.786106108121203,0.3184296291041572,0.4039769955289686,0.041717382881759205,8.852753704320119,147,0.39,8.18,3.6,107,5.167210884353741,64.86190476190477,7.2084,0.7397674418604652,91.656,6.997674418604651,1.471,6.898,8.794,10.397,6.473,7.788,NA,0.5625000000000001,0.7532,0.4606,NA,0.6115241635687733,140.46744186046513,138.42,37.31440190476191,-93.21289224489796,385.7625850340136,7.991666666666667,30.39783333333333,8.433358982687997
096,2022-08-15,2022-08-15T15:22:53Z,0.021,16.036,147,6.837,9.183076923617465,9.434222244442607,25.30398795180723,11.802721311475409,28.327196721311477,13.19467441860465,2.5515475571860406,0.37018223691437524,0.313320413973782,0.018140081145181015,9.183076923617465,147,0.25,8.7,2.2,113.6,3.75421768707483,47.101360544217684,6.266987951807229,0.4660655737704918,79.8421686746988,4.344262295081967,2.385,4.7415,8.129,9.635,5.583,8.029,NA,0.9310344827586208,0.6807228915662651,0.4689156626506024,NA,0.6888495575221238,30.667213114754098,-46.800000000000004,37.314686870748304,-93.21263394557823,382.18979591836734,8.13,31.961833333333335,8.475028781677848
098,2022-06-28,2022-06-28T14:58:19Z,0.24266666666666667,35.82833333333333,162,5.172833333333333,4.478564233556174,9.512293500388752,29.305621212121213,15.084183486238532,29.216320512820513,16.50382843137255,3.2301169770229308,0.4619450900545892,0.15809857708992964,0.0398371722524156,4.478564233556174,162,3.3366666666666664,13.8,34.43333333333333,165.66666666666666,6.4134567901234565,71.55637860082305,10.193181818181818,4.641743119266055,133.29545454545456,45.97553516819572,5.850333333333333,6.702333333333334,NA,NA,6.838333333333333,6.968,NA,0.10102489019033675,0.9178787878787878,0.07742424242424242,NA,0.08435127104655002,94.46483180428135,102.45,36.58082705761317,-93.31413771604939,278.1008230452675,9.725,29.482666666666667,8.493346125347143
098,2022-08-16,2022-08-16T12:17:48Z,0.44033333333333335,63.82366666666667,88,10.611666666666668,5.291056921193487,10.832817147078279,29.498619047619048,13.566964646464646,27.68379365079365,13.650268656716417,3.5036908572720904,0.4560670310262853,0.10102124398944112,0.045483816073205424,5.291056921193487,88,0.11,9.63,0.9666666666666668,114.06666666666666,3.0348863636363634,35.51060606060606,8.405238095238095,1.3808585858585858,110.28333333333333,13.36111111111111,7.953666666666666,45.423500000000004,10.628333333333334,11.922333333333333,8.624,8.624,NA,1.003125,0.535,-0.11785714285714285,NA,-0.22029372496662214,114.93939393939394,108.13333333333333,36.596946742424244,-93.31510306818181,273.82651515151514,8.47,29.496,8.193333333333333
098,2022-08-23,2022-08-23T14:28:38Z,0.10133333333333332,48.287333333333336,72,7.4605,22.265081228674998,22.577733725364492,22.589658333333333,13.641155555555555,27.836947368421054,15.366081761006289,1.6574497524101162,0.18818666033835907,0.06820782862805776,0.009985741933887318,22.265081228674998,72,0.45,8.77,4.466666666666667,111.53333333333332,3.6906018518518517,43.68101851851852,5.292416666666667,1.7696666666666667,65.68333333333334,16.944444444444443,1.84,9.110333333333333,13.177,16.649333333333335,7.826,8.723666666666666,NA,1.009057971014493,0.5259166666666667,0.3661666666666667,NA,0.6962446521945809,120.97444444444444,127.96666666666664,36.59741481481481,-93.31492861111111,277.9402777777778,8.693333333333333,28.038,8.31
098,2022-09-14,2022-09-14T12:08:43Z,0.223,40.720333333333336,144,10.222999999999999,15.379720583316871,15.830015259875712,24.415134259259258,15.037566666666667,26.063205128205126,16.19436231884058,1.899503233848236,0.1809384711997499,0.09227467860785786,0.011260276887892589,15.379720583316871,144,0.05,8.15,0.5,100.76666666666668,3.312615740740741,40.23518518518519,6.267453703703704,0.35942857142857143,76.95833333333333,3.5223809523809524,2.2840000000000003,10.222999999999999,11.660666666666666,12.413666666666666,7.391333333333333,11.872333333333334,NA,0.9899497487437185,0.48768518518518517,0.056435185185185185,NA,0.11572052401746726,113.67714285714285,113.71666666666667,36.595385925925925,-93.31594854166667,276.04583333333335,8.038333333333332,26.624833333333335,8.25
098-MB-02-00,2022-08-01,2022-08-01T12:03:08Z,0.087,20.154,174,6.984,9.00114597791928,9.896782466432922,27.868505263157896,16.711289855072465,29.06385714285714,18.16415463917526,2.5522627558715385,0.2381187356378491,0.2424994614291089,0.028460515463808206,9.00114597791928,174,0.41,10.78,4.2,127,5.528218390804597,69.41206896551724,9.122315789473685,0.7933333333333333,116.44315789473684,8.247826086956522,7.63,8.9525,10.522,12.076,7.63,7.889,NA,0.6829268292682927,1.2813684210526315,0.6837894736842105,NA,0.5336400230017252,241.3449275362319,242.24,36.60895017241379,-93.31403436781609,275.0971264367816,9.04857142857143,29.214,8.59
110,2022-06-02,2022-06-02T18:04:30Z,0.135,7.054,90,2.1740000000000004,5.091925333723623,5.562004231683643,20.817625,12.61345,24.493037037037038,16.00111111111111,1.3923384784634436,0.43787220459151116,0.3701020410195177,0.032355944425802446,5.091925333723623,90,0.84,10.44,7.9,125.3,6.361555555555555,71.75555555555556,8.1996875,1.586,93.778125,14.98,0.462,2.6799999999999997,6.09,6.967,7.054,2.342,NA,1.9636363636363636,0.6996875,0.9996875000000001,NA,1.4287628405538186,60.005,62.7625,NA,NA,NA,10.42,24.601,8.833358982687997
110,2022-06-23,2022-06-23T17:34:54Z,0.025,8.312,67,2.3834999999999997,3.891268647841751,4.357439495244187,27.918685714285715,13.2727,31.08026086956522,15.79715909090909,3.083628095130848,0.9083373237562903,0.7025673454608895,0.06237923692750683,3.891268647841751,67,0.93,9.28,8.6,124.1,5.187611940298507,64.48955223880597,8.215714285714286,1.765,106.69714285714285,17.08,0.025,2.601,5.659,8.108,3.585,3.15,NA,0.2422680412371134,1.1374285714285715,-0.052571428571428575,NA,-0.046219542828435066,-56.22666666666667,-97.42,NA,NA,NA,9.11,31.662285714285716,8.700065786069425
110,2022-07-20,2022-07-20T15:13:14Z,0.053,7.09,91,3.691,4.430159810649794,4.971974150137914,27.583163636363636,13.340633333333333,29.30895744680851,14.374977272727273,2.9802246293791086,0.5996139446872973,0.7810002960787429,0.07259878154090867,4.430159810649794,91,0.39,8.73,3.6,118.7,4.147802197802198,53.74285714285714,6.400181818181818,0.6126666666666667,84.42181818181818,5.876666666666667,0.097,2.6215,3.828,4.99,3.088,3.201,NA,0.356060606060606,1.2432727272727273,0.11527272727272728,NA,0.09271716876279613,-82.95333333333333,-98.27,37.99602802197802,-91.69108703296703,310.0131868131868,8.72,31.608666666666668,8.443667121849955
110,2022-08-10,2022-08-10T15:40:46Z,0.052,6.456,76,3.4045,4.090745614627306,4.493813461519938,27.663541666666667,14.871090909090908,28.7142,17.19772222222222,2.788594469565055,1.6838834757156083,0.8131117906432064,0.07503806490141661,4.090745614627306,76,0.76,8.29,7.2,108.9,5.086315789473684,64.01184210526316,7.239583333333333,1.1672727272727272,92.99791666666667,11.654545454545454,0.052,2.948,4.548,5.785,3.224,3.438,NA,1.1164021164021163,1.1979166666666667,0.7460416666666667,NA,0.6227826086956522,14.222727272727273,-31.957142857142856,37.996140657894735,-91.69112355263158,314.94473684210527,8.29,29.609,8.055028781677848
112,2022-06-01,2022-06-01T11:53:21Z,0.205,13.717,127,5.439500000000001,8.492229678734557,8.686388093282131,19.849,7.91890243902439,22.593189655172413,10.160971014492754,1.6167138218239643,0.47288520214294705,0.2324341041409302,0.023027789219243183,8.492229678734557,127,3.56,10.49,29.5,108.5,8.116929133858267,84.39133858267716,9.354285714285714,5.5807317073170735,102.81190476190476,47.25609756097561,0.205,6.8835,NA,NA,5.687,12.166,NA,0.3148148148148148,0.5076190476190476,0.10607142857142857,NA,0.20895872420262662,79.77317073170731,84.56666666666666,NA,NA,NA,9.17,23.71925,8.42
112,2022-06-22,2022-06-22T11:01:30Z,0.014,14.228,119,3.8295000000000003,6.945901562077273,7.3026266002077564,25.472953846153846,8.79713725490196,29.1437,12.396291139240507,2.8711446104131255,0.43109656603584295,0.3937194020328487,0.035803809795339675,6.945901562077273,119,2.49,10.15,20.7,107.7,7.361260504201681,80.42689075630253,8.532769230769231,5.778627450980392,103.6876923076923,50.45882352941177,5.209,6.644,NA,NA,5.209,10.698,NA,0.4222222222222222,0.24384615384615385,-0.29323076923076924,NA,-1.2025236593059938,82.6470588235294,82.875,NA,NA,NA,8.024999999999999,29.505,8.34
112,2022-07-19,2022-07-19T10:18:46Z,0.126,16.064,191,5.108,7.9378365196763045,8.186104594701431,25.280055555555556,8.534257731958762,28.818833333333334,10.87103816793893,2.8393283766437207,0.795554909657315,0.34812183855546974,0.054262428201420874,7.9378365196763045,191,0.55,8.61,4.6,99.7,5.5535602094240835,61.12617801047121,7.719555555555555,3.4528865979381442,93.88444444444444,30.228865979381442,0.126,6.5165,12.785,14.412,8.764,15.346,NA,0.20921985815602837,0.31866666666666665,-0.019,NA,-0.0596234309623431,56.2319587628866,-62.85,37.898195916230364,-90.64220706806283,269.88795811518327,7.64,29.173166666666667,8.22168273877663
112,2022-08-09,2022-08-09T09:43:13Z,0.045,14.302,138,6.0825,7.507386667697895,9.389627997800803,27.450142857142858,8.778795454545454,29.035796875,11.742878378378379,3.406259578277627,0.41732314784529884,0.4209353418305668,0.03519156561951246,7.507386667697895,138,1.59,8.42,13.3,100.9,6.629347826086956,75.57971014492753,7.6863636363636365,4.320681818181818,97.37922077922079,37.59090909090909,0.045,7.55,13.621,NA,6.287,10.368,NA,0.09401709401709403,0.19896103896103895,0.03493506493506494,NA,0.1755874673629243,84.60909090909091,14.24,37.89808644927536,-90.64264782608696,273.7586956521739,7.708,29.346799999999998,8.16
114,2022-05-25,2022-05-25T15:29:35Z,0.095,8.197,88,4.4085,7.0910068807629765,7.522997585061857,18.564493827160494,13.14675,19.779016949152542,14.832586206896552,0.8683626544994922,0.17784070680045072,0.20126633212546688,0.015851757318040078,7.0910068807629765,88,0.65,8.34,6.1,92.3,5.184090909090909,56.46590909090909,5.57283950617284,0.665,60.779012345679014,6.325,0.095,3.3455000000000004,5.669,6.486,1.655,1.883,NA,1.683673469387755,0.7744444444444445,1.0058024691358025,NA,1.2987406344651682,40.25,36.13333333333333,40.006516590909094,-91.97623056818182,209.7840909090909,8.34,20.300875,7.85
114,2022-06-15,2022-06-15T13:49:59Z,0.051,8.218,80,1.4035,7.465252442398269,7.543212790804057,22.61573611111111,12.560857142857143,27.652684210526317,19.73072131147541,1.8014887472651253,0.4917297573978398,0.4343050524852888,0.027062927571987472,7.465252442398269,80,0.34,8.25,3.2,105.1,3.600125,44.3225,3.9584722222222224,0.37,48.854166666666664,3.5,0.195,2.012,3.656,4.54,1.222,1.222,NA,0.5492227979274612,1.0730555555555557,0.4716666666666667,NA,0.4395547501941496,-103.65714285714286,-107.275,NA,NA,NA,8.244285714285715,27.842,8.235742449135815
114,2022-07-13,2022-07-13T13:19:26Z,0.025,8.693,109,3.1145,2.3469193628107323,6.526645452774117,29.930812500000002,13.640791666666667,29.524068181818183,17.753676923076924,3.6231543767778476,0.7859307779657297,0.5629195170404117,0.06711084737110769,2.3469193628107323,109,0.32,11.87,3,156.5,5.200733944954129,67.14495412844036,11.75125,0.40208333333333335,155.346875,3.8958333333333335,1.479,2.755,4.004,4.935,2.732,2.679,NA,0.8580858085808581,2.1334375,1.863125,NA,0.8732972022850447,-131.24583333333334,-131.38333333333333,40.006501743119266,-91.9755443119266,205.451376146789,11.584285714285715,30.360285714285716,9.324313939533782
114,2022-08-03,2022-08-03T12:10:34Z,0.025,8.474,129,4.6,6.462061793165143,6.832484690149909,24.81449,13.672166666666667,27.29986111111111,16.18321052631579,2.195563755186754,0.7384493261026946,0.4964854758212125,0.0740251847394064,6.462061793165143,129,0.23,9.5,2.2,122.1,4.109922480620155,51.947286821705426,5.2141,0.2875,66.157,2.7708333333333335,0.025,3.1685,4.046,4.717,2.434,2.701,NA,0.6371951219512195,1.9989999999999999,1.1654,NA,0.582991495747874,-123.9,-126.17142857142856,40.00647581395349,-91.97582209302325,211.78837209302324,9.49125,28.358625,8.838791384726285
115,2022-05-25,2022-05-25T17:46:09Z,0.09,5.411,69,4.6985,4.773019840803513,4.992497371751208,19.9147,15.723,19.97115254237288,15.9573,0.7653849631120693,0.5247383465837954,0.27187213123759446,0.01941319274547462,4.773019840803513,69,0.95,7.69,9.6,85.7,5.5456521739130435,61.23623188405797,6.209666666666666,1.014,68.72166666666666,10.22,0.09,4.598,4.593,5.334,3.841,0.294,NA,0.10000000000000002,0.619,0.018000000000000002,NA,0.02907915993537965,78.36,78.23333333333333,39.70932666666667,-91.86276811594203,211.17391304347825,7.69,20.68125,7.65
115,2022-06-15,2022-06-15T16:17:34Z,0.068,6.393,50,3.1479999999999997,1.0435652091864949,6.393,29.45825,14.568,28.48825,18.109692307692306,3.352043239601926,0.6244392803159563,0.5709281421301723,0.03463558520735918,1.0435652091864949,50,1.17,9.08,11.5,119,5.6426,70.06400000000001,9.075,1.17,118.975,11.5,0.068,2.6635,5.28,NA,3.227,3.401,NA,0.17647058823529413,0.975,-0.13875,NA,-0.14230769230769233,-85,-79.61999999999999,NA,NA,NA,9.075,29.45883333333333,8.74669218511605
115,2022-07-13,2022-07-13T15:26:29Z,0.027,6.089,68,3.699,5.142397698159073,6.089,27.89242105263158,16.026,29.58704761904762,21.029923076923076,2.673129977941585,0.7173818742168528,0.759886606223361,0.024525403879744792,5.142397698159073,68,0.76,9.86,7.7,131.9,6.013676470588235,78.49558823529412,6.993157894736842,0.76,91.71228070175438,7.7,0.812,2.5324999999999998,4.313,5.357,4.206,3.901,NA,1.0826446280991737,1.6929824561403508,0.9763157894736842,NA,0.5766839378238342,-37.9,-3.433333333333333,39.70869,-91.86170882352941,204.91323529411764,9.717777777777778,31.389666666666667,8.82
115,2022-08-03,2022-08-03T14:10:49Z,0.056,7.046,76,3.802,5.1637185610038,7.046,27.388574074074075,15.205,29.032027027027027,20.38392307692308,2.6612186794540094,0.6421082668485628,0.5961323458802633,0.07098785386531226,5.1637185610038,76,0.62,9.34,6.2,123.2,5.127763157894737,65.59473684210526,6.842037037037037,0.62,88.33333333333333,6.2,0.151,3.5635000000000003,4.737,5.918,3.225,3.925,NA,0.9066666666666667,1.2425925925925927,0.5805555555555556,NA,0.4672131147540984,-98.6,-91.26666666666667,39.70832,-91.86209131578947,211.41973684210527,9.335,29.82525,8.59
117,2022-05-12,2022-05-12T08:26:48Z,0.005,6.721,44,6.6965,6.713669941106155,6.714716345724442,19.09835,15.093666666666667,19.424486486486487,15.074,0.6990632526715217,NA,0.20799120106973382,0.03871595844819982,6.713669941106155,44,2.21,10.39,22,123.4,7.480681818181818,82.15681818181818,7.95325,2.543333333333333,87.635,25.266666666666666,0.005,6.710000000000001,NA,NA,6.658,6.721,NA,0.17625899280575538,2.492,0.52075,NA,0.20896869983948638,101.93333333333334,102.85,38.906892954545455,-92.12169818181819,251.4227272727273,10.39,23.946,8.83
117,2022-06-09,2022-06-09T12:15:57Z,0.249,7.237,136,5.9415,6.2680596589182125,7.237,22.938093220338985,15.672,23.222848214285715,16.881166666666665,1.4416150676997859,0.32137983310600365,0.3513588955753334,0.06322711009446816,6.2680596589182125,136,0.04,10.48,0.4,129.8,3.617720588235294,43.86764705882353,4.157542372881356,0.04,50.436440677966104,0.4,0.333,1.5659999999999998,3.23,3.666,0.63,1.383,NA,0.4023323615160349,1.7936440677966101,0.7116101694915254,NA,0.396739900779589,-128.4,-119.38,38.90603963235294,-92.12226632352942,250.6360294117647,10.472,26.2698,8.91
117,2022-07-21,2022-07-21T14:31:18Z,0.081,6.782,47,4.846,3.4456692547012895,6.782,29.577916666666667,17.246,28.551264705882353,19.247923076923076,2.9561555642517305,0.7650619847707059,0.5843168480384479,0.026181028920066206,3.4456692547012895,47,0.61,9.81,6.3,131.1,4.157234042553192,54.242553191489364,7.053333333333334,0.61,93.30833333333334,6.3,1.287,1.7085,3.835,5.087,6.782,6.782,NA,0.7414634146341464,2.5104166666666665,1.35,NA,0.5377593360995852,-125.2,-121.425,38.90660382978723,-92.12206212765958,251.85744680851064,9.235,31.328,8.505028781677847
117,2022-08-11,2022-08-11T08:58:11Z,0.271,7.152,116,4.0175,6.852620740281088,7.047418476577154,25.14269158878505,17.064,28.263383333333334,20.516589285714286,1.7544935985557686,0.31011560522439174,0.4776213151718826,0.03653154235062297,6.852620740281088,116,0.16,7.07,1.7,91.6,2.523706896551724,32.38103448275862,2.7217757009345793,0.16333333333333333,34.95700934579439,1.7,0.744,2.6879999999999997,3.25,3.549,7.116,7.116,NA,0.9833729216152018,1.874859813084112,1.297663551401869,NA,0.6921389761228254,-137.16666666666666,-133.14545454545456,38.906132931034485,-92.12270603448276,252.51120689655173,7.06,28.8064,8.438018335884987
117,2022-09-22,2022-09-22T09:24:02Z,0.038,7.018,42,6.897,4.202831684424258,6.964721383960755,25.032045454545454,18.862499999999997,23.70846153846154,18.878333333333334,1.3945175615892822,0.45460481194451907,0.2851806317724367,0.012665851861765302,4.202831684424258,42,1.02,7.73,11,93.4,4.791904761904762,57.50238095238095,7.070454545454545,1.04,85.67272727272727,11.2,0.038,0.0635,6.107,NA,6.918,6.918,NA,0.9264112903225806,4.382272727272728,3.212727272727273,NA,0.7331189710610932,-128.25,-120.14285714285714,38.90608928571429,-92.12265833333333,249.31190476190477,7.466,25.016,6.848881208402048
119,2022-06-14,2022-06-14T09:35:34Z,0.045,2.525,32,1.557,2.233697967203772,2.525,24.6215,19.924,27.07776923076923,21.20942105263158,1.0778435203162644,0.7814754784580868,0.7654317667385295,0.057896041901120146,2.233697967203772,32,1.64,14.3,18.1,184.9,7.395625,90.8,9.136666666666667,1.64,112.99583333333334,18.1,0.316,1.424,2.42,NA,1.406,0.489,NA,1.9363057324840764,2.4870833333333335,2.3708333333333336,NA,0.9532585022616854,-165.5,-117.15833333333333,39.4009159375,-92.84257968749999,205.278125,14.262,28.66,9.58
119,2022-06-30,2022-06-30T10:31:54Z,0.11,2.464,22,2.0425,2.2389806716371683,2.464,27.31621052631579,22.65,27.9339375,23.56383333333333,1.1943836580679772,2.3740928536827766,0.8883414451283691,0.09929332191782766,2.2389806716371683,22,1.42,9.6,15.8,122.9,7.679545454545455,97.12272727272727,8.200526315789473,3.96,104.28421052631579,45.9,0.817,2.182,2.096,NA,1.817,2.096,NA,0.34608985024958405,3.6726315789473682,0.8794736842105263,NA,0.23946689595872744,-40.9,28.271428571428572,NA,NA,NA,8.9975,28.5855,8.903588882458385
119,2022-08-04,2022-08-04T09:57:12Z,0.087,2.722,23,1.7389999999999999,1.105878184311068,2.722,28.960333333333335,23.4,28.807,24.669333333333334,1.4855900770708104,0.9070727563452514,0.6849001204614101,0.03695060975109525,1.105878184311068,23,2.76,8.45,32.5,109.8,6.833913043478261,87.94347826086957,8.4275,2.76,109.50833333333334,32.5,0.374,1.2065000000000001,NA,NA,0.101,0.273,NA,1.2160919540229886,3.935833333333333,5.064166666666667,NA,1.2866821935210673,-120.1,-115.89999999999999,39.40102,-92.84306608695651,201.7521739130435,8.434285714285714,28.949714285714286,8.580164463927733
119,2022-08-31,2022-08-31T13:31:33Z,0.002,2.843,25,2.6784999999999997,1.3209927912832256,2.7262519566059016,28.8535,22.546,26.652,22.628666666666668,1.6564423230068996,0.7521345181152361,0.7798216909777843,0.03371812371513353,1.3209927912832256,25,1.66,9.97,19.2,127.2,5.8888,74.6,8.99,1.72,116.91,20,0.527,1.0699999999999998,2.771,NA,0.341,0.715,NA,2.5745454545454547,2.122,5.723,NA,2.6969839773798303,-114.75,-109.0875,39.4002296,-92.843264,201.86,8.668,30.632,8.801670991176797
121,2022-05-19,2022-05-19T13:45:22Z,0.107,4.689,65,3.297,3.514089697231911,3.9333855953330934,23.89081632653061,17.85709090909091,24.10991304347826,18.799526315789475,1.297646748936927,1.113091967300666,0.5080546525972698,0.08683663796801036,3.514089697231911,65,0.76,8.54,8,103,6.186153846153846,73.22,7.54,1.5872727272727272,89.93673469387755,16.772727272727273,0.107,2.745,4.093,4.689,0.107,1.004,NA,0.20645161290322578,3.6859183673469387,0.7551020408163265,NA,0.20486130336083272,217.84545454545454,208.24285714285713,39.06290369230769,-93.66928846153847,223.23076923076923,8.54,24.748333333333335,NA
121,2022-06-09,2022-06-09T09:01:39Z,0.044,4.476,42,2.701,3.482700950077355,4.476,24.15632258064516,22.041,24.37986956521739,22.969263157894737,0.5030718779426024,0.2683934600565248,0.1839621031326556,0.004583608892995477,3.482700950077355,42,3.07,9.14,35.2,109.6,7.36,87.51428571428572,8.463870967741935,3.07,101.08064516129032,35.2,0.809,2.9059999999999997,NA,NA,1.306,1.306,NA,0.27149321266968324,1.5258064516129033,0.4264516129032258,NA,0.27949260042283297,64.3,63,NA,NA,NA,9.11,24.563,8.405028781677848
121,2022-06-29,2022-06-29T09:30:28Z,0.065,4.709,69,NA,4.098402612972525,4.709,26.539934426229507,25.42,NA,NA,0.29736589364893007,0.20896479821456823,0.11180015027982954,0.0029089236312746306,4.098402612972525,69,2.23,10.68,27.3,133.8,7.626231884057971,95.11014492753623,8.248852459016394,2.23,102.95081967213115,27.3,0.753,1.9865,NA,NA,4.512,1.194,NA,0.24853801169590642,2.7314754098360656,0.5109836065573771,NA,0.1870723802664746,84.2,83.44285714285715,NA,NA,NA,10.654285714285715,26.912,8.484313939533783
121,2022-07-27,2022-07-27T09:17:50Z,0.032,4.551,102,3.8245,NA,NA,NA,NA,26.877581395348837,26.504,NA,NA,NA,0.005815893105190608,4.551,102,3.15,6.71,39.1,84.2,5.810098039215687,72.76372549019608,NA,NA,NA,NA,0.032,3.9764999999999997,NA,NA,0.951,0.359,NA,0.6532438478747203,NA,NA,NA,NA,NA,109.33636363636363,39.06209598039216,-93.66988,226.44019607843137,6.652857142857143,26.923714285714286,7.96716627539189
123,2022-05-25,2022-05-25T16:40:34Z,0.253,3.231,47,0.6865,0.5368470020781738,2.0712782065878064,21.861833333333333,20.055684210526316,21.82622222222222,20.44528947368421,0.39056049804923987,0.2192121672329906,0.1639140221685055,0.007821171292784736,0.5368470020781738,47,4.51,11.98,49.6,136.8,8.623829787234042,96.68936170212766,11.978333333333333,5.8852631578947365,136.76666666666668,64.88421052631578,0.286,0.6865,NA,NA,3.207,3.231,NA,0.22030651340996169,9.581666666666667,2.0416666666666665,NA,0.213080535745347,46.921052631578945,35.85,39.80685063829787,-92.0514285106383,221.3127659574468,11.978,21.8674,8.71
123,2022-06-15,2022-06-15T15:09:52Z,0.021,2.798,47,2.4859999999999998,1.8781087581011866,2.798,28.351441176470587,22.983,28.036761904761903,23.8796,1.4086185164902645,1.274567301422981,0.7577513299021895,0.026772448731575915,1.8781087581011866,47,2.08,10.53,24.4,136.7,7.360638297872341,94.38297872340425,8.880588235294118,2.08,114.45588235294117,24.4,0.435,1.1075,NA,NA,0.678,0.736,NA,0.38095238095238093,8.440588235294118,3.135588235294118,NA,0.37148930239041045,-94.8,-43.9,NA,NA,NA,10.501428571428571,28.90357142857143,8.888585448910238
123,2022-07-13,2022-07-13T14:23:52Z,0.022,3.015,49,3.003,2.590974887855739,3.015,28.780268292682926,25.519,28.484354166666666,25.519,0.9009924246065566,1.2187690401037412,0.5239813000637149,0.04847971139308164,2.590974887855739,49,1.13,14.36,13.7,192.2,6.521224489795919,85.02857142857142,7.491219512195122,1.13,97.83658536585367,13.7,0.022,0.556,2.594,NA,0.436,0.544,NA,0.28604382929642447,9.820975609756097,3.562439024390244,NA,0.3627377936720807,-103.6,-63.01111111111111,39.80728265306122,-92.05106571428571,213.72244897959183,14.146666666666667,30.311166666666665,9.243814079891088
123,2022-08-03,2022-08-03T13:16:18Z,0.026,3.224,46,3.2220000000000004,3.218966435533503,3.224,28.105651162790696,24.946,27.974244444444444,24.946,0.854795570799979,11.093846415041458,0.529443595883593,0.11996081268847301,3.218966435533503,46,0.63,9.62,7.6,125.9,5.438260869565218,70.50434782608696,5.765813953488372,0.63,74.79302325581395,7.6,0.406,3.2184999999999997,2.81,3.218,0.676,0.676,NA,0.16794905810559832,14.85093023255814,3.3572093023255816,NA,0.22606053962636435,-122.4,-98.57272727272728,39.8071702173913,-92.05109,219.9586956521739,9.55,29.344875000000002,8.69257889956807
133,2022-05-25,2022-05-25T09:31:19Z,0.158,11.103,111,4.2035,4.925432755856219,5.913784556235191,19.430014084507043,13.523035714285715,19.652584615384615,14.471565217391305,0.9885209441968072,0.23873548220233828,0.16350875576473173,0.017926665055881023,4.925432755856219,111,3.65,9.54,34,104.5,8.072972972972973,85.66396396396397,9.410845070422535,5.065357142857143,102.49154929577465,48.86071428571429,0.158,4.880000000000001,NA,NA,0.158,0.158,NA,0.02702702702702703,1.2716901408450705,-0.0033802816901408453,NA,-0.002658101672388969,92.35714285714286,96.63333333333334,40.17675054054054,-92.64877,242.8981981981982,9.54,19.759,8.47
133,2022-06-15,2022-06-15T07:51:39Z,0,11.589,114,5.578,7.687917443910021,7.9369883251936,22.989975308641974,12.288258064516128,24.919446153846152,13.279102040816326,1.9219288215274446,0.351677532548096,0.3247030433930048,0.020525244360083354,7.687917443910021,114,0.54,9.08,4.9,114.1,5.193947368421052,61.89561403508772,6.931234567901234,0.8887096774193548,83.54691358024691,8.338709677419354,0.877,4.193,7.122,9.356,3.776,11.589,NA,0.3617021276595745,0.6444444444444445,-0.025061728395061725,NA,-0.03888888888888888,118.63225806451612,105.33333333333333,NA,NA,NA,9.071666666666667,27.046666666666667,8.66
133,2022-07-13,2022-07-13T08:12:51Z,0.16,11.23,178,5.2425,7.608833908887163,7.959419603795117,24.46506923076923,12.528933333333333,27.570641304347827,14.525093023255813,2.2532068482062186,0.3139871502915255,0.38913521432632997,0.04060461915895625,7.608833908887163,178,0.12,8.05,1.1,104.2,3.5185393258426965,44.86629213483146,4.759538461538462,0.15333333333333335,60.88461538461539,1.4422222222222223,0.16,3.5685000000000002,4.772,5.18,4.319,5.532,NA,0.8672566371681416,0.5372307692307692,0.16523076923076924,NA,0.3075601374570447,-6.355555555555556,-31.14,40.17650342696629,-92.648562752808985,238.26011235955056,8.045714285714286,28.696857142857144,8.39
133,2022-08-15,2022-08-15T10:05:44Z,0.142,11.045,159,6.435499999999999,7.916695210971584,8.067365186740195,24.3386,12.6403125,25.970556603773584,13.61111320754717,2.208007371713734,0.12018045563458038,0.3944395246541998,0.046300564325041836,7.916695210971584,159,0.17,8.15,1.6,103,4.456100628930818,55.710691823899374,5.60544,0.22625,70.2696,2.140625,0.142,4.4975000000000005,5.279,5.997,5.59,5.51,NA,1.9781021897810218,0.892,0.674,NA,0.7556053811659194,-60.428125,-75.22,40.1767113836478,-92.64852547169811,243.12201257861636,8.15,27.360333333333333,8.19
139,2022-05-23,2022-05-23T13:10:08Z,0.009,4.691,49,4.6625,4.6832823949491,4.688384192226869,17.24342222222222,13.241,18.23913888888889,13.262153846153845,0.6135389169247674,6.073797556519041,0.2612971112680832,0.27008395883418246,4.6832823949491,49,0.16,6.91,1.5,78.9,3.4989795918367346,38.12244897959184,3.7666666666666666,0.375,41.09777777777778,3.55,0.009,4.6805,3.903,4.662,4.687,4.679,NA,0.10245901639344263,1.5746666666666667,0.09733333333333334,NA,0.06181202370872143,75.55,85.0111111111111,39.72289387755102,-92.91997510204081,245.4857142857143,6.902,21.8928,7.53
139,2022-06-13,2022-06-13T11:56:48Z,0.126,4.548,63,4.4350000000000005,4.195727557844217,4.508434479285774,21.781,15.4165,21.503474576271188,15.44775,1.2150241722496276,0.6193347200141035,0.49993722801509033,0.014564060468837223,4.195727557844217,63,0.17,3.87,1.7,47.5,1.1161904761904762,13.206349206349206,1.2330357142857142,0.17,14.626785714285715,1.7,0.182,0.154,0.974,1.67,0.783,4.548,NA,0.2692307692307692,3.172142857142857,0.7060714285714286,NA,0.22258500337761766,-113.85,-86.15555555555555,NA,NA,NA,3.7933333333333334,25.272833333333335,7.215296040863538
139,2022-08-01,2022-08-01T11:29:23Z,0.045,4.526,63,2.0365,4.063488461969996,4.526,23.762491228070175,17.452,26.3168,20.38718181818182,1.339512273929813,0.49212119691132594,0.5370388596750827,0.0250281189258168,4.063488461969996,63,0.5,9.29,5.2,116.9,4.78015873015873,58.72222222222222,5.226491228070175,0.5,64.30175438596491,5.2,0.045,1.801,2.447,3.259,1.288,1.889,NA,0.3050193050193051,2.656140350877193,0.6763157894736842,NA,0.2546235138705416,-120,-105.37142857142857,39.72286238095238,-92.91996,246.53333333333333,9.212857142857144,27.527714285714286,7.914346508697898
140,2022-05-23,2022-05-23T18:37:49Z,0.107,2.924,47,2.8405,1.6629289597660892,2.924,21.122227272727272,18.771,20.600666666666665,18.914,0.4835706450116959,0.32115534437840415,0.2310931596442713,0.011859728462318225,1.6629289597660892,47,2.49,11.7,26.7,132.1,9.114468085106383,101.87021276595745,11.378181818181817,2.49,128.12272727272727,26.7,0.258,1.895,NA,NA,2.792,0.107,NA,0.11232449297971918,3.0472727272727274,0.5786363636363636,NA,0.18988663484486873,81.5,94.76,39.76235702127659,-94.26125680851064,280.04468085106384,11.695714285714285,21.264142857142858,8.48
140,2022-06-13,2022-06-13T16:12:40Z,0.027,3.025,42,1.96,1.8246764302586098,2.7651317350693434,28.141652173913045,20.226142857142857,28.13564,21.637588235294118,1.9628372861913022,2.005059274732944,0.9899681803550103,0.09284071930470485,1.8246764302586098,42,1.56,7.91,17.1,101.4,6.1623809523809525,77.1047619047619,7.854347826086957,2.104285714285714,100.66956521739131,23.32857142857143,1.709,1.8765,2.984,NA,0.494,2.923,NA,0.888888888888889,1.883913043478261,0.23304347826086957,NA,0.12370182321717055,48.42857142857143,51.955555555555556,NA,NA,NA,7.808571428571429,28.159714285714287,7.96
140,2022-07-11,2022-07-11T14:42:00Z,0.288,2.974,39,2.943,2.4214866877689407,2.974,26.875962962962962,23.342,26.054405405405404,23.3575,0.9090467728593694,0.36692365373991875,0.5155498887280582,0.15776171136238476,2.4214866877689407,39,0.96,14.84,11.3,196.1,6.943333333333333,88.34615384615384,9.307037037037038,0.96,119.04444444444445,11.3,0.634,0.9145,2.663,2.944,0.343,0.343,NA,0.3463035019455253,4.24962962962963,1.8403703703703704,NA,0.4330660624019522,-109,-53.475,39.762320256410256,-94.26148307692308,281.0897435897436,14.725,29.884,9.097521503776607
140,2022-08-01,2022-08-01T14:38:46Z,0.013,2.747,52,0.95,2.5551281252376823,2.7026902539482442,28.668574468085108,25.373,31.382882352941177,26.914942857142858,0.9065751262423873,1.8166012588104339,0.626398802948644,0.13011980311459403,2.5551281252376823,52,1.16,13.31,14.2,181.3,8.176346153846154,107.48846153846154,8.909787234042554,1.16,117.2468085106383,14.2,0.013,1.017,2.36,NA,1.296,1.131,NA,0.23433242506811988,5.058936170212766,1.1897872340425533,NA,0.23518526306935275,-82.1,-3.9000000000000004,39.762573653846154,-94.26128,282.8673076923077,13.293,31.712600000000002,8.875028781677848
145,2022-07-06,2022-07-06T12:42:01Z,0.24633333333333332,16.76833333333333,99,7.218166666666667,9.981684458204082,10.838564113123885,24.41301111111111,12.05439393939394,26.933178294573644,14.136517857142858,2.295961319029516,0.2504070215490804,0.2605314693853322,0.012760220230346132,9.981684458204082,99,0.25,8.67,2.3,111.33333333333331,3.7155555555555555,44.745791245791246,5.0435,1.6568686868686868,63.555,15.542424242424243,0.4,4.3345,6.559,7.154,0.24633333333333332,1.3853333333333333,NA,0.37205081669691464,1.1214444444444445,0.2603888888888889,NA,0.2321906271673437,203.8070707070707,210.34444444444446,39.52250569023569,-91.65052104377105,182.72996632996635,8.67,28.259833333333333,8.858336531360335
145,2022-08-05,2022-08-05T10:56:12Z,0.36833333333333335,18.707333333333334,129,5.885666666666667,3.0277666304069824,10.68581591526342,28.536472222222223,11.910233333333334,27.52453623188406,14.537196787148595,3.4257394304233912,0.3889658972789817,0.25986646809061936,0.019881841497949936,3.0277666304069824,119,0,10.503333333333334,0,136.96666666666667,2.870364145658263,36.503921568627455,9.539305555555556,0.10025,123.18333333333334,0.9516666666666667,0.36833333333333335,3.5376666666666665,5.195,5.747,1.4256666666666666,1.4256666666666666,NA,0.45935960591133007,1.80625,1.0459722222222223,NA,0.5790849673202615,106.86666666666666,111.37777777777777,39.52302837209302,-91.64715281653747,180.98914728682172,10.498333333333335,29.087666666666664,8.695028781677847
145,2022-08-29,2022-08-29T12:02:46Z,0.178,22.571,173,7.6434999999999995,10.672114715266753,11.062427544748669,24.662161616161615,11.43140579710145,26.655135135135136,13.45539393939394,2.42765053851258,0.44370041514648406,0.21145572611993857,0.028246535741620067,10.672114715266753,173,0.17,8.21,1.5,103.2,3.7579190751445086,46.17803468208093,6.320505050505051,0.3050724637681159,78.38686868686868,2.8304347826086955,0.178,6.515000000000001,8.552,9.976,5.302,22.571,NA,1.0441176470588234,1.501010101010101,0.7206060606060606,NA,0.48008075370121134,107.5623188405797,-68.34,39.52168537572255,-91.64623849710982,173.42832369942195,8.208,27.0592,8.65
145,2022-09-25,2022-09-25T10:34:31Z,0.275,18.362666666666662,76,9.8005,7.071916224995203,10.805991346021395,23.05317171717172,11.950456790123457,22.49593181818182,12.364666666666666,1.9759110082898133,0.4474333295047257,0.17884184259150185,0.012309344059272897,7.071916224995203,76,0.13,7.823333333333333,1.2,91.53333333333332,3.882017543859649,44.871929824561406,7.458484848484848,0.2598765432098765,87.09191919191919,2.4358024691358025,0.275,7.746833333333333,8.926666666666666,9.989,18.362666666666662,18.362666666666662,NA,1.0328205128205128,1.4311111111111112,0.8785858585858586,NA,0.6139186900056465,172.1172839506173,45.333333333333336,39.522989649122806,-91.64512934210526,182.83815789473684,7.821666666666667,23.16166666666667,8.12
149,2022-06-18,2022-06-18T11:47:21Z,0.188,6.138,118,0.582,5.8464314866398475,6.060093802255752,28.58575,26.597,29.961,28.4105625,0.5575293959352621,0.3653458639763617,0.17555385290699288,0.017571198047111963,5.8464314866398475,118,6.5,13.57,81.1,178.3,11.263305084745763,145.8127118644068,11.506785714285714,6.5,149.12678571428572,81.1,1.201,3.7775,NA,NA,1.708,1.934,NA,0.2340425531914894,2.295267857142857,0.34089285714285716,NA,0.1485198584043257,239.7,238.51,NA,NA,NA,13.116,29.9826,8.846027588070905
149,2022-06-19,2022-06-19T11:49:03Z,0.21833333333333332,23.239,85,5.458166666666667,22.691343155818785,22.946680635933212,24.036752032520326,20.308333333333334,26.321975308641974,22.783591954022988,0.8519886608404477,0.14029669519468455,0.07252714928110399,0.003092707559893829,22.691343155818785,85,2.27,9.073333333333334,25.133333333333333,114.86666666666667,4.566588235294118,54.90705882352941,4.645975609756097,2.3383333333333334,55.94268292682927,25.916666666666664,0.21833333333333332,1.4311666666666665,NA,NA,1.534333333333333,0.4016666666666666,NA,0.2841409691629956,0.6062601626016261,-0.09008130081300814,NA,-0.1485852219391176,259.35,259.26666666666665,NA,NA,NA,9.056666666666667,27.462666666666664,8.131925656003204
149,2022-07-11,2022-07-11T10:21:07Z,0.31966666666666665,23.230333333333338,107,17.230833333333337,22.861706369818023,22.861706369818023,26.602666666666668,21.20577777777778,27.846481012658227,22.51509523809524,1.3250505057399096,NA,0.11407933641990296,0.003387911335706985,22.861706369818023,107,0.02,9.393333333333334,0.2,124.33333333333331,2.128068535825545,27.949221183800624,2.1888782051282054,0.02,28.74967948717949,0.2,0.37233333333333335,3.7143333333333333,5.201666666666667,5.934333333333334,3.3623333333333334,3.3623333333333334,NA,0.3851540616246499,0.8314423076923076,0.2003525641025641,NA,0.24096989321922826,129.07777777777778,129.07777777777778,38.203982398753894,-92.62720361370717,199.40996884735202,9.391666666666667,29.994666666666667,8.63
149,2022-08-08,2022-08-08T09:24:51Z,0.2185,16.271333333333335,107,15.3965,12.589513661199277,15.791277921851934,29.863940074906367,25.891333333333336,29.557815533980584,25.993750000000002,1.1236706089891868,0.2180271588757611,0.11540748497416432,0.004468183524100226,12.589513661199277,107,0.2,9.43,2.433333333333333,126.8,5.682959501557632,75.4373831775701,6.697827715355805,0.20500000000000002,88.98014981273408,2.5,1.3443333333333334,6.407666666666667,12.504,13.519333333333334,4.183,5.534,NA,0.4641744548286604,0.8568539325842697,0.29247191011235957,NA,0.3413322842905849,188.5,188.5,38.2043699376947,-92.6264501246106,199.83208722741432,9.323333333333332,30.888222222222222,8.447831855227326
149,2022-09-15,2022-09-15T09:53:08Z,0.185,21.929,125,21.182499999999997,20.37957721874093,21.857264256222876,26.773414492753624,24.836,26.739625,25.069533333333332,0.5112106297042374,0.2612784711656717,0.043680733534448325,0.003993911862794895,20.37957721874093,125,0.23666666666666664,7.06,2.8666666666666667,88.36666666666667,4.189146666666667,52.3992,4.509623188405797,0.23666666666666664,56.41768115942029,2.8666666666666667,0.185,0.27349999999999997,19.858333333333334,20.569333333333333,9.456,1.512,NA,0.5020080321285141,0.6518550724637682,0.34852173913043477,NA,0.5346613900128951,-96.13333333333334,-83.91666666666666,38.2042404,-92.62667165333333,196.216,6.264444444444444,26.836333333333332,7.2491881454045535
149-08-00,2022-06-18,2022-06-18T11:47:21Z,0.188,6.138,118,0.582,5.8464314866398475,6.060093802255752,28.58575,26.597,29.961,28.4105625,0.5575293959352621,0.3653458639763617,0.17555385290699288,0.017571198047111963,5.8464314866398475,118,6.5,13.57,81.1,178.3,11.263305084745763,145.8127118644068,11.506785714285714,6.5,149.12678571428572,81.1,1.201,3.7775,NA,NA,1.708,1.934,NA,0.2340425531914894,2.295267857142857,0.34089285714285716,NA,0.1485198584043257,239.7,238.51,NA,NA,NA,13.116,29.9826,8.846027588070905
149-GG-20-04,2022-07-11,2022-07-11T13:19:32Z,0.176,6.223,65,4.6485,4.836603520871995,4.939695327639851,30.23068,29.422857142857143,30.2728085106383,29.45238888888889,0.24255736283600982,NA,0.0766847432016444,0.005317418085514822,4.836603520871995,65,5.36,9.55,70.2,127.4,8.033692307692307,106.60307692307693,8.6722,5.849285714285714,115.358,76.67142857142856,1.618,4.6835,NA,NA,1.954,1.558,NA,0.368421052631579,1.772,0.5868,NA,0.3311512415349887,108.27142857142857,110.05714285714285,38.10113076923077,-92.65719907692308,197.95384615384614,9.41,30.970666666666666,8.583358982687997
149-NA-32-10,2022-07-11,2022-07-11T15:07:31Z,0.003,7.748,48,1.8155000000000001,5.388945004261431,5.4862110665420545,29.99681818181818,28.821076923076923,30.993666666666666,29.183333333333334,0.34871899349923297,0.15336926101135323,0.08889921405619228,0.0066617367231929046,5.388945004261431,48,1.67,11.81,21.6,158.4,6.642291666666667,88.1125,8.535454545454545,2.3146153846153847,113.54848484848485,30.03076923076923,0.929,2.093,7.085,NA,0.796,1.86,NA,0.2674418604651163,1.9009090909090909,0.47363636363636363,NA,0.2491630798660928,34.48461538461539,28.2,38.01908145833333,-92.82750208333333,198.9375,11.0875,31.720499999999998,8.822750575000322
150,2022-05-19,2022-05-19T11:35:41Z,0.016,5.024,39,2.403,4.820843604828107,4.924969549389454,22.3486,16.903,24.375588235294117,19.78590909090909,1.1002586109531194,0.8090479988434407,0.42910748403907784,0.016761139453930204,4.820843604828107,39,4.26,8.46,44,101.3,7.288205128205128,84.04615384615384,7.603428571428571,4.33,88.30857142857143,44.7,0.016,3.4095,NA,NA,2.928,1.594,NA,0.1506849315068493,0.49228571428571427,0.030000000000000002,NA,0.06094022054556008,209.2,208.35,39.03508564102564,-93.36650307692308,217.3923076923077,8.46,24.4108,NA
150,2022-06-09,2022-06-09T07:29:44Z,0.115,5,44,4.9879999999999995,4.601977867797725,5,23.84520512820513,20.876,23.601906976744186,20.876,0.6842350694547576,0.315965896281341,0.2535132508527173,0.012215352008295136,4.601977867797725,44,3.45,10.7,38.7,129.2,8.335454545454546,99.14772727272727,8.917179487179487,3.45,106.36410256410257,38.7,0.115,2.5395,NA,NA,1.263,1.135,NA,2.734375,0.49743589743589745,0.8528205128205129,NA,1.7144329896907218,59.4,58.1,NA,NA,NA,10.693333333333333,24.877333333333333,8.87
150,2022-06-29,2022-06-29T08:06:57Z,0.027,4.15,67,4.116,3.901880720927841,4.15,26.927145161290323,25.715,26.879151515151516,25.715,0.32569953279676156,0.6451495346644,0.148108549191268,0.009943943358598587,3.901880720927841,67,4.04,8.58,49.8,107.8,7.54044776119403,94.55373134328359,7.799838709677419,4.04,97.86451612903225,49.8,0.027,2.841,NA,NA,2.67,2.361,NA,0.9176470588235295,0.71,0.5532258064516129,NA,0.7791912766924126,81.4,79.82222222222222,NA,NA,NA,8.58,27.047833333333333,8.35
150,2022-07-27,2022-07-27T07:56:44Z,0.032,5.42,70,4.702500000000001,4.843375651753889,5.42,27.18750819672131,20.779,27.251816666666667,22.0606,1.577747207784455,1.0033742448349188,0.5262117872185585,0.04272535040719186,4.843375651753889,70,1.59,4.53,17.7,57.2,4.172,52.27571428571429,4.4618032786885244,1.59,56.24098360655738,17.7,0.293,4.4925,5.273,NA,2.302,2.302,NA,1.5762711864406782,0.8481967213114754,1.2863934426229509,NA,1.5166215693853886,-57.9,-44.3625,39.035478714285716,-93.36585228571428,215.2342857142857,4.522857142857143,27.312285714285714,7.66
165,2022-06-08,2022-06-08T14:04:22Z,0.048,2.692,30,1.383,1.7494845116907134,2.301288507969406,25.237684210526314,20.015,26.1452,20.728466666666666,1.2166072706193063,0.4315050347780963,0.7501114568050374,0.03481160491636249,1.7494845116907134,30,1.72,6.11,18.9,76.4,4.638,55.61,5.773684210526316,2.24,70.58947368421053,24.65714285714286,0.048,1.6215000000000002,2.657,NA,0.048,2.657,NA,1.785123966942149,1.05,0.9968421052631579,NA,0.9493734335839599,65.15714285714286,64.95,NA,NA,NA,6.101666666666667,26.691,7.578349241807358
165,2022-06-28,2022-06-28T16:15:44Z,0.051,2.415,38,0.6485000000000001,1.6256792628837755,2.017734610716117,26.968851851851852,24.270799999999998,28.536555555555555,25.64896551724138,0.7071597766848754,0.7327713859241474,0.5038445552781542,0.0385262238974136,1.6256792628837755,38,2.2,8.86,26.1,114.7,6.673947368421053,83.53947368421052,7.881481481481481,2.776,99.26666666666667,33.26,0.051,0.8235,NA,NA,0.095,0.466,NA,0.8153846153846154,1.084074074074074,0.4374074074074074,NA,0.4034847967201914,33.879999999999995,44.542857142857144,NA,NA,NA,8.85142857142857,28.683714285714284,8.218585448910238
165,2022-07-26,2022-07-26T13:39:38Z,0.045,2.302,46,1.527,2.216517308823252,2.272645047273016,26.687697674418605,26.281,26.878444444444444,26.35494736842105,0.10989782537103565,0.26129961972671806,0.093207694883639,0.007730921617345633,2.216517308823252,46,2.29,4.82,28.3,60.8,3.5906521739130435,44.88695652173913,3.6783720930232557,2.29,46.00232558139535,28.3,0.199,0.6779999999999999,NA,NA,0.806,0.593,NA,1.2722772277227723,1.6027906976744186,2.1611627906976745,NA,1.3483749274521184,65.7,65.975,38.88874586956522,-94.32337130434783,296.65434782608696,4.81,27.2742,7.7
165,2022-08-16,2022-08-16T12:37:13Z,0.046,2.38,45,NA,NA,NA,NA,NA,NA,NA,NA,NA,NA,0.001297153543064115,2.38,45,4.85,5.29,60.7,66.3,5.1626666666666665,64.69555555555556,NA,NA,NA,NA,0.046,2.3655,NA,NA,2.38,2.38,NA,2.29004329004329,NA,NA,NA,NA,NA,33.03,38.888755777777774,-94.32332822222222,294.7288888888889,5.266249999999999,26.919625,7.792521669455433
168,2022-06-08,2022-06-08T13:19:15Z,0.06,3.497,31,1.631,1.581569820519909,3.497,25.809,19.014,25.809,21.498823529411766,1.5671965168148745,0.7271029846014372,0.5791101094501017,0.018784336823417482,1.581569820519909,31,1.93,9.37,20.9,115.4,6.33,76.1258064516129,9.174999999999999,1.93,112.77857142857142,20.9,0.243,1.7435,3.497,NA,1.366,0.744,NA,0.34782608695652173,3.117857142857143,1.0542857142857143,NA,0.33814432989690724,-38.6,-27.15,NA,NA,NA,9.367999999999999,25.9162,8.604027672897047
168,2022-06-28,2022-06-28T15:30:52Z,0.009,3.708,62,3.3280000000000003,2.498598146789649,3.646042884787823,27.54906666666667,19.163,27.108392857142857,19.861166666666666,2.011200622994238,1.4710451991006828,0.8284310630722678,0.06106002766121022,2.498598146789649,62,1.26,12.21,13.6,160.6,7.395,93.76451612903226,9.348666666666666,1.26,119.12,13.6,0.115,1.5234999999999999,3.141,NA,0.66,1.272,NA,0.6595174262734584,2.722,2.024888888888889,NA,0.743897461017226,-107.6,-66.4875,NA,NA,NA,12.1875,29.623125,9.073777034708602
168,2022-07-26,2022-07-26T13:02:18Z,0.029,3.445,56,2.997,2.419439045343159,3.3244000531085063,27.157473684210526,24.2305,26.996446808510637,24.351666666666667,0.7691737870759425,0.7577700518623123,0.3536462904852938,0.018674139062254794,2.419439045343159,56,0.91,4.58,10.8,58,3.0107142857142857,37.746428571428574,3.586578947368421,1.045,45.2,12.45,0.029,0.539,3.035,3.42,3.396,3.396,NA,1.2271784232365144,3.7907894736842107,5.312368421052631,NA,1.4013884068031932,-88.775,-76.22,38.879903035714285,-94.32294642857143,294.1767857142857,4.547499999999999,27.470875,7.970114464061457
168,2022-08-16,2022-08-16T11:55:04Z,0.044,3.563,57,2.713,3.196826326236014,3.563,26.806509803921568,24.45,27.022204545454546,25.08992307692308,0.6178581460391115,0.41905322621660585,0.3144977531355741,0.014332363620153533,3.196826326236014,57,0.66,2.18,7.9,27.2,1.7543859649122808,21.924561403508772,1.8654901960784314,0.66,23.356862745098038,7.9,2.568,2.3335,0.421,3.216,3.51,3.51,NA,1.1195876288659794,3.5709803921568626,5.017843137254902,NA,1.4051724137931034,-73.5,-64.4875,38.87981052631579,-94.32304263157896,291.3385964912281,2.013333333333333,27.070166666666665,7.508349241807358
170,2022-06-08,2022-06-08T12:35:30Z,0.077,3.428,39,1.521,2.660492258921262,3.428,24.029625,17.261,25.620166666666666,20.936714285714285,1.439069674792222,0.7532122511555167,0.6860050146980361,0.022613704767734104,2.660492258921262,39,1.81,9.38,18.9,115.9,6.473333333333334,77.46666666666667,7.4,1.81,89.1125,18.9,0.257,1.573,3.362,NA,2.188,2.497,NA,0.5397923875432525,1.8543749999999999,0.9065625,NA,0.4888776541961578,-30.9,-13.32,NA,NA,NA,9.376,26.0706,8.546027588070904
170,2022-06-28,2022-06-28T14:44:33Z,0.076,3.452,45,2.7645,2.2753893579551816,3.452,27.54228125,18.575,27.154026315789473,20.722857142857144,2.1235084812402647,1.4881832367325947,0.9175576195374884,0.041397186010949584,2.2753893579551816,45,2.54,13.33,27.3,171.8,9.703555555555555,122.31333333333333,11.9865625,2.54,152.403125,27.3,0.076,1.5779999999999998,NA,NA,0.564,1.704,NA,1.0923076923076922,2.1478125,2.3153125,NA,1.0779863232940492,-112.6,-83.92,NA,NA,NA,13.188571428571429,28.843,9.148651449586096
170,2022-07-26,2022-07-26T12:23:39Z,0.01,3.529,62,2.838,2.2578395494682866,3.3447097228324725,27.16846153846154,20.66725,26.94034,21.46858333333333,1.59637463534591,1.447875371018858,0.691689573315024,0.08144658681143006,2.2578395494682866,62,0.83,5.71,9.3,72.3,3.7493548387096776,46.84032258064516,4.744871794871795,0.95,59.776923076923076,10.625,0.46,0.9215,2.867,3.447,0.46,0.672,NA,0.4050480769230769,4.8764102564102565,2.5997435897435897,NA,0.5331265117257334,-95.8,-90.42222222222222,38.87002370967742,-94.3396856451613,292.5016129032258,5.678333333333334,27.439833333333333,7.935066716310017
170,2022-08-16,2022-08-16T11:13:19Z,0.028,3.387,59,2.7039999999999997,3.2669150189157308,3.387,26.939763636363637,23.613,27.407608695652172,24.300153846153847,0.8610666663773827,0.6256475306072619,0.49104408420190077,0.02279617689493095,3.2669150189157308,59,0.95,4.81,11.2,61,3.8416949152542372,48.396610169491524,4.044363636363636,0.95,51.00727272727273,11.2,0.359,0.817,2.88,3.358,3.358,3.358,NA,0.6898625429553263,4.527818181818182,3.002727272727273,NA,0.6631731116732924,-118.8,-112.14,38.870086779661015,-94.33990271186441,292.9084745762712,4.807499999999999,27.544875,7.767578737703722
179,2022-05-24,2022-05-24T10:43:29Z,0.032,7.353,96,4.6055,5.179901430698271,5.778907450489539,18.572333333333333,14.13855,18.834333333333333,15.11588888888889,0.736605417759165,0.4835742510412191,0.18526279178508473,0.026881602369858013,5.179901430698271,96,0.91,9.71,8.7,104.4,7.1215625000000005,75.92395833333333,9.203333333333333,1.387,98.64637681159421,13.535,0.032,4.5045,6.004,7.143,1.597,0.426,NA,0.36,1.362608695652174,0.7891304347826087,NA,0.5791320995532865,57.78,24.18,40.427191875000005,-94.85786,330.20729166666666,9.71,18.842666666666666,8.7
179,2022-06-14,2022-06-14T10:01:02Z,0.016,7.167,87,3.351,4.584559225204608,6.3286866088801235,24.161666666666665,15.565999999999999,25.259795454545454,18.467790697674417,1.754800382673352,0.3152965272227418,0.39384475322123846,0.023692241024169405,4.584559225204608,87,0.49,7.73,4.9,94.7,4.56632183908046,54.727586206896554,6.245166666666667,0.54375,75.43,5.45,0.215,3.351,4.362,5.23,2.624,1.551,NA,1.3604651162790697,0.6463333333333333,0.6723333333333333,NA,1.040226921093347,-88.5,-92.25,NA,NA,NA,7.722857142857143,25.649142857142856,8.518585448910237
179,2022-07-12,2022-07-12T10:07:08Z,0.131,6.465,60,4.4990000000000006,5.381812694478536,6.091748687845619,26.362961538461537,16.514666666666667,27.440186046511627,19.467470588235294,2.1699910267338964,0.7761371632477272,0.6048809435345371,0.04971390666787112,5.381812694478536,60,1.06,8.17,10.9,104.2,5.865333333333333,73.755,6.580576923076923,1.0933333333333333,83.12884615384615,11.233333333333333,1.986,3.3209999999999997,5.1,NA,1.532,1.831,NA,1.0188679245283019,1.2038461538461538,1.3286538461538462,NA,1.1036741214057508,-91.89999999999999,-91.475,40.427430666666666,-94.85691683333333,323.705,8.12,28.099,8.69
179,2022-08-02,2022-08-02T08:33:08Z,0.055,7.62,109,4.5955,6.864483140514768,7.01644272484651,24.130625,15.550699999999999,26.482353846153845,18.148613636363635,1.7495037576248933,0.4002309434437043,0.45020917534154187,0.02287793168145083,6.864483140514768,109,0.32,12.51,3.2,160.3,4.713577981651376,59.00091743119266,5.305,0.338,66.51979166666666,3.39,0.055,1.6480000000000001,3.811,4.578,0.246,1.101,NA,1.887323943661972,1.2857291666666666,2.4986458333333332,NA,1.9433687110102893,-122.48,-122.61111111111111,40.42708853211009,-94.8574876146789,327.2954128440367,12.437142857142858,28.359714285714286,9.04
180,2022-05-24,2022-05-24T09:16:17Z,0.013,9.445,119,6.298500000000001,9.2712639338445,9.445,17.718704347826087,14.501,18.535373493975904,15.4895,0.5258547417816999,0.24912057549427805,0.10933967585033821,0.018914178501701788,9.2712639338445,119,0.42,6.81,4.1,72.9,4.428487394957983,47.22016806722689,4.567130434782609,0.42,48.711304347826086,4.1,0.013,4.525499999999999,6.151,7.027,1.144,0.547,NA,0.008333333333333333,0.8374782608695652,-0.04834782608695652,NA,-0.057730246080365484,-41.4,-29.4,40.34932243697479,-95.13316109243698,300.0529411764706,6.8062499999999995,18.626125000000002,7.94
180,2022-06-14,2022-06-14T08:43:17Z,0.089,9.406,94,4.1419999999999995,6.272785427309231,7.599201834681905,24.408159420289856,17.05206666666667,25.758081632653063,19.229844444444446,1.5698976144893777,0.198782146885227,0.29255249794648863,0.03140520920360709,6.272785427309231,94,0.43,7.08,4.4,87,4.42063829787234,53.4531914893617,5.783188405797102,0.532,70.29130434782608,5.52,0.089,4.016,5.415,6.531,0.667,9.406,NA,0.4574468085106383,0.7127536231884058,0.051449275362318844,NA,0.07218381455876373,-120.84666666666666,-126.54285714285714,NA,NA,NA,7.072857142857143,25.802142857142858,8.17
180,2022-07-12,2022-07-12T08:44:04Z,0.123,9.455,130,7.057,7.514044685634448,8.179943601814879,26.418844660194175,17.9035,26.850479166666666,18.927529411764706,1.940637142202604,0.6079120992402341,0.38349106305173725,0.031861898128584816,7.514044685634448,130,0.23,6.43,2.4,81.9,3.396076923076923,43.00076923076923,4.211067961165049,0.2644444444444444,53.46504854368932,2.7888888888888888,3.542,4.2215,4.744,5.445,2.454,0.361,NA,0.2398190045248869,1.4981553398058252,0.34815533980582525,NA,0.23238934612144385,-109.11666666666666,-115.8,40.349145769230766,-95.13303461538462,294.41692307692307,6.37,27.84,8.16
180,2022-08-02,2022-08-02T07:16:22Z,0.05,9.379,138,6.3475,8.150634542452325,8.603283203273364,26.18155462184874,17.993714285714287,27.11780612244898,20.127225,1.8603035740989071,0.35382504834321477,0.3784316625373702,0.05572279021542158,8.150634542452325,138,0.22,11.18,2.3,143.1,4.716304347826087,59.90869565217391,5.425966386554622,0.25642857142857145,69.01344537815126,2.7142857142857144,1.259,3.2415,4.583,5.45,2.271,1.824,NA,0.46646341463414637,2.096302521008403,0.7580672268907563,NA,0.3616211015794116,-134.60714285714286,-137.47,40.34961572463768,-95.13316210144929,297.6978260869565,10.925555555555555,28.818333333333335,8.60669218511605
181,2022-05-24,2022-05-24T12:05:25Z,0.235,10.528,77,7.3575,9.078974234796439,9.557015959171098,18.71365625,15.137888888888888,18.90038596491228,15.95505,0.6174682834335954,0.18660056448904558,0.11220533210702119,0.01149102484855647,9.078974234796439,77,3.23,8.47,32,91.2,7.516233766233766,80.17142857142858,8.15921875,3.9633333333333334,87.61875,39.46666666666667,0.235,7.3575,NA,NA,6.186,1.161,NA,0.04273504273504274,0.99703125,0.02109375,NA,0.021156558533145277,75.12222222222222,75.55000000000001,40.348726363636366,-94.7756703896104,321.0896103896104,8.47,18.917,8.28
181,2022-06-14,2022-06-14T11:09:07Z,0.043,9.749,94,2.8885,9.15627764752909,9.44794649370235,21.375761363636364,18.28,23.15103125,20.16990322580645,0.6327004980935271,0.13940949816411902,0.12602756007328425,0.00768492825295485,9.15627764752909,94,0.21,4.61,2.3,54.1,2.1168085106382977,24.49787234042553,2.2457954545454544,0.21666666666666667,26.004545454545454,2.333333333333333,0.043,2.0505,3.841,4.947,1.149,1.037,NA,0.27049180327868855,0.7434090909090909,0.09681818181818182,NA,0.13023540201773157,50.06666666666667,49.98,NA,NA,NA,4.596666666666667,23.319166666666668,7.595028781677848
181,2022-07-12,2022-07-12T11:09:14Z,0.102,10.956,142,8.4555,9.196360904185866,9.597511186814906,26.269042372881355,18.60005,26.769177570093458,19.60882857142857,1.7697300500083202,0.9403331179072002,0.31165037108211086,0.038888533927511675,9.196360904185866,142,0.26,8.91,2.7,113.4,4.841197183098592,61.01971830985916,5.757457627118644,0.316,72.69322033898305,3.385,0.27,5.656,6.817,7.59,3.934,2.314,NA,0.2613981762917933,1.6799152542372882,0.5273728813559322,NA,0.3139282651465469,-60.870000000000005,-86.8,40.34889204225352,-94.77602908450704,316.99929577464786,8.905000000000001,27.767666666666667,8.59
181,2022-08-02,2022-08-02T09:39:29Z,0.051,9.298,148,8.148,9.017907921247819,9.298,25.975664335664337,20.827,26.351519379844962,22.134052631578946,1.2389002388432573,0.536088067431492,0.2586945768858508,0.022741621170504052,9.017907921247819,148,0.21,8.26,2.4,103.9,4.294121621621621,53.68783783783784,4.4365734265734265,0.21,55.477622377622374,2.4,0.454,2.3434999999999997,5.875,6.309,1.573,2.21,NA,0.5376884422110553,1.3007692307692307,0.5416083916083916,NA,0.41637546368474815,-72.4,-60.644444444444446,40.34928378378378,-94.77671817567567,321.4222972972973,8.25,27.122666666666667,8.315028781677848
182,2022-05-25,2022-05-25T11:56:34Z,0.126,9.583,107,3.245,4.662029200538194,5.280762390893961,18.913707692307693,11.322289473684211,19.98619565217391,13.054,1.1489090141253655,0.3061140992188874,0.2252380046973762,0.039297975073934815,4.662029200538194,107,1.57,8.77,13.8,96.5,6.470560747663551,67.80747663551402,8.271384615384616,3.471578947368421,89.47384615384615,32.01842105263158,0.126,3.5709999999999997,8.328,NA,9.583,9.583,NA,3.406779661016949,0.3658461538461538,-0.14615384615384616,NA,-0.39949537426408754,81.83947368421053,72.88,40.500633271028036,-91.7689685046729,189.16822429906543,8.77,20.003333333333334,7.86
182,2022-06-15,2022-06-15T10:32:24Z,0.023,6.897,75,2.8815,4.489519373797796,5.200916783901992,25.135735849056605,12.2354375,27.47217142857143,16.42795,2.4586695302563157,0.6265226905146754,0.6463041814800903,0.058300362928801766,4.489519373797796,75,1.73,8.91,15.6,113.8,6.915333333333334,82.06533333333333,8.428301886792452,2.68,103.00754716981132,25.21875,0.023,3.9035,6.546,NA,4.372,5.312,NA,0.6351351351351351,0.6954716981132075,-0.05415094339622642,NA,-0.07786218122626154,88.19375,84.8,NA,NA,NA,8.897142857142857,27.997714285714284,8.42716627539189
182,2022-07-13,2022-07-13T10:36:02Z,0.108,7.59,114,5.272,5.342852311389517,5.710261838644778,25.69534117647059,11.946583333333333,25.816785714285714,12.589766666666666,2.6375372102897927,0.6931056165097687,0.6629135276388258,0.05640368540758517,5.342852311389517,114,0.91,8.47,8.2,108.6,5.96421052631579,72.51228070175439,7.303764705882353,1.7429166666666667,90.63058823529411,16.2875,1.722,3.107,6.501,7.59,4.894,6.163,NA,1.7670588235294118,1.0630588235294118,0.14647058823529413,NA,0.13778220451527226,87.45,49.357142857142854,40.49975096491228,-91.7682700877193,184.45701754385965,8.285,28.49825,8.38
182,2022-08-03,2022-08-03T08:55:39Z,0.036,8.557,109,4.98,6.255752088773231,6.5512473311294785,25.226841463414633,11.27995652173913,27.29416923076923,13.819795454545455,2.5880774331695875,0.7302165501934722,0.5847113977054733,0.0445240093729752,6.255752088773231,109,0.91,8.72,8.1,112.3,6.0297247706422015,73.67522935779816,7.478780487804878,1.4778260869565216,92.94146341463414,13.604347826086956,0.611,4.9345,6.992,8.383,4.923,5.994,NA,2.786290322580645,0.9492682926829268,0.7334146341463414,NA,0.7726104830421378,-14.091304347826087,-68.66666666666667,40.498997798165135,-91.76791899082569,188.31376146788992,8.692,28.5726,8.45
183,2022-05-19,2022-05-19T15:36:54Z,0.058,3.797,74,1.798,2.030628334732916,2.8907602917374784,25.476357142857143,15.332375,25.868135135135134,18.258675675675676,2.1258767052386247,1.4422483480241453,0.9129553230894385,0.10396354847677541,2.030628334732916,74,0.6,9.47,5.9,117.5,6.255540540540541,75.17162162162163,9.116904761904763,0.973125,111.57857142857142,9.775,0.058,1.987,2.77,3.178,2.524,2.57,NA,0.0658682634730539,1.6361904761904762,0.18428571428571427,NA,0.11263096623981372,214.70625,215.8111111111111,38.84613932432433,-93.77744121621622,220.38783783783785,9.458,26.4302,NA
183,2022-06-08,2022-06-08T15:46:21Z,0.094,4.35,39,1.72,3.7280414040963232,4.12989985078502,22.28965625,15.9525,26.72209090909091,19.074107142857144,1.2455879293129328,0.49059363363253616,0.524252960515233,0.04402505907005092,3.7280414040963232,39,1.48,12.57,15,156.4,6.768717948717949,80.4,7.874375,1.52,94.140625,15.4,1.52,2.001,3.76,NA,1.383,1.52,NA,0.20425531914893616,2.564375,0.5575,NA,0.21740190104801363,-4.5,8.416666666666666,NA,NA,NA,12.42,27.013666666666666,9.053358982687998
183,2022-07-26,2022-07-26T15:04:15Z,0.018,3.856,84,3.572,3.5017660933905628,3.7843968821668432,25.667921052631577,17.6685,25.587246753246752,17.946857142857144,1.7836700892219142,1.4773009171389675,0.861961445828471,0.044864290867106776,3.5017660933905628,84,0.28,4.49,2.9,56.6,2.520238095238095,31.485714285714284,2.7523684210526316,0.28500000000000003,34.44736842105263,3,0.018,0.8105,2.261,2.674,0.824,3.856,NA,0.3824091778202677,2.841842105263158,1.0768421052631578,NA,0.3789239744420779,-90.80000000000001,-82.21818181818182,38.84568214285714,-93.777515,225.0095238095238,4.468333333333334,27.253,7.668349241807358
183,2022-08-16,2022-08-16T14:29:02Z,0.036,4.34,56,2.761,3.64566852312792,4.34,25.518645833333334,18.223,26.47945945945946,21.045473684210528,1.6424506743985603,0.6623281923831809,0.6525000119455957,0.04424988646125476,3.64566852312792,56,0.62,4.55,6.6,56.8,3.1644642857142857,39.02142857142857,3.56625,0.62,44.15208333333334,6.6,0.036,2.1345,2.868,3.62,1.595,0.159,NA,0.6109324758842444,2.2935416666666666,1.2404166666666667,NA,0.540830229811972,-74.9,-67.91666666666667,38.84549571428571,-93.77774714285714,223.85535714285714,4.55,26.69,7.74669218511605
184,2022-06-07,2022-06-07T10:20:54Z,0.256,6.868,65,4.1675,6.365067767997774,6.713947854642467,19.773827586206895,11.48875,22.010571428571428,13.200304347826087,1.3026488616328606,0.1642755270045464,0.36100055591709135,0.01145816646345156,6.365067767997774,65,0.67,8.13,6.1,99.3,3.761230769230769,42.94769230769231,4.124655172413793,0.7075,47.29827586206896,6.475,0.256,1.2265000000000001,4.355,6.111,2.833,0.382,NA,0.9381443298969073,0.7093103448275861,0.296551724137931,NA,0.41808458920758385,33.95,45.714285714285715,NA,NA,NA,8.13,25.46,7.81
184,2022-07-25,2022-07-25T09:49:50Z,0.037,7.353,116,2.8914999999999997,5.259974582503537,5.808326069478459,24.92225925925926,11.989892857142857,28.81708163265306,15.49913432835821,2.4322260763044596,0.42926975229021497,0.61564811546832,0.0564549183673038,5.259974582503537,116,0.37,9.11,3.4,118.5,4.427413793103448,55.88879310344828,6.109629629629629,0.48392857142857143,77.86913580246913,4.5,0.132,2.6345,3.829,4.853,3.06,3.01,NA,5.552380952380952,1.5151851851851852,2.8964197530864197,NA,1.911594557157989,-127.45,-131.1727272727273,38.59126344827586,-92.8060699137931,262.97241379310344,9.101666666666667,29.017166666666668,9.066768641189475
184,2022-08-15,2022-08-15T10:57:12Z,0.012,7.335,90,4.37,4.430254924878035,5.80482996078004,26.265096153846155,12.49,26.42743137254902,13.96848717948718,2.725409234916583,0.49384817488006383,0.625842070062452,0.04804277103145245,4.430254924878035,90,0.41,8.74,3.8,111.8,3.997,49.83777777777778,6.420576923076923,0.5104761904761905,81.36923076923077,4.809523809523809,2.142,2.481,3.882,4.81,0.702,2.782,NA,3.2994011976047903,2.4575,3.1373076923076924,NA,1.276625714062133,-139.41904761904763,-142.22222222222223,38.59129155555556,-92.80603766666667,262.99111111111114,8.693333333333333,28.217,9.04669218511605
185,2022-05-24,2022-05-24T14:29:04Z,0.159,5.673,60,4.837,4.849083926334317,5.673,19.047770833333335,15.559,19.047770833333335,16.498,0.6172520619527404,0.4516975065964533,0.19001386348661115,0.028907860910454598,4.849083926334317,60,2.44,6.93,24.5,74.8,6.4305,69.00666666666666,6.892291666666667,2.44,74.4125,24.5,0.159,4.952,NA,NA,0.159,0.159,NA,-0.1,0.9595833333333333,-0.10312500000000001,NA,-0.10746851932262268,78,75.74285714285715,40.39822383333333,-94.087057,292.50166666666667,6.922499999999999,19.03825,7.78
185,2022-06-14,2022-06-14T13:46:49Z,0.029,6.405,84,1.442,5.584796351137856,5.7750877895347115,21.086268656716417,17.804,24.778666666666666,19.246181818181817,0.6574523453656411,0.2636457695684038,0.19937021783087444,0.018529818844910576,5.584796351137856,84,0.2,4.97,2.1,60.4,1.6560714285714286,19.401190476190475,2.0186567164179103,0.22071428571428572,23.71641791044776,2.3214285714285716,0.029,0.882,2.326,3.214,6.351,6.351,NA,1.853448275862069,0.895223880597015,0.7361194029850746,NA,0.8222740913637879,-8.935714285714287,-16.336363636363636,NA,NA,NA,4.97,25.25357142857143,7.471442746339746
185,2022-07-12,2022-07-12T13:51:00Z,0.045,4.57,64,3.8485,4.16510024912055,4.57,28.257603448275862,22.429,28.52448148148148,23.7681,1.5113222266342063,1.2511702732495484,0.6075789673418197,0.03675113533374732,4.16510024912055,64,0.74,10.7,8.5,141,6.65203125,86.53125,7.251896551724138,0.74,94.44310344827586,8.5,0.747,2.511,3.609,4.227,2.311,0.885,NA,0.15839243498817968,3.3281034482758622,0.5546551724137931,NA,0.1666580324301922,-34.2,-14.8875,40.39799578125,-94.08647359375,288.7578125,10.66,29.7754,8.7
185,2022-08-02,2022-08-02T11:54:43Z,0.011,6.26,79,5.564,6.027121309957664,6.215362192441236,25.745486486486488,19.1845,26.135391304347827,19.8916,1.5169132483089243,0.9467123369563128,0.4704890142766124,0.027374436382902,6.027121309957664,79,0.32,8.32,3.4,106.2,3.3426582278481014,41.925316455696205,3.545945945945946,0.325,44.513513513513516,3.5,0.093,1.1179999999999999,2.74,3.666,0.736,0.819,NA,0.35986159169550175,1.7537837837837837,0.4797297297297297,NA,0.2735398366466328,-116.15,-106,40.39821607594937,-94.08664873417722,290.52025316455695,8.31857142857143,27.892857142857142,8.108585448910237
186,2022-06-01,2022-06-01T13:08:34Z,0.123,4.74,58,2.7865,3.638260028349677,4.74,24.268395833333333,19.371,24.716925,21.08716666666667,1.1012352895842241,0.3819671685734478,0.3770230427675538,0.012944250634363873,3.638260028349677,58,1.67,10.49,18.1,127.5,7.782241379310345,92.99137931034483,8.891875,1.67,106.67083333333333,18.1,0.235,1.0685,4.531,NA,1.477,1.477,NA,0.21987315010570824,4.356458333333333,0.969375,NA,0.22251446607048922,46.7,44.54,NA,NA,NA,10.458571428571428,25.337142857142858,8.871442746339746
186,2022-06-22,2022-06-22T12:15:33Z,0.022,4.718,53,3.3935,2.0349847055812083,4.718,29.863071428571427,19.756,29.08459523809524,21.656727272727274,2.5641449466006634,0.8227669868721246,0.6929170781566472,0.03705985325578863,2.0349847055812083,53,1.23,12.71,13.4,171.2,7.084150943396226,92.74716981132076,10.790000000000001,1.23,142.92857142857142,13.4,0.022,1.2145000000000001,3.578,NA,0.806,0.698,NA,0.708215297450425,2.620357142857143,1.6360714285714286,NA,0.6243696333651356,-110.3,-78.24,NA,NA,NA,12.49375,30.9995,9.181461589737838
186,2022-07-19,2022-07-19T11:32:04Z,0.041,4.119,56,4.077,3.2802985668808042,4.119,28.83472727272727,24.294,28.351181818181818,24.294,1.2297044448106362,0.9137498067976038,0.4960784595037436,0.02052390442073399,3.2802985668808042,56,0.94,13.77,11.3,182.2,8.118571428571428,105.86071428571428,9.964772727272727,0.94,130.15454545454546,11.3,0.488,2.1135,3.285,4.035,0.412,0.488,NA,1.0571428571428572,5.282045454545455,5.006136363636363,NA,0.9477647261305451,-87.8,-59.25714285714285,37.730854107142854,-90.63431607142857,309.24642857142857,13.721428571428572,30.052285714285716,9.180065786069425
186,2022-08-09,2022-08-09T10:53:22Z,0.05,4.913,59,4.558,4.713298602622514,4.913,28.764842105263156,25.121,29.02230188679245,25.307166666666667,0.9997146247574165,0.3532487756740946,0.3910710002622922,0.027075195633619688,4.713298602622514,59,0.75,4.6,9.1,60.4,3.5727118644067795,46.62881355932203,3.670877192982456,0.75,47.93333333333333,9.1,2.663,3.2815000000000003,4.044,4.621,4.913,0.112,NA,0.6586169045005489,7.804561403508772,4.857543859649123,NA,0.6223980578159422,-121.5,-112.4875,37.73078033898305,-90.63429745762711,314.3627118644068,4.56,29.5108,7.918018335884987
197,2022-05-31,2022-05-31T14:05:36Z,0.054,7.536,99,1.945,2.6241267131164223,2.9476221658808086,24.047386363636363,13.61988,25.448866666666667,15.48172463768116,2.010172061526532,1.6238488856254432,0.5115269990567914,0.08851085442596723,2.6241267131164223,99,0.28,11.71,2.5,144.4,6.028787878787879,69.96464646464646,10.853181818181818,1.6974,129.78863636363636,16.898,0.054,2.0705,4.396,5.292,1.124,1.546,NA,2.637037037037037,1.2086363636363637,2.6136363636363638,NA,2.1624670928920646,48.122,-23,NA,NA,NA,11.71,26.001875,9.437521503776606
197,2022-06-21,2022-06-21T13:39:41Z,0.108,7.335,82,1.7530000000000001,4.045892400702162,4.412677318192182,26.02813725490196,13.522,30.679586206896552,16.250188679245284,2.5315359087238676,0.34956161216349724,0.657389406701034,0.06535296609877993,4.045892400702162,82,0.54,10.69,5.1,146.4,4.5113414634146345,58.014634146341464,6.749019607843137,0.8003571428571429,88.39019607843137,7.7214285714285715,0.318,1.634,2.922,4.894,0.108,1.144,NA,2.0245901639344264,0.7286274509803922,1.4364705882352942,NA,1.9714747039827771,-130.81428571428572,-127.1,38.70948,-90.69066865853658,168.84756097560975,10.684285714285714,31.982,9.205742449135816
197,2022-07-18,2022-07-18T13:36:07Z,0.061,6.782,115,2.5084999999999997,3.4633492605693825,3.8690129406017633,25.607448979591837,14.45695,27.68947222222222,15.585582278481013,2.2909181880239657,0.8266744709052388,0.6374583703431279,0.11136094844347244,3.4633492605693825,115,0.21,8.05,2,104.6,2.946608695652174,36.18869565217391,6.160612244897959,0.4826666666666667,77.31020408163265,4.815,0.11,2.17,3.317,3.993,2.05,2.207,NA,0.8288770053475936,1.1510204081632653,0.7206122448979592,NA,0.626063829787234,-120.58166666666666,-126.82727272727273,38.70946947826087,-90.69033052173913,170.71652173913043,8.008,29.0028,8.036027588070905
197,2022-08-08,2022-08-08T13:34:30Z,0.036,7.411,79,1.5615,6.3387165166081045,7.124786477465813,24.273514705882352,14.4895,31.632666666666665,20.943015625,1.9451200541856224,0.31762300223837187,0.47458910646703645,0.0308075302737664,6.3387165166081045,79,0.5,11.61,4.9,158.6,4.256202531645569,55.01898734177215,4.854411764705882,0.5175000000000001,63.025,5.075,0.484,1.7125,3.414,4.793,1.68,1.145,NA,1.5888888888888888,0.9064705882352941,1.0426470588235295,NA,1.1502271252433485,-103.45,-102.9,38.70953582278481,-90.69042443037975,170.40632911392404,11.522,32.2772,9.26
211,2022-05-23,2022-05-23T16:37:30Z,0.177,5.704,96,3.5170000000000003,5.055085683164189,5.6109029192872475,19.861460674157303,13.637,21.40684745762712,16.377594594594594,1.0606788684999628,0.4554164266779163,0.3388849317769799,0.04349399409593464,5.055085683164189,96,2.67,9.65,25.7,109.3,8.061979166666667,89.16041666666666,8.45247191011236,2.67,93.7685393258427,25.7,0.466,3.671,NA,NA,5.212,5.704,NA,0.003787878787878788,0.6326966292134831,-0.08292134831460675,NA,-0.13106020245071925,99.3,98.28333333333333,39.763062812499996,-94.25832020833333,284.98125,9.65,21.415333333333333,8.24
211,2022-06-13,2022-06-13T14:39:57Z,0.131,6.52,81,3.509,5.586913308053295,6.300981944203157,23.316823529411764,12.849,26.140617021276597,15.727382352941177,1.9319422771782229,0.34292198497772397,0.5341232919809418,0.02880324593806312,5.586913308053295,81,0.55,10.16,5.2,129.3,5.443827160493827,67.03086419753086,6.360735294117647,0.575,78.6485294117647,5.45,0.131,2.21,3.994,5.151,3.222,3.533,NA,0.7733333333333333,0.919264705882353,0.08073529411764706,NA,0.08782594784834426,-109.8,-104.625,NA,NA,NA,10,28.61642857142857,8.5
211,2022-07-11,2022-07-11T13:54:32Z,0.316,7.23,103,0.6465000000000001,7.168061393450107,7.224203269871895,21.75239175257732,13.1165,31.1952,20.747642857142857,1.5348466687121345,0.6492290181604959,0.4213057320991655,0.13433433518953505,7.168061393450107,103,0.35,13.76,3.3,178.1,4.642233009708738,58.7252427184466,4.907113402061856,0.35,62.144329896907216,3.3499999999999996,1.096,1.2825,3.504,4.664,1.902,3.894,NA,0.5570934256055363,2.4489690721649486,1.4109278350515464,NA,0.5761313407703641,-153.4,-117.45,39.76292718446602,-94.25835844660195,282.4611650485437,13.076666666666666,31.218,9.01
211,2022-08-01,2022-08-01T13:59:37Z,0.05,6.938,90,4.798,5.897377948514173,6.104464800090947,23.551561643835615,14.331076923076923,25.88787272727273,15.473142857142857,1.7903991321810508,0.41637456188494176,0.5011553167575413,0.04706169087161463,5.897377948514173,90,0.5,13.9,4.8,178.7,5.640888888888889,70.59666666666666,6.812739726027397,0.576923076923077,85.64383561643835,5.653846153846154,0.05,2.0735,4.206,5.299,1.375,3.033,NA,2.255434782608696,2.309041095890411,1.8845205479452054,NA,0.8161485524442336,-121.26153846153846,-122.46249999999999,39.762932,-94.25834155555555,285.93666666666667,13.47,29.442833333333333,8.883436027765786
213,2022-05-23,2022-05-23T17:41:08Z,0.095,5.662,72,5.6545000000000005,NA,NA,NA,NA,21.809485714285714,21.2875,NA,NA,NA,0.08331052807481497,5.662,72,6.59,8.74,74.3,99.7,8.593333333333334,98,NA,NA,NA,NA,0.095,5.6545000000000005,NA,NA,5.613,5.662,NA,0.13513513513513511,NA,NA,NA,NA,NA,84.24,39.77385736111111,-94.27275166666666,272.2972222222222,8.74,21.807375,8.2
213,2022-06-13,2022-06-13T15:26:54Z,0.007,4.323,63,3.8365,3.557443530258772,4.196695060406485,27.222803921568627,24.874,27.122836363636363,25.0625,0.6250856179083257,0.5027482023893046,0.25193628904567783,0.00921983087629722,3.557443530258772,63,6.12,9.66,74,123.3,8.873015873015873,111.42222222222222,9.250196078431372,6.215,116.7607843137255,75.1,0.007,3.9545000000000003,NA,NA,0.938,0.307,NA,0.21212121212121213,1.5311764705882354,0.13431372549019607,NA,0.08771929824561403,68.44999999999999,66.75,NA,NA,NA,9.621666666666666,28.127833333333335,8.308349241807358
213,2022-07-11,2022-07-11T15:25:29Z,0.1,5.094,65,1.093,4.14694151895686,4.638841578119553,29.05389090909091,27.8294,30.372333333333334,28.542415094339624,0.352674709157327,0.13831114450111284,0.12627318978928942,0.0086329605816422815,4.14694151895686,65,2.63,12.4,33.5,165.5,7.542769230769231,98.47076923076924,8.301454545454545,3,108.54181818181819,38.28,0.363,0.4605,NA,NA,0.306,1.716,NA,0.3571428571428572,3.1618181818181816,1.574,NA,0.4978148361127085,73.62,73.45,39.77364292307693,-94.27166830769231,274.8692307692308,12.364,30.4436,8.744027672897047
213,2022-08-01,2022-08-01T15:13:28Z,0.016,4.157,55,0.359,0.37143822502708695,1.3177681078956849,32.1796,27.479944444444445,32.1796,27.85434,1.410627104258424,0.9210283173056858,0.5528261494495066,0.028577183735899885,0.37143822502708695,55,3.63,19.8,45.6,272.9,11.59309090909091,150.42727272727274,18.886,8.072222222222223,259.86,102.46388888888889,0.016,1.0419999999999998,NA,NA,0.608,0.608,NA,0.32228490832157974,6.922,2.536,NA,0.3663681017047096,62.73888888888889,72,39.774102,-94.2720289090909,273.75636363636363,18.847142857142856,31.685285714285715,9.112308484868164
219,2022-06-16,2022-06-16T10:15:13Z,0.171,3.697,40,2.19,3.0458729812291887,3.3951966898957893,25.995464285714284,18.515833333333333,28.148470588235295,20.85608695652174,1.7127725586519773,1.1030552416961816,0.8465820739865586,0.05120153624113404,3.0458729812291887,40,1.03,8.83,11,113.9,4.86575,60.57,6.358214285714285,1.1616666666666666,80.075,12.45,0.171,2.19,3.152,NA,2.074,0.628,NA,0.25,5.938571428571429,1.520357142857143,NA,0.25601395236949726,-83.78333333333333,-71.11,38.99389575,-92.48932500000001,237.07,8.83,28.525,8.725028781677848
219,2022-06-30,2022-06-30T15:59:15Z,0.011,3.547,37,2.401,3.1195006033591124,3.547,25.98751515151515,17.736,27.140703703703704,19.7589,1.8558258406429786,0.5516176241283078,0.9338664598673532,0.03843405075674704,3.1195006033591124,37,2.1,12.77,22.1,164.9,7.876756756756757,98.93783783783783,8.566363636363636,2.1,108.11212121212121,22.1,0.53,0.896,NA,NA,1.866,0.777,NA,1.4350132625994696,3.4993939393939395,2.9566666666666666,NA,0.8449082092137166,-144.4,-141.26,38.99417027027027,-92.4888918918919,235.2,12.7325,28.602125,9.4
219,2022-07-19,2022-07-19T13:57:26Z,0.111,3.37,84,2.932,3.2477020892479533,3.37,26.74230864197531,19.5,27.5453661971831,20.786384615384616,1.7211624095865545,2.6882504999007004,0.9856904843584273,0.14937065347754366,3.2477020892479533,84,0.29,9.74,3.1,128,4.461904761904762,57.739285714285714,4.615308641975309,0.29,59.74938271604938,3.1,0.703,0.9764999999999999,1.968,2.393,1.396,1.133,NA,1.079268292682927,2.0412345679012347,1.989753086419753,NA,0.9747792427724687,-120.6,-106.66875,38.99405,-92.48931892857144,233.57380952380953,9.392857142857142,29.856,NA
219,2022-08-11,2022-08-11T14:15:02Z,0.194,3.25,66,0.685,2.877908611474618,3.25,27.460508474576272,21.911,31.302555555555553,26.24021052631579,1.4043296392086404,0.867035063294972,0.7754247414394302,0.03190602877184791,2.877908611474618,66,0.28,8.42,3.2,114.2,3.666060606060606,47.79848484848485,4.062881355932204,0.28,53.03050847457627,3.2,0.194,0.9644999999999999,1.953,2.141,1.237,1.014,NA,2.007518796992481,1.035084745762712,1.4422033898305084,NA,1.3933191419682331,-109.6,-103.4,38.993738030303035,-92.48929863636364,229.65,8.411666666666667,31.459666666666667,8.798387764365845
276,2022-06-09,2022-06-09T15:11:22Z,0.246,5.223,75,1.6855,2.6145479726296257,3.0446425773793857,21.145722222222222,12.741424242424243,23.235727272727274,14.358981132075472,1.447700354156268,0.8245535179860058,0.5121797724523848,0.07595030489035308,2.6145479726296257,75,0.5,7.2,4.6,87.4,2.6672000000000002,29.932,4.548055555555556,0.8566666666666667,52.65833333333333,8.139393939393939,0.246,1.408,2.401,3.863,0.935,0.451,NA,0.11546391752577322,1.9808333333333332,0.3938888888888889,NA,0.1988500911513112,-21.703030303030303,-59.71111111111111,38.7554016,-92.2062672,209.948,7.192,25.0368,7.6
276,2022-07-06,2022-07-06T17:38:04Z,0.06,4.818,24,2.3465,2.6137812457157863,4.027481802771692,28.6743,13.0398,29.558777777777777,15.6104,3.3301865611414314,0.788222667976274,1.0687890185515398,0.04082908207282298,2.6137812457157863,24,2.81,14.4,26.6,201.9,7.1875,87.80416666666666,11.381,3.138,150.96,29.9,0.354,1.6715,NA,NA,1.768,2.223,NA,0.12841756420878211,6.86,1.462,NA,0.21311953352769678,-114.60000000000001,-115.65,38.75541,-92.20609166666667,212.0625,14.353333333333333,33.407666666666664,8.893358982687998
276,2022-08-11,2022-08-11T10:35:06Z,0.208,4.819,67,2.3200000000000003,4.432401328318117,4.771652077775576,23.21181967213115,13.6875,27.2484375,17.940285714285714,1.7979768814814179,0.3966451855726649,0.6971265914789146,0.04658692705113742,4.432401328318117,67,0.48,8.16,4.6,104.2,3.454776119402985,42.8955223880597,3.7449180327868854,0.48,46.631147540983605,4.65,0.208,1.4325,2.429,3.148,1.582,0.354,NA,0.6227758007117438,2.3985245901639343,1.439016393442623,NA,0.5999589911831045,-105.15,-102.35,38.75538,-92.20613835820896,213.11194029850748,8.098,27.8754,8.106073004666428
276,2022-09-22,2022-09-22T15:22:57Z,0.03,4.865,24,3.0620000000000003,3.9316930808797497,4.865,23.418894736842105,15.871,24.1386875,18.04025,1.5245872620002956,0.5249537408738781,0.5258732534398555,0.013361130168230416,3.9316930808797497,24,3.54,9.53,36,114.2,7.665,89.61666666666666,8.623157894736842,3.54,102.14210526315789,36,0.574,2.176,NA,NA,0.072,0.03,NA,0.10206337509211495,17.235263157894735,1.786842105263158,NA,0.10367361895746177,-142.5,-140.06666666666666,38.75561041666666,-92.20641458333333,212.29583333333332,9.506666666666666,24.389499999999998,8.154300136905519
420,2022-07-06,2022-07-06T11:04:17Z,0.228,7.235,45,2.0635000000000003,3.3129131107172833,4.294580962793633,28.893944444444443,12.453238095238095,31.2335,16.562114285714287,3.4664570556899434,1.2386147602094997,0.8437622447678641,0.10484488071171119,3.3129131107172833,45,1.18,8.03,10.8,108.2,4.766444444444445,57.18666666666667,7.681666666666667,2.1833333333333336,100.38333333333333,20.7,1.881,5.9775,5.977,NA,3.556,5.266,NA,0.49321266968325794,0.5338888888888889,0.39,NA,0.7304890738813736,18.94761904761905,-74.6,38.474589333333334,-91.39023933333334,216.48,7.885,31.183,8.110115119082694
420,2022-07-29,2022-07-29T15:23:27Z,0.042,6.974,76,3.35,4.76082217234912,5.338050872896634,25.377959183673468,12.070368421052631,27.3535,15.035975,2.5404663635869156,0.573426979751163,0.6728617194186464,0.04101065407981232,4.76082217234912,76,0.65,8.43,6,107.7,4.8676315789473685,59.32236842105263,6.8710204081632655,0.9726315789473684,85.52857142857142,9.089473684210526,0.042,3.35,4.922,6.205,6.974,3.784,NA,2.322274881516588,1.236530612244898,0.819795918367347,NA,0.662980689882819,-57.973684210526315,-107.33333333333333,38.47421486842105,-91.39060842105263,215.97763157894738,8.418,28.008399999999998,8.624027672897046
420,2022-08-18,2022-08-18T10:40:39Z,0.238,6.994,88,4.898,4.726045693288773,5.588395002264802,25.144903225806452,12.058375,24.81596923076923,13.041956521739131,2.481534703884904,1.1115280992160401,0.6317271817457769,0.04271239634184725,4.726045693288773,88,0.57,8.1,5.2,100.9,5.093295454545455,61.753409090909095,6.760645161290323,0.850625,83.05322580645161,7.9375,0.292,3.5845000000000002,4.752,6.07,6.994,4.075,NA,2.2953929539295395,0.920483870967742,1.2283870967741937,NA,1.3345014893989837,-42.0125,-79.32857142857142,38.474577272727274,-91.39030420454546,216.6909090909091,8.08,26.712666666666667,8.57
420,2022-09-22,2022-09-22T12:27:42Z,0.056,7.428,36,4.1419999999999995,2.188956914262809,7.253123928940922,25.684545454545454,12.202,25.23815,16.3878125,2.605358284478143,0.5288743662685281,0.41711870829406705,0.017271800849590613,2.188956914262809,36,1.75,9.18,16.4,112.5,5.774444444444445,68.4,9.166363636363636,1.75,112.37272727272727,16.4,0.056,3.1625,6.908,NA,7.428,4.249,NA,4.179856115107913,1.1781818181818182,1.0845454545454545,NA,0.9205246913580246,-134.6,-132.05,38.47410055555556,-91.39052861111111,213.31944444444446,9.174,25.683999999999997,8.754027672897047
423,2022-06-16,2022-06-16T12:57:05Z,0.137,8.063,108,2.0175,2.0523833671469975,3.1584254314218465,28.848555555555556,11.454470588235294,29.2678,12.963048192771085,3.566406175415864,1.3490850734152855,0.7779233971041706,0.26680057079421454,2.0523833671469975,108,0.3,12.23,2.6,137.8,3.6164814814814816,43.367592592592594,8.768148148148148,0.7898529411764705,113.62592592592593,7.448529411764706,2.201,2.4370000000000003,3.424,4.829,2.282,2.282,NA,1.721189591078067,1.2262962962962962,0.40814814814814815,NA,0.3328299607369375,-71.51323529411765,-106.77,NA,NA,NA,8.36,30.91625,8.315143900760543
423,2022-07-06,2022-07-06T14:51:28Z,0.005,7.897,42,2.8585000000000003,6.059063326566551,6.722228422363957,21.90065625,10.068285714285715,30.080933333333334,13.090518518518518,1.8992669046831452,0.2680992931600339,0.4437453912227899,0.03335968193098688,6.059063326566551,42,1.72,10,15.2,127,5.822857142857143,68.24285714285715,6.941875,2.1228571428571428,83.278125,18.84285714285714,1.698,2.678,7.595,NA,1.545,4.502,NA,0.17791411042944785,2.033125,0.511875,NA,0.25176759913925606,-93.18571428571428,-94.83333333333333,38.47346142857143,-91.2679,215.4142857142857,8.0525,32.457499999999996,8.485975617298346
423,2022-07-29,2022-07-29T13:34:47Z,0.082,7.919,89,2.9364999999999997,5.96189080537303,6.344368855376539,21.42234328358209,10.06038888888889,27.314939393939394,13.561625,1.7930831851496123,0.16261676399519334,0.43199130910160144,0.03384670089512341,5.96189080537303,89,0.5,8.11,4.4,104,4.300898876404494,51.258426966292134,5.4797014925373135,0.6566666666666666,66.00149253731344,5.838888888888889,0.082,3.2169999999999996,4.832,6.072,2.776,3.802,NA,1.536945812807882,1.5437313432835822,1.0882089552238805,NA,0.7049212027458184,-104.03888888888889,-110.81428571428572,38.47349898876404,-91.26785573033708,212.17303370786516,8.062857142857142,28.207571428571427,7.940263867709551
423,2022-08-18,2022-08-18T09:41:58Z,0.179,7.894,105,3.0709999999999997,5.7794387323323235,6.282123694412292,21.513534246575343,10.2718,26.286823529411766,14.28230985915493,1.7942389102155403,0.24934508137920763,0.42736840034333834,0.043100927704556015,5.7794387323323235,105,0.3,8.98,2.6,111.5,3.9184761904761904,47.03142857142857,5.4467123287671235,0.3908,65.93972602739726,3.496,0.179,3.1265,4.28,5.182,3.734,3.558,NA,2.6031746031746033,1.7516438356164383,2.262739726027397,NA,1.291780714788457,-75.216,-84.0375,38.47338361904762,-91.26794247619047,212.36857142857144,8.95,26.5442,8.206027588070905
438,2022-05-25,2022-05-25T10:40:25Z,0.313,3.08,56,2.64,2.208390616729968,3.08,20.57463157894737,15.702,20.31089361702128,16.838333333333335,0.9065466096936916,0.8404094936407488,0.45882399891636405,0.026343363235693272,2.208390616729968,56,3.55,8.82,35.8,98.6,7.9019642857142856,87.01785714285714,8.674473684210527,3.55,96.57368421052631,35.8,0.643,2.3385,NA,NA,3.08,3.08,NA,0.6351791530944626,0.906578947368421,0.38710526315789473,NA,0.4269956458635704,214.6,216.41,NA,NA,NA,8.796,20.851000000000003,6.31
438,2022-06-02,2022-06-02T13:54:08Z,0.156,3.369,63,1.9215,2.6260208249673416,3.369,22.878113636363636,15.706,23.899724137931035,19.003558823529414,1.4220660989343514,0.7178692314383126,0.6916698934512756,0.07527775921156804,2.6260208249673416,63,2.58,9.13,26.6,109.2,7.066984126984127,80.9888888888889,8.262727272727274,2.58,96.44545454545454,26.6,0.156,0.1925,NA,NA,2.8,3.257,NA,0.5165376495425756,1.7138636363636364,0.2697727272727273,NA,0.15740617955178357,95.4,94.56153846153846,38.90118222222222,-92.34232015873016,219.2968253968254,8.888571428571428,24.352857142857143,7.7075141190471275
438,2022-06-30,2022-06-30T12:47:32Z,0.031,3.421,21,2.5685000000000002,2.5179082462247093,3.421,28.3930625,18.351,28.272,20.3965,2.407455384669902,2.0568992470453655,1.1135080020297876,0.09562487873290212,2.5179082462247093,21,4.6,7.62,51.2,99.1,6.731428571428571,85.24285714285715,7.219375,4.85,93.11875,51.8,0.031,2.5685000000000002,NA,NA,3.201,3.421,NA,0.11834319526627218,1.041875,0.179375,NA,0.17216556688662266,1.7,0.35,38.9014519047619,-92.34247904761904,216.78095238095239,7.616666666666667,28.983,7.55
438,2022-07-19,2022-07-19T10:11:09Z,0.128,3.178,76,3.1165,3.0557476725510404,3.178,28.464876712328767,23.224,28.414472972972973,23.548000000000002,1.383921577608703,3.458498047454741,0.8386762224805105,0.07307804074606611,3.0557476725510404,76,0.99,8.41,11.6,110.2,6.661842105263158,86.33815789473684,6.882602739726027,0.99,89.25342465753425,11.6,0.128,2.029,2.931,3.178,3.102,3.178,NA,0.5530671859785784,2.894931506849315,0.743972602739726,NA,0.2569914351961387,21.4,63.15,38.90134684210526,-92.34270447368421,217.2671052631579,8.395555555555555,29.291555555555554,7.851173585711585
438,2022-08-11,2022-08-11T12:04:50Z,0.077,2.727,48,2.288,2.1015450774347353,2.727,29.145658536585366,27.26,29.11241860465116,27.734,0.5390422933720629,0.5612376247277423,0.32158063617427746,0.01649347879247686,2.1015450774347353,48,4.62,7.62,58.3,98.8,7.089791666666667,92.2875,7.318780487804878,4.62,95.48536585365854,58.3,0.797,2.349,NA,NA,2.727,2.727,NA,0.6468842729970327,1.218780487804878,0.2448780487804878,NA,0.20092055233139883,-45.2,-46.1,38.90141979166667,-92.34282166666667,217.64375,7.42875,30.00125,7.568676527489034
438,2022-10-13,2022-10-13T13:06:06Z,0.052,3.56,42,NA,NA,NA,NA,NA,NA,NA,NA,NA,NA,9.603945560314625e-4,3.56,42,8.73,9.66,90.3,100.4,9.051190476190476,94.06666666666666,NA,NA,NA,NA,0.052,0.32599999999999996,NA,NA,3.193,2.413,NA,0.8972602739726028,NA,NA,NA,NA,NA,119.42,38.901375,-92.34223666666666,221.6095238095238,9.468333333333334,17.226833333333335,7.800116012785957
440,2022-06-16,2022-06-16T14:15:34Z,0.045,3.701,56,2.189,2.9787936543391997,3.2163539655711295,22.51746511627907,11.1665,26.310642857142856,13.793285714285714,1.9350444785175114,0.9272333123944398,0.9826151312189784,0.11387129468148645,2.9787936543391997,56,0.75,9.22,6.7,111.7,4.930714285714286,58.90714285714286,6.040232558139535,1.15,73.17441860465117,10.4875,0.045,1.8585,2.873,3.649,1.385,2.21,NA,0.19465977605512488,7.549534883720931,2.6051162790697675,NA,0.3450697717401349,-24.6125,-24.6125,38.89383,-91.73738,242.71607142857144,7.795,33.345749999999995,7.27
440,2022-07-05,2022-07-05T11:59:52Z,0.042,3.445,34,1.4224999999999999,2.9196565423787564,3.294636635368789,24.23817857142857,12.677,28.277642857142858,18.177599999999998,2.1784708621305526,1.0955422868903488,1.140566604589495,0.04772032675104835,2.9196565423787564,34,2.14,8.8,20.3,113.8,5.751176470588235,69.53235294117647,6.4246428571428575,2.413333333333333,79.02857142857142,22.666666666666668,0.622,1.3085,NA,NA,2.045,2.172,NA,1.4730999146029033,4.579642857142857,3.2339285714285713,NA,0.7061530063167746,-28.133333333333333,-24.900000000000002,38.893669411764705,-91.73729852941176,242.27941176470588,8.345,30.192999999999998,7.52
440,2022-08-04,2022-08-04T13:19:07Z,0.188,4.252,91,2.6185,2.547242966428404,3.9186269091661634,27.55430769230769,12.847625,27.2974,16.26313888888889,3.0350661996382087,1.3133448095107847,1.0794447722381835,0.06375719899426556,2.547242966428404,91,0.26,10.75,2.4,141.4,4.593626373626374,58.417582417582416,7.572884615384615,0.30125,97.24615384615385,2.85,0.188,0.9339999999999999,2.486,2.738,2.56,2.407,NA,0.2956636005256242,4.4375,0.6744230769230769,NA,0.15198266522210183,-78.2375,-77.78,38.89373450549451,-91.73743648351649,245.22637362637363,10.693333333333333,29.532,8.265330499973022
440,2022-08-31,2022-08-31T10:22:18Z,0.074,3.22,27,2.8594999999999997,2.7432556765133076,3.175701424979301,26.212227272727272,20.791,26.181260869565218,21.5415,1.3096963298870605,3.156645625632322,0.717161277720347,0.04721382236689414,2.7432556765133076,27,3.18,7.64,35.6,95.1,6.336666666666667,78.0037037037037,6.9809090909090905,3.18,86.5,35.6,0.204,2.4025,NA,NA,2.641,2.641,NA,0.2513049962714392,6.919090909090909,1.2677272727272728,NA,0.18322165287084485,-11.4,18.82,38.89386148148148,-91.73743851851853,241.3925925925926,7.6,26.6536,6.966027588070904
446-01-00,2022-09-19,2022-09-19T09:57:19Z,0.118,2.55,52,0.8374999999999999,NA,NA,NA,NA,21.139142857142858,20.88434210526316,NA,NA,NA,0.00295453135143193,2.55,52,6.19,6.78,69.1,76.3,6.549423076923077,73.49038461538461,NA,NA,NA,NA,0.848,1.1895,NA,NA,0.989,0.203,NA,4.769230769230769,NA,NA,NA,NA,NA,102.38461538461539,44.224860192307695,-93.5535975,305.92115384615386,6.672857142857143,21.156285714285715,8.91
446-02-00,2022-09-19,2022-09-19T16:37:26Z,0.141,1.216,18,NA,NA,NA,NA,NA,NA,NA,NA,NA,NA,3.94498771518706e-4,1.216,18,9.78,9.85,113.3,114.1,9.830555555555556,113.86111111111111,NA,NA,NA,NA,0.141,1.2055,NA,NA,0.903,0.875,NA,2.8389513108614235,NA,NA,NA,NA,NA,186.69166666666666,44.222322222222225,-93.56759833333334,303.6111111111111,9.85,22.602,8.45
454,2022-05-31,2022-05-31T15:44:46Z,0.038,8.37,87,1.687,3.428116361414416,4.3246700940871365,21.217485714285715,7.744404761904762,25.9656875,10.898901408450705,1.9167271512978914,0.3999272444485817,0.4136871606409077,0.04285093787147489,3.428116361414416,87,0.61,17.05,5,201.1,6.63551724137931,73.3551724137931,13.48,1.48,155.61428571428573,12.592857142857143,0.889,2.0105,5.514,7.127,1.307,1.449,NA,1.0708661417322836,1.6768571428571428,1.6554285714285715,NA,0.9872209916510479,-50.19285714285714,-89.3,NA,NA,NA,15.862,27.4762,9.33
454,2022-06-21,2022-06-21T16:52:43Z,0.132,1.43,17,0.48050000000000004,0.8157083094471604,1.0069415766215717,32.143375,29.396714285714285,33.459,29.95169230769231,0.8470464298231946,1.0579452761545767,1.0449408446934734,0.041346563190576405,0.8157083094471604,17,11.97,12.81,155.5,168.9,12.367058823529412,166.50588235294117,12.115,12.592857142857143,167.4375,165.15714285714287,1.064,1.2349999999999999,NA,NA,0.54,1.43,NA,0.1109090909090909,3.92125,0.36875,NA,0.09403889065986612,168.68571428571428,168.7,38.33376,-90.65444588235293,155.01764705882354,11.9925,33.459,9.24
454,2022-07-18,2022-07-18T15:01:54Z,0.016,7.448,94,3.1875,4.194966035575357,5.395679547365901,25.604,8.211407407407407,28.07702380952381,10.622192307692307,2.9448763975818792,0.31730511535073935,0.6809975595947797,0.0392942978551967,4.194966035575357,94,0.89,11.53,7.5,151.5,6.231489361702128,74.92553191489361,9.469811320754717,1.4285185185185185,118.86792452830188,12.177777777777777,0.878,1.9245,5.645,7.159,3.242,3.242,NA,0.46675997200839753,3.5622641509433963,1.238301886792453,NA,0.34761652542372884,-120.03703703703704,-120.32857142857144,38.33390425531915,-90.65472393617021,153.72659574468085,11.212,30.6862,8.9
454,2022-08-08,2022-08-08T15:04:10Z,0.03,7.434,96,0.5715,3.079582550903198,4.659660879379457,29.462268292682925,9.691833333333333,34.31485714285714,18.511033707865167,3.915262310606977,1.3436553306730294,0.8686994206026193,0.061225445656801596,3.079582550903198,96,0.66,16.61,5.6,226.1,5.6658333333333335,73.18020833333334,11.487804878048781,0.9441666666666667,153.84146341463415,8.397222222222222,0.724,1.104,3.942,5.571,2.333,2.268,NA,0.7683573050719152,4.201951219512195,4.978048780487805,NA,1.1846993266775019,-130.5861111111111,-134.21428571428572,38.333839895833336,-90.65428302083333,155.03541666666666,15.365,34.53616666666667,9.380424694873557
455,2022-06-09,2022-06-09T12:04:19Z,0.107,5.089,46,4.3055,4.4474333294451736,5.007862441479185,21.677256410256412,15.061,21.974972972972974,15.509,1.2463169327276091,0.2937734152061713,0.44121871715242644,0.013488666041253093,4.4474333294451736,46,0.93,9.15,9.3,114.1,4.441521739130435,52.05869565217391,5.050512820512821,0.9450000000000001,59.51282051282051,9.45,0.107,1.729,3.751,4.992,0.342,0.478,NA,0.9053254437869823,1.0851282051282052,0.531025641025641,NA,0.48936672967863887,81.80000000000001,81.06666666666666,NA,NA,NA,9.1075,26.211750000000002,8.167521503776607
455,2022-06-29,2022-06-29T12:27:25Z,0.021,5.156,92,2.8615,4.8679138545410146,5.101664661015679,22.487662790697673,14.978,25.963760869565217,18.056804347826088,1.4433822522971695,0.5129055342059158,0.5356025924475938,0.032548399666425226,4.8679138545410146,92,0.37,10.55,3.7,133.6,4.259130434782609,52.208695652173915,4.52906976744186,0.375,55.580232558139535,3.75,0.021,1.256,2.955,3.607,1.462,0.671,NA,0.2370689655172414,1.2498837209302325,0.1380232558139535,NA,0.11042887710484697,-34.25,11.42,NA,NA,NA,10.508571428571429,27.324428571428573,8.462913392494288
455,2022-07-27,2022-07-27T12:27:22Z,0.02,5.064,73,3.4055,4.047745170986912,4.894439448486359,25.73306896551724,16.136,26.42264705882353,18.341636363636365,2.065198673187865,0.602529039941402,0.6988007080824891,0.058004971124914845,4.047745170986912,73,0.66,7.69,6.7,98,4.576986301369863,56.57123287671233,5.526724137931034,0.6925,68.75344827586207,7.075,0.02,2.6925,3.543,4.514,5.064,0.988,NA,1.2352941176470589,0.9768965517241379,1.8427586206896551,NA,1.8863395693611014,-87.825,-82.36666666666667,39.47657383561644,-94.31683616438356,278.8931506849315,7.60125,28.188499999999998,8.320057563355697
455,2022-08-17,2022-08-17T09:50:02Z,0.032,5.071,62,3.737,4.155125406262551,5.071,25.084714285714284,17.107,25.52356818181818,19.174555555555557,1.7320635541576621,0.654752141208731,0.5786202891136158,0.05215929663209044,4.155125406262551,62,1.37,6.23,14.2,76.1,4.89241935483871,58.935483870967744,5.632857142857143,1.37,68.58163265306122,14.2,2.487,3.4935,4.759,NA,2.276,1.686,NA,2.2066666666666666,1.0861224489795918,2.5751020408163265,NA,2.370913190529876,-93.8,-89.275,39.47642774193548,-94.31735419354838,276.9548387096774,5.5,25.783833333333334,8.128349241807358
