MULakeNumber,date,dateTime,minDepth_m,maxDepth_m,numberOfMeasurements_temperature,thermoclineDepth_m_thresh0.3,top_metalimnion_m,bottom_metalimnion_m,epilimnion_temp_degC,hypolimnion_temp_degC,above_thermocline_temp_degC,below_thermocline_temp_degC,delta_hypo_epi_waterDensity_kgperm3,metalimnionDensityGradient_kgperm3perm,epiToHypoDensityGradient_kgperm3perm,buoyancyfrequency_1_s2,mixingDepth_m,numberOfMeasurements_do,minDO_mgpL,maxDO_mgpL,minDO_percent,maxDO_percent,DO_mgpL_profileMean,DO_percent_profileMean,epilimnion_DO_mgpL,hypolimnion_DO_mgpL,epilimnion_DO_percent,hypolimnion_DO_percent,depthMaxDOpercentage_m,Oxycline_m,Hypoxycline_m,Anoxycline_m,depthChlMax_m,depthBGAMax_m,depthPEMax_m,ratioMaxBGtochl_RFUperRFU,epilimnion_chlorophyll_RFU,epilimnion_phycocyaninBGA_RFU,epilimnion_phycoerythrinTAL_RFU,ratioEpiBGtochl_RFUperRFU,hypolimnion_orp_mV,bottom0.5m_orp_mV,site_latitude,site_longitude,site_altitude_m,surface_doConcentration_mgpL,surface_temp_degC,surface_pH
003,2023-06-05,2023-06-05T10:48:46Z,0.171,16.813,80,3.667,5.343437950353772,7.961256633001341,22.687708333333333,6.505386363636363,24.777980392156863,8.599883597883597,2.308731801500926,0.2297821398205436,0.2376360810327264,0.00985664595277045,5.343437950353772,80,0.28,10.563333333333333,2.2,126.8,3.8922083333333335,41.95708333333334,8.937777777777777,1.3597727272727274,105.24583333333334,11.151515151515152,2.204,3.451833333333333,11.551666666666668,12.740666666666666,2.891,16.813,NA,0.23389021479713606,1.6434722222222222,0.28055555555555556,NA,0.1707090340572974,156.52651515151516,1.141666666666667,39.341092958333334,-91.15300625,238.88458333333332,10.024444444444443,26.223666666666666,8.5
003,2023-06-26,2023-06-26T10:25:47Z,0.062,16.351,132,5.264,6.093273447787593,7.1691917945684365,22.953125,6.667651515151515,24.506604166666666,7.8093571428571424,2.364659288761345,0.23172195632579143,0.27138008472945563,0.0253046206344292,6.093273447787593,132,0.64,7.67,5.1,95.9,3.921818181818182,43.16439393939394,6.982142857142857,1.437878787878788,82.65178571428571,11.83939393939394,0.062,5.264,9.698,13.244,5.664,5.664,NA,0.23636363636363636,1.1303571428571428,0.3494642857142857,NA,0.30916271721958927,88.83333333333333,-8.68,39.341349015151515,-91.15298946969696,241.5878787878788,7.67,26.7815,8.14
003,2023-07-24,2023-07-24T10:46:15Z,0.03,16.195333333333334,89,4.872166666666667,3.6648722208268496,6.35292779044469,26.5733768115942,7.117866666666667,25.54083333333333,8.049033898305085,3.2639713280384512,0.8978764787857566,0.3456976229016121,0.022076084008205057,3.6648722208268496,89,0.09,9.883333333333336,0.7,125.25,2.797808988764045,33.93651685393258,9.011811594202898,0.2274,112.59347826086956,1.9073333333333333,0.03,3.2223333333333333,4.78,5.684333333333333,2.590333333333333,2.414,NA,1.2077151335311576,1.011086956521739,0.8563768115942029,NA,0.8469863111875583,52.774,-104.17777777777778,39.341455168539326,-91.1528906741573,240.71404494382023,9.847083333333334,27.56908333333333,8.64428401823596
003,2023-08-14,2023-08-14T10:46:58Z,0.013,15.886333333333331,76,4.622666666666667,6.4175909675662695,7.288046483136069,23.581733333333332,6.9156306306306305,25.73324358974359,9.129133333333334,2.5045832715687766,0.28790362083159454,0.29893355990252535,0.01875943791526973,6.4175909675662695,76,0.11,7.21,0.9,89.4,2.4061842105263156,28.930701754385964,4.938571428571429,0.21468468468468468,60.396190476190476,1.781981981981982,0.013,3.4586666666666668,4.715333333333334,5.424666666666667,4.715333333333334,4.715333333333334,NA,0.2897526501766784,0.9441904761904762,0.28114285714285714,NA,0.2977607423845067,33.16036036036036,-96.16666666666667,39.34135504385965,-91.15285728070175,241.265350877193,7.206666666666667,26.307583333333334,8.175028781677847
005,2023-06-05,2023-06-05T12:34:25Z,0.024,14.992,179,5.005,6.723761424222631,6.965674352937938,21.334060975609756,6.636193548387097,24.281852459016392,7.8235762711864405,1.9962854817983953,0.5153575099939172,0.2620844022333196,0.04317040220439142,6.723761424222631,179,0.79,15.09,6.4,146.3,7.525977653631285,76.8536312849162,11.254634146341463,3.953010752688172,124.42926829268292,32.85913978494624,5.403,5.7135,11.618,14.284,6.76,6.76,NA,0.11082024432809773,2.4498780487804876,0.34195121951219515,NA,0.1395788740106526,11.410752688172042,-105.725,39.02026363128492,-90.9207840782123,172.42625698324022,8.54625,27.967624999999998,8.305028781677848
005,2023-06-26,2023-06-26T12:00:08Z,0.056,14.199,178,4.9295,7.245691883944107,7.323185774956241,20.902238636363638,6.565704545454546,25.835654545454545,8.2413008130081309,1.9050149161322452,1.0218580562078134,0.2668743363286921,0.027988424036899127,7.245691883944107,178,0.59,12.05,4.7,116.6,5.408707865168539,57.48202247191011,9.066590909090909,1.7459090909090909,100.79431818181818,14.376136363636364,5.691,6.6695,9.871,11.869,5.348,5.134,NA,0.21575342465753425,1.205,0.22397727272727272,NA,0.18587325537533006,15.722727272727273,-104.15,39.02117202247191,-90.9198847752809,169.4876404494382,8.02,27.801666666666666,8.29
005,2023-07-24,2023-07-24T12:09:07Z,0.015,13.846,68,5.394666666666667,7.088761980030987,7.629695705528722,23.20862745098039,6.96089247311828,26.063153846153845,8.511063492063492,2.412708669495828,0.21827124811848314,0.3354027641372703,0.015799032548221965,7.088761980030987,68,0.16,8.343333333333334,1.3,107,3.1098529411764706,37.666666666666664,5.866666666666666,0.31290322580645163,72.35588235294118,2.6010752688172043,0.015,4.5648333333333335,5.953,6.723333333333334,4.078333333333333,5.5183333333333335,NA,0.8696883852691222,0.69,0.36470588235294116,NA,0.5285592497868713,13.86774193548387,-83.16666666666666,39.021004362745096,-90.9198818137255,174.09607843137255,8.33,28.2295,8.291733626909268
005,2023-08-14,2023-08-14T12:15:13Z,0.024,13.636666666666668,66,6.064333333333334,3.2017559707170387,8.073717376141722,27.46382456140351,7.062111111111111,25.99049523809524,8.82847311827957,3.5116024397921137,0.6762070029173971,0.3794557247694832,0.019251307239902555,3.2017559707170387,66,0.14,7.98,1.1,101.3,3.158131313131313,39.15959595959596,7.757543859649123,0.20682539682539683,98.21929824561403,1.7142857142857142,0.024,3.0778333333333334,4.9173333333333336,5.726,3.275333333333333,5.315333333333333,NA,3.3822714681440447,0.9161403508771929,0.4303508771929825,NA,0.4697433933358867,-38.11904761904762,-96.94999999999999,39.02090712121212,-90.91987595959596,169.1959595959596,7.9725,27.633916666666668,8.260880273593893
011,2023-05-25,2023-05-25T10:59:21Z,0.01066666666666666,13.422333333333333,61,6.2716666666666665,8.685146790174771,10.565437232101162,20.4397094017094,9.772644444444444,22.244233333333334,11.565548387096774,1.605816958980654,0.1448008649616676,0.20987472247430317,0.007799503999060274,8.685146790174771,61,0.2733333333333334,9.84,2.4,116.26666666666668,4.550218579234973,51.99781420765027,6.868547008547009,0.35555555555555557,79.08547008547009,3.148888888888889,1.439,3.6783333333333337,6.761666666666667,8.194333333333333,3.41,4.134666666666667,NA,0.6221498371335504,0.7430769230769231,0.28581196581196583,NA,0.3846330802852542,-31.14888888888889,-61.28888888888889,38.35841726775956,-91.5393192896175,230.38907103825136,9.641111111111112,24.15833333333333,8.208891729157617
011,2023-06-12,2023-06-12T12:34:23Z,0.02333333333333333,11.574666666666667,61,5.252666666666666,8.389037707754678,9.519943872440768,21.84082638888889,10.572,23.980333333333334,13.608397435897436,1.8393685803550852,0.16817414442240355,0.2895372927722218,0.013030660311710907,8.389037707754678,61,0.25333333333333335,7.656666666666667,2.2333333333333334,92.16666666666669,4.430218579234973,52.15191256830601,5.535555555555556,0.30962962962962964,65.40902777777778,2.7888888888888888,0.02333333333333333,4.546333333333333,5.743666666666667,6.570666666666667,2.045,5.899666666666667,NA,0.9834983498349833,0.6065277777777778,0.40694444444444444,NA,0.6709411495305702,-49.144444444444446,-63.91111111111111,38.35804661202186,-91.53865846994536,236.5295081967213,7.6466666666666665,24.654533333333337,8.062684123631499
011,2023-07-20,2023-07-20T12:40:32Z,0.17166666666666666,12.863,144,6.4528333333333325,5.427968638185268,7.7167446327863995,26.4085223880597,11.625146666666666,25.80927160493827,12.331,2.863130790341188,0.9046836699166118,0.3779267580726347,0.0464329086481877,5.427968638185268,144,0.04666666666666667,8.04,0.4,101.26666666666668,3.0412731481481483,37.906481481481485,6.291990049751243,0.08946666666666667,78.8497512437811,0.8253333333333334,2.759,3.8661666666666665,4.823333333333333,5.371333333333333,1.1726666666666667,1.7553333333333334,NA,0.25823451910408435,1.6793532338308457,0.44487562189054725,NA,0.2649089023848319,-82.91866666666667,-114.3,38.35847532407408,-91.53862210648148,235.8763888888889,7.931111111111111,27.375,8.18799325309983
011,2023-08-10,2023-08-10T14:19:01Z,0.05866666666666666,11.389,273,1.1753333333333333,8.742031785202666,9.032842980230777,23.18939069767442,11.677745098039216,28.92752777777778,20.000376171352077,2.0387682354603385,0.2566521125134285,0.34910979320080204,0.0384922950367421,8.742031785202666,194,0,9.523333333333332,0,119.5,3.388745704467354,42.61769759450172,3.388745704467354,NA,42.61769759450172,NA,1.193,2.4835,3.991,4.473333333333334,1.193,1.88,NA,0.25562700964630225,0.9229612403100775,0.262062015503876,NA,0.2839361005190573,-123.8281045751634,-129.82,38.35826918192918,-91.53873067155067,234.75372405372406,8.88111111111111,29.28783333333333,8.311177849006263
014,2023-06-05,2023-06-05T17:24:15Z,0.057,15.747,166,3.955,2.202887634366006,5.728711808893401,28.00544,9.536443396226415,26.956642857142857,10.702475806451613,3.5047239406214885,0.7742868883037161,0.36369593878759404,0.06300527613258047,2.202887634366006,166,0.31,9.13,2.6,102.3,3.5948795180722892,40.97951807228916,7.970400000000001,1.1802830188679245,101.93599999999999,10.79622641509434,0.057,4.4765,7.528,9.693,4.439,3.989,NA,0.6064981949458483,0.248,-0.0548,NA,-0.22096774193548388,85.21037735849056,-26.585714285714285,38.31643686746988,-90.60187885542169,167.88012048192772,7.98,28.128857142857143,8.2
014,2023-06-26,2023-06-26T16:49:42Z,0.00999999999999999,15.83,166,5.9366666666666665,8.148777623299909,8.383830651658267,20.606410256410257,8.39972156862745,24.358949685534593,9.40250442477876,1.744678243034059,0.19120912002265392,0.21720167869403453,0.04814113537858,8.148777623299909,166,0.05,7.91,0.4,92.4,2.3316666666666666,27.62168674698795,4.811410256410256,0.12745098039215685,57.47905982905983,1.0988235294117648,0.6083333333333333,5.916,5.952,6.981,6.601,6.530666666666667,NA,0.240251572327044,1.926346153846154,0.5862179487179487,NA,0.3043159961398955,-8.857254901960784,-7.516666666666667,38.316411084337346,-90.60102859437751,168.23032128514058,7.3,27.302666666666667,8.062233612332228
014,2023-07-24,2023-07-24T16:22:46Z,0.043,15.985,186,5.1775,4.341100513979988,7.006792510054324,28.08212,9.258532710280374,27.822593220338984,10.918724409448819,3.5486902881666538,1.053398335904754,0.3805424794869375,0.07329573774933511,4.341100513979988,186,0.16,8.45,1.3,109.7,2.885752688172043,35.30268817204301,7.8864,0.5111214953271028,101.08200000000001,4.575700934579439,0.166,3.409,7.057,8.285,6.49,6.131,NA,3.9665071770334928,1.0894,0.3266,NA,0.29979805397466497,-12.62056074766355,-96.975,38.31655059139785,-90.60125102150538,167.047027027027,8.432857142857143,28.87442857142857,8.365742449135814
014,2023-08-14,2023-08-14T16:37:16Z,0.03766666666666667,15.304666666666666,74,5.368,3.7838606888172035,8.235935291712881,28.32675438596491,9.04467816091954,27.837987654320987,11.825964539007092,3.6349611987174058,0.6889538304649853,0.3679717367476492,0.031603701457408,3.7838606888172035,74,0.11666666666666668,8.09,1,104.6,2.617837837837838,32.50045045045045,7.43280701754386,0.20379310344827586,95.66842105263157,1.7862068965517242,0.03766666666666667,5.811,5.065,7.614666666666667,6.064,6.064,NA,4.218568665377176,1.1250877192982458,0.6096491228070176,NA,0.5418680804615623,-65.96436781609195,-107.42222222222223,38.31666945945946,-90.60148108108109,167.80990990990992,8.09,28.652666666666665,8.35
018,2023-06-06,2023-06-06T10:35:13Z,0.043,16.621333333333332,82,4.3,11.090093188568702,11.357164325261488,19.854815476190478,9.264847222222222,25.76221212121212,13.141461111111111,1.525576667851169,0.147377347868904,0.1806655768528985,0.009059452729089413,11.090093188568702,82,3.24,11.78,27.8,128.23333333333335,8.385731707317074,88.14186991869919,9.794761904761906,5.1809722222222225,107.28630952380952,45.2875,6.022666666666667,10.479666666666667,NA,NA,12.372333333333334,15.363666666666669,NA,0.6328125,0.40214285714285714,0.2038095238095238,NA,0.5068087625814091,9.009722222222223,16.8,37.89843918699187,-90.62945955284553,263.39756097560974,8.667777777777777,26.009999999999998,8.43
018,2023-06-27,2023-06-27T09:46:07Z,0.147,18.507,224,5.5504999999999995,9.25267094086884,9.497918370674213,22.073501650165017,9.610727777777777,26.603046666666668,12.020187739463601,1.9776725467372671,0.331743765389726,0.21092645605709068,0.023864951322566667,9.25267094086884,224,0.49,13.466666666666669,4.2,148.83333333333334,6.63735119047619,70.6827380952381,10.44973597359736,3.3415555555555554,118.34719471947194,29.927777777777777,6.4719999999999995,10.107166666666668,15.510666666666667,17.238333333333333,7.997,18.507,NA,0.5095238095238096,0.4494719471947195,0.10458745874587459,NA,0.23268962478889785,-70.00611111111111,-112.28,37.898839270833335,-90.62894508928571,265.6264880952381,8.54,26.970666666666663,8.53
018,2023-07-25,2023-07-25T09:28:45Z,0.193,15.848,81,7.16,11.060177629120433,11.746512632731495,23.439380116959065,9.48663492063492,27.087008547008548,12.206992063492063,2.3080545935536065,0.18898337621872036,0.27918323815859936,0.01478496595404759,11.060177629120433,81,0.6733333333333333,12.516666666666666,5.833333333333333,134.53333333333333,7.18798353909465,81.81934156378601,9.169122807017544,2.056984126984127,106.95847953216375,18.125396825396827,7.481,10.474499999999999,13.525333333333334,14.757,9.750333333333334,9.224333333333334,NA,0.4248927038626609,0.43321637426900583,0.062280701754385964,NA,0.14376349892008639,143.58095238095237,33.17777777777778,37.898751234567904,-90.62987148148147,265.2576131687243,8.203333333333333,27.895833333333332,8.395028781677848
018,2023-08-15,2023-08-15T09:49:06Z,0.008,16.942,95,7.3934999999999995,11.550620519990284,12.360813185642597,22.819181372549018,9.74678787878788,26.871131782945735,12.84077564102564,2.1388363650676183,0.16191770319139712,0.24096588014233625,0.015020739827262534,11.550620519990284,95,0.26,7.833333333333333,2.3,94.9,4.951824561403509,58.36561403508772,6.693480392156863,0.44227272727272726,79.52598039215687,3.915151515151515,0.008,9.071166666666667,11.050333333333334,12.029666666666667,2.2196666666666665,16.942,NA,0.5977011494252873,0.19031862745098038,0.049215686274509805,NA,0.25859626529298135,2.271212121212121,-80.64444444444445,37.89863066666667,-90.62971778947369,269.94929824561405,7.53,27.187444444444445,8.265575429969186
021,2023-06-06,2023-06-06T08:29:48Z,0.116,32.662,85,4.434,3.954461753126047,9.223891853963222,25.81369696969697,7.358413978494624,25.730611111111113,8.668776255707762,3.0488581171485976,0.5236749094806477,0.16075629677254413,0.017242594932614725,3.954461753126047,85,1.03,9.906666666666666,8.4,107.33333333333331,6.178235294117647,58.6478431372549,8.516666666666666,5.155752688172043,104.67272727272727,43.15537634408602,5.505333333333334,8.497666666666667,30.265666666666664,NA,5.505333333333334,26.865666666666662,NA,0.44584382871536526,0.3157575757575758,0.09787878787878788,NA,0.30998080614203455,148.11612903225807,168.61666666666667,37.981682313725486,-90.32241509803922,225.82549019607842,8.538333333333332,25.828000000000003,8.106679458680476
021,2023-06-27,2023-06-27T07:50:03Z,0.01766666666666666,32.68333333333334,255,5.336166666666667,7.787596440088239,9.057894572009252,23.56527619047619,7.517610789980732,26.594739130434782,8.964529505582137,2.471038492721277,0.2864456368501942,0.14555370875424362,0.022001910611873385,7.787596440088239,255,0.16666666666666669,9.95,1.3666666666666667,110.6,5.064130718954249,50.97934640522876,8.729333333333333,3.4134104046242775,102.47142857142858,28.82061657032755,5.402,7.871833333333333,25.34166666666667,26.717333333333332,7.931666666666667,9.256333333333334,NA,0.6405405405405405,0.5827619047619048,0.11142857142857143,NA,0.19120771367870565,-388.48265895953756,-402.75333333333333,37.98212865359477,-90.32314728104575,228.5526797385621,8.20888888888889,26.884333333333334,8.27
021,2023-07-25,2023-07-25T07:37:04Z,0.14200000000000002,32.96066666666667,122,5.430166666666667,3.6627663344905543,10.5613527396657,28.067285714285713,7.310593869731801,27.821491228070176,8.802825242718447,3.6696534275386057,0.48988596786389865,0.1841305666678936,0.012658418846160986,3.6627663344905543,122,0.11,8.29,0.9,106.13333333333333,3.2810928961748633,34.71366120218579,8.270238095238096,1.785632183908046,105.85238095238095,15.013793103448275,0.298,5.430166666666667,21.139,24.818333333333335,4.9863333333333335,7.718,NA,0.31223628691983124,0.5795238095238096,0.09928571428571428,NA,0.17132292522596548,177.67586206896553,-68.13333333333334,37.981922704918034,-90.3231274863388,228.21229508196723,8.29,28.074444444444445,8.31
021,2023-08-15,2023-08-15T07:59:40Z,0.0875,28.817,100,5.245666666666667,8.018722145598495,10.658703983932131,25.169576923076924,7.470164102564103,27.059313725490195,9.590815261044177,2.8749736525669505,0.35688880244508964,0.18278763470330728,0.01097419002957136,8.018722145598495,100,0.14,7.63,1.1,96,2.377466666666667,26.247666666666667,5.9107692307692306,1.1563076923076923,73.42692307692307,9.701025641025641,0.5383333333333333,4.977333333333334,7.396333333333334,9.363666666666669,4.832333333333334,5.122333333333334,NA,0.4186746987951806,0.8650641025641026,0.24461538461538462,NA,0.28277139681363467,227.9953846153846,129.31666666666666,37.9817318,-90.323137,230.12366666666665,7.63,27.073,8.205028781677848
030,2023-06-06,2023-06-06T17:55:44Z,0.162,5.539,105,1.3079999999999998,4.495740114252917,4.9467494100077545,27.41025,21.627153846153846,30.097956521739132,25.227951219512196,1.4540489282928775,0.36716104104569364,0.4854913762231963,0.044293848396468875,4.495740114252917,105,0.45,9.1,5.1,118.9,5.771714285714285,73.72666666666666,7.048095238095238,0.556923076923077,90.25595238095238,6.3307692307692305,1.297,3.311,4.141,4.669,4.007,5.539,NA,0.5824175824175825,1.2723809523809524,0.32023809523809527,NA,0.251684131736527,36.761538461538464,34.081818181818186,36.92850038095238,-90.28664723809524,109.27333333333334,8.861666666666666,30.446333333333335,8.371682738776629
030,2023-06-27,2023-06-27T17:43:00Z,0.041,7.000333333333333,159,6.1931666666666665,6.59832768969404,6.760721861938613,28.58472888888889,23.368055555555557,28.796379953379954,23.8163125,1.3839861934692408,0.5315320153164007,0.38644111266035863,0.027911857315774377,6.59832768969404,159,0.26333333333333336,11.59,3.1,156.06666666666666,7.465995807127882,97.27044025157232,7.891422222222222,0.32611111111111113,102.84111111111112,3.838888888888889,0.552,1.1286666666666667,6.044333333333333,6.277666666666667,5.746333333333333,2.746,NA,0.770949720670391,2.5,2.039111111111111,NA,0.8156444444444444,-457.5,-459.73636363636365,36.929769916142554,-90.28544385744235,112.27211740041929,11.454166666666667,31.4315,9.090893187623657
030,2023-07-25,2023-07-25T16:57:25Z,0.068,7.18,138,3.2584999999999997,6.261547020918508,6.61476592121297,27.98725,25.43188888888889,28.8876875,26.60995945945946,0.6957134919340433,0.2638801525176334,0.1847055026920428,0.014524232816870026,6.261547020918508,138,0.25,9.41,3,122.8,4.8293478260869565,62.428985507246374,5.511916666666667,0.26555555555555554,71.28,3.2555555555555555,0.66,3.2584999999999997,4.582,4.875,7.18,0.549,NA,2.470779220779221,2.4556666666666667,6.713333333333333,NA,2.7338129496402876,-114.04444444444444,-115.8625,36.92944463768116,-90.28570927536232,111.52246376811594,9.394444444444446,29.174444444444443,9.088900192004663
030,2023-08-15,2023-08-15T17:21:27Z,0.081,9.583,159,2.658,NA,NA,NA,NA,26.57276595744681,26.369669642857144,NA,NA,NA,0.0036766386311452687,9.583,159,5.49,7.93,67.9,98.9,7.206918238993711,89.55786163522012,NA,NA,NA,NA,0.081,9.567499999999999,NA,NA,6.766,0.154,NA,0.7608200455580866,NA,NA,NA,NA,NA,183.02857142857144,36.92886647798743,-90.28587893081762,114.43396226415095,7.924444444444444,26.620555555555555,8.14784843442585
030,2023-09-22,2023-09-22T11:47:55Z,0.144,5.715,85,0.5535,1.9489792859116413,1.9954225705077124,23.65732,23.282694915254236,24.355,23.346938271604937,0.09047616981990814,0.1627034872780234,0.03140746696641355,0.004791909437959994,1.9489792859116413,85,4.01,8.64,46.9,103.5,5.595882352941176,65.82705882352941,7.8096,4.6440677966101696,92.296,54.45084745762712,0.286,0.9944999999999999,NA,NA,0.765,5.708,NA,0.6076923076923078,4.6024,1.7872,NA,0.3883191378411263,238.60338983050846,241.2,36.92847964705882,-90.28660529411765,118.07882352941176,8.620000000000001,24.355,7.773152299332797
032,2023-06-07,2023-06-07T09:49:11Z,0.074,5.669,107,2.7165,4.521373084280264,4.736327954814378,23.55146511627907,11.816666666666666,27.208549019607844,15.914053571428571,2.1104789618572113,0.8018142312007669,0.7173674877848386,0.04759434529236933,4.521373084280264,107,1.15,8.98,10.5,102.5,6.760934579439252,79.01308411214953,7.774302325581395,2.368333333333333,92.33953488372093,21.983333333333334,0.092,3.702,5.549,NA,4.785,4.689,NA,1.716417910447761,0.5158139534883721,0.21593023255813953,NA,0.41862037871956714,35.71666666666667,-11.392307692307693,36.658579345794394,-90.95472158878505,200.303738317757,8.03875,27.813375,7.893133185459685
032,2023-06-28,2023-06-28T09:07:52Z,0.016,5.509,125,4.058,5.06879780421228,5.1827828531071765,23.907035087719297,12.226875,25.93494623655914,14.0445,2.150404471137108,0.7386493036490619,0.7648622404072489,0.08454700074843646,5.06879780421228,125,0.63,7.94,5.9,100.2,4.9828,61.996,5.383421052631579,0.77625,67.22631578947369,7.25,0.016,3.032,3.704,5.125,4.45,4.45,NA,1.0964980544747083,1.8081578947368422,1.1678947368421053,NA,0.6459030708776016,-462.58750000000003,-462.675,36.658712720000004,-90.9548624,201.6344,7.68,29.1865,8.05
032,2023-07-26,2023-07-26T09:27:09Z,0.063,5.49,133,3.565,5.32469586730197,5.49,24.53805426356589,13.073,27.954655172413794,17.117260869565218,2.204099185650307,0.7486495641926917,0.7794803370190371,0.07098636906997419,5.32469586730197,133,0.29,8.53,2.8,110.7,4.960075187969925,63.440601503759396,5.104651162790698,0.29,65.31937984496123,2.8,0.901,2.8545,3.39,3.791,4.049,4.049,NA,1.1658227848101266,2.2780620155038758,1.5476744186046512,NA,0.6793820396774084,-59.8,-49.714285714285715,36.6586284962406,-90.95487458646616,202.49548872180452,8.396363636363636,29.609727272727273,8.291254268788462
032,2023-08-16,2023-08-16T10:05:02Z,0.007,5.759,90,4.1015,4.510964710718757,5.050008931392806,25.78631506849315,14.672272727272727,26.13231884057971,16.39995238095238,2.3066142311232625,1.019356047152914,0.7324858798391849,0.08121352927084251,4.510964710718757,90,1.04,7.65,10.1,95.6,5.938888888888889,72.7311111111111,6.922876712328767,1.420909090909091,85.61369863013698,14.018181818181818,0.007,3.5015,5.016,NA,4.2,4.2,NA,1.5521235521235524,2.7684931506849315,1.2404109589041097,NA,0.4480455220188026,-35.40909090909091,-42.4125,36.658534555555555,-90.95496888888889,204.3311111111111,7.645833333333333,26.770083333333332,7.639175405222005
033,2023-06-07,2023-06-07T08:40:48Z,0.057,5.173,103,3.626,4.838810310570993,4.98509716363529,25.512,19.5965,26.475306666666665,21.494285714285713,1.3733570846831071,0.5713232383588265,0.5163688752344512,0.14964443819356926,4.838810310570993,103,9.08,10.96,100.4,125.2,9.647669902912622,116.93009708737864,9.6153125,9.7275,117.3875,106.275,4.331,5.159,NA,NA,5.145,5.173,NA,0.45121951219512196,0.24104166666666668,0.1121875,NA,0.4654278305963699,191.325,189.05,36.63635378640777,-91.05195893203883,176.13398058252426,9.3525,26.61875,8.22
033,2023-06-28,2023-06-28T08:00:32Z,0.0175,4.870333333333333,82,4.864166666666667,4.820575498466594,4.870333333333333,27.257801687763713,21.533,27.13107818930041,21.533,1.432626068884133,2.679105724028857,0.582357529528557,0.1026234115792874,4.820575498466594,82,1.8066666666666664,9.3,20.5,114.76666666666668,7.7838617886178865,98.66747967479675,7.98746835443038,1.8066666666666664,101.36160337552742,20.5,3.884333333333333,4.1545,4.870333333333333,NA,3.6826666666666665,4.870333333333333,NA,0.28571428571428575,0.8293881856540084,0.08940928270042194,NA,0.10780149060107344,-457.1,-445.07948717948716,36.63654536585366,-91.05286451219511,177.3729674796748,8.638666666666667,28.489266666666666,8.27
033,2023-07-26,2023-07-26T08:13:25Z,0.046,5.549,132,4.923,5.520329959806408,5.528603649968589,27.73132283464567,20.653,28.41946017699115,21.778526315789474,1.7564960103676412,NA,0.6321430644947704,0.039605407862442564,5.520329959806408,132,0.39,8.44,4.4,110.1,5.86219696969697,75.61060606060606,6.07251968503937,0.54,78.35826771653544,6.05,0.046,5.548500000000001,4.988,5.436,5.527,5.527,NA,0.5244034707158352,1.2470866141732284,0.6602362204724409,NA,0.5294229069326934,-132.75,-25.987499999999997,36.63608795454545,-91.05245696969696,176.89015151515153,8.436666666666666,29.143416666666667,8.22669218511605
033,2023-08-16,2023-08-16T08:48:00Z,0.02,4.643,79,4.6145,NA,NA,NA,NA,26.925782051282052,26.71,NA,NA,NA,0.0034370671743964676,4.643,79,4.72,5.14,59,64.5,5.050506329113924,63.34177215189874,NA,NA,NA,NA,0.02,3.9800000000000004,NA,NA,4.643,4.643,NA,0.634920634920635,NA,NA,NA,NA,NA,182.06666666666666,36.636288354430384,-91.05267139240506,181.13670886075948,5.136666666666667,26.94977777777778,7.793358982687997
036,2023-06-06,2023-06-06T15:20:48Z,0.245,7.757,124,3.7065,7.235371763787415,7.350526779497703,24.163947368421052,19.58214285714286,26.87321818181818,21.345797101449275,1.0328661272474164,0.22215254619065397,0.26241000721813734,0.02013038132298843,7.235371763787415,124,2.38,10.29,25.9,129.1,7.1026612903225805,86.12822580645161,7.506754385964912,2.4571428571428573,91.29035087719298,26.82857142857143,1.992,4.08,NA,NA,3.54,4.092,NA,0.4108527131782946,0.642280701754386,0.14570175438596492,NA,0.22685058727123736,137.20000000000002,137.13333333333333,37.13864991935484,-90.77337556451613,149.6693548387097,9.905000000000001,27.95725,8.62
036,2023-06-27,2023-06-27T15:00:21Z,0.096,7.825333333333333,85,7.7935,7.745024898580735,7.825333333333333,26.265329218106995,22.550333333333334,26.17928514056225,22.5565,0.9306620983637686,0.5866571285047706,0.23544251704415267,0.01218796058110247,7.745024898580735,85,0.28,9.836666666666666,3.2,125.56666666666666,5.098274509803922,64.92039215686275,5.3361728395061725,0.28,67.96543209876543,3.2,3.293,4.4478333333333335,5.8213333333333335,6.313666666666667,7.825333333333333,7.825333333333333,NA,0.5529715762273902,0.7753086419753087,0.21308641975308643,NA,0.2748407643312102,-449.73333333333335,-451.00666666666666,37.13879454901961,-90.7743482745098,153.7792156862745,9.195,29.3945,8.768336531360335
036,2023-07-25,2023-07-25T14:34:12Z,0.062,6.362,114,3.6544999999999996,5.9053245820292,6.166714654104682,27.846075471698114,25.608,28.567228571428572,26.30175,0.6097146498299253,0.2182883501955975,0.1841095400376645,0.01047812570524407,5.9053245820292,114,2.06,10.52,25.3,135.3,7.86140350877193,100.75526315789473,8.289245283018868,2.1075,106.32735849056604,25.85,1.935,3.6544999999999996,NA,NA,3.539,3.822,NA,0.39375,1.1085849056603774,0.31424528301886795,NA,0.2834652370011063,132.425,131.93333333333334,37.13851763157895,-90.77431728070175,147.46052631578948,9.819,29.829900000000002,8.606027588070905
036,2023-08-15,2023-08-15T14:58:47Z,0.032,6.735,120,4.715,6.517002663121151,6.735,27.206358974358974,25.998,27.432886363636364,26.47359375,0.32782852663729045,0.22098080603776638,0.09429847611144068,0.0057718479519098765,6.517002663121151,120,2.85,8.38,35.3,106.1,7.149666666666667,90.28666666666666,7.257264957264957,2.93,91.66581196581197,36.2,0.347,4.715,NA,NA,1.01,0.347,NA,0.391566265060241,1.1934188034188034,0.41504273504273503,NA,0.3477762658454487,165,163.8,37.1384875,-90.77450658333333,154.41166666666666,8.377500000000001,27.44225,8.43
039,2023-06-07,2023-06-07T14:17:15Z,0.042,16.836,165,4.079000000000001,6.394239418307471,6.7455244837610735,23.12853125,11.123164948453608,25.0967,12.996392,2.08318398738038,0.3683905055022375,0.24240989539035163,0.04893820874849574,6.394239418307471,165,4.04,11.81,34.8,124.4,7.271454545454545,76.6430303030303,9.44359375,5.6578350515463915,109.86874999999999,52.8701030927835,6.182,8.060500000000001,NA,NA,7.666,16.836,NA,0.3385416666666667,0.6046875,0.038125,NA,0.06304909560723514,148.8618556701031,166.24,37.72931563636364,-90.9121489090909,331.62,8.581666666666667,25.247166666666665,8.28168273877663
039,2023-06-28,2023-06-28T12:50:46Z,0.055,21.514333333333333,116,5.336333333333334,7.4261816544642585,9.92939253409817,24.70779012345679,8.177731601731601,26.789157894736842,9.924982817869417,2.7159893110150506,0.2812363797395525,0.2261671124184852,0.019711193873383503,7.4261816544642585,116,0.26666666666666666,10.65,2.2,115.7,3.772471264367816,40.17557471264368,8.87716049382716,1.7018614718614717,106.39259259259259,14.562337662337661,6.363333333333333,7.77,10.824333333333334,18.965666666666667,6.968333333333333,6.680666666666666,NA,0.12753036437246962,0.6241975308641975,0.05358024691358025,NA,0.08583860759493672,-456.5229437229437,-453.31333333333333,37.72985577586207,-90.91061589080459,331.4913793103448,8.288333333333332,26.953166666666668,8.391676285293133
039,2023-07-26,2023-07-26T13:13:24Z,0.102,20.199666666666666,117,5.52,6.125306353873301,8.16665609235149,27.59850505050505,9.633226851851852,28.071011494252872,11.443185606060606,3.3818948658113186,0.7051861224067258,0.3041133376466562,0.04460969283039333,6.125306353873301,117,0.07,8.02,0.6,102.6,3.077863247863248,37.08062678062678,7.9796969696969695,0.39796296296296296,101.31919191919192,3.675925925925926,0.102,7.052833333333334,8.508333333333333,9.297333333333333,6.469333333333333,8.508333333333333,NA,0.5306122448979593,0.3297979797979798,0.03161616161616162,NA,0.09586523736600307,103.56527777777778,-14.48888888888889,37.729231937321934,-90.90957698005698,328.35868945868947,8.013333333333334,28.11133333333333,8.27
039,2023-08-16,2023-08-16T13:58:25Z,0.06999999999999999,18.738666666666667,70,6.0535,10.143343794707011,11.201914222151578,23.44990476190476,8.943753623188405,26.647564102564104,12.684560606060606,2.352517929827968,0.1577434090666627,0.23766123713573484,0.011145080205030902,10.143343794707011,70,0.21333333333333332,7.656666666666667,1.8,96.96666666666668,3.9805238095238096,47.637142857142855,6.321904761904762,0.3718840579710145,76.60317460317461,3.2492753623188406,0.06999999999999999,7.619166666666667,9.22,10.359,6.933666666666666,6.933666666666666,NA,0.9117647058823529,0.4853174603174603,0.2707936507936508,NA,0.5579721995094031,40.11594202898551,-22.93333333333333,37.729229,-90.90929166666666,336.0147619047619,7.557777777777778,28.000555555555554,8.038993929023045
044,2023-05-17,2023-05-17T14:09:48Z,0.046,5.129,113,2.572,4.400179860265127,4.789382836083259,21.023896907216496,14.96525,23.417166666666667,17.267745762711865,1.1168269230199712,0.31812504881207304,0.4047792108822854,0.032033512317680375,4.400179860265127,113,0.46,8.47,4.6,102.5,5.913008849557523,67.4141592920354,6.728865979381443,0.68875,76.9381443298969,6.8375,0.101,2.6925,4.321,4.735,5.129,5.129,NA,0.8018867924528301,0.6721649484536083,0.009278350515463918,NA,0.01380368098159509,84.3375,104.43636363636364,39.16555389380531,-92.73071495575222,218.3221238938053,8.413333333333334,24.871,8.359175405222006
044,2023-06-20,2023-06-20T11:22:04Z,0.186,4.873,54,4.237,3.7159831100328273,4.829344524481744,25.18386046511628,16.733,24.827170212765957,17.76157142857143,1.8222096426371763,1.0194219503062782,0.6087870465819251,0.02513083684703388,3.7159831100328273,54,1.1,8.09,11.3,102.2,5.319444444444445,64.83333333333333,6.304651162790698,1.1,77.32093023255814,11.3,0.217,2.4575,3.876,NA,3.643,3.588,NA,3.6512820512820516,1.1309302325581396,0.8876744186046511,NA,0.7849064363561586,-26.1,12.5,39.16563537037037,-92.73134666666667,221.46851851851852,8.078,27.3596,8.126209250034819
044,2023-07-21,2023-07-21T10:07:20Z,0.102,4.954,69,4.026,4.688618274277454,4.954,26.531359375,20.259,27.064767857142858,21.984153846153845,1.508262430336572,0.7876164711419451,0.5779467797511114,0.022483272425694863,4.688618274277454,69,1.13,7.89,12.5,99.4,5.627536231884058,70.62318840579711,5.9690625,1.13,75.0453125,12.5,0.183,2.7865,4.3,NA,1.764,4.954,NA,0.19230769230769232,2.5821875,0.44375,NA,0.17185041752390173,-68.8,-28.8125,39.16542173913043,-92.73081826086955,219.56376811594203,7.777142857142858,27.34257142857143,7.665841340502951
044,2023-08-15,2023-08-15T09:41:14Z,0.02,5.096,86,4.487,4.348008023468363,5.096,25.756027027027027,21.717,25.751105263157896,23.0506,0.9854761423839591,1.2815193389838695,0.33726129205565114,0.03464943230967915,4.348008023468363,86,1.94,6.52,22.1,80,5.157558139534884,63.13139534883721,5.414054054054054,1.94,66.47027027027028,22.1,0.02,0.043000000000000003,5.096,NA,5.096,5.096,NA,0.3654618473895582,1.8752702702702702,0.4297297297297297,NA,0.22915615767096637,-113.4,-85.0875,39.16522686046512,-92.73111418604651,220.93720930232558,5.93625,25.731625,7.595815192261031
045,2023-06-01,2023-06-01T17:08:21Z,0.121,15.601666666666668,179,4.6615,11.681947209979754,11.852385377593643,18.24205943152455,10.158794326241134,25.289072463768115,12.789135338345865,1.1341895329078397,0.18208886360712945,0.1438222158456222,0.01694584606868522,11.681947209979754,179,1.2833333333333334,11.086666666666666,11.3,113.93333333333334,7.987057728119181,82.58342644320298,9.230671834625323,4.6729078014184395,98.04702842377262,41.670212765957444,5.5873333333333335,11.117333333333335,15.588,NA,15.601666666666668,15.601666666666668,NA,0.7295373665480427,0.3290439276485788,0.04410852713178295,NA,0.13405057326841527,83.99432624113474,82.80740740740741,39.591216722532586,-92.89024502793296,225.54264432029794,8.529166666666665,26.577833333333334,7.87
045,2023-06-22,2023-06-22T16:37:55Z,0.102,15.123666666666669,72,4.893833333333333,9.291146362793489,10.37782857468086,22.546651515151517,11.105666666666666,27.4331884057971,13.959632653061224,1.9480785374651077,0.12475452771646454,0.2403499828485957,0.011221677978333813,9.291146362793489,72,2.07,10.156666666666666,18.266666666666666,107.8,7.753101851851852,84.3087962962963,9.100454545454545,4.9510144927536235,104.61212121212121,45.43623188405797,0.102,10.58,NA,NA,4.750333333333333,8.671,NA,0.2753623188405797,0.3186742424242424,0.06768939393939394,NA,0.2124093664566742,73.29420289855072,79.52222222222223,39.59107819444444,-92.89037425925926,225.4701388888889,8.3,28.892333333333333,8.28
045,2023-07-19,2023-07-19T15:33:25Z,0.091,15.081,136,5.5151666666666666,4.663636219007432,8.177333006246252,27.925333333333334,12.147324074074074,27.717181818181817,13.655380434782609,3.2237703640479367,0.7301131967512633,0.34674083701761116,0.0283099634240849,4.663636219007432,136,0.18333333333333332,7.973333333333334,1.6,102.13333333333333,4.63671568627451,53.650735294117645,7.952432432432433,2.180416666666667,101.51891891891891,20.95,0.091,5.387666666666666,11.435,12.295,6.519666666666667,12.39,NA,0.668918918918919,0.2572972972972973,0.00954954954954955,NA,0.03711484593837535,120.80277777777778,38.20952380952381,39.5909493872549,-92.89039774509804,224.16372549019607,7.950833333333334,28.26766666666667,8.329181829638832
045,2023-08-10,2023-08-10T16:27:00Z,0.1,15.335333333333333,81,6.9206666666666665,9.078405079143666,9.715295364417901,24.73677358490566,11.556826666666666,26.63711904761905,13.459957264957264,2.4330800173494254,0.25929109492911045,0.3046639059717268,0.02433710454249246,9.078405079143666,81,0.27666666666666667,7.92,2.466666666666667,101.6,4.491234567901235,54.80164609053498,6.513584905660378,0.5749333333333333,80.44842767295597,5.3533333333333335,0.1,6.281166666666667,8.49,10.576333333333334,8.106333333333334,10.576333333333334,NA,1.259493670886076,0.280251572327044,0.024968553459119497,NA,0.08909335727109516,88.132,-32.43333333333334,39.591301646090535,-92.89030588477367,226.86378600823045,7.901666666666667,28.305,8.096679458680477
046,2023-05-22,2023-05-22T11:30:49Z,0.263,5.625,114,1.355,3.869721637184011,3.917877670925876,21.820613333333334,21.11164864864865,22.447869565217392,21.360813186813186,0.1570136367182613,0.18775505656690122,0.05535318816701018,0.008641052030220628,3.869721637184011,114,6.86,10.31,77.1,118.7,8.154912280701755,92.72368421052632,8.748266666666666,7.007837837837838,99.89733333333334,78.85405405405406,1.209,1.5145,NA,NA,0.826,0.852,NA,0.22905027932960892,1.6778666666666666,0.28786666666666666,NA,0.171567069294342,141.11891891891892,141.7,39.56571385964912,-92.63347859649123,212.8736842105263,9.41,22.83525,8.2977530593046
046,2023-06-12,2023-06-12T10:31:29Z,0.16366666666666663,6.612,84,6.608666666666666,NA,NA,NA,NA,24.27767469879518,23.955,NA,NA,NA,0.007996434984542665,6.612,84,5,6.29,59.4,75.6,5.726746031746032,68.43373015873016,NA,NA,NA,NA,0.16366666666666663,6.608666666666666,NA,NA,0.6063333333333333,6.604666666666667,NA,1.363013698630137,NA,NA,NA,NA,NA,142.88611111111112,39.56541174603174,-92.6331415873016,215.76349206349207,6.274166666666667,24.58,7.935028781677848
046,2023-07-28,2023-07-28T10:36:54Z,0.106,6.342,111,4.256,6.1458200141434896,6.342,28.660916666666665,27.514,29.02087323943662,27.93815,0.3266900306592788,0.13155641933122564,0.09993301847485987,0.010153913309850911,6.1458200141434896,111,3.06,8.22,38.7,107.1,6.80990990990991,88.27027027027027,6.912037037037037,3.06,89.61944444444444,38.7,0.953,4.256,NA,NA,2.902,0.45,NA,0.36259541984732824,1.8137037037037038,0.6583333333333333,NA,0.3629773330610578,181.1,178.82222222222222,39.56596054054054,-92.63331603603604,214.27567567567567,8.183333333333334,29.058833333333332,8.46
046,2023-08-16,2023-08-16T14:03:13Z,0.014,7.260666666666666,110,2.664833333333333,7.017508938378446,7.096018014947957,27.283549206349207,26.395916666666665,27.493925,27.100719047619048,0.24276327010852583,0.14792436751298776,0.06615545903291871,0.005548876905869963,7.017508938378446,110,7.32,8.876666666666667,91,112.5,8.450378787878787,106.61484848484848,8.497539682539683,7.4375,107.27650793650794,92.41666666666666,0.876,2.7504999999999997,NA,NA,4.544666666666666,1.111,NA,0.3060046189376443,2.4693174603174604,0.7166666666666667,NA,0.29022864746379373,111.43333333333334,111.21428571428572,39.56566990909091,-92.63392812121212,222.72075757575757,8.788333333333332,27.541,8.195335300994714
046,2023-08-31,2023-08-31T13:24:15Z,0.107,7.1433333333333335,83,NA,5.309910775922401,5.389402452064959,27.68034523809524,27.109533333333335,NA,NA,0.15901685816425015,0.17295006165155508,0.04403176262906274,0.0021977107016921443,5.309910775922401,83,6.613333333333333,8.62,83.1,110.6,7.396506024096386,93.76666666666667,7.658095238095238,6.843866666666667,97.38869047619048,86.116,0.9056666666666666,1.7888333333333333,NA,NA,7.1433333333333335,7.1433333333333335,NA,0.6431784107946027,1.8008333333333333,0.9773511904761905,NA,0.5427216235869637,186.252,124.57499999999999,39.56582574297189,-92.63408096385542,216.8491967871486,8.486666666666666,28.238222222222223,8.454888459817857
048,2023-05-17,2023-05-17T11:34:26Z,0.069,9.636,164,3.847,9.057657954318515,9.19505065786952,18.02496710526316,13.454666666666666,21.730630769230768,15.04588888888889,0.7268465274429445,0.18028334787101868,0.14873985922592808,0.016716550210843447,9.057657954318515,164,2.37,8.5,22.7,101.3,6.72329268292683,71.67682926829268,7.002105263157895,2.9733333333333336,74.9125,28.544444444444444,0.069,1.409,NA,NA,0.904,9.636,NA,0.6304347826086956,0.5651315789473684,0.1431578947368421,NA,0.25331781140861465,152.34444444444443,152.77,39.75481829268293,-92.51536292682927,239.57560975609755,8.425,24.060833333333335,8.1
048,2023-06-15,2023-06-15T16:49:43Z,0.01966666666666666,9.393666666666666,76,1.786,8.60227642598575,8.892147282452571,20.574955882352942,13.074666666666667,25.7505,18.68053125,1.2830763311242208,0.16496404669443565,0.2650015715969532,0.013758188499403173,8.60227642598575,76,0.26333333333333336,10.446666666666667,2.5,127.26666666666668,4.994956140350877,58.59605263157895,5.546323529411764,0.2916666666666667,65.14313725490196,2.7777777777777777,1.1536666666666666,2.0043333333333333,5.618333333333333,6.131333333333333,5.009333333333333,9.393666666666666,NA,0.3322734499205087,1.0368137254901961,0.296078431372549,NA,0.285565694293414,-4.199999999999999,-4.199999999999999,39.75473653508772,-92.51530986842106,245.00526315789475,10.243333333333334,26.373777777777775,8.88
048,2023-07-12,2023-07-12T15:49:52Z,0.062,9.127,74,5.969333333333333,7.836325035996733,8.558218962261654,23.140537634408602,13.947944444444444,25.003569444444445,15.631282051282051,1.7454176384829907,0.2607901419118188,0.3544393211157103,0.01755845841764848,7.836325035996733,74,0.16666666666666669,8.04,1.6,100.2,3.3013063063063064,40.39369369369369,3.902043010752688,0.18222222222222223,47.83763440860215,1.75,0.18566666666666667,2.2778333333333336,4.277,5.524333333333334,0.7493333333333333,2.4506666666666668,NA,0.47257383966244726,0.8177956989247311,0.41096774193548385,NA,0.5025310630464795,-108.05555555555557,-108.05555555555557,39.75443126126126,-92.51435027027027,234.68018018018017,8.035833333333333,26.616333333333333,8.411708240358324
048,2023-08-03,2023-08-03T13:27:36Z,0.082,9.08,76,6.1,7.926741315333295,8.788621635764533,25.08423880597015,15.789,26.094074074074076,19.094454545454546,1.952559596691458,0.48489819368536624,0.39279483030565465,0.030236459681736223,7.926741315333295,76,1.64,7.44,16.5,91.9,5.589605263157894,67.9171052631579,6.074328358208955,1.7166666666666666,74.3,17.3,0.082,0.118,8.606,NA,2.521,0.241,NA,1.1544117647058822,1.0429850746268656,1.1295522388059702,NA,1.0829994275901547,-70.46666666666667,-67.44,39.75433236842105,-92.51787815789474,241.47105263157894,7.178,26.1044,7.522064343308079
049,2023-05-17,2023-05-17T10:15:37Z,0.054,6.459,129,3.216,4.517585875252004,4.674821577611543,19.791608695652172,14.789205882352942,21.056059701492536,15.470354838709678,0.8836443626905748,0.5583844039990777,0.2671139307734886,0.030726487596272653,4.517585875252004,129,0.51,10.09,5,116.6,5.484341085271318,60.51860465116279,7.095543478260869,1.3373529411764706,78.95543478260869,13.252941176470587,0.054,1.79,5.081,5.665,0.71,1.564,NA,0.9341317365269461,1.0229347826086956,0.7959782608695652,NA,0.7781319732228243,161.96764705882353,74.42999999999999,39.748476511627906,-92.49462891472868,240.0403100775194,10.076666666666666,22.499111111111112,8.68
049,2023-06-15,2023-06-15T15:41:29Z,0.029,6.108,120,0.944,4.316349712897828,4.683096761098042,23.81969662921348,15.024166666666666,27.643,20.498544554455446,1.7539679898919758,0.9023905161392974,0.5417873399021901,0.07851907168623945,4.316349712897828,120,0.58,11.82,5.7,145.8,6.679583333333333,79.63916666666667,8.584044943820224,0.96375,103.12247191011237,9.604166666666666,0.676,2.0149999999999997,4.591,5.247,0.931,0.957,NA,0.175609756097561,1.7084269662921348,0.4962921348314607,NA,0.2904965471884249,-117.5625,-132.88888888888889,39.74884616666667,-92.4937465,242.35833333333332,11.365555555555554,27.992333333333335,8.91
049,2023-07-12,2023-07-12T16:49:08Z,0.032,6.521,140,4.67,5.163344290705151,5.646066895597328,25.431410714285715,15.498894736842106,25.99471568627451,17.071,2.0882692041079736,1.1351875682075494,0.5963312146741205,0.0652873705373593,5.163344290705151,140,0.24,9.62,2.4,121.9,4.091857142857143,50.995714285714286,5.0441964285714285,0.2642105263157895,63.02321428571429,2.6473684210526316,0.032,2.1285,3.307,3.69,0.209,0.106,NA,0.7142857142857143,1.7917857142857143,1.1516964285714286,NA,0.6427646003587801,-138.21052631578948,-141.2,39.74889264285714,-92.49425378571428,238.26,9.614999999999998,27.5148,8.716027588070906
049,2023-08-03,2023-08-03T10:29:17Z,0.015,6.111,57,5.2735,5.736239161844463,6.111,25.17290566037736,17.384,25.5545,18.263714285714286,1.7059093400769143,0.7193317998845031,0.5260475625438116,0.033265238198118566,5.736239161844463,57,1.55,6.22,16.2,77.2,4.897017543859649,59.96140350877193,5.1407547169811325,1.55,63.154716981132076,16.2,0.015,3.7085,5.618,NA,0.015,0.736,NA,2.662420382165605,1.2713207547169811,2.9662264150943396,NA,2.3331849213416445,-84.9,-76.82000000000001,39.74928333333333,-92.49432421052632,241.47719298245613,6.218,26.3382,7.736027588070906
057,2023-05-24,2023-05-24T10:48:52Z,0.038,7.372,70,2.7475,3.488109770458842,4.366880764670779,21.519411764705882,12.410892857142857,22.52075,13.55447619047619,1.5700120205951862,0.45785040204977623,0.38057340864182937,0.041611620935313794,3.488109770458842,70,0.88,9.51,8,112.4,5.170428571428571,57.23,8.353235294117647,1.6310714285714285,95.64117647058823,15.414285714285715,0.097,2.6405000000000003,5.166,7.03,3.411,3.959,NA,0.8074866310160428,0.9779411764705882,0.2735294117647059,NA,0.2796992481203008,-27.110714285714288,-89.28333333333333,40.18040142857143,-91.82813285714286,198.47714285714287,9.495000000000001,23.628,8.273358982687997
057,2023-06-15,2023-06-15T10:21:30Z,0.008,6.255,105,3.5305,5.069715042575673,5.304329201785498,20.24689024390244,12.337947368421052,22.9518,13.69098,1.304473441151572,0.34475121220245974,0.4020187977740743,0.044207304886915,5.069715042575673,105,0.48,9.42,4.4,112.1,4.7087619047619045,54.33904761904762,5.855243902439025,0.588421052631579,67.9390243902439,5.515789473684211,1.126,2.3265000000000002,3.907,4.812,3.014,3.014,NA,3.958333333333333,0.6629268292682927,1.6917073170731707,NA,2.551876379690949,-135.04736842105262,-142.9,40.18073514285714,-91.82841523809523,200.39333333333335,9.312857142857144,24.553571428571427,8.738585448910237
057,2023-07-12,2023-07-12T10:25:48Z,0.015,6.228,122,2.988,4.8013555581825775,4.907168482263646,23.713032258064516,12.960076923076922,26.8835,15.661209677419356,2.013888381195784,1.0532637595241725,0.6359165972645034,0.052685580535309064,4.8013555581825775,122,0.45,9.74,4.2,121.6,5.264016393442623,64.67786885245901,6.720107526881721,0.5707692307692308,83.07741935483871,5.430769230769231,1.283,2.7424999999999997,3.899,4.661,6.228,6.228,NA,4.83739837398374,1.0182795698924731,2.381075268817204,NA,2.3383315733896515,-111.51153846153846,-122.17,40.180724180327864,-91.82848672131148,198.44098360655738,9.545555555555556,27.639555555555557,8.92447289505772
057,2023-08-02,2023-08-02T11:21:05Z,0.074,5.924,116,2.9705,4.687430342483903,4.8920162781546495,24.881134831460674,13.665916666666666,27.581508771929826,17.23271186440678,2.213389216563428,1.1915592982051204,0.722316449437592,0.04983426543527475,4.687430342483903,116,0.58,6.58,5.5,79.8,4.554224137931034,55.30172413793103,5.630449438202247,0.9295833333333333,69.10337078651685,8.991666666666667,0.58,3.686,4.655,5.252,3.74,3.569,NA,6.044502617801047,1.097865168539326,3.157191011235955,NA,2.875754784566574,-106.7875,-109.74166666666667,40.180684224137934,-91.82833413793104,197.19310344827585,6.275,27.5763,7.8820185055415894
070,2023-05-31,2023-05-31T10:37:19Z,0.018,4.841,98,4.7875,4.756953677657238,4.812245397482299,22.14409574468085,16.613500000000002,22.087273684210526,16.608333333333334,1.1028347280245043,0.5190505898681126,0.45047754142553714,0.022457700466188186,4.756953677657238,98,0.25,8.83,2.6,106,4.4202040816326535,52.36530612244898,4.5947872340425535,0.255,54.4531914893617,2.6500000000000004,0.901,1.9249999999999998,2.97,3.549,1.444,0.078,NA,0.21176470588235294,3.5859574468085107,0.750531914893617,NA,0.20929749614334875,-106.1,-60.16923076923077,38.68723612244898,-94.35860908163265,280.61326530612246,8.805,24.5155,8.11
070,2023-06-21,2023-06-21T09:31:33Z,0.025,4.698,89,3.1055,4.214451597855612,4.5075270431781735,25.2850125,17.891,26.731178571428572,20.865636363636362,1.643235102043036,0.9354073544499518,0.6584693499606425,0.05947771428987309,4.214451597855612,89,0.53,11.75,5.6,149.8,5.552359550561798,69.32921348314606,6.106875,0.5700000000000001,76.385,6.025,0.201,1.4685000000000001,3.364,3.77,0.483,0.644,NA,0.48967551622418876,3.1885,1.4235,NA,0.4464481731221578,-109.125,-92.35,38.68704168539326,-94.35860449438202,279.9921348314607,11.7425,27.8515,8.837521503776607
070,2023-07-18,2023-07-18T10:10:06Z,0.023,4.788,105,4.3525,4.730875629384021,4.751502499865532,26.16829702970297,21.283666666666665,26.628054347826087,21.41476923076923,1.1909992632353124,NA,0.49535940105747966,0.023869530738512452,4.730875629384021,105,0.22,6.71,2.4,85.9,3.600952380952381,45.79238095238095,3.733861386138614,0.23666666666666666,47.4980198019802,2.6333333333333333,0.361,2.3025,2.95,3.283,0.261,0.261,NA,0.5844748858447489,5.9485148514851485,3.25,NA,0.5463548601864181,-163.53333333333333,-154.36428571428573,38.68696038095238,-94.35845152380952,280.5257142857143,6.690909090909091,28.056727272727272,8.64277098863007
070,2023-08-09,2023-08-09T11:27:34Z,0.044,4.7,102,3.6155,4.431106350845812,4.546157486274335,26.833468085106382,23.6596,27.313285714285715,24.34852,0.8206186385867795,0.24401029657280313,0.34085562769989036,0.025889919730825255,4.431106350845812,102,0.32,7.24,3.8,92.1,3.7227450980392156,47.12843137254902,4.009893617021277,0.338,50.78829787234042,4,0.375,2.2169999999999996,2.802,3.191,1.335,0.212,NA,0.7801418439716313,6.804148936170213,5.085212765957447,NA,0.7473694085273378,-140.36,-133.09166666666667,38.68706147058823,-94.35863441176471,280.3656862745098,7.227777777777778,27.703333333333333,8.477797591781378
072,2023-05-23,2023-05-23T13:48:13Z,0.00499999999999999,10.400666666666666,52,5.866333333333333,7.592922864287443,8.799927010522321,21.251585365853657,14.713222222222223,22.126470588235293,15.786537037037037,1.2039731418304882,0.13410918139859032,0.20744439797384875,0.009357550667177942,7.592922864287443,52,5.323333333333333,11.186666666666666,52.33333333333333,128.66666666666666,8.922948717948719,99.56025641025641,9.731138211382115,5.649444444444445,110.51138211382114,55.766666666666666,2.737,0.01366666666666666,NA,NA,2.165666666666666,3.9216666666666664,NA,0.1252847380410023,0.6777235772357724,0.07292682926829268,NA,0.10760556621880997,111.41111111111111,112.31666666666666,39.398425256410256,-94.55244987179486,258.199358974359,10.014666666666667,23.970533333333332,8.618436742920606
072,2023-06-22,2023-06-22T12:28:09Z,0.5596666666666666,11.671333333333331,97,4.314833333333333,7.797232641889743,8.369944244632723,24.15357923497268,14.872395833333332,27.41363440860215,17.65028282828283,1.859055748818264,0.16814140816331266,0.3036669268242674,0.01571525572092582,7.797232641889743,97,0.12,8.626666666666667,1.1,109.3,3.547525773195876,44.00309278350515,5.5283060109289615,0.176875,68.84590163934426,1.7572916666666667,1.7193333333333334,4.417,5.952,6.47,4.454,5.392666666666666,NA,0.42951541850220265,0.993551912568306,0.2698360655737705,NA,0.2715872841271587,154.15520833333332,148.88888888888889,39.39915591065292,-94.55157048109966,258.8061855670103,NA,NA,NA
072,2023-07-12,2023-07-12T10:50:40Z,0.45,13.235,97,7.8245,5.693929093639116,8.409433860013692,25.541015873015873,15.19440404040404,24.509528735632184,15.52165811965812,2.1639693849384685,0.5685939623383693,0.27133553660324966,0.028266034516283747,5.693929093639116,97,0.07,7.573333333333333,0.7,93.93333333333334,2.5297594501718215,30.908591065292097,5.456031746031746,0.11191919191919192,67.06031746031746,1.1111111111111112,0.45,2.7800000000000002,5.07,6.407,2.445,1.2643333333333333,NA,0.6847826086956521,0.9392063492063493,0.6437301587301587,NA,0.6853980057461551,-456.1111111111111,-455.08333333333337,39.39669213058419,-94.55071869415808,259.279381443299,7.573333333333333,26.317333333333337,8.216666666666667
072,2023-08-25,2023-08-25T13:30:27Z,0.109,13.53,111,1.7165,10.252513346838914,11.152846108774066,24.887563218390806,15.971274509803921,28.88088888888889,22.33902356902357,1.8728528909034594,0.23297293498706914,0.25957168442348577,0.014692885762918481,10.252513346838914,111,0.06,9.63,0.6,123.3,2.213183183183183,27.863063063063063,2.7990038314176244,0.0815686274509804,35.29616858237548,0.8254901960784314,1.6723333333333334,2.3195,5.084,6.103,1.131,1.388,NA,0.8691206543967281,1.2041379310344829,1.290383141762452,NA,1.0716240295278094,-138.72745098039215,-149.65833333333333,39.39755987987988,-94.5494687987988,261.6831831831832,7.926666666666667,29.270333333333333,8.638720180675424
074,2023-06-01,2023-06-01T11:24:10Z,0.137,9.178,145,3.7655000000000003,9.141675634347175,9.16074197170947,18.601422535211267,11.532,24.045140350877194,14.83365909090909,1.0662725618341256,0.56847958418453,0.23187232161248733,0.022584773772225227,9.141675634347175,145,0.27,9.32,2.5,113.2,3.961310344827586,46.327586206896555,4.039225352112676,0.27,47.25352112676056,2.5,0.261,3.0725,4.803,5.55,2.334,9.152,NA,0.33464566929133854,1.2011971830985915,0.21204225352112677,NA,0.17652576654745855,-78.6,-64.53076923076924,39.394258551724135,-94.26218565517242,266.38827586206895,9.265,25.451999999999998,8.38
074,2023-06-22,2023-06-22T11:19:34Z,0.075,8.405,144,4.645,7.554443404852188,7.767851471322987,22.02561904761905,11.977142857142857,25.931481012658228,14.519169230769231,1.7341847941659125,0.30861785395738883,0.40243738305049975,0.026413723921269627,7.554443404852188,144,0.26,9.51,2.4,121.8,3.7906944444444446,47.105555555555554,4.292936507936508,0.27142857142857146,53.46825396825397,2.5214285714285714,0.099,2.6799999999999997,3.799,4.565,2.341,4.16,NA,0.606951871657754,1.4581746031746032,0.5443650793650794,NA,0.3733195449844881,-83.12857142857143,-88.73,39.394006527777776,-94.26255388888889,270.0027777777778,9.405555555555555,28.482444444444443,8.71
074,2023-07-19,2023-07-19T10:43:46Z,0.025,9.149,165,4.2145,7.056200543025536,7.6811613619238805,23.79614393939394,12.580125,26.746235294117646,16.144925,2.081161406707338,0.2487364540411838,0.4258583485792842,0.024299706492123485,7.056200543025536,165,0.22,8.25,2.1,103.6,3.9413333333333336,48.943636363636365,4.858863636363637,0.25416666666666665,60.538636363636364,2.3833333333333333,1.755,2.778,4.197,4.846,3.806,3.806,NA,2.514705882352941,1.298181818181818,1.1347727272727273,NA,0.874124649859944,-148.3125,-149.3125,39.39404109090909,-94.26262903030303,271.4581818181818,8.163,27.349,8.720023026257852
074,2023-08-10,2023-08-10T11:15:46Z,0.04333333333333333,9.402,64,4.8405000000000005,7.163478437968547,7.66209716518963,23.67304761904762,13.129944444444444,26.752086021505377,16.083535353535353,1.98256570720946,0.24131338557706844,0.4004932947793514,0.020966498026947056,7.163478437968547,64,0.24666666666666667,10.71,2.3,134.33333333333334,4.3419791666666665,53.76614583333333,5.565374149659864,0.3252777777777778,69.20884353741496,3.102777777777778,1.246,3.0255,5.167666666666666,5.850333333333333,0.679,1.4056666666666666,NA,0.8376344086021505,1.533469387755102,1.391904761904762,NA,0.9076834353650963,-122.8138888888889,-123.98666666666668,39.394407604166666,-94.26251375,270.665625,10.447777777777778,28.05111111111111,8.890076749445562
085,2023-05-23,2023-05-23T12:48:01Z,0.06866666666666667,9.83,92,3.679333333333333,8.53223143845655,8.773630186120675,17.871162393162393,10.44763888888889,21.99927450980392,13.69030459770115,1.0388839533136434,0.1888532898368131,0.20630380731466785,0.016814326468092493,8.53223143845655,92,0.65,12.103333333333332,5.733333333333333,124.26666666666668,8.274528985507246,87.48188405797102,9.546239316239316,1.0433333333333334,101.2568376068376,9.372222222222222,4.221333333333334,7.338666666666667,8.67,9.479666666666668,7.142333333333333,8.315333333333333,NA,0.28672649976381676,2.0116666666666667,0.3036324786324786,NA,0.15093578059609541,72.92222222222222,53.77619047619048,40.48712130434782,-93.55325380434783,289.9260869565218,9.38111111111111,22.997444444444444,8.21
085,2023-06-14,2023-06-14T12:15:58Z,0.0215,7.726666666666667,78,4.0634999999999994,5.680674585352431,6.718898094305195,22.583648484848485,13.464466666666667,24.041555555555558,16.433076923076925,1.6795985466034153,0.304630050868559,0.3832560392543002,0.02682641874165748,5.680674585352431,78,2.0733333333333333,8.13,19.533333333333335,98.2,6.967222222222222,78.28034188034188,7.760606060606061,3.1413333333333333,89.93030303030304,30.276666666666667,0.11133333333333334,5.818,NA,NA,5.277666666666667,7.726666666666667,NA,0.26047904191616766,0.3382727272727273,0.08893939393939394,NA,0.2629221535429544,23.483333333333334,24.477777777777778,40.48698670940171,-93.55310606837607,295.01089743589745,8.123333333333333,24.80375,8.140835734926217
085,2023-07-11,2023-07-11T12:00:46Z,0.10433333333333332,9.798333333333334,100,5.810333333333333,7.88836153705593,8.87120361568173,23.45034188034188,11.423027777777778,25.85098245614035,14.46917054263566,2.128964508115587,0.27921847559860774,0.3949410758596897,0.023512277863563386,7.88836153705593,100,0.33333333333333337,8.57,3.033333333333333,107.33333333333331,5.901066666666667,70.411,7.374871794871795,0.4438888888888889,88.47820512820513,4.075,0.22433333333333336,6.572166666666666,7.494333333333333,8.415666666666667,6.519666666666667,7.199666666666666,NA,1.1400220507166483,1.1417948717948718,0.9014957264957265,NA,0.7895426304364099,-89.97777777777777,-98.7375,40.48719186666666,-93.5532556,290.3906666666667,8.52,27.179333333333332,8.297814647216697
085,2023-08-01,2023-08-01T11:15:36Z,0.036,10.473666666666666,73,5.6273333333333335,8.293143705509163,8.748645994769769,24.508291666666665,11.481119047619048,27.288367521367523,14.94006862745098,2.383506866867947,0.4097876804377836,0.43617348701985026,0.01936619297154573,8.293143705509163,73,0.39,7.816666666666666,3.566666666666667,99.43333333333334,5.074611872146119,62.20913242009132,6.42422619047619,0.5592857142857143,79.3202380952381,5.15,1.3666666666666667,6.133166666666667,7.581,8.517999999999999,6.976,6.976,NA,2.8907956318252728,0.7982738095238096,1.0474999999999999,NA,1.312206397733204,-89.55,-98.71333333333332,40.48728086757991,-93.55313360730594,292.2013698630137,7.769333333333333,27.89753333333333,8.14
087,2023-06-01,2023-06-01T15:35:53Z,0.193,9.225,116,3.939,7.190662776205906,7.4759116796979095,21.60591011235955,13.568347826086956,24.565603773584904,15.705126984126984,1.4430331802146839,0.21348435895769383,0.3034690668684447,0.027088103519805652,7.190662776205906,116,0.91,10.27,8.7,118.7,7.261379310344828,82.6655172413793,8.902359550561798,1.6269565217391304,102.31460674157303,15.67391304347826,3.353,4.498,7.929,9.077,5.4,6.502,NA,0.7548076923076923,1.188314606741573,0.34303370786516857,NA,0.28867246596066565,27.56086956521739,-41.75,39.796221810344825,-93.02713879310345,238.53275862068966,9.404,25.680600000000002,8.332018505541589
087,2023-06-22,2023-06-22T15:16:51Z,0.12,9.842,161,2.9314999999999998,6.858333745318483,7.099029752638056,23.29753982300885,13.552744186046512,27.981444444444445,17.499793103448276,1.8365679699087423,0.21808037891077606,0.3643009704101916,0.029390961836234228,6.858333745318483,161,0.3,8.78,2.9,110.6,4.537018633540373,55.0472049689441,6.248672566371681,0.46162790697674416,76.33982300884956,4.453488372093023,0.12,4.3805,5.924,6.874,3.565,5.924,NA,1.5853658536585367,0.6914159292035398,0.293716814159292,NA,0.4248048124920005,-80.79767441860466,-111.62222222222222,39.796114409937886,-93.02706074534161,241.9111801242236,8.534285714285714,28.74957142857143,8.56
087,2023-07-19,2023-07-19T14:04:58Z,0.21166666666666667,9.673333333333334,76,4.484833333333333,6.6245082095795755,8.010096795358978,24.541807692307692,13.635666666666665,26.611303921568627,17.036555555555555,2.131425775151797,0.2934906479893584,0.38546718943157215,0.020612434902671672,6.6245082095795755,76,0.21,8.433333333333334,2.033333333333333,106.3,4.484254385964912,55.011842105263156,6.389166666666666,0.26595238095238094,78.77628205128205,2.564285714285714,0.21166666666666667,4.742333333333333,5.626,6.362,4.68,5.718333333333333,NA,6.038922155688623,0.77,0.6935897435897436,NA,0.9007659007659007,-113.21904761904761,-131.33333333333334,39.796242324561405,-93.02715337719299,244.13815789473685,8.393333333333334,27.445833333333333,8.605028781677847
087,2023-08-10,2023-08-10T15:05:22Z,0.055,10.036,74,6.7026666666666666,5.049416911682953,8.450033667045586,26.031606481481482,14.286833333333332,25.347570921985817,15.393493827160494,2.4272634217054474,0.6091035845134617,0.3612908615164174,0.016093665634532996,5.049416911682953,74,0.2866666666666667,9.06,2.7666666666666666,112.8,4.967454954954955,60.564864864864866,8.569861111111111,0.3678571428571429,105.81944444444444,3.5952380952380953,0.055,4.792833333333333,6.613333333333333,7.304,5.619,5.619,NA,6.100591715976331,0.8475,0.5047222222222222,NA,0.5955424450999671,-119.2452380952381,-127.07333333333334,39.796126126126126,-93.02723022522522,242.34527027027028,8.944583333333334,27.122041666666668,8.472955616893618
088,2023-05-22,2023-05-22T12:46:29Z,0.311,6.431,73,4.517,6.209383800322349,6.3525727241307575,19.778391304347828,14.888,21.130857142857142,16.208708333333334,0.8662545067913925,0.2461627159875121,0.2635319784176734,0.013075083886022739,6.209383800322349,73,0.68,8.69,6.7,101.2,5.388356164383562,60.37260273972603,5.659420289855072,0.69,63.46231884057971,6.800000000000001,0.311,2.6855,5.525,6.09,2.699,2.672,NA,0.21568627450980393,0.4846376811594203,0.07579710144927536,NA,0.15639952153110045,187.2,185.63333333333333,39.663384794520546,-92.99617465753425,224.3041095890411,8.68,22.954,8.12
088,2023-06-20,2023-06-20T14:08:33Z,0.021,5.859,111,4.4045000000000005,4.624639888502446,5.327573626920308,25.397280898876403,16.7082,25.54693023255814,18.01528,1.8817238515903227,0.6204403014454751,0.5735272334657932,0.049725392171488796,4.624639888502446,111,0.29,9.16,3,115.2,5.396576576576576,66.78468468468468,6.634943820224719,0.32,82.28314606741573,3.31,0.586,2.412,3.854,4.193,3.804,3.804,NA,0.14666666666666667,1.6885393258426966,0.2346067415730337,NA,0.13894064413095555,-63.46,-64.63333333333334,39.6634345045045,-92.99635810810811,225.57027027027027,9.10375,27.366,8.5
088,2023-07-21,2023-07-21T12:04:54Z,0.019,7.407,103,4.689,6.052769775371911,7.407,25.113865168539327,14.927,26.39357746478873,18.3234375,2.0936397962799447,0.33761802378943223,0.47793283422564525,0.040365178208701225,6.052769775371911,103,0.51,9.48,5.1,111.1,5.05621359223301,62.81747572815534,5.759438202247191,0.51,71.75842696629213,5.1,1.077,0.0425,4.358,5.29,0.773,0.066,NA,0.36111111111111105,2.0048314606741573,0.35191011235955055,NA,0.1755310205682901,-103.3,-99.125,39.662952427184464,-92.99609961165048,228.05436893203884,8.548571428571428,26.676142857142857,8.055009869099184
088,2023-08-15,2023-08-15T12:58:10Z,0.106,7.655,142,6.459,6.913127442961284,7.655,23.981748091603052,15.454,24.778059829059828,16.78264,1.7278329228364555,0.31436710926412753,0.41154201426770304,0.04439341709724093,6.913127442961284,142,0.38,7.61,3.8,93.2,5.015845070422535,60.87676056338028,5.40206106870229,0.38,65.63282442748091,3.8,0.106,6.672499999999999,5.809,6.552,3.411,7.628,NA,0.2843601895734597,2.906870229007634,0.47893129770992365,NA,0.16475840336134454,-120.3,-117.4875,39.66212683098592,-92.99587119718309,230.67957746478874,7.404444444444445,25.642666666666667,7.833068730997193
088,2023-10-24,2023-10-24T12:48:16Z,0.223,6.988,74,NA,4.9600194886827875,4.9600194886827875,16.449039215686273,15.904478260869565,NA,NA,0.08947440555448338,NA,0.025608015327556775,0.0019020833302272348,4.9600194886827875,74,7.45,9.59,75.1,99,8.873378378378378,90.52567567567567,9.222941176470588,8.098260869565218,94.40588235294118,81.92173913043479,0.42,6.906499999999999,NA,NA,1.533,1.533,NA,0.2522255192878338,2.6005882352941176,0.7315686274509804,NA,0.281308904471085,286.5869565217391,288.45,39.66330148648649,-92.99620567567568,229.81351351351353,9.582,16.886,7.946027588070906
089,2023-05-24,2023-05-24T10:50:07Z,0.22466666666666665,11.879,58,6.962,10.284870871934496,10.816313843038026,20.646393333333332,15.575266666666668,22.077813725490195,16.979069444444445,0.9418445569684764,0.16330164005169936,0.15178258490232246,0.005531715791256211,10.284870871934496,58,2.21,13.093333333333334,22.133333333333333,153.26666666666665,7.697586206896552,87.21149425287356,8.5082,2.4573333333333336,96.918,24.69333333333333,2.224333333333333,4.666833333333333,NA,NA,2.0163333333333333,2.5756666666666668,NA,0.0823529411764706,0.8109999999999999,0.0686,NA,0.0845869297163995,108.26,108.58888888888889,38.26667201149425,-93.40520764367817,213.44482758620688,12.058333333333334,24.277833333333334,8.64
089,2023-06-14,2023-06-14T11:13:42Z,0.11133333333333334,12.669666666666666,189,7.200333333333333,7.025968963506097,8.176269888278933,24.055707165109034,16.5839375,24.008048484848484,17.37552742616034,1.562495288576315,0.5982853597019525,0.22612141139088793,0.2658078647802646,7.025968963506097,189,0.05,8.753333333333334,0.5666666666666667,105.76666666666668,3.4332451499118166,41.02169312169312,5.947040498442368,0.0965625,71.1828660436137,1.0041666666666667,1.665,12.669333333333334,6.598,6.962666666666666,2.2546666666666666,12.669666666666666,NA,0.5282485875706214,0.9639252336448598,0.2550155763239875,NA,0.2645594984163919,79.44739583333333,73.66969696969697,38.26712800705467,-93.40373432098765,214.37142857142857,8.348666666666666,25.399266666666666,8.236027588070906
089,2023-08-01,2023-08-01T11:56:06Z,0,13.598333333333333,89,8.372833333333332,6.741002310863491,10.523759634732892,27.257121212121213,17.37195238095238,26.589154320987653,18.305009523809524,2.2659771135561186,0.4480620903574185,0.26074049761855383,0.013304817449696301,6.741002310863491,89,0.12,7.15,1.2333333333333334,90.5,2.8982771535580523,36.470786516853934,5.574469696969697,0.14761904761904762,70.50681818181818,1.5476190476190477,0,4.285166666666667,6.21,6.894,1.0456666666666667,2.9976666666666665,NA,0.6220095693779905,1.1007575757575758,0.6727272727272727,NA,0.6111493461803166,-121.06666666666666,-134.78333333333333,38.267436741573036,-93.40578689138577,212.80449438202248,7.105555555555555,27.506,8.321216417867525
089,2023-08-14,2023-08-14T16:22:33Z,0.358,12.606333333333334,135,9.660666666666666,11.883649067458302,11.952772055593604,25.420523224043716,17.757575757575758,27.81622159090909,18.82241134751773,1.7028132690380744,1.259399965031772,0.2686788113740711,0.07739132509673209,11.883649067458302,135,0.12,8.43,1.3,107.76666666666668,5.481740740740741,69.66345679012346,6.0502322404371585,0.14484848484848487,76.92295081967214,1.5151515151515151,2.403,9.685833333333333,9.682333333333332,9.828666666666669,1.1796666666666666,1.6336666666666666,NA,0.44671532846715334,1.5979371584699453,0.6896448087431694,NA,0.43158443690208514,-161.47575757575757,-162.8037037037037,38.26632055555555,-93.4052997654321,212.27271604938272,8.325,27.9795,8.325
091,2023-05-31,2023-05-31T08:36:26Z,0.041,4.295,93,1.9845000000000002,4.101662856349339,4.27234879665692,24.892397727272726,22.951,25.612136363636363,24.058836734693877,0.4773714481237903,0.37072260244951855,0.21379535171293784,0.012415758042243572,4.101662856349339,93,1.67,9.33,19.5,114.3,6.895806451612903,83.73978494623655,7.184772727272727,1.67,87.29545454545455,19.5,0.086,2.0605,4.137,NA,2.077,2.229,NA,0.32850241545893727,1.3101136363636363,0.48715909090909093,NA,0.3718449128285194,86.3,86.12727272727273,38.00640731182796,-94.04790440860215,219.59677419354838,9.321818181818182,25.648,8.20639022162195
091,2023-06-21,2023-06-21T07:23:47Z,0.02,3.883,88,3.2270000000000003,3.678112515315277,3.797989271294515,26.991614457831325,25.4555,27.155876712328766,25.702133333333332,0.4113470325862636,0.34264158034309145,0.2055257044683277,0.015657394609720068,3.678112515315277,88,0.96,7.33,11.7,92.7,5.697272727272727,71.74204545454545,5.981325301204819,0.96,75.33855421686746,11.75,0.02,2.715,3.377,3.743,2.437,2.484,NA,0.3936170212765958,1.997590361445783,0.9385542168674699,NA,0.4698431845597105,11.600000000000001,20.70909090909091,38.00650738636364,-94.04752784090908,218.4625,7.321818181818182,27.372545454545456,8.37277098863007
091,2023-07-18,2023-07-18T07:55:01Z,0.01566666666666667,3.969,76,3.7973333333333334,3.847450076902182,3.9136949065886735,28.78011111111111,27.935166666666667,28.79086854460094,27.96946666666667,0.24272792489421136,0.49409163854938526,0.12030393948268539,0.004914617117740488,3.847450076902182,76,1.42,7.29,18.1,94.93333333333334,5.543947368421053,71.95175438596492,5.761527777777777,1.4366666666666665,74.79305555555555,18.35,0.8743333333333333,2.16,3.857666666666667,NA,1.166,0.01566666666666667,NA,1.5128733264675591,2.732546296296296,4.488148148148148,NA,1.6424783558951594,96.86666666666667,123.74444444444444,38.00623403508772,-94.04831815789474,217.63991228070176,7.266190476190476,29.051809523809524,8.728109272669512
091,2023-08-09,2023-08-09T09:24:03Z,0.071,4.095,99,1.6204999999999998,2.0890123156455953,2.1416330143426685,28.238291666666665,27.50108163265306,28.36618918918919,27.56175806451613,0.20854504191879641,0.30766550679928145,0.10056128902255136,0.017866352975878002,2.0890123156455953,99,2.13,8.58,27,110.5,5.441616161616161,69.62323232323233,7.873125,3.108163265306122,101.12708333333333,39.39387755102041,0.352,1.6204999999999998,NA,NA,1.341,0.071,NA,0.8661710037174721,4.652083333333334,4.396458333333333,NA,0.9450515002239139,185.48979591836735,188.55714285714285,38.00638424242425,-94.04844939393939,218.34444444444443,8.576363636363636,28.392818181818182,8.671856236949933
092,2023-05-30,2023-05-30T13:09:19Z,0.08,17.283666666666665,58,3.1078333333333332,9.52222418814696,11.676385301270585,22.783583333333333,14.132456140350877,26.20925,17.328115942028987,1.635313446809505,0.183686525494353,0.16826092558652642,0.0066816018146104925,9.52222418814696,58,1.1466666666666667,12.793333333333331,11,152.53333333333333,6.0409770114942525,69.84252873563219,9.1371875,2.0271929824561403,108.61979166666667,19.79298245614035,2.9436666666666667,4.985666666666667,14.777666666666669,NA,3.6203333333333334,4.221333333333333,NA,0.2911010558069382,1.0909375000000001,0.2471875,NA,0.22658264107705525,114.9421052631579,115.75,37.90273252873563,-93.31625586206897,252.05344827586208,11.824444444444444,26.57388888888889,8.75
092,2023-06-20,2023-06-20T12:54:30Z,0.049,21.816333333333333,121,5.660833333333333,12.388984344565857,12.791463952659223,21.883019900497512,13.640660256410257,26.80693103448276,15.531199275362319,1.4955073497330886,0.13589945211922938,0.13461631399261065,0.009705803870728101,12.388984344565857,121,0.08,10.3,0.7,131,2.4607162534435263,30.44848484848485,4.339950248756219,0.12596153846153846,53.986069651741296,1.2115384615384615,0.049,4.631166666666667,6.165,6.991666666666667,4.183,4.736,NA,0.38159255429162353,1.1839800995024876,0.3365174129353234,NA,0.28422556517354397,22.380128205128205,25.008333333333333,37.900868402203855,-93.317807961432507,253.44159779614324,10.272222222222222,27.825222222222223,9.004464367341988
092,2023-07-17,2023-07-17T12:56:01Z,0.0635,22.01,102,6.937333333333333,10.00084798337486,10.411455035761492,25.71884375,14.343065359477125,28.36610294117647,15.473857843137255,2.3365096216858774,0.14636656375522308,0.20842518815182212,0.011828191189859406,10.00084798337486,102,0.11,9.37,1,121.9,2.7794934640522877,35.553594771241826,5.6828819444444445,0.18856209150326797,73.32708333333333,1.8679738562091504,1.8236666666666663,5.3036666666666665,6.616666666666666,7.473,1.6346666666666667,5.403,NA,0.8932461873638344,1.0586458333333333,0.7355902777777777,NA,0.6948407622421201,-73.52941176470588,-68.75555555555556,37.900464379084966,-93.3179265359477,250.29852941176472,9.032916666666665,30.162458333333333,9.066698646371517
092,2023-08-08,2023-08-08T13:13:34Z,0.0545,21.959666666666667,70,7.6085,6.538022016730524,11.482242233620495,28.12151515151515,14.462125,27.963076923076922,15.934696969696969,2.9782328134981526,0.4882599851047353,0.22139795832388934,0.012677562529826103,6.538022016730524,70,0.18,8.07,1.7,103.3,3.2662857142857145,40.8352380952381,7.736969696969697,0.348125,99.1469696969697,3.45,2.269,7.294333333333333,9.059333333333331,10.859666666666667,1.647333333333333,1.959666666666667,NA,1.1016548463356977,1.1668939393939395,1.3308333333333333,NA,1.140492111926248,-34.81979166666667,-91.05555555555554,37.900379095238094,-93.31781214285714,253.71285714285713,7.905555555555556,28.91211111111111,8.734464367341989
093,2023-05-30,2023-05-30T17:43:49Z,0.204,25.972,76,6.218,12.748594736302477,12.748594736302477,21.597639639639638,13.620564102564103,25.166631578947367,14.949976608187134,1.4342045126093126,NA,0.11044236197515113,0.0055547025883373544,12.748594736302477,76,0.5533333333333333,12.55,5.166666666666667,140.03333333333333,6.668815789473684,73.29912280701754,9.997207207207207,3.511111111111111,114.47927927927928,34.23076923076923,6.775666666666667,8.722666666666665,23.217666666666663,24.622666666666667,7.510666666666666,8.882666666666665,NA,0.18695652173913044,0.7675675675675676,0.08441441441441441,NA,0.10997652582159624,105.07435897435897,105.72222222222223,37.68718438596491,-93.75686815789474,266.8109649122807,10.253333333333334,25.80683333333333,8.14
093,2023-06-20,2023-06-20T17:24:42Z,0.041,20.779666666666667,105,6.629333333333333,13.411814612540814,13.729254766004116,22.269603535353536,14.138855855855857,26.825589285714287,16.526069264069264,1.5150813701249035,0.17763164923160946,0.14362930263776993,0.009535487729346466,13.411814612540814,105,0.21,11.04,2,136.16666666666666,5.5304761904761905,64.80761904761904,8.374747474747474,0.6692792792792793,98.93333333333334,6.571171171171171,5.327333333333334,9.200000000000001,13.114,15.349,7.995,8.622,NA,0.45288326300984544,1.042449494949495,0.3050757575757576,NA,0.2926527942637049,80.66936936936938,74.88333333333333,37.68753628571429,-93.75657812698412,260.9757142857143,10.088333333333333,27.82975,8.46
093,2023-07-17,2023-07-17T17:24:24Z,0.0305,19.896333333333335,85,8.450666666666667,9.29478071195233,12.759335479933927,28.287880341880342,13.91803125,28.752961904761904,15.69254,3.102508790029219,0.4052254525540375,0.26561565438555274,0.019582667703355768,9.29478071195233,85,0.21333333333333332,9.543333333333331,2.033333333333333,123.76666666666668,4.692627450980392,59.37274509803922,9.285811965811964,0.3509375,119.60726495726496,3.415625,2.398,8.651,10.679333333333334,11.704,8.557,9.716,NA,0.6868512110726644,1.1011538461538461,0.20346153846153847,NA,0.18477121900104787,70.67708333333333,61.93333333333334,37.68683815686274,-93.75569237254902,267.4472549019608,9.524444444444443,28.825,8.63446436734199
093,2023-08-02,2023-08-02T13:39:56Z,0.124,21.384333333333338,139,9.1135,9.631470229691368,10.8960824410199,28.34633536585366,14.12481045751634,28.623845991561183,14.79936111111111,3.090545989162024,0.5924195220639126,0.27290859815682983,0.033765170812913886,9.631470229691368,139,0.15,8.183333333333334,1.4,105.63333333333333,4.857997601918465,62.06726618705036,7.875630081300813,0.3548366013071895,101.58353658536585,3.488888888888889,3.5203333333333333,8.904333333333334,10.134666666666666,11.345333333333333,9.004,21.101333333333333,NA,0.5847457627118644,0.5432723577235773,-0.023699186991869917,NA,-0.04362303116465262,160.78496732026144,77.38333333333333,37.68797235011991,-93.76550784172662,262.6059952038369,8.057083333333335,29.232458333333334,8.460835734926217
096,2023-05-30,2023-05-30T15:29:20Z,0.046,18.556,158,5.295999999999999,11.130811566350276,11.423726652610249,20.08203157894737,10.473333333333333,24.4331875,12.735,1.4683508615345318,0.25940508879759605,0.15580216206766137,0.011364504740861616,11.130811566350276,158,1.38,12.69,12.1,140,7.264367088607595,78.16898734177215,9.97557894736842,3.062666666666667,110.92842105263158,27.648333333333333,5.324,7.5809999999999995,16.631,NA,5.706,18.556,NA,0.22784810126582278,0.8258947368421052,0.09852631578947368,NA,0.11929645679327046,115.045,116.875,37.31377898734177,-93.2194879113924,380.16962025316457,9.358333333333333,26.77616666666667,8.44168273877663
096,2023-06-20,2023-06-20T15:16:58Z,0.13533333333333333,19.485,100,4.941333333333334,5.143343771325288,8.891455643752925,26.34448,10.878286549707601,26.46088888888889,12.658377192982456,2.923809559027518,0.47210794785301813,0.2516933224513422,0.01603787058474286,5.143343771325288,100,0.18666666666666668,10.803333333333333,1.6,119,4.4728666666666665,50.937333333333335,9.188666666666666,0.8912280701754386,114.06400000000001,8.301169590643275,5.8999999999999995,7.8265,10.152666666666669,11.328666666666669,7.926,7.926,NA,0.22055674518201285,0.4866666666666667,0.04586666666666667,NA,0.09424657534246575,89.01988304093567,85.46666666666667,37.31473713333333,-93.2207045,380.812,9.106666666666666,26.875,8.68
096,2023-07-17,2023-07-17T15:30:07Z,0.043,17.281666666666666,82,6.878666666666666,9.649562809462404,10.547276766978026,25.029368055555555,10.824866666666667,27.45362037037037,12.850289855072464,2.583531035212445,0.23097890095328796,0.2842265188920487,0.011121790300967382,9.649562809462404,82,0.27,9.323333333333334,2.4,117.9,5.0130081300813005,61.10040650406504,8.101597222222223,0.5272222222222223,100.09722222222221,4.8133333333333335,4.083333333333333,8.180499999999999,9.732666666666669,11.194333333333333,6.118666666666667,7.442,NA,0.9112426035502957,1.3509722222222222,0.5159027777777777,NA,0.38187519276241383,43.73,4.444444444444445,37.31379516260162,-93.22038365853659,382.6280487804878,9.050833333333335,28.95958333333333,8.75
096,2023-08-08,2023-08-08T15:35:49Z,0.07250000000000001,18.523333333333333,70,6.665666666666667,7.867681469705703,11.11103429797855,27.30240625,10.961820512820513,28.038913580246913,13.987116279069767,3.1772980028952134,0.4572931824728156,0.2919413620709601,0.012550307638500065,7.867681469705703,70,0.22666666666666668,8.37,2,106.66666666666669,3.924,48.604285714285716,7.5575,0.4237179487179487,95.99791666666667,3.8666666666666667,3.3756666666666666,6.665666666666667,9.172,10.707,8.687666666666667,8.417666666666667,NA,2.466666666666667,0.8613020833333334,0.38223958333333335,NA,0.4437927072625023,-9.087179487179487,-80.83333333333334,37.31422938095238,-93.2221837142857,381.45452380952383,7.982222222222222,29.706555555555553,8.476700778368585
098-AX,2023-05-30,2023-05-30T12:31:43Z,0.062,9.539666666666667,66,4.325333333333333,8.571919567448827,8.983302041456875,22.188263157894735,16.6778,24.70020238095238,19.063359649122805,1.1020211668179627,0.14067342831322474,0.22148843830214304,0.013798418108886204,8.571919567448827,66,9.776666666666667,11.926666666666666,100.33333333333331,133.86666666666667,10.959090909090909,124.19292929292929,11.095906432748539,9.932,127.36432748538012,102.16666666666666,5.3036666666666665,8.619166666666667,NA,NA,4.633666666666667,9.042666666666667,NA,0.5422885572139303,0.5150877192982456,0.17672514619883042,NA,0.34309718437783837,114.12666666666667,114.12666666666667,36.606908282828286,-93.31200358585859,277.73636363636365,10.352222222222222,25.69122222222222,8.482233612332228
098-AX,2023-06-23,2023-06-23T12:36:48Z,0.18266666666666667,11.127,143,5.441666666666666,7.512074630354002,7.969374425291306,26.24088148148148,17.10103623188406,27.94469696969697,18.65713852813853,2.0366551293711836,0.25967458109136915,0.3516233463262517,0.04628039892913186,7.512074630354002,143,5.546666666666667,11.883333333333336,56.6,136.43333333333334,9.259603729603729,109.45594405594406,10.49337037037037,6.8072463768115945,129.74666666666667,70.80797101449275,5.958,7.463333333333333,NA,NA,6.640333333333333,11.012333333333334,NA,0.48578811369509045,1.1285925925925926,0.03977777777777778,NA,0.03524547125229719,137.67391304347825,140.61851851851853,36.60692648018648,-93.31208801864801,280.5,9.042666666666667,29.077,8.63994803354935
098-AX,2023-07-19,2023-07-19T12:22:51Z,0.09133333333333334,9.565666666666669,81,8.3533333333333335,9.439652296882356,9.502404331664764,27.716930735930735,18.585333333333335,28.813460784313726,19.172179487179488,2.1705603878642705,0.25563139786763045,0.45086539236969436,0.021198745578586094,9.439652296882356,81,5.13,9.296666666666669,54.9,117.06666666666666,8.585432098765432,109.01316872427984,8.754069264069264,5.2588888888888885,111.7090909090909,56.24444444444445,5.880333333333334,8.728666666666665,NA,NA,8.438,9.512666666666666,NA,0.2644628099173554,0.8042857142857143,-0.0432034632034632,NA,-0.05371656170945691,216.88888888888889,215.9,36.60738518518519,-93.31239835390946,277.2543209876543,8.463333333333333,29.548333333333332,8.545258989336538
098-AX,2023-08-14,2023-08-14T12:10:24Z,0.178,8.353666666666667,105,8.299,NA,NA,NA,NA,28.434099358974358,27.818,NA,NA,NA,0.010342835550094572,8.353666666666667,105,8.226666666666667,8.46,104.96666666666668,109,8.426857142857143,108.51873015873016,NA,NA,NA,NA,2.415666666666666,8.299,NA,NA,6.889333333333333,6.656333333333333,NA,0.27979274611398963,NA,NA,NA,NA,NA,103.25714285714285,36.60710844444444,-93.31202422222222,280.6666666666667,8.364444444444445,28.405666666666665,8.316879842829524
110,2023-06-07,2023-06-07T17:14:22Z,0.028,8.568,156,3.714,3.5438107639646286,4.150223259616819,25.82620634920635,14.279646341463415,25.5755,14.567977777777777,2.3738430253480374,1.473200872111326,0.5174921067638971,0.09283324376248685,3.5438107639646286,156,0.35,8.92,3.3,111.5,4.358589743589744,51.79871794871795,8.575238095238095,1.0608536585365853,105.63174603174603,10.510975609756098,0.364,3.4905,4.821,5.73,3.236,3.303,NA,1.1752136752136753,0.9203174603174603,0.4982539682539683,NA,0.5413935839944809,52.702439024390245,-77.04,37.995766987179486,-91.69112455128204,315.625641025641,8.78,27.5415,8.41
110,2023-06-28,2023-06-28T16:18:02Z,0.056,8.347000000000001,66,3.5896666666666666,5.01331213781112,5.957708600120964,23.787772727272728,12.991111111111111,26.281528985507247,14.427038759689923,2.0282282836720924,0.26126746681040336,0.436582012596172,0.01752226544869523,5.01331213781112,66,0.23,7.535,2.2,96.1,2.6239646464646467,31.824747474747475,4.873585858585859,0.3225925925925926,60.04848484848485,3.0641975308641975,0.056,3.042,3.8393333333333337,4.774333333333334,1.6623333333333334,3.669666666666666,NA,0.727932285368803,1.4032828282828282,0.5765151515151515,NA,0.4108331833723232,-456.06913580246913,-452.5083333333333,37.9954901010101,-91.6909743939394,315.33787878787876,7.529444444444445,27.863055555555555,7.926675194717738
110,2023-07-26,2023-07-26T16:34:38Z,0.042,8.946,140,4.423500000000001,5.24714466630802,5.456774388957574,25.685146341463415,14.518759259259259,26.99425,15.608125,2.3023710486000937,0.9811413618207866,0.502941057763487,0.09014272495034807,5.24714466630802,140,0.24,8.76,2.3,113.3,3.5624285714285713,44.65,5.7785365853658535,0.40574074074074074,73.2060975609756,4.014814814814815,0.042,2.854,3.872,4.977,3.934,3.934,NA,5.936585365853659,1.238658536585366,1.6104878048780487,NA,1.3001870631091856,-36.544444444444444,-117.75,37.99553135714286,-91.69077871428571,311.41714285714284,8.742222222222223,28.740777777777776,8.43
110,2023-08-16,2023-08-16T17:03:14Z,0.012,8.756,112,0.815,7.688071085553775,7.823250225387318,23.184730000000002,13.5752,28.5805,21.244938775510203,1.8065808454132366,0.4472931272940779,0.40637598613203924,0.02792057413413333,7.688071085553775,112,0.55,8.53,5.3,106.4,5.030625,61.402678571428574,5.5578,0.621,68.033,5.98,0.012,4.274,5.564,6.815,4.663,4.567,NA,4.695906432748537,1.1382,1.1868,NA,1.0426989984185555,-117.3,-120.8,37.995476339285716,-91.69079089285714,315.35,8.20888888888889,28.743555555555556,7.875583957685776
112,2023-06-06,2023-06-06T11:33:46Z,0.039,15.023333333333332,82,5.513833333333333,3.3502819869889913,8.839092281750546,25.88812280701754,8.733019607843138,24.67806451612903,10.593895424836601,2.984773392895704,0.5008423999972492,0.29102500908852325,0.011837297697347494,3.3502819869889913,82,1.7066666666666666,10.736666666666666,14.4,117.36666666666667,8.324837398373983,86.02479674796749,8.670350877192982,6.599803921568627,106.71578947368421,57.15686274509804,5.090333333333334,10.177666666666667,14.88,NA,11.77,11.611,NA,0.8184818481848185,0.10421052631578948,-0.05701754385964913,NA,-0.5471380471380471,83.4578431372549,74.75555555555556,37.898011544715445,-90.6429505691057,272.5861788617886,8.70111111111111,26.364,8.34
112,2023-06-27,2023-06-27T10:51:27Z,0.08433333333333333,16.394000000000002,157,5.397666666666666,8.304081554780693,9.428488443838367,22.21728703703704,8.549951754385965,26.415349206349205,10.79192463768116,2.0904504651368825,0.1912759948041272,0.23865759921841034,0.021536906530153724,8.304081554780693,157,0.32333333333333336,10.673333333333334,2.7333333333333334,111.1,6.3453715498938426,66.64564755838641,9.116574074074075,3.257719298245614,103.74351851851851,28.310087719298245,5.528666666666667,9.764999999999999,12.671,13.628,9.658,10.805,NA,0.5964912280701755,0.29217592592592595,0.041296296296296296,NA,0.1413405165583901,-325.14912280701753,-335.35833333333335,37.89834694267516,-90.64258602972399,272.4490445859873,8.128333333333334,27.17,8.41
112,2023-07-25,2023-07-25T10:28:18Z,0.228,15.811666666666667,69,5.8759999999999994,4.633963780832395,9.389953993482123,27.882142857142856,9.0156,27.563654320987656,11.926753968253967,3.510417826099797,0.6732949473423276,0.34135320777642925,0.01738299609185447,4.633963780832395,69,0.53,7.963333333333333,4.5,102.1,5.643188405797101,63.83671497584541,7.907777777777778,2.5354666666666668,100.88412698412698,22.273333333333333,0.228,5.662833333333333,12.179,13.695666666666666,6.545,11.454,NA,0.32524271844660196,0.23952380952380953,0.019523809523809523,NA,0.08151093439363817,55.512,-90.2,37.898282028985506,-90.64228990338164,270.9497584541063,7.946666666666667,28.2685,8.303346125347144
112,2023-08-15,2023-08-15T10:40:00Z,0.014,16.438666666666666,73,6.504166666666666,9.5519044656442,10.47418496889449,23.713974637681158,8.992840579710146,26.576237373737374,11.629841666666668,2.4129587504165784,0.18308095702098556,0.2779754729739346,0.011560112992552714,9.5519044656442,73,0.24666666666666667,7.105,2.1333333333333333,89.25,3.7931278538812787,45.0527397260274,5.4980797101449275,0.6269565217391304,66.85833333333333,5.484057971014493,0.014,5.187166666666666,10.361,11.662666666666668,3.2683333333333335,3.2683333333333335,NA,0.4893617021276596,0.29880434782608695,0.0902536231884058,NA,0.3020492300230387,-20.963768115942027,-101.88888888888889,37.898376118721465,-90.64258077625571,276.612100456621,7.101666666666667,27.0135,8.085575429969186
114,2023-05-24,2023-05-24T12:08:31Z,0.051,7.118,90,2.0389999999999997,4.948102262250612,5.3680181015073805,20.9734776119403,14.307777777777778,23.194166666666668,17.377033333333333,1.202106548986194,0.4499598780369329,0.3189493155988116,0.018808735598746282,4.948102262250612,90,1.44,12.09,14,141.7,7.526888888888889,84.85888888888888,9.312388059701492,2.0944444444444446,106.12835820895522,20.505555555555556,1.107,2.4345,6.381,NA,1.107,1.027,NA,0.34862385321100914,1.4892537313432836,0.7361194029850746,NA,0.49428743235117256,76.02777777777777,77.51666666666667,40.006234222222226,-91.97613455555555,208.3788888888889,11.911428571428571,23.533428571428573,8.788585448910236
114,2023-06-15,2023-06-15T11:37:49Z,0.024,8.52,173,4.282,5.7129519799331945,5.819454979303479,22.54855652173913,13.516296296296296,24.16634831460674,14.658380952380952,1.6645691670361202,0.42569230067163977,0.3859198025335713,0.04198156166905724,5.7129519799331945,173,0.24,8.97,2.3,108.4,4.488439306358382,53.13179190751445,6.56704347826087,0.3496296296296296,78.13826086956522,3.3740740740740742,0.024,3.019,4.552,5.181,2.33,3.109,NA,0.20731707317073172,2.0386956521739132,0.4232173913043478,NA,0.2075922371507784,-100.21481481481482,-121.58888888888889,40.00645687861272,-91.97575924855491,213.57052023121386,8.97,24.88411111111111,8.505583957685776
114,2023-07-12,2023-07-12T11:45:12Z,0.026,8.12,115,4.434,3.785179019543918,5.324127209411706,26.895797385620913,13.721023809523809,26.388816666666667,14.631787878787879,2.7391203911656703,1.2979842421669932,0.5671674259603134,0.0569227563704371,3.785179019543918,115,0.17,10.213333333333336,1.6,128.53333333333333,4.451420289855072,55.360289855072466,9.316797385620914,0.24888888888888888,116.92418300653596,2.407936507936508,1.284333333333333,3.5115,4.0906666666666665,4.463333333333334,1.854,2.723,NA,0.8536251709986321,2.0434640522875815,1.8127450980392157,NA,0.8870941947865025,-134.97857142857143,-144.97916666666666,40.00659055072464,-91.97583776811594,209.7223188405797,10.077777777777778,27.435111111111112,8.943439862522332
114,2023-08-02,2023-08-02T12:34:44Z,0,8.281,163,4.332,7.156405238355322,7.507599311131521,23.12775352112676,13.3786,26.56248275862069,16.560526315789474,1.8190150244572578,0.28015177631167226,0.42144905666427956,0.03619165254288626,7.156405238355322,163,0.16,4.98,1.6,62.6,2.403865030674847,29.793251533742332,2.7317605633802815,0.17933333333333334,33.933802816901405,1.72,0,2.9290000000000003,3.795,4.204,1.811,0.494,NA,0.8310344827586208,1.6190845070422535,1.2659859154929578,NA,0.781914662259145,-113.4,-113.8,40.006601411042944,-91.9757654601227,211.28895705521472,4.969,27.0755,7.825096543590136
115,2023-05-24,2023-05-24T14:27:36Z,0.012,7.226,120,2.158,6.770930028145986,6.867675299750033,19.748472727272727,14.034,23.55537142857143,17.51255294117647,0.9833298710434519,0.15523445172342393,0.2685686404678265,0.012895487964143021,6.770930028145986,120,0.56,10.16,5.4,121.1,6.186833333333333,70.12583333333333,6.692636363636364,0.60625,75.95,5.8875,0.012,3.394,5.464,6.243,3.502,4.393,NA,0.3271604938271605,1.2656363636363637,0.37172727272727274,NA,0.2937078006033616,36.7875,44.68181818181818,39.70822641666667,-91.86274516666667,208.34333333333333,10.08625,24.272,8.555028781677848
115,2023-06-15,2023-06-15T14:04:28Z,0.001,6.936,127,2.0625,5.892736646180584,6.747418472460172,24.111235849056605,14.508,26.331720930232557,20.94782142857143,1.9021100396716975,0.65144550788716,0.48830386918266516,0.061795868011976535,5.892736646180584,127,0.82,9.77,8,120,7.075669291338583,84.90314960629921,8.211132075471697,0.86,99,8.425,0.001,3.2359999999999998,5.984,6.722,3.358,5.459,NA,0.5236842105263159,1.524245283018868,0.36056603773584905,NA,0.23655381568360462,-55.375,-27.62,39.708208976377954,-91.86240125984251,210.01653543307086,9.654,26.4568,8.81
115,2023-07-12,2023-07-12T14:21:43Z,0.006,7.049,66,6.035333333333334,4.590752742490887,6.812569225641286,27.13585606060606,15.070444444444446,26.041461988304093,15.895518518518518,2.611608331747334,0.8624551300205716,0.5634041697392892,0.02900366945825494,4.590752742490887,66,0.24333333333333332,8.355,2.433333333333333,106.75,4.8747727272727275,61.50984848484848,7.042386363636363,0.2677777777777778,89.2215909090909,2.6333333333333333,0.006,3.711833333333333,4.395,4.787333333333334,4.787333333333334,4.787333333333334,NA,4.4782122905027935,1.3549242424242425,0.9818181818181818,NA,0.7246295778585407,-84.61111111111111,-75.24,39.708101666666664,-91.86284762626262,205.39520202020202,8.350416666666666,27.984583333333333,8.443352570491346
115,2023-08-02,2023-08-02T14:35:36Z,0.05,7.190333333333333,51,5.664,5.308766827668084,7.190333333333333,27.21037837837838,15.354,26.81535,17.373242424242424,2.5887981864995027,0.8182162534791718,0.5707290054880658,0.02321286515538322,5.308766827668084,51,0.5533333333333333,7.36,5.5,93.8,5.228823529411764,65.56797385620915,6.79,0.5533333333333333,85.83603603603603,5.5,0.05,4.412333333333333,5.509333333333333,6.3406666666666665,0.5226666666666666,4.512333333333333,NA,2.078125,1.543963963963964,1.6472972972972972,NA,1.066927296067219,-121.2,-119.30833333333334,39.70798130718954,-91.86256326797385,208.98104575163399,7.340833333333333,27.843916666666665,8.36
117,2023-05-26,2023-05-26T10:36:09Z,0.46,7.437,105,5.778,6.369055977249596,6.6149138918414705,20.905920454545456,15.334692307692308,21.3694,15.70504,1.03500353218476,0.31627610202798867,0.26943190768086483,0.015613424442787745,6.369055977249596,105,0.36,10.72,3.6,127.4,4.282,49.687619047619044,5.029090909090909,0.40076923076923077,58.480681818181814,4.023076923076923,0.46,2.1645000000000003,3.99,4.722,0.978,2.269,NA,0.4217391304347826,1.2620454545454545,0.5146590909090909,NA,0.4077975868899694,-104.83846153846154,-112.6,38.905975619047624,-92.12274295238095,247.10095238095238,10.72,24,8.93
117,2023-06-29,2023-06-29T09:19:34Z,0.117,6.725,77,3.6785,4.19081061634685,6.193622842733528,26.048895833333333,16.36042857142857,26.513348837209303,18.87158823529412,2.111737942627542,0.4786801942552123,0.4839100310254506,0.057855011000170986,4.19081061634685,77,0.59,8.04,6,99.3,3.9215584415584415,48.25844155844156,5.704583333333333,0.6314285714285715,71.08958333333334,6.4714285714285715,0.179,0.195,4.006,5.256,1.327,0.904,NA,0.9384164222873901,2.694375,2.317083333333333,NA,0.8599706177994277,-464.51428571428573,-464.48333333333335,38.90708649350649,-92.12252558441558,249.6779220779221,7.803333333333333,26.877333333333333,8.07408385314077
117,2023-07-27,2023-07-27T12:19:43Z,0.02066666666666666,5.500333333333333,50,4.367,4.940816003699615,5.500333333333333,26.551151515151517,19.239,27.337035087719297,20.762999999999998,1.72131663852565,0.6570244839602526,0.5681052997048119,0.022359949507026165,4.940816003699615,50,0.21,8.76,2.3,114.03333333333332,3.6617333333333333,47.14066666666667,4.128939393939394,0.21,53.21515151515151,2.3,1.0206666666666666,2.0828333333333333,3.3933333333333335,3.5776666666666666,1.6713333333333331,0.672,NA,1.1851289833080425,1.5200757575757575,1.6941666666666666,NA,1.114527784699726,-161,-156.69333333333333,38.9076066,-92.12265806666666,247.97533333333334,8.513333333333334,29.451777777777778,8.77906205559569
120,2023-05-31,2023-05-31T12:18:34Z,0.059,13.642,131,6.064,8.611260732315632,9.055058685050149,20.53273033707865,10.001342105263157,22.67030769230769,11.883984848484848,1.6057338118987445,0.21412540470406727,0.2279933046444158,0.027946009550589485,8.611260732315632,131,0.36,9.22,3.1,109.7,4.329770992366412,49.850381679389315,6.131460674157304,0.48736842105263156,71.20112359550562,4.35,0.821,4.3445,6.426,7.933,1.56,1.428,NA,0.23636363636363636,1.4535955056179775,0.2550561797752809,NA,0.1754657184818737,61.671052631578945,24.64,38.81323496183206,-94.35311740458015,280.03969465648856,9.21,24.047428571428572,8.091442746339746
120,2023-06-21,2023-06-21T11:05:12Z,0.033,13.363,125,6.279,9.461877955077973,9.889551781001645,22.828373626373626,10.1015,25.722358208955225,12.126155172413792,2.110196435953526,0.21940926054023696,0.30603239009058203,0.023065816619921013,9.461877955077973,125,0.35,9.58,3.1,121.3,4.43,54.1136,5.906153846153846,0.4553333333333333,72.72857142857143,4.056666666666667,0.093,3.7735,6.348,8.235,4.647,4.154,NA,0.5387931034482759,1.2682417582417582,0.4652747252747253,NA,0.3668659561563123,-58.13666666666666,-72.5,38.81358424,-94.3536396,278.076,9.557142857142857,27.534142857142857,8.5
120,2023-07-18,2023-07-18T11:39:45Z,0.023,13.127,142,5.7059999999999995,7.532975097473077,8.14925586860571,25.232698795180724,11.032603773584906,27.374322580645163,13.331362500000001,2.6150934557590517,0.38357420116895896,0.38056320020063633,0.04770035194977982,7.532975097473077,142,0.21,7.63,1.8,97.5,2.7816901408450705,34.79859154929577,4.541325301204819,0.2892452830188679,57.52048192771085,2.6490566037735848,0.134,3.348,5.003,5.745,2.179,0.327,NA,0.6401515151515151,1.6933734939759035,1.1133734939759037,NA,0.6574884382781929,-137.19622641509434,-149.2,38.813067957746476,-94.35344288732395,278.3295774647887,7.6225000000000005,27.967125,8.371262664939755
120,2023-08-09,2023-08-09T12:59:36Z,0.038,13.261,152,6.694,8.412875451104702,8.639825676209123,24.625760869565216,11.688508771929824,26.852875,12.9965375,2.3905974081893646,0.27899681169326457,0.3544789783906334,0.029915025745010634,8.412875451104702,152,0.3,9.82,2.7,124.5,3.8550657894736844,47.51118421052632,6.023695652173913,0.508421052631579,75.2804347826087,4.712280701754386,1.465,3.321,7.03,8.384,0.874,0.79,NA,0.718905472636816,1.426195652173913,1.4925,NA,1.0464903589665422,-138.50877192982455,-150.25,38.8136434868421,-94.35350381578947,277.40526315789475,9.354285714285714,27.928,8.63180558905939
121,2023-06-01,2023-06-01T09:18:34Z,0.032,4.728,112,3.3445,4.342484216781088,4.531258856433811,22.978135922330097,19.06675,23.7857,19.894875,0.8479422200703084,0.2864037667829934,0.34491807423176896,0.03097361082850639,4.342484216781088,112,0.28,8.94,3.1,108,4.710982142857143,56.16607142857143,5.092621359223301,0.315,60.74660194174757,3.45,0.796,1.575,3.019,3.367,4.399,4.728,NA,0.3325062034739454,1.4949514563106796,0.7566990291262136,NA,0.5061696324197947,-102.6,-72.64166666666667,39.061894464285714,-93.66944857142857,224.4294642857143,8.896363636363636,24.89309090909091,8.04
121,2023-06-22,2023-06-22T09:26:54Z,0.061,4.775,106,3.9749999999999996,4.597993880712247,4.775,26.35247524752475,21.274,26.736433333333334,22.7183125,1.2425077864453442,0.8576716235953218,0.5018199721546603,0.026790251193268957,4.597993880712247,106,0.39,10.27,4.5,131.5,5.1127358490566035,64.48018867924529,5.344356435643564,0.39,67.42673267326732,4.5,0.316,1.6955,3.295,4.005,0.705,0.705,NA,0.347953216374269,2.311980198019802,0.6834653465346535,NA,0.29561903130486916,-56.9,-23.381818181818183,39.06197518867925,-93.66908330188679,222.1735849056604,10.2675,28.003166666666665,8.63
121,2023-07-19,2023-07-19T08:54:36Z,0.026,4.841,111,NA,NA,NA,NA,NA,NA,NA,NA,NA,NA,0.002907189658790448,4.841,111,0.84,3.79,10.5,47.6,3.4667567567567565,43.51531531531531,NA,NA,NA,NA,0.079,3.488,4.834,4.834,4.834,4.761,NA,0.455012853470437,NA,NA,NA,NA,NA,79.8,39.06215648648649,-93.66933144144144,227.73063063063063,3.786363636363636,27.001636363636365,7.79
121,2023-07-28,2023-07-28T11:59:00Z,0.041,4.393,90,1.351,4.158996398509829,4.210639101686925,28.86222891566265,28.2038,29.29712,28.625215384615384,0.1901809994760697,0.2472025874195314,0.08557763229882372,0.0043937220572297445,4.158996398509829,90,1.47,8.15,18.9,106.7,5.830444444444445,75.84333333333333,6.182289156626506,1.59,80.4433734939759,20.42,0.49,2.5795000000000003,4.13,NA,0.255,0.609,NA,0.37443946188340804,2.967710843373494,1.1765060240963856,NA,0.3964355310165638,228.6,228.35833333333332,39.06253866666667,-93.66971933333333,225.71666666666667,8.097692307692308,29.34876923076923,8.430436649071257
121,2023-08-10,2023-08-10T09:33:30Z,0.024,4.817,101,NA,NA,NA,NA,NA,NA,NA,NA,NA,NA,0.0024467683777490393,4.817,101,1.25,9.18,15.7,116.4,5.63990099009901,71.2019801980198,NA,NA,NA,NA,0.024,1.025,4.498,NA,0.143,0.143,NA,0.4210526315789474,NA,NA,NA,NA,NA,161.65,39.06183950495049,-93.66928544554456,226.6811881188119,9.016363636363636,27.453272727272726,8.399892344472967
121,2023-08-25,2023-08-25T10:18:14Z,0.065,4.535,99,1.9289999999999998,4.494731079435036,4.524974208358892,29.28363829787234,25.672,31.09509090909091,27.50672727272727,1.008544554507239,0.3104972501287986,0.44183607576886214,0.025367231760787708,4.494731079435036,99,0.32,10.4,4,140.5,5.483535353535354,73.55757575757576,5.757659574468085,0.32666666666666666,77.25531914893617,4,0.939,1.9289999999999998,2.66,3.129,2.66,2.66,NA,0.11274509803921569,5.699893617021277,1.0888297872340424,NA,0.19102633494466112,-99.53333333333333,-53.47857142857143,39.06239686868687,-93.66788616161617,228.13838383838385,10.004,31.1615,8.341237308185946
123,2023-05-24,2023-05-24T13:16:22Z,0.049,2.998,66,0.39049999999999996,2.777587679250892,2.9328201987821965,22.886566666666667,18.806,26.49875,21.97758620689655,0.8771478349956396,0.5019956870158074,0.5563483374997151,0.03234494899565133,2.777587679250892,66,0.63,12.71,6.8,157.8,6.466969696969697,77.04848484848485,7.041833333333334,0.6666666666666666,83.97833333333334,7.166666666666667,0.049,1.228,2.167,2.606,1.847,2.948,NA,0.2065063649222065,10.169666666666666,2.2023333333333333,NA,0.21655904814972632,-95.46666666666667,-70.00909090909092,39.80692075757576,-92.05123166666667,218.93636363636364,12.629090909090909,26.17590909090909,8.83366306042447
123,2023-06-15,2023-06-15T12:50:59Z,0.02,2.91,67,2.8369999999999997,2.752055830353091,2.91,24.26050819672131,22.213,24.179046875,22.308,0.48973714070041297,0.5344776998235432,0.3192607906921442,0.07106248113045917,2.752055830353091,67,1.27,18.08,14.6,226.6,10.022835820895523,121.49850746268656,10.852622950819672,1.27,131.64918032786886,14.6,0.083,1.3279999999999998,2.727,NA,0.311,2.88,NA,0.4176931690929451,11.900983606557377,5.279344262295082,NA,0.4436057083034878,7.7,7.561538461538461,39.80706014925373,-92.05106552238806,223.24328358208956,18.031666666666666,26.765333333333334,9.295955938595293
123,2023-07-12,2023-07-12T12:52:26Z,0.003,2.803,70,1.7705,2.631322483384047,2.803,27.099075757575758,24.566,27.68639534883721,25.818851851851853,0.6689951435886314,0.6391334743032784,0.4497933909486044,0.031908476776971485,2.631322483384047,70,0.33,12.85,4,165,7.02,89.11285714285714,7.418787878787879,0.33,94.19090909090909,4,0.032,0.5840000000000001,2.142,2.295,0.003,2.803,NA,0.4725328147788041,16.509696969696968,8.071969696969697,NA,0.4889229470283764,-126.9,-38.91818181818182,39.80717242857143,-92.05103214285714,219.3057142857143,12.6825,28.192916666666665,9.211375209131562
123,2023-08-02,2023-08-02T13:39:39Z,0.065,2.975,70,2.804,2.355022073903034,2.8985423409256836,27.041214285714286,25.255666666666666,26.963818181818183,25.380499999999998,0.4768820579632802,0.739131004828198,0.27106966666235227,0.02886895725659394,2.355022073903034,70,0.34,5.27,4.2,66.7,2.427,30.512857142857143,2.7057142857142855,0.47,34.05714285714286,5.733333333333333,0.103,2.1845,1.387,2.792,2.936,2.936,NA,0.567551622418879,11.512678571428571,6.526785714285714,NA,0.5669215616323618,-94.36666666666666,-44.2,39.807113,-92.05119485714286,220.3857142857143,5.102,27.3499,7.796301626413448
133,2023-05-23,2023-05-23T17:31:55Z,0.042,11.782666666666666,126,1.9473333333333334,5.582396554449248,5.938870615870685,21.42691049382716,12.014980676328502,24.31518115942029,14.26535922330097,1.595694433335325,0.2926479175052474,0.2629007223951418,0.0215032843125068,5.582396554449248,126,0.53,11.573333333333334,4.766666666666667,137.63333333333333,6.430370370370371,69.38650793650794,10.185,3.460338164251208,116.34012345679012,32.621256038647346,1.7146666666666666,3.7815000000000003,10.05,11.236333333333334,1.363,1.267,NA,0.10398953564421191,1.4187654320987655,0.14549382716049383,NA,0.10254959972154543,99.01449275362319,98.27777777777777,40.171539576719574,-92.65642285714286,242.60568783068783,11.071666666666667,24.637138888888888,8.56
133,2023-06-14,2023-06-14T16:48:30Z,0.05466666666666667,10.316333333333334,77,5.125666666666667,7.716526164872474,8.038221255965938,20.490121212121213,12.11140350877193,23.06861261261261,13.568341666666667,1.3820427387495329,0.19742966462997416,0.25983061590174317,0.012777352412482963,7.716526164872474,77,0.27666666666666667,9.696666666666667,2.533333333333333,114.9,4.857229437229437,55.696969696969695,6.561333333333334,0.4903508771929825,75.7339393939394,4.575438596491228,0.05466666666666667,4.067,7.140666666666666,8.102,3.649,4.565,NA,0.13395638629283488,1.211878787878788,0.18654545454545454,NA,0.15393078615723144,23.87543859649123,28.21666666666667,40.17178510822511,-92.65523246753247,242.84155844155845,9.42,25.381444444444444,8.555575429969187
133,2023-07-11,2023-07-11T16:36:30Z,0.071,11.768,73,5.410666666666667,9.266728653946027,9.662140435324144,21.330045977011494,11.813888888888888,26.042565656565657,13.92815,1.5970209234947106,0.1860360710535779,0.26259423789955216,0.016739765254864595,9.266728653946027,73,0.21666666666666667,9.04,2,113.6,3.816255707762557,46.7337899543379,4.735344827586207,0.24916666666666668,58.188505747126435,2.3111111111111113,0.071,3.9905,5.841333333333333,6.606,4.3500000000000005,5.841333333333333,NA,1.9327217125382259,0.6616666666666666,0.4451149425287356,NA,0.6727177972726484,-60.391666666666666,-73.13333333333333,40.171441415525116,-92.6559990410959,244.45479452054795,8.701666666666666,29.044333333333334,8.447547234224038
133,2023-08-01,2023-08-01T15:34:01Z,0.074,12.158,168,5.3075,7.828983756800417,7.974709306173967,23.709576576576577,11.788166666666667,27.12617105263158,13.554358695652175,2.1520886352554953,0.41599640596685966,0.34982715221001826,0.035985598301273715,7.828983756800417,168,0.29,8.17,2.6,104.9,3.777857142857143,46.632738095238096,5.479099099099099,0.44685185185185183,68.35315315315316,4.1537037037037035,0.074,3.775,6.255,7.498,7.117,5.856,NA,2.126760563380282,1.137117117117117,0.8845045045045045,NA,0.7778482015528443,-64.72962962962963,-99.95,40.17094482142857,-92.65648625,243.56309523809523,8.168571428571429,28.273,8.364313939533782
140,2023-05-22,2023-05-22T12:17:58Z,0.019,3.003,74,2.681,2.79400006324366,3.003,22.150573529411766,18.115,22.235439393939394,18.7015,0.8374829623447795,1.0835051413065595,0.5214713442307956,0.02852969458476045,2.79400006324366,74,1.77,12.04,18.8,141.6,9.24445945945946,106.76216216216217,9.851323529411765,1.77,113.94852941176471,18.8,0.342,2.104,2.985,NA,2.87,2.065,NA,0.12634822804314327,3.768235294117647,0.5089705882352942,NA,0.13506868560724322,11.8,114.07692307692308,39.762565270270265,-94.26134162162163,280.13513513513516,11.964545454545455,23.684272727272727,8.53
140,2023-06-13,2023-06-13T12:49:10Z,0.022,2.873,59,2.7355,2.6299182581557816,2.761404750814704,24.67920754716981,23.584666666666667,24.641872727272727,23.57075,0.27139068548399337,0.36421374089138037,0.18065695162690973,0.007229897145867518,2.6299182581557816,59,3.45,10.29,40.7,125.6,8.73271186440678,105.22372881355932,9.216037735849056,3.68,111.16792452830188,43.43333333333333,0.075,1.8395000000000001,NA,NA,1.332,2.873,NA,0.28395061728395066,3.961698113207547,1.0981132075471698,NA,0.27718245463637664,6.966666666666667,6.908333333333333,39.762496440677964,-94.26140033898305,282.4779661016949,10.262,25.5067,8.415028781677847
140,2023-07-10,2023-07-10T12:18:31Z,0.076,2.954,72,2.2025,2.7464334731191884,2.838625333039483,26.785707692307692,25.291249999999998,27.13066,25.546227272727272,0.3976158013620079,0.48787721971885745,0.2610576218744224,0.03559171129126017,2.7464334731191884,72,0.34,9.4,4.1,118.9,7.163333333333333,89.88333333333334,7.819076923076923,0.705,98.15384615384616,8.55,0.3,2.9535,2.704,2.937,1.635,1.089,NA,0.19014084507042256,5.668769230769231,1.1063076923076922,NA,0.19515835753249924,-73.2,-1.0999999999999999,39.76247611111111,-94.2614498611111,279.64166666666665,9.367,27.4557,8.38
140,2023-07-31,2023-07-31T12:20:19Z,0.011,2.813,73,2.598,NA,NA,NA,NA,28.012772727272726,27.827285714285715,NA,NA,NA,0.005918668481879876,2.813,73,2.72,5.07,34.6,64.8,4.886027397260274,62.468493150684935,NA,NA,NA,NA,0.011,2.598,NA,NA,2.235,0.011,NA,0.3791208791208791,NA,NA,NA,NA,NA,31.042857142857144,39.76249698630137,-94.2611694520548,283.2082191780822,5.030666666666667,28.0184,7.76
140,2023-08-07,2023-08-07T12:56:41Z,0.01,2.682,42,0.3675,1.8712202886143596,1.9807554384279336,26.298793103448276,25.7038,27.2564,25.964405405405405,0.1581054663706709,0.16432815088101416,0.11327492428761257,0.009970024516809747,1.8712202886143596,42,4.49,9.16,55,115.1,6.5026190476190475,80.57380952380953,7.265862068965517,4.695,90.3,57.57,0.492,0.79,NA,NA,0.378,0.492,NA,0.27033492822966504,4.89448275862069,1.6051724137931034,NA,0.3279554741440045,125.47,125.425,39.76239,-94.26111023809524,285.81666666666666,8.814285714285715,27.180999999999997,8.026416784504539
145,2023-05-22,2023-05-22T15:59:53Z,0.04049999999999999,17.241,119,2.9996666666666667,5.033622301439599,5.927139214586285,20.981666666666666,12.186708333333334,22.344158730158732,13.231921768707483,1.4784929486015699,0.31229620662019986,0.16305843223535016,0.027460281765108188,5.033622301439599,119,5.346666666666667,9.996666666666666,48.06666666666666,115.93333333333334,8.165854341736695,81.75042016806722,9.565882352941177,7.5815,107.62647058823529,70.84041666666667,0.475,3.416166666666667,NA,NA,1.2773333333333332,0.956,NA,0.12302839116719244,0.6966666666666667,0.059019607843137256,NA,0.08471714044469462,106.63208333333334,121.61333333333334,39.5238237535014,-91.64661892156863,179.79285714285714,9.796666666666667,23.609666666666666,8.606667807535088
145,2023-06-26,2023-06-26T09:55:04Z,0.0315,10.184666666666669,74,8.121500000000001,7.841269463094097,9.789178065360629,25.817973214285715,13.441666666666666,25.790906779661018,16.629177777777777,2.486479535822923,1.222924504727019,0.4098848728661637,0.11194223875977871,7.841269463094097,74,2.286666666666666,8.274999999999999,23.46666666666667,101.65,7.216644144144144,87.34256756756757,8.185327380952382,3.4472222222222224,100.60863095238095,33.06111111111111,0.0315,8.121500000000001,NA,NA,7.093999999999999,2.789,NA,0.3431734317343174,0.7951190476190476,0.22523809523809524,NA,0.283275939511903,183.3,182.1625,39.52398189189189,-91.64619977477477,182.9970720720721,8.26375,25.822708333333335,8.71
145,2023-07-17,2023-07-17T10:59:27Z,0.109,16.44066666666667,162,6.314833333333333,9.249698136642243,9.7263643412226,25.479569182389938,11.942639455782313,27.513440329218106,14.2630329218107,2.581484237125437,0.273481744860419,0.3051880880718461,0.03722168058778578,9.249698136642243,162,0.09,9.176666666666666,0.8,116.8,4.797181069958848,60.02798353909465,7.100723270440252,0.43462585034013607,89.57704402515724,4.052380952380952,0.7343333333333333,6.314833333333333,7.032,7.443333333333333,1.6033333333333333,15.904333333333334,NA,0.48496993987975956,1.2757861635220127,0.4089622641509434,NA,0.3205570618683756,251.31972789115648,263.20833333333337,39.523651152263376,-91.64563397119342,182.0664609053498,9.140555555555556,27.8425,8.95
145,2023-08-16,2023-08-16T10:45:26Z,0.07866666666666666,21.93166666666667,151,9.169333333333334,8.765798304838194,10.575973897262392,25.575477477477477,11.855086021505377,25.24102564102564,12.47676712328767,2.61640641137501,0.5227993016532736,0.22040466639636402,0.019063262511767976,8.765798304838194,151,0.09,7.65,0.8,94.63333333333333,3.4655849889624726,42.158940397350996,6.731936936936937,0.1974731182795699,82.6554054054054,1.846774193548387,0.07866666666666666,7.784166666666667,8.652,9.207,1.8143333333333336,2.889666666666667,NA,0.5210526315789474,1.0965765765765765,0.5613513513513514,NA,0.5119125862635557,94.99193548387098,84.03333333333333,39.522830618101544,-91.64590094922737,185.10905077262694,7.635555555555555,26.157555555555557,8.215772116549518
149,2023-06-05,2023-06-05T12:56:16Z,0.06866666666666667,17.53,104,9.0275,15.882350606413285,16.053003506773123,20.239281786941582,13.1742,23.207784946236558,14.691928571428571,1.1996599042340677,0.3580421493904202,0.1355497914102004,0.009310555165486031,15.882350606413285,104,5.046666666666667,14.32,47.96666666666667,171.43333333333334,8.91724358974359,101.46826923076924,9.184295532646049,5.160666666666667,105.1938144329897,49.22,3.765,5.645833333333333,NA,NA,3.918,4.646333333333334,NA,0.2620817843866171,0.9446735395189003,0.19243986254295534,NA,0.2037104401600582,166.4,166.83333333333331,38.204610705128204,-92.62926387820512,199.04102564102564,11.903333333333332,26.74925,8.797527936436646
149,2023-06-27,2023-06-27T10:16:29Z,0.11633333333333332,19.449333333333335,194,6.5361666666666665,6.290657646764268,7.805033371342003,28.057240740740742,16.13453846153846,28.04336888888889,16.923904761904762,2.70219812622895,1.2492391645252947,0.2577977130634927,0.0355032651525475,6.290657646764268,194,0.32,9.1466666666666665,3.5,117,4.606872852233677,56.23041237113402,9.054027777777778,1.6611858974358975,115.8638888888889,16.566987179487178,2.236,6.611833333333333,7.227,7.599333333333333,6.373666666666667,6.7026666666666666,NA,0.12562814070351758,1.9756944444444444,0.22870370370370371,NA,0.11575864089045108,212.3926282051282,224.96666666666667,38.20537420962199,-92.62719362542956,196.8876288659794,9.03611111111111,28.28388888888889,8.63
149,2023-07-11,2023-07-11T10:30:03Z,0.00266666666666666,30.918,251,8.6325,19.247649007365045,19.48876399654611,23.14023188405797,13.092095238095238,27.970927083333333,17.311466666666668,1.8590554352394975,0.19854516044709677,0.11932658779846546,0.01290240723125647,19.247649007365045,245,0,7.8,0,100.93333333333334,2.5821224489795918,32.85414965986394,3.02170692431562,0.1625,38.552334943639295,1.5694444444444444,1.193,6.732666666666667,7.827666666666667,8.080666666666666,4.623666666666667,30.316333333333333,NA,0.4371428571428573,0.6262640901771337,0.24336553945249598,NA,0.3885989046308915,-442.5484126984127,-442.4,38.20570567065073,-92.62498406374502,199.96932270916335,7.737333333333334,28.905466666666666,8.409335376934184
149,2023-08-01,2023-08-01T15:45:08Z,0.08633333333333333,32.196333333333335,218,8.399833333333333,29.791990717555883,30.01754248731983,20.906610281923715,13.2428125,28.424615819209038,17.29945073375262,1.332459096229286,0.13459592346451418,0.08219504152779786,0.008956711391812576,29.791990717555883,213,0,8.01,0,104.26666666666668,1.8366666666666667,23.63317683881064,1.946318407960199,0,25.044112769485903,0,1.4916666666666667,6.031333333333333,8.361666666666666,9.190666666666669,1.6646666666666667,31.034666666666663,NA,0.5261194029850746,0.37417910447761193,0.23737976782752904,NA,0.6344014537073971,-26.491666666666667,-38.111111111111114,38.207418302752295,-92.62576463302753,200.6255351681957,7.966666666666667,29.205666666666666,8.291669864693668
150,2023-06-01,2023-06-01T07:35:13Z,0.018,4.038,92,2.879,3.7515773199175535,3.992206484122812,24.436988235294116,20.7965,24.917640625,22.542571428571428,0.8481164311406246,1.1585887194678262,0.39644306556684694,0.038424220770041664,3.7515773199175535,92,4.15,10.7,46.5,129.7,9.740652173913043,116.67934782608695,10.133176470588236,4.390000000000001,121.65529411764706,49.05,0.855,3.4365,NA,NA,3.971,3.971,NA,0.10993657505285412,0.532235294117647,0.34247058823529414,NA,0.6434571175950488,76.1,72.95833333333333,39.03459782608695,-93.36691,212.93260869565216,10.69,25.01725,8.7
150,2023-06-22,2023-06-22T07:47:40Z,0.007,4.043,90,2.7664999999999997,3.7956713838800575,4.043,26.44814117647059,21.571,27.486873015873016,23.17662962962963,1.2026391935681886,0.5809313505086182,0.5606280083299646,0.03473758551762837,3.7956713838800575,90,0.72,10.53,8.2,135.2,7.062444444444444,89.35666666666667,7.432352941176471,0.72,94.09294117647059,8.2,0.709,2.2785,3.082,3.708,2.591,0.212,NA,1.5098039215686274,1.0163529411764707,1.2734117647058825,NA,1.2529227919898136,-43.3,-16.636363636363637,39.03367244444444,-93.3671748888889,212.63222222222223,10.514545454545454,28.25790909090909,9
150,2023-07-19,2023-07-19T07:26:05Z,0.044,4.136,88,3.0410000000000004,4.0523663172192785,4.136,26.57170588235294,23.234,27.213390625,24.454125,0.8520474646005596,0.6897646974789886,0.4038490203912979,0.05882357703108428,4.0523663172192785,88,0.75,7.1,8.9,89.6,5.609659090909091,70.45681818181818,5.779529411764706,0.75,72.61176470588235,8.9,0.659,2.857,3.527,4.025,2.227,0.193,NA,2.314685314685315,1.0163529411764707,2.111764705882353,NA,2.077786780877416,-142.4,-123.87272727272727,39.03344159090909,-93.3673996590909,212.27386363636364,7.066363636363636,27.248,8.811877080684443
150,2023-08-10,2023-08-10T08:07:54Z,0.025,5.713,116,2.9770000000000003,5.359303445556862,5.5785229521995525,25.497933962264153,22.878999999999998,26.3505,24.046537037037037,0.6506795946191914,0.4147508162367127,0.21937138161883027,0.013319902236927599,5.359303445556862,116,0.42,7.86,4.8,97.8,4.5328448275862065,56.0551724137931,4.9182075471698115,0.4275,60.85188679245283,4.95,0.025,2.6165000000000003,3.467,4.149,1.679,0.075,NA,2.1809523809523808,1.4950943396226415,2.4902830188679244,NA,1.6656360424028267,-4.3,25.52307692307692,39.03398982758621,-93.36678,216.97931034482758,7.84,26.496111111111112,8.752242205920519
163,2023-05-22,2023-05-22T14:24:58Z,0.031,2.217,48,1.0434999999999999,1.578084963696822,1.6558721481946088,21.78830303030303,20.91223076923077,22.05313043478261,21.02948,0.19298365426436703,0.22747634008218193,0.16819307303792655,0.014860291920355602,1.578084963696822,48,6.51,9.58,72.8,109.1,8.686875,98.65,9.357878787878787,7.09,106.74242424242425,79.46153846153847,0.031,1.35,NA,NA,0.649,0.747,NA,0.310126582278481,4.220303030303031,1.2727272727272727,NA,0.30157248510088314,114,114.01666666666667,40.02120541666667,-94.43719833333333,280.17083333333335,9.492727272727272,22.121181818181817,8.23457401828976
163,2023-06-13,2023-06-13T14:00:57Z,0.011,1.803,40,1.7919999999999998,NA,NA,NA,NA,24.289948717948718,24.005,NA,NA,NA,0.007290265184375051,1.803,40,6.18,6.6,73.6,79.1,6.444,77.0425,NA,NA,NA,NA,0.011,1.7919999999999998,NA,NA,1.292,0.241,NA,0.11890243902439025,NA,NA,NA,NA,NA,8.00909090909091,40.02116025,-94.436847,280.1625,6.59,24.374545454545455,7.9136630604244695
163,2023-07-10,2023-07-10T14:21:52Z,0.051,1.837,43,0.786,1.7805529965027467,1.837,26.827731707317074,26.065,27.4619375,26.39625925925926,0.20583477410548312,0.3103687404514771,0.2174180462672577,0.024576102340816346,1.7805529965027467,43,4.08,8.41,50.4,106.7,6.995116279069768,87.71860465116279,7.133658536585366,4.08,89.49268292682927,50.4,0.135,0.95,NA,NA,0.297,0.171,NA,0.31539424280350437,5.566341463414634,1.735609756097561,NA,0.3118043992638682,147.2,145.92307692307693,40.021097674418606,-94.43697186046512,285.36744186046514,8.397272727272728,27.546545454545456,8.205503739762525
163,2023-07-31,2023-07-31T13:55:25Z,0.063,1.789,37,NA,NA,NA,NA,NA,NA,NA,NA,NA,NA,2.1929125881454367e-4,1.789,37,4.72,5.32,59.7,67.3,5.155405405405405,65.17567567567568,NA,NA,NA,NA,0.245,1.5350000000000001,NA,NA,0.304,0.063,NA,0.3708609271523179,NA,NA,NA,NA,NA,86.49,40.02108216216216,-94.43722486486486,285.42972972972973,5.31,27.378272727272726,7.77
163,2023-08-07,2023-08-07T14:43:21Z,0.042,2.748,32,2.2655000000000003,1.989363769659828,2.6038176705692835,25.692333333333334,24.2555,25.611439999999998,24.46542857142857,0.3678651047304129,0.4363010843221891,0.2188075230598195,0.012233206553588024,1.989363769659828,32,5.95,8.79,71,108.1,7.666875,93.615625,8.26,6.01,101.35714285714286,71.8,0.569,1.504,NA,NA,0.097,0.042,NA,0.8407960199004976,5.537619047619048,3.5104761904761905,NA,0.6339324103534267,130.45,130.61428571428573,40.0209296875,-94.436294375,289.475,8.593333333333334,25.961,8.096846864222352
165,2023-05-31,2023-05-31T13:39:29Z,0.018,2.571,63,2.425,NA,NA,NA,NA,25.10927118644068,24.69,NA,NA,NA,0.006783124314035956,2.571,63,3.82,6.11,46,74.4,5.053809523809524,61.32698412698413,NA,NA,NA,NA,0.138,0.519,NA,NA,0.214,0.168,NA,0.14644351464435149,NA,NA,NA,NA,NA,71.17272727272727,38.88882253968254,-94.32333698412698,295.12380952380954,6.049230769230769,25.326538461538462,7.515413209876073
165,2023-06-21,2023-06-21T12:35:13Z,0.02,2.647,61,2.5469999999999997,2.3282736425342,2.593310348988824,27.874826923076924,26.2135,27.760103448275864,26.226333333333333,0.4574608547277421,0.7049694294228851,0.3141861870860112,0.014527569762451203,2.3282736425342,61,0.97,9.44,12,123.2,5.68,72.78360655737706,6.431730769230769,0.99,82.49038461538461,12.25,0.02,1.225,2.283,2.647,2.207,1.289,NA,0.6062992125984252,2.8057692307692306,2.100576923076923,NA,0.7486634681288554,-26.05,44.676923076923075,38.88884606557377,-94.32336934426229,292.05245901639347,9.4175,28.945333333333334,8.439175405222006
165,2023-07-18,2023-07-18T13:26:05Z,0.03,2.202,53,NA,NA,NA,NA,NA,NA,NA,NA,NA,NA,4.484902072981229e-4,2.202,53,3.83,4.44,48.7,56.4,4.2516981132075475,54.02264150943396,NA,NA,NA,NA,0.03,0.6995,NA,NA,2.162,2.162,NA,1.3686006825938566,NA,NA,NA,NA,NA,121.51333333333334,38.88853075471698,-94.32357773584906,295.72641509433964,4.409090909090909,27.656909090909092,7.798198861279542
165,2023-07-28,2023-07-28T14:57:44Z,0.038,2.013333333333333,50,0.4195,1.925191161898114,1.9850864756505826,29.53041134751773,28.459,31.600291666666667,29.060769841269842,0.31386029020006845,0.3426369455341518,0.30277440999210653,0.03252581844637612,1.925191161898114,50,2.03,14.433333333333334,26.133333333333333,197.16666666666663,7.0184,93.07066666666667,7.328652482269503,2.03,97.23617021276596,26.133333333333333,0.189,0.4195,NA,NA,0.189,0.189,NA,0.1627650176678445,5.823971631205674,1.248936170212766,NA,0.21444750237463162,138.9,136.41666666666666,38.889288,-94.32454133333333,291.74066666666664,13.845333333333333,31.336766666666666,8.954668610344774
165,2023-08-09,2023-08-09T14:22:48Z,0.03,2.452,60,0.583,2.0088989751189374,2.2786031328181875,27.8493,26.9765,28.74323076923077,27.431702127659573,0.24328491125447727,0.21163374603219645,0.17877395716669986,0.022707880180307685,2.0088989751189374,60,1.06,13.9,13.3,179.2,8.5995,109.86833333333334,9.6686,2.215,123.658,27.775,0.52,0.641,2.452,NA,0.344,0.278,NA,0.372569626904887,9.4932,3.0221999999999998,NA,0.31835419036784224,-20.474999999999998,62.581818181818186,38.888737,-94.3233765,295.14666666666665,13.494545454545454,28.803272727272727,8.834089986776473
169,2023-05-31,2023-05-31T14:27:36Z,0.029,3.306,74,2.6925,3.0471646517202826,3.289506614644328,23.958632352941176,19.117,24.486593220338982,20.1072,1.0748403583356776,0.7147368860825378,0.6058268169001079,0.058715636684766544,3.0471646517202826,74,0.73,9.35,7.9,114.2,5.3368918918918915,64.18783783783783,5.732205882352941,0.73,69.025,7.9,0.362,0.7464999999999999,2.681,3.11,0.404,0.306,NA,0.19081967213114756,4.841323529411765,1.3363235294117648,NA,0.2760244221013942,-107.2,-74.85454545454546,38.87392351351351,-94.31524905405406,285.3540540540541,9.271538461538462,25.64023076923077,8.143119106317574
169,2023-06-21,2023-06-21T13:16:23Z,0.044,3.206,76,1.768,3.02249659031437,3.131574356912012,27.199884057971015,22.916,28.5364,24.91113888888889,1.0996836293429624,0.5922049680618475,0.6634436394966376,0.028081222435924025,3.02249659031437,76,0.43,12.48,5,161.9,6.524605263157895,83.875,7.137536231884058,0.44,91.81014492753623,5.15,0.499,1.3820000000000001,2.28,2.638,1.228,1.277,NA,0.26467331118493914,5.3252173913043475,1.7234782608695651,NA,0.3236446766819073,-122.85,-93.84285714285714,38.87400684210526,-94.31502460526316,280.02763157894736,12.043636363636363,29.923000000000002,8.702472240418606
169,2023-07-18,2023-07-18T14:17:11Z,0.066,2.913,73,2.854,2.7357295619348934,2.913,27.47991304347826,26.252,27.457478873239438,26.283,0.3361183762191331,0.9206698045970326,0.21753330846318097,0.01321068029552689,2.7357295619348934,73,0.93,6.9,11.5,87.6,5.157397260273973,65.37945205479453,5.395652173913043,0.93,68.41304347826087,11.5,0.545,1.0314999999999999,2.597,2.886,0.129,2.913,NA,0.6348547717842323,6.02536231884058,2.8727536231884057,NA,0.47677690920024046,-123.2,-107.15,38.87411643835616,-94.31511438356164,284.05753424657536,6.855555555555555,27.67511111111111,8.172293110248063
169,2023-08-09,2023-08-09T14:59:49Z,0.003,3.181,71,3.1795,3.173584492520083,3.181,27.35523188405797,26.08,27.337585714285716,26.08,0.34732830183384067,3.555335949082763,0.217868907624505,0.03499043975543732,3.173584492520083,71,0.47,17.36,5.8,230.3,8.713521126760563,111.30422535211268,8.94768115942029,0.47,114.30289855072463,5.8,0.003,0.671,2.901,3.167,0.398,0.398,NA,0.25050388712928306,11.215652173913043,4.597971014492754,NA,0.4099602005478886,-101.2,63.483333333333334,38.874071690140845,-94.31495591549296,283.2957746478873,17.037272727272725,29.50527272727273,9.211157060102986
179,2023-05-23,2023-05-23T07:21:16Z,0.0635,6.546666666666667,66,3.1128333333333336,5.1322268282010075,5.353540552311911,19.661333333333335,14.044878787878787,21.354176470588236,15.44778125,0.9641120010956001,0.30711320749420307,0.28490389907433933,0.015459102537422824,5.1322268282010075,66,0.7866666666666667,10.956666666666669,7.633333333333334,124.8,6.828787878787879,75.67171717171718,8.237564102564102,1.3918181818181816,91.84935897435898,13.548484848484849,0.0635,2.738833333333334,5.509666666666666,6.359,2.869666666666667,0.3393333333333333,NA,0.7154213036565977,1.3380128205128206,0.8310576923076923,NA,0.6211134000862358,98.84848484848484,98.79333333333334,40.42682883838384,-94.85755101010102,328.21262626262626,10.937333333333333,21.846,8.568018335884988
179,2023-06-14,2023-06-14T07:03:34Z,0.015,8.301,159,3.954,4.389350228972941,4.791492150542651,22.915535714285713,14.313528571428572,23.382346666666667,14.960119047619047,1.6407726732661558,0.5804913464981025,0.37705295123355265,0.06360571444972805,4.389350228972941,159,0.32,10.22,3,121,4.859811320754717,56.4188679245283,8.51547619047619,0.673,99.99285714285715,6.642857142857143,1.762,3.002,4.689,5.378,3.188,2.777,NA,1.3970588235294117,0.9829761904761904,1.1563095238095238,NA,1.1763352307133341,24.835714285714285,-100.125,40.42684459119497,-94.85772320754717,328.7867924528302,10.1975,23.79125,8.88
179,2023-07-11,2023-07-11T06:59:49Z,0.038,7.87,70,4.238333333333333,6.857846522797769,7.057795396872724,22.44466120218579,14.034380952380953,25.820666666666668,16.3809898989899,1.5700293291016578,0.2802181136335846,0.389105148892688,0.016618385212142577,6.857846522797769,70,0.24333333333333332,9.62,2.3666666666666667,119.86666666666667,4.315952380952381,52.96523809523809,4.911147540983606,0.2723809523809524,60.373224043715844,2.6619047619047618,0.185,2.58,4.029333333333334,4.695333333333333,2.3986666666666667,0.6116666666666667,NA,1.0064766839378239,1.4153005464480874,1.304535519125683,NA,0.9217374517374518,-123.6,-124.06666666666666,40.427060380952376,-94.85750804761905,328.3833333333333,9.615333333333332,26.573800000000002,8.82
179,2023-07-31,2023-07-31T17:16:57Z,0.06,7.666,138,5.103,5.925594413203514,6.192202840409137,24.689207207207208,15.245318181818181,25.848557894736842,16.358,1.9369319944106564,0.6758328285581306,0.4883468060185012,0.05396822663168595,5.925594413203514,138,0.24,7.47,2.3,95.3,3.1097101449275364,38.93695652173913,3.7933333333333334,0.2863636363636364,47.67657657657658,2.859090909090909,0.06,1.7774999999999999,3.562,4.197,0.216,0.633,NA,0.5867052023121386,1.5277477477477477,1.0795495495495495,NA,0.7066281401108622,-121.27727272727273,-122.02857142857142,40.42685869565217,-94.85820413043479,327.21086956521737,7.461111111111111,27.921,8.57
180,2023-05-22,2023-05-22T17:00:27Z,0.18666666666666668,8.49,91,4.622,5.251805698423943,5.408545431605088,19.791989071038252,13.821252873563218,20.716893333333335,14.318837398373983,1.0215234561696889,0.31967961869336087,0.2362794504499025,0.02060565645932736,5.251805698423943,91,0.25333333333333335,12.35,2.433333333333333,142.96666666666667,5.748974358974359,64.25274725274726,8.21153005464481,0.7088505747126437,92.30054644808743,6.8919540229885055,0.708,2.3475,4.763333333333333,6.14,2.2266666666666666,2.082,NA,1.4367245657568235,0.91819672131147545,0.7555191256830601,NA,0.8228292566803547,98.60459770114943,95.30666666666667,40.34952311355311,-95.13313901098901,297.04175824175826,12.279999999999998,22.8575,8.72
180,2023-06-13,2023-06-13T16:54:09Z,0.025,7.622333333333334,69,4.980499999999999,5.913513790145703,6.685833599049932,22.43449696969697,13.964833333333333,23.59040425531915,14.77230303030303,1.5773243865478435,0.17152195763485464,0.37579262890840864,0.019069658297672112,5.913513790145703,69,0.2866666666666667,9.5,2.7666666666666666,115.36666666666667,5.475024154589372,64.94057971014493,6.76769696969697,0.3304166666666667,80.48242424242424,3.2083333333333335,0.18866666666666668,2.9145000000000003,4.820333333333333,5.398,1.908,2.709333333333334,NA,0.31237322515212984,1.0871515151515152,0.3376363636363636,NA,0.31056974021630057,-88.775,-92.375,40.34962608695652,-95.13321763285023,299.2599033816425,9.495000000000001,25.16825,8.652521669455433
180,2023-07-10,2023-07-10T16:30:12Z,0.09,9.590333333333334,81,5.7298333333333336,8.444381965401861,8.745709811737411,22.5871592039801,13.989666666666666,25.483507575757574,15.931693693693694,1.6093075780909203,0.3185765553266534,0.3253867169244854,0.019290616161802936,8.444381965401861,81,0.21666666666666667,11.74,2.1,146.83333333333334,4.877037037037037,59.88765432098766,5.845174129353234,0.23636363636363636,71.90348258706467,2.306060606060606,1.3593333333333333,4.285500000000001,5.3036666666666665,5.774666666666667,0.39066666666666666,1.0613333333333332,NA,0.6454545454545454,1.9102985074626866,1.392686567164179,NA,0.729041331354012,-143.03939393939393,-144.69166666666666,40.349743497942384,-95.13301259259259,302.12716049382715,11.714444444444446,26.827111111111112,8.9
180,2023-07-31,2023-07-31T15:53:52Z,0.0215,8.913,70,4.997,7.02043219029374,8.394999152868031,25.585863636363637,15.330833333333333,27.0094875,19.308055555555555,2.1547309493405464,0.47851289547746834,0.41890000953177,0.014747167491289761,7.02043219029374,70,0.12333333333333334,5.616666666666667,1.2333333333333334,70.93333333333334,2.560095238095238,32.05047619047619,3.212242424242424,0.13,40.31272727272727,1.3,0.6953333333333334,2.5615,4.587,5.0600000000000005,0.5553333333333333,0.8973333333333333,NA,2.1908396946564888,0.8077575757575758,1.8276666666666666,NA,2.262642557022809,-115.93333333333334,-115.93333333333334,40.349801642857145,-95.13288171428572,299.34761904761905,5.549166666666666,27.645625000000003,7.94585490442034
181,2023-05-23,2023-05-23T08:31:58Z,0.07933333333333334,9.541333333333332,72,6.449833333333333,8.23366282339271,8.604211153196317,19.35131794871795,14.375533333333333,20.076962264150943,15.539912280701754,0.8550814207981148,0.25825396289780095,0.1725366484102063,0.010424649100664733,8.23366282339271,72,4.87,10.246666666666666,47.4,114.43333333333334,8.100324074074074,88.14398148148148,8.43276923076923,4.992,92.33333333333333,48.89333333333333,0.14633333333333332,3.6046666666666667,NA,NA,3.794,3.794,NA,0.15151515151515152,1.385025641025641,0.23466666666666666,NA,0.16943127962085308,95.72666666666667,95.72222222222223,40.349371759259256,-94.7778825462963,319.18055555555554,10.2225,20.82616666666667,8.32
181,2023-06-14,2023-06-14T08:17:04Z,0.012,9.873666666666669,80,6.1146666666666665,8.387012450919629,8.703554427608674,21.302038647342997,14.687259259259259,22.898202614379084,16.02955172413793,1.2188683504421078,0.14422332384613684,0.23922343361180187,0.011944129220564592,8.387012450919629,80,0.19,7.83,1.8,93,3.802625,44.535833333333336,4.375024154589372,0.20592592592592593,51.30096618357488,2.033333333333333,0.012,3.2891666666666666,5.360666666666667,6.061333333333334,2.548666666666666,1.5236666666666667,NA,0.3564356435643564,0.7143478260869566,0.16898550724637681,NA,0.23655913978494622,86.22592592592592,84.94166666666666,40.349347875,-94.77731329166667,322.37375,7.828333333333333,23.971833333333336,8.31
181,2023-07-11,2023-07-11T08:06:10Z,0.088,11.021333333333333,62,6.964,7.0207421980675955,9.473181222008954,25.196931623931622,15.285030303030302,25.196931623931622,16.843971014492755,2.0606741395185963,0.49717761170249236,0.30587931647902716,0.016323573593328526,7.0207421980675955,62,0.25666666666666665,8.56,2.533333333333333,105.53333333333332,4.158494623655914,50.46774193548387,6.2781196581196586,0.3203030303030303,76.6991452991453,3.193939393939394,0.29633333333333334,3.1698333333333335,6.858,7.673666666666667,10.987333333333334,0.9606666666666668,NA,0.4564459930313589,1.252905982905983,0.5445299145299145,NA,0.4346135479909952,-72.21212121212122,-92.43333333333334,40.34913005376344,-94.77659935483871,317.66182795698927,8.56,25.9625,8.377521503776608
181,2023-08-01,2023-08-01T07:16:13Z,0.058,11.237,76,7.870166666666666,9.55642091683157,10.075843202405647,24.69783333333333,15.664333333333333,25.905493827160495,16.897787878787877,1.8737671037129076,0.23866752066940455,0.3187648517886511,0.01083471922620302,9.55642091683157,76,0.17666666666666667,5.863333333333333,1.8,73.5,3.3485964912280703,41.6359649122807,3.93765625,0.19444444444444445,49.049479166666664,1.9703703703703703,0.058,5.302333333333333,6.133,6.843,3.6403333333333334,1.1643333333333334,NA,0.25869262865090403,1.4477604166666667,0.3603645833333333,NA,0.2489117530668777,-118.5111111111111,-121.88000000000001,40.348901184210526,-94.77654912280701,317.70526315789476,5.860833333333334,26.87375,7.79
182,2023-05-24,2023-05-24T09:02:17Z,0.05,9.603,109,3.482,8.153862235838115,8.411952094641153,17.433236559139786,9.574307692307693,21.92846511627907,12.639181818181818,1.0364926958333172,0.30615485544009285,0.2102186899570813,0.019049182605710358,8.153862235838115,109,1.36,9.28,11.8,106.7,6.832752293577982,72.43211009174311,7.680967741935484,1.7638461538461538,82,15.507692307692308,0.574,4.997,8.687,NA,3.226,7.54,NA,1.5855855855855854,0.6412903225806451,0.2036559139784946,NA,0.3175720992622401,74.35384615384615,57.45,40.49806972477064,-91.76754752293579,188.02293577981652,9.16,22.863222222222223,7.80669218511605
182,2023-06-15,2023-06-15T08:30:00Z,0.027,10.021666666666668,75,4.327166666666667,7.479467022278563,8.097736305501751,19.251751461988302,9.333023809523809,23.1595303030303,12.069222222222221,1.3986831220291833,0.17215877914093963,0.2629119439471179,0.013459209929086436,7.479467022278563,75,0.2833333333333333,8.803333333333335,2.433333333333333,104.76666666666668,4.814777777777778,54.43222222222222,6.202719298245614,0.3688095238095238,70.45,3.2261904761904763,1.5693333333333332,4.5088333333333335,6.139333333333333,7.051666666666667,5.1899999999999995,6.639666666666667,NA,1.7321428571428572,0.6025730994152046,0.4453508771929825,NA,0.7390819099378882,-34.714285714285715,-91.175,40.49801977777778,-91.76720204444445,191.0408888888889,8.709583333333335,24.225291666666667,8.236685805644274
182,2023-07-12,2023-07-12T08:36:25Z,0.056,9.967666666666666,80,4.7785,6.554313164929516,6.971043009718257,23.987617647058823,10.215641025641027,26.462636752136753,12.066626016260162,2.379181081123761,0.36295506456273924,0.4582223104634341,0.02150514488695691,6.554313164929516,80,0.31666666666666665,9.8533333333333335,2.7333333333333334,116.86666666666666,5.2779791666666664,63.500625,7.879248366013072,0.6069230769230769,95.96895424836602,5.4653846153846155,4.332333333333334,4.91,6.474333333333333,7.425,6.337666666666666,6.185333333333333,NA,3.85823754789272,0.6164052287581699,0.9387254901960784,NA,1.5229031916021631,-1.8717948717948714,-81.5,40.49760747916667,-91.766979125,186.25,8.811250000000001,27.780375,8.530893187623658
182,2023-08-02,2023-08-02T09:20:59Z,0.051,10.484,180,5.1495,5.060348857311524,5.1914988402243365,27.72265060240964,11.915202127659574,27.589070588235295,11.997315789473685,3.193056606509117,6.670273916948582,0.6016036724208277,0.14911763113671755,5.060348857311524,180,0.34,10.27,3,121.9,4.740666666666667,57.77722222222222,8.26,1.5425531914893618,104.92048192771084,15.25,4.679,5.109500000000001,6.461,7.637,10.484,5.532,NA,5.885245901639344,0.7460240963855421,0.8504819277108434,NA,1.1400193798449614,-20.97659574468085,-116.7,40.49770027777778,-91.76670277777778,187.87944444444443,7.995,28.527,8.418791384726285
183,2023-05-31,2023-05-31T15:57:22Z,0.008,3.896,77,3.497,3.432738358574963,3.671933834435014,24.473537313432836,18.3266,24.337144927536233,18.47725,1.3551941891926162,1.4168174045438584,0.6554438343259983,0.03785034195719572,3.432738358574963,77,0.73,8.83,7.7,108.8,5.893246753246753,71.33116883116882,6.607462686567164,0.902,80.19850746268656,9.58,0.633,2.027,3.272,3.748,2.912,3.896,NA,0.24838012958963282,2.0649253731343284,0.24298507462686567,NA,0.11767256956993133,59.14,62.06,38.8458177922078,-93.77714584415585,222.2077922077922,8.774444444444445,26.176444444444446,8.181122549985842
183,2023-06-21,2023-06-21T14:59:34Z,0.039,4.376,102,2.738,4.180904139267859,4.344262762158327,25.373052631578947,17.612000000000002,27.888967213114753,20.334926829268294,1.716860645017391,0.6252822710010524,0.7564331385318784,0.04163853489750106,4.180904139267859,102,0.43,13.04,4.5,164.6,7.068529411764706,89.95196078431373,7.555789473684211,0.43,96.22526315789474,4.55,1.847,2.226,3.115,3.427,1.655,2.161,NA,0.5964285714285714,2.7830526315789474,1.1223157894736842,NA,0.40326789969363436,-131.39999999999998,-92.56666666666666,38.84573519607843,-93.77736009803921,223.5313725490196,11.849166666666667,29.496,9.05
183,2023-07-18,2023-07-18T15:49:34Z,0.083,3.857,90,2.8735,3.464458416511339,3.857,26.43611111111111,21.205,26.88123188405797,23.112000000000002,1.2801598779274173,1.1380441175194267,0.6024931643927908,0.035881666179679146,3.464458416511339,90,0.38,7.6,4.3,96.4,4.475888888888889,56.20666666666666,4.924074074074074,0.38,61.885185185185186,4.3,0.16,2.2830000000000004,2.561,2.979,0.224,0.364,NA,2.122448979591837,1.3922222222222222,2.4749382716049384,NA,1.7776891017114482,-148.6,-140.88333333333333,38.845722555555554,-93.77725266666667,223.3711111111111,7.576666666666667,27.593222222222224,8.940076749445561
183,2023-08-09,2023-08-09T16:33:35Z,0.059,3.703,80,3.425,3.5605610582301193,3.703,26.827736842105264,22.941,26.962835616438355,23.286,0.9914020849016651,0.6989339978577321,0.5156249260040873,0.022098889359083534,3.5605610582301193,80,0.77,10.6,8.9,136.9,6.3633750000000004,80.67,6.656052631578947,0.77,84.42236842105262,8.9,0.059,1.8295,2.852,3.412,1.17,1.399,NA,0.8477508650519031,2.045,1.506578947368421,NA,0.7367134216960495,-109.6,-59.7,38.845746875,-93.777172625,224.13,10.584999999999999,28.3632,8.91
184,2023-05-30,2023-05-30T10:10:57Z,0.097,8.383666666666667,87,3.597833333333333,6.007501136468187,6.317712452200899,20.273169491525422,10.823173333333333,23.473761904761904,13.124794871794872,1.474390612807042,0.2981718655875348,0.33917904433255747,0.019543537440215482,6.007501136468187,87,0.17,10.74,1.5,129.6,3.9690038314176244,46.390038314176245,5.741864406779661,0.22066666666666668,67.39661016949152,1.9986666666666666,0.915,2.5213333333333336,3.8876666666666666,4.603666666666666,4.1803333333333335,4.083,NA,3.4518900343642613,1.1231073446327684,0.8691525423728814,NA,0.7738819860153932,-62.903999999999996,-99.67083333333333,38.591244137931035,-92.80675061302682,262.13946360153255,10.680833333333332,25.033,8.687521503776606
184,2023-06-20,2023-06-20T10:02:11Z,0.043,8.369,166,3.9959999999999996,8.342126695811231,8.36585755710169,18.935257668711657,10.661,24.7091,13.275267441860466,1.219866293338555,1.0608047313104603,0.2906959161445073,0.034577171710188606,8.342126695811231,166,0.19,10.27,1.7,129.3,3.7176506024096385,45.28433734939759,3.7825766871165643,0.19,46.086503067484664,1.7,0.805,2.1654999999999998,3.609,4.091,3.335,3.305,NA,7.644736842105264,1.2161963190184049,1.943435582822086,NA,1.5979620661824052,-145,-139.80833333333334,38.59109891566265,-92.8067191566265,263.0156626506024,10.23857142857143,27.246714285714287,8.76
184,2023-07-17,2023-07-17T10:13:00Z,0.016,8.225,170,3.479,4.575781970421734,4.738294227138287,25.8041568627451,13.036046153846154,27.5241125,14.744744444444445,2.5353289613489096,0.9167373746798538,0.6045484963240845,0.0766428771182647,4.575781970421734,170,0.18,7.25,1.7,93.1,3.357705882352941,41.90588235294118,5.337352941176471,0.36738461538461537,67.3264705882353,3.5507692307692307,0.016,2.749,3.97,4.51,3.524,3.524,NA,5.3047337278106506,1.7290196078431372,2.530980392156863,NA,1.4638239963710593,-80.56461538461538,-109.21,38.591212588235294,-92.80682829411765,259.80117647058825,7.24,28.31230769230769,8.052328213855734
184,2023-08-08,2023-08-08T10:21:58Z,0.054,8.241666666666667,58,4.810833333333333,5.560383852823296,6.647732774563327,23.818037037037037,12.245690476190477,24.6715,13.534141025641025,2.126369189745674,0.31696160445305316,0.4558614292355012,0.016971106902479122,5.560383852823296,58,0.21666666666666667,8.8,2,109.53333333333332,3.2702873563218393,39.77298850574713,5.066481481481482,0.2785714285714286,62.15185185185185,2.6023809523809525,0.11033333333333334,2.6820000000000004,3.7476666666666665,4.418333333333333,2.7616666666666667,4.113,NA,0.742960944595822,3.3912037037037037,1.844537037037037,NA,0.5439180887372014,-113.72380952380952,-125.1,38.59102959770115,-92.80656293103448,262.64137931034486,8.795,26.504916666666666,8.340044624453808
185,2023-05-23,2023-05-23T10:47:11Z,0.02,6.342,130,4.298,5.1035762474472355,5.294577580100407,19.872721153846154,13.551954545454546,20.561157303370788,14.415658536585365,1.0743634082059543,0.27019925481800466,0.3289034713145039,0.01875810890843493,5.1035762474472355,130,0.36,11.08,3.5,127.2,5.987846153846154,66.89846153846153,7.345576923076923,0.5195454545454545,82.27884615384616,5.004545454545455,0.151,2.6405000000000003,4.28,4.874,0.661,1.495,NA,0.6538461538461537,1.2597115384615385,0.7653846153846154,NA,0.6075872070834287,20.85909090909091,-8.233333333333333,40.398369307692306,-94.08660715384615,287.7476923076923,11.007142857142856,22.476285714285716,8.51
185,2023-06-14,2023-06-14T10:26:48Z,0.003,5.887,128,3.2695,5.411318108137107,5.777927504024829,21.67120338983051,14.912,23.362361111111113,18.363482142857144,1.2673840507826526,0.4958332517934653,0.4053288175037172,0.032931509757524284,5.411318108137107,128,0.31,7.96,3.1,94,4.981796875,58.14921875,5.375593220338983,0.31666666666666665,62.79237288135593,3.1333333333333333,0.003,3.1775,3.822,4.264,3.13,2.972,NA,0.224,2.144491525423729,0.6055084745762712,NA,0.2823552657577554,-129.23333333333332,-120.60909090909091,40.39829625,-94.087178828125,293.41328125,7.95625,23.665625000000002,8.163777034708602
185,2023-07-11,2023-07-11T10:13:33Z,0.076,6.152,127,4.87,6.036698126811533,6.105499304435835,23.725276422764228,16.73466666666667,24.98668,18.028407407407407,1.4557411385559362,1.3355549324550007,0.4680236827989663,0.035958100894245296,6.036698126811533,127,0.25,8.8,2.6,108.8,4.285354330708661,52.22204724409449,4.414959349593496,0.2866666666666667,53.81951219512195,2.966666666666667,0.344,0.7735000000000001,3.797,4.364,0.479,6.152,NA,0.4413793103448276,2.1646341463414633,1.1229268292682928,NA,0.5187605633802818,-138.26666666666668,-119.25,40.39857433070866,-94.08688543307086,291.67165354330706,8.794444444444444,26.121444444444446,8.43669218511605
185,2023-08-01,2023-08-01T09:16:06Z,0.003,6.215,114,3.811,6.093924306476801,6.159294457049723,25.622763636363636,19.5515,27.18850684931507,22.247341463414635,1.4114194675665885,0.7323240722569617,0.44947015342330837,0.024566542134074713,6.093924306476801,114,0.26,4.4,2.8,55.4,2.825263157894737,35.40438596491228,2.9176363636363636,0.27,36.57818181818182,2.95,2.732,2.9699999999999998,3.789,4.381,6.215,6.215,NA,0.5894039735099337,2.659,0.9733636363636363,NA,0.3660637970528907,-118.15,-112.36666666666667,40.39834657894737,-94.08674026315789,292.30877192982456,4.345555555555555,27.245555555555555,7.662293110248064
186,2023-06-06,2023-06-06T12:58:00Z,0.067,4.685,111,4.3175,4.398306741155561,4.6056297454313135,23.800950980392155,17.639499999999998,23.90182,18.219545454545454,1.3152142348045572,1.0006340845331867,0.5376645138332432,0.035568701626185556,4.398306741155561,111,0.4,12.51,4.2,157.6,5.3609009009009005,65.7072072072072,5.79764705882353,0.4,71.11960784313726,4.2,0.083,0.892,2.785,3.164,1.872,0.563,NA,0.9118541033434651,2.388235294117647,1.6981372549019609,NA,0.7110426929392447,-111.65,-81.72142857142858,37.73094945945946,-90.63393774774775,311.7477477477477,12.476666666666667,26.97688888888889,9.119102441106673
186,2023-06-27,2023-06-27T12:14:51Z,0.1185,4.853666666666666,93,3.8994999999999997,4.4628540335656846,4.853666666666666,25.764481927710843,18.509666666666668,26.784927536231883,20.040097222222222,1.6528299572104288,0.4977217942536697,0.6303123199604033,0.044220244555272396,4.4628540335656846,93,0.18,13.133333333333333,2,169.66666666666666,4.251899641577061,53.66290322580645,4.74136546184739,0.18,59.878915662650606,2,0.21333333333333332,1.9224999999999999,2.892,3.3636666666666666,0.1185,0.1185,NA,0.7141959798994975,6.32285140562249,6.233775100401607,NA,0.9859120040142532,-406.06666666666666,-404.11538461538464,37.73060867383513,-90.63424415770609,313.3021505376344,13.026666666666667,28.393583333333332,9.246785194609938
186,2023-07-25,2023-07-25T11:46:44Z,0.07,4.82,107,2.368,4.464084704923348,4.662179244734492,28.02941836734694,24.994,29.24807547169811,26.354407407407408,0.8208061302649412,0.5512042631709047,0.3271385677384357,0.028500439031332807,4.464084704923348,107,0.4,13.86,4.8,182.7,7.759532710280374,100.80560747663552,8.42908163265306,0.43333333333333335,109.54081632653062,5.266666666666667,0.116,2.49,3.2,3.635,4.82,4.82,NA,0.46108567691301505,10.671530612244897,3.864795918367347,NA,0.36215947447433094,-202.26666666666668,-177.1909090909091,37.73083953271028,-90.6341163551402,310.82990654205605,13.850999999999999,29.7347,9.15605029696235
186,2023-08-15,2023-08-15T12:04:17Z,0.081,4.707,80,3.4795,4.127486518798065,4.256867416709584,25.926142857142857,24.616142857142858,26.094383333333333,24.77425,0.3390933051053935,0.26017965000827775,0.14022605425963175,0.010502056401262021,4.127486518798065,80,0.66,6.62,8,82,4.5795,56.5175,5.112571428571429,0.7714285714285715,63.135714285714286,9.27142857142857,0.161,2.5759999999999996,3.713,4.24,1.883,0.212,NA,0.5279898218829516,6.826428571428571,3.233285714285714,NA,0.47364235638798785,114.32857142857142,119.55555555555556,37.730792375,-90.63398825,318.7025,6.607777777777778,26.30022222222222,7.70669218511605
197,2023-06-05,2023-06-05T14:10:20Z,0.074,7.145,103,2.2794999999999996,2.55202975754269,4.467530651901656,25.8896,12.401263157894737,26.27927027027027,14.382560606060606,2.6359724985070443,0.615924143133852,0.5818602148471043,0.04386561199327637,2.55202975754269,103,0.97,12.42,8.9,143.9,6.2053398058252425,72.32815533980583,11.15075,1.6063157894736841,137.2525,15.131578947368421,2.227,2.4684999999999997,5.228,7.092,7.072,7.072,NA,3.151408450704225,0.61325,0.62925,NA,1.0260905014268242,-188.27894736842106,-179.82222222222222,38.70941941747573,-90.69099242718447,171.68155339805824,11.081428571428571,27.113285714285713,9.512880715674529
197,2023-06-26,2023-06-26T13:28:26Z,0.08,6.472,68,4.336333333333333,5.945294850818022,6.022339822540172,21.684011299435028,11.988809523809524,24.00495652173913,12.883545454545455,1.655851865134423,2.1869987531170643,0.5056773536551228,0.04047531242961625,5.945294850818022,68,0.30333333333333334,9.883333333333333,2.8,121.16666666666669,5.139509803921569,62.47990196078431,5.865141242937853,0.38285714285714284,71.46949152542373,3.5476190476190474,1.6463333333333334,2.7984999999999998,3.7976666666666663,4.3486666666666665,3.0466666666666664,3.0466666666666664,NA,1.5838150289017339,1.8019774011299434,1.8073446327683615,NA,1.002978523279511,-124.57142857142857,-124.5962962962963,38.709224166666665,-90.69042446078431,173.40686274509804,9.093333333333334,28.33211111111111,9.320076749445562
197,2023-07-24,2023-07-24T13:33:15Z,0.038,6.608,126,3.391,6.59164159995508,6.595665909393077,22.277591666666666,12.348749999999999,27.736859375,15.67841935483871,1.7486339266716868,4.02371208754918,0.5289254379103503,0.12089199870740643,6.59164159995508,126,0.3,11.88,2.8,154,4.9684920634920635,63.14126984126984,5.201,0.3075,66.15,2.875,0.038,2.1785,3.257,4.042,2.861,3.045,NA,4.191740412979351,1.3754166666666667,3.25625,NA,2.3674644047258404,-78.575,-71.42777777777778,38.70936801587302,-90.69046571428572,169.9063492063492,11.5975,30.169125,9.576419436472351
197,2023-08-14,2023-08-14T13:41:05Z,0.018,6.387,110,3.8195,5.896387530737191,6.270190971700945,24.002128712871286,13.193,26.693885714285713,16.93025,2.0551231769853757,0.344662618811506,0.6079523520927618,0.033034873688676976,5.896387530737191,110,0.3,9.54,2.9,121,4.280818181818182,53.667272727272724,4.633366336633664,0.31,58.17128712871287,2.966666666666667,1.159,1.682,3.158,3.605,2.623,1.159,NA,2.908629441624366,0.9779207920792079,2.6344554455445546,NA,2.693935405487496,-78,-76.43,38.70938672727273,-90.69060909090909,173.6809090909091,9.44,27.869555555555554,9.284523538608282
211,2023-05-22,2023-05-22T11:22:59Z,0.031,6.895,140,3.1955,6.319110101270491,6.583887124870811,18.619837209302325,12.194571428571429,21.63791304347826,14.715943661971831,0.9954637851498092,0.2770448521153457,0.2780711694983028,0.03664407010637721,6.319110101270491,140,0.57,8.59,5.3,99.3,5.679928571428571,62.619285714285716,6.107829457364341,0.6157142857142857,67.43023255813954,5.742857142857143,0.065,3.001,5.261,6.11,5.076,5.2,NA,0.6963562753036436,0.8897674418604651,0.22186046511627908,NA,0.2493465760585468,31.3,35.15555555555556,39.763059642857144,-94.2580645,281.83,8.58,22.519636363636362,8.03
211,2023-06-13,2023-06-13T11:14:13Z,0.014,7.116,132,4.5645,6.86580579937035,6.9756303162375275,20.293190476190475,11.93625,23.38021686746988,14.051857142857143,1.3606206169406505,0.3767085742675625,0.3765994077947966,0.03538277187138343,6.86580579937035,132,0.25,6.25,2.3,74.5,3.3732575757575756,39.41439393939394,3.5215079365079367,0.255,41.17619047619048,2.3499999999999996,0.014,2.658,4.406,5.101,4.51,4.258,NA,4.708520179372197,1.0282539682539682,0.7933333333333333,NA,0.7715344242050016,5.275,5.3,39.762992045454546,-94.25797386363637,281.75151515151515,6.247777777777777,24.115,7.81
211,2023-07-10,2023-07-10T11:30:21Z,0.09233333333333334,7.45,59,4.8405000000000005,4.418953589106093,6.873541378318597,26.379729166666667,12.43425,26.251638888888888,15.326565217391304,2.7628905835995283,0.9849213608710005,0.5579011751723189,0.033277514269876754,4.418953589106093,59,0.26,8.123333333333333,2.433333333333333,102.8,3.9406214689265537,48.58870056497175,6.567083333333334,0.29000000000000004,81.79166666666667,2.7125,0.09233333333333334,3.4178333333333333,4.779333333333334,5.319,7.348,4.779333333333334,NA,1.3189143341815097,1.6669791666666667,0.49604166666666666,NA,0.2975692057739174,-86.325,-89.07619047619048,39.762844689265535,-94.2581159322034,287.10564971751415,8.12,27.395555555555557,8.24669218511605
211,2023-07-31,2023-07-31T11:23:06Z,0.016,7.632666666666666,57,5.5595,7.071587343892604,7.410333347021271,25.74537908496732,13.611333333333333,27.773809523809522,15.29048888888889,2.444781023780024,0.3175348336778578,0.6133871435469904,0.026876183283382562,7.071587343892604,57,0.31666666666666665,6.22,3.066666666666667,80.1,4.007309941520468,51.06198830409357,4.436274509803922,0.33222222222222225,56.65686274509804,3.2111111111111112,2.3836666666666666,3.522166666666667,4.990333333333333,5.660333333333334,7.632666666666666,4.804666666666667,NA,0.7805456702253857,1.9283660130718954,0.6235294117647059,NA,0.32334598698481565,-116.1,-111.75333333333333,39.762825438596494,-94.25825619883041,286.19883040935673,6.113333333333333,28.425866666666668,7.817350670910107
213,2023-05-22,2023-05-22T13:06:43Z,0.001,4.018,91,0.384,3.7665281431198427,3.7974937944432465,22.49070588235294,21.877333333333333,22.8595,22.410819277108434,0.1403042370931189,NA,0.069303742819977,0.0030567170519621243,3.7665281431198427,91,8.4,9.68,95.9,112.6,9.294725274725275,107.35934065934066,9.354705882352942,8.445,108.13176470588235,96.41666666666667,0.309,3.9815,NA,NA,0.631,0.8,NA,0.3652694610778443,2.926941176470588,0.8456470588235294,NA,0.2889183648860485,128.18333333333334,128.1090909090909,39.77402,-94.27188505494506,269.9153846153846,9.665,22.829166666666666,8.27
213,2023-06-13,2023-06-13T12:08:55Z,0.007,3.708,71,0.724,NA,NA,NA,NA,25.175615384615384,24.557224137931033,NA,NA,NA,0.0044230890924421345,3.708,71,5.24,5.62,62.9,68.4,5.454225352112676,65.67605633802818,NA,NA,NA,NA,0.055,3.3635,NA,NA,2.402,2.476,NA,0.2110091743119266,NA,NA,NA,NA,NA,7.2,39.77388507042254,-94.27173154929578,275.256338028169,5.605555555555556,25.215222222222224,7.79
213,2023-07-10,2023-07-10T13:03:46Z,0.122,3.775,86,0.8725,3.532081361018425,3.634478216535309,27.083493670886075,26.46475,28.0212,26.825042253521126,0.16885152851330076,0.19841745067949984,0.0870953037850915,0.008652502740154519,3.532081361018425,86,2.25,12.91,28,164.8,10.136744186046512,127.63023255813954,10.410253164556963,6.22,131.16582278481013,77.375,0.694,3.6975,NA,NA,0.626,0.626,NA,0.5268414481897628,6.2958227848101265,3.4768354430379746,NA,0.5522448076884412,143.725,141.87142857142857,39.77385430232558,-94.2719126744186,275.9651162790698,12.745000000000001,28.119,8.74630596158919
213,2023-07-31,2023-07-31T12:59:18Z,0.017,4.017,72,NA,NA,NA,NA,NA,NA,NA,NA,NA,NA,3.9402344442091686e-4,4.017,72,4.3,4.64,55.6,60,4.4695833333333335,57.825,NA,NA,NA,NA,0.017,1.2235,NA,NA,2.06,0.238,NA,0.3551020408163265,NA,NA,NA,NA,NA,67.85454545454546,39.773534444444444,-94.27176958333334,275.81666666666666,4.619090909090909,28.661,7.68
213,2023-08-07,2023-08-07T11:58:54Z,0.082,4.327,61,NA,NA,NA,NA,NA,NA,NA,NA,NA,NA,0.0016560456061022288,4.327,61,6.31,7.62,77.9,94.3,6.952295081967213,86.00491803278689,NA,NA,NA,NA,0.082,0.098,NA,NA,1.057,0.364,NA,0.3051643192488263,NA,NA,NA,NA,NA,172.75714285714287,39.77322262295082,-94.27127901639345,275.7672131147541,7.423333333333334,26.235166666666665,7.781720966793898
219,2023-05-17,2023-05-17T11:56:24Z,0.063,3.494,71,2.5810000000000004,3.211528178961993,3.4154414251510765,19.978876923076925,15.270499999999998,20.943117647058823,16.15175,0.8493812021623626,0.372475313189761,0.459384061017494,0.028878968905921072,3.211528178961993,71,2.29,6.78,22.9,77.1,5.38830985915493,59.58450704225352,5.652923076923077,2.3449999999999998,62.752307692307696,23.45,0.605,2.068,NA,NA,3.494,3.494,NA,0.25,0.5563076923076923,0.09984615384615385,NA,0.17948008849557523,83.25,81.42727272727272,38.99415028169014,-92.48877633802817,230.23521126760562,6.671111111111111,21.96077777777778,8.25340975629221
219,2023-06-13,2023-06-13T09:51:42Z,0.235,3.273,55,2.8514999999999997,3.184391408901639,3.273,21.56830769230769,17.883,21.89123404255319,18.344,0.7490653213171754,0.9508586749226648,0.44565885707260655,0.01987014879384873,3.184391408901639,55,1.25,7.6,13.2,87.6,5.818545454545455,66.54181818181819,6.073076923076923,1.25,69.52307692307693,13.2,0.235,2.0460000000000003,2.977,NA,2.722,0.336,NA,1.4105263157894739,0.6059615384615384,0.7267307692307693,NA,1.19930180894954,-94.7,-16.766666666666666,38.99384872727273,-92.48926981818182,235.54909090909092,7.595714285714285,22.386857142857142,8.68
219,2023-07-13,2023-07-13T14:20:45Z,0.108,3.116,33,1.667,1.2882284496394316,3.050969457420284,28.9705,20.393,28.5874375,22.976470588235294,2.167450194648268,1.0326532354539144,0.8885284917528982,0.039946267234678236,1.2882284496394316,33,2.23,12.73,24.8,167.9,8.049696969696969,101.83333333333333,12.559166666666666,2.295,163.50833333333333,25.450000000000003,0.237,1.283,NA,NA,0.237,0.35,NA,3.0416666666666665,2.4491666666666667,7.871666666666666,NA,3.214018373596461,-161.6,-158.11666666666667,38.99386454545454,-92.48895030303031,235.55757575757576,12.7125,29.8105,9.757521503776607
219,2023-08-03,2023-08-03T16:06:41Z,0.286,3.07,33,2.898,1.60070911770577,3.0405248831173095,27.064642857142857,23.3,26.27844827586207,23.37175,0.970959244295841,0.5732139092322208,0.4305981861798902,0.024978703288658113,1.60070911770577,33,1.29,7.93,15.2,100,4.683333333333334,58.39090909090909,7.412142857142857,1.29,93.24285714285715,15.2,0.532,1.234,2.729,NA,0.364,0.532,NA,4.38785046728972,1.8985714285714286,8.338571428571429,NA,4.392024078254327,-124.3,-97.61111111111111,38.994008484848486,-92.48926727272728,233.16060606060606,7.91,27.281,8.65
228,2023-05-23,2023-05-23T14:59:38Z,0.082,3.517,85,3.2195,3.1353165961811755,3.2693907012682657,22.14407894736842,17.532,22.062294871794872,17.528,0.942586675562211,4.113475692225885,0.5163339052740082,0.04870482618425272,3.1353165961811755,85,0.96,10.7,10,128,7.02364705882353,81.26470588235294,7.690131578947368,1.26,89.14078947368421,13.2,0.082,1.9135,3.048,3.517,0.654,2.368,NA,0.5814606741573033,2.1519736842105264,1.503157894736842,NA,0.6985019871598899,-3.1333333333333333,34.646153846153844,39.99824188235294,-93.842832,247.94117647058823,10.62,24.311,8.45
228,2023-06-14,2023-06-14T14:14:03Z,0.028,3.53,75,0.583,3.3914245814448707,3.53,24.227774647887323,20.857,27.585461538461537,23.320629032258065,0.7828334126518257,0.9240936193837115,0.42677787606184486,0.03983453472618553,3.3914245814448707,75,1.87,15.63,21,196.2,10.2252,123.508,10.683943661971831,1.87,129.143661971831,21,0.028,1.15,3.498,NA,0.565,1.289,NA,1.842105263157895,2.7846478873239437,5.649718309859155,NA,2.028880683829852,-14.1,2.74,39.998306533333334,-93.8427036,251.08933333333334,15.13090909090909,27.871181818181817,8.98482543310388
228,2023-07-11,2023-07-11T14:17:38Z,0.099,3.475,85,0.619,3.204042321197628,3.475,26.096848101265824,21.7,28.79976923076923,25.28901388888889,1.079610443859906,0.9353251172827772,0.5764135830840835,0.033183001818675756,3.204042321197628,85,0.33,13.12,3.7,170.5,5.708470588235294,72.26588235294118,6.111645569620253,0.33,77.40506329113924,3.7,0.262,0.647,2.166,2.444,0.322,2.078,NA,2.494172494172494,2.8043037974683545,8.67367088607595,NA,3.092985465378713,-132.8,-127.71666666666667,39.99833482352941,-93.84269105882353,248.0894117647059,13.052,28.9869,9.239056454574895
228,2023-08-01,2023-08-01T13:12:25Z,0.019,3.339,87,2.7095000000000002,2.6598806505382573,3.3197857744737616,26.97249295774648,23.443,26.956666666666667,24.419133333333335,0.9112068043033332,0.9978466801643335,0.45572814361075575,0.024024181325014004,2.6598806505382573,87,0.66,8.78,7.8,112.7,5.073103448275862,63.755172413793105,5.859014084507042,0.66,73.80140845070423,7.8,0.126,0.723,2.896,3.223,0.46,0.46,NA,4.253644314868804,2.690281690140845,12.524929577464789,NA,4.655620124600806,-98.9,-82.74545454545455,39.99823620689655,-93.84270149425286,251.8448275862069,8.711538461538462,28.09823076923077,8.549238891204807
274,2023-05-18,2023-05-18T10:32:29Z,0.042,29.028666666666663,264,3.243333333333333,9.445615320771783,9.75734223950136,18.35230588235294,7.224126177024482,22.328009803921567,9.12632463768116,1.3599686576962995,0.17487374059838018,0.09270282307141267,0.009640902589223966,9.445615320771783,264,3.18,11.11,26,117,7.66354797979798,71.23371212121212,10.063411764705883,6.482900188323917,106.88470588235295,53.9045197740113,4.191666666666666,5.041166666666666,NA,NA,9.777666666666669,20.073333333333338,NA,0.8880597014925373,0.21905882352941178,-0.10627450980392157,NA,-0.485141424991049,180.75461393596987,190.3111111111111,38.750325492424246,-91.08166992424242,208.60151515151514,9.305833333333334,22.712083333333332,8.55
274,2023-06-12,2023-06-12T15:32:15Z,0.267,24.699333333333332,119,5.273666666666667,4.472807794024559,9.2783525004241,24.652115942028985,7.642126126126127,24.45735802469136,9.233916666666667,2.7335101490945135,0.4900388111810276,0.18529208257789917,0.020772059069409165,4.472807794024559,119,3.486666666666667,10.023333333333332,28.633333333333333,106.83333333333331,6.852338935574229,67.29159663865546,8.749202898550724,5.519594594594595,105.28115942028985,46.53333333333333,5.5200000000000005,7.726333333333333,NA,NA,5.365666666666667,1.135,NA,0.3,0.1081159420289855,0.05347826086956522,NA,0.4946380697050939,160.35405405405405,167.85555555555555,38.74993142857143,-91.08166540616247,206.25476190476192,8.6425,24.85366666666667,8.4
274,2023-07-20,2023-07-20T15:36:00Z,0.08866666666666667,24.063,307,4.795166666666667,9.923702222765497,10.195676591157408,21.738119047619048,7.829488562091504,28.650896551724138,10.618523980815347,2.027219779537745,0.38649335569514265,0.16660956768221216,0.023594023667562622,9.923702222765497,307,0.31333333333333335,8.136666666666667,2.566666666666667,105.46666666666668,3.930673181324647,40.842779587405,7.687891156462585,2.0770915032679738,88.2795918367347,17.737254901960785,2.4203333333333332,8.747666666666667,15.079,19.138,7.117999999999999,0.259,NA,0.2775330396475771,0.3722448979591837,0.10017006802721089,NA,0.2690972222222222,85.50898692810458,75.61818181818182,38.74990884907709,-91.08148845819761,207.44115092290988,7.926666666666667,29.25111111111111,8.28
274,2023-08-17,2023-08-17T12:50:51Z,0.093,19.829,114,7.202,9.993991518213207,10.665521055843131,24.74675806451613,8.158551020408163,26.48508163265306,10.361861538461538,2.727077406840067,0.4041739634359897,0.26604946002339663,0.028496245569772153,9.993991518213207,114,0.85,8.26,7,103.5,5.411666666666667,61.74298245614035,7.8143548387096775,2.3657142857142857,94.93709677419355,20.355102040816327,0.905,7.0225,16.408,19.014,8.181,7.281,NA,0.1754385964912281,0.47516129032258064,0.07580645161290323,NA,0.15953835709436523,176.0857142857143,181.83333333333334,38.75028526315789,-91.08107149122807,211.45263157894738,8.21,26.918,8.308018335884988
276,2023-05-18,2023-05-18T13:30:28Z,0.06,4.615,107,2.9335,4.0255989450662,4.304102701413903,17.432967741935485,9.74675,18.582220588235295,12.80474358974359,1.022082706945639,0.5188404809678098,0.4177304270461935,0.04184108113206647,4.0255989450662,107,0.28,3.75,2.4,41.8,2.3345794392523365,24.771962616822428,2.6348387096774193,0.30625,28.048387096774192,2.6625,0.06,1.644,2.941,3.426,0.704,2.995,NA,0.24058577405857737,1.959247311827957,0.7325806451612903,NA,0.3739092256187915,-17.05,-8.241666666666667,38.75542373831776,-92.20604822429907,213.46355140186915,3.74,20.365363636363636,7.32
276,2023-06-12,2023-06-12T09:55:22Z,0.035,4.765,81,2.346,1.7928818778847089,4.765,22.560862068965516,10.246,22.134641025641027,13.959880952380953,2.0346077411079477,0.6490884805598816,0.5259342584656561,0.03489566238140704,1.7928818778847089,81,0.41,6.72,3.7,78.2,3.4298765432098763,38.69506172839506,6.512758620689655,0.41,75.37586206896552,3.7,0.035,1.8980000000000001,2.633,3.221,1.181,2.04,NA,0.21157822191592005,10.911034482758621,1.1482758620689655,NA,0.10523987105745528,-102.1,-98.92857142857143,38.755626913580244,-92.20640777777778,203.20493827160493,6.715,22.83566666666667,7.638387764365845
276,2023-07-20,2023-07-20T09:49:36Z,0.06733333333333333,4.994,85,2.3853333333333335,3.9710327953190694,4.864920360983761,22.43051794871795,11.930666666666667,26.858551724137932,16.69217857142857,1.8322503743086145,0.3835755148324869,0.6223795389685807,0.03762555220637992,3.9710327953190694,85,0.05,6.966666666666667,0.5,88.86666666666666,1.132156862745098,14.105098039215687,1.455025641025641,0.055,18.204615384615384,0.5,0.06733333333333333,0.9461666666666666,1.507,1.8653333333333333,2.0426666666666664,2.0426666666666664,NA,0.3926261319534282,6.596717948717949,2.2392307692307694,NA,0.3394461892471781,-136.44166666666666,-131.45757575757577,38.755847411764705,-92.20645039215687,214.7407843137255,6.946666666666667,27.893666666666665,7.441250045539787
276,2023-08-10,2023-08-10T11:36:23Z,0.038,5.107,76,0.29400000000000004,4.693404849266971,5.107,23.1841884057971,20.374,25.4815,22.840569444444444,0.6311360692386643,0.5615903915197057,0.22864783669378888,0.011080444368649807,4.693404849266971,76,0.31,7.87,3.4,96.5,2.7742105263157897,33.017105263157895,3.0211594202898553,0.31,35.97971014492754,3.4,0.038,0.8140000000000001,2.455,2.919,0.179,0.262,NA,0.17496229260935142,2.511014492753623,0.36666666666666664,NA,0.14602331755742815,82.7,107.05555555555556,38.755686973684206,-92.20646197368421,210.75526315789475,7.732857142857143,25.190571428571428,7.525742449135815
411,2023-06-15,2023-06-15T09:31:44Z,0.172,7.294,108,3.4385,4.918998643033091,5.110919672875918,21.35524285714286,10.283742857142856,23.965083333333332,12.356166666666667,1.7581394315002399,0.36675103389988095,0.4697189362514966,0.06705873184701854,4.918998643033091,108,0.51,12.5,4.5,151.7,5.176666666666667,60.40648148148148,7.58,0.718,89.52285714285715,6.451428571428571,0.217,1.927,4.193,5.202,0.697,3.188,NA,1.4346895074946466,2.1982857142857144,1.511,NA,0.687353782167923,-74.35428571428571,-97.25,38.89537444444444,-92.35323361111111,208.80370370370372,12.481666666666667,25.0875,8.61669218511605
411,2023-07-13,2023-07-13T11:19:48Z,0.028,7.087,74,2.5244999999999997,4.971271511881956,5.713727396215814,24.101881355932203,10.5997,27.390939393939394,16.78441463414634,2.3715917753247595,0.5084661078352827,0.6058126670258487,0.027760388439667702,4.971271511881956,74,0.45,10.66,4,137.3,3.4077027027027027,42.52972972972973,4.1418644067796615,0.494,52.12542372881356,4.45,0.05,0.611,2.536,3.452,2.254,2.423,NA,0.6512,2.9133898305084744,1.501864406779661,NA,0.5155041014602362,-94.74,-95.7,38.89541121621622,-92.35314918918918,205.96216216216217,10.626666666666667,28.414666666666665,9.165182267008042
411,2023-07-27,2023-07-27T10:50:07Z,0.014,6.500666666666667,86,2.841166666666667,5.330510410829568,5.49491149971737,20.29460476190476,10.459410256410257,25.97030303030303,13.827119496855346,1.5139306522462448,0.3710523449997287,0.4542881506297008,0.024791038459120306,5.330510410829568,86,0.05,8.25,0.43333333333333335,106.5,1.11515503875969,14.027906976744186,1.3563809523809525,0.057435897435897436,17.11285714285714,0.5128205128205128,0.014,1.582,1.4803333333333333,1.5803333333333334,1.653,1.653,NA,0.4082474226804123,2.4783809523809524,1.1828095238095238,NA,0.4772508934404181,-154.5974358974359,-152.52916666666667,38.895817906976745,-92.3529141860465,202.48372093023255,7.901666666666666,28.43425,8.877569456131985
411,2023-08-17,2023-08-17T08:58:00Z,0.089,7.025,72,5.1105,3.376829890757036,5.488253163350549,25.47530769230769,12.031733333333333,23.63127777777778,12.405555555555555,2.570236312509337,0.8972207675800945,0.5626351222626172,0.04981002949561563,3.376829890757036,72,0.53,8.37,4.8,102.9,3.7084722222222224,44.65416666666667,6.078205128205128,0.6273333333333333,74.49230769230769,5.86,0.292,1.8305,3.369,4.689,0.292,3.272,NA,0.3840924541128484,8.160769230769231,2.1361538461538463,NA,0.2617588839664436,-65.12666666666667,-67.78,38.89545527777778,-92.35318277777777,208.79166666666666,8.364285714285714,25.823285714285714,8.754412398190063
438,2023-04-11,2023-04-11T11:23:06Z,0.245,3.506,47,2.4655,2.9613455133505395,3.3557409371237443,16.671372093023255,11.623,17.077605263157896,13.105888888888888,0.7075962313746231,0.8582938705143065,0.3628330743399865,0.04249309385391689,2.9613455133505395,47,7.36,10.88,68.1,115.6,10.192340425531915,104.56382978723404,10.446046511627907,7.37,107.70697674418605,68.1,0.245,2.4655,NA,NA,1.652,2.471,NA,0.1227364185110664,3.633953488372093,0.4848837209302326,NA,0.13343146038653528,138.4,135.03333333333333,38.901537021276596,-92.34264,217.53191489361703,10.83,18.4455,8.11
438,2023-05-18,2023-05-18T11:09:53Z,0.144,3.413,49,2.161,3.2650857132392903,3.3895823577400064,21.679088888888888,15.3415,22.99830303030303,17.3946875,1.2038108121822688,1.2642044950487645,0.6806003980547524,0.050024229483429876,3.2650857132392903,49,3.67,10.45,36.7,122.6,9.064489795918368,103.25510204081633,9.443555555555555,4.215,108.16222222222223,42,0.765,3.1595,NA,NA,3.401,3.401,NA,0.6653992395437263,0.5791111111111111,0.15911111111111112,NA,0.2747505755947813,87.05000000000001,84.95714285714286,38.901610612244895,-92.34258632653061,221.3795918367347,10.051666666666666,23.734666666666666,8.861915637194649
438,2023-06-13,2023-06-13T12:44:57Z,0.02,2.342,40,2.3185000000000002,2.00967887217295,2.342,24.155685714285713,23.124,24.082564102564103,23.124,0.2508706898562423,0.3502871266595033,0.18761448447298526,0.006945364072751583,2.00967887217295,40,5.96,8.3,69.8,99.5,7.853,93.4975,8.024000000000001,5.96,95.67428571428572,69.8,0.02,2.3185000000000002,NA,NA,2.342,2.342,NA,0.1592039800995025,1.5714285714285714,0.06657142857142857,NA,0.04236363636363637,76.6,75.24285714285713,38.9016885,-92.34261875,224.0225,8.201,24.3383,8.284027672897047
438,2023-07-13,2023-07-13T09:35:05Z,0.19,3.243,45,3.021,1.9572762415273626,3.2157196011507296,28.000307692307693,23.912,27.53975,24.1656,1.08416555356564,0.8145025743532402,0.4816968545201695,0.04342313603190802,1.9572762415273626,45,1.57,8.22,18.6,105.3,6.036666666666667,76.70444444444445,7.763461538461539,1.57,99.25,18.6,0.259,2.2305,3.075,NA,2.742,3.243,NA,2.8553113553113554,2.516153846153846,1.0415384615384615,NA,0.41394069092020785,-23.4,42.955555555555556,38.90159488888889,-92.34251177777779,221.76888888888888,8.216000000000001,28.1348,8.720046051294917
438,2023-08-10,2023-08-10T10:08:37Z,0.049,3.688,53,3.3485,2.445157230549399,3.6219414749058445,26.816594594594594,22.7825,26.462170212765958,23.053166666666666,1.0256854930223653,0.7164599213863693,0.42167769072687894,0.01836505824288574,2.445157230549399,53,0.9,7.78,10.4,97.7,5.489811320754717,68.467924528301893,6.8667567567567565,0.9850000000000001,85.98108108108109,11.45,0.317,1.0225,3.247,3.688,2.546,2.546,NA,0.6985433818872704,1.8683783783783783,1.927027027027027,NA,1.031390134529148,-60.7,-39.3625,38.901473396226415,-92.34235981132075,223.05094339622642,7.735,27.190625,7.666276931160881
438,2023-10-18,2023-10-18T09:29:47Z,0.173,2.778,60,NA,NA,NA,NA,NA,NA,NA,NA,NA,NA,7.90587704742946e-4,2.778,60,8.14,8.67,82.3,87.9,8.5215,86.27,NA,NA,NA,NA,0.173,2.731,NA,NA,2.674,2.778,NA,0.7635135135135135,NA,NA,NA,NA,NA,273.6461538461539,38.90165966666667,-92.3422185,224.45166666666665,8.615,15.973166666666666,7.838697676843324
440,2023-05-12,2023-05-12T12:57:01Z,0.04866666666666666,4.286333333333333,84,1.2496666666666667,2.7928010969476462,3.251324440815253,18.202255555555556,8.637520833333333,22.612111111111112,12.29711111111111,1.2479696483748057,0.3702750485365219,0.5260304929214431,0.03113585377301126,2.7928010969476462,84,0.13,7.413333333333333,1.1,88.16666666666667,4.0917063492063495,44.486507936507934,5.608666666666666,0.20604166666666668,61.23222222222222,1.7666666666666666,0.122,1.8028333333333333,2.345,2.6976666666666667,2.054333333333333,2.2556666666666665,NA,0.5477366255144033,2.776222222222222,0.8343333333333334,NA,0.3005282958456736,-30.16875,-38.648148148148145,38.89369559523809,-91.73746130952381,239.21547619047618,7.2987179487179485,23.752,7.385618475974544
440,2023-06-02,2023-06-02T10:35:45Z,0.131,3.84,76,1.888,3.2994313513040323,3.530327874592201,19.783444444444445,9.665142857142857,24.33903125,13.566454545454546,1.4787129367857688,0.3127375935209873,0.7264802376216499,0.06379949370770335,3.2994313513040323,76,0.64,8.68,5.6,104.6,4.809605263157895,55.15657894736842,5.637777777777778,0.7057142857142857,65.07777777777778,6.228571428571429,0.131,1.888,2.821,3.288,2.676,2.73,NA,1.0112834978843441,3.146984126984127,1.5277777777777777,NA,0.4854736204983355,-44.82857142857143,-40.78181818181818,38.89376328947368,-91.73736157894737,242.10657894736843,8.318333333333333,26.674,7.16168273877663
440,2023-06-29,2023-06-29T11:37:37Z,0.216,2.968,23,2.2445,2.4770003372580103,2.968,26.919722222222223,17.689,27.4944375,20.48242857142857,2.115992157620667,1.7130319664317384,1.2234705775850208,0.02844778799212072,2.4770003372580103,23,4.41,7.85,46.8,101.4,6.874347826086956,84.95652173913044,7.413333333333333,4.41,93.35000000000001,46.8,0.788,2.0885,NA,NA,2.968,2.968,NA,1.4193548387096775,2.675,0.3605555555555556,NA,0.13478712357217032,-465.1,-464,38.893555652173916,-91.73737086956521,243.19565217391303,7.705,28.516750000000002,8.098028989516742
440,2023-07-27,2023-07-27T14:10:31Z,0.00933333333333333,3.3836666666666666,72,2.471166666666667,3.173425989563322,3.3836666666666666,24.718039215686275,14.248333333333331,26.914942307692307,17.077183333333334,2.0914225469692838,0.9701842234198704,1.1638711557740828,0.07277002315868311,3.173425989563322,72,0.1,8.676666666666666,1,115.13333333333334,3.662037037037037,47.020833333333336,3.8709313725490198,0.1,49.72156862745098,1,0.159,1.0948333333333333,1.6663333333333332,2.4026666666666667,2.283,2.2186666666666666,NA,0.8869948567229977,4.587843137254902,4.648039215686275,NA,1.0131207795538082,-131.46666666666667,-116.33666666666667,38.89364648148148,-91.73732574074074,239.48472222222222,8.499629629629629,30.15074074074074,7.988854514415117
446,2023-01-04,2023-01-04T11:55:08Z,0.03033333333333333,1.2756666666666667,25,0.6595,0.9230815900272604,0.9261700213959324,1.2216666666666667,2.5027777777777778,0.8005833333333333,2.2016410256410257,0.04499194133381934,NA,0.07036834715723805,0.0030791424943397727,0.9230815900272604,25,2.39,3.25,17.6,22.633333333333333,2.619866666666667,18.705333333333332,2.666315789473684,2.472777777777778,18.88245614035088,18.144444444444446,0.03033333333333333,0.7218333333333333,NA,NA,0.35033333333333333,0.7023333333333333,NA,-0.014760147601476014,0.6791228070175439,-0.05157894736842105,NA,-0.07594936708860758,198.61111111111111,198.59333333333333,44.224745733333336,-93.5620768,305.072,2.8133333333333335,0.522125,7.691122451274732
446,2023-04-16,2023-04-16T09:29:35Z,0.182,3.548,63,NA,NA,NA,NA,NA,NA,NA,NA,NA,NA,3.234703068376102e-4,3.548,63,11.54,12.01,101.9,105.8,11.673650793650793,102.97777777777777,NA,NA,NA,NA,0.182,0.193,NA,NA,2.309,0.512,NA,0.23647294589178355,NA,NA,NA,NA,NA,95.22,44.22475063492063,-93.55280730158731,304.29047619047617,11.975,9.7205,7.767521503776607
446,2023-09-19,2023-09-19T12:19:02Z,0.012,3.112,70,0.28600000000000003,2.638917039175777,2.718489059673136,20.253473684210526,19.7302,20.9055,20.0878125,0.10789526538906102,0.24538737512489925,0.06761261516025395,0.00472582566605965,2.638917039175777,70,8.1,11.16,88.7,124.9,9.624714285714285,106.39857142857143,9.913684210526316,8.303,109.78245614035087,90.94,0.209,0.6465000000000001,NA,NA,1.209,0.811,NA,2.7727272727272725,0.6757894736842105,2.0656140350877195,NA,3.056593977154725,162.01,162.1,44.22484685714286,-93.55250442857142,304.7857142857143,11.129,20.815,9.128041467447778
446-02-00,2023-01-04,2023-01-04T13:08:47Z,0.04,0.527,16,NA,NA,NA,NA,NA,NA,NA,NA,NA,NA,0.0028024160222091333,0.527,16,1.11,11.34,7.7,78.2,1.883125,13.012500000000001,NA,NA,NA,NA,0.04,0.0755,0.111,NA,0.111,0.156,NA,0.0358974358974359,NA,NA,NA,NA,NA,174.6375,44.22095125,-93.564856875,303.29375,1.9921428571428572,0.32735714285714285,7.629935395979561
454,2023-06-05,2023-06-05T15:50:45Z,0.063,7.762,101,2.1785,3.609773016430558,3.957757913719876,24.290916666666668,10.1089375,26.66267741935484,12.92222857142857,2.4640136812779474,2.037303100413347,0.6076493883734652,0.06844289473612776,3.609773016430558,101,0.96,9.59,8.1,120.7,5.564851485148515,63.4980198019802,8.975,2.1779166666666665,108.12916666666666,19.78125,0.973,3.468,5.837,7.714,1.805,3.209,NA,3.56390977443609,1.0685416666666667,1.4727083333333333,NA,1.3782413725872489,-36.02291666666667,-87.975,38.33381514851485,-90.65428178217822,157.16237623762376,9.364285714285714,28.008857142857142,8.682880715674528
454,2023-06-26,2023-06-26T15:27:34Z,0.07733333333333334,7.912666666666667,112,2.077,5.635000671679951,5.789554453540482,20.274067567567567,8.736703703703704,27.770166666666668,13.593051851851852,1.6515758684133743,0.2672658576253421,0.40945351102061334,0.018887292688791864,5.635000671679951,112,0.22,12.65,1.9,158.6,4.532708333333333,54.38214285714286,6.694324324324325,0.31444444444444447,80.87432432432432,2.710185185185185,1.4336666666666666,2.407,4.183333333333334,4.664,1.0346666666666666,3.364,NA,1.2798579728857329,4.5932432432432435,2.996216216216216,NA,0.6523095027949396,-12.853703703703703,-10.383333333333333,38.33381342261905,-90.65464648809524,156.94851190476192,10.805555555555555,28.874777777777776,8.95
454,2023-07-24,2023-07-24T15:21:37Z,0.026,8.22,133,4.106999999999999,4.385823150308233,4.662222043368935,26.035835616438355,10.445181818181819,26.54368115942029,11.29409375,2.8831033133305937,1.223788685436049,0.6786647730688167,0.12927207400014695,4.385823150308233,133,0.34,14.43,3,187.5,4.977819548872181,62.75338345864662,8.616849315068492,0.5203636363636364,110.16438356164383,4.718181818181818,0.639,2.045,3.358,4.298,1.081,8.22,NA,0.4402618657937807,2.8563013698630138,1.307945205479452,NA,0.4579156874970025,-97.75454545454545,-101.94444444444444,38.33374857142857,-90.6545069924812,156.58646616541353,14.114,29.5262,9.15808772687756
454,2023-08-14,2023-08-14T15:38:21Z,0.028,8.057,53,3.9795,1.8192310319244893,6.46590663574922,28.429820512820513,9.575966666666666,26.682214285714284,12.28084,3.6228689791946636,0.719175546341812,0.5703654740843535,0.037177620622018945,1.8192310319244893,53,0.24,12.4,2.066666666666667,160.8,3.7019496855345913,46.838993710691824,11.42128205128205,0.27566666666666667,147.26153846153846,2.4266666666666667,0.028,1.8756666666666664,2.849,3.41,2.502333333333333,1.9406666666666663,NA,0.9764795144157814,2.6020512820512822,3.9315384615384614,NA,1.5109381158849033,-106.47999999999999,-105.56666666666666,38.333714716981135,-90.65454685534591,157.9861635220126,12.3775,28.837666666666667,9.106685805644274
455,2023-06-01,2023-06-01T13:11:21Z,0.119,5.248333333333333,73,0.4255,4.873450676529053,5.004941321464294,19.058620512820514,13.6206,26.202444444444442,18.140766666666668,0.9018620104349111,0.3818687620982485,0.33527565737389187,0.014226185506903723,4.873450676529053,73,0.2,12.663333333333334,1.9,154.66666666666666,3.131461187214612,36.708675799086755,3.4903589743589745,0.20866666666666667,40.97179487179487,2.006666666666667,0.5966666666666667,0.9541666666666666,2.3846666666666665,2.662,1.002,1.002,NA,1.928825622775801,1.1587692307692308,0.5705641025641026,NA,0.4923880332802266,49.913333333333334,66.89,39.47699383561644,-94.31745840182649,278.22237442922375,12.2625,26.06675,8.541928432657762
455,2023-06-22,2023-06-22T12:34:38Z,0.105,5.052,117,2.99,4.8777261158553,5.052,21.644589285714286,14.114,25.319746268656715,15.98362,1.3770292993385738,0.36620760698221,0.5269640779891619,0.04337814863909788,4.8777261158553,117,0.36,12.18,3.5,156.1,5.25034188034188,64.75384615384615,5.468571428571429,0.36,67.48660714285714,3.5,0.161,1.4300000000000002,2.975,3.377,2.324,1.342,NA,0.274,2.67125,0.6154464285714286,NA,0.23039641687278561,-77.8,-59.69166666666666,39.47664034188034,-94.31634666666666,277.55470085470085,12.053333333333333,28.575444444444443,8.775583957685775
455,2023-07-19,2023-07-19T11:57:45Z,0.018,5.13,115,3.5275,4.477151554887454,4.664244882429301,24.48111,15.137181818181817,26.0398625,16.968885714285715,1.9009559632185073,0.376028953596796,0.7150357709058086,0.03336131900056548,4.477151554887454,115,0.3,12.04,3,154.7,5.5834782608695654,69.72869565217391,6.3679,0.3381818181818182,79.658,3.3636363636363638,0.199,2.167,3.003,3.359,0.457,0.457,NA,0.497,2.6624,2.407,NA,0.904071514423077,-144.75454545454545,-144.55,39.47672304347826,-94.31668591304347,278.4765217391304,11.995000000000001,28.2791,9.143047117562835
455,2023-08-10,2023-08-10T12:26:09Z,0.02733333333333333,5.29,69,3.218,4.515809479970813,5.165713936902195,24.68209604519774,16.233666666666664,26.375967479674795,19.326607142857142,1.777726093991987,0.42659814186157763,0.5985706022316659,0.030990253407429256,4.515809479970813,69,0.2,9.55,2.1,119.73333333333332,4.021787439613527,50.06908212560386,4.6631638418079095,0.21000000000000002,58.139548022598866,2.1416666666666666,0.764,1.9195,2.838333333333334,3.188,0.6983333333333334,5.29,NA,1.6183745583038869,1.3679661016949152,1.8254802259887006,NA,1.3344484367901541,-123.625,-123.05,39.47670647342995,-94.31659603864733,281.68067632850244,8.851666666666667,28.13111111111111,8.686339890307805
