MULakeNumber,date,dateTime,minDepth_m,maxDepth_m,numberOfMeasurements_temperature,thermoclineDepth_m_thresh0.3,top_metalimnion_m,bottom_metalimnion_m,epilimnion_temp_degC,hypolimnion_temp_degC,above_thermocline_temp_degC,below_thermocline_temp_degC,delta_hypo_epi_waterDensity_kgperm3,metalimnionDensityGradient_kgperm3perm,epiToHypoDensityGradient_kgperm3perm,buoyancyfrequency_1_s2,mixingDepth_m,numberOfMeasurements_do,minDO_mgpL,maxDO_mgpL,minDO_percent,maxDO_percent,DO_mgpL_profileMean,DO_percent_profileMean,epilimnion_DO_mgpL,hypolimnion_DO_mgpL,epilimnion_DO_percent,hypolimnion_DO_percent,depthMaxDOpercentage_m,Oxycline_m,Hypoxycline_m,Anoxycline_m,depthChlMax_m,depthBGAMax_m,depthPEMax_m,ratioMaxBGtochl_RFUperRFU,epilimnion_chlorophyll_RFU,epilimnion_phycocyaninBGA_RFU,epilimnion_phycoerythrinTAL_RFU,ratioEpiBGtochl_RFUperRFU,hypolimnion_orp_mV,bottom0.5m_orp_mV,site_latitude,site_longitude,site_altitude_m,surface_doConcentration_mgpL,surface_temp_degC,surface_pH
003,2025-05-27,2025-05-27T15:27:27Z,0.02166666666666666,17.280666666666665,114,4.882833333333333,5.663627755790356,7.643017109874691,18.380527131782944,5.917973544973545,19.296666666666667,7.1543205128205125,1.4170626469961007,0.19080032177765036,0.14715041799144732,0.011414406666829854,5.663627755790356,92,0,7.48,0,83.13333333333333,2.988768115942029,31.23768115942029,5.275813953488372,0.911219512195122,57.427131782945736,7.477235772357724,0.02166666666666666,1.8953333333333333,4.809666666666667,11.959666666666667,17.280666666666665,17.280666666666665,1.4926666666666668,0.7352941176470589,0.7655038759689923,0.4248837209302326,1.3885271317829457,0.5550379746835443,166.51481481481483,148.95555555555555,39.341025584795325,-91.15303190058479,242.1964912280702,7.471666666666667,20.508000000000003,8.03
003,2025-06-16,2025-06-16T15:25:33Z,0.036,16.971666666666668,105,0.8013333333333332,7.313847908296026,7.662008939337646,19.890540229885058,6.493727272727273,28.02452380952381,12.975210884353741,1.694938687182912,0.3437341600982519,0.19572234975607541,0.018712646667419473,7.313847908296026,90,0,10.646666666666668,0,130.63333333333333,3.166851851851852,37.59407407407407,4.714655172413793,0.34988505747126436,56.65862068965517,2.925287356321839,0.12966666666666668,2.1029999999999998,3.3586666666666667,3.8433333333333337,1.9683333333333333,2.2473333333333336,3.2083333333333335,0.510301109350238,0.9501724137931035,0.3675287356321839,1.8313793103448277,0.38680215326921913,162.1409090909091,162.95555555555555,39.341424158730156,-91.15271930158731,239.58507936507937,10.144,28.368133333333333,8.564690221106314
003,2025-07-07,2025-07-07T15:26:17Z,0.02833333333333333,16.982,129,3.3436666666666666,1.0404981691931523,6.659574861720231,30.02466666666667,6.658291079812207,28.33952688172043,9.27969387755102,4.273728418989663,0.6893348069643479,0.37818803742237184,0.04697453318053743,1.0404981691931523,83,0,7.056666666666667,0,95,2.560562248995984,32.67670682730924,7.023888888888889,0.0552,93.03888888888889,0.4706666666666667,0.102,2.7303333333333333,3.527,3.8466666666666662,3.3293333333333335,3.527,4.061,0.509090909090909,0.1952777777777778,-0.0963888888888889,-0.7183333333333334,-0.49359886201991465,240.90046948356806,155.19629629629628,39.34149839793282,-91.15265529715762,239.64625322997415,7.045333333333333,30.6092,7.898069737482958
003,2025-07-31,2025-07-31T13:04:53Z,0.2,16.534,207,3.356,5.6954546790960014,5.911842292821118,24.391304347826086,7.626798507462687,28.142,10.117941176470588,2.6687045839474877,0.5796141911239308,0.3186439198291478,0.07573722603324659,5.6954546790960014,207,0.11,5.72,0.8,73.8,1.1014975845410628,13.370048309178744,2.8805797101449273,0.20529850746268657,36.4536231884058,1.7567164179104477,0.2,2.1125,3.289,3.884,3.369,3.735,3.627,1.3244680851063833,0.9559420289855073,0.42,2.8130434782608695,0.4393571861734384,218.10373134328358,218,39.34124550724638,-91.15286681159421,240.95507246376812,5.72,28.521749999999997,7.72
005,2025-05-06,2025-05-06T11:15:17Z,0.011,14.055,154,3.7935,4.668151522686154,4.8320904020375615,16.302723076923076,6.626162790697674,17.1344,7.259808080808081,1.023441920430514,0.7166646139103318,0.1439547534614901,0.019031964955343386,4.668151522686154,154,0.66,10.26,5.2,100.4,5.959220779220779,57.13246753246753,9.358461538461539,3.3340697674418602,95.62461538461538,27.6546511627907,3.522,4.0375,11.929,13.155,3.522,3.703,3.703,1.3475609756097562,0.7527692307692307,0.41184615384615386,9.499846153846153,0.5471081136317189,176.02093023255813,148.14,39.02083019480519,-90.92010753246753,167.98701298701297,9.308333333333334,18.410666666666668,8.23
005,2025-06-25,2025-06-25T13:42:07Z,0.088,11.835,137,2.776,2.8251343764793084,6.403307060256081,30.49670588235294,6.5847096774193545,30.650606060606062,10.795057692307692,4.420219538867741,0.7806977526690619,0.5735638767637073,0.05023229352490075,2.8251343764793084,137,1,12.93,8,122.3,6.526642335766423,70.6087591240876,8.071176470588235,2.950967741935484,107.79705882352941,24.398387096774194,5.376,6.2315000000000005,9.913,11.835,4.463,11.835,5.684,1.8898305084745763,0.25176470588235295,-0.29058823529411765,-0.12411764705882353,-1.1542056074766356,62.46935483870968,-45.4375,39.02179912408759,-90.91966948905109,169.7124087591241,7.883333333333333,32.32366666666667,8.21
005,2025-08-20,2025-08-20T11:33:39Z,0.09466666666666666,14.117666666666668,85,4.078166666666666,2.3810920295104334,7.505597002931278,30.279642857142857,6.445494949494949,29.16433333333333,10.504083333333334,4.359390948322357,0.832752823297371,0.45310799943602736,0.02806110388233605,2.3810920295104334,85,0.21,8.786666666666667,1.7,107.6,4.39321568627451,53.02705882352941,8.07047619047619,0.45626262626262626,107.32380952380953,3.7363636363636363,0.8253333333333334,5.468999999999999,6.651666666666666,8.329,5.253333333333333,5.253333333333333,5.253333333333333,2.135897435897436,0.30238095238095236,-0.006428571428571428,-0.29047619047619044,-0.02125984251968504,129.91616161616162,28.313333333333333,39.02158333333333,-90.91944137254902,168.8035294117647,8.038333333333334,30.343333333333334,7.99005116654819
018,2025-05-28,2025-05-28T09:26:10Z,0.17,22.151,102,5.6434999999999995,8.553887656200045,9.1358918794684,18.949578616352202,9.4465,20.815287037037038,11.022575757575758,1.330204123334056,0.17880509066690342,0.11702844993734056,0.011139509063843188,8.553887656200045,102,0.36,12.036666666666664,3.033333333333333,120.33333333333331,6.345326797385621,65.95032679738563,9.747798742138365,2.3607246376811593,104.72767295597484,21.06086956521739,6.669666666666667,7.853833333333333,14.88,19.154,4.775333333333333,6.458333333333333,6.458333333333333,0.8781869688385268,0.8610062893081761,0.23930817610062893,3.2776729559748428,0.27794010226442656,210.25072463768117,217.28333333333333,37.898940034364266,-90.3199825170068,252.99150326797385,9.068333333333333,21.269666666666666,8.55
018,2025-06-17,2025-06-17T08:58:21Z,0.01433333333333333,20.585333333333335,150,5.103666666666667,2.959386160288735,9.780428319193307,26.015583333333332,9.090493670886076,25.4675,10.59825816993464,2.99246802830055,0.38843886998971283,0.21837751067433803,0.011855262636035348,2.959386160288735,150,0.03,11.453333333333331,0.3,116.73333333333332,4.350022222222222,49.61555555555555,8.435208333333334,0.39582278481012656,104.06979166666667,3.549789029535865,6.8693333333333335,7.978,10.299333333333331,11.143666666666666,6.8693333333333335,8.251,8.445333333333334,1.2476190476190478,0.3927083333333333,0.006354166666666666,-0.6144791666666667,0.016180371352785144,81.39957805907173,-47.50555555555555,37.89902951111111,-90.62849995555555,266.37,8.424,26.067133333333334,8.44
018,2025-07-08,2025-07-08T08:46:26Z,0.02433333333333333,17.433333333333334,109,4.995333333333333,7.1496822034138106,10.530181617311749,27.73896174863388,9.593171717171717,29.15422695035461,14.027779569892473,3.4246833817394418,0.3009380280529892,0.32907763056710493,0.033301360927879296,7.1496822034138106,109,0.25666666666666665,10.6,2.2,119.76666666666668,5.877155963302752,70.7006116207951,8.1224043715847,0.8967676767676768,102.7655737704918,8.021212121212121,5.709,7.5618333333333325,11.658,12.79,7.974,11.447333333333331,10.898666666666664,3.0845070422535206,0.05398907103825137,-0.16704918032786886,-0.6159562841530055,-3.0941295546558707,268.74646464646463,164.81666666666666,37.899594556574925,-90.62839024464832,266.8660550458716,7.506666666666666,29.33375,8.188342902868873
018,2025-07-29,2025-07-29T08:59:42Z,0.00166666666666666,20.653333333333332,87,5.5635,4.442301012845518,10.430078453324247,31.04091304347826,9.654960317460317,30.907678571428573,12.376067796610169,4.398161793978943,0.6732444973173229,0.33017855984460615,0.018280967117079543,4.442301012845518,87,0.21333333333333332,10.693333333333332,1.8,124.83333333333331,4.436858237547892,54.45363984674329,7.794202898550725,0.6830952380952381,105.06086956521739,6.157936507936508,6.6306666666666665,8.350166666666667,10.924333333333331,12.278333333333334,8.230333333333334,11.059333333333331,11.059333333333331,0.4472049689440993,0.10405797101449275,-0.02318840579710145,-0.6272463768115942,-0.22284122562674094,-50.90952380952381,-129.16666666666666,37.898771149425286,-90.62831088122606,267.6927203065134,7.796666666666667,31.039444444444445,8.35
024,2025-05-29,2025-05-29T07:11:09Z,0.03,5.348,98,3.2184999999999997,3.9090886887650016,4.323448929511123,19.577164383561644,14.58075,20.24675,15.323421052631579,0.8707465121398172,0.2539006196788646,0.3022187005882407,0.021592452839995807,3.9090886887650016,98,0.29,9.73,2.9,110.1,4.417142857142857,49.046938775510206,5.786849315068493,0.379,64.43150684931507,3.72,0.64,1.5245,3.024,3.489,2.873,2.799,2.972,0.3107769423558897,2.8601369863013697,0.6231506849315068,5.891369863013699,0.2178744192729537,168.04500000000002,152.13333333333333,37.577003469387755,-90.30864234693877,224.63367346938776,9.68,21.439333333333334,8.201173585711585
024,2025-06-17,2025-06-17T17:22:31Z,0.018,5.193,114,0.5375,3.1874981938811326,3.3157499304162155,23.96177027027027,19.95461111111111,27.892,22.078711538461537,0.9069472099536142,0.7464287062405744,0.34087739308652604,0.041406763639615714,3.1874981938811326,114,0.19,12.39,2,156.7,3.7905263157894735,45.99035087719298,5.695540540540541,0.2536111111111111,69.2581081081081,2.797222222222222,0.051,0.6435,2.316,2.538,0.49,0.49,0.49,0.15625,1.6717567567567568,0.27837837837837837,3.8195945945945944,0.166518470616765,154.59166666666667,143.9,37.57702403508772,-90.30870105263158,220.6421052631579,12.088000000000001,27.892,8.54616489325924
024,2025-07-08,2025-07-08T16:00:33Z,0.007,4.847,86,2.7155,4.660327725988453,4.847,25.42462195121951,18.061,28.679729166666668,20.55165789473684,1.6481188494797152,0.4636745812588453,0.6548375658021371,0.044531515067864916,4.660327725988453,86,0.22,8.36,2.4,111.8,3.0424418604651162,39.30348837209302,3.1795121951219514,0.22,41.10121951219512,2.4,0.007,0.729,2.414,2.884,0.228,2.318,0.228,0.2697095435684647,1.4008536585365854,0.35804878048780486,3.3536585365853657,0.25559327935927567,72.7,102.86,37.576963953488374,-90.30859174418605,224.75232558139535,8.338333333333333,30.286166666666666,7.94669218511605
024,2025-07-29,2025-07-29T16:55:27Z,0.046,5.14,103,3.0869999999999997,3.700677644943445,4.334720820609703,30.26933783783784,18.707473684210527,31.729639344262296,20.515809523809523,2.8947127762633045,0.9281122738664225,1.002664056431926,0.08581811937904975,3.700677644943445,103,0.19,9.95,2,138.6,4.178252427184466,57.78543689320389,5.714729729729729,0.23,79.33513513513513,2.463157894736842,0.821,1.5074999999999998,2.405,2.881,2.216,2.216,2.265,0.27790973871733965,2.6862162162162164,0.525,6.872027027027027,0.1954421974041654,-69.63157894736842,-78.05384615384615,37.57705262135922,-90.30864563106796,224.04271844660195,9.09909090909091,35.43772727272727,8.214659290436664
030,2025-05-29,2025-05-29T09:26:30Z,0.02266666666666666,8.154666666666667,75,4.381833333333333,4.63707546942045,4.780103813125895,22.247642276422763,21.359145833333333,22.31182882882883,21.401956140350876,0.19981950117824,0.1278811566700904,0.04816265262303948,0.003635107527486718,4.63707546942045,75,3.376666666666667,10.243333333333334,38.13333333333333,118.76666666666668,7.639466666666666,87.37644444444445,9.312032520325204,5.5753125,107.12439024390244,63.010416666666664,0.19733333333333333,3.963166666666667,NA,NA,3.931333333333334,5.421333333333333,3.995,0.2817974105102818,3.5058536585365854,0.7017073170731707,7.31780487804878,0.20015305412550438,217.54479166666667,219.66190476190476,36.93300831111111,-90.28285733333333,107.58444444444444,10.2375,22.71408333333333,8.41166986469367
030,2025-06-18,2025-06-18T08:16:10Z,0.04633333333333333,9.312666666666669,82,2.143,2.4109360160162954,3.4190118593451753,28.126923076923077,22.657555555555554,28.265291666666666,23.1711091954023,1.4208710789554289,0.6945058212657946,0.2753428016597309,0.04402228059067825,2.4109360160162954,82,0.19,9.29,2.2,119.4,3.843861788617886,48.452845528455285,9.192820512820512,0.5591851851851852,117.78717948717949,6.5125925925925925,1.173,2.0949999999999998,3.5953333333333335,3.943666666666666,4.295333333333334,2.4676666666666667,2.8043333333333336,0.33202357563850693,0.9047435897435897,0.28487179487179487,1.187051282051282,0.31486467337395496,181.73037037037037,183.14999999999998,36.932638983739835,-90.28280329268293,113.2130081300813,9.254166666666666,28.375333333333334,8.607521503776606
030,2025-07-09,2025-07-09T08:08:57Z,0.014,8.195,127,2.9945,7.757513442531542,7.955904890713173,28.08815702479339,24.7315,29.811459016393442,26.195454545454545,0.90445503918761,0.21288880114966002,0.21551599130612553,0.012298265469322597,7.757513442531542,127,0.23,8.42,2.8,111.1,4.413937007874016,57.99685039370079,4.620909090909091,0.2375,60.7297520661157,2.8499999999999996,0.976,2.8345000000000002,3.495,3.897,8.105,0.46,0.014,2.3636363636363633,0.7097520661157025,1.4185123966942148,3.270413223140496,1.998602701443875,-14.950000000000001,-7.828571428571429,36.93263787401575,-90.2832357480315,106.8008,8.403333333333334,29.833666666666666,8.7533843702321
030,2025-07-30,2025-07-30T08:13:31Z,0.092,7.877,119,6.6125,7.432687487309659,7.670127884765481,30.111071428571428,25.89,30.58772727272727,26.28845,1.1985745956199025,0.2849618507127301,0.29541768425477627,0.024559952231895575,7.432687487309659,119,0.26,8.28,3.2,113.6,4.0156302521008405,54.70504201680672,4.249821428571429,0.2625,57.916964285714286,3.25,0.306,2.958,4.061,5.041,2.762,0.231,3.014,2.489795918367347,1.2113392857142857,2.3489285714285715,5.958482142857143,1.939116975012899,-148.925,-147.71428571428572,36.93237554621849,-90.28310806722689,112.12857142857143,8.272499999999999,32.082875,8.77
036,2025-05-29,2025-05-29T11:52:55Z,0.03633333333333333,8.403666666666666,60,3.3036666666666665,7.919420503629556,8.300736798118654,20.56060119047619,17.907666666666668,21.997141025641024,19.158549019607843,0.5255127373533242,0.13573140157304825,0.11963887458335762,0.0076634920042319785,7.919420503629556,60,1.4433333333333334,9.83,15.2,112.7,6.470944444444444,72.86166666666666,6.825952380952381,1.455,76.93392857142857,15.333333333333334,0.805,3.4508333333333336,7.743333333333333,NA,1.5196666666666667,0.6593333333333333,0.9726666666666668,0.22097902097902097,1.2133928571428572,0.17404761904761906,2.797083333333333,0.14343880304145207,230.14999999999998,230.2,37.13799383333333,-90.77436361111111,149.5911111111111,9.633333333333333,22.62111111111111,8.168942830591478
036,2025-06-18,2025-06-18T10:36:43Z,0.01333333333333333,6.541333333333333,65,1.27,5.070430921939613,5.318204157157624,23.945555555555554,21.852999999999998,25.600083333333334,23.038377358490568,0.4935306766087706,0.18354965737467405,0.14538899091521548,0.013922371305434193,5.070430921939613,65,5.29,10.35,60.233333333333334,125.63333333333334,8.091641025641026,95.80153846153846,8.728627450980392,5.641515151515152,103.98954248366013,64.38787878787879,1.2016666666666669,1.5661666666666667,NA,NA,1.6093333333333335,1.876,1.6093333333333335,0.26848249027237353,1.1226143790849674,0.23084967320261437,2.7016339869281047,0.20563577084303677,178.5969696969697,179.09166666666667,37.13925502564103,-90.77361969230769,152.42923076923077,10.103333333333332,25.945666666666668,8.457527936436646
036,2025-07-09,2025-07-09T10:11:14Z,0.05,6.134,89,4.1225000000000005,5.85235940750592,6.134,28.283057471264367,25.651,28.77683582089552,26.544227272727273,0.7228221927302911,0.2466681481341642,0.2253312610983696,0.011500443862229821,5.85235940750592,89,2.1,9.02,25.7,117.3,7.27438202247191,93.91348314606742,7.392758620689655,2.1,95.47356321839081,25.7,1.202,3.2355,NA,NA,3.033,3.208,3.316,0.3695652173913044,0.5541379310344827,0.11954022988505747,1.6840229885057472,0.21572287907073223,252.5,251.575,37.13900550561798,-90.77420247191012,154.4426966292135,8.79375,29.390375,8.513777034708601
036,2025-07-30,2025-07-30T11:01:19Z,0.013,7.619,114,3.0135,7.245315737353238,7.514728209675206,30.66922429906542,27.006500000000003,32.21689473684211,28.683070175438598,1.0675808884931257,0.32306070075037496,0.27067065578503696,0.02390236417182752,7.245315737353238,114,0.62,9.25,7.7,127.1,6.279385964912281,85.22280701754386,6.642710280373832,0.635,90.20186915887851,7.9,1.553,3.6825,6.216,7.013,3.339,3.467,3.339,0.3055555555555556,0.6521495327102804,0.1314018691588785,0.7736448598130841,0.20149039839495556,96.35,98.525,37.138705350877196,-90.77536149122807,153.0517543859649,8.744444444444445,32.93666666666667,8.584498217571202
039,2025-05-28,2025-05-28T13:01:40Z,0.062,25.177,118,5.146166666666666,4.64254817357061,6.499567117204681,20.588301587301586,8.880472868217055,20.477805555555555,9.518787234042554,1.7075166458124613,0.5001675351073803,0.12632355177176088,0.018644294498389342,4.64254817357061,118,0.22,9.19,1.8,102.36666666666667,5.3984745762711865,52.72909604519774,9.170793650793652,4.086317829457364,102.07301587301588,36.12558139534884,0.062,5.028,21.744333333333337,22.868333333333332,5.0809999999999995,5.0809999999999995,5.211333333333333,0.2626728110599078,0.7282539682539683,0.11047619047619048,1.6641269841269841,0.15170008718395817,203.31317829457365,116.47777777777777,37.72945355932203,-90.90897692090395,332.9375706214689,9.175,20.711833333333335,8.168336531360335
039,2025-06-17,2025-06-17T13:46:18Z,0.014,25.555,237,3.015833333333333,13.330598768011825,13.429826045895664,18.593597826086956,6.916560185185185,26.304190476190477,9.472968102073365,1.4202487303176667,0.13674288439334462,0.11072239400810514,0.008507929062180385,13.330598768011825,199,0,11.05,0,116.13333333333334,4.042537688442211,42.39974874371859,6.465090579710145,1.9580817610062893,72.6483695652174,16.369811320754717,5.384666666666667,6.9896666666666665,19.978666666666665,20.288333333333338,6.194,25.555,5.908,0.2727272727272727,0.37230072463768116,0.042771739130434784,0.23713768115942027,0.11488492044182766,142.58171296296297,-6.718518518518518,37.7295352742616,-90.90894791842476,330.7420534458509,8.321666666666667,26.8402,8.124872443224987
039,2025-07-08,2025-07-08T12:40:09Z,0.0275,20.793333333333333,110,4.296833333333334,8.005238279585301,8.734582577414317,24.73127358490566,9.293135802469136,28.979201149425286,12.525271604938272,2.643196246726916,0.12373155626024782,0.24561964752005325,0.02621661598695064,8.005238279585301,110,0.19666666666666668,9.686666666666667,1.6,110.7,4.306818181818182,50.42787878787879,7.7349056603773585,1.0830864197530865,93.92955974842768,9.575925925925926,4.785333333333333,6.669499999999999,8.016333333333334,11.521333333333333,5.214333333333333,6.572333333333333,6.454666666666666,0.380952380952381,0.17025157232704402,-0.10279874213836478,0.07839622641509433,-0.6038049501292945,280.52222222222224,280.93333333333334,37.730468151515154,-90.91011163636364,331.8310606060606,7.74,29.01770833333333,7.9909060025343885
039,2025-07-29,2025-07-29T13:18:02Z,0.14433333333333334,24.68466666666667,133,4.613666666666667,4.9671841132651515,8.985210771455312,30.36248780487805,8.643342592592592,30.745254385964913,11.260635087719299,4.266507411398379,0.5617817884784274,0.29728969076944006,0.01766222961585933,4.9671841132651515,133,0.05,9.633333333333333,0.4,107.4,3.3830827067669174,42.274686716791976,7.430081300813008,0.30824074074074076,99.01544715447154,2.7449074074074074,6.163,6.621,8.631333333333334,9.425333333333333,6.518000000000001,6.518000000000001,6.518000000000001,0.10336538461538462,0.18146341463414634,-0.044715447154471545,-0.5453658536585366,-0.24641577060931902,64.05185185185185,-91.71666666666667,37.72957573934837,-90.90914947368421,334.73308270676694,7.529999999999999,31.8365,8.13166986469367
040,2025-05-08,2025-05-08T10:58:33Z,0.039,8.322,113,0.6225,6.296483242616982,6.379618718999238,15.851341176470589,14.481846153846154,17.805833333333332,15.38866355140187,0.20894417607360083,0.13119497843818984,0.049718217311479844,0.0044837289171732195,6.296483242616982,113,4.11,9.94,40.1,104.8,6.962389380530974,70.20796460176992,7.6462352941176475,4.828076923076923,77.52823529411765,47.38846153846154,0.039,3.046,NA,NA,0.742,0.367,0.585,0.1322314049586777,0.654235294117647,0.012823529411764706,4.21,0.019600791224599894,249.02307692307693,250.55714285714285,37.951430884955755,-90.92701672566372,255.48230088495575,9.91,17.848,7.970046051294917
040,2025-06-17,2025-06-17T11:57:36Z,0.02433333333333333,6.665666666666667,63,1.0391666666666668,4.253809138611231,4.719483971441667,21.13523148148148,15.722033333333334,26.147388888888887,18.170947368421054,1.023999907483926,0.3084216771035697,0.28718296762429285,0.028528414547676403,4.253809138611231,63,0.24,9.673333333333334,2.3666666666666667,109.66666666666669,4.925873015873016,55.57089947089947,8.043055555555556,0.44266666666666665,91.3425925925926,4.475,0.02433333333333333,2.6038333333333332,4.4863333333333335,4.7283333333333335,2.852,4.003333333333334,2.852,0.5748218527315915,0.6843518518518519,0.2827777777777778,1.3164814814814814,0.4132052496279259,113.31666666666666,57.68333333333334,37.95149121693122,-90.92762164021164,256.8957671957672,8.79,26.409583333333334,8.124188268434937
040,2025-07-08,2025-07-08T11:11:49Z,0.02833333333333333,9.433333333333334,70,3.309,4.527697210811086,6.26879681853592,27.28021875,14.755010752688172,28.62001282051282,16.092742424242424,2.6987685512389135,0.3215679869059596,0.48302559341921336,0.030990047059437417,4.527697210811086,70,0.19,12.433333333333334,1.9,144.03333333333333,4.479238095238095,55.3147619047619,8.715729166666666,0.4827956989247312,109.87916666666666,4.79247311827957,3.5323333333333333,3.916166666666667,5.6466666666666665,6.875,3.5323333333333333,3.5323333333333333,3.5323333333333333,1.0109204368174727,0.40041666666666664,0.20489583333333333,1.1419791666666665,0.5117065556711758,103.84086021505377,-35.06666666666667,37.951409142857145,-90.92695814285715,256.9947619047619,8.27111111111111,29.486777777777778,8.21446436734199
040,2025-07-29,2025-07-29T11:29:32Z,0.002,9.286,131,3.7560000000000002,6.331380970685863,6.663433873794263,26.239738095238096,14.80948780487805,30.595,17.64504705882353,2.4069022265663307,0.6923501978662735,0.5004967743083341,0.04618748238346051,6.331380970685863,131,0.35,10.08,3.5,122.2,4.672595419847328,58.854198473282445,6.890833333333333,0.6107317073170732,87.83452380952382,6.048780487804878,3.997,4.138,6.26,6.902,3.743,5.344,5.47,3.471698113207547,0.7039285714285715,1.1897619047619048,4.1710714285714285,1.6901741924572975,-84.70731707317073,-108.51,37.951341526717556,-90.9267972519084,259.9564885496183,7.92875,31.594875000000002,8.286361388845066
048,2025-06-12,2025-06-12T10:56:10Z,0.042,9.776,172,0.8225,9.424147543367939,9.776,20.599409638554217,16.307,23.643454545454546,20.247950310559006,0.8136024406096567,0.40511556875095744,0.16066632962783384,0.012966926477940519,9.424147543367939,172,0.19,10.99,1.9,128.1,5.103546511627907,58.305813953488375,5.28066265060241,0.19,60.33795180722892,1.9,1.107,1.9304999999999999,6.3,7.435,0.802,0.843,0.802,0.4796380090497738,0.7810240963855422,0.421566265060241,2.8445783132530122,0.5397608947165445,168.7,186.4875,39.754598139534885,-92.51785220930232,238.396511627907,10.48857142857143,23.687571428571427,8.858585448910237
048,2025-06-25,2025-06-25T16:41:59Z,0.02466666666666666,7.211,81,1.4491666666666667,5.16844480623623,7.211,25.648901041666665,20.238666666666667,26.632216666666668,24.36148087431694,1.277288351790503,0.4489122463183047,0.2760643504134072,0.03527422373624615,5.16844480623623,81,0.4133333333333334,9.926666666666666,4.533333333333333,124.96666666666668,5.99275720164609,73.48395061728395,7.117552083333333,0.4133333333333334,87.54739583333334,4.533333333333333,0.49833333333333335,1.4491666666666667,6.180666666666666,6.521,1.241,0.98,1.198,1.1052631578947372,0.87078125,0.9031770833333334,3.623177083333333,1.0372031820084935,251.6,250.53333333333333,39.7534966255144,-92.51579613168724,240.838683127572,9.885333333333334,27.236533333333334,8.576728027587698
048,2025-07-16,2025-07-16T15:59:36Z,0.01233333333333333,8.338,55,7.078666666666667,4.815729839232522,8.338,28.464916666666667,18.484333333333332,28.02792028985507,19.773407407407408,2.4028975436034443,0.5948416876642129,0.40520114820857556,0.010977311992074284,4.815729839232522,55,0.43666666666666665,9.54,4.666666666666667,123,6.046,77.7630303030303,7.96575,0.43666666666666665,102.81166666666667,4.666666666666667,1.8593333333333333,3.224666666666667,5.509666666666667,6.771333333333334,1.0876666666666668,1.2663333333333333,1.0876666666666668,1.3437500000000004,0.8503333333333334,1.1040833333333333,4.933916666666667,1.2984123872990982,209.36666666666667,209.82,39.75473484848485,-92.51734115151515,239.17515151515153,8.345833333333333,29.803,8.654227012393289
048,2025-08-06,2025-08-06T14:42:57Z,0.007,10.254,118,8.2325,7.203028076088187,10.106279546245439,26.209463414634147,17.7635,26.003195652173915,19.490346153846154,1.9099998073473898,0.5911302617765668,0.29033416465126854,0.018578806536034925,7.203028076088187,118,0.29,8.54,3.1,106.7,4.297118644067797,53.1364406779661,5.952682926829268,0.3,73.82926829268293,3.175,0.109,2.0645,6.712,7.46,1.034,1.552,1.122,0.9884393063583815,1.271219512195122,1.2598780487804877,4.310975609756097,0.9910782808902532,-20.025,2.220446049250313e-16,39.75549423728813,-92.51706203389831,238.99661016949153,8.53,26.773,8.540272067800306
050,2025-06-04,2025-06-04T08:14:21Z,0.03366666666666666,8.175666666666666,89,2.4753333333333334,6.975962224749006,7.441494057890595,19.23918859649123,11.474708333333332,22.836152777777777,16.414605128205128,1.196662201477011,0.23604704754406447,0.2769667197214748,0.015781244274677104,6.975962224749006,89,0.11,9.3,1,108.33333333333331,4.368801498127341,49.52808988764045,5.091973684210526,0.12458333333333334,57.77719298245614,1.1458333333333333,0.235,2.5148333333333337,4.219333333333333,4.7236666666666665,2.530666666666667,8.124,2.530666666666667,0.3786848072562358,1.6531140350877194,0.5093421052631579,3.4938157894736843,0.3081106895545356,0.7041666666666668,-7.305555555555555,40.100361235955056,-92.6780286142322,232.28164794007492,9.295833333333333,22.933416666666666,8.377521503776608
050,2025-06-24,2025-06-24T16:26:00Z,0.08633333333333333,8.026666666666666,100,3.1128333333333336,6.533846276556757,6.945915290195201,23.950830985915495,12.123444444444445,28.30478947368421,15.84283870967742,2.1731918706142324,0.351603625857179,0.5150515321118955,0.036001255339021584,6.533846276556757,100,0.13,9.036666666666664,1.2,119.23333333333332,3.490533333333333,44.336666666666666,4.848215962441315,0.15875,61.8075117370892,1.4833333333333334,0.08633333333333333,2.328,3.7076666666666664,4.039,2.186,3.9076666666666666,3.9076666666666666,1.883008356545961,0.6520657276995305,0.4386854460093897,1.9635211267605635,0.6727626178990568,-54.56666666666666,-72.76923076923077,40.10055286666667,-92.67792126666667,234.49,8.955833333333333,30.262166666666666,8.472521669455434
050,2025-07-15,2025-07-15T15:24:35Z,0.01833333333333333,8.054333333333334,79,3.5961666666666665,4.871703242724227,7.63801482063455,27.205610169491525,12.150222222222222,29.48706976744186,17.53234259259259,3.02181894919579,0.30979503622014665,0.5585284378116574,0.0224834410127302,4.871703242724227,79,0.26666666666666666,13.24,2.5,175.03333333333333,6.179324894514767,80.9126582278481,8.150112994350282,0.27222222222222225,107.1090395480226,2.5444444444444443,0.8099999999999999,2.162166666666667,3.783333333333333,4.259333333333333,3.312333333333333,3.857666666666667,3.857666666666667,3.926713947990544,0.5550282485875706,1.2526553672316385,4.585762711864406,2.256921824104235,215.73333333333335,215.73333333333335,40.10077700421941,-92.67811278481012,232.65021097046414,12.536,31.75166666666667,8.906512993806102
050,2025-08-05,2025-08-05T14:22:22Z,0.021,8.152,135,4.4965,7.933755242196789,8.07983070215232,21.487612403100776,12.205,26.484971428571427,15.26096923076923,1.5872177795650941,0.2552815318611652,0.38255081849390654,0.02350848353708777,7.933755242196789,135,0.25,8.11,2.3,103,3.873851851851852,47.79037037037037,4.042248062015504,0.25,49.903875968992246,2.3,0.021,3.1125,4.658,5.514,0.978,8.152,3.716,1.5362318840579712,0.7634883720930232,0.41054263565891475,1.414108527131783,0.5377195654381156,-57.05,-50.46153846153846,40.100546666666666,-92.67824800000001,233.14666666666668,8.108571428571429,27.611285714285714,8.14288071567453
053,2025-06-04,2025-06-04T13:01:52Z,0.017,3.103,66,1.7894999999999999,2.8708750453201133,2.9650232155821867,21.8233,18.0622,22.708594594594594,19.921724137931033,0.7730782028206704,0.28594183618019736,0.4836048638667256,0.018627962666989826,2.8708750453201133,66,0.66,8.98,7,104.6,5.750151515151515,66.27121212121212,6.244833333333333,0.764,72.045,8.1,0.228,1.8365,2.471,2.896,0.727,0.325,0.076,2.141361256544503,1.4201666666666666,2.5508333333333333,7.339833333333333,1.7961506865391388,19.52,98.10909090909091,40.448628484848484,-92.20133863636363,217.1681818181818,8.972857142857144,22.91314285714286,8.4
053,2025-06-25,2025-06-25T09:51:44Z,0.018,1.883,43,1.4705,1.2508934709217552,1.883,30.04190322580645,28.764,30.006029411764708,29.012555555555554,0.37895034551183926,0.46301290469918643,0.3013393994493902,0.009113954529406795,1.2508934709217552,43,3.52,9.41,45.6,124.7,8.526976744186047,112.66976744186047,9.368064516129033,3.52,124.1258064516129,45.6,0.073,1.6015000000000001,NA,NA,1.491,0.75,1.491,0.5907473309608541,1.7893548387096774,1.0980645161290323,4.110645161290322,0.6136650441680188,197.1,189.53,40.448777906976744,-92.2014976744186,218.80697674418604,9.395454545454546,30.12690909090909,8.65
053,2025-07-16,2025-07-16T10:00:00Z,0.034,2.538,48,2.1835,2.4455021392569236,2.538,29.457217391304347,27.071,29.68209756097561,27.466857142857144,0.6834130712259139,1.0107475355902422,0.5196073955618881,0.020293613967573686,2.4455021392569236,48,1.54,10.61,19.4,140.3,8.674375,114.24791666666667,8.982173913043479,1.54,118.3391304347826,19.4,0.884,1.916,2.423,NA,1.884,1.637,1.354,0.6854460093896714,1.5045652173913042,1.0028260869565218,3.9630434782608694,0.666522178875885,215.8,215.5,40.4485875,-92.20132645833333,218.74375,10.575454545454546,29.943,8.739100364366339
053,2025-08-06,2025-08-06T09:21:06Z,0.01,2.905,53,0.9505,2.819984096165299,2.905,25.41412,23.835,26.434625,24.84954054054054,0.39901814740983355,0.5761086604927391,0.26690035119752514,0.015789016956238435,2.819984096165299,53,0.75,11.61,8.9,144.6,6.31811320754717,77.80188679245283,6.65,0.75,81.91,8.9,0.01,1.3479999999999999,2.134,2.558,0.975,0.975,0.058,1.1954545454545453,1.2998,1.3696,4.3114,1.0537005693183565,34.6,85.02222222222223,40.44880679245283,-92.20183377358491,217.09245283018868,11.585,26.529625,8.803777034708602
057,2025-06-04,2025-06-04T16:38:11Z,0.017,6.403,122,3.967,6.130484218040838,6.245937422825618,19.760535714285716,11.972833333333334,21.72210975609756,13.80515,1.246447783346298,0.2714770736302545,0.3824366745262082,0.02735434885412546,6.130484218040838,122,0.26,9.41,2.4,110.2,5.428360655737705,61.94754098360656,5.880535714285714,0.33,67.17589285714286,3.0833333333333335,0.31,2.9234999999999998,4.156,4.651,4.858,4.564,4.651,1.9677419354838708,1.2111607142857144,0.8841964285714285,4.047232142857143,0.7300405455215627,-40.9,-11.084615384615384,40.18065926229509,-91.8282074590164,197.522131147541,9.398333333333333,23.238416666666666,8.719175405222007
057,2025-06-25,2025-06-25T13:20:43Z,0.02966666666666666,5.900666666666667,72,1.6593333333333335,5.283707599389212,5.696065949425657,24.190497354497353,12.8434,31.62322807017544,19.63932075471698,2.146059936587676,0.36856899377305036,0.6798832353458422,0.04198535741817628,5.283707599389212,72,0.25,9.7,2.333333333333333,121.2,5.102592592592592,65.07175925925927,5.788253968253969,0.2773333333333333,73.95661375661376,2.62,0.02966666666666666,2.9779999999999998,3.489333333333333,4.178,3.845,3.6636666666666664,3.6636666666666664,2.394664213431463,0.5988359788359788,1.584126984126984,4.303121693121693,2.645343700300406,-82.59333333333333,-73.10952380952381,40.18087611111111,-91.8282975,199.06944444444446,8.878,31.799466666666667,9.039335376934181
057,2025-07-16,2025-07-16T12:57:44Z,0.017,6.324,97,4.256,5.818502851599108,6.2520518660439555,26.41122222222222,12.636,28.57754794520548,15.990874999999999,2.747026426504476,0.5878756403269466,0.8130244917595031,0.036793352663764656,5.818502851599108,97,0.98,10.03,9.2,133.4,6.518247422680412,84.21237113402061,6.942555555555556,0.995,89.97,9.35,1.176,2.317,4.827,6.324,4.15,6.324,4.15,1.7994987468671677,0.5726666666666667,1.4516666666666667,5.1706666666666665,2.5349243306169966,211.05,211.25714285714287,40.18070216494845,-91.8284830927835,195.93505154639175,9.943333333333333,30.430666666666667,9.117823306508388
057,2025-08-06,2025-08-06T11:54:51Z,0.043,6.298,98,3.8945,5.65847438093524,5.842292137755674,24.07005882352941,13.411444444444445,26.998684210526317,16.705756097560975,2.0434619057552936,0.5713313095362603,0.630521246483698,0.06493556232560009,5.65847438093524,98,0.41,9.63,3.9,122.3,4.736428571428571,59.162244897959184,5.388823529411765,0.44666666666666666,67.51411764705882,4.288888888888889,1.196,2.3795,3.927,4.544,3.493,3.493,3.4,0.50849963045085,1.7981176470588236,1.1723529411764706,7.583058823529412,0.6519890081130594,-86.6,-85.59,40.180737244897955,-91.82851367346939,196.9795918367347,9.268571428571429,28.30014285714286,8.72288071567453
060,2025-05-22,2025-05-22T08:44:25Z,0.01,4.514,89,4.5065,NA,NA,NA,NA,19.49988372093023,19.331333333333333,NA,NA,NA,0.005222720638078739,4.514,89,6.77,7.17,73.6,78,7.07876404494382,77.10786516853932,NA,NA,NA,NA,3.767,4.5135000000000005,NA,NA,4.511,4.514,4.427,4.540876389797254,NA,NA,NA,NA,NA,96.24615384615385,39.620819101123594,-91.73330943820226,216.5,7.117,19.561799999999998,7.77901029822086
060,2025-06-16,2025-06-16T11:19:02Z,0.009,4.335,89,1.3820000000000001,4.056295600232883,4.299510173932271,23.89283950617284,19.933999999999997,26.88273076923077,22.176238095238094,0.8942315894075819,0.3606023846104153,0.3906464299618905,0.048327333772327154,4.056295600232883,89,0.19,8.83,2.1,110.4,3.588876404494382,44.352808988764046,3.922716049382716,0.19,48.504938271604935,2.1,1.005,1.4975,1.926,2.225,1.479,4.335,1.453,0.42349304482225664,3.0562962962962965,1.4362962962962964,13.737901234567902,0.469946679592826,-115.19999999999999,-112.99166666666667,39.62063786516854,-91.73331011235955,216.761797752809,8.618333333333332,27.239333333333335,8.688349241807357
060,2025-07-07,2025-07-07T11:21:29Z,0.003,4.373,97,3.791,4.017638027697034,4.2744404613889895,28.287348314606742,20.823,28.816658536585365,21.577733333333335,1.878110342561854,1.166269342464578,0.8113133851649854,0.0997025627891027,4.017638027697034,97,0.16,9.54,1.8,129,4.532061855670103,60.10412371134021,4.91752808988764,0.165,65.25955056179775,1.85,0.394,1.3515000000000001,2.502,2.858,4.373,4.373,4.224,1.7809330628803246,2.116179775280899,2.5864044943820224,10.832696629213483,1.2222045237336732,-107.9,-84.88461538461539,39.62058639175258,-91.73332505154639,214.5701030927835,9.497272727272728,31.442454545454545,8.750041865015337
060,2025-07-28,2025-07-28T13:14:15Z,0.008,4.161,76,3.6665,3.7459062559737997,4.00267563540817,28.989109375,25.93575,29.064790322580645,26.235500000000002,0.8522952645322448,0.6584295619474279,0.3858486902914651,0.03782721109309395,3.7459062559737997,76,0.29,9.43,3.6,125.7,4.159868421052631,54.66710526315789,4.875,0.31,64.1171875,3.825,0.424,0.6759999999999999,2.894,3.19,4.161,4.161,0.598,1.62874251497006,2.51640625,4.50546875,15.36984375,1.7904377522508539,-105.125,-94.85714285714286,39.62059894736842,-91.73312881578947,217.31447368421053,9.397,30.3972,8.823092326461985
070,2025-06-10,2025-06-10T07:54:49Z,0.024,5.05,123,3.293,5.0019520025582125,5.034754972882054,21.704241666666668,17.278,23.37404,18.818354166666666,0.8883885376455964,1.9439250351063366,0.34956638800775486,0.029016374711009003,5.0019520025582125,123,0.19,12.27,2,145.6,5.815528455284553,68.5650406504065,5.956166666666666,0.19,70.22916666666667,2,0.865,2.4604999999999997,3.114,3.443,1.235,0.333,0.282,0.31239935587761675,3.474083333333333,0.9951666666666666,8.939166666666667,0.2864544604092207,-91.8,-47.31875,38.686816666666665,-94.35850333333333,278.17235772357725,12.228,23.8857,8.74605029696235
070,2025-07-01,2025-07-01T07:48:52Z,0.008,4.767333333333333,66,3.700833333333333,4.703688205898555,4.750977382676855,25.573883597883597,18.822333333333333,26.825073333333332,20.4053125,1.5427314136401264,1.0182207614203382,0.6408524906781763,0.05128840697617131,4.703688205898555,66,0.18,4.946666666666667,2,62.13333333333333,3.158989898989899,39.503535353535355,3.3005291005291006,0.18,41.287830687830684,2,0.008,0.6756666666666666,3.5773333333333333,3.7196666666666665,0.351,0.351,0.008,0.5944055944055944,3.9615873015873015,1.7802116402116401,12.822433862433863,0.4493682720303443,-49.66666666666667,0.12962962962962918,38.68731136363636,-94.35858873737374,279.51666666666665,4.92,27.038666666666668,7.675356853213938
070,2025-07-22,2025-07-22T07:44:50Z,0.04149999999999999,4.7476666666666665,64,4.746666666666666,4.720885070513476,4.7476666666666665,26.35009139784946,20.771333333333335,26.262275132275132,20.771333333333335,1.3509074795816787,4.970911896123745,0.5658905093187934,0.04885936106874762,4.720885070513476,64,0.14,5.79,1.6,74.35,2.3191145833333335,29.634114583333332,2.388978494623656,0.14,30.534139784946237,1.6,0.04149999999999999,2.099666666666667,2.072333333333334,3.345666666666667,2.1786666666666665,4.7476666666666665,2.7933333333333334,0.20707442888725125,6.236666666666666,1.0723924731182795,8.48532258064516,0.171949621558249,-185.13333333333333,-184.61666666666667,38.68784796875,-94.35836645833334,281.67083333333335,4.692222222222222,28.316333333333333,7.80469208303174
070,2025-08-12,2025-08-12T07:34:38Z,0.012,4.863,103,3.8994999999999997,4.604373988073945,4.802397440535556,26.076134020618557,22.057,26.73740506329114,22.93125,0.993528126734077,0.561040412093774,0.3926194518031086,0.023645761441173512,4.604373988073945,103,0.32,6.51,3.7,81.5,2.3398058252427183,29.179611650485437,2.4615463917525773,0.32,30.71958762886598,3.7,0.012,0.0395,3.581,3.95,2.718,0.274,2.187,0.533816425120773,3.3596907216494847,1.654123711340206,9.819690721649485,0.4923440424683175,-40.5,10.253846153846155,38.687681262135925,-94.35818174757281,281.95825242718445,4.87,26.888285714285715,7.45861845050195
072,2025-06-05,2025-06-05T12:24:34Z,0.02,14.045333333333334,106,7.673333333333334,12.688871204387766,13.031312668409523,20.519006802721087,15.777055555555556,21.52611111111111,17.63808108108108,0.8827998037077123,0.14048278054470872,0.12271526572267416,0.005181852488972926,12.688871204387766,106,0.36,11.09,3.6,126.06666666666666,7.696006289308176,86.77547169811321,8.290578231292518,0.39444444444444443,93.51836734693877,3.9833333333333334,1.8476666666666668,6.925000000000001,10.165,11.06,0.07533333333333334,1.122,0.07533333333333334,0.2971758664955071,3.1198979591836733,0.9117687074829932,12.560850340136055,0.29224311801580816,206.34444444444443,202.45555555555555,39.39802537735849,-94.55324688679245,260.8088050314465,10.705833333333334,21.636083333333335,8.75
072,2025-06-24,2025-06-24T12:46:03Z,0.13166666666666663,12.436333333333334,55,0.22416666666666663,7.693797503791399,12.298324928055267,25.455737373737374,17.642333333333333,28.88866666666667,23.42583950617284,1.7328967054603481,0.29636630336699543,0.2033813585018331,0.013446580171368775,7.693797503791399,55,0.5133333333333333,11.64,5.4,143.9,6.4203636363636365,77.8460606060606,8.995050505050505,0.53,110.15656565656566,5.566666666666666,1.681,2.2556666666666665,10.016333333333334,10.89,1.4443333333333337,1.2776666666666667,1.4443333333333337,0.340877914951989,2.2129292929292927,0.7267676767676767,9.499090909090908,0.3284188424319883,-8.066666666666666,-1.9444444444444442,39.398161878787874,-94.55418460606062,259.11030303030304,9.515,28.450333333333333,8.578490018197211
072,2025-08-28,2025-08-28T11:09:52Z,0.06733333333333333,13.573,85,9.163499999999999,9.821130329835063,12.725443259013202,26.198016393442625,19.6382,26.33769696969697,22.660566666666668,1.5462772811996501,0.37979504434510863,0.1876856120710667,0.008018780179711955,9.821130329835063,85,0.16,6.38,1.8,79.3,3.921529411764706,48.56156862745098,5.34551912568306,0.17266666666666666,66.28633879781421,1.88,0.06733333333333333,9.163499999999999,9.408666666666669,9.641,5.007333333333333,1.152,1.0086666666666666,1.1702508960573477,1.5087978142076504,1.7402732240437158,5.724207650273224,1.1534171163666653,-65.4,-67.80833333333334,39.39995737254902,-94.548582823529415,259.5564705882353,6.352222222222222,26.417444444444445,8.017789129100082
074,2025-06-11,2025-06-11T08:25:20Z,0.0045,9.467,117,1.5273333333333332,8.42513482975842,8.553197922262175,20.225485576923077,13.09763888888889,24.241484126984126,18.384458333333335,1.206592088375487,0.21666783524441693,0.2515026898193405,0.014074066455815208,8.42513482975842,117,0.04,10.933333333333334,0.4,130.26666666666668,4.1445584045584045,48.51595441595442,4.655448717948718,0.05638888888888889,54.51346153846154,0.5305555555555556,1.3666666666666667,1.970333333333333,4.069,4.674333333333333,1.944,1.8846666666666667,1.944,1.5166051660516608,0.7703525641025641,0.8921955128205128,3.7049358974358975,1.158165175785313,-85.13055555555556,-87.59444444444445,39.39399481481482,-94.26231307692308,271.03333333333336,10.576666666666666,24.3715,8.977452532331341
074,2025-07-02,2025-07-02T08:30:40Z,0.02733333333333333,9.269333333333334,116,4.337666666666667,8.15620057528141,8.439824155346825,23.067122641509435,13.350416666666666,27.502120218579236,16.390169696969696,1.8082852625940404,0.21966037856692472,0.3785812663004442,0.022874789481228116,8.15620057528141,116,0.02,8.906666666666666,0.2,114.93333333333334,3.198218390804598,40.83936781609196,3.4972327044025158,0.02708333333333333,44.66603773584906,0.2625,0.32533333333333336,1.8951666666666667,3.465666666666667,3.675333333333333,3.5993333333333335,2.0986666666666665,1.935,1.8717105263157892,0.48562893081761005,0.5730817610062893,1.2274528301886793,1.1800815903645665,-89.54583333333333,-91.27333333333334,39.39465793103448,-94.26222468390804,269.3977011494253,8.901904761904762,28.533904761904765,8.539525373047782
074,2025-07-23,2025-07-23T08:49:07Z,0.0185,9.037333333333333,80,4.240833333333334,5.411665045662101,7.587152021343774,27.289971631205674,13.887142857142857,28.36915789473684,17.021428571428572,2.825195503597911,0.45718565422010765,0.5039223720238305,0.02699169260375188,5.411665045662101,80,0.09,7.2,0.9,93.25,2.625125,33.658125,4.357943262411347,0.10880952380952381,56.16560283687943,1.061904761904762,0.0185,2.4978333333333333,3.780333333333333,4.1770000000000005,9.037333333333333,9.037333333333333,9.037333333333333,1.0922693266832915,0.9880851063829788,0.764645390070922,3.9011347517730495,0.7738659201837497,-148.39285714285714,-148.6611111111111,39.394784333333334,-94.2622176875,268.624375,7.122222222222222,28.754,8.249598548643295
074,2025-08-13,2025-08-13T08:28:13Z,0.031,9.329,171,5.615,6.990142149285387,7.290101354697189,24.603384615384616,14.462470588235295,26.531464646464645,16.306958333333334,2.0317928757802974,0.5878539866164871,0.42201713236844135,0.04130769114555148,6.990142149285387,171,0.16,9.17,1.5,116.3,3.559707602339181,44.51929824561404,4.616923076923077,0.19676470588235295,57.91307692307692,1.9323529411764706,1.057,3.5315,4.643,5.242,1.949,2.046,9.329,1.3071428571428574,0.8721538461538462,0.8862307692307693,2.8398461538461537,1.016140412771212,12.870588235294118,-19.211111111111112,39.39439994152047,-94.26239918128655,270.140350877193,8.916666666666666,27.523777777777777,8.165591465635373
078,2025-06-11,2025-06-11T11:59:36Z,0.00933333333333333,5.368666666666667,74,0.8331666666666666,1.3007941619960897,1.4864441357609302,23.452142857142857,21.69477011494253,24.217238095238095,21.819457711442787,0.40880111009528264,0.29958971718325633,0.14720122620287757,0.02510013233735545,1.3007941619960897,74,1.4733333333333334,8.950000000000001,16.6,106.16666666666669,5.392567567567568,62.1490990990991,8.77547619047619,4.473505747126437,103.28333333333333,51.0367816091954,0.226,2.0056666666666665,4.855666666666666,NA,1.334666666666667,1.334666666666667,1.201,0.317910447761194,1.1528571428571428,0.3416666666666667,4.021904761904762,0.29636513837257333,146.87126436781608,146.94761904761904,39.744258648648646,-94.03612581081082,278.08423423423426,8.855833333333333,24.413666666666668,8.449169062123115
078,2025-07-02,2025-07-02T12:09:09Z,0.00966666666666666,4.897,60,4.861833333333333,4.243109744250342,4.897,27.73550314465409,24.098333333333333,27.59816384180791,24.098333333333333,0.9632859019560556,1.159817895828504,0.3470743817924615,0.042237996518009156,4.243109744250342,60,0.36,8.34,4.266666666666667,107.6,4.103277777777778,52.474444444444444,4.567547169811321,0.36,58.44150943396227,4.266666666666667,0.935,1.8136666666666668,3.1113333333333335,4.098333333333334,0.935,1.5,0.8596666666666667,0.575070821529745,0.6935220125786163,0.23345911949685536,1.8032075471698112,0.3366282760496962,170.03333333333333,197.94666666666666,39.743689277777776,-94.03641372222222,276.43833333333333,8.291666666666666,28.64891666666667,8.224239335867722
078,2025-07-23,2025-07-23T12:28:07Z,0.014,4.893,83,0.973,4.729862843868673,4.774049458546868,27.72067948717949,27.12375,28.3564375,27.52458208955224,0.16644081952176748,0.24052797561614084,0.06742334552513815,0.006782106615258266,4.729862843868673,83,1.75,7.53,22,97,4.556506024096386,58.08433734939759,4.725769230769231,1.88,60.26025641025641,23.675,0.014,0.973,4.783,NA,0.014,0.014,0.014,0.6861702127659575,1.136025641025641,0.5302564102564102,3.6014102564102566,0.46676447353571826,80.375,81,39.743618674698794,-94.0368256626506,277.066265060241,7.362857142857143,28.398,8.017529694487399
078,2025-08-13,2025-08-13T12:00:47Z,0.02,5.43,69,0.85,1.7149023414383053,1.9808531249465189,27.6515,26.429487804878047,28.15825,26.60324561403509,0.3364612574466719,0.26806246254190025,0.11814050726029654,0.016402999335962048,1.7149023414383053,69,4.22,10.67,52.3,134.7,8.183913043478261,102.7463768115942,10.11125,6.911707317073171,128.44166666666666,85.94390243902438,0.987,1.7665,NA,NA,5.401,5.401,5.43,2.029940119760479,0.9608333333333333,2.195,5.706666666666667,2.2844752818733736,174.84878048780487,180.04285714285714,39.74355260869565,-94.03658246376811,279.30434782608694,9.273333333333333,28.296,8.106535968493798
081,2025-06-11,2025-06-11T10:08:16Z,0.015,8.191333333333333,89,2.3049999999999997,2.0281938259224144,2.525959505067102,23.755114942528735,20.08522222222222,23.648833333333332,20.219533333333334,0.8292836679585207,0.900453248633809,0.19087909270400166,0.05066420485713395,2.0281938259224144,89,0.23,10.336666666666666,2.4,122.9,6.1514606741573035,71.40486891385768,10.068850574712643,3.5118954248366014,119.13103448275862,39.523529411764706,0.41933333333333334,2.3049999999999997,5.548333333333334,6.076,1.1383333333333334,1.196,0.604,0.250776397515528,3.5233333333333334,0.8329885057471265,10.282183908045976,0.23642057873617592,152.49477124183005,-15.744444444444447,39.80384670411985,-94.38123767790262,290.2996254681648,10.307500000000001,24.082749999999997,8.715028781677848
081,2025-07-02,2025-07-02T10:18:14Z,0.03566666666666666,7.007,71,5.237500000000001,6.319452213199822,7.007,26.869474747474747,19.190333333333335,27.430158192090396,21.129916666666666,1.8176320691886758,0.4347936497997615,0.4724467556902519,0.02114109253714234,6.319452213199822,71,0.16666666666666669,10.053333333333336,1.8,130,4.499671361502347,57.718779342723,4.827373737373738,0.16666666666666669,61.94747474747474,1.8,1.0583333333333331,2.349,3.4956666666666667,3.717,2.294666666666666,2.3596666666666666,2.294666666666666,1.4735376044568245,0.7655050505050505,0.7281313131313132,2.6295454545454544,0.9511776736821271,-2.7333333333333334,14.350000000000001,39.80427051643193,-94.38086211267606,290.669014084507,9.978888888888891,28.764999999999997,8.768891729157614
081,2025-07-23,2025-07-23T10:33:59Z,0.045,0.298,5,NA,NA,NA,NA,NA,NA,NA,NA,NA,NA,0.0011645866684377145,0.298,5,8.26,8.72,108,114,8.496,111.1,NA,NA,NA,NA,0.045,0.12,NA,NA,0.11,0.248,0.13,1.2,NA,NA,NA,NA,NA,108.94,39.80447,-94.381696,291.28000000000003,8.496,29.2924,8.712428858746597
081,2025-08-13,2025-08-13T10:05:39Z,0.037,7.705,112,5.6575,7.133443966817085,7.554140321018681,25.949990099009902,19.690166666666666,26.662204819277108,21.622827586206895,1.4696658107882286,0.5397486137628129,0.3617328895211057,0.019560988044719875,7.133443966817085,112,0.32,9.64,3.5,121.3,4.628125,57.88214285714286,5.093564356435643,0.3383333333333334,63.76237623762376,3.7,0.829,2.618,4.105,5.159,7.648,7.679,0.888,1.5256410256410258,1.2857425742574258,1.5096039603960396,4.868019801980198,1.1741105806252887,-7.583333333333334,16.65,39.80399964285714,-94.38164589285714,289.4625,8.836,27.4592,8.146244965331123
087,2025-07-10,2025-07-10T11:17:29Z,0.028,9.659,173,6.287,9.604117896048647,9.644198905873848,22.647303571428573,13.972333333333333,26.653036697247707,15.1471875,1.625726409514641,0.6834647955788283,0.33523308195235707,0.025025459004045097,9.604117896048647,173,0.19,7.6,1.8,99.9,2.983872832369942,38.15606936416185,3.0670238095238096,0.19,39.23690476190476,1.8333333333333333,0.028,1.9665,4.245,5.413,4.794,4.846,4.884,5.330434782608696,0.6681547619047619,0.5183928571428571,1.290654761904762,0.7758574610244988,-139.8,-135.32857142857142,39.79652676300578,-93.02728907514451,244.07398843930636,7.591111111111111,29.645222222222223,8.44
087,2025-07-29,2025-07-29T11:57:57Z,0.019,10.028,167,6.681,7.3184762610680725,7.703910541652938,26.77765873015873,15.052606060606061,27.59491304347826,15.938423076923076,2.515956222021032,0.4965932147600878,0.48321354016932916,0.0444662577377995,7.3184762610680725,167,0.27,8.81,2.7,116.8,4.0116766467065865,52.24550898203593,5.208888888888889,0.31606060606060604,68.1595238095238,3.1515151515151514,0.761,3.1325000000000003,4.607,5.396,2.627,5.199,5.072,5.442622950819672,0.4053174603174603,0.5735714285714286,1.6636507936507936,1.4151165067554339,222.8151515151515,222.05555555555557,39.79652023952096,-93.02737502994012,243.03592814371257,8.689,30.5015,8.5361427071536
088,2025-05-15,2025-05-15T12:25:36Z,0.017,6.648,87,2.6335,6.117558469213621,6.498490694284092,19.49025,15.4245,22.311931034482757,17.610206896551723,0.7261309409474279,0.20463570244096924,0.2066120194920923,0.010382170587687574,6.117558469213621,87,0.87,8.23,8.7,96.8,4.985747126436782,55.44252873563218,5.332375,0.895,59.39,8.95,0.288,3.1595,5.593,6.431,2.069,2.468,1.943,0.4660194174757281,0.616375,0.259625,1.12375,0.42121273575339685,130.2,134.18333333333334,39.66338712643678,-92.99547471264367,229.6103448275862,8.208333333333334,23.4875,8.14
088,2025-06-04,2025-06-04T10:38:57Z,0.013,8.121,164,3.7735000000000003,7.1455607543541,7.642147557280233,20.737125874125873,14.3178,22.503716049382717,17.490361445783133,1.1498158265175107,0.30156710385278884,0.26685332049735466,0.03458644668334345,7.1455607543541,164,0.27,8.65,2.7,99.9,4.7230487804878045,54.08780487804878,5.3664335664335665,0.314,61.53496503496503,3.07,0.013,3.66,4.788,5.438,3.417,0.013,3.375,0.3389121338912134,1.304125874125874,0.46622377622377625,3.1765034965034964,0.3574990616118827,-99.11,-99.11,39.66313707317073,-92.9952406707317,228.52134146341464,8.57857142857143,22.594285714285714,8.427465765491421
088,2025-07-01,2025-07-01T10:47:01Z,0.0545,8.073333333333334,84,3.6541666666666663,6.687903629114241,7.237967613205531,23.647772946859902,15.438361111111112,27.613270833333335,18.90501282051282,1.6484868586934454,0.3003472960829138,0.38232886599402705,0.022512788961023125,6.687903629114241,84,0.15,8.036666666666667,1.5,103.26666666666668,2.911170634920635,36.59107142857143,3.5054830917874398,0.16944444444444445,44.158212560386474,1.6916666666666667,0.31033333333333335,3.3993333333333333,3.8486666666666665,4.142,0.774,0.8993333333333333,0.8993333333333333,1.0936995153473343,1.0733574879227052,0.9656280193236715,3.3746859903381643,0.8996331885590837,-150.5861111111111,-151.48518518518517,39.663177777777776,-92.99524535714286,228.28194444444443,8.004166666666666,28.348444444444446,8.776683689999981
088,2025-08-05,2025-08-05T11:31:03Z,0.11233333333333333,8.106333333333334,107,0.6798333333333333,7.924908756875524,7.97671589585261,23.13167973856209,16.05,26.985666666666667,22.55272607260726,1.426804269491413,NA,0.34978663932893417,0.01137776804119076,7.924908756875524,107,0.07333333333333333,9.933333333333334,0.7666666666666667,123.73333333333332,3.1853894080996885,39.309657320872276,3.3376797385620915,0.07833333333333334,41.19705882352941,0.7916666666666667,0.805,2.0373333333333337,3.2186666666666666,3.408333333333333,1.05,8.106333333333334,1.05,0.45219638242894056,1.2566993464052287,0.4091830065359477,3.522843137254902,0.32560135222987907,236.65833333333333,236.7925925925926,39.663199844236765,-92.99526803738318,228.30498442367602,9.397777777777776,27.061,8.522233612332228
089,2025-06-23,2025-06-23T12:39:19Z,0.11266666666666666,20.495666666666665,94,17.078333333333333,19.3280523332574,19.3280523332574,25.849723484848486,24.183222222222224,25.999320675105487,24.395244444444444,0.42733196459175815,NA,0.04169973795356008,0.0034033598245478552,19.3280523332574,94,3.2,6.596666666666667,38.166666666666664,81.76666666666667,5.87031914893617,72.18652482269503,6.044621212121212,3.313888888888889,74.41439393939395,39.51111111111111,0.11266666666666666,17.418666666666667,NA,NA,6.858,12.265333333333334,0.11266666666666666,0.2510548523206751,1.3927651515151516,0.2711363636363636,2.7926136363636362,0.19467486197612116,176.6222222222222,176.66666666666666,38.264160177304966,-93.40664939716312,213.80567375886525,6.591666666666667,26.27816666666667,7.625156684863877
089,2025-08-11,2025-08-11T12:37:04Z,0.05966666666666666,17.866666666666667,193,NA,NA,NA,NA,NA,NA,NA,NA,NA,NA,5.61149284905301e-4,17.866666666666667,193,6.01,7.84,76.6,100.5,6.2110017271157165,79.22452504317789,NA,NA,NA,NA,0.05966666666666666,0.575,NA,NA,1.2006666666666663,2.0103333333333335,0.5083333333333333,0.5208333333333334,NA,NA,NA,NA,NA,160.7375,38.264000518134715,-93.406858462867,212.72262521588945,7.748333333333333,28.157,8.181925656003205
089,2025-09-05,2025-09-05T13:34:22Z,0.08966666666666667,20.493666666666662,148,NA,NA,NA,NA,NA,NA,NA,NA,NA,NA,3.577374049460195e-4,20.493666666666662,148,5.71,7.566666666666666,69.1,91.4,5.943333333333333,71.86576576576577,NA,NA,NA,NA,0.08966666666666667,0.17116666666666666,NA,NA,20.493666666666662,0.43933333333333335,20.493666666666662,0.7797468354430378,NA,NA,NA,NA,NA,95.56666666666666,38.26386123873874,-93.40634414414414,212.34572072072072,7.12,24.889444444444447,8.00847108519467
091,2025-06-09,2025-06-09T17:53:48Z,0.009,4.816,89,3.377,3.7020910954241937,3.8948297811146104,25.23721875,21.251285714285714,25.506706896551723,21.602870967741936,0.9532998132209514,0.4267916552927118,0.38065464103545915,0.07366062295773496,3.7020910954241937,89,0.65,11.26,7.3,137.7,8.331011235955057,101.05505617977528,10.8509375,1.4333333333333333,132.1921875,16.214285714285715,1.507,3.377,4.148,4.556,3.332,0.932,2.829,0.35784313725490197,3.2871875,1.0759375,12.0528125,0.3273124821751117,168.51904761904763,163.42307692307693,38.0061304494382,-94.04768617977528,214.77752808988765,11.0775,25.562375,9.036305300797547
091,2025-06-30,2025-06-30T17:08:25Z,0.022,4.74,109,4.2645,4.399741081475601,4.644605319283919,27.76212,23.419333333333334,27.864907216494846,23.83716666666667,1.1366876308700284,0.8134129949642759,0.4560556021761559,0.047939439111993026,4.399741081475601,109,0.71,7.34,8.4,96.1,5.285871559633027,67.65045871559633,5.6566,0.76,72.494,8.933333333333334,0.022,2.083,4.503,4.616,0.286,0.286,0.344,0.9936708860759493,0.8424,0.7956,3.3187,0.9444444444444444,57.233333333333334,150.56153846153848,38.005865229357795,-94.04725541284404,217.12568807339449,7.331,29.3565,7.74
091,2025-07-21,2025-07-21T18:57:13Z,0.002,4.169,76,2.635,3.7831360464544392,4.169,30.212776119402985,26.849,30.699702127659574,28.500310344827586,0.9712946397343103,0.8167572999689734,0.4264867840797937,0.01972186888501294,3.7831360464544392,76,1,11.78,12.6,158.5,8.735394736842105,116.39736842105263,9.713731343283582,1,129.56567164179106,12.6,0.52,2.7729999999999997,3.841,4.169,2.435,0.768,0.235,1.004149377593361,1.9814925373134329,2.1497014925373135,9.473582089552238,1.0848900271166013,-86.9,-42.18333333333333,38.00687184210526,-94.0473602631579,217.725,11.26125,31.074875,9.247521503776607
091,2025-08-11,2025-08-11T17:50:11Z,0.002,4.466,84,1.779,3.221634391412911,3.268288316953679,28.583186440677967,27.719,29.083000000000002,27.888169811320754,0.24665428323044125,0.19254487038208273,0.10931672904692498,0.011010537244936055,3.221634391412911,84,0.54,8.32,6.9,105.6,4.493571428571428,58.070238095238096,5.744067796610169,1.4478260869565218,74.36271186440678,18.417391304347827,0.002,0.0205,3.498,4.185,0.849,0.039,0.076,1.7160493827160492,1.9920338983050847,3.4552542372881354,10.003559322033897,1.7345358631838679,232.6391304347826,232.875,38.00633880952381,-94.04735964285715,220.8,7.798571428571429,29.141428571428573,7.972913392494288
092,2025-06-09,2025-06-09T12:40:41Z,0.01766666666666666,24.260666666666665,181,24.259,24.25662978472769,24.260666666666665,18.91538919925512,14.229333333333331,18.889562962962962,14.229333333333331,0.7899813713739832,1.586914531548907,0.06511362232730669,0.015579537049225801,24.25662978472769,139,0,9.653333333333334,0,113.83333333333331,3.0622781774580337,35.350599520383696,3.0622781774580337,NA,35.350599520383696,NA,1.563,3.8875,8.758,10.961,1.563,24.260666666666665,24.260666666666665,0.8530066815144767,0.5760335195530726,0.17700186219739292,1.7291061452513967,0.3072770180713154,63.46666666666667,89.05,37.89989920810313,-93.31748624309392,252.09797421731125,9.543333333333333,23.7195,8.953346125347144
092,2025-06-30,2025-06-30T12:31:29Z,0.02466666666666666,25.893333333333334,209,8.1425,19.82411266715578,20.234852468766224,22.74411990407674,16.63377948717949,27.409371794871795,18.506647558386412,1.2382155320646007,0.20626404914344623,0.09414629633307148,0.018334731074589706,19.82411266715578,153,0,6.68,0,85.5,1.8909150326797386,24.0161220043573,2.080743405275779,0.0011111111111111111,26.428537170263787,0.011111111111111112,1.0793333333333333,4.136833333333334,6.824,7.341333333333334,25.835333333333335,25.835333333333335,1.145,1.4129213483146068,0.3940767386091127,0.2862829736211031,0.9485131894484412,0.7264650398588207,0.4579487179487201,-73.44583333333333,37.900709553429024,-93.31618385964912,252.6207336523126,6.5922222222222215,28.706333333333333,8.630008528051073
092,2025-07-21,2025-07-21T13:39:08Z,0.013,22.203,133,5.468666666666667,21.986062372650743,22.203,24.941466666666667,18.194666666666667,30.672036231884057,21.680567049808428,1.4985667588456408,0.12409948590205942,0.1336816171172211,0.008298900303510343,21.986062372650743,133,0.08,9.266666666666666,0.8,124.33333333333331,3.2516791979949877,43.32155388471178,3.324871794871795,0.08,44.30205128205128,0.9,1.1696666666666666,5.244666666666667,5.971,6.403666666666667,1.48,1.6556666666666666,22.203,0.7566765578635015,0.7052051282051283,0.306025641025641,2.3576153846153844,0.43395265970984975,-161.6,-159.65333333333334,37.901248471177944,-93.31727373433584,254.68045112781954,8.693333333333333,31.370266666666666,8.845668034743476
092,2025-08-11,2025-08-11T13:05:45Z,0.0075,21.291333333333338,85,20.67183333333334,20.591657118915624,20.76061040195829,23.793289029535867,18.192,23.726197916666667,18.2354,1.2117663916951642,0.5255360330165575,0.11293105384440526,0.008711690337484628,20.591657118915624,85,0.11,7.87,1.1,102.4,2.692980392156863,34.62470588235294,2.888776371308017,0.11,37.16286919831224,1.1666666666666667,0.0075,7.548166666666667,8.824,9.73,0.0075,2.7506666666666666,3.0396666666666667,0.8547008547008548,0.5696835443037975,0.30118143459915614,0.9796413502109704,0.5286819982964855,-102.62222222222222,-102.62222222222222,37.89984156862745,-93.31800576470589,253.61921568627452,7.83,29.077055555555557,7.658731885045212
093,2025-06-17,2025-06-17T10:59:57Z,0.27466666666666667,23.836666666666662,123,3.516,15.656034038769477,16.483349231938643,21.008911392405064,13.609133333333334,25.844529411764707,17.22220440251572,1.3063308126116908,0.13630844970034578,0.1059302443567712,0.00477061827975752,15.656034038769477,123,0.17,10.576666666666666,1.6333333333333333,126.93333333333334,3.3408130081300813,39.10433604336043,4.830337552742616,0.6920000000000001,57.29915611814346,6.670833333333333,3.598333333333333,5.534333333333333,8.899666666666667,10.433333333333334,4.470666666666666,5.266333333333333,4.680666666666666,0.8204081632653061,0.32316455696202534,0.1739662447257384,0.8724050632911392,0.5383209296252774,227.2775,231.98888888888888,37.69058021680217,-93.76019016260162,265.1382113821138,10.016666666666666,26.209,8.53
093,2025-07-09,2025-07-09T10:54:09Z,0.15466666666666667,25.963333333333335,93,5.437833333333334,9.26146363329882,13.600749608997168,26.1350101010101,13.769141843971632,28.970296296296297,16.206533333333333,2.5267985022625226,0.15052522619843114,0.16677096303086986,0.008529963494329253,9.26146363329882,93,0,9.046666666666669,0,117.8,2.151863799283154,27.43799283154122,5.857171717171717,0.06624113475177305,75.21010101010101,0.650354609929078,1.6283333333333334,5.120666666666667,7.262,7.946333333333333,6.4590000000000005,6.4590000000000005,6.748666666666667,0.29765013054830286,0.7156565656565657,0.11363636363636363,3.0145454545454546,0.15878616796047987,-466.9354609929078,-468.23333333333335,37.68906114695341,-93.7619229390681,262.3326164874552,8.498333333333335,29.636833333333335,8.306689568282257
093,2025-07-29,2025-07-29T11:01:27Z,0.0045,27.269,159,6.243166666666667,5.445225239940477,11.852440312238802,31.566960784313725,14.051545454545455,31.396947368421053,15.834052341597797,4.071270278546763,0.525848732972367,0.24178906506009007,0.01878237822835126,5.445225239940477,159,0.05,8.16,0.5,111.2,2.21062893081761,29.38993710691824,8.113823529411764,0.11640151515151516,110.32549019607843,1.159469696969697,1.6516666666666666,6.243166666666667,7.179,7.748,7.748,27.269,27.232,0.2607655502392345,0.47068627450980394,-0.34691176470588236,1.0775,-0.7370339512601541,160.4655303030303,-19.773333333333333,37.688382431865826,-93.76016642557651,263.7029350104822,7.944444444444445,31.97811111111111,8.27278274945409
093,2025-08-19,2025-08-19T12:35:25Z,0.00833333333333333,25.361333333333334,240,8.054833333333333,11.269570313901628,11.989333424157484,26.14259633027523,13.890731707317073,28.509440476190477,14.697179487179486,2.5122094845722813,0.1691593591926985,0.1926460024413421,0.01669656398685453,11.269570313901628,218,0,8.563333333333334,0,113.6,2.6812996941896023,34.87232415902141,5.307706422018349,0.04739273927392739,69.20091743119266,0.46534653465346537,3.2046666666666668,4.091333333333333,7.301,7.432333333333333,6.5649999999999995,5.602333333333333,7.301,0.2164179104477612,0.4469113149847095,0.03486238532110092,0.6624464831804281,0.07800739017380594,218.32466124661246,42.355555555555554,37.68839938888889,-93.76266187499999,263.6988888888889,8.334666666666667,30.331133333333334,8.030463564643599
096,2025-06-09,2025-06-09T15:10:04Z,0.01866666666666666,21.362,196,2.4638333333333335,9.161634212514748,9.872484525621594,19.602621621621623,10.983807471264369,23.0935,13.333804924242424,1.3204780395813032,0.23258409509486516,0.11964726085214325,0.011227070123529213,9.161634212514748,159,0,10.57,0,125.06666666666666,2.639350104821803,29.045,4.97436936936937,0.6058227848101266,56.365315315315314,5.503333333333333,0.36733333333333335,2.530666666666667,6.672666666666667,8.152333333333333,1.654,1.971666666666667,1.971666666666667,0.20623916811091858,0.9066216216216216,0.15427927927927929,2.4547297297297295,0.17016942415660555,150.96522988505748,152.88750000000002,37.314415595238096,-93.22215863945578,382.22414965986394,10.556666666666668,23.787,8.637789129100083
096,2025-06-30,2025-06-30T14:37:37Z,0.02333333333333333,18.903333333333332,189,4.7615,9.5537472186083,10.60286762771665,21.624626543209878,11.458356481481482,26.198134615384614,14.043194647201947,1.7011524223645438,0.14470001076717182,0.17052062310972335,0.016290339700352006,9.5537472186083,125,0,7.74,0,97.5,2.7039466666666665,33.593333333333334,3.1278703703703705,8.333333333333325e-4,38.864506172839505,0.008333333333333333,0.202,3.6561666666666666,4.617,4.837666666666666,3.645,3.645,3.748666666666667,0.7916666666666665,0.5132407407407408,0.26830246913580247,2.939907407407407,0.5227614408563352,168.6888888888889,180.50833333333333,37.3156367372134,-93.22240520282188,384.3352733686067,7.589166666666666,28.2665,8.154207418955878
096,2025-07-21,2025-07-21T16:16:35Z,0.02633333333333333,22.365333333333332,161,5.663,1.6955847886247222,8.375884688424653,31.468416666666666,11.37715015015015,28.437933333333334,12.449216284987278,4.368747149792512,0.5002540800524294,0.3008195493434066,0.015953235767880547,1.6955847886247222,156,0,9,0,118.96666666666668,1.489508547008547,19.186965811965813,8.589166666666667,0.06286163522012579,116.625,0.6015723270440252,1.602666666666667,3.9098333333333333,5.487333333333333,5.985,5.351,5.487333333333333,5.487333333333333,0.5623721881390594,0.38208333333333333,-0.14375000000000002,1.3625,-0.37622682660850604,34.673273273273274,22.526666666666667,37.3152233126294,-93.22256917184265,386.3631469979296,8.34,32.77622222222222,8.515626923087144
096,2025-08-11,2025-08-11T15:24:15Z,0.04033333333333333,21.980333333333338,178,5.9238333333333335,12.196942387072827,12.372660235378559,19.114498281786943,10.602746835443037,27.27351612903226,12.725097505668934,1.2605881196273003,0.15374561178370869,0.11379176815333969,0.015021528481014871,12.196942387072827,123,0,8.47,0,109.3,1.7825474254742548,22.1312,2.2557731958762886,0.015138888888888887,28.47594501718213,0.13205128205128205,1.727666666666667,4.279333333333334,5.727666666666667,6.084333333333333,3.776,5.576333333333333,5.727666666666667,1.106312292358804,0.46398625429553264,0.3063573883161512,2.2035395189003437,0.6602725522144868,146.17088607594937,0.12380952380952391,37.31522936329588,-93.222552247191,381.46816479400746,8.088333333333333,29.316000000000003,8.134350680202909
098,2025-05-13,2025-05-13T09:31:57Z,0.01399999999999999,41.61533333333333,233,4.106333333333334,39.80651665257609,39.838905109684305,13.088952167414051,7.743416666666667,20.063933333333335,11.367544041450778,0.49698607567563613,0.18448065072792846,0.023866183037637278,0.0041326622375438835,39.80651665257609,233,7.64,11.34,73.66666666666666,124.7,9.176781115879828,87.61909871244636,9.187503736920778,8.92,88.18124065769805,74.89166666666667,1.103,39.81733333333334,NA,NA,3.7153333333333336,2.2213333333333334,0.17266666666666666,0.1407766990291262,0.11822122571001495,-0.09996263079222721,1.8780194319880419,-0.8455556960424833,250.68333333333334,250.95555555555558,36.59646786838341,-93.31111045779686,277.73068669527896,10.6825,20.24433333333333,8.82
098,2025-06-16,2025-06-16T12:00:10Z,0.21766666666666665,55.957,178,4.722333333333333,12.030249205071932,12.310659187000946,22.785694915254236,12.044539548022598,26.123506666666668,13.920137254901961,1.9020471220447916,0.10043721956471731,0.06764348225339624,0.006652823548455874,12.030249205071932,178,2.86,10.6,29.8,131.16666666666666,6.09810861423221,62.63295880149813,7.4161016949152545,5.466553672316384,88.25762711864407,50.09887005649718,2.4313333333333333,5.433666666666666,NA,NA,2.1843333333333335,2.2843333333333335,5.183666666666666,0.21086956521739128,0.6481920903954802,0.1327683615819209,3.2716949152542374,0.2048287283186612,259.9279661016949,265.8,36.595799044943824,-93.31215252808988,284.39737827715356,10.036666666666669,26.470333333333336,8.63
098,2025-07-08,2025-07-08T15:08:25Z,0.08433333333333333,64.81366666666666,275,7.235833333333334,45.5524612333196,45.71938410680052,17.305782196969698,9.21790378006873,29.495988505747125,12.627406504065041,1.042236717001856,0.19099643839524835,0.03207840139270885,0.01238562496916585,45.5524612333196,275,0.78,10.156666666666666,8.3,134.06666666666666,4.039987878787879,41.645575757575756,4.425397727272728,3.3126460481099658,48.540719696969695,28.98556701030928,2.040666666666666,6.654999999999999,9.545666666666667,10.896333333333333,1.861,7.886666666666667,7.563,0.2172774869109948,0.5710416666666667,0.09837121212121212,2.016477272727273,0.17226625982554475,218.3591065292096,221.35000000000002,36.59585770909091,-93.3123069090909,279.3381818181818,9.764999999999999,29.842000000000002,8.621823351530544
098,2025-07-28,2025-07-28T14:11:08Z,0.087,62.933,158,5.795999999999999,6.843771600612289,11.293448228505127,31.69714814814815,13.377302521008403,31.97032,14.46478947368421,4.203564779674366,0.39326575294052585,0.1247669279416637,0.018332520009904315,6.843771600612289,158,0.38,8.87,3.3,121.3,3.6804430379746838,42.15822784810126,8.798518518518518,2.3812605042016806,120.17777777777778,22.64873949579832,4.058,7.448,13.611,20.783,7.277,7.619,7.898,0.3639705882352941,1.0822222222222222,-0.10703703703703704,2.857407407407407,-0.09890485968514717,228.17563025210083,246.6,36.59631037974683,-93.31307398734177,281.4151898734177,8.8,32.029399999999995,8.520046051294917
110,2025-05-08,2025-05-08T13:05:06Z,0.03,7.012,90,4.7115,6.744758369449381,6.821991042796719,17.279337209302327,12.903500000000001,18.458396825396825,13.88437037037037,0.6628676635510828,0.1793413157123247,0.18700688610297658,0.009954384656368005,6.744758369449381,90,2.52,9.17,23.8,100.1,6.756666666666667,71.30444444444444,6.948255813953488,2.56,73.45813953488373,24.25,0.057,3.627,NA,NA,2.143,1.926,2.324,0.04988662131519274,1.8116279069767443,0.06395348837209303,4.670930232558139,0.03530166880616174,241.95,241.43333333333334,37.99547922222222,-91.69096211111112,315.49,9.16,19.634714285714285,7.75
110,2025-06-18,2025-06-18T15:47:43Z,0.004,8.911,157,2.518,4.502319906704081,4.982287292373935,24.69097752808989,13.565935483870968,27.636924528301886,16.16223076923077,2.1784438205850165,0.6051524390866647,0.46394449711522007,0.10348319851873909,4.502319906704081,157,0.12,9.25,1.1,117.5,3.6989171974522295,45.986624203821655,6.322696629213484,0.24274193548387096,79.12921348314607,2.358064516129032,0.098,2.518,3.122,3.618,2.478,1.133,8.764,0.4468085106382979,1.2165168539325844,0.43887640449438203,2.311460674157303,0.36076475477971737,-52.06935483870968,-89.2875,37.99558802547771,-91.69082840764332,312.09936305732487,9.24125,27.70575,8.438849108489771
110,2025-07-09,2025-07-09T14:57:28Z,0.01966666666666667,8.385,62,2.2093333333333334,4.462692910928408,6.849525587566427,26.973070175438597,13.464166666666667,29.795469696969697,18.129091666666667,2.7946783806651183,0.31318092325882674,0.5188863333769052,0.019635488887967907,4.462692910928408,62,0.12,8.81,1.1666666666666667,116.1,3.367741935483871,43.846774193548384,5.363421052631579,0.1488888888888889,70.22631578947369,1.4277777777777778,0.9546666666666668,2.02,2.6136666666666666,2.848666666666667,2.106,2.1723333333333334,2.106,0.42211055276381915,0.9257894736842105,0.36464912280701756,2.667456140350877,0.3938790979723328,-10.894444444444446,-34.61666666666667,37.99569575268817,-91.69127489247312,314.8005376344086,8.547619047619047,31.09038095238095,8.338457531584295
110,2025-08-18,2025-08-18T15:31:42Z,0.14733333333333334,8.473666666666666,79,4.487333333333334,5.830263094349201,6.863445268786159,24.954488095238094,13.515958333333334,27.947433333333333,15.333282051282051,2.2521865100123932,0.1645781728282752,0.4738029493589683,0.016223591509008168,5.830263094349201,79,0.11,8.083333333333334,1,109.3,3.080253164556962,39.96751054852321,4.285654761904762,0.12708333333333333,55.80654761904762,1.2083333333333333,0.14733333333333334,2.8531666666666666,3.627666666666667,4.132,8.430333333333333,8.430333333333333,3.627666666666667,0.9483600837404047,1.0308333333333333,0.6225595238095238,2.9483333333333333,0.6039380990876545,-60.702083333333334,-74.26666666666667,37.99578928270042,-91.69119160337553,313.5632911392405,8.031666666666666,30.93416666666667,8.188336531360335
111,2025-05-27,2025-05-27T10:52:09Z,0.105,11.434,77,10.8475,10.709616027180003,11.071220659160897,20.734728571428573,19.401666666666667,20.722084507042254,19.509,0.2759195778430694,0.21418384571053778,0.0467834564571588,0.007327449834320263,10.709616027180003,77,2.47,6.76,26.8,75.6,6.225584415584415,69.43766233766233,6.542142857142857,2.6766666666666667,73.04142857142857,29.133333333333333,3.487,10.019,NA,NA,1.72,1.516,4.966,1.219298245614035,0.9801428571428572,0.9577142857142857,4.203285714285714,0.9771170383326045,277.76666666666665,276.98,38.10526688311688,-91.45805038961039,272.12857142857143,6.608,20.7174,7.552532202690583
111,2025-06-09,2025-06-09T11:37:38Z,0.09666666666666666,13.093666666666667,86,0.7833333333333333,10.869828375690805,11.127639548881662,22.713166666666666,20.089624999999998,24.3128,22.29961316872428,0.579151637638347,0.17500276120429026,0.0867546865725131,0.0038035849678279485,10.869828375690805,86,0.23333333333333336,9.59,2.566666666666667,114.53333333333332,5.668643410852713,66.24612403100775,6.3575,0.35333333333333333,74.3328947368421,3.895833333333333,0.6663333333333333,5.7155000000000005,9.752,10.921333333333331,13.093666666666667,1.6886666666666668,1.2793333333333332,2.7444933920704844,0.40206140350877195,1.0059649122807017,2.7396929824561402,2.5020181084324205,272.99583333333334,253.05,38.105651046511625,-91.45805813953488,270.9453488372093,9.514166666666668,24.3315,8.349265032800536
111,2025-06-24,2025-06-24T08:49:38Z,0.023,10.156,52,6.827500000000001,9.883106855558639,10.047687862146901,26.845833333333335,22.634,28.103235294117646,23.542444444444445,1.0684274216491758,0.3078525644603856,0.207047921229848,0.00894956676119072,9.883106855558639,52,1.16,9.53,13.5,123.6,6.378076923076923,81.01153846153846,6.800625,1.205,86.49583333333334,14,0.939,3.442,9.211,NA,0.023,2.795,3.027,5.372340425531915,0.58875,2.7720833333333332,7.911458333333333,4.708421797593772,130.65,140.44,38.106197307692305,-91.45830826923077,278.2346153846154,9.3775,28.96575,8.747521503776607
111,2025-07-16,2025-07-16T08:21:47Z,0.104,12.182,56,10.542,11.779261896956482,11.952852843292094,28.24661224489796,25.7035,28.587833333333332,25.955714285714286,0.6985912879883927,0.2687627640203987,0.11308099969035945,0.005705467619218315,11.779261896956482,56,0.58,7.93,7.1,103.8,3.8128571428571427,49.49821428571428,4.26795918367347,0.6183333333333333,55.4734693877551,7.55,0.104,4.27,8.634,10.494,12.182,0.489,12.182,2.6595744680851063,0.633265306122449,1.1783673469387754,2.897551020408163,1.8607798904286172,-6.1,0.9428571428571438,38.10578660714286,-91.45816875,278.475,7.916666666666667,29.46633333333333,8.127001488257477
112,2025-05-28,2025-05-28T10:40:58Z,0.02866666666666666,14.638666666666667,108,4.447666666666667,7.873967601835024,9.083854582702209,18.717985507246375,8.50834375,21.289935185185186,12.151268518518519,1.3546871263796447,0.15550258186878643,0.17095403864698325,0.016583010669153787,7.873967601835024,108,0.8233333333333334,10.883333333333333,6.933333333333334,113.66666666666666,6.93929012345679,72.51543209876543,9.117584541062802,2.6119791666666665,98.20917874396135,22.515625,5.100666666666666,5.23,13.008333333333333,14.547333333333334,5.1963333333333335,14.638666666666667,14.638666666666667,0.7926078028747433,0.8117391304347826,0.13797101449275362,1.886328502415459,0.16996964827709338,216.71770833333332,216.40666666666667,37.897974166666664,-90.6432049691358,271.070987654321,9.23,21.380499999999998,8.48
112,2025-06-17,2025-06-17T09:56:11Z,0.12466666666666668,16.802,158,4.662,9.057429338589625,9.626473585754535,20.807301075268818,8.320561475409836,25.38875816993464,11.112834112149534,1.7927775336314653,0.15588528313647806,0.20640987474590775,0.014075102929151284,9.057429338589625,158,0.03333333333333333,8.76,0.3,102.13333333333333,4.893481012658228,54.57932489451477,7.722508960573477,0.6877049180327869,87.5605734767025,5.965573770491804,0.37833333333333335,7.485333333333333,10.449,11.286666666666669,7.269666666666667,14.303,16.802,0.30935251798561153,0.4622222222222222,0.04519713261648746,0.6118996415770609,0.09778225806451614,99.4646174863388,-56.01833333333333,37.898189514767935,-90.64246392405063,271.3665084388186,8.226666666666667,26.317333333333334,8.327789129100083
112,2025-07-08,2025-07-08T09:35:39Z,0.26066666666666666,15.349,95,4.9625,3.5118280050378083,7.883174472837474,29.714897435897438,9.126147286821706,28.924495495495496,11.24440804597701,4.035772462509385,0.8211072100453098,0.4093003608328271,0.08600968983838823,3.5118280050378083,95,0.19666666666666668,8.16,1.6333333333333333,101.23333333333332,4.695438596491228,55.86105263157895,7.651794871794872,1.3419379844961241,100.78589743589744,12.063565891472868,1.2103333333333333,6.664999999999999,10.436333333333334,11.744333333333334,11.627,11.627,11.501,0.6043956043956045,0.06243589743589743,-0.183974358974359,-0.7035897435897436,-2.9466119096509242,262.0124031007752,202.5888888888889,37.898140385964915,-90.6426652631579,271.640701754386,7.68,29.7335,8.176679458680477
112,2025-07-29,2025-07-29T09:52:47Z,0.02633333333333333,16.367,83,5.139666666666667,9.746152680724594,10.066265621971148,25.607773333333334,8.697388888888888,30.970290322580645,11.838737179487179,2.9134478098907266,0.6401750004505182,0.34918536479601336,0.020446665755862205,9.746152680724594,83,0.25666666666666665,7.7,2.166666666666667,104.46666666666668,4.441124497991968,54.45903614457831,6.7672,0.7582222222222222,85.06066666666666,6.6,0.02633333333333333,8.177,10.373,11.765666666666666,12.329666666666666,12.329666666666666,12.329666666666666,0.4805598755832037,0.17306666666666667,-0.04713333333333333,-0.348,-0.27234206471494604,43.14888888888889,-78.56666666666666,37.897993212851404,-90.64251309236948,274.5465863453815,7.6977777777777785,31.421333333333333,8.288891729157616
113,2025-06-10,2025-06-10T12:40:19Z,0.01033333333333333,6.243666666666667,84,0.35050000000000003,4.750220328185308,6.055135956329428,23.73979104477612,19.434555555555555,26.71825,22.988191666666665,0.9581106895147968,0.5102291350244545,0.25385182332143147,0.02180895653844298,4.750220328185308,84,0.36,16.30333333333333,3.8666666666666663,198.06666666666663,6.509880952380953,77.35515873015873,7.785820895522388,0.3844444444444445,92.70348258706467,4.2,0.30433333333333334,0.6845000000000001,5.3133333333333335,5.652666666666667,0.01033333333333333,NA,0.30433333333333334,NA,3.624129353233831,NA,6.388756218905473,NA,91.21111111111111,119.53333333333333,38.93387126984127,-93.58227575396825,211.2202380952381,15.624,26.4802,9.234249778410952
113,2025-07-01,2025-07-01T12:43:29Z,0.02266666666666667,4.595666666666666,53,4.2515,3.799761368753847,4.595666666666666,28.21031205673759,23.184333333333335,28.14509333333333,24.025555555555556,1.3203135486552355,1.371995914390664,0.48976942432714543,0.033461534874662496,3.799761368753847,53,3.0433333333333334,8.06,35.733333333333334,103.96666666666668,6.99440251572327,89.5377358490566,7.312553191489362,3.0433333333333334,93.87304964539007,35.733333333333334,1.11,2.0904999999999996,NA,NA,1.477,0.608,1.447,0.433252427184466,1.9492198581560283,0.6668085106382978,8.952836879432624,0.3420899432397031,186.36666666666667,194.89999999999998,38.9346234591195,-93.58251433962265,210.7194968553459,8.005555555555555,28.642111111111113,8.214498521893995
113,2025-07-22,2025-07-22T13:01:36Z,0.027,5.586,122,5.2175,4.778593411510747,5.586,28.462490384615386,21.712,28.25486842105263,22.5,1.7333735075762888,1.6481044362528994,0.5422378456884221,0.05821327093906903,4.778593411510747,122,0.22,7.5,2.5,98.4,4.1560655737704915,53.708196721311474,4.815673076923077,0.22,62.276923076923076,2.5,0.027,1.305,4.177,4.405,0.757,0.858,0.906,0.9823008849557524,1.3740384615384615,1.3871153846153845,6.735192307692308,1.009517144856543,-126.5,-86.56363636363636,38.935341311475405,-93.58250270491803,214.31803278688525,7.463333333333333,29.497333333333334,8.273358982687997
113,2025-08-12,2025-08-12T12:03:40Z,0.048,6.335,94,6.0205,5.912681170665631,6.221576291812939,27.31613953488372,22.906333333333333,27.240318181818182,23.087,1.1342065672706667,0.9742456686776593,0.3414281973418043,0.0158167873979569,5.912681170665631,94,0.57,10.37,6.7,133.9,6.203829787234042,79.09893617021277,6.719418604651163,0.5966666666666667,85.73023255813953,7,1.195,1.467,4.971,5.621,0.753,0.856,0.753,1.3815384615384616,2.1561627906976746,3.1951162790697674,11.348488372093023,1.4818529903467614,41,63.577777777777776,38.93480936170213,-93.58246425531915,212.41702127659573,9.731428571428571,28.819142857142857,8.510222811212202
114,2025-05-21,2025-05-21T12:04:09Z,0.054,8.894,81,5.9591666666666665,5.766160934076009,6.711162734398269,20.06020754716981,13.649,20.04152121212121,14.251935897435898,1.0999821320817773,1.0602463385108016,0.22359628637241413,0.03927305047509713,5.766160934076009,81,0.2066666666666667,6.76,1.9666666666666663,74.55,5.067407407407408,55.293621399176956,6.671006289308176,0.6345614035087719,73.48836477987422,6.173684210526316,0.054,6.276,6.771999999999999,7.231333333333334,5.078333333333333,8.894,8.894,0.6324503311258278,1.2394654088050314,0.79937106918239,3.5604088050314466,0.6449321324368895,-40.843859649122805,-91.55238095238094,40.00665106995885,-91.97570193415638,209.1746913580247,6.75,20.119083333333336,7.72
114,2025-06-25,2025-06-25T14:42:36Z,0.01,8.682666666666666,102,3.3045,6.005725168300235,7.336970764619512,24.932554054054055,14.317309523809524,28.526959349593497,18.23777049180328,2.136240978223327,0.41583967212712625,0.4266546225134079,0.03168899647088715,6.005725168300235,102,0.09,13.266666666666666,0.9,176.53333333333333,3.3581372549019606,43.85032679738562,4.581981981981982,0.10142857142857142,59.96351351351351,1.0023809523809524,0.5106666666666667,1.4403333333333332,2.831,3.2296666666666667,0.9143333333333332,1.4666666666666668,8.682666666666666,0.695868945868946,1.2866216216216215,1.1143693693693695,4.891261261261262,0.8661205055491371,-120.6,-123.95,40.00670366013072,-91.97573764705882,211.64117647058822,12.862,31.623733333333334,9.149632569828475
114,2025-07-16,2025-07-16T14:10:29Z,0.00933333333333333,8.471666666666666,71,3.6905,4.969965271875946,7.202999573491643,28.16889393939394,15.009923076923078,29.75249523809524,17.921611111111112,2.9109486371623916,0.34207568815487227,0.5438636064262655,0.03540190796797903,4.969965271875946,71,0.3,11.13,2.9,148.66666666666666,5.245680751173709,68.47136150234742,8.181439393939394,0.3476923076923077,107.54621212121212,3.453846153846154,0.20066666666666663,2.916666666666667,4.151666666666666,4.74,1.5276666666666667,1.229666666666667,1.229666666666667,1.1780415430267062,1.5375,1.7969696969696969,9.337727272727273,1.1687607785168759,209.27179487179487,208.9142857142857,40.006668169014084,-91.97588859154929,208.82065727699532,11.120833333333332,30.567999999999998,9.087521503776607
114,2025-08-06,2025-08-06T12:59:14Z,0.008,8.715,109,4.5295000000000005,6.350030467692408,6.971198368777034,25.05290410958904,15.49467857142857,26.64921818181818,17.310518518518517,1.9910519535992535,0.4273681204811612,0.4265244530077364,0.04594730804801996,6.350030467692408,109,0.21,8.55,2.1,109,2.2507339449541286,27.972477064220183,3.232876712328767,0.24214285714285713,40.467123287671235,2.435714285714286,0.274,1.1505,2.696,3.491,8.683,8.683,8.683,1.5577889447236182,1.3068493150684932,1.2641095890410958,4.569041095890411,0.9672955974842766,-64.88214285714285,-82.33636363636363,40.00687889908257,-91.97664486238533,209.12385321100916,8.538333333333334,27.817999999999998,8.575028781677847
115,2025-05-21,2025-05-21T15:05:41Z,0.044,7.515,129,5.77,5.542355626752875,6.41297792508299,21.1479693877551,14.558157894736842,21.100267326732673,15.03357142857143,1.2039963806186051,1.3659279648156437,0.28715731231023006,0.05307106211629492,5.542355626752875,129,0.76,8.31,7.4,93.6,7.025193798449613,78.33488372093024,8.236428571428572,1.4063157894736842,92.69591836734693,13.852631578947369,0.044,5.9935,6.652,7.28,4.786,3.382,2.556,0.48,1.3486734693877551,0.5586734693877551,2.9661224489795917,0.41423923734584245,44.305263157894736,1.7333333333333334,39.70791426356589,-91.86262589147287,208.2186046511628,8.295,21.203166666666668,8.043358982687998
115,2025-06-16,2025-06-16T10:15:49Z,0.028,7.004666666666667,64,2.1391666666666667,3.6599896069388445,7.004666666666667,24.242675438596493,15.596,25.438416666666665,20.676992424242425,1.7702192390612481,0.36889958259503147,0.3420930420054679,0.018042622272784817,3.6599896069388445,64,0.18333333333333332,11.06,1.8333333333333333,135.16666666666666,5.2433854166666665,62.92135416666667,8.423421052631578,0.18333333333333332,101.4359649122807,1.8333333333333333,0.924,2.197166666666667,3.825,4.230666666666667,1.652,4.522666666666667,4.522666666666667,0.3848797250859107,1.9630701754385964,0.5102631578947369,7.109298245614035,0.2599311854863935,-92.23333333333332,-85.94166666666666,39.70836223958334,-91.86278380208333,209.58229166666666,10.929333333333332,26.077266666666667,8.896702444537338
115,2025-07-07,2025-07-07T10:19:15Z,0.02166666666666666,6.2203333333333335,73,4.542666666666666,2.908439460347158,6.2203333333333335,29.625351851851853,17.287333333333333,28.52974712643678,20.1382,2.963003961816412,0.8255076844547002,0.6216813547734262,0.029077227528150302,2.908439460347158,73,0.10666666666666667,8.623333333333333,1.1,114.03333333333332,3.9450228310502284,51.77579908675799,7.402222222222222,0.11,97.46574074074074,1.1333333333333333,0.636,1.996666666666667,3.2536666666666667,3.369,2.1876666666666664,3.9723333333333337,3.939,2.7052154195011338,1.0399074074074075,0.4342592592592593,2.457314814814815,0.4175941590241296,56.46666666666667,95.4,39.708145205479454,-91.8627396803653,206.13561643835615,8.509333333333334,30.334533333333333,8.550817967997085
115,2025-07-28,2025-07-28T10:27:18Z,0.02466666666666666,7.272666666666667,85,5.2763333333333335,6.402787645712687,6.961641756436653,27.154054794520547,16.02611111111111,28.332752688172043,18.583884057971016,2.4665570701451998,0.6092824259648676,0.6299050057470514,0.05162742922257591,6.402787645712687,85,0.09,9.2,0.9,122.56666666666666,2.8568235294117645,37.49666666666666,3.309497716894977,0.09166666666666666,43.48744292237443,0.9222222222222223,0.789,1.2101666666666668,2.863,3.082666666666667,7.272666666666667,3.8926666666666665,7.272666666666667,1.489296636085627,1.2035844748858446,1.0915525114155251,4.296689497716895,0.906918071969194,-120.4,-117.875,39.708096901960786,-91.86309615686275,210.7087254901961,9.097222222222221,30.564833333333333,8.758340779043081
115,2025-08-20,2025-08-20T14:15:54Z,0.027,6.937,81,5.9425,6.850661132772122,6.904097514592039,26.081038461538462,17.366,27.62578125,18.729176470588236,1.9472363010760319,0.9506704898640796,0.5571143759036916,0.02120583507401121,6.850661132772122,81,0.35,9.77,3.6,130.2,3.9271604938271607,51.54197530864197,4.064102564102564,0.35,53.37820512820513,3.6,0.665,1.876,3.827,4.803,1.788,6.901,6.869,0.9880952380952381,0.9753846153846154,0.6176923076923077,2.8023076923076924,0.6332807570977917,-89.8,-62.837500000000006,39.70832703703704,-91.8621349382716,207.00493827160494,9.585,31.235833333333332,8.75168273877663
117,2025-05-21,2025-05-21T12:17:20Z,0.048,7.04,55,5.442,5.284530405233387,6.062419330681075,21.88381081081081,15.463454545454546,21.881131578947368,15.883941176470588,1.2308617560317998,1.5960750121457115,0.3148834084928663,0.05535011677976198,5.284530405233387,55,2.4,7.17,24,80.7,6.166363636363636,68.75818181818182,7.01054054054054,3.3436363636363637,80.03243243243243,33.59090909090909,0.048,5.5585,NA,NA,7.002,7.002,7.04,0.4806201550387597,2.044864864864865,0.6051351351351352,5.257297297297297,0.295929156753899,-16.9,-28.75,38.90612527272727,-92.1214610909091,248.25272727272727,7.06,21.9446,7.83
117,2025-06-25,2025-06-25T10:08:31Z,0.179,7.61,73,3.851,2.181244829968954,4.5257448933651,29.108727272727272,18.827464285714285,27.606,19.211545454545455,2.5244548307979358,0.7561601118807424,0.5071987171069795,0.050497583453765794,2.181244829968954,73,0.45,10.66,4.7,142,3.396301369863014,43.441095890410956,8.41909090909091,0.6089285714285715,110.21818181818182,6.571428571428571,0.179,0.9305,3.1,4.026,1.348,1.268,1.17,0.41318327974276525,5.0590909090909095,2.291818181818182,17.685454545454547,0.45300988319856245,-120.31428571428572,-142.94285714285715,38.90631123287671,-92.12277438356165,252.82328767123286,10.638,30.249,9.09206434330808
117,2025-07-24,2025-07-24T10:52:30Z,0.231,7.16,76,4.058999999999999,4.464914212871672,5.805811290506059,28.713977777777778,18.22305882352941,29.226048780487805,19.809085714285715,2.5242505576359235,0.5504715932842643,0.5938786305923296,0.05008991958306281,4.464914212871672,76,0.33,8.78,3.5,117.2,2.786973684210526,36.37894736842105,4.394222222222222,0.38,58.01777777777778,4.047058823529412,0.81,1.4300000000000002,2.82,3.683,7.103,7.103,7.16,1.012704174228675,1.9762222222222223,2.029777777777778,9.071777777777777,1.0270999662656022,-102.60588235294118,-109.8,38.90596907894737,-92.12245486842106,249.34605263157894,8.5775,30.59475,8.822578899568072
120,2025-06-10,2025-06-10T09:40:49Z,0.01733333333333333,13.044,112,7.4805,9.741961306079995,9.883610433366243,18.59989285714286,10.526897435897435,21.41045029239766,11.606927272727273,1.1679342619570434,0.14966645264820358,0.17715233443306663,0.009974042738168943,9.741961306079995,112,0.01,9.133333333333336,0.1,107.53333333333332,3.1451190476190476,36.50535714285714,4.176785714285714,0.046794871794871795,48.522222222222226,0.4230769230769231,0.01733333333333333,4.691333333333334,5.882666666666667,6.348,3.669,2.9233333333333333,3.669,0.1895424836601307,1.0265873015873015,0.23261904761904761,2.779642857142857,0.2265945110166216,-9.71025641025641,-36.166666666666664,38.813770982142856,-94.35338979166667,277.34375,9.129166666666666,23.47458333333333,8.57
120,2025-07-01,2025-07-01T09:47:27Z,0.00966666666666666,10.08,77,5.564333333333334,9.107812339625225,9.861295109475842,23.46526291079812,11.462833333333332,26.87157638888889,15.42316091954023,2.1283147504498174,0.15495986184683,0.3929142263230211,0.013362945405805684,9.107812339625225,77,0.12666666666666668,7.51,1.1333333333333333,94.7,4.512467532467532,56.336363636363636,4.881361502347418,0.13,60.98215962441314,1.1833333333333333,0.06966666666666667,4.844666666666667,5.667666666666666,6.400333333333333,2.1233333333333335,2.1233333333333335,2.869666666666667,1.080402010050251,0.8009859154929577,0.7428169014084507,5.030704225352113,0.9273782310532794,31.666666666666668,33.61666666666667,38.81321272727273,-94.35328536796537,273.85541125541124,7.502222222222223,27.21011111111111,8.221113956228374
120,2025-07-22,2025-07-22T09:29:49Z,0.03766666666666667,12.439333333333334,84,5.673166666666667,5.657669324651295,8.765870747329098,27.83787234042553,11.576925925925925,27.83787234042553,15.005414414414414,3.263004896516236,0.6137025280871671,0.4197456314101065,0.036866704299829564,5.657669324651295,84,0.07,7.453333333333333,0.6,96.33333333333331,3.187420634920635,40.794444444444444,5.547304964539007,0.09777777777777778,71.34751773049645,0.9037037037037037,0.03766666666666667,4.235,5.066333333333333,5.493,1.1743333333333332,1.1743333333333332,1.030333333333333,0.5334538878842675,1.4246808510638298,0.6811347517730496,4.957588652482269,0.47809637594583826,-177.3462962962963,-183.5111111111111,38.81384547619048,-94.35274884920635,276.106746031746,7.416666666666667,28.61588888888889,8.22
120,2025-08-12,2025-08-12T09:15:43Z,0.021,13.491666666666664,96,6.687833333333334,4.053106303051564,9.835687891588508,27.020916666666665,10.992333333333333,26.59963440860215,12.790617647058824,3.0964046737885838,0.5076035543372744,0.32129965670153954,0.017076787156605742,4.053106303051564,96,0.08,7.56,0.7,95,3.9318750000000002,49.155902777777776,7.428560606060606,0.12016666666666667,93.34166666666667,1.095,0.021,4.4965,5.104333333333333,5.455666666666667,3.467,0.759,1.819,0.6318926974664678,1.9647727272727273,1.3184090909090909,6.468484848484849,0.6710237131289762,-12.948333333333334,-43.61666666666667,38.813588124999995,-94.35266631944445,275.39722222222224,7.542,27.018733333333333,8.299335376934184
121,2025-06-10,2025-06-10T15:49:04Z,0.039,4.978,74,1.6823333333333335,1.2465740469758528,1.965541070280954,26.62709090909091,23.027306666666668,26.297859649122806,23.09750303030303,0.9163017106891402,1.05309681963086,0.3216805387641324,0.030834644271561747,1.2465740469758528,74,5.003333333333333,11.093333333333334,58.03333333333333,138.86666666666667,7.051351351351351,84.3882882882883,10.825757575757576,5.767666666666667,135.1030303030303,67.35066666666667,0.039,1.6823333333333335,NA,NA,0.5693333333333334,4.978,4.957,0.691717791411043,1.9081818181818182,0.6075757575757575,3.6778787878787877,0.3184055899634747,152.126,153.66666666666666,39.06147536036036,-93.66978923423424,225.3418918918919,11.035833333333333,26.74625,8.606762848095126
121,2025-07-01,2025-07-01T15:39:07Z,0.102,4.596,52,1.5303333333333333,2.416261242303389,2.5347781650000267,29.020173333333332,26.99968,29.838355555555555,27.2290990990991,0.5740741319137896,0.247780963026874,0.24353465745348396,0.019904854535972665,2.416261242303389,52,3.353333333333333,8.63,41.833333333333336,114.66666666666669,5.230833333333333,67.46089743589744,7.088533333333333,3.4753333333333334,92.672,43.654666666666664,0.4523333333333333,1.4715,NA,NA,0.5660000000000001,0.235,0.6903333333333334,0.27848101265822783,1.4973333333333334,0.3006666666666667,2.3493333333333335,0.20080142475512022,213.94533333333334,217.8904761904762,39.06190166666667,-93.67004038461539,224.3826923076923,8.599166666666667,30.292416666666668,8.265918739187665
121,2025-07-22,2025-07-22T15:58:21Z,0.025,4.561,85,0.4,3.182806740125721,3.2490240062167697,28.710474576271185,28.12325,29.898166666666665,28.429772151898735,0.16900515753377476,0.15367519835165375,0.07304829136607448,0.0074263664428713275,3.182806740125721,85,4.15,7.55,53,99.9,5.354470588235294,69.24705882352941,5.833050847457627,4.2675,75.65423728813559,54.6875,0.025,0.89,NA,NA,0.513,0.589,0.664,0.978021978021978,1.5413559322033898,1.4272881355932203,6.943220338983051,0.9259951616450407,106.9625,106.78,39.06185752941177,-93.6708205882353,227.24,7.524285714285714,29.86342857142857,8.344510093472826
121,2025-08-12,2025-08-12T14:47:08Z,0.04,4.846,89,2.4715,4.048728565015792,4.12759664786477,28.134698630136985,27.016357142857142,28.772925,27.252142857142857,0.3133771220127528,0.18395662340107663,0.12726315374988392,0.01012099742686494,4.048728565015792,89,2.41,9.28,30.3,120.5,7.190561797752809,92.14382022471911,7.753287671232877,4.527857142857143,99.6041095890411,56.892857142857146,1.151,2.7095000000000002,NA,NA,1.975,4.822,1.94,0.9289099526066351,3.2983561643835615,2.805753424657534,13.375616438356165,0.8506520475122519,194.18571428571428,194.53636363636363,39.06167752808989,-93.67032561797754,227.09101123595505,8.651666666666667,29.031166666666667,8.24795911625497
133,2025-06-04,2025-06-04T10:03:18Z,0.047,12.923,75,4.089833333333333,8.82260839367926,9.014854816131063,19.73366037735849,11.983777777777778,22.125940476190475,14.700617021276596,1.2397316729970953,0.139087576255584,0.18905198317506505,0.006654355811151487,8.82260839367926,75,0.13333333333333333,10.313333333333334,1.2,118.4,5.348177777777778,60.282222222222224,7.44377358490566,0.2911111111111111,84.14465408805032,2.7095238095238097,2.550666666666667,4.8515,6.7,7.520666666666667,4.1433333333333335,12.923,5.935666666666667,0.3235724743777453,1.3118238993710691,0.4371698113207547,3.5641509433962266,0.3332534279413175,116.87301587301587,21.826666666666664,40.1702616,-92.6569296888889,241.19733333333332,10.243333333333332,22.116,8.57166986469367
133,2025-06-25,2025-06-25T08:01:14Z,0.002,12.485666666666669,122,4.5725,5.946589155894301,7.206037560332657,26.02344615384615,12.51511111111111,27.120584905660376,14.607830917874397,2.6578532968247828,0.5617631436823597,0.3867342373018209,0.02326380864736988,5.946589155894301,122,0.12,8.03,1.1,102.1,3.5529781420765025,44.29453551912568,6.464820512820513,0.18756944444444446,81.15076923076923,1.7729166666666667,0.06066666666666667,4.1925,5.247,5.685333333333333,5.330666666666667,5.330666666666667,5.429666666666667,2.3322147651006713,0.5255897435897436,0.3525128205128205,2.3966153846153846,0.6706995804468728,24.230555555555554,-47.22,40.17084986338798,-92.65686103825136,242.04398907103825,8.029333333333332,27.67853333333333,8.4
133,2025-07-16,2025-07-16T08:15:57Z,0.03833333333333333,12.260666666666667,78,4.678833333333333,6.484167710424165,7.954610130714419,26.014252032520325,12.964551282051282,28.671283950617283,15.71543137254902,2.600019045247336,0.33879652260280474,0.3787048852036395,0.02592859045488003,6.484167710424165,78,0.18333333333333332,8.77,1.7,115.3,2.954871794871795,37.64572649572649,5.350406504065041,0.2426923076923077,68.96829268292683,2.3128205128205126,0.03833333333333333,3.831833333333333,4.711666666666667,5.077,5.703333333333333,5.703333333333333,5.703333333333333,4.813218390804598,0.42089430894308943,0.6372357723577236,7.006747967479675,1.5140042495653854,219.1423076923077,218.17777777777778,40.171012222222224,-92.6566332051282,244.1974358974359,8.766666666666666,29.60575,8.529169062123115
133,2025-08-06,2025-08-06T07:41:42Z,0.02566666666666666,12.395,73,6.612833333333334,6.152045539376154,9.327250575253107,24.90958536585366,12.518854166666667,24.28217391304348,13.877530864197531,2.367018957372011,0.34247154859366846,0.304044674031962,0.03449593814832964,6.152045539376154,73,0.11,8.54,1,106.8,2.5826940639269407,31.882191780821916,4.447723577235772,0.13416666666666666,55.24552845528455,1.25625,0.05633333333333333,3.0668333333333333,3.954666666666667,4.407,4.536333333333333,4.536333333333333,4.407,3.011464968152866,0.8621138211382113,0.916910569105691,6.909583333333334,1.0635609204073935,47.74375,22.794444444444444,40.171105251141555,-92.65695351598174,243.97716894977168,8.537499999999998,26.801166666666667,8.378342902868875
134,2025-06-02,2025-06-02T13:59:25Z,0.122,5.281,70,1.4,5.187460321695863,5.27387744472198,18.666333333333334,12.141,24.251285714285714,16.470625,1.010598974657114,0.725931137983104,0.3765680779016275,0.048298531538885775,5.187460321695863,70,0.42,12.74,3.9,148.1,5.005285714285714,56.89714285714286,5.505396825396826,0.4766666666666667,62.6936507936508,4.433333333333334,1.07,1.6335,3.188,4.252,2.376,2.376,NA,0.3737419945105215,6.382698412698413,2.157142857142857,10.729107142857142,0.33796722289920667,-56.53333333333333,6.415384615384614,39.99076742857143,-93.81051657142856,264.24285714285713,11.893333333333334,26.287666666666667,9.05669218511605
134,2025-06-23,2025-06-23T12:20:48Z,0.065,5.059,103,1.5015,3.17579712251477,3.479930391201123,24.764695652173913,14.945689655172414,28.651529411764706,18.158536231884057,2.001552565905058,0.3883406921053482,0.7464116461888028,0.05882463520328182,3.17579712251477,103,0.16,10.93,1.5,144.4,3.29504854368932,42.231067961165046,4.811014492753623,0.20827586206896553,61.96086956521739,2.0724137931034483,0.255,0.9645,1.654,1.966,0.514,0.646,0.553,0.4710087370929309,2.8747826086956523,2.261449275362319,11.481739130434782,0.7866505343819319,-115.48620689655172,-123.9375,39.99090233009709,-93.81026145631068,269.9504854368932,10.892,29.9166,9.226027588070906
134,2025-07-14,2025-07-14T12:11:26Z,0.025,4.561,92,2.2175000000000002,4.2132339252862865,4.561,23.81636046511628,14.729,27.80469387755102,18.05393023255814,1.7971824080665328,0.332825596974224,0.7322338773991577,0.03690898145351835,4.2132339252862865,92,0.38,12.48,3.7,165.3,4.254130434782609,54.93260869565217,4.523604651162791,0.38,58.49302325581395,3.7,0.025,1.1355,1.793,2.29,0.716,0.716,0.754,0.5959302325581395,1.578953488372093,0.565,4.592558139534884,0.35783194638780463,209.9,210.1909090909091,39.99050369565217,-93.81075184782608,265.04891304347825,12.260909090909092,30.854727272727274,9.118261439827327
134,2025-08-04,2025-08-04T12:00:57Z,0.017,5.564,70,2.5700000000000003,5.461295056608124,5.522598270031058,21.269537313432835,13.503,25.426117647058824,16.699,1.3773288611589578,0.35158824780409714,0.48969053183565864,0.018628235669981445,5.461295056608124,70,0.63,11.38,6.1,140.2,6.164,73.85571428571428,6.410298507462686,0.63,76.87761194029851,6.1,0.332,2.1865,3.835,4.482,0.781,0.83,0.607,0.2831505483549352,3.9534328358208954,1.2685074626865671,12.231194029850746,0.32086227725762606,-117.1,-115.89999999999999,39.990587999999995,-93.81070985714285,268.04285714285714,11.3325,26.087625,8.722608178238483
139,2025-06-04,2025-06-04T13:16:06Z,0.134,5.144333333333334,65,2.316,2.3546382056116033,2.6534082663841385,22.57463440860215,16.031833333333335,22.64958888888889,16.492561904761903,1.298617529555031,1.4559240799481754,0.4771607061373315,0.05011855956807098,2.3546382056116033,65,0.13,7.706666666666666,1.3,87.2,4.094769230769231,46.86871794871795,7.481182795698925,0.5767777777777777,86.55806451612904,5.972222222222222,0.599,2.3516666666666666,2.722,3.0963333333333334,1.4463333333333332,5.144333333333334,5.1000000000000005,0.7237715803452857,2.120752688172043,0.8744086021505376,4.040752688172043,0.41231050043096895,1.0722222222222213,-97.52083333333333,39.72257379487179,-92.9198715897436,248.8174358974359,7.505833333333333,22.741416666666666,7.77
139,2025-07-10,2025-07-10T13:13:18Z,0.029,4.735,87,3.349,4.629135450366486,4.735,23.922511904761905,15.344,26.38174193548387,16.80708,1.7303324287570376,0.5394965796060667,0.7148857031697098,0.03831448335614325,4.629135450366486,87,0.29,6.99,2.9,91.9,2.4422988505747125,31.024137931034485,2.518809523809524,0.29,32.025,2.9,0.029,1.2375,1.743,2.193,1.564,1.114,0.992,0.388646288209607,1.4041666666666666,0.4094047619047619,2.7385714285714284,0.29156422212802036,-153.9,-147.05,39.7229632183908,-92.91983298850575,248.283908045977,6.764444444444445,29.392777777777777,7.837745283409293
139,2025-07-29,2025-07-29T13:14:57Z,0.037,4.872,99,1.1324999999999998,4.351621078921477,4.831665317067668,25.211176470588235,17.6565,29.651826086956522,22.54486842105263,1.6668821398884575,0.43966766518167716,0.6228955015012441,0.025827127892111,4.351621078921477,99,0.31,8.31,3.3,112.1,2.7959595959595958,35.80909090909091,3.2001176470588235,0.315,41.10941176470588,3.3,0.037,0.72,2.013,2.524,0.494,4.872,0.929,1.6381578947368423,0.9941176470588236,0.6262352941176471,3.639764705882353,0.6299408284023669,222,222.37857142857143,39.722814444444445,-92.92001868686869,250.43333333333334,8.19625,30.5695,7.645627372038831
145,2025-06-12,2025-06-12T11:02:42Z,0.007,24.692,111,7.4559999999999995,13.567158393200707,13.988769964485321,18.869024154589372,10.827258333333333,21.863242424242426,13.31788888888889,1.1907311429440597,0.12496977719058194,0.09482755115202662,0.007052925096390446,13.567158393200707,111,0.07333333333333333,10.613333333333332,0.6666666666666666,124.53333333333332,4.243963963963964,46.010510510510514,6.095990338164251,1.1155833333333334,67.29613526570049,10.219166666666666,0.32166666666666666,1.8259999999999998,17.188333333333333,18.595,0.007,24.692,0.007,1.3642756680731365,0.5511111111111111,0.26507246376811594,1.5341062801932368,0.48097826086956524,260.6975,263.6222222222222,39.52155951951952,-91.64641981981983,184.8084084084084,10.596666666666666,23.300333333333334,8.708342902868875
145,2025-06-30,2025-06-30T10:59:18Z,0.02333333333333333,23.726,107,5.0565,10.634369074611145,12.965694824795564,24.862783950617285,10.99713953488372,29.21154761904762,14.480088607594936,2.5237120018857695,0.1884511463533799,0.19370460545959198,0.017823736114200402,10.634369074611145,107,0.1,8.966666666666667,0.9,117.3,3.2817757009345794,40.257009345794394,5.68,0.6054263565891473,71.95617283950618,5.589922480620155,1.0123333333333333,5.0565,7.898333333333333,15.732,1.0123333333333333,23.726,1.0123333333333333,1.2490066225165561,1.357469135802469,0.5171604938271605,4.401543209876543,0.3809740348324314,177.67131782945737,64.00833333333333,39.52180968847352,-91.64639355140187,183.70498442367602,8.888333333333334,29.67066666666667,8.957521503776608
145,2025-09-08,2025-09-08T11:20:25Z,0.008,23.62366666666667,202,7.819000000000001,12.064871216014222,12.672265678996109,21.23467536231884,11.288991769547325,23.449013698630136,13.369638242894057,1.632872672186977,0.19426162237210448,0.13477516840474085,0.0170615492254533,12.064871216014222,202,0.01,8.34,0.06666666666666667,98.3,2.8933993399339935,33.78547854785479,5.028608695652174,0.06341563786008231,58.84753623188406,0.5835390946502058,0.008,7.890833333333333,8.654,8.920666666666667,23.62366666666667,23.62366666666667,23.62366666666667,2.2207053469852105,0.8846811594202898,0.908623188405797,4.10436231884058,1.0270628900938683,157.33045267489712,-58.11666666666667,39.521465363036306,-91.64609717821783,182.07607260726073,8.1125,23.567416666666666,8.154598337452072
149,2025-06-23,2025-06-23T09:35:49Z,0.01249999999999999,23.524,132,23.454,23.297967456340587,23.481339436758425,24.605316137566138,20.417333333333332,24.5113165374677,20.417333333333332,0.9711068535109462,0.2130428699130342,0.0819244625100644,0.0038622691851325584,23.297967456340587,132,0.19,11.376666666666669,2.1333333333333333,145.4,4.810694444444445,59.43270202020202,5.0251190476190475,0.26,62.09986772486773,2.888888888888889,1.2303333333333333,2.151,17.128666666666668,20.891666666666666,1.407333333333333,1.407333333333333,1.544,0.3860424028268551,1.0422354497354498,0.24276455026455027,2.6460714285714286,0.2329267828360387,187.16666666666669,214.48333333333335,38.20396323232323,-92.6271653030303,199.35,10.483749999999999,28.048541666666665,8.853390797760891
149,2025-08-11,2025-08-11T09:27:22Z,0.005,23.484,218,17.443166666666666,23.08883914639882,23.484,27.966943925233643,23.780666666666665,28.73329494949495,25.272798742138363,1.1068943239913551,0.1580116744382883,0.09270797502286818,0.004501539827382915,23.08883914639882,218,0.1,6.97,1.1333333333333333,90.3,3.5107798165137614,45.463914373088684,3.5745327102803737,0.1,46.29190031152648,1.1333333333333333,0.005,0.024666666666666663,16.354333333333333,16.77733333333333,7.363666666666667,1.251,1.602,0.5508274231678487,0.9668847352024922,0.3780373831775701,2.352492211838006,0.3909849534426652,-125.2,-121.02666666666667,38.203979663608564,-92.62735408256881,197.76406727828746,6.425833333333333,28.764499999999998,8.181781902908723
149,2025-09-05,2025-09-05T09:49:01Z,0.016,15.910333333333334,158,NA,NA,NA,NA,NA,NA,NA,NA,NA,NA,1.5594059232068827e-4,15.910333333333334,158,3.13,4.04,39.2,50.5,3.2337130801687763,40.50295358649789,NA,NA,NA,NA,0.016,10.958166666666667,NA,NA,13.850333333333332,1.061,9.555666666666667,0.41916167664670667,NA,NA,NA,NA,NA,132.72666666666666,38.203529430379746,-92.62662436708861,198.4789029535865,3.8546666666666667,26.82,7.530502724711794
150,2025-06-10,2025-06-10T14:18:12Z,0.047,4.946,107,0.3025,4.692093963614181,4.946,22.64156862745098,18.924,25.660285714285713,22.25691,0.7967705218354695,0.38722895237953364,0.30645573833840384,0.040059474964041365,4.692093963614181,107,0.53,11.49,5.8,139,7.007102803738317,82.38785046728972,7.321176470588235,0.53,86.10686274509804,5.8,0.186,1.347,4.105,4.409,2.391,1.042,0.765,0.5404255319148936,0.6986274509803921,0.6171568627450981,3.3679411764705884,0.8833847880999158,142.7,142.22222222222223,39.032620373831776,-93.3684155140187,212.9411214953271,11.353636363636364,25.295454545454547,9.045525372055208
150,2025-07-01,2025-07-01T14:05:56Z,0.00366666666666666,4.441,49,4.3196666666666665,3.6966868797779218,4.441,28.63687878787879,24.048666666666666,28.525531914893616,24.412166666666664,1.233125649534827,1.2039236287628303,0.4756224439854133,0.042200587086755635,3.6966868797779218,49,4.973333333333334,8.903333333333334,59.3,114.83333333333331,8.547142857142857,110.11020408163266,8.729545454545455,4.973333333333334,112.85227272727272,59.3,2.31,4.3196666666666665,NA,NA,1.1283333333333334,3.6653333333333338,3.6653333333333338,3.284768211920529,0.36265151515151517,1.0818181818181818,3.2793939393939393,2.983079172759557,155.93333333333334,184.625,39.03300421768707,-93.36783129251701,213.26802721088436,8.704444444444444,29.086111111111112,8.49168698633346
150,2025-07-22,2025-07-22T14:37:10Z,0.005,4.746,98,1.8975,4.20432411442826,4.746,28.16465517241379,24.172,29.302545454545456,26.549685185185186,1.066729998980236,0.5963171160413261,0.4034778311170612,0.01929839588810663,4.20432411442826,98,0.43,10.43,5.1,136.7,6.299591836734694,81.75510204081633,7.035172413793103,0.43,91.3551724137931,5.1,0.791,2.4285,3.277,3.679,3.634,0.597,1.033,3.529411764705882,0.5633333333333334,1.2734482758620689,5.783563218390805,2.260559069577637,-102.1,-89.61818181818182,39.03672908163265,-93.36584989795918,212.76530612244898,10.177,29.5347,9.028018335884987
150,2025-08-12,2025-08-12T13:22:48Z,0.021,5.775,98,5.5024999999999995,5.662845804453714,5.775,26.655117021276595,21.523,26.809483516483517,21.856571428571428,1.269367515287172,1.0435941096840298,0.4312329771309425,0.037267069376192806,5.662845804453714,98,0.35,9.25,3.9,120.1,4.538469387755102,57.93877551020408,4.716382978723404,0.35,60.231914893617024,3.9,0.834,1.5655000000000001,3.671,4.103,0.757,1.077,0.994,1.6917808219178083,0.8602127659574468,1.022659574468085,3.5357446808510637,1.1888449171407371,-61.3,-20.658333333333335,39.033896530612246,-93.36682163265306,213.14489795918368,8.74,29.09342857142857,8.315092745510864
163,2025-06-02,2025-06-02T15:46:21Z,0.007,2.565,47,1.1564999999999999,2.1648094782673355,2.3853009115046797,21.65072222222222,20.236666666666665,22.838142857142856,20.70148484848485,0.30557071118357726,0.2685729160237451,0.21940165210160986,0.01548539076557717,2.1648094782673355,47,1.81,7.44,20,87.7,4.40468085106383,50.246808510638296,5.0152777777777775,2.118333333333333,57.44444444444444,23.45,0.007,1.0474999999999999,2.526,NA,0.582,2.526,0.582,0.968503937007874,1.685,0.5477777777777778,3.3583333333333334,0.3250906693043192,248.55,247.36153846153846,40.02081,-94.43749574468085,281.5510638297872,7.432,23.4892,7.79023023206405
163,2025-06-23,2025-06-23T14:00:09Z,0.007,2.114,52,1.711,NA,NA,NA,NA,28.20657142857143,27.721600000000002,NA,NA,NA,0.009991636433994094,2.114,52,8.02,9.46,101.9,121.6,9.082115384615385,116.37307692307692,NA,NA,NA,NA,0.328,1.711,NA,NA,1.998,0.601,1.954,0.39746300211416485,NA,NA,NA,NA,NA,205.78333333333333,40.0212598076923,-94.43694673076924,282.76730769230767,9.437272727272727,28.32318181818182,8.519141838742977
163,2025-07-14,2025-07-14T13:44:08Z,0.062,2.298,48,0.4295,2.0869215270359556,2.1521853589877438,29.04618604651163,28.302333333333333,30.064333333333334,28.719589743589744,0.2157910193711814,0.2905477969571837,0.18262118385060921,0.03140213390633718,2.0869215270359556,48,1.15,6.64,14.7,87.9,4.023125,52.56666666666667,4.336511627906977,1.2266666666666666,56.6953488372093,15.733333333333334,0.368,0.591,1.954,NA,0.418,0.368,0.31,1,0.9609302325581396,0.7490697674418605,4.640697674418605,0.7795256534365924,211.5,211.97272727272727,40.0212175,-94.43665729166666,282.93541666666664,6.613636363636363,29.959818181818182,8.038282456804055
163,2025-08-04,2025-08-04T13:32:12Z,0.018,2.377,38,0.7304999999999999,0.7868364139233481,1.1053085681444468,26.010846153846153,25.08605,26.090454545454545,25.179185185185187,0.24181121978017472,0.2529041392017599,0.17942030630997194,0.020432025242736518,0.7868364139233481,38,3.67,6.32,44.4,78.8,5.0394736842105265,61.63947368421053,6.104615384615385,4.2505,75.36153846153846,51.57,0.121,0.7055,NA,NA,0.018,0.48,0.018,0.35264483627204024,3.6976923076923076,1.2784615384615385,14.499230769230769,0.3457457873933847,193.89,194.6,40.02139578947369,-94.4367397368421,285.3236842105263,6.253333333333333,26.243666666666666,7.586729974737926
164,2025-06-03,2025-06-03T16:56:59Z,0.024,6.26,119,4.6195,5.050924492326269,5.257989887175815,21.872060606060607,19.0839375,22.07387640449438,19.455366666666666,0.5888923468935445,0.45977879112206715,0.18212042431565512,0.030012849604590195,5.050924492326269,119,0.81,7.83,8.7,89.8,6.337142857142857,72.24957983193278,7.228686868686869,1.6425,82.63232323232323,17.775,0.024,4.651,5.517,6.186,2.566,0.63,3.815,0.1892857142857143,2.169090909090909,0.4208080808080808,4.9095959595959595,0.19400204898947565,283.8125,285.81666666666666,40.22510067226891,-93.11492924369747,262.7159663865546,7.691428571428571,22.095,7.857199384997417
164,2025-06-24,2025-06-24T13:57:26Z,0.032,5.825,61,4.524666666666667,5.6358624677707265,5.825,26.154801169590645,19.535333333333337,27.281567375886524,20.51702380952381,1.555493331971661,0.3082153358113755,0.5172789360522265,0.019456023264464127,5.6358624677707265,61,0.37333333333333335,10.263333333333334,4.066666666666666,131.33333333333334,6.067049180327869,76.73879781420764,6.464152046783626,0.37333333333333335,81.81169590643275,4.066666666666666,0.7603333333333333,1.464,4.57,4.878666666666667,0.7603333333333333,0.7603333333333333,0.8293333333333333,0.3504347826086956,1.353859649122807,0.476140350877193,3.6490643274853802,0.3516910716599715,70.53333333333333,90.48,40.225044918032786,-93.11492038251366,266.2825136612022,8.586,30.1246,8.339521346199117
164,2025-07-15,2025-07-15T13:00:05Z,0.00833333333333333,5.195333333333333,57,5.140499999999999,3.773893792207615,5.195333333333333,28.063650406504063,23.724333333333337,27.56379761904762,23.724333333333337,1.1481391490308397,0.599115079803371,0.3470390085362284,0.02167142574078559,3.773893792207615,57,0.19,7.67,2.2666666666666666,100.13333333333334,2.9658479532163744,38.21461988304094,4.026178861788618,0.19,51.921951219512195,2.2666666666666666,0.10733333333333334,1.5615,2.9703333333333335,3.223333333333333,0.7886666666666667,0.8596666666666667,0.7886666666666667,0.5449330783938814,0.9482926829268292,0.5330894308943089,3.481788617886179,0.5621570644718793,221.8,221.98888888888888,40.225109473684206,-93.11502321637427,262.75672514619885,7.625833333333333,29.337833333333336,8.116749810659284
164,2025-08-05,2025-08-05T12:24:56Z,0.123,7.124,98,6.082,6.54939587908428,7.084069127927318,25.499640449438203,20.346,25.815134146341464,21.2399375,1.2157532078973645,0.39491100716022526,0.3174840258607516,0.014276927617669848,6.54939587908428,98,0.31,7.63,3.4,95.6,4.047959183673469,49.994897959183675,4.4204494382022474,0.315,54.640449438202246,3.45,0.123,1.2925,4.788,5.471,7.091,7.124,1.913,0.754863813229572,1.7289887640449437,0.6785393258426966,3.8907865168539324,0.3924486612945152,-47.85,-18.625,40.225061632653066,-93.11515051020409,265.4581632653061,7.62,26.7764,7.74
179,2025-06-03,2025-06-03T08:52:24Z,0.044,8.041,129,1.6875,6.4077807012294,6.653785926371157,19.49635576923077,13.807714285714285,22.616,17.505396226415094,0.9634987118216713,0.41104325152696536,0.23253242532019514,0.01883227075099832,6.4077807012294,129,0.31,10.02,3,116.2,5.316124031007752,59.214728682170545,6.486057692307693,0.4147619047619048,72.4,4.019047619047619,1.167,0.0475,5.134,5.934,1.092,2.004,2.11,3.8932038834951452,0.6318269230769231,1.6366346153846154,4.930288461538462,2.5903211078983412,25.728571428571428,-20.6875,40.42639976744186,-94.85764434108528,325.0480620155039,9.892,22.7422,8.69416349883873
179,2025-06-24,2025-06-24T07:19:18Z,0.02833333333333333,7.234,78,4.288,6.10870167057875,6.343460415868021,24.021,15.075972222222223,25.888131944444446,16.605844444444443,1.795635689756864,0.41351558697665897,0.48083911958982883,0.02313738902028093,6.10870167057875,78,0.21,6.753333333333333,2.1,83.43333333333334,3.9740598290598292,48.63974358974359,4.855820105820106,0.2544444444444444,59.577777777777776,2.533333333333333,0.02833333333333333,3.768,4.491666666666666,5.016,3.253,0.02833333333333333,2.705,1.555944055944056,0.6006878306878307,0.7971957671957672,4.125978835978836,1.3271382013564696,-26.122222222222224,-48.053333333333335,40.42655602564103,-94.85739777777778,327.16923076923075,6.7475,26.105583333333335,8.057521503776607
179,2025-07-15,2025-07-15T07:03:42Z,0.02866666666666666,7.93,90,5.499499999999999,6.481960800904457,6.734023854726987,25.098134199134197,15.114916666666666,26.617702564102565,15.982786666666666,2.0612395461026836,0.3638225163596078,0.5038434762830887,0.025278362438359125,6.481960800904457,90,0.16,9.36,1.6,122,3.5838148148148146,46.25703703703704,4.15943722943723,0.17277777777777778,53.77142857142857,1.7305555555555556,0.02866666666666666,1.9648333333333334,3.2616666666666667,3.601,1.8873333333333333,2.0633333333333335,1.8873333333333333,1.6677215189873411,0.4332034632034632,0.6373593073593073,2.5284848484848483,1.4712701109223543,214.8,214.5611111111111,40.4271117037037,-94.85731903703704,327.3025925925926,9.3533333333333335,29.112333333333332,8.91
179,2025-08-05,2025-08-05T07:28:54Z,0.02,7.77,130,4.6305,6.140170070762886,6.494980789083603,24.3466568627451,15.691181818181818,25.871402777777778,18.43844827586207,1.78111187758077,0.8286678911701104,0.43843775303331634,0.06312817046447217,6.140170070762886,130,0.21,7.49,2.1,92.4,3.434,42.01461538461538,4.301078431372549,0.24909090909090909,52.77843137254902,2.5090909090909093,0.02,2.48,4.576,4.952,1.061,0.109,0.109,2.6778523489932886,0.9565686274509804,2.191372549019608,5.852450980392157,2.2908680947012403,-81.83636363636364,-90.35454545454546,40.42697361538461,-94.85728476923077,330.50615384615384,7.463333333333333,26.061444444444444,8.478976552271005
180,2025-06-03,2025-06-03T07:28:26Z,0.013,9.508,152,3.5115,4.2638281190960035,4.494594857258709,21.75496103896104,17.84673611111111,22.238234375,18.097125,0.7974222482796449,0.26595988152070893,0.16376247007844139,0.026109799758903488,4.2638281190960035,152,0.35,8.89,3.7,102.9,5.18328947368421,58.40592105263158,8.36896103896104,1.801388888888889,95.59740259740259,19.020833333333332,0.391,3.6555,6.037,8.261,3.846,0.692,3.123,0.3734939759036145,1.255064935064935,0.5142857142857143,2.967142857142857,0.40976821192052987,279.3152777777778,285.2714285714286,40.34955144736842,-95.13296572368421,297.64934210526314,8.877142857142857,22.583571428571428,8.425742449135814
180,2025-06-23,2025-06-23T17:49:30Z,0.01733333333333333,7.326666666666666,77,5.9399999999999995,5.140306203500003,7.282626737019441,26.731533333333335,18.074333333333335,26.630573529411766,19.038444444444444,1.9938503280404802,0.7480439555264087,0.4211327538812796,0.027397522043216063,5.140306203500003,77,0.6866666666666666,7.94,7.3,99.6,6.763982683982684,84.21731601731602,7.615333333333333,0.6866666666666666,95.20461538461538,7.3,0.01733333333333333,5.0785,6.413666666666667,7.102666666666666,2.7983333333333333,3.186,2.1963333333333335,0.5649038461538461,1.054974358974359,0.5241025641025641,2.572820512820513,0.4967917557845615,105.6,126.76666666666667,40.34918584415584,-95.13330653679654,296.5658008658009,7.931111111111111,26.984944444444444,8.25895134825042
180,2025-07-14,2025-07-14T17:05:06Z,0.01666666666666666,9.399666666666668,84,6.238333333333333,8.38888642989992,9.168494601144902,26.67139814814815,17.18761111111111,28.458648809523808,19.132261904761904,2.137702407394613,0.20878489399046984,0.4200107456442699,0.01869448008081418,8.38888642989992,84,0.19333333333333333,11.866666666666664,2,158.26666666666668,4.690952380952381,61.20912698412698,5.438055555555556,0.1988888888888889,71.05046296296297,2.033333333333333,0.774,2.261333333333333,4.719666666666667,5.2283333333333335,9.399666666666668,9.399666666666668,2.251333333333333,2.1811023622047245,0.6611574074074075,0.4540740740740741,2.5519907407407407,0.686786639591065,207.30555555555557,207.35833333333335,40.349694523809525,-95.13328615079365,300.6722222222222,11.781333333333333,30.647866666666665,8.816027588070906
180,2025-08-04,2025-08-04T16:35:34Z,0.02833333333333333,9.261666666666668,51,6.731166666666667,5.653748588376046,9.045024148550565,26.045949494949497,18.467083333333335,25.90925641025641,19.975305555555554,1.735466696911658,0.47198949623843817,0.2743182835736251,0.009367544923987534,5.653748588376046,51,0.43,9.4,4.566666666666666,117.6,5.284705882352941,64.9888888888889,7.039595959595959,0.4708333333333333,87.02424242424243,5.0249999999999995,0.11733333333333332,1.374,7.288,7.895333333333333,0.02833333333333333,9.201,9.261666666666668,1.3686131386861313,1.5921212121212123,1.5297979797979797,5.996868686868687,0.9608552214186016,-90.50833333333333,-84.61999999999999,40.3490894117647,-95.13342222222222,299.2980392156863,9.372,26.9156,8.439345587066068
181,2025-06-03,2025-06-03T10:46:31Z,0.017,11.256333333333334,72,5.736833333333333,9.809619380002754,10.303397807235557,19.157777777777778,15.424055555555556,20.243972222222222,17.163851851851852,0.6599998839999444,0.16296071000992957,0.11233933726740052,0.004672704265499225,9.809619380002754,72,0.37666666666666665,9.25,3.7666666666666666,103.93333333333334,6.020462962962963,65.73333333333333,6.794497354497355,0.48277777777777775,74.25978835978836,4.838888888888889,0.43233333333333335,5.886333333333333,9.488,9.921,1.3063333333333331,0.7796666666666666,0.037,0.32018561484918795,1.049047619047619,0.31761904761904763,2.568306878306878,0.30276895142986837,250.42222222222222,243.85,40.349232453703706,-94.77818171296296,317.81018518518516,9.235,21.046,8.335848496305498
181,2025-06-24,2025-06-24T08:49:21Z,0.03833333333333333,9.704666666666666,101,7.3661666666666665,7.9299754490739165,8.214446224094052,24.20783122362869,18.651074074074074,24.711419047619046,19.22790322580645,1.2270868524609568,0.29990048496288335,0.24568424643754755,0.0215367997179892,7.9299754490739165,101,0.2066666666666667,6.92,2.2,84,4.519570957095709,54.45049504950495,5.69704641350211,0.26222222222222225,68.74092827004219,2.811111111111111,0.03833333333333333,5.931333333333333,7.343,7.573333333333333,5.737666666666667,3.8533333333333335,3.8533333333333335,0.5157232704402516,0.7648523206751054,0.2989029535864979,1.1879746835443037,0.3907982567440834,111.35185185185185,83.94761904761906,40.34897838283828,-94.77745841584158,321.6151815181518,6.911666666666667,25.137833333333333,8.02
181,2025-07-15,2025-07-15T08:03:31Z,0.00299999999999999,9.537666666666668,79,6.815666666666667,9.063615152916023,9.37193994470001,26.09656888888889,19.488500000000002,27.54272023809524,21.43904347826087,1.5493707792220448,0.2379323406598689,0.31472113006806346,0.01567953719468291,9.063615152916023,79,0.16,6.43,1.7,82.06666666666666,2.662320675105485,33.79915611814346,2.7956444444444446,0.16,35.507555555555555,1.7333333333333334,0.02333333333333333,2.2835,4.3693333333333335,5.725,1.609,0.00299999999999999,1.3626666666666667,0.8571428571428571,0.47626666666666667,0.18573333333333333,1.8592888888888888,0.38997760358342665,215.8,215.92666666666668,40.3488882278481,-94.7768164556962,321.2451476793249,6.428333333333333,27.89075,8.1
181,2025-08-05,2025-08-05T08:26:07Z,0.00699999999999999,9.795333333333334,64,9.683166666666667,9.296417020819108,9.795333333333334,25.285774011299434,19.837666666666667,25.06017741935484,19.868166666666667,1.2654945498625239,0.5865828249936682,0.24586435989008532,0.016989448170516848,9.296417020819108,64,0.42,6.483333333333333,4.6,79.63333333333333,5.006927083333333,61.328125,5.3900564971751415,0.42,66.06723163841808,4.6,0.00699999999999999,5.253666666666667,8.369333333333334,8.900666666666666,4.615666666666667,0.859,3.5016666666666665,0.7744807121661721,0.909774011299435,0.5971186440677966,1.8392090395480227,0.6563373284481152,29.833333333333332,45.42,40.34842796875,-94.77582687499999,323.08958333333334,6.463333333333333,25.79025,7.82
182,2025-06-04,2025-06-04T14:30:01Z,0.03766666666666667,8.341666666666667,78,2.701833333333333,4.4525417289824585,6.6499636695107025,21.412304347826087,10.995844444444444,23.00579012345679,14.838705882352942,1.7021243860438062,0.2661816213382304,0.32301168525744933,0.02576316910628644,4.4525417289824585,78,0.14,8.89,1.3,103.7,4.354188034188034,49.735897435897435,7.150217391304348,0.1728888888888889,82.11449275362318,1.5711111111111111,0.19133333333333336,2.8601666666666663,4.064,4.591333333333333,8.139000000000001,4.138333333333334,4.245,2.887978142076503,0.8708695652173913,0.7351449275362318,3.862246376811594,0.8441504410051588,35.91777777777778,-18.676190476190477,40.49753008547008,-91.76654106837607,185.83162393162394,8.877777777777778,23.07311111111111,8.14
182,2025-06-25,2025-06-25T11:12:08Z,0.04666666666666666,8.405666666666667,105,3.019,5.019341418796562,5.335872928057415,25.44276616915423,11.658409523809524,29.01660162601626,15.102973958333333,2.6035528892077764,0.5297248068625329,0.5969946650360106,0.03686043858419996,5.019341418796562,105,0.1,7.926666666666667,0.9,105.93333333333334,3.9766031746031745,49.995555555555555,6.094776119402985,0.22095238095238096,77.0592039800995,2.0619047619047617,0.749,3.4325,3.927,4.544,2.767,4.113333333333333,4.113333333333333,3.1793193717277495,0.6547263681592039,1.38318407960199,7.16592039800995,2.112613981762918,15.256190476190476,-68.36296296296297,40.497782984126985,-91.76646387301587,186.5209523809524,7.8613333333333335,30.751466666666666,8.03
182,2025-07-16,2025-07-16T11:09:15Z,0.103,9.135,148,3.431,6.715996542811124,6.8253457302106915,23.859714285714286,11.038060606060606,28.978296875,14.509214285714286,2.2686340204286353,0.3989480618147993,0.49081530228669373,0.05857929849080774,6.715996542811124,148,0.24,9.16,2.2,120.2,3.6443243243243244,46.78243243243243,4.717053571428571,0.3009090909090909,60.91875,2.7393939393939393,1.372,2.151,3.366,4.21,9.135,9.135,3.59,3.668329177057357,0.6278571428571429,1.0766071428571429,11.803482142857142,1.7147326507394767,212.03636363636363,211.48333333333335,40.49767810810811,-91.7664781081081,187.43445945945945,8.87,29.839666666666666,8.5
182,2025-08-06,2025-08-06T10:25:47Z,0.001,8.937,137,4.3945,7.181636390273175,7.3399221876285266,22.817725663716814,11.822095238095239,26.770984615384616,15.633180555555555,1.9347274098182652,0.340881848083834,0.4254352096073394,0.02590384761932042,7.181636390273175,137,0.17,8.31,1.5,105.5,2.8202189781021896,35.083211678832114,3.3753097345132743,0.20047619047619047,42.123893805309734,1.8714285714285714,0.044,1.874,3.391,4.014,1.151,8.937,8.937,0.9863945578231292,0.8144247787610619,0.3672566371681416,2.4204424778761062,0.45093991089862007,-14.238095238095237,-25.9,40.49787540145986,-91.76654240875912,187.0182481751825,8.31,27.565,7.786027588070906
183,2025-06-10,2025-06-10T11:26:37Z,0.018,3.502,75,2.628,3.226283861270143,3.346713736381746,22.46614705882353,17.65975,23.24927272727273,18.6988,0.9936151765269869,1.080995076937726,0.5485904273006112,0.104354695245735,3.226283861270143,75,0.44,10.35,4.6,124.2,5.608666666666666,66.168,6.135735294117647,0.4625,72.44852941176471,4.875,0.428,1.0394999999999999,2.46,2.769,0.531,0.964,1.251,2.089171974522293,0.9408823529411765,1.7655882352941177,5.833823529411765,1.8765239137230385,-86.025,-81.05454545454545,38.8458368,-93.77752066666666,223.212,10.318333333333333,24.532666666666668,9.038349241807357
183,2025-07-01,2025-07-01T11:31:28Z,0.00866666666666666,3.747333333333333,43,2.0945,1.3781419189551607,3.747333333333333,27.781803921568628,16.677666666666667,27.355730769230767,20.596274509803923,2.533493793013008,1.022098086007731,0.8284095618057995,0.047995846444491536,1.3781419189551607,43,0.22666666666666668,7.283333333333333,2.333333333333333,93.3,4.024806201550388,50.744961240310076,7.124313725490196,0.22666666666666668,90.72156862745098,2.333333333333333,0.073,1.7361666666666666,2.0813333333333333,2.3296666666666668,1.1763333333333332,1.1763333333333332,1.0156666666666665,2.849315068493151,1.2192156862745098,3.6341176470588237,8.678235294117647,2.980701190093278,-73.86666666666666,-64.81666666666666,38.845627829457364,-93.7778611627907,223.36511627906978,7.2780000000000005,28.092066666666668,8.352684123631498
183,2025-07-22,2025-07-22T11:22:01Z,0.012,4.28,94,2.484,4.061189317629005,4.28,24.656277777777778,16.631,27.875038461538463,19.935833333333335,1.704745591737037,0.5408420452228622,0.7578650057079485,0.042385412437415976,4.061189317629005,94,0.19,6.17,1.9,79.9,2.7342553191489363,34.770212765957446,2.847,0.19,36.22555555555555,1.9,0.203,1.521,2.304,2.565,0.614,0.816,0.724,0.8578680203045685,1.2475555555555555,0.7186666666666667,4.199666666666666,0.5760598503740648,-162.5,-149.09166666666667,38.845711170212766,-93.77810031914893,227.77446808510638,6.161,28.697,7.98204142502958
183,2025-08-12,2025-08-12T10:44:54Z,0.021,4.443,84,2.5955000000000004,3.4982872654609682,4.334413960067735,26.39234375,17.9075,27.454755102040817,20.625,1.9327604427912775,0.8202313319388118,0.7322273378154814,0.03930322041192348,3.4982872654609682,84,0.3,7.53,3.2,96.1,3.125952380952381,39.3547619047619,3.9753125000000002,0.3,50.2734375,3.2,0.021,0.054,2.401,2.796,2.2,2.2,2.2,0.3976744186046512,2.09671875,0.8928125,5.33296875,0.4258141441240033,-81.15,-53.97272727272727,38.84563654761905,-93.77797345238095,226.07738095238096,6.93,27.941333333333333,7.863552920402556
184,2025-06-09,2025-06-09T10:10:55Z,0.01233333333333333,8.399,82,2.2824999999999998,2.7653922052494604,5.4773176949465086,21.75480459770115,12.201609195402298,22.04063888888889,14.697321839080459,1.6472107781233944,0.3976207274873598,0.2965028934179825,0.01927078710041507,2.7653922052494604,82,0.01,10.316666666666666,0.1,120.2,2.409959349593496,27.529268292682925,6.449655172413793,0.0639080459770115,74.0816091954023,0.6011494252873564,0.18766666666666665,1.5633333333333332,2.618333333333333,2.917,0.4280000000000001,0.9843333333333334,0.7093333333333334,3.1243902439024387,1.0027586206896553,1.7998850574712644,6.157586206896552,1.7949335167354423,-72.77471264367816,-96.53888888888889,38.591080975609756,-92.80657402439024,264.5910569105691,10.309166666666668,22.956,8.709265032800538
184,2025-06-30,2025-06-30T09:55:44Z,0.01566666666666666,8.495666666666667,80,3.0538333333333334,5.082514697043862,5.651497045877758,21.467625,12.141703703703703,24.954940476190476,14.01149358974359,1.5901395308139854,0.29642304932420904,0.35084414809549597,0.025677874947868544,5.082514697043862,80,0.00666666666666666,6.53,0.03333333333333333,81.46666666666667,1.666,20.421666666666667,2.7467361111111113,0.03419753086419753,33.75555555555555,0.3197530864197531,0.01566666666666666,1.9053333333333335,2.4963333333333333,2.723,2.0696666666666665,0.491,0.491,5.670588235294118,0.4686111111111111,1.5624305555555555,3.4574305555555553,3.334173088322466,-86.50123456790124,-94.50416666666666,38.59107016666667,-92.80639425,263.23041666666666,6.5216666666666665,26.660833333333333,8.09
184,2025-07-21,2025-07-21T10:41:05Z,0.039,6.939,131,2.814,3.480192039710762,3.8852399861532128,27.275506849315068,14.55396,28.484016949152544,16.38811111111111,2.7269235343590026,0.7348555826017542,0.7426213865283814,0.10061204159536734,3.480192039710762,131,0.16,5.8,1.5,74.7,2.997786259541985,37.85572519083969,5.051232876712329,0.3462,64.61232876712329,3.446,0.039,2.7729999999999997,3.14,3.52,2.79,0.23,6.86,1.0367647058823528,1.1017808219178082,1.1302739726027398,4.767260273972603,1.0258609971403705,-106.928,-131.33333333333334,38.591763664122134,-92.805986870229,268.15190839694657,5.762222222222222,28.479666666666667,7.381199695642737
184,2025-08-11,2025-08-11T10:11:01Z,0.018,7.58,126,3.0065,5.343852947095353,5.498830099867611,22.31406741573034,12.992411764705883,26.78931914893617,15.336835443037975,1.6782506509229052,0.371214767385197,0.43393810163263663,0.029286447403046114,5.343852947095353,126,0.16,7.29,1.5,92.2,2.376269841269841,29.415873015873014,3.2812359550561796,0.19470588235294117,40.85168539325843,1.8588235294117648,0.018,2.332,2.774,3.412,2.541,2.413,2.448,0.7723342939481268,1.6498876404494383,0.8451685393258427,3.9207865168539326,0.5122582402615091,-62.076470588235296,-68.01,38.59095587301587,-92.80645166666666,265.01984126984127,7.221666666666667,27.491833333333332,7.647070933082292
185,2025-06-03,2025-06-03T13:32:50Z,0.049,5.877,99,4.5255,5.102857632460671,5.159473874001908,20.593,18.684416666666667,20.840945945945947,18.80092,0.386354627044625,0.49710701006613667,0.13022568744495366,0.017583966216782185,5.102857632460671,0,NA,NA,NA,NA,NA,NA,NA,NA,NA,NA,NA,NA,NA,NA,0.049,0.22,0.22,0.3424657534246575,1.9769411764705882,0.6387058823529411,4.13035294117647,0.3230778386098548,271.98333333333335,270.6111111111111,40.39833818181818,-94.08767636363636,289.95151515151514,NA,22.016714285714286,7.945742449135816
185,2025-06-24,2025-06-24T11:38:49Z,0.01466666666666666,6.12,67,5.900833333333333,5.211930184450357,6.046788489518119,26.21941242937853,20.649166666666666,25.995588541666667,20.77988888888889,1.3419441019343594,0.9238706642202076,0.385901205480069,0.03344086268551655,5.211930184450357,67,3.4033333333333333,7.046666666666667,38,88.3,6.271194029850746,77.19800995024876,6.4157627118644065,3.848333333333333,79.49265536723163,42.91666666666667,0.069,4.405333333333333,NA,NA,0.069,0.069,0.01466666666666666,0.7109067017082786,1.4394915254237288,0.974632768361582,5.567231638418079,0.6770673888300169,168.25,206.94666666666666,40.39815940298507,-94.08687810945273,291.8845771144279,7.032666666666667,26.8738,8.059335376934184
185,2025-07-15,2025-07-15T10:58:34Z,0.031,6.262,106,3.23,6.130517751117737,6.2398724471584774,26.293126213592235,20.049,28.15925,23.012595238095237,1.4877047719375014,1.7353520297471456,0.4669979440516739,0.023465261334166092,6.130517751117737,106,0.26,9.37,2.9,121.7,4.162358490566038,53.404716981132076,4.275922330097087,0.26,54.87572815533981,2.9,0.031,0.7685,3.077,3.241,0.374,0.342,0.823,1.3256880733944953,1.542621359223301,1.334854368932039,7.731553398058252,0.8653156271634465,220.2,220.24285714285713,40.39846783018868,-94.08650566037736,289.0820754716981,9.3533333333333335,28.838,8.717596945562427
185,2025-08-05,2025-08-05T10:21:20Z,0.017,6.425,99,5.019,6.017590590466633,6.232958850325717,25.379967741935484,21.672,25.732296296296298,22.568055555555556,0.8971456991880586,0.2785056847647422,0.27020962214137717,0.013532725734009035,6.017590590466633,99,0.27,10.77,3.1,134.8,4.717777777777778,58.21515151515152,5.000322580645161,0.31666666666666665,61.72150537634408,3.6333333333333333,0.017,1.5935000000000001,3.874,4.233,0.421,6.338,0.302,0.5518763796909492,3.3129032258064517,1.3112903225806452,8.893333333333333,0.3958130477117819,-58.266666666666666,-30.585714285714285,40.39835222222222,-94.08662757575757,292.4979797979798,10.76,26.795625,8.54876251996718
186,2025-05-28,2025-05-28T15:22:12Z,0.006,4.928,109,4.9125,4.903859058054056,4.919837787962881,21.20004716981132,20.378,21.192523364485982,20.378,0.17633650454251892,0.7151278426363358,0.07133384432896656,0.007028397278388425,4.903859058054056,109,5.39,9.5,59.7,107.8,8.402752293577981,94.7302752293578,8.482358490566037,5.67,95.65849056603774,62.8,1.327,4.8995,NA,NA,2.617,2.617,2.64,0.3138564273789649,3.991981132075472,1.0687735849056603,7.767547169811321,0.26773011934302254,166.5,192.5076923076923,37.730929174311925,-90.63408733944954,316.6045871559633,9.36,22.126142857142856,8.172880715674529
186,2025-06-17,2025-06-17T15:55:26Z,0.02166666666666666,5.033666666666667,73,1.645,2.945046746131988,3.7195520866868206,26.45451937984496,20.043857142857142,29.055304347826088,21.647246666666668,1.5322146548616047,0.29137200469978963,0.5276065009633151,0.03780268898863493,2.945046746131988,73,0.18666666666666668,13.446666666666664,2.033333333333333,178.23333333333335,5.138264840182648,65.70502283105023,8.500852713178295,0.26333333333333336,109.06279069767442,2.9126984126984126,0.18933333333333333,1.7096666666666667,2.275333333333333,2.5836666666666668,1.6856666666666666,1.6856666666666666,1.7336666666666667,0.43952802359882004,3.2116279069767444,1.1815503875968991,10.89201550387597,0.36789765870142405,-54.86190476190476,-102.90333333333334,37.730976621004565,-90.63393881278539,311.76255707762556,13.43,30.101,9.169169062123116
186,2025-07-08,2025-07-08T14:26:28Z,0.02,4.673,78,3.4939999999999998,4.430870175766414,4.673,27.858246575342466,19.9,29.63861818181818,21.96878260869565,1.9498256031255323,0.955271178267006,0.7933973965497718,0.07334377862109738,4.430870175766414,78,0.66,12.04,7.3,159.8,8.286666666666667,108.42051282051283,8.796164383561644,0.66,115.2,7.3,0.762,3.129,4.009,4.484,0.16,0.232,0.232,2.176,2.5100000000000002,4.95013698630137,19.388219178082192,1.9721661300005455,-60.9,87.4,37.73091756410256,-90.63379666666667,315.2371794871795,11.937777777777779,30.186666666666667,9.314498217571202
186,2025-07-29,2025-07-29T15:27:55Z,0.011,4.873,85,3.019,4.3867610781470585,4.7487457795008385,30.27524,21.714333333333332,32.02294339622642,24.83828125,2.269842675657401,1.3802550714796478,0.8671821619919593,0.058583824603129046,4.3867610781470585,85,0.29,14.58,3.3,210.3,4.172588235294118,58.44705882352941,4.688533333333333,0.29333333333333333,65.77866666666667,3.333333333333333,0.125,1.1415,1.918,2.242,0.905,0.96,0.998,0.634848484848485,3.1924,2.3377333333333334,11.3864,0.7322808336465773,-161.1,-153.59,37.730980823529414,-90.63379894117647,316.92,14.513333333333334,35.163,9.268349241807357
192,2025-06-11,2025-06-11T13:26:52Z,0.11,4.68,100,0.599,4.2460209000924145,4.589993383183311,23.617647727272725,18.321333333333335,27.005333333333333,22.71010989010989,1.1446813568447851,1.3072359245543037,0.4556877493646396,0.04879909763272918,4.2460209000924145,100,0.4,9.58,4.3,119.3,5.8081,69.331,6.524659090909091,0.4266666666666667,77.96136363636364,4.566666666666666,0.11,1.9995,3.748,4.104,1.963,1.847,1.963,0.16182572614107885,1.4530681818181819,0.16727272727272727,2.87375,0.11511691561742393,-34.03333333333333,40.77857142857143,39.716755299999996,-93.3225661,209.758,9.374285714285714,27.28242857142857,8.348651449586095
192,2025-07-02,2025-07-02T13:35:04Z,0.11566666666666668,3.473,53,2.860333333333333,3.2887895560906433,3.473,28.50102614379085,24.031,28.920263565891474,25.830866666666665,1.198206802869663,1.7580528533379982,0.6552572356699529,0.025507552398035236,3.2887895560906433,53,0.39666666666666667,8.543333333333333,4.666666666666667,113.43333333333334,5.261572327044025,68.54905660377358,5.451699346405229,0.39666666666666667,71.0437908496732,4.666666666666667,0.382,1.4858333333333333,2.5126666666666666,2.9963333333333333,1.8306666666666669,1.8306666666666669,1.8306666666666669,0.36559888579387184,1.462156862745098,0.4931372549019608,3.3484967320261436,0.33726699745205846,240.56666666666663,236.70416666666668,39.71675773584906,-93.32226496855345,209.11572327044024,8.483333333333333,30.456777777777777,8.231165188560661
192,2025-07-23,2025-07-23T14:01:20Z,0.033,3.848,69,3.7725,2.528873750553717,3.848,29.91934090909091,22.806,28.664059701492537,23.014000000000003,1.9116022399230133,1.1001732477230555,0.73990924457395,0.05130969939563183,2.528873750553717,69,0.61,11.21,7.1,151.7,6.329275362318841,83.69565217391305,9.141136363636363,0.61,121.425,7.1,0.788,1.7355,2.845,3.351,1.747,1.747,1.691,0.7096774193548387,1.9486363636363637,1.1411363636363636,6.503181818181818,0.5856076510380219,-97.7,-86.84545454545454,39.71724884057971,-93.3223872463768,210.86231884057972,10.626249999999999,31.76625,8.942690747412806
192,2025-08-13,2025-08-13T13:26:03Z,0.02,4.343,68,3.342,3.7804074438777215,4.315348455258804,27.135310344827587,21.561,27.656877551020408,23.389526315789475,1.392499516904536,0.9231179705466706,0.5709374154609879,0.02782412402430533,3.7804074438777215,68,0.5,10.59,5.6,139.6,5.183676470588235,66.28676470588235,5.977758620689655,0.5,76.56379310344828,5.6,0.083,1.267,3.058,3.497,1.536,1.536,1.536,0.310948905109489,2.1167241379310346,0.7472413793103448,4.578103448275862,0.35301783823409627,-79.4,-58.144444444444446,39.71707279411765,-93.32253455882353,210.24117647058824,10.483333333333334,30.082333333333334,8.46861623921599
195,2025-06-02,2025-06-02T17:01:23Z,0.02,3.363,48,1.1855,2.6526856897509505,3.283741805630925,23.356342857142856,18.778,26.667833333333334,20.749916666666667,0.9944085674030703,0.33404147277612867,0.4979442143786611,0.03046278627546837,2.6526856897509505,48,1.16,13.96,12.4,176.5,7.596666666666667,90.48333333333333,9.756,1.19,116.90571428571428,12.75,0.196,1.9325,2.935,NA,2.266,1.274,2.266,0.3717391304347826,3.608857142857143,1.4268571428571428,8.204571428571429,0.3953764547541762,167.05,206.25555555555556,40.06303604166666,-94.53809,305.34375,13.7425,27.448249999999998,8.91
195,2025-06-23,2025-06-23T15:09:26Z,0.033,3.583,68,2.6550000000000002,3.4791893422409843,3.5619124479924755,27.79884375,18.526,28.7545,20.295083333333334,2.204973157444101,1.2421801219678315,1.2030222108072022,0.06784039303727907,3.4791893422409843,68,0.61,9.62,6.5,129,5.430735294117647,70.78823529411764,5.72984375,0.61,74.7796875,6.5,0.033,1.3765,2.4,3.205,0.361,0.361,0.304,0.4244031830238727,2.55390625,0.98890625,5.666875,0.3872132150504742,-67.1,28.57777777777778,40.062917794117645,-94.53847323529412,309.71764705882356,9.607142857142856,30.666714285714285,8.63288071567453
195,2025-07-14,2025-07-14T14:38:25Z,0.019,3.522,77,3.2409999999999997,3.4561253147588493,3.5069218086735265,29.46077027027027,24.329,29.76685507246377,24.952375,1.4052091980876185,2.7021956626692183,0.7866158626616568,0.06690547843223746,3.4561253147588493,77,0.99,15.27,11.9,210.1,9.000389610389611,119.92857142857143,9.318513513513514,1.05,124.22972972972973,12.600000000000001,0.338,1.043,3.336,3.522,0.409,3.522,0.338,0.6280788177339902,2.495135135135135,1.664054054054054,11.532972972972972,0.666919410745234,211.35000000000002,212,40.063174805194805,-94.53836285714286,310.55064935064934,15.176363636363636,32.38363636363636,8.973724856610602
195,2025-08-04,2025-08-04T14:27:41Z,0.012,3.821,69,0.33299999999999996,3.700051648212792,3.7821210354567434,25.947703125,24.8425,28.267714285714284,25.59916129032258,0.287381441451771,0.3090034877939418,0.14725920189428035,0.027847112611806082,3.700051648212792,69,4.75,16.52,57.4,211.6,9.591884057971015,118.99130434782609,9.91859375,4.975,123.1796875,60.099999999999994,0.195,0.7525,NA,NA,0.195,0.269,0.195,0.9879194630872483,4.04109375,5.72078125,22.375,1.4156517032053513,181.64999999999998,179.28,40.062810579710145,-94.53854884057971,310.6159420289855,16.283,28.1003,9.05960443786395
218,2025-06-02,2025-06-02T11:56:02Z,0.009,3.955,52,1.1225,3.7610639321247525,3.955,20.501510638297873,17.671,24.784125,19.418636363636363,0.5561750848919473,0.27612780303911655,0.26810491933021063,0.018344521158408993,3.7610639321247525,52,1.41,18.4,14.8,219.7,9.831153846153846,111.65576923076922,10.698936170212766,1.41,121.65531914893617,14.8,0.485,2.5404999999999998,3.816,NA,3.909,3.955,3.909,2.7825059101654843,1.6397872340425532,1.8961702127659574,5.686382978723405,1.1563513688854288,-61,14.591666666666667,39.767426538461535,-92.88185980769231,250.1173076923077,17.978,25.1784,9.606027588070905
218,2025-06-23,2025-06-23T10:19:44Z,0,3.121,78,2.1399999999999997,2.595081165666697,3.0693408318142343,27.433820895522388,19.8005,28.301732142857144,21.73359090909091,1.8509881505013936,0.9125799332501485,1.029682594517464,0.06580464454583507,2.595081165666697,78,0.32,10.57,3.5,137.2,6.9056410256410254,88.77179487179487,7.9755223880597015,0.325,102.63283582089552,3.55,0,1.6320000000000001,2.248,2.382,1.474,0.494,0.738,2.314720812182741,1.56,2.542686567164179,6.508059701492537,1.6299272866437045,-87.65,-60.09090909090909,39.76750923076923,-92.88180705128205,255.01666666666668,10.562000000000001,28.8569,9.08901029822086
218,2025-07-14,2025-07-14T10:03:13Z,0.014,4.033,79,2.1685,3.689786427143828,3.98652785042646,26.549175675675677,19.248,28.516279069767442,23.22663888888889,1.7189972205305821,0.8431006433380306,0.7940415154063907,0.058474137544415244,3.689786427143828,79,0.58,10.75,6.3,139.4,6.141898734177215,78.52025316455696,6.514054054054054,0.62,83.35675675675675,6.733333333333333,0.278,0.0435,2.527,3.201,0.278,0.487,0.278,2.131313131313131,1.2491891891891893,1.9486486486486487,6.210675675675676,1.5599307659022068,211.86666666666667,211.9777777777778,39.76739734177215,-92.88185569620254,254.25696202531645,10.556923076923077,28.851307692307692,9.157266104944743
218,2025-08-04,2025-08-04T09:49:05Z,0.01,4.003,62,3.1055,3.3473131208126836,4.003,24.953176470588236,20.429,25.136978723404255,21.816533333333332,1.0570685163274902,0.7270863482995448,0.4538053506235604,0.02095066239916787,3.3473131208126836,62,0.9,6.31,10,77.1,4.434354838709678,53.64677419354839,5.11921568627451,0.9,62.12352941176471,10,0.01,0.069,3.324,3.917,1.405,0.915,1.164,0.40712468193384227,2.9649019607843137,0.9976470588235294,5.50843137254902,0.3364856821638781,-64.3,-46.477777777777774,39.767314032258064,-92.88184387096774,254.2483870967742,5.79375,25.42275,7.485145241314747
219,2025-05-08,2025-05-08T14:53:11Z,0.041,4.063,76,3.0069999999999997,3.8899925161331486,3.995866782291858,18.297845070422536,14.749500000000001,19.309153846153844,15.377833333333333,0.5965851892605087,0.26668467695468473,0.2862092503500784,0.014667060234406672,3.8899925161331486,76,0.6,10.22,5.9,113.6,6.3198684210526315,68.58684210526316,6.716760563380282,0.625,72.94084507042254,6.2,1.298,1.9965000000000002,3.445,3.754,3.112,2.997,2.933,0.11956521739130434,1.0216901408450705,0.05380281690140845,2.373098591549296,0.05266060104769782,92.6,125.56153846153846,38.994323289473684,-92.48852671052632,231.80131578947368,9.426,21.04,9.35
219,2025-06-12,2025-06-12T14:06:23Z,0.059,3.447,65,1.9855,3.0766572404739363,3.4202529216429687,22.455275862068966,17.623,23.6863,19.209600000000002,0.9977431988297667,0.40001838378086807,0.5264308213014475,0.02421683344952058,3.0766572404739363,65,0.42,15.3,4.4,188.6,5.501384615384615,65.58153846153846,6.10948275862069,0.42,72.9051724137931,4.4,0.167,0.5065,2.001,2.482,1.885,0.059,0.11,1.8581081081081081,1.306551724137931,1.2562068965517241,5.211206896551724,0.9614674056479282,-97.6,-66.53,38.994275692307696,-92.48945107692307,237.8353846153846,14.712222222222222,25.698333333333334,9.934070245521854
219,2025-07-09,2025-07-09T13:07:32Z,0.012,4.082,76,2.487,2.8743872963259363,3.410078951697345,27.642456140350877,17.8722,28.628551020408164,19.48462962962963,2.2831730391915244,0.9278374216235253,0.9888806830727572,0.06537008593813304,2.8743872963259363,76,0.52,9.7,5.4,127.4,4.3578947368421055,56.775,5.580701754385965,0.588,73.22456140350877,6.21,0.818,1.174,2.286,2.849,0.986,0.781,0.986,1.299019607843137,1.486842105263158,1.4394736842105262,5.62719298245614,0.9681415929203538,-134.36,-135.175,38.99426921052632,-92.4888552631579,238.9763157894737,8.59,32.2795,9.322436159820317
219,2025-08-14,2025-08-14T12:00:28Z,0.137,3.732,73,2.7809999999999997,3.428780457348964,3.5917376367298024,26.571375,20.3655,27.65750980392157,21.5315,1.496782589055556,0.7556967050332909,0.7685746056358401,0.039162601553225415,3.428780457348964,73,0.67,11.14,7.5,145.1,5.671369863013699,72.2931506849315,6.361875,0.7025,81.26875,7.825,0.137,1.8125,2.717,3.335,1.914,2.109,1.691,0.25962910128388017,4.26375,0.8425,10.6375,0.19759601289944298,-82.3,-42.82857142857143,38.993996575342464,-92.489278630137,231.95753424657534,11.047142857142857,29.506857142857143,8.83
224,2025-06-02,2025-06-02T18:00:18Z,0.027,5.964,82,1.8464999999999998,3.8367605868174124,5.193406380739275,22.70603773584906,13.1813,26.129615384615384,17.05907142857143,1.7450998895039902,0.46375318476483846,0.47676118709442283,0.09722375685310002,3.8367605868174124,82,0.64,11.97,6,144.1,6.570853658536586,76.93414634146342,9.433962264150944,0.753,111.65849056603774,7.19,0.78,2.126,4.242,5.136,3.315,3.066,3.167,0.47774480712166173,2.3860377358490568,1.060188679245283,8.618301886792453,0.4443302229954135,169.19,145.57142857142856,40.02572987804878,-94.73322963414634,282.1512195121951,11.602857142857143,26.155571428571427,8.59716627539189
224,2025-06-23,2025-06-23T16:08:04Z,0.017,5.927333333333333,78,2.2316666666666665,4.901885387231296,5.355889424105531,23.944021505376345,13.089481481481481,29.40326923076923,18.055711538461537,2.0540777221253848,0.3933153039815803,0.6437765637388863,0.04964361462565275,4.901885387231296,78,0.16,10.48,1.5,137.4,4.3169017094017095,55.57222222222222,5.378682795698925,0.17851851851851852,69.40860215053763,1.7,1.6873333333333334,2.2316666666666665,2.798,3.154,2.9306666666666668,2.8583333333333334,2.8583333333333334,4.565905096660808,0.864247311827957,2.3331720430107525,6.588736559139785,2.699657853810264,36.72222222222222,27.816666666666666,40.02621709401709,-94.73326858974359,283.0662393162393,10.359,29.5232,8.703348723127913
224,2025-07-14,2025-07-14T15:28:05Z,0.01233333333333333,5.5840000000000005,60,0.6665000000000001,4.821373407854869,4.9821099684691195,25.005242424242425,14.560194444444445,32.86729166666667,20.621724358974358,2.119879958290767,0.48926658727929173,0.7380251247114107,0.04123833657462305,4.821373407854869,60,0.25333333333333335,14.146666666666668,2.5,186.96666666666667,4.437833333333334,58.78666666666667,5.931666666666667,0.31805555555555554,78.98030303030303,3.125,0.811,1.3061666666666667,2.6193333333333335,3.377,2.222,2.222,2.222,7.534621578099838,0.9359848484848485,2.842878787878788,9.381818181818181,3.037312828814245,207.37222222222223,207.29,40.026037055555555,-94.73360705555555,284.56055555555554,13.327142857142857,32.90504761904762,8.979525373047784
224,2025-08-04,2025-08-04T15:10:50Z,0.005,5.471,106,3.176,4.970650161534984,5.375229443562511,23.377010416666668,14.9985,25.83573770491803,18.253333333333334,1.6503679509226004,0.4778775430308319,0.5617719961573207,0.038829912409673914,4.970650161534984,106,0.32,8.56,3.2,108,4.233018867924528,51.75754716981132,4.636770833333333,0.335,56.77708333333333,3.3,0.005,0.7084999999999999,3.354,3.847,1.024,0.978,1.468,0.23493975903614459,1.9404166666666667,0.45666666666666667,5.636875,0.23534464247369552,-73.4,-64.42,40.02561801886793,-94.73377915094339,284.45,8.458333333333334,27.18225,8.189194630322248
237,2025-06-03,2025-06-03T17:59:17Z,0.01,5.409,113,5.397,5.368890429122475,5.409,20.096522522522523,14.67,20.054133928571428,14.67,0.9639376918119069,4.2646642280648885,0.3537964062839259,0.041875079549753016,5.368890429122475,113,0.39,10.99,3.9,124.1,6.66787610619469,75.83716814159293,6.779549549549549,0.39,77.11891891891892,3.9,2.125,2.5700000000000003,4.102,4.908,0.345,5.226,5.385,0.6948130277442702,3.3807207207207206,1.6778378378378378,10.713333333333333,0.4962959015082876,21.7,197.71666666666667,40.200058230088494,-93.10475743362832,256.9566371681416,10.34625,23.404875,8.65876251996718
237,2025-06-24,2025-06-24T14:52:00Z,0.083,4.603,104,2.5425,3.3476916244223673,3.951134180113215,26.674575342465754,15.49557894736842,27.955966666666665,17.649727272727272,2.419719233728074,0.8033487371034773,0.9295096249869214,0.05404838876907827,3.3476916244223673,104,0.33,10.7,3.2,139.7,5.4275,69.25288461538462,7.509178082191781,0.4005263157894737,96.36301369863014,4.010526315789473,0.219,1.87,2.554,3.353,1.885,2.713,2.644,1.6083061889250816,4.367260273972603,3.2404109589041097,22.690684931506848,0.7419779806154135,-0.9473684210526321,-16.98,40.20013173076923,-93.10472596153846,259.42115384615386,10.46,30.006818181818183,8.581044956165911
237,2025-07-15,2025-07-15T13:58:47Z,0.011,4.685,95,2.85,4.402443533267972,4.659790533562584,25.679875,15.219,29.088333333333335,18.710789473684212,2.1965947653222884,0.5110510032848679,0.8888873100943134,0.07957753407538543,4.402443533267972,95,0.35,12.05,3.5,160.1,5.542736842105263,72.41263157894737,5.954318181818182,0.35,77.87727272727273,3.5,1.035,1.684,2.838,3.2,1.91,2.505,2.642,1.9138134592680047,3.166590909090909,3.0825,13.318295454545455,0.9734443407737028,218.7,218.98,40.20030157894737,-93.10474589473684,257.8252631578947,11.55888888888889,30.875444444444444,8.810076167153069
237,2025-08-05,2025-08-05T13:05:06Z,0.004,4.638,83,3.219,4.149213716077856,4.638,24.817013333333332,16.163,25.975716666666667,19.045478260869565,1.8236101398026676,0.5675352316866838,0.7114047821816172,0.06354205104132775,4.149213716077856,83,0.51,8.77,5.2,110.6,4.708795180722891,57.98192771084337,5.1488,0.51,63.52133333333333,5.2,0.117,0.8140000000000001,3.112,3.689,2.714,2.714,2.659,0.29538904899135443,3.3782666666666668,0.6708,5.6550666666666665,0.19856336582863005,-61.6,-41.875,40.20017578313253,-93.1049,261.2987951807229,8.76,27.226285714285716,8.082913392494287
238,2025-05-27,2025-05-27T11:11:36Z,0.061,8.379,136,5.7379999999999995,6.871608128888919,7.358700719754677,19.13372072072072,13.341842105263158,19.562979591836736,14.331815789473684,0.9535391948818415,0.23631511135036454,0.21509795552196687,0.019327539742587854,6.871608128888919,136,0.06,4.94,0.6,54.6,1.7961764705882353,19.644117647058824,2.180720720720721,0.08052631578947368,23.875675675675677,0.7789473684210526,0.061,0.0625,3.494,4.34,0.147,8.341,0.197,0.4490566037735849,1.8053153153153154,0.5446846846846847,3.0326126126126125,0.3017116622585957,1.3,-19.816666666666666,39.605799044117646,-91.66595676470588,202.1433823529412,4.60125,20.2115,7.5831117936585475
238,2025-06-16,2025-06-16T12:13:34Z,0.01866666666666666,8.333,91,1.5358333333333334,6.962328104109282,7.5590500198307495,20.949792207792207,13.650407407407407,25.563491228070173,18.37325925925926,1.2879931817614079,0.22971492794699222,0.2884733016139721,0.01969584750520582,6.962328104109282,91,0.02666666666666666,11.72,0.26666666666666666,146,3.032710622710623,36.55128205128205,3.5746753246753245,0.04074074074074074,43.104329004329,0.3962962962962963,0.01866666666666666,0.7525,2.782,3.1813333333333333,0.7356666666666667,0.8306666666666667,0.8306666666666667,0.3143274853801169,1.9353246753246753,0.4241125541125541,5.766363636363637,0.2191428443609359,-126.21481481481482,-128.0952380952381,39.60580010989011,-91.66623978021978,203.2945054945055,11.688666666666668,26.503666666666668,8.749366085272294
238,2025-07-07,2025-07-07T12:18:53Z,0.00966666666666666,8.307666666666666,94,3.1515,6.393638387871137,6.622632906328799,24.20402222222222,14.625428571428571,29.207657407407407,18.060862068965516,1.9080545128897484,0.2901847549826924,0.4470259441043892,0.04832817736662912,6.393638387871137,94,0.03,13.516666666666666,0.3,183.16666666666663,2.9347163120567377,38.38085106382979,3.663377777777778,0.05,47.95688888888889,0.4928571428571429,0.23966666666666667,0.8873333333333333,3.344,3.552666666666666,0.5776666666666667,0.5776666666666667,0.5776666666666667,0.6713426853707415,1.286,0.6715111111111111,3.6955555555555555,0.5221703818904441,-109.26428571428572,-111.89333333333333,39.605713829787234,-91.66611464539007,200.3517730496454,13.317222222222222,31.616500000000002,9.045795350397784
238,2025-07-28,2025-07-28T14:09:32Z,0.02266666666666666,8.406333333333333,64,4.8915,2.370587961339173,6.868035544610099,30.32662962962963,14.936520833333333,28.314333333333334,16.20732098765432,3.5588490354880378,0.6622745294422222,0.5515978701883572,0.030458103100924457,2.370587961339173,64,0.16,16.333333333333332,1.6,225.4,3.6459375,48.509375,11.437777777777779,0.19416666666666668,154.00925925925927,1.9229166666666666,0.5363333333333333,0.9778333333333333,2.602666666666667,3.2159999999999997,0.5363333333333333,0.5363333333333333,0.38033333333333336,1.4480600750938675,1.892962962962963,2.5364814814814816,9.658148148148149,1.3399530424574448,-140.975,-145.92222222222222,39.60575869791667,-91.66604364583334,206.82291666666666,16.261666666666667,32.62466666666667,9.425842137093014
270,2025-05-27,2025-05-27T13:55:24Z,0.03633333333333333,7.802,71,2.7231666666666667,3.431775844582319,4.1638053346073,18.14750980392157,9.733822222222223,19.326185185185185,10.645537878787879,1.1535457572937275,0.20319364310057264,0.27034023227645326,0.01560516643225897,3.431775844582319,71,0.08,12.636666666666668,0.7,140.76666666666668,3.7032863849765256,40.20469483568075,7.460098039215686,0.18833333333333332,81.50294117647059,1.6622222222222223,0.07033333333333333,1.907,2.679333333333333,3.142,0.5176666666666667,0.5176666666666667,0.5176666666666667,1.24745269286754,1.2754901960784315,1.4076470588235295,5.060686274509804,1.1036126056879323,-53.35777777777778,-88.10952380952381,39.37759633802817,-91.40865140845071,201.11737089201878,12.6275,20.598166666666668,8.91
270,2025-06-16,2025-06-16T14:19:35Z,0.01533333333333333,8.016333333333334,109,1.9033333333333333,3.72857600347552,3.870206820680168,20.198887005649716,10.357652777777778,24.060965517241378,12.695925,1.5034314308524017,0.8057779181119544,0.36858005333432536,0.041058545056363215,3.72857600347552,99,0,13.533333333333331,0,167.2,2.964074074074074,35.59292929292929,4.927627118644067,0.06166666666666667,59.30621468926554,0.5570175438596492,0.45566666666666666,0.9630000000000001,1.8596666666666668,2.111333333333333,1.3453333333333333,1.3453333333333333,1.3453333333333333,0.1833550065019506,2.294011299435028,0.7935593220338983,9.978192090395481,0.34592650970347755,-101.49583333333334,-114.23333333333333,39.377663027522935,-91.4086171559633,204.55626911314985,12.895999999999999,28.508533333333332,9.13473683885994
270,2025-07-07,2025-07-07T14:17:34Z,0.03466666666666666,7.888333333333334,63,3.0095,3.152809765562526,4.625708482230746,23.910166666666665,10.433520833333333,24.31956862745098,12.36903448275862,2.340029512299111,0.47416695056537056,0.499940499242025,0.04279083582140195,3.152809765562526,63,0.14,16.34,1.2333333333333334,208.1,4.3877248677248675,54.86560846560847,7.4752777777777775,0.195,94.08703703703704,1.7479166666666666,0.977,1.1283333333333334,2.0816666666666666,2.4703333333333335,1.2966666666666666,1.2966666666666666,1.2966666666666666,0.1625207296849088,4.698518518518519,1.3296296296296297,19.697592592592592,0.2829891218666246,-21.520833333333332,-68.79166666666667,39.377536402116405,-91.40856312169312,201.24285714285713,14.887222222222222,29.423055555555557,9.279061729067942
270,2025-07-28,2025-07-28T16:12:43Z,0,7.985,151,0.763,3.1534490699667113,4.917999995637236,26.62393650793651,10.931607843137256,32.6828,17.162875,2.994001208575469,0.8276918702932595,0.614182382635138,0.11438091826166975,3.1534490699667113,151,0.17,12.05,1.5,167.8,3.110264900662252,39.69072847682119,6.933968253968254,0.2411764705882353,89.98412698412699,2.2,0.219,1.223,2.702,3.188,1.598,2.09,2.148,0.9555236728837877,3.2257142857142855,1.6501587301587302,12.82857142857143,0.5115638224584195,-111.03333333333333,-119.08,39.37767847682119,-91.4085561589404,206.42384105960264,12.035555555555556,32.95044444444444,8.94784901971291
272,2025-05-27,2025-05-27T12:34:23Z,0.036,1.297,37,1.29,NA,NA,NA,NA,19.825617647058824,19.809,NA,NA,NA,0.003010526213676907,1.297,37,11.7,12.28,128.4,134.9,12.206756756756757,134.04594594594596,NA,NA,NA,NA,0.776,1.2934999999999999,NA,NA,1.198,1.297,1.295,0.17383669885864791,NA,NA,NA,NA,NA,129.81176470588235,39.42373648648649,-91.67421135135136,205.36486486486487,12.211538461538462,19.829923076923077,9.07
272,2025-06-16,2025-06-16T13:11:46Z,0.008,1.315,33,0.7064999999999999,0.524421805271339,1.0006583607277988,28.7,24.884285714285713,28.597529411764707,25.589375,1.0415432420529669,2.0164840959762786,1.162932097248932,0.04985652825676068,0.524421805271339,33,8.52,23.63,102.8,305.5,19.216363636363635,244.0969696969697,23.470833333333335,10.631428571428572,303.93333333333334,128.57142857142858,0.583,0.781,NA,NA,1.257,0.345,0.544,1.7971602434077079,3.464166666666667,8.283333333333333,28.945,2.3911474621121,151.52857142857144,146.27272727272728,39.42409181818182,-91.67425060606061,205.23030303030302,23.458181818181817,28.703454545454544,9.607295482970608
272,2025-07-07,2025-07-07T13:15:39Z,0.005,0.902,17,0.649,0.23238738566343609,0.902,32.616,29.074,32.38218181818182,29.910833333333333,1.0944989812450103,1.6190833366567219,1.3928355769873215,0.08668941754268276,0.23238738566343609,17,8.63,16.52,112.6,227.5,14.974117647058824,204.45882352941177,16.3475,8.63,226.3,112.6,0.225,0.787,NA,NA,0.384,0.005,0.449,0.43577981651376146,9.65,4.6325,39.215,0.4800518134715026,164.1,153.55,39.42379,-91.67431764705881,201.38235294117646,16.403333333333332,32.507444444444445,9.283459946187918
272,2025-07-28,2025-07-28T15:08:13Z,0.007,1.21,25,0.4515,0.6262228784144771,1.1101434985836178,32.03783333333333,30.16433333333333,32.337444444444444,30.59125,0.5831324962377948,0.5497702939347482,0.6885003810622107,0.022659722113983836,0.6262228784144771,25,4.26,12.73,56.6,176.2,9.376,127.46,11.933333333333334,5.02,163.89166666666668,66.63333333333333,0.22,0.397,NA,NA,0.108,0.108,0.108,0.3641552511415525,7.2875,2.5566666666666666,28.1025,0.3508290451686678,112.26666666666667,119.09,39.424154,-91.6743536,209.156,12.293,32.2284,8.774615126193812
274,2025-05-05,2025-05-05T10:52:06Z,0.06766666666666667,24.181,101,5.378833333333334,7.9270381958861105,9.010863710913984,16.28475,7.080251366120218,17.881246376811596,8.312918803418803,1.0005728203344688,0.14731711930871133,0.07920678650555604,0.009645876621922666,7.9270381958861105,101,7.92,10.053333333333333,64.7,105.6,8.872706270627063,80.48943894389438,9.897592592592593,8.254808743169399,101.1287037037037,68.25737704918033,0.06766666666666667,6.768333333333333,NA,NA,3.921333333333333,4.548333333333333,1.5036666666666667,0.22424242424242427,0.31851851851851853,0.013981481481481482,1.02,0.0438953488372093,213.1590163934426,213.11111111111111,38.75043148514852,-91.08170927392739,202.39009900990098,10,17.936166666666665,8.56
274,2025-06-05,2025-06-05T14:50:04Z,0.1195,22.534,84,3.896333333333333,8.725356547855878,9.551707211761698,20.362526515151515,7.49462962962963,23.262615942028987,11.051207650273223,1.7470349304122692,0.17765748410909132,0.1495726631459878,0.012657529481563418,8.725356547855878,84,4.713333333333333,9.083333333333334,38.5,105,7.544722222222222,76.11547619047619,8.811666666666667,6.026203703703704,98.05378787878789,50.43796296296296,1.9516666666666669,22.493833333333335,NA,NA,4.870666666666667,22.532,4.325666666666667,0.7936507936507936,0.46852272727272726,0.014772727272727274,1.1325,0.03153043900072763,277.77222222222224,286.9666666666667,38.74979158730159,-91.08159015873017,207.96765873015872,8.918333333333333,23.43808333333333,8.31
274,2025-07-01,2025-07-01T11:28:21Z,0.0355,24.488333333333333,241,4.351,5.679920249326047,8.802699344809389,27.09587878787879,7.39642899408284,28.497788888888888,9.59686176935229,3.3930100053941032,0.5512241268273516,0.2457713367501229,0.035845254114185834,5.679920249326047,241,3.35,8.61,27.6,104.75,4.963468188105118,49.11241355463347,8.130113636363637,3.8678747534516766,102.23295454545455,32.29156804733728,0.0355,6.616833333333334,NA,NA,4.898333333333333,21.677333333333333,6.362,0.6541353383458646,0.23268939393939395,-0.002007575757575756,0.931060606060606,-0.008627706332410869,195.2698717948718,196.51666666666665,38.750109668049795,-91.08171146611342,205.68668741355464,8.085,28.659111111111113,8.317916712206454
274,2025-08-07,2025-08-07T11:22:21Z,0.02566666666666666,20.234666666666666,179,7.0826666666666664,8.60519381914082,9.463732161066748,24.61324888888889,7.926965277777778,26.691488888888887,9.277022408963585,2.7073767210773667,0.2544269515268338,0.25670605486216835,0.02396438520577323,8.60519381914082,179,1.38,8.57,11.333333333333334,110.3,4.392346368715084,49.35027932960894,7.636577777777778,1.9455555555555555,93.28133333333334,16.53611111111111,2.025333333333333,6.761833333333334,13.563,NA,6.911333333333333,18.892,6.992333333333334,0.27745664739884396,0.3526222222222222,-0.03515555555555556,-0.4068,-0.09969750441139401,267.2315972222222,280.4888888888889,38.74999515828678,-91.08129052141527,207.22346368715083,8.466666666666667,28.422833333333333,7.891035340294062
317,2025-06-11,2025-06-11T10:55:53Z,0.0195,4.4239999999999995,65,1.1848333333333332,4.311303341865718,4.356135553421202,21.733474462365592,18.12466666666667,24.148410714285713,20.85867320261438,0.7412927279142423,0.7105388166272442,0.33176127132158206,0.0179576496007151,4.311303341865718,65,0.20333333333333337,9.47,2.166666666666667,113.56666666666666,4.277589743589743,49.8024358974359,4.474354838709678,0.20666666666666667,52.104166666666664,2.2,0.6903333333333334,1.1408333333333331,3.085,3.282,0.8043333333333333,0.6903333333333334,0.8043333333333333,0.13297463489623365,1.094247311827957,0.2497043010752688,2.5776478494623656,0.22819731734879378,-129.68333333333334,64.58148148148149,39.815683692307694,-94.38381066666666,284.8305128205128,9.361666666666666,24.70451388888889,8.259040524218701
317,2025-07-02,2025-07-02T11:10:10Z,0.016,3.411,49,3.222666666666667,3.0519099785478163,3.411,27.99460606060606,23.030666666666665,27.894297101449276,23.871000000000002,1.2954049282226379,2.0326085213882714,0.68720105931246,0.04537040125276,3.0519099785478163,49,0.22,9.53,2.6,124.5,4.749591836734694,61.3265306122449,5.259090909090909,0.22,67.93106060606061,2.6,0.4916666666666667,0.9189999999999999,2.5323333333333333,2.7016666666666667,1.5233333333333334,1.5233333333333334,1.5233333333333334,0.4830188679245283,1.6496212121212122,0.5247727272727273,5.490909090909091,0.3181171067738232,128,183.3925925925926,39.81577081632653,-94.38380074829932,284.0972789115646,9.476111111111111,29.35227777777778,8.508544876732193
317,2025-07-23,2025-07-23T11:25:04Z,0.045,4.245,74,2.8325,3.598212949745441,4.120581037932588,27.456790322580645,21.035666666666668,28.142340425531916,23.796518518518518,1.5972131030995342,1.0320371671906798,0.6700607436028271,0.026725601632127182,3.598212949745441,74,0.25,10.64,2.8,139.4,4.3802702702702705,56.575675675675676,5.168387096774193,0.2733333333333333,66.83709677419355,3.1,0.6,1.206,2.346,2.704,1.255,1.531,1.426,0.24068767908309452,2.3283870967741933,0.5279032258064517,6.394838709677419,0.22672485453034086,-109.86666666666666,-93.39,39.81606121621622,-94.38419445945947,284.2810810810811,9.72875,29.538625,8.72195926024487
317,2025-08-13,2025-08-13T10:47:48Z,0.032,4.648,63,3.6224999999999996,2.770741919891952,4.4707958874330656,27.044447368421054,20.98975,26.80034,22.09076923076923,1.492840642241731,0.7910672074129574,0.4703301672843135,0.022153194143888534,2.770741919891952,63,0.58,8.85,6.5,111.8,4.544603174603175,56.958730158730155,6.775,0.615,85.26052631578948,6.925,0.737,2.4000000000000004,2.921,3.582,1.127,4.648,1.172,0.40547263681592044,3.3365789473684213,0.8492105263157894,7.8139473684210525,0.2545153403265241,98.45,121.8125,39.815752857142854,-94.38411492063493,287.46666666666664,8.464,27.534,7.980362064598096
438,2025-05-16,2025-05-16T11:06:42Z,0.003,3.075,74,2.2489999999999997,2.8555660452340352,3.075,22.219623188405798,15.181,23.48301818181818,16.83721052631579,1.350844776857457,0.6912301430358181,0.8200770119572303,0.06744331141781053,2.8555660452340352,74,0.84,7.9,8.3,96,5.902432432432432,69.05675675675676,6.250869565217391,0.84,73.26376811594203,8.3,0.003,1.8195000000000001,2.636,2.999,2.487,3.075,2.487,0.6496598639455782,2.212173913043478,0.37231884057971015,2.7640579710144926,0.16830450733752622,221.4,249.42727272727274,38.90170932432432,-92.34234162162163,224.5445945945946,7.853,25.2103,7.817389418682918
438,2025-05-29,2025-05-29T10:24:58Z,0.031,4.081,106,4.079000000000001,4.0769707012354885,4.081,18.542278846153845,13.393,18.493895238095238,13.393,0.8321591475547621,2.2725190087553258,0.4074189371451718,0.022307998506785953,4.0769707012354885,106,0.34,8.36,3.3,93.6,4.6590566037735845,51.630188679245286,4.741442307692307,0.34,52.55384615384615,3.3,0.031,4.075,3.076,3.361,2.984,3.122,3.122,0.6236867239732569,2.342596153846154,0.8452884615384615,4.401538461538461,0.360834051635677,-67.9,12.528571428571427,38.90109933962265,-92.34197849056604,219.46698113207546,8.0075,20.8965,7.892989242813187
438,2025-07-03,2025-07-03T10:59:56Z,0.05233333333333333,4.176333333333333,67,3.275666666666667,3.9494236198214425,4.064073476350453,25.701612021857922,15.408750000000001,27.341169934640522,16.670791666666666,2.1730259201655144,0.7152586167184058,1.0128335740393453,0.03394478417677397,3.9494236198214425,67,0.38,9.276666666666666,3.8,121.63333333333333,5.6940298507462686,72.49004975124379,6.208524590163934,0.41500000000000004,79.16120218579235,4.15,0.7493333333333333,1.3146666666666667,3.2343333333333333,3.6253333333333337,3.080333333333334,3.080333333333334,3.026,0.44863811379949614,4.636284153005464,2.5666120218579236,8.398563218390805,0.5535924756022819,-125.70833333333334,-89.69666666666667,38.90145164179104,-92.34200507462687,222.955223880597,8.784166666666668,29.833583333333333,8.367669596924614
440,2025-05-05,2025-05-05T13:10:35Z,0.071,3.947,76,1.2345000000000002,3.278111737235159,3.373400935322261,14.175369230769231,8.834333333333333,17.819333333333333,11.731454545454545,0.5725889885355855,0.27582271503025774,0.2832993684897888,0.017272175351509513,3.278111737235159,76,0.41,9.73,3.5,104.1,4.437236842105263,45.276315789473685,5.104153846153846,0.4777777777777778,52.21230769230769,4.122222222222222,0.071,1.296,2.175,2.643,1.719,1.719,1.663,0.12365359758724688,6.164307692307692,0.7326153846153847,12.77476923076923,0.1188479584706,-61.48888888888889,-62.125,38.89374078947368,-91.73728736842105,243.8578947368421,9.68,18.65957142857143,7.922880715674528
440,2025-06-05,2025-06-05T11:38:47Z,0.052,3.859,75,1.6655,3.806489335479437,3.8508083152160393,17.833478873239436,9.9525,21.987575757575758,13.825880952380952,1.0768034127158899,0.4025584435639099,0.5517373385603004,0.03136867794992218,3.806489335479437,75,0.28,8.68,2.4,101,4.2081333333333335,47.188,4.427464788732395,0.28500000000000003,49.6887323943662,2.5,0.052,1.553,2.359,2.808,1.955,2.079,1.928,0.7787610619469026,2.502676056338028,1.468450704225352,8.676478873239438,0.5867522089031459,-0.5999999999999999,45.11538461538461,38.89374133333333,-91.7376356,242.244,8.662857142857142,22.77557142857143,7.710130813607779
440,2025-07-02,2025-07-02T12:12:05Z,0.044,4.281,91,2.5595,3.5117698418230128,3.8568532732438174,21.346026315789473,10.372666666666667,24.804754716981133,12.286815789473684,1.7479076834030138,0.31173818424888455,0.7556749502315745,0.062371955339084593,3.5117698418230128,91,0.39,8.31,3.5,108.7,3.807802197802198,45.9054945054945,4.4526315789473685,0.47555555555555556,54.00394736842105,4.2555555555555555,0.125,1.488,2.796,3.219,2.484,2.435,2.484,1.383275261324042,2.8089473684210526,2.6642105263157894,13.242894736842105,0.9484729248641558,-65.6,-64.55454545454546,38.89364692307692,-91.73758956043956,241.81648351648352,8.267777777777777,28.919999999999998,7.9339828586584416
440,2025-08-14,2025-08-14T09:43:02Z,0.04,4.18,69,2.9665,3.6247196644531137,3.991861218580957,24.376732142857144,13.457333333333334,26.46593023255814,15.795576923076924,2.1137258598477047,0.7955689350115259,0.9296943298054524,0.10115058344407538,3.6247196644531137,69,0.67,8.16,6.4,105.1,4.18,51.676811594202896,4.954821428571429,0.7366666666666667,61.7625,7.066666666666666,0.04,2.016,3.038,3.763,4.133,4.133,2.847,0.3798751950078003,5.2425,1.6175,15.464642857142858,0.30853600381497376,11.983333333333333,28.491666666666667,38.893665652173915,-91.73743362318841,243.1478260869565,8.121428571428572,28.314285714285713,7.552913392494288
470,2025-05-29,2025-05-29T14:52:46Z,0.02,7.191,124,4.598,7.170815485940971,7.182706267488054,16.297834710743803,11.656,18.48477922077922,12.419425531914893,0.64129999541899,0.49397068573858616,0.17806739401405933,0.01770308564810475,7.170815485940971,124,0.2,9.32,1.9,104.1,3.849838709677419,41.57096774193548,3.94,0.24,42.55206611570248,2.2,0.02,1.6520000000000001,3.867,4.609,2.071,3.682,3.682,1.814070351758794,1.027190082644628,0.8641322314049587,3.2610743801652893,0.8412583474133076,-51.1,-45.676923076923075,36.65701120967742,-91.88873887096774,323.76129032258063,9.21875,21.172625,7.870028782631562
470,2025-06-18,2025-06-18T13:05:23Z,0.03066666666666667,6.296666666666667,74,1.0108333333333333,3.480456788497248,4.782424046274125,22.768077519379844,13.240574074074074,27.19604761904762,18.31937313432836,1.7519831991486399,0.3671232107412316,0.4611310971338679,0.030999530542551213,3.480456788497248,74,0.09,8.653333333333334,0.8,109.03333333333332,3.0872972972972974,36.94504504504504,5.177751937984496,0.12555555555555556,62.244961240310076,1.1944444444444444,0.03066666666666667,1.5243333333333333,2.463,3.2036666666666664,2.7333333333333334,2.6006666666666667,2.842,1.584507042253521,1.6236434108527131,2.019767441860465,8.562015503875969,1.2439723084268322,-43.30925925925926,-73.94,36.65669914414414,-91.88888828828829,325.4342342342342,8.638333333333334,27.307500000000005,8.095003198027001
470,2025-07-09,2025-07-09T12:34:42Z,0.00766666666666666,7.599333333333333,70,2.778,1.3595925448168567,5.332546634079668,30.121019607843138,12.481561403508772,28.960708333333333,14.691543859649123,3.8280686300925026,0.9261449945786572,0.6615923871053849,0.11018422745032831,1.3595925448168567,70,0.15666666666666668,8.256666666666666,1.4666666666666666,109.63333333333333,4.116476190476191,52.35523809523809,8.201372549019608,0.25842105263157894,108.75686274509803,2.4350877192982456,0.263,2.6706666666666665,3.9123333333333337,4.5423333333333336,3.0336666666666665,3.0336666666666665,3.0336666666666665,2.00183038438072,0.41137254901960785,-0.09686274509803922,-0.30215686274509806,-0.23546234509056244,-12.982456140350877,-55.204166666666666,36.65696776190476,-91.888771,326.3257142857143,8.245000000000001,30.213833333333334,8.274634018732902
470,2025-08-18,2025-08-18T12:39:37Z,0.00266666666666666,6.305,64,3.7988333333333335,1.5301113659624708,6.111113270112161,31.44633333333333,12.729666666666667,29.277896825396827,16.175636363636364,4.206822886108512,0.883297761075344,0.7728866710017555,0.040223330667250215,1.5301113659624708,64,0.26333333333333336,11.853333333333332,2.5,154.33333333333334,5.978020833333333,78.85572916666666,10.04875,0.26833333333333337,136.36875,2.55,2.6316666666666664,3.085,3.7026666666666666,3.8786666666666663,3.5853333333333333,3.4606666666666666,3.5853333333333333,0.8534328358208955,1.1495833333333334,0.018333333333333333,0.32833333333333337,0.01594780717651323,-108.16666666666667,-106.46666666666667,36.65660182291666,-91.8885834375,328.996875,10.235999999999999,31.861066666666666,8.644636945473508
