MULakeNumber,date,dateTime,minDepth_m,maxDepth_m,numberOfMeasurements_temperature,thermoclineDepth_m_thresh0.3,top_metalimnion_m,bottom_metalimnion_m,epilimnion_temp_degC,hypolimnion_temp_degC,above_thermocline_temp_degC,below_thermocline_temp_degC,delta_hypo_epi_waterDensity_kgperm3,metalimnionDensityGradient_kgperm3perm,epiToHypoDensityGradient_kgperm3perm,buoyancyfrequency_1_s2,mixingDepth_m,numberOfMeasurements_do,minDO_mgpL,maxDO_mgpL,minDO_percent,maxDO_percent,DO_mgpL_profileMean,DO_percent_profileMean,epilimnion_DO_mgpL,hypolimnion_DO_mgpL,epilimnion_DO_percent,hypolimnion_DO_percent,depthMaxDOpercentage_m,Oxycline_m,Hypoxycline_m,Anoxycline_m,depthChlMax_m,depthBGAMax_m,depthPEMax_m,ratioMaxBGtochl_RFUperRFU,epilimnion_chlorophyll_RFU,epilimnion_phycocyaninBGA_RFU,epilimnion_phycoerythrinTAL_RFU,ratioEpiBGtochl_RFUperRFU,hypolimnion_orp_mV,bottom0.5m_orp_mV,site_latitude,site_longitude,site_altitude_m,surface_doConcentration_mgpL,surface_temp_degC,surface_pH
003,2026-06-01,2026-06-01T16:54:22Z,0.045,16.159666666666666,144,2.2955,7.168697712226743,7.683545194438671,18.740690058479533,6.316396825396826,24.76882456140351,9.244141333333333,1.4727008420402399,0.16219364497574654,0.1766409298515343,0.018899107331792172,7.168697712226743,128,0,8.493333333333334,0,104,1.9871354166666666,22.5125,4.008011695906433,0.37,46.81345029239766,3.041176470588235,0.045,2.3890000000000002,3.6576666666666666,4.099333333333333,2.3480000000000003,16.159666666666666,2.243,0.1542168674698795,0.6957894736842105,0.030584795321637426,1.5112865497076022,0.0439569675575727,211.58055555555555,195.525,39.34152273148148,-91.15248157407407,240.95393518518517,8.244166666666667,27.01775,8.291041071043093
003,2026-06-22,2026-06-22T16:34:58Z,0.02633333333333333,12.316333333333333,68,4.6525,2.9251936095699635,7.748703002492604,23.776476190476192,6.95621052631579,23.119707070707072,9.7381142857142855,2.5501874709040067,0.4902023790921342,0.2975741973404991,0.02201883502235002,2.9251936095699635,68,0.08666666666666667,7.776666666666666,0.7,92.23333333333332,3.0722549019607843,35.76372549019608,7.273333333333333,0.16543859649122808,86.11587301587302,1.368421052631579,1.064,2.8935,4.4783333333333335,4.98,4.710999999999999,2.212,1.546,0.1542483660130719,1.7323809523809524,0.3034920634920635,6.596190476190476,0.17518783214220268,169.11228070175437,171.9,39.34150950980392,-91.1525993627451,240.6485294117647,7.738888888888889,24.026777777777774,8.03
003,2026-07-22,2026-07-22T13:52:21Z,0.17033333333333334,11.453,83,2.4451666666666663,6.131985108452299,7.535126680300788,24.21603144654088,7.464492063492063,29.116456140350877,15.365067708333333,2.6336922380761507,0.21755835553985256,0.40971736712097695,0.023291292643662916,6.131985108452299,83,0.06,8.173333333333334,0.5,106.96666666666668,3.2847389558232933,41.38835341365462,5.045660377358491,0.12301587301587302,63.95849056603774,1.034920634920635,0.5966666666666667,2.5069999999999997,4.248666666666667,4.909,5.021333333333334,NA,2.776,NA,1.6057232704402515,NA,4.946352201257862,NA,220.4047619047619,222.37777777777777,39.34146807228915,-91.15254301204818,235.32329317269077,8.1466666666666665,29.4225,8.355028781677847
003,2026-08-03,2026-08-03T16:34:00Z,0.006,12.67,151,4.904999999999999,4.945911744476932,6.980863693864799,26.228855263157893,7.634311111111111,26.228855263157893,10.034839999999999,3.1445953997672405,0.718650772985609,0.4276920333490981,0.034198667162022314,4.945911744476932,151,0.31,7.75,2.5,100.1,3.8110596026490065,46.420529801324506,6.841842105263158,0.4497777777777778,85.39078947368421,3.7977777777777777,0.675,4.1135,5.093,6.055,5.346,4.946,5.483,0.16727941176470587,1.388421052631579,0.3006578947368421,1.6172368421052632,0.21654662623199394,155.49333333333334,124.96666666666667,39.341530463576156,-91.15285039735099,239.21721854304636,7.687142857142858,29.007571428571428,8.09
005,2026-06-01,2026-06-01T10:24:09Z,0.191,14.332666666666666,77,2.9225000000000003,4.593717064974277,5.285559297399823,21.73303846153846,6.725202898550725,24.536309523809525,9.448597883597884,2.0812478919779096,0.6013405251949973,0.27704704439339906,0.024341029662195344,4.593717064974277,77,0.21666666666666667,11.346666666666668,1.7333333333333334,120.3,4.813419913419914,51.154978354978354,10.027051282051282,1.394782608695652,113.65641025641025,11.930434782608696,3.569,4.8101666666666665,7.155333333333333,8.272666666666668,4.850333333333333,4.9303333333333335,4.850333333333333,0.6707717569786535,1.5344871794871795,0.3485897435897436,2.8314102564102566,0.22717018965661293,156.8572463768116,-44.8,39.021607532467534,-90.91923956709957,169.55930735930735,8.776666666666666,26.014666666666667,8.13
005,2026-06-24,2026-06-24T14:03:57Z,0.053,10.955666666666666,247,3.2359999999999998,5.101850279973701,5.308819868559364,21.263219373219375,6.945565333333334,24.809575342465752,9.184072796934865,1.9674466813744402,0.4125908117630231,0.3525057408277909,0.032519986984614904,5.101850279973701,204,0,15.346666666666668,0,162.9,5.374624183006536,60.77647058823529,9.182279202279203,0.20113821138211382,104.32820512820513,1.725609756097561,3.741,4.148166666666667,4.977,5.282666666666667,3.458,4.138,4.2396666666666665,2.114139693356048,0.9601994301994302,1.1127350427350426,10.203846153846154,1.1588582618757972,-1.4152,-69.74722222222222,39.02136576248313,-90.91916484480431,170.14696356275303,8.677,26.519333333333332,8.146037915897718
005,2026-07-22,2026-07-22T11:45:24Z,0.07533333333333334,11.469,89,4.1715,5.848116408696523,6.38159786056854,23.887510204081632,6.824185185185185,27.877009803921567,9.271812121212122,2.583251519052965,0.2990512516863519,0.43045290749440096,0.025732599446846343,5.848116408696523,89,0.26333333333333336,13.083333333333334,2.1333333333333333,143.43333333333334,5.423970037453183,63.1,9.118367346938776,0.7155555555555555,108.36734693877551,5.958333333333333,3.819333333333333,4.816166666666667,6.463,7.491666666666666,4.044333333333333,NA,5.274666666666667,NA,0.35489795918367345,NA,11.076462585034013,NA,19.721296296296295,-36.625,39.02164224719101,-90.91912071161049,169.12434456928838,7.861666666666666,30.5345,8.26
005,2026-08-17,2026-08-17T16:12:16Z,0.218,14.163333333333334,88,2.7331666666666665,2.9540151442046767,7.4164589481278895,30.115069444444444,6.348655172413793,30.367603174603175,13.558532338308458,4.3130363053053316,0.781693825351369,0.4631255140144571,0.021287626742033206,2.9540151442046767,88,0.29333333333333333,11.676666666666666,2.333333333333333,128.33333333333334,5.369659090909091,64.19810606060607,8.569722222222222,0.6232183908045977,113.68611111111112,5.093103448275862,4.773333333333333,5.264666666666667,6.7909999999999995,8.082666666666666,5.455,5.455,NA,4.800498753117206,0.29986111111111113,0.058333333333333334,NA,0.19453450671607225,-61.744827586206895,-100.14444444444445,39.02113579545455,-90.91986037878787,170.64962121212122,8.55,30.96177777777778,8.38
013,2026-06-05,2026-06-05T10:05:51Z,0.093,6.244,57,2.7321666666666666,2.8315751699609164,3.116677519272619,25.606222222222222,18.751978494623657,25.80855,19.098009009009008,1.5648031656031662,1.5586782377605028,0.479331792300094,0.09345095156062912,2.8315751699609164,57,0.22666666666666668,10.526666666666666,2.3666666666666667,129.46666666666667,4.602397660818713,55.50760233918129,10.448412698412698,0.6320430107526882,128.03968253968253,6.861290322580645,1.2566666666666668,2.8153333333333332,3.2993333333333332,3.7766666666666664,2.3009999999999997,0.376,2.062,2.2605210420841684,1.3484126984126983,3.1206349206349207,9.178571428571429,2.31430253090053,114.56666666666666,111.31904761904762,38.602035263157894,-92.30158181286549,195.5672514619883,10.52,25.834333333333333,8.78
013,2026-06-25,2026-06-25T09:33:55Z,0.042,6.323,130,2.459,5.617418198130802,5.7238705181503775,24.227139130434782,18.033333333333335,26.611897959183672,21.64672839506173,1.348344514857331,0.26160887500834035,0.41942748705327537,0.029799795968496245,5.617418198130802,130,0.25,11.78,2.7,147,5.139153846153846,63.56230769230769,5.772521739130434,0.275,71.46173913043478,2.908333333333333,1.66,2.27,3.341,3.802,2.104,2.189,2.239,0.32724902216427637,3.0918260869565217,1.137913043478261,7.1345217391304345,0.36803914951063116,-135.125,-136.32,38.60189484615385,-92.30126953846154,191.9923076923077,10.9,26.773142857142858,8.57810652135836
013,2026-07-17,2026-07-17T10:44:56Z,0.032,5.53,93,3.6445,5.191548937277629,5.53,27.857863636363636,19.795,29.355776119402986,22.518538461538462,1.9712080635134726,0.5214882250925594,0.6717984157812948,0.028967710876067847,5.191548937277629,93,0.79,12.51,8.6,166.2,7.637849462365591,100.11505376344086,8.024545454545455,0.79,105.28181818181818,8.6,0.386,2.4655,3.676,4.681,2.407,0.855,2.407,0.40337423312883436,5.058295454545455,2.8435227272727275,8.210795454545455,0.5621503830341698,-112.2,-108.85000000000001,38.60220408602151,-92.30215516129032,191.86129032258063,12.501428571428571,30.222,8.954313939533781
013,2026-08-20,2026-08-20T08:55:13Z,0.058,8.939,124,3.9755000000000003,8.217831143713227,8.578444662400731,24.290848214285713,17.86225,27.818103448275863,20.03528787878788,1.3957331637093375,0.18769844877858333,0.3001701438247132,0.01933839176424788,8.217831143713227,124,0.2,5.9,2.1,75.6,1.8984677419354838,23.990322580645163,2.0791964285714286,0.2075,26.320535714285715,2.1875,0.058,0.10400000000000001,2.997,3.903,1.104,0.399,1.019,0.9577464788732395,1.9495535714285714,1.8030357142857143,6.548214285714286,0.9248454316464392,-117.3625,-117.1,38.600995322580644,-92.30098322580645,190.9508064516129,5.326,28.1204,7.901968528724517
018,2026-06-02,2026-06-02T10:01:59Z,0.03233333333333333,14.176,135,7.628666666666667,7.913367247908662,8.769006012680025,21.464875,9.239948717948717,21.93692039800995,10.302411764705882,1.870701064330774,0.4887002066940843,0.24890181218497742,0.026387148916455758,7.913367247908662,135,1.03,9.826666666666666,8.7,113.13333333333334,6.126913580246914,66.59086419753086,8.985833333333334,2.1991666666666667,102.13935185185186,19.366666666666667,3.9856666666666665,6.6645,10.916,NA,7.017666666666667,11.684666666666669,7.749,1.0389610389610389,0.10263888888888889,0.01587962962962963,1.885324074074074,0.15471357690572846,218.14871794871794,221.44761904761904,37.90000145679012,-90.6284226419753,266.0985185185185,8.68,25.1755,8.448592322669873
018,2026-06-23,2026-06-23T09:31:54Z,0.027,15.461,71,6.076666666666666,5.263875568005607,9.965631474326367,25.743906666666668,8.765166666666667,25.5295625,12.411196581196581,2.944424653231863,0.6052205336591099,0.29206569448264996,0.013950021218431209,5.263875568005607,71,0.54,9.523333333333332,4.566666666666666,107.66666666666669,6.1596713615023475,70.02629107981221,8.154133333333334,1.3216666666666668,100.096,11.49074074074074,6.294333333333333,7.732333333333333,10.94,13.018333333333333,7.816333333333334,8.94,12.168333333333331,0.588235294117647,0.028,0.03506666666666667,0.12586666666666668,1.2523809523809524,227.30370370370372,217.95,37.90007765258216,-90.62815985915493,267.53802816901407,8.1466666666666665,25.799333333333333,8.385575429969187
018,2026-07-14,2026-07-14T09:17:51Z,0.02833333333333333,17.12033333333333,89,6.109999999999999,5.311940133289635,11.25770458044177,28.35168888888889,8.575320512820513,28.232083333333332,13.1082893081761,3.6757499128502786,0.5884157171719016,0.3187145002012487,0.018352196126727786,5.311940133289635,89,0.39666666666666667,9.736666666666666,3.3666666666666667,111,5.500711610486891,65.54344569288389,7.887777777777777,0.7815384615384615,101.47333333333333,6.742307692307692,6.886333333333334,7.816333333333334,11.114333333333333,12.824333333333334,8.668666666666667,NA,10.781,NA,-0.1058888888888889,NA,-0.12066666666666667,NA,82.70128205128205,-4.483333333333333,37.90009029962547,-90.62814677902622,266.550936329588,7.895,28.365000000000002,8.5
018,2026-08-04,2026-08-04T09:32:25Z,0.0165,17.685333333333332,86,7.669499999999999,8.902336095668801,10.977272382583402,25.930862962962962,9.073933333333333,27.278171052631578,11.383618055555555,2.9712263497718823,0.31589918789214483,0.300727308571471,0.015434960522225814,8.902336095668801,86,0.4066666666666667,8.9,3.433333333333333,106.5,5.202945736434108,61.48817829457364,8.234666666666667,0.9187777777777778,101.60259259259259,8.061111111111112,0.04366666666666666,8.766333333333332,11.242666666666668,12.872,9.925,9.589666666666666,9.925,0.20265151515151514,0.20233333333333334,0.15848148148148147,0.20433333333333334,0.7832692659710782,27.74,-71.53333333333333,37.90008600775194,-90.62804279069768,262.9593023255814,8.336666666666666,27.924958333333333,8.33
024,2026-06-02,2026-06-02T17:47:37Z,0.115,4.958,96,0.8,2.1915994006236406,2.328272216262731,24.631837209302326,22.03595918367347,26.3256,22.637382716049384,0.6233278220494185,0.39973989612462835,0.2446978813383236,0.026671083012640925,2.1915994006236406,96,5.48,7.75,62.5,95.5,6.533229166666667,76.78229166666667,7.333023255813954,5.866938775510204,88.33720930232558,67.1734693877551,0.115,2.0635000000000003,NA,NA,0.115,0.361,0.555,0.24615384615384614,0.5295348837209303,0.06930232558139535,1.7216279069767442,0.13087395696091347,226.1,226.96,37.5758240625,-90.30794927083333,224.26041666666666,7.688750000000001,26.364375,7.573806232718809
024,2026-06-23,2026-06-23T17:28:10Z,0.053,5.185,83,0.259,2.794076711811024,3.5208324405579923,25.397651162790698,20.016739130434782,29.88,23.1249875,1.2577280945773737,0.6917561838862951,0.42550069802831886,0.05664990866261206,2.794076711811024,83,0.43,8.15,4.6,106,3.523132530120482,42.93132530120482,5.445813953488372,0.7704347826086957,67.30697674418604,8.543478260869565,0.139,1.2240000000000002,3.302,3.904,0.897,0.301,0.868,0.15348837209302327,1.4067441860465115,0.19767441860465115,4.464186046511628,0.14051909406513474,-27.017391304347825,-84.325,37.57576277108434,-90.30794409638554,224.1409638554217,8.056666666666667,29.0125,7.891720966793898
024,2026-07-14,2026-07-14T18:56:37Z,0.003,5.423,76,0.7495,3.149615961371234,5.2803222028292565,26.3633,18.31075,31.39575,23.927,1.8499488748884687,0.6107017060466137,0.4898122367362251,0.041568546650389226,3.149615961371234,76,0.45,12.54,4.8,170,3.984078947368421,50.626315789473686,5.7092,0.4725,72.98,5.025,0.003,1.2309999999999999,2.58,3.207,5.423,NA,5.423,NA,1.4874,NA,4.3288,NA,-86.475,-70.53333333333333,37.57575,-90.30795105263158,223.55394736842106,12.52142857142857,31.40642857142857,8.841642491524853
024,2026-08-18,2026-08-18T11:45:11Z,0.084,5.319,123,2.35,4.022275142755595,5.2589149147050005,27.608791666666665,18.487499999999997,29.507275862068965,22.90623076923077,2.158821902010118,0.7285853201761039,0.6586151701767968,0.03700409562226169,4.022275142755595,123,0.12,7.99,1.3,107.3,2.49130081300813,32.66422764227642,3.1457291666666665,0.12,41.334375,1.3,0.143,0.9995,2.247,2.495,2.247,2.247,2.338,0.19922630560928434,3.1240625,0.6185416666666667,5.791875,0.19799273115267912,-147.2,-138.88181818181818,37.57702593495935,-90.30845390243903,219.58048780487806,7.900909090909091,30.52790909090909,7.943953153526902
030,2026-06-03,2026-06-03T07:59:44Z,0.048,7.118,135,5.8995,6.690653875652088,6.911955174858941,25.677952755905512,24.0912,25.7455,24.310066666666668,0.4048917441836011,0.18089042602561584,0.11033522883911501,0.0056260828635757,6.690653875652088,135,0.95,8.35,11.3,103.4,6.8105925925925925,83.53777777777778,7.145196850393701,1.27,87.6755905511811,15.12,0.048,5.693,6.835,7.118,7.075,7.006,7.118,0.3974358974358974,0.9854330708661417,0.4568503937007874,3.358267716535433,0.46360367558929283,232.68,233.54444444444445,36.928780074074076,-90.28605022222223,112.02296296296296,8.341666666666667,26.258833333333335,8.42669218511605
030,2026-06-24,2026-06-24T08:33:50Z,0.052,5.491,92,3.8970000000000002,3.793657635113869,4.254340650967426,26.475838235294116,25.51794117647059,26.463742857142858,25.579818181818183,0.2544953722710943,0.283380857055563,0.08552047264385301,0.006594278922143619,3.793657635113869,92,1.07,9.24,13.1,115.7,5.125217391304348,63.72391304347826,6.162941176470588,1.6476470588235295,76.75735294117646,20.152941176470588,0.39,1.018,4.641,NA,0.218,0.39,0.286,1.032,1.6592647058823529,2.2025,9.80014705882353,1.3273951963130375,220.7941176470588,221.54999999999998,36.928302717391304,-90.28661108695653,113.13260869565218,9.225714285714286,26.90442857142857,8.635742449135815
030,2026-07-15,2026-07-15T07:44:29Z,0.03,7.462,119,3.0715000000000003,5.862146321885636,6.22636580216252,28.2509898989899,25.6685,29.03022033898305,26.6591,0.7090417503025037,0.35625528081671076,0.18119649010339756,0.009894589540075036,5.862146321885636,119,0.62,8.28,7.6,108.4,5.18563025210084,66.95378151260505,6.051414141414141,0.7528571428571429,78.24747474747474,9.221428571428572,0.03,3.0715000000000003,5.499,6.334,2.843,NA,1.566,NA,1.2510101010101011,NA,5.795959595959596,NA,208.28571428571428,208.3,36.92840857142857,-90.28654260504202,111.45714285714286,8.263333333333334,29.34766666666667,8.740038376418196
030,2026-08-18,2026-08-18T09:55:09Z,0.018,7.163,140,4.039,6.820776973281218,7.0109897121867775,30.27584962406015,27.487666666666666,31.24733734939759,28.528122807017542,0.8138637651121599,0.2923907318643011,0.22136276863201268,0.01375365949186997,6.820776973281218,140,0.3,9.42,3.8,128.1,5.335142857142857,71.96785714285714,5.5990225563909775,0.30333333333333334,75.5421052631579,3.833333333333333,0.359,3.307,4.622,5.131,7.163,0.948,0.548,0.6825726141078838,2.080827067669173,2.5321052631578946,9.936842105263159,1.2168744354110206,-152.5,-144.69,36.928929357142856,-90.28594335714286,111.75857142857143,9.340833333333332,31.64591666666667,8.987786385532488
036,2026-06-03,2026-06-03T10:36:41Z,0.051,7.851,160,4.4455,7.544414072382376,7.824962417966752,24.443339869281047,21.366,25.508978260869565,22.699676470588237,0.7258285007231962,0.23829594244637878,0.17852159757922081,0.01261494919276332,7.544414072382376,160,1.91,10.92,21.6,133.2,9.164875,110.29625,9.457777777777778,1.91,113.90915032679739,21.6,3.119,5.3785,7.851,NA,7.851,7.804,7.851,0.7901234567901234,0.3443790849673203,0.12098039215686275,1.978954248366013,0.35130005693680016,222.6,227.2,37.1384318125,-90.7737251875,150.353125,9.94,25.828333333333333,8.68168273877663
036,2026-06-24,2026-06-24T11:04:59Z,0.004,7.239,130,4.3004999999999995,6.00195840361997,6.514404620756386,26.620836206896552,25.413714285714285,26.785371794871796,26.08501923076923,0.3209349244518762,0.19668473184588467,0.08280646358414337,0.00394729184880487,6.00195840361997,130,2.92,8.56,35.6,107.2,6.872,85.69923076923077,7.25801724137931,3.2885714285714287,90.61551724137931,40.128571428571426,1.397,4.479,NA,NA,1.481,3.158,1.781,0.47222222222222227,0.44232758620689655,0.11232758620689655,2.7132758620689654,0.2539465991034886,217.42857142857142,217.66,37.13772376923077,-90.77430646153846,154.23,8.372499999999999,27.299875,8.35
036,2026-07-15,2026-07-15T10:06:37Z,0.037,16.04,230,2.7525,3.7021076610110057,4.6508983314565455,27.836718309859155,22.648430555555557,28.69975,23.048494382022472,1.3406124063667448,0.2552804461492165,0.1578231708627659,0.028510558136229526,3.7021076610110057,230,3.28,7.73,37.7,101.3,4.87195652173913,58.95304347826087,6.386478873239437,4.263888888888889,81.96197183098592,49.38125,0.037,2.6855,NA,NA,16.04,NA,16.04,NA,0.5133802816901408,NA,2.1202816901408452,NA,200.29791666666668,201.75,37.137448,-90.77414482608697,161.03478260869565,7.721111111111111,29.319333333333333,8.247797591781378
036,2026-08-18,2026-08-18T07:53:37Z,0.00433333333333333,7.589666666666667,90,4.1451666666666664,6.762210708920142,7.004126134707603,29.804544715447154,26.480777777777778,30.85572549019608,27.76177777777778,0.9481858224708049,0.2177180853994033,0.24214413161407045,0.01777552162501189,6.762210708920142,90,0.37666666666666665,8.71,4.633333333333333,117.06666666666666,6.202962962962963,82.58962962962963,6.758252032520325,0.4538888888888889,90.02560975609757,5.65,1.5443333333333331,4.07,6.093666666666667,6.682666666666667,7.589666666666667,7.589666666666667,4.250333333333334,0.9265734265734267,0.53016260162601625,0.32926829268292684,0.7370325203252033,0.6210703879773042,94.32777777777778,93.54666666666667,37.13836088888889,-90.774229,153.76407407407407,8.696666666666665,30.861466666666665,8.500714696995749
039,2026-06-10,2026-06-10T11:58:31Z,0.07949999999999999,23.930333333333333,373,4.382666666666667,7.886158772445182,8.047359491198614,23.55177492877493,7.994631093544137,27.188386243386244,10.033035483870968,2.440648488976308,0.48347983261010297,0.20261461837170996,0.06142531023152372,7.886158772445182,331,0,9.48,0,110.33333333333334,4.120231621349446,43.968001007049345,7.05977207977208,2.535434439178515,85.40833333333333,21.481674565560823,4.9319999999999995,6.0065,7.1386666666666665,7.895666666666667,6.416666666666667,23.832333333333334,6.416666666666667,0.5127551020408163,0.3436823361823362,-0.1043019943019943,1.2573575498575498,-0.30348372121940603,187.07971014492753,-44.96111111111111,37.729403351206436,-90.90840313449509,327.83681858802504,8.312666666666667,27.447933333333335,8.215619395947597
039,2026-06-23,2026-06-23T13:39:28Z,0.103,16.365666666666666,102,5.796833333333334,9.80821928109836,10.245220692236826,21.288893518518517,8.246753086419753,25.490714285714287,11.933183333333334,1.9021202028027346,0.19672015863039966,0.22640692466159834,0.014525201101696625,9.80821928109836,102,0.6466666666666667,8.056666666666667,6.133333333333333,99.43333333333334,4.546862745098039,51.9,5.402268518518518,2.6314814814814813,64.6962962962963,22.296296296296294,0.103,6.1915,7.36,7.870333333333333,5.362333333333334,5.1370000000000005,5.580666666666667,0.20689655172413793,0.21703703703703703,0.06745370370370371,1.7693055555555555,0.3107935153583618,200.7111111111111,203.37777777777777,37.73039486928105,-90.90949601307189,330.48267973856207,7.9,27.143,8.053333333333335
039,2026-07-14,2026-07-14T14:29:00Z,0.02849999999999999,17.940666666666665,79,8.531833333333333,4.555115011097898,11.972609549437959,27.96087931034483,7.819842105263158,25.90191666666667,9.703735632183909,3.611854229810774,0.3764840566703212,0.28486720315490766,0.007714565088592522,4.555115011097898,79,0.49,7.88,4.466666666666667,101.8,4.254388185654008,51.666666666666664,7.645632183908046,1.4271929824561402,97.73793103448276,12.01578947368421,0.02849999999999999,4.810499999999999,7.788,8.698666666666666,3.877333333333333,NA,4.058,NA,0.21063218390804597,NA,1.0207471264367816,NA,178.85438596491227,185.51111111111112,37.73003324894515,-90.90951957805908,331.20147679324896,7.818666666666666,29.028433333333336,8.32
039,2026-08-18,2026-08-18T14:49:56Z,0.00333333333333333,18.823666666666668,207,6.8145,10.798034737818035,11.014415749333379,24.114217054263566,8.483009132420092,28.972704641350212,11.709598958333334,2.547376760617567,0.3144785369002685,0.26758092245079884,0.02339571749275887,10.798034737818035,156,0,8.236666666666666,0,109.63333333333333,3.6060042735042734,46.891507430997876,4.354341085271318,0.022575757575757575,57.010852713178295,0.19855072463768117,1.512,4.993333333333333,6.021333333333333,6.791333333333333,6.968666666666667,6.968666666666667,6.968666666666667,1.3654822335025383,0.3798191214470284,0.3089405684754522,2.585891472868217,0.8133886658956392,-43.71643835616438,-36.28666666666667,37.72934230273752,-90.90854285024155,328.76908212560386,8.051666666666666,31.19011111111111,8.290055431096995
040,2026-06-02,2026-06-02T13:20:02Z,0.093,6.808,155,0.378,6.572456579186805,6.754994075859562,21.702733333333335,16.824,25.376875,21.34191156462585,0.967149233089799,0.3398231582319882,0.27670239478727554,0.016962442764550237,6.572456579186805,155,0.53,10.44,5.5,123.9,7.143870967741935,82.69483870967741,7.362733333333333,0.53,85.25066666666666,5.5,1.22,2.7355,5.84,6.271,2.746,3.782,3.052,0.4732142857142857,0.42273333333333335,0.17753333333333332,2.6253333333333333,0.41996530515691527,149.3,195.37,37.951075483870966,-90.9271089032258,258.53548387096777,9.74090909090909,25.21572727272727,8.544699732782309
040,2026-06-23,2026-06-23T11:24:16Z,0.033,8.067,172,4.3395,6.022805137483815,6.549751028739943,24.206396946564887,16.74642857142857,25.399591397849463,19.120253164556964,1.572255666161027,0.3345049763175757,0.36589843270032946,0.039761778787157864,6.022805137483815,172,0.26,8.43,2.6,102.8,5.175523255813953,62.51802325581395,6.6629007633587785,0.34035714285714286,80.70381679389313,3.5142857142857142,1.515,4.5,5.241,5.792,4.586,4.88,4.834,3.768115942028986,0.1548091603053435,0.412824427480916,2.482213740458015,2.666666666666667,-50.79642857142857,-81.63333333333334,37.951207674418605,-90.92685674418605,257.7848837209302,8.06625,26.07,8.336334990077088
040,2026-07-14,2026-07-14T12:08:16Z,0.002,8.394,132,4.8469999999999995,7.309652215865358,7.508122557655439,25.54685964912281,16.454333333333334,27.6985421686747,18.59769387755102,1.9636120086288429,0.6049849263370342,0.45705412541924734,0.028107423792147094,7.309652215865358,132,0.39,9.56,3.9,123.4,5.3110606060606065,67.4628787878788,6.079473684210527,0.43266666666666664,77.3938596491228,4.433333333333334,1.263,3.157,4.997,5.735,3.367,NA,4.744,NA,0.25894736842105265,NA,3.76219298245614,NA,-73.34666666666666,-82.54444444444445,37.95133371212121,-90.9270568939394,258.73030303030305,9.203333333333333,29.144444444444446,8.923358982687997
040,2026-08-18,2026-08-18T16:30:33Z,0.11166666666666666,9.994333333333334,81,3.054666666666667,6.3204772249261785,7.087010993216471,26.478169811320754,16.793045454545453,30.193608695652173,20.50732183908046,2.1538009958225075,0.4311436653878145,0.4003024989496501,0.016538770786389236,6.3204772249261785,81,0.13,9.273333333333332,1.3,123.2,3.6822222222222223,47.48436213991769,5.499811320754717,0.20242424242424242,71.23207547169811,2.0939393939393938,1.4396666666666669,3.3263333333333334,4.341333333333334,5.712,4.534,4.534,4.704666666666667,7.431758530183727,0.9376100628930818,3.231069182389937,10.270566037735849,3.446069224577408,-125.64545454545454,-132.46666666666667,37.951499506172844,-90.92586934156378,258.94362139917695,8.945555555555556,31.781888888888886,8.721113956228374
048,2026-06-15,2026-06-15T09:35:15Z,0.033,11.873333333333331,123,6.9375,10.786915513593613,11.52411871152911,22.59244837758112,17.55622222222222,23.870137777777778,19.609118055555555,1.041623993260373,0.16476795915040002,0.16519899699391594,0.006777778262980363,10.786915513593613,123,0.11333333333333331,7.023333333333333,1.2,83.6,4.248861788617886,50.075067750677505,4.611061946902655,0.11888888888888888,54.36076696165192,1.2444444444444445,0.033,0.10533333333333333,7.717333333333333,9.501333333333331,0.38066666666666665,0.16666666666666666,0.8183333333333334,0.9530516431924883,0.43256637168141593,0.4592625368731563,1.443480825958702,1.0617157665030006,140.36666666666667,139.99333333333334,39.75455222222222,-92.516600921409207,242.96964769647695,6.7592592592592595,24.089666666666666,7.582311503640449
048,2026-07-08,2026-07-08T10:48:56Z,0.08066666666666666,7.851333333333334,80,4.3181666666666665,7.466415921353395,7.851333333333334,26.35435497835498,20.555666666666667,28.497874074074073,23.124590476190477,1.39803750073429,0.33932582027947966,0.33948395792340935,0.014413452154536734,7.466415921353395,80,0.19,11.753333333333334,2.166666666666667,154.9,5.014625,64.77416666666667,5.202467532467533,0.19,67.21255411255412,2.166666666666667,0.756,2.117,4.425333333333334,4.7283333333333335,1.24,1.24,1.24,0.358161648177496,2.2867099567099567,0.5546320346320346,5.0633333333333335,0.24254586070461728,92.3,92.23333333333333,39.754904875,-92.51662045833334,239.69333333333333,11.523333333333333,30.073066666666666,9.105484839684305
048,2026-07-22,2026-07-22T15:01:04Z,0.001,6.952,101,5.891500000000001,5.50377759586857,6.952,29.450432098765432,22.711,29.345079545454546,24.557076923076924,1.7936642095758089,1.1142950733403882,0.42705160013231125,0.030265709450336895,5.50377759586857,101,1.79,8.94,20.8,117.9,7.557227722772277,98.61584158415842,8.366172839506172,1.79,109.7432098765432,20.8,0.95,5.8195,6.834,NA,1.36,2.205,1.421,1.2116788321167882,0.9971604938271605,1.0730864197530865,4.807901234567901,1.0761421319796955,168.7,168.075,39.754639108910894,-92.5184706930693,236.1940594059406,8.924285714285714,29.785857142857143,8.65
048,2026-08-06,2026-08-06T13:13:14Z,0.03866666666666667,8.089333333333334,120,6.890833333333333,6.547294107082246,8.089333333333334,25.816069306930693,21.429333333333332,25.759485981308412,22.707358974358975,1.0653343032541898,0.57766921592268,0.2212216995373206,0.020395678661837145,6.547294107082246,120,0.12,7.96,1.4,99.03333333333332,4.047805555555556,49.90222222222222,4.7785148514851485,0.12,58.927062706270625,1.4,0.03866666666666667,3.6585,5.112333333333333,5.719333333333333,2.796,0.963,2.5003333333333333,0.5220994475138122,1.6196039603960395,0.6287788778877887,3.470957095709571,0.38823001996984147,-42.9,-33.233333333333334,39.754672388888885,-92.516442,241.2761111111111,7.916190476190477,26.511523809523812,8.082279788403959
050,2026-06-09,2026-06-09T15:05:13Z,0.009,5.603,112,3.375,5.366582796008532,5.603,24.220924528301886,14.853,26.87392857142857,18.515595238095237,1.8786808310654806,0.5535289096684941,0.6434480584060099,0.030356435236206285,5.366582796008532,112,0.44,9.4,4.4,120.8,5.880089285714286,73.18660714285714,6.18622641509434,0.44,77.06226415094339,4.4,0.009,2.8754999999999997,3.972,4.597,2.765,3.849,2.672,0.3687943262411348,0.6743396226415095,0.15122641509433962,2.2585849056603773,0.22425853385562394,197.7,205.81,40.101454821428575,-92.67717366071429,232.66785714285714,9.09375,29.54125,8.450086342172655
050,2026-06-30,2026-06-30T17:07:50Z,0.021,7.271,78,1.7265,5.986835647810013,7.271,23.864784615384615,13.905,28.667666666666666,20.139771929824562,1.9264792895586424,0.3530799550315923,0.4503664009834,0.027377138682277927,5.986835647810013,78,0.46,8.77,4.4,115.5,4.298205128205129,53.17948717948718,5.050923076923077,0.46,62.74153846153846,4.4,0.24,1.9875,3.688,4.634,1.7,3.838,7.271,0.28205128205128205,0.9916923076923078,0.25676923076923075,3.762153846153846,0.2589202606267452,-46.8,-40.8,40.10164833333333,-92.67711692307692,235.6,8.685,30.1445,8.315028781677848
050,2026-07-21,2026-07-21T16:03:52Z,0.011,6.167,96,4.2635000000000005,5.281743286770045,5.828865222138939,27.151048192771086,15.8002,29.09380882352941,17.425392857142857,2.50216057189823,0.3492140243383801,0.74534260651933,0.03545801888537459,5.281743286770045,96,0.59,9.93,5.9,136.1,5.328854166666667,70.47916666666667,6.057951807228916,0.614,80.43855421686747,6.2,0.448,1.8425,3.775,4.739,3.143,2.262,4.007,1.3333333333333333,0.9150602409638554,0.896867469879518,3.9671084337349396,0.9801184990125082,-80.72,-79.17142857142858,40.10142072916666,-92.677143125,233.56354166666668,9.90875,32.04475,8.820143239108226
050,2026-08-12,2026-08-12T07:59:29Z,0.084,5.724,106,4.390499999999999,4.9425501847251425,5.724,26.920907216494847,17.123,27.4268,19.41875,2.2171757916812567,0.7387372920794266,0.6816364293443036,0.028263114705706305,4.9425501847251425,106,0.5,9.26,5.2,120.3,5.753962264150943,73.58584905660378,6.234123711340207,0.5,79.8360824742268,5.2,0.676,1.9565000000000001,3.824,4.337,1.913,3.74,3.824,2.0689655172413794,0.8634020618556701,0.8713402061855671,4.266082474226804,1.0091940298507462,-43.7,-32.2,40.10149405660378,-92.67646103773585,239.14622641509433,9.24,28.943,8.79
053,2026-06-10,2026-06-10T08:04:31Z,0.054,2.365,43,1.528,1.5142374952512745,2.365,28.63762962962963,21.891,28.63762962962963,24.5713125,1.7437337733434788,2.0168957494148043,1.0844916381533163,0.12695330572433325,1.5142374952512745,43,1.4,8.4,16,108.6,6.423720930232559,82.1767441860465,8.378518518518518,1.4,108.32592592592593,16,0.733,1.528,2.156,NA,1.618,1.618,1.618,0.27102803738317754,1.0951851851851853,0.28703703703703703,3.4874074074074075,0.26208995603652346,-9.7,103.73333333333333,40.448294418604654,-92.2013511627907,216.10930232558138,8.39,28.644555555555556,8.378900192004664
053,2026-07-01,2026-07-01T10:01:51Z,0.016,2.144,26,1.6745,1.5060211726604311,1.873204686717011,29.284235294117646,22.2725,29.269894736842105,23.203285714285716,1.8460874450997835,5.944735537077198,1.4702927402685946,0.11165287197670257,1.5060211726604311,26,4.47,8.77,51,114.7,7.995,102.61923076923077,8.743529411764706,5.3125,114.30588235294118,61.325,0.016,1.5875,NA,NA,1.709,1.103,0.803,1.036231884057971,0.9758823529411764,1.2211764705882353,5.538235294117647,1.2513562386980108,14.3,41.628571428571426,40.44816884615384,-92.20145,216.62307692307692,8.765,29.316166666666668,8.355028781677847
053,2026-07-22,2026-07-22T07:29:20Z,0.071,2.176,41,2.1319999999999997,NA,NA,NA,NA,28.861384615384615,28.2655,NA,NA,NA,0.03817968023114592,2.176,41,4.63,6.28,59.4,81.5,6.1763414634146345,80.12682926829268,NA,NA,NA,NA,0.071,2.1319999999999997,NA,NA,2.176,0.337,2.06,3.443609022556391,NA,NA,NA,NA,NA,154.4,40.44799878048781,-92.20126609756097,217.31951219512194,6.267142857142857,28.884999999999998,8.195742449135814
053,2026-08-12,2026-08-12T10:23:56Z,0.103,2.463,40,2.1475,1.9232034790353336,2.230602379429007,28.63510344827586,25.401,28.587454545454545,25.34585714285714,0.8895929434985419,3.910678368733901,0.642212890982689,0.07774868972966659,1.9232034790353336,40,3.74,6.47,45.4,83.6,6.1,78.2175,6.44448275862069,4.446666666666666,83.3,54.25,0.103,2.3045,NA,NA,1.074,0.27,0.172,3.1264367816091956,0.7510344827586207,2.2424137931034482,6.217931034482759,2.985766758494031,-70.63333333333333,0.8300000000000004,40.448158,-92.201189,220.2575,6.463333333333333,28.640166666666666,8.04
057,2026-06-15,2026-06-15T13:26:26Z,0.01333333333333333,7.557666666666667,97,0.87716666666666665,3.5930167293807114,4.9721012466714924,23.251354166666665,12.712927083333334,26.199444444444445,17.42752549019608,1.9330899957664087,0.591447894319006,0.43261582558917827,0.026534896206944717,3.5930167293807114,97,0.02,10.13,0.2,125.06666666666666,2.749931271477663,33.085223367697594,5.435138888888889,0.0746875,65.64652777777778,0.7072916666666667,0.4856666666666667,1.6735000000000002,2.21,2.452,1.9576666666666669,3.234,3.234,6.137777777777779,1.0154166666666666,1.7017361111111111,5.9134722222222225,1.6758993297770484,113.90104166666667,116.09523809523809,40.18052034364261,-91.82813412371134,199.50859106529208,10.001666666666667,26.335583333333332,8.562512007875837
057,2026-07-01,2026-07-01T13:32:32Z,0.011,6.12,72,1.4505,3.7078606388541973,5.631336934242679,26.843056603773586,13.388285714285715,30.4292,20.188936170212767,2.769033314013541,0.40229785398407836,0.6885165598364711,0.03776066924381697,3.7078606388541973,72,0.76,9.22,7.2,123.1,5.391805555555556,68.74861111111112,6.924150943396227,0.83,89.35660377358491,7.9714285714285715,0.416,1.77,3.518,5.387,2.984,2.834,2.984,4.593103448275862,0.6684905660377358,2.0247169811320753,7.2679245283018865,3.0287891617273495,-111.07142857142857,-111.07142857142857,40.18057888888889,-91.82817430555556,198.0388888888889,9.2125,30.490125,8.955028781677848
057,2026-07-22,2026-07-22T11:00:03Z,0.095,6.14,87,3.452,6.015385033570992,6.14,23.213060240963856,13.379,27.388903846153845,15.893428571428572,1.8393139395434446,0.32403728290212136,0.5872073381684305,0.025758075661804887,6.015385033570992,87,0.65,6.21,6.2,81.3,3.7554022988505746,46.64597701149425,3.903975903614458,0.65,48.58313253012048,6.2,0.095,2.3099999999999996,3.872,4.717,3.142,3.142,3.142,2.1952191235059764,1.2363855421686747,2.93710843373494,10.153493975903615,2.375560319625804,-127.9,-112.05714285714286,40.18066666666667,-91.82829931034483,196.96666666666667,6.206666666666667,29.328333333333333,8.04669218511605
057,2026-08-12,2026-08-12T13:50:59Z,0.015,6.267,121,3.1745,4.952580115965335,5.595019975746844,25.37030693069307,13.394666666666666,27.90362857142857,17.443549019607843,2.3754176032614396,0.4624898927225405,0.687586157913691,0.054299489378777176,4.952580115965335,121,0.45,8.88,4.3,114.8,5.197851239669421,65.68264462809917,6.11960396039604,0.49583333333333335,77.63960396039604,4.758333333333334,0.295,2.452,3.547,4.243,3.082,3.13,NA,0.8994897959183672,1.6314851485148516,2.332079207920792,9.7744,1.429421046243476,-123.825,-125.74,40.18081859504132,-91.82850512396693,198.5107438016529,8.852,28.7845,8.691010425466144
059,2026-06-15,2026-06-15T10:49:15Z,0.014,4.372,97,3.827,4.08155151513185,4.372,22.95125274725275,19.497,23.14134117647059,20.01175,0.7561081516643071,0.32570451359710556,0.32433951994032134,0.020414280182771367,4.08155151513185,97,0.16,7.27,1.8,87.4,3.4901030927835053,41.32680412371134,3.7082417582417584,0.16,43.91978021978022,1.8,0.085,0.4475,2.702,2.826,0.129,4.372,0.171,1.269503546099291,1.3557142857142856,1.4478021978021978,5.347142857142857,1.067925751803518,84.3,86.5909090909091,39.72525701030928,-92.0448575257732,217.97938144329896,7.122,24.2283,7.713337534718051
059,2026-07-01,2026-07-01T16:34:59Z,0.037,3.842,48,3.0755,1.204074672246335,3.5994230108634078,31.990333333333332,22.242,30.428525,22.5775,2.684535519779729,1.1072037832327697,0.8607938418827948,0.04349411262044505,1.204074672246335,48,1.9,12.9,21.8,175.9,9.811875,131.3125,12.710555555555555,2.376,174.1,27.3,1.087,2.3205,3.842,NA,2.039,3.802,1.906,0.5205047318611987,2.5366666666666666,0.9166666666666666,8.71111111111111,0.36136662286465177,-105.62,-95.93333333333334,39.72571916666667,-92.04369104166666,214.64375,12.535714285714285,32.304857142857145,9.324313939533782
059,2026-07-22,2026-07-22T13:40:32Z,0.005,4.219,69,2.5999999999999996,2.32103146217239,4.02645816903243,29.429190476190477,22.2365,29.2958125,24.482380952380954,1.897275384720956,0.9844925239068955,0.6404924825971952,0.034820078278891525,2.32103146217239,69,0.67,8.76,7.6,115.7,4.869130434782608,63.43333333333334,6.896904761904762,0.7425,90.47380952380952,8.525,0.041,1.223,2.774,3.472,0.319,0.407,0.407,1.305045871559633,2.881904761904762,3.9309523809523808,13.113095238095237,1.3640118968935888,-116,-113.96666666666667,39.725673623188406,-92.04416594202898,210.93478260869566,8.73375,29.800125,8.959274036785706
059,2026-08-06,2026-08-06T11:50:40Z,0.01333333333333333,4.189,105,3.1048333333333336,4.10453369683774,4.189,25.604274509803922,21.836,26.263070833333334,23.056,0.9188766708626872,0.8649938557383596,0.4300381028780974,0.019225815362432137,4.10453369683774,105,0.09,5.38,1.1,66.9,2.983142857142857,36.986666666666665,3.0681045751633986,0.09,38.042156862745095,1.1,0.01333333333333333,0.6461666666666668,2.786666666666666,2.9846666666666666,1.4916666666666667,0.33166666666666667,0.4716666666666667,0.3243877893324387,6.479411764705882,1.705392156862745,13.31516339869281,0.2632016946587986,-153.33333333333334,-144.51777777777778,39.72532425396825,-92.04499761904762,216.45111111111112,5.201388888888888,26.45513888888889,7.98586772061803
060,2026-06-01,2026-06-01T11:26:59Z,0.038,4.061,74,2.9935,2.7709971648059177,3.686646506199875,25.521588235294118,19.988,25.36329090909091,20.605,1.2959605971548172,0.92274776165106,0.5208165206157842,0.06271932247139525,2.7709971648059177,74,0.62,8.51,6.8,105.8,6.205270270270271,75.46351351351352,8.113137254901961,0.76125,99.29411764705883,8.3875,0.038,2.4675000000000002,3.202,3.679,4.061,2.078,4.061,0.44067796610169496,0.9835294117647059,0.8737254901960785,4.637843137254902,0.8883572567783095,-66.925,-60.99,39.62089783783784,-91.73299337837838,215.70945945945945,8.47888888888889,26.365111111111112,8.493358982687997
060,2026-06-22,2026-06-22T11:43:58Z,0.035,4.402,67,4.355,NA,NA,NA,NA,23.45769230769231,23.0485,NA,NA,NA,0.01884956676026654,4.402,67,5.42,5.84,63.9,68.5,5.500149253731343,64.6955223880597,NA,NA,NA,NA,4.312,4.355,NA,NA,4.369,4.369,4.312,0.4532710280373831,NA,NA,NA,NA,NA,186.93333333333334,39.62094134328358,-91.73337731343284,217.1179104477612,5.448333333333333,23.4945,7.545066716310017
060,2026-07-13,2026-07-13T12:41:14Z,0.043,4.189,64,3.8345000000000002,3.665045743840201,4.141691517689882,29.165490566037736,24.116,28.988803571428573,24.43525,1.3708789225405553,1.2287559706873958,0.5876480937426274,0.034350790370186395,3.665045743840201,64,1,10.74,11.9,142.8,7.53125,98.6046875,8.79188679245283,1,115.40377358490566,11.9,0.043,2.442,3.766,4.189,4.189,NA,4.189,NA,1.9477358490566037,NA,8.253962264150944,NA,-98.3,-85.07,39.6210140625,-91.73341,218.4984375,10.702,30.459,9.02
060,2026-08-03,2026-08-03T12:01:59Z,0.005,4.232,89,1.0425,2.71073201172991,2.809341628599683,26.38390769230769,24.895636363636363,27.44333333333333,25.450923076923075,0.3904104028100619,0.19547854123535477,0.18030274596409182,0.008725078072232481,2.71073201172991,89,1.53,11.82,18.4,149.5,7.8701123595505615,97.75730337078652,9.59476923076923,3.0272727272727273,119.56153846153846,36.60454545454545,0.543,1.781,4.12,NA,0.572,4.077,4.232,1.1440972222222223,4.1598461538461535,4.541230769230769,16.28446153846154,1.0916823847035764,134.27272727272728,121.625,39.62067337078651,-91.73309,215.97752808988764,11.539090909090909,27.867454545454546,8.838472075439636
070,2026-05-26,2026-05-26T11:43:25Z,0.057,4.435,101,1.448,4.178050394868814,4.435,19.977829787234043,16.819,22.436344827586208,18.70709722222222,0.5971213142222496,0.37407267303683167,0.2545301482220648,0.01642148998699177,4.178050394868814,101,0.21,18.29,2.1,215.7,4.743366336633663,54.38910891089109,5.080212765957447,0.21,58.26914893617021,2.1,0.057,0.5509999999999999,2.003,2.309,0.057,0.057,0.057,0.2563976377952756,3.538191489361702,0.671063829787234,11.942127659574467,0.18966294837487596,-24.5,64.43333333333334,38.687257227722775,-94.3586,279.1,17.602222222222224,23.341444444444445,9.217159497108671
070,2026-06-16,2026-06-16T09:13:24Z,0.017,4.882,76,3.6245000000000003,2.717490479383009,4.515439610524155,25.933923076923076,17.7308,25.770316666666666,18.730875,1.8425507198367086,0.9703946396807931,0.5516660931583899,0.05206280023785401,2.717490479383009,76,0.71,6.57,7.4,81.1,4.691052631578947,57.39078947368421,6.109423076923076,0.78,75.2826923076923,8.219999999999999,0.768,2.3105,3.489,4.365,1.429,0.115,1.385,0.42207792207792205,3.8040384615384615,1.6023076923076922,14.630961538461538,0.4212122744047318,-40.82,-28.014285714285712,38.68714881578948,-94.35867184210527,279.8157894736842,6.555714285714285,25.969142857142856,7.968585448910238
070,2026-07-06,2026-07-06T07:59:53Z,0.071,4.821,84,4.25,2.6382542824632242,4.821,29.05092,19.88,27.920197368421054,20.378625,2.2975773158680113,0.9348923417072567,0.6560995811470071,0.028077197159594745,2.6382542824632242,84,0.35,8.57,3.9,112,4.563095238095238,59.298809523809524,7.1452,0.35,93.196,3.9,0.071,1.7855,2.646,3.144,1.134,0.071,1.082,1.0343839541547277,3.1368,2.6712,15.3642,0.8515684774292271,-109.8,-102.8,38.68711518072289,-94.35856891566264,268.8325301204819,8.54625,29.268375,8.353805568112787
070,2026-07-28,2026-07-28T07:53:15Z,0.037,4.757,83,1.7345000000000002,3.5193530565192015,4.757,29.59998387096774,21.461,30.891135135135134,25.6545,2.1228563856921028,0.9291749722376859,0.7082506795502669,0.030838813872162366,3.5193530565192015,83,0.47,10.45,5.3,140.8,5.168072289156626,68.9,6.714838709677419,0.47,89.83548387096774,5.3,0.959,1.5310000000000001,2.359,3.196,1.64,1.64,1.754,0.4332129963898917,8.268225806451612,4.451290322580645,20.934677419354838,0.5383610011119131,-111.3,-104.6,38.687190428571434,-94.35854157142857,275.7314285714286,10.404285714285715,31.021714285714285,8.948585448910237
072,2026-05-21,2026-05-21T13:35:45Z,0.123,12.928333333333333,95,10.016666666666666,NA,NA,NA,NA,20.018106666666668,19.42785,NA,NA,NA,0.0037646637445218384,12.928333333333333,95,7.596666666666667,9.733333333333334,82.46666666666667,107.2,9.37480701754386,103.01157894736842,NA,NA,NA,NA,1.8736666666666664,9.9295,NA,NA,8.395666666666667,4.530333333333333,1.7606666666666666,1.6234177215189876,NA,NA,NA,NA,NA,209.80833333333334,39.39927014035088,-94.55323575438597,256.26666666666665,9.629166666666666,19.998083333333334,8.53405252583324
072,2026-06-08,2026-06-08T11:31:10Z,0.00933333333333333,11.331,159,4.688833333333333,8.230628592431763,8.64528774997803,23.859394666666667,18.941068965517243,25.359342105263156,20.51362248995984,1.0849228179378088,0.21987102577962447,0.18473596132589554,0.015874158791552673,8.230628592431763,159,0.09,9.826666666666666,0.9,120.2,4.872830188679245,59.15974842767296,6.16352,0.11896551724137931,74.876,1.2839080459770116,1.6763333333333337,4.756333333333333,5.466,5.903,2.3903333333333334,2.4256666666666664,1.8556666666666664,0.25866666666666666,2.9008533333333335,0.64192,0.7452266666666667,0.22128660991708188,122.45747126436781,78.24761904761905,39.399786331236896,-94.55292880503146,260.44737945492665,9.404166666666667,25.74575,8.57
072,2026-07-01,2026-07-01T09:34:13Z,0.218,13.049666666666669,91,10.894833333333333,11.612330942590935,11.710524016021063,23.82987242798354,18.85977777777778,24.708485294117647,19.079652173913043,1.093501849157633,NA,0.16633914124027344,0.009655425540641336,11.612330942590935,91,0.06,6.13,0.6,75.6,2.5115384615384615,30.798901098901098,2.8132510288065844,0.0662962962962963,34.51152263374485,0.7185185185185186,0.6323333333333333,5.731333333333334,6.672666666666667,7.995,1.5596666666666668,0.39166666666666666,1.5596666666666668,0.520967741935484,0.8231687242798353,0.5816872427983539,3.7113168724279837,0.7066440033994902,-123.02962962962962,-127.525,39.40049750915751,-94.55243750915751,258.25054945054944,6.118888888888889,26.009666666666668,7.922233612332228
072,2026-07-27,2026-07-27T13:28:33Z,0.12133333333333332,12.724,101,5.789833333333334,12.169100278309129,12.416460801889722,25.104534722222223,19.122333333333334,27.192157232704403,22.18263888888889,1.3623292485698357,0.12130529929521645,0.21005186712577478,0.006462788857439765,12.169100278309129,101,0.07,5.32,0.7,67.93333333333334,1.3692409240924093,17.285478547854787,1.4369097222222222,0.07,18.147569444444443,0.7,0.12133333333333332,1.608,3.4483333333333333,4.146,1.1103333333333334,1.5396666666666667,1.2633333333333334,3.0782122905027935,0.23864583333333333,0.8052777777777778,2.6219444444444444,3.3743634511857996,-122.28888888888889,-122.225,39.39980399339934,-94.55288537953795,257.96072607260726,5.316666666666666,27.909166666666664,7.836679458680477
072,2026-08-12,2026-08-12T12:48:41Z,0.007,13.816333333333334,168,10.199666666666667,13.279526596426358,13.457238313355369,25.342527950310558,20.113666666666667,26.49496174863388,21.501108695652174,1.2233463785734102,0.14766909031857942,0.17483813639008922,0.009024750683242376,13.279526596426358,168,0.03,7.34,0.3,93.6,2.202361111111111,27.751587301587303,2.2968115942028984,0.03,28.943478260869565,0.3,0.007,1.5390000000000001,4.749,5.782,1.7173333333333334,1.7173333333333334,1.3986666666666667,2.293103448275862,0.46853002070393374,0.9529192546583851,2.7248240165631468,2.0338488731771984,-146.68333333333334,-146.36111111111111,39.39993341269841,-94.55273726190477,259.1117063492064,7.3219047619047615,27.868761904761907,8.12763622053854
074,2026-05-27,2026-05-27T10:02:01Z,0.006,7.600666666666667,76,6.157333333333334,7.379324467049119,7.600666666666667,20.908607305936073,15.479666666666668,21.605551912568306,17.035666666666668,1.0130530117060061,0.41245778920065135,0.2590263010497581,0.007166744911971323,7.379324467049119,76,0.26,11.306666666666668,2.6333333333333333,133.86666666666667,6.610745614035087,75.95263157894738,6.871095890410959,0.26,78.95981735159818,2.6333333333333333,1.1876666666666666,2.7746666666666666,5.719,6.1146666666666665,0.8026666666666666,2.6606666666666667,1.298,1.5,0.18470319634703197,0.23141552511415525,1.225662100456621,1.2529048207663782,177.26666666666665,214.53333333333333,39.394619210526315,-94.26225811403509,271.54912280701757,10.929166666666667,24.26591666666667,8.848342902868874
074,2026-06-22,2026-06-22T15:16:43Z,0.16166666666666668,9.523333333333332,74,4.8759999999999994,7.689238419990053,8.020706187601178,22.424972222222223,13.908333333333333,25.184675438596493,16.27049074074074,1.5829155849048675,0.2546582358493744,0.32124759671773895,0.01968571129528179,7.689238419990053,74,0.12666666666666668,8.116666666666665,1.2,100.1,3.878018018018018,46.99954954954955,4.743611111111111,0.15696969696969698,57.583333333333336,1.5242424242424242,1.0073333333333334,3.83,4.820333333333333,5.292,4.099333333333333,2.005666666666667,4.099333333333333,0.31467661691542287,1.134111111111111,0.44255555555555554,2.191388888888889,0.39022239639463113,-109.83030303030303,-118.58333333333333,39.39378306306306,-94.26324756756756,270.1009009009009,8.035555555555556,26.137333333333334,8.24225926134984
074,2026-07-08,2026-07-08T08:33:37Z,0.037,7.213,123,4.5920000000000005,6.566106700864112,7.025593489351178,27.42243103448276,16.985,28.71742105263158,20.539464285714285,2.3799168376724538,0.543328389784172,0.6203769138432752,0.030978429789572725,6.566106700864112,123,0.51,10.74,5.3,140.1,6.348455284552846,82.46585365853659,6.698275862068965,0.525,87.09224137931035,5.449999999999999,1.642,2.363,4.064,4.857,2.248,2.101,2.403,2.6933333333333334,0.5573275862068966,0.8300862068965518,3.8813793103448275,1.4894044856921886,-16.4,2.4000000000000004,39.39409227642276,-94.26264821138211,264.32357723577235,10.446666666666667,29.872222222222224,8.87
074,2026-07-29,2026-07-29T08:44:48Z,0.143,8.434,109,5.2595,6.636771020241525,8.434,27.718521739130434,14.559,28.8185375,17.874172413793104,2.85001783222674,0.3700908116077056,0.5571213072965591,0.018747371784960998,6.636771020241525,109,0.41,8.8,4,117.9,4.527339449541285,59.47064220183486,5.278586956521739,0.41,69.5858695652174,4,0.207,2.1465,3.726,4.709,2.217,2.43,2.404,0.7226890756302521,1.5007608695652175,0.8580434782608696,4.473695652173913,0.5717389729847179,-108.7,-106.28,39.395330550458716,-94.26259743119266,269.8284403669725,8.797142857142857,30.725,8.817166275391891
078,2026-05-27,2026-05-27T15:36:38Z,0.017,5.233,116,0.5775,3.121009745222424,3.177589483985758,23.31368656716418,20.23608510638298,27.153,21.64373148148148,0.691020745451965,0.6444133890356943,0.261276237273822,0.0407552280208246,3.121009745222424,116,2.64,11.4,29,133,7.938448275862069,91.97155172413794,10.32910447761194,4.561702127659575,121.40149253731343,50.50425531914894,1.651,2.3335,NA,NA,1.628,1.714,1.68,0.4885844748858448,1.2617910447761194,0.5646268656716418,5.754776119402985,0.4474804826117814,182.72978723404256,185.775,39.743573534482756,-94.03659301724139,276.4172413793103,9.82,27.27285714285714,8.837231738497822
078,2026-06-18,2026-06-18T14:04:51Z,0.094,5.878333333333333,73,5.781,NA,NA,NA,NA,25.34097142857143,24.741666666666664,NA,NA,NA,0.0031810998161318923,5.878333333333333,73,3.61,7.266666666666667,43.46666666666667,88.96666666666667,6.4311415525114155,78.35388127853881,NA,NA,NA,NA,0.094,5.721833333333333,NA,NA,1.022333333333333,5.77,5.823333333333333,1.548780487804878,NA,NA,NA,NA,NA,112.38571428571429,39.74362205479452,-94.03521844748859,279.7799086757991,7.2175,25.585,7.901676285293134
078,2026-07-08,2026-07-08T13:36:43Z,0.079,5.591,71,0.622,5.4084885840089605,5.591,27.825636363636363,22.731,30.553375,27.095174603174602,1.3181761724999888,0.6362142902042819,0.45662893082674194,0.028528305705971625,5.4084885840089605,71,0.58,8.18,6.7,109.4,4.4,57.254929577464786,4.6868181818181816,0.58,61.053030303030305,6.7,0.147,2.1835,3.748,4.3,1.639,2.363,1.746,0.4225352112676057,1.1348484848484848,0.45151515151515154,3.5374242424242426,0.39786381842456614,-108.1,-98.55,39.743845492957746,-94.0363785915493,278.1507042253521,8.163333333333334,30.656333333333333,8.5
078,2026-07-29,2026-07-29T13:24:04Z,0.033,5.776,93,5.6805,2.1322477862044726,5.776,29.71828888888889,22.512,28.116065934065933,22.6325,1.9198959847403785,0.450563612031062,0.40763195064274194,0.014275852063522956,2.1322477862044726,93,0.52,8.49,6,113,4.8748387096774195,63.67741935483871,7.515555555555555,0.52,99.14666666666666,6,0.119,1.4295,3.739,4.381,1.383,1.417,1.417,0.2336,3.8753333333333333,0.9733333333333334,7.487555555555556,0.2511611904352314,-106.8,-97.78333333333333,39.74363032258065,-94.03558,276.71290322580643,8.477500000000001,30.36375,8.473777034708602
081,2026-05-27,2026-05-27T12:11:27Z,0.13333333333333333,7.623333333333333,81,1.9693333333333332,7.423552746510512,7.623333333333333,20.90257692307692,19.116333333333333,23.474555555555554,20.086931216931216,0.3685930192259548,0.20744252776594635,0.09423179132705188,0.010316598816119191,7.423552746510512,81,0.24333333333333332,14.576666666666666,2.6333333333333333,172.86666666666667,5.832345679012346,66.97654320987654,6.046837606837607,0.24333333333333332,69.44572649572649,2.6333333333333333,0.711,2.1216666666666666,5.28,6.071666666666667,0.711,1.622,0.711,0.5230769230769231,0.719059829059829,0.414957264957265,4.193290598290599,0.5770830857007013,174.53333333333333,205.44285714285715,39.804305925925924,-94.38116707818929,291.80781893004115,13.647777777777778,24.671222222222223,9.057286640612569
081,2026-06-22,2026-06-22T13:40:39Z,0.067,7.475,154,5.45,6.261351899923828,6.549700520859656,23.3105390625,18.69825,23.729833333333332,19.177325,0.9987852067350786,0.31808783878525365,0.2573078333856095,0.030986612571191924,6.261351899923828,154,0.23,5.5,2.5,66.2,3.0492857142857144,35.99545454545454,3.597109375,0.312,42.5375,3.34,0.067,0.494,5.292,5.734,0.366,0.419,0.272,0.7453416149068323,0.906640625,0.72484375,2.740859375,0.7994829814735028,-109.16,-114.75833333333333,39.804114545454546,-94.37999571428571,292.2090909090909,5.33375,24.330375,7.57627693116088
081,2026-07-08,2026-07-08T10:19:07Z,0.025,7.846,138,2.0709999999999997,7.09051651499103,7.551206740250751,27.26567213114754,19.081888888888887,29.974911111111112,24.579752688172043,1.948195561189209,0.3458563202325503,0.4690666218092407,0.024678370479704746,7.09051651499103,138,0.32,10.16,3.5,134.5,5.121086956521739,66.80942028985507,5.745,0.3433333333333333,75.05245901639344,3.7111111111111112,1.337,2.4269999999999996,3.808,4.948,2.279,2.53,2.723,1.1875,0.5044262295081967,0.45795081967213114,2.7054098360655736,0.9078648033799155,-136.03333333333333,-133.64166666666668,39.80452666666667,-94.38113927536232,291.77101449275364,10.11875,29.992125,8.74627693116088
081,2026-07-29,2026-07-29T10:29:54Z,0.047,7.67,126,5.276,7.175049409362171,7.67,27.194859504132232,19.687,28.480117021276595,22.29940625,1.8076993680798523,0.45621655717117077,0.4427949313380079,0.024031726907614986,7.175049409362171,126,0.33,11.34,3.6,151.5,4.945555555555556,65.13412698412698,5.135619834710743,0.33,67.66776859504132,3.6,0.751,2.5415,3.499,4.354,2.158,2.241,2.56,1.2867924528301888,1.4079338842975206,1.7988429752066115,5.8368595041322315,1.2776473350551774,-136.6,-131.06,39.8045576984127,-94.38112507936508,293.85238095238094,11.331666666666667,30.509833333333333,8.923358982687997
087,2026-05-21,2026-05-21T10:42:24Z,0.04666666666666667,7.666,83,5.709,6.8456577806824415,7.230576288998681,20.006955555555557,16.467916666666667,20.31958585858586,17.203529411764706,0.662680479094206,0.21973071663233049,0.1646223293428412,0.007242128259552877,6.8456577806824415,83,0.9233333333333332,9.5,9.466666666666669,105.26666666666668,7.859678714859438,86.71887550200803,8.546222222222223,1.085,94.40533333333333,11.108333333333333,0.04666666666666667,5.828,6.936333333333334,7.666,0.8553333333333333,3.5056666666666665,2.001666666666667,0.5866141732283465,0.6536444444444445,0.3067111111111111,1.7183111111111111,0.46923233834228595,230.11666666666665,230.11666666666665,39.795997429718874,-93.02754473895583,241.6863453815261,9.358333333333333,20.36925,8.531338876354067
087,2026-06-18,2026-06-18T10:56:49Z,0.1245,9.682,102,5.3705,7.950880459229938,8.61942882459094,22.753381782945738,15.465,24.398059895833335,17.025508771929825,1.4307006383121461,0.18297237072114755,0.27644924458304226,0.01326532676521817,7.950880459229938,102,0.12,7.67,1.1666666666666667,92.4,4.363856209150327,52.305882352941175,5.147364341085272,0.13444444444444445,61.7515503875969,1.3407407407407408,0.1245,4.280833333333334,5.039,5.429333333333333,5.039,4.945,5.039,3.407185628742515,0.3524418604651163,0.35069767441860467,0.8105813953488372,0.9950511382382052,113.8962962962963,114.03333333333333,39.79601885620915,-93.02742392156863,243.61944444444444,7.615833333333333,24.728375,8.181369867311489
087,2026-07-08,2026-07-08T09:28:48Z,0.138,7.488666666666666,65,4.878833333333333,7.168750014793764,7.330258610153827,25.782055555555555,16.67211111111111,28.28202380952381,19.25510144927536,1.988625012200032,0.3458939510260312,0.5198900532569481,0.012988998248887385,7.168750014793764,65,0.22,8.316666666666666,2.2666666666666666,109.7,4.278923076923077,55.29435897435897,4.616555555555555,0.22222222222222224,59.70611111111111,2.3,1.4266666666666663,3.3121666666666667,4.645,5.198333333333333,3.475,4.926333333333333,4.926333333333333,1.567123287671233,0.77155555555555555,0.3713888888888889,2.1937777777777776,0.4813508064516129,-92.2,-85.29444444444445,39.796132923076925,-93.02757307692308,244.02564102564102,8.278333333333332,29.819499999999998,8.360095690584256
087,2026-08-06,2026-08-06T14:42:47Z,0.02233333333333333,7.251666666666667,117,5.565833333333334,6.059827675021137,7.251666666666667,25.92141346153846,17.838,26.14439175257732,20.797583333333336,1.8196822464988145,0.6783677883170303,0.4310252921326418,0.02215539189102479,6.059827675021137,117,0.16,8.066666666666666,1.7,100.53333333333332,4.807891737891738,59.68888888888889,5.384070512820513,0.16,66.87692307692308,1.7,0.4016666666666666,3.956833333333333,4.835,5.018,1.3726666666666667,5.228666666666666,5.318333333333333,1.1615969581749046,1.2261858974358975,0.8326923076923077,3.221634615384615,0.67909140810832,-77.89999999999999,-64.38666666666667,39.796038603988606,-93.02715116809117,244.17350427350428,8.060555555555556,26.59622222222222,8.351118242121082
088,2026-02-03,2026-02-03T11:54:30Z,0.08800000000000001,7.644333333333333,138,NA,0.13551588159482061,0.17931585110436568,2.2653333333333334,3.212578431372549,NA,NA,0.019256943879668142,0.17286433339635504,0.005009523930223065,0.0016958367001103274,0.13551588159482061,138,8.56,13.443333333333332,64.46666666666667,98.36666666666667,11.495700483091788,85.85048309178744,13.303333333333333,11.468088235294118,96.86666666666666,85.6796568627451,0.188,4.7225,NA,NA,1.4593333333333334,1.4996666666666667,3.172,0.07653701380175659,0.49,-0.04333333333333333,1.0366666666666666,-0.08843537414965985,189.62107843137255,192.975,39.663186376811595,-92.99525094202899,228.64710144927537,13.162727272727272,2.7924848484848486,7.912208430164814
088,2026-02-17,2026-02-17T11:45:04Z,0.01266666666666666,7.752666666666666,186,NA,NA,NA,NA,NA,NA,NA,NA,NA,NA,6.758711538009538e-4,7.752666666666666,186,11.226666666666668,11.84,90.4,95,11.717087813620072,93.66899641577061,NA,NA,NA,NA,1.3143333333333334,3.9253333333333336,NA,NA,7.521666666666667,7.752666666666666,7.752666666666666,0.11675126903553298,NA,NA,NA,NA,NA,293.0208333333333,39.66326440412186,-92.99526005376345,230.05609318996414,11.538461538461538,5.997025641025641,7.908268626629821
088,2026-03-19,2026-03-19T11:10:51Z,0.078,8.134,153,0.5165,1.4369302845409286,1.4391703095602786,8.871966666666667,7.403772357723577,9.675818181818181,7.537950704225352,0.09136392413586236,NA,0.022458512495922848,0.004821337250088948,1.4369302845409286,153,9.86,11.5,82,100.1,10.360588235294118,86.94248366013072,11.361333333333333,10.116504065040651,98.11666666666666,84.21707317073171,0.384,1.916,NA,NA,0.503,0.229,8.134,0.3712121212121212,2.183333333333333,0.675,7.061333333333334,0.3091603053435115,248.56585365853658,257.1111111111111,39.663095228758166,-92.99523790849673,228.43333333333334,11.318,9.6868,8.060583599227026
088,2026-04-14,2026-04-14T10:20:57Z,0.004,6.9576666666666664,115,NA,6.39712036713919,6.43427085592091,16.17515873015873,14.462083333333334,NA,NA,0.264395049354448,0.14273151596037706,0.07559741548026201,0.002839398860604894,6.39712036713919,115,6.3933333333333335,9.72,62.53333333333333,100.06666666666666,8.813101449275363,89.54260869565218,9.00968253968254,6.694166666666667,91.76380952380953,65.64999999999999,0.9243333333333332,4.200833333333334,NA,NA,0.032,1.2736666666666667,0.004,0.36405959031657364,2.271047619047619,0.8213650793650793,9.529809523809524,0.3616679247392993,269.5083333333333,269.5083333333333,39.663581395348835,-92.99504449612402,229.52868217054265,9.63974358974359,16.78051282051282,7.682648577649881
088,2026-05-27,2026-05-27T10:36:19Z,0.14866666666666667,7.117666666666667,80,0.17516666666666664,6.054109192037062,7.117666666666667,21.827438095238094,17.67,25.590333333333337,21.33542194092827,0.8458987872639909,0.2356069422679669,0.20679027310696876,0.01206852705878074,6.054109192037062,80,0.2833333333333333,12.52,2.966666666666667,149.36666666666667,6.244,72.89791666666666,7.084095238095238,0.2833333333333333,82.75952380952381,2.966666666666667,1.2406666666666666,2.0046666666666666,4.6546666666666665,5.584333333333333,2.318,1.536333333333333,0.7716666666666667,0.1838235294117647,2.533714285714286,0.39095238095238094,4.418380952380953,0.1543001052473312,221.93333333333337,225.5666666666667,39.663249416666666,-92.99519025,229.8025,11.716666666666667,25.311500000000002,8.934188268434937
088,2026-06-17,2026-06-17T10:56:16Z,0.08666666666666667,8.133000000000001,122,3.904166666666667,7.494931729110677,7.61018410418033,22.01749404761905,16.854166666666668,24.58666049382716,19.225171568627452,1.032936535466547,0.6116949246522806,0.2504619132626441,0.0168073364968066,7.494931729110677,122,0.06,7.673333333333334,0.6,92.73333333333332,2.601120218579235,31.227868852459018,2.827916666666667,0.06,33.960119047619045,0.6208333333333333,0.08666666666666667,1.9535,3.576,3.941333333333333,2.883,2.883,0.4346666666666667,0.2765578635014837,2.4144047619047617,0.6997619047619048,7.083244047619048,0.2898279177555348,-156.90416666666667,-156.90416666666667,39.66324969945355,-92.99514144808744,227.4674863387978,7.591333333333333,24.900066666666667,8.13486688299712
088,2026-07-14,2026-07-14T09:47:58Z,0.00733333333333333,5.916333333333333,98,5.033166666666666,5.537070931464236,5.916333333333333,27.525770609318997,19.79266666666667,28.10642745098039,20.947846153846154,1.8782737834777663,0.5720670945821944,0.5966945345538048,0.022844366614473068,5.537070931464236,98,0.15333333333333332,12.646666666666668,1.7,167.6,5.122040816326531,67.49965986394558,5.388673835125448,0.15333333333333332,71.03082437275985,1.7,0.758,1.5818333333333334,2.5096666666666665,2.901333333333333,1.1856666666666666,0.49866666666666665,0.542,0.6943099273607749,2.767956989247312,1.4853763440860215,0.47057347670250893,0.5366327402688214,-139.4,-138.88095238095238,39.663259897959186,-92.99496425170068,227.97414965986394,12.212727272727273,30.27160606060606,9.06921551266865
088,2026-08-05,2026-08-05T10:07:08Z,0.514,6.861,104,4.8870000000000005,5.113798247285039,6.708824926880589,26.767364705882354,19.287,26.882753086419754,21.761739130434783,1.7705652205339675,0.6111919513138733,0.4187700175559648,0.09597094742825418,5.113798247285039,104,0.77,5.94,8.3,74.3,4.639134615384616,57.73461538461538,5.339647058823529,0.815,66.79176470588236,8.85,0.514,5,5.513,6.136,3.036,1.195,3.284,0.2651622002820874,6.243058823529412,1.2507058823529411,10.472588235294118,0.20033543134964005,-85.65,-84.7,39.663046057692306,-92.99542423076923,228.06730769230768,NA,NA,NA
089,2026-06-04,2026-06-04T13:20:58Z,0.17033333333333334,15.705,114,5.446666666666666,12.55721792878834,13.242388056223986,21.569817204301074,18.623520833333334,23.28322962962963,19.586381642512077,0.6105215745199075,0.12262284669353495,0.07449850364859242,0.008532793960168632,12.55721792878834,114,0.16,7.473333333333334,1.7,89.46666666666667,3.4071052631578946,39.19210526315789,4.070430107526882,0.28291666666666665,46.90035842293907,3.029166666666667,0.17033333333333334,2.7103333333333333,12.091,13.022,0.17033333333333334,0.4646666666666667,0.17033333333333334,0.22238163558106172,1.0357347670250896,0.09093189964157707,-5.072007168458781,0.08779458075232724,177.95208333333335,175.475,38.265714093567254,-93.40653637426901,215.33157894736843,7.4,24.363166666666668,7.6437374288743065
089,2026-06-30,2026-06-30T17:27:30Z,0.06733333333333333,21.648333333333333,216,9.859666666666667,9.600456110995605,10.30706621212374,27.22162962962963,19.52059696969697,27.1815522875817,19.60998245614035,1.8487405263169876,1.9272782353147744,0.16539881049012584,0.06571266281819074,9.600456110995605,216,0.04333333333333333,8.43,0.5,107.46666666666668,3.4731327160493826,43.5412037037037,7.011750841750842,0.21466666666666667,88.44276094276094,2.374242424242424,0.782,9.859666666666667,10.509666666666666,10.86,0.06733333333333333,0.10866666666666666,0.06733333333333333,0.6733466933867737,1.1884848484848485,0.6036700336700337,5.220740740740741,0.5079324607626494,195.3181818181818,174.5047619047619,38.26912021604938,-93.40058211419753,210.79305555555555,8.29111111111111,27.84466666666667,8.202428272434888
089,2026-07-21,2026-07-21T15:18:54Z,0.11266666666666666,20.395,113,5.279166666666667,9.050193136231254,11.726937791321989,28.456183006535948,19.84453472222222,30.945275862068964,21.734492063492063,2.131888577739005,0.2589893739265629,0.18480514669432319,0.01380120628873865,9.050193136231254,113,0.04,10.14,0.43333333333333335,139,2.2458702064896756,30.13392330383481,4.850392156862745,0.08256944444444445,65.34444444444445,0.9166666666666666,0.9313333333333332,4.286833333333334,5.156333333333333,5.833,1.0963333333333334,3.0633333333333335,NA,0.6306306306306304,1.154313725490196,0.44594771241830067,NA,0.38633146480946723,-11.972222222222221,-106.18666666666667,38.2690698820059,-93.4008585840708,211.68171091445427,10.083333333333334,32.083555555555556,8.821113956228373
089,2026-08-20,2026-08-20T11:13:51Z,0.028,20.38,154,8.216,16.5386258902939,16.679185765398955,25.569772357723576,20.527392857142857,28.434983050847457,22.15918947368421,1.195834719413483,0.2238899208396904,0.11654991157080809,0.00997056985436271,16.5386258902939,154,0.21,8.12,2.3,105.1,3.0966883116883115,39.4987012987013,3.8137398373983737,0.24714285714285714,48.7479674796748,2.742857142857143,0.028,1.49,9.28,10.622,2.424,2.424,20.38,0.5519999999999999,1.3085365853658537,0.6390243902439025,3.1103252032520325,0.48835041938490215,-127.46785714285714,-131.02,38.26909,-93.40051129870129,210.61103896103896,8.11,28.74,8.41036652343565
091,2026-05-22,2026-05-22T09:42:40Z,0.097,3.57,76,NA,NA,NA,NA,NA,NA,NA,NA,NA,NA,4.2309489696596434e-4,3.57,76,6.87,7.78,76,86.2,7.3130263157894735,80.99605263157895,NA,NA,NA,NA,0.097,1.9725000000000001,NA,NA,1.563,1.221,0.602,0.8875,NA,NA,NA,NA,NA,124.12142857142857,38.00666776315789,-94.0485797368421,218.13026315789475,7.715,20.365333333333332,7.750895638804844
091,2026-06-15,2026-06-15T17:30:25Z,0.072,4.755,75,1.4165,2.851379519633264,3.214944497111079,27.92411320754717,25.499555555555556,28.903136363636364,26.555150943396228,0.6601630669600809,0.20001523440669194,0.25794849527743136,0.022291875035305365,2.851379519633264,75,1.22,10.86,14.7,139.9,8.2052,104.364,10.145849056603774,2.9205555555555556,129.6811320754717,35.78888888888889,1.282,2.6790000000000003,4.313,NA,0.561,2.406,4.711,0.7999999999999999,1.3039622641509434,0.7139622641509434,4.7952830188679245,0.5475329185356678,178.94444444444446,170.78333333333333,38.005750666666664,-94.04662040000001,216.708,10.62,29.1312,8.768018335884987
091,2026-07-06,2026-07-06T17:26:39Z,0.014,4.385,52,0.3815,4.170916872185214,4.315723652162698,28.840340425531917,25.931,32.6048,28.136936170212767,0.8100783206801907,0.3157430761337476,0.35766572837538,0.03247907834204235,4.170916872185214,52,0.59,13.38,7.3,185.1,6.055384615384615,80.22692307692307,6.615531914893617,0.6699999999999999,87.72553191489362,8.3,0.014,1.2485,3.42,4.098,4.271,1.095,4.215,1.7614213197969544,1.4172340425531915,2.36,9.060212765957447,1.6652154331181503,-125.14999999999999,-115.35,38.00568346153846,-94.04647211538462,216.63846153846154,13.258333333333333,32.39666666666667,9.355028781677847
091,2026-07-27,2026-07-27T18:04:16Z,0.024,4.329,78,2.5535,3.600502260630936,3.9730818062889637,31.533174603174604,27.172625,32.721636363636364,28.170264705882353,1.2906865837965142,0.34907738847115843,0.5490438144297615,0.05851779189323403,3.600502260630936,78,0.76,11.93,9.5,167.1,7.46025641025641,102.5576923076923,8.991587301587302,0.86375,123.87777777777778,10.875,0.677,2.652,3.393,4,2.728,3.064,2.957,1.7739938080495357,2.6455555555555557,3.6395238095238094,11.53063492063492,1.375712485750285,-107.4625,-102.46000000000001,38.006054999999996,-94.0469155128205,221.37692307692308,11.865714285714285,33.344857142857144,9.377166275391891
092,2026-05-21,2026-05-21T14:20:53Z,0.04266666666666666,19.549666666666667,269,8.359166666666667,8.539112249502372,8.947574096892293,21.10784223918575,18.130636363636363,21.121408268733852,18.23649761904762,0.6019130814495384,0.3348086128735023,0.060317587495802384,0.060030595817637644,8.539112249502372,269,0.1,11.12,1,126.43333333333334,5.712899628252788,63.71685254027261,9.202340966921119,2.2679545454545456,103.7058524173028,24.271464646464647,1.5786666666666669,8.359166666666667,15.576333333333334,16.879,1.536,1.536,2.255333333333333,0.6847246891651865,1.5291094147582698,0.8788295165394402,8.902519083969466,0.5747329184277964,140.59368686868686,144.58333333333334,37.900951945477075,-93.317268488228,252.76505576208177,10.908888888888889,21.888666666666666,8.92058724337383
092,2026-06-15,2026-06-15T12:15:52Z,0.00633333333333333,24.995,98,0.9753333333333332,15.487425171451846,15.658098648096532,24.22212857142857,18.73925925925926,26.387619047619047,22.380996336996336,1.2136805690897745,NA,0.09645524251247603,0.004357983936139458,15.487425171451846,98,0.01,9.17,0.16666666666666669,113.9,2.5948639455782314,31.85816326530612,3.6135238095238096,0.04666666666666667,44.39142857142857,0.5074074074074074,0.00633333333333333,1.2233333333333332,6.109666666666667,7.0826666666666664,0.917,1.0336666666666663,1.0336666666666663,1.348235294117647,0.6823333333333333,0.7484285714285714,4.257904761904762,1.0968664945215996,62.8604938271605,70.46666666666667,37.900957551020404,-93.31702156462585,258.5122448979592,9.161111111111111,26.432,9.02556694566556
092,2026-07-06,2026-07-06T12:40:52Z,0.002,17.859333333333332,91,7.617666666666667,17.17149253199796,17.312885035706834,26.254743295019157,21.639916666666668,28.48624,23.083178861788618,1.1352562699183864,0.12201912105335323,0.12613449926360595,0.005022982594869655,17.17149253199796,91,0.02,9.043333333333331,0.3,119.83333333333331,2.846996336996337,37.32380952380952,2.976704980842912,0.025833333333333333,39.026053639846744,0.3,1.0643333333333334,1.6158333333333332,4.921333333333333,5.549,0.9383333333333334,3.026666666666667,0.9383333333333334,0.6313559322033896,0.6140613026819923,0.36072796934865897,3.206743295019157,0.587446184563549,17.375000000000004,11.644444444444446,37.900525860805864,-93.31809227106227,252.0095238095238,8.862499999999999,30.616833333333332,8.89
092,2026-08-11,2026-08-11T14:37:58Z,0,18.048,114,12.013,12.204641892943338,13.517590790440336,28.727978174603173,22.372424242424245,28.776604417670683,22.853376344086023,1.6600816969914831,0.26798604263948683,0.17148763790251007,0.009818171914031356,12.204641892943338,114,0.10333333333333332,8.89,1.2,117.63333333333333,4.193771929824561,54.982894736842105,5.6378571428571425,0.13090909090909092,73.99186507936508,1.5166666666666666,0.704,6.468666666666667,9.176,9.641333333333334,1.5593333333333332,3.886,1.2243333333333333,0.5512820512820513,1.2784920634920636,0.7692063492063492,3.6133333333333333,0.6016512508535601,-142.38181818181818,-147.06666666666666,37.900380058479534,-93.31584970760234,253.03347953216374,8.848333333333333,30.008194444444445,8.623358982687998
093,2026-06-04,2026-06-04T11:01:42Z,0.089,22.542,281,9.279500000000002,18.579259718002067,18.742387128938617,21.844196403872754,15.53572807017544,24.970858757062146,18.043079754601226,1.2106182759119974,0.39234289704719794,0.10663831600688307,0.02013795568869871,18.579259718002067,281,0.04,10.99,0.4,133.6,5.832930011862397,69.11826809015422,6.789419087136929,0.06719298245614035,80.4731673582296,0.6754385964912281,4.181,9.279500000000002,15.014333333333331,16.793,6.192333333333333,9.262333333333334,6.192333333333333,0.2779220779220779,0.5283125864453665,0.01648686030428769,-5.726721991701245,0.031206639264863736,191.19473684210527,187.60666666666665,37.68939514827995,-93.75977992882562,264.4578884934757,10.751333333333333,25.333,8.38
093,2026-06-30,2026-06-30T15:18:34Z,0.02733333333333333,23.643333333333334,261,12.577666666666666,12.566280336683748,12.584018649833093,27.091827664399094,17.96313988095238,27.05861936936937,17.995669616519173,2.1131974277878953,91.1746675663388,0.1786222922918228,0.8964314930407858,12.566280336683748,261,0.01,8.92,0.1,113,4.828007662835249,60.83537675606641,8.476167800453515,0.111875,106.96281179138322,1.218452380952381,1.7976666666666667,12.487,12.425666666666666,12.577,8.018666666666666,9.818333333333332,5.764333333333333,1.7109374999999998,0.3543990929705215,0.5141043083900226,2.6051020408163263,1.4506366370209227,182.43035714285713,168.20666666666668,37.68871641732284,-93.75764056430447,265.18888888888887,8.721111111111112,27.562944444444444,8.549377305127456
093,2026-07-21,2026-07-21T13:11:07Z,0.05699999999999999,30.982666666666667,184,4.6530000000000005,10.961173209744702,11.809282862985524,27.126270042194093,16.589576666666666,31.067733333333333,18.89348322147651,2.365455674053237,0.16553155828776656,0.14862695463533776,0.018286245148991773,10.961173209744702,184,0,8.09,0,109.43333333333334,1.7841123188405796,23.73822463768116,4.1,0.037733333333333334,54.69789029535865,0.40066666666666667,1.518333333333333,4.546166666666666,5.98,6.733666666666667,4.7316666666666665,6.102333333333333,NA,0.3692307692307692,0.6249789029535865,0.08227848101265822,NA,0.13165001350256547,-133.99566666666666,-181.1,37.688441938405795,-93.75740699275363,264.1030797101449,7.900666666666666,31.841066666666666,8.354047951306233
093,2026-08-11,2026-08-11T12:56:31Z,0.04899999999999999,27.839333333333332,309,9.924,9.639872259916775,11.154660635114656,28.791161904761903,17.015245045045045,28.775626543209878,17.43912437810945,2.7647697002187215,1.279126143561173,0.18837352571275837,0.08601849531540777,9.639872259916775,290,0,8.356666666666666,0,108.43333333333334,3.257126436781609,41.947701149425285,8.248761904761905,0.09534136546184739,106.92539682539683,1.0293172690763053,1.2613333333333334,9.924,10.474333333333334,10.814666666666668,8.975333333333333,0.04899999999999999,3.9833333333333334,0.8164556962025316,0.42425396825396827,0.02,1.4915555555555555,0.047141574378928464,-149.64144144144143,-183.82,37.6889402373247,-93.75722560949299,262.6152103559871,8.287333333333333,28.968666666666667,8.296027588070904
095,2026-08-10,2026-08-10T13:59:35Z,0.075,3.471,54,1.8735,2.8378152743253726,3.371834440410788,27.88255319148936,25.4125,28.2384,26.39805263157895,0.6710811767538871,0.35664099415213174,0.3351200825387385,0.007779176798799284,2.8378152743253726,54,1.61,11.14,19.6,144.3,7.885185185185185,100.82592592592593,8.757446808510638,1.67,112.14255319148936,20.35,0.183,1.7685,3.337,NA,0.122,0.183,0.101,0.5763888888888888,7.018297872340425,3.6304255319148937,22.151702127659576,0.5172800582065119,-70.4,-53,40.06332555555556,-94.53867185185184,308.8833333333333,11.106666666666667,28.641222222222222,8.639628576518424
096,2026-05-21,2026-05-21T17:27:46Z,0.01066666666666666,17.403666666666666,168,7.216166666666667,11.381604461643331,11.53337816831018,18.94371130952381,8.670222222222222,21.093260683760683,10.716133333333334,1.3873344511534924,0.5651289333085419,0.1580517972378335,0.016360986662035244,11.381604461643331,168,0.75,9.71,6.366666666666667,110.8,5.8376190476190475,62.66170634920635,7.490803571428571,2.526543209876543,83.0735119047619,21.775308641975307,1.8173333333333332,6.734500000000001,9.325333333333331,15.956666666666669,4.826333333333333,5.316666666666666,4.804,0.4157706093189964,0.4549404761904762,0.16782738095238095,2.4461309523809525,0.36889964673557507,161.99814814814815,167.88,37.31536146825397,-93.2223855357143,381.718253968254,9.467777777777778,21.987444444444442,8.82
096,2026-06-15,2026-06-15T14:56:03Z,0.007,15.076333333333334,63,10.1885,3.6180915117149133,12.725716430185374,25.719530303030304,9.552190476190477,23.844,10.57988888888889,2.877843752427111,0.2853556366771518,0.23799609000833954,0.006677880413645487,3.6180915117149133,63,0.49333333333333335,9.843333333333334,4.433333333333334,119.96666666666668,6.098042328042328,73.0079365079365,9.598636363636365,0.54,117.77878787878788,4.752380952380952,2.4966666666666666,3.6001666666666665,8.707,10.486666666666666,3.669,3.669,3.669,0.3247863247863248,0.7753030303030303,0.15515151515151515,3.3465151515151517,0.20011725620480753,200.3904761904762,200.1833333333333,37.31390095238095,-93.22166502645503,384.1920634920635,9.563333333333334,26.44922222222222,8.637814647216697
096,2026-07-06,2026-07-06T14:57:00Z,0.04033333333333333,16.720333333333333,101,3.3236666666666665,12.341121130988864,12.865680570941096,22.980770562770562,9.959133333333334,29.730516666666666,17.538921810699588,2.1587179853478347,0.16111187286295386,0.25036026767205544,0.013877696513460077,12.341121130988864,89,0,10.693333333333332,0,135.29999999999998,3.6863670411985017,47.13820224719101,4.258528138528138,0.007916666666666666,54.46320346320346,0.07083333333333333,3.4459999999999997,4.521,5.895666666666666,6.561333333333334,3.28,6.154,6.154,2.1395348837209305,0.19562770562770562,0.3476190476190476,4.6066666666666665,1.7769418012834697,18,25.049999999999997,37.31567501650165,-93.22237495049505,379.64686468646863,9.126666666666669,31.02877777777778,8.738891729157615
096,2026-07-27,2026-07-27T15:10:11Z,0.055,19.042666666666666,89,2.1883333333333335,4.193571450295681,11.314374395242645,29.93525225225225,9.771285714285714,31.30122807017544,19.982719047619046,4.050059288814396,0.4193057190515472,0.30959649839535247,0.020053018613076082,4.193571450295681,89,0.18,9.206666666666669,1.5666666666666669,119.7,4.572696629213483,59.25767790262172,8.62045045045045,0.24666666666666667,114.02162162162162,2.192063492063492,2.652,4.110666666666667,6.315666666666667,7.746666666666667,6.979666666666667,6.979666666666667,6.979666666666667,2.0780346820809252,0.36855855855855857,0.45441441441441444,1.2405405405405405,1.2329503788804694,-10.031746031746032,-31.733333333333334,37.315506704119855,-93.2220702247191,382.1659176029963,8.5,31.427777777777777,8.62
098,2026-05-28,2026-05-28T11:14:46Z,0.075,48.706,750,5.8565000000000005,37.090948967236535,37.16315466964281,13.796670803782506,7.949663043478261,22.911423948220065,10.665639361154044,0.5783584861446798,0.24915795633902044,0.023713807337367835,0.00902515450603099,37.090948967236535,750,5.6066666666666665,9.813333333333334,49.4,110.8,7.087888888888889,67.46608888888889,7.293073286052009,6.459655797101449,71.71672576832151,54.521557971014495,5.150333333333333,36.306,NA,NA,6.6273333333333335,6.800333333333334,6.871666666666667,1.3081395348837208,0.07705082742316785,0.20538416075650118,0.6349822695035461,2.66556723172509,285.8356884057971,301.60333333333335,36.59537703111111,-93.3136551288889,279.64933333333335,8.895238095238096,23.551904761904762,8.39
098,2026-06-30,2026-06-30T11:19:49Z,0.2886666666666667,54.105666666666664,582,7.357333333333333,26.697791495297206,26.87132908805656,21.1000675990676,9.522970238095239,27.67668913857678,12.972031609195403,1.768091619917186,0.20744308158150446,0.06514803022780656,0.01858032802912612,26.697791495297206,582,3.34,8.6033333333333335,28.333333333333332,109.4,5.122717640320733,52.85823310423826,5.54516317016317,4.716298185941043,64.71573426573427,41.40110544217687,2.211666666666667,7.567166666666667,NA,NA,6.939,50.339666666666666,7.403666666666667,1.036231884057971,0.1017016317016317,0.15131701631701633,0.17205128205128206,1.4878523951409581,263.1911281179138,268.5388888888889,36.59596023482245,-93.31304426689576,279.4639747995418,8.43,28.1336,8.379748130193853
098,2026-07-21,2026-07-21T09:42:39Z,0.02533333333333333,54.394666666666666,289,6.640333333333333,29.130283324659267,29.324269601618592,22.60768978805395,9.985464912280701,31.0125,14.611675105485233,2.068798979525468,0.19047765637683398,0.07579593442842153,0.011007735085735245,29.130283324659267,289,0.91,9.823333333333334,8.233333333333333,122.73333333333332,3.7239677047289503,42.436332179930794,4.367707129094412,2.766169590643275,54.376493256262044,24.621052631578948,6.82,8.378333333333334,10.503,11.700333333333331,7.862333333333334,7.862333333333334,NA,0.374025974025974,0.555587668593449,0.059383429672447016,NA,0.10688399514478931,223.28947368421052,228.23333333333335,36.595913598615915,-93.31301337946944,282.5731257208766,7.745555555555556,31.336333333333336,8.057445318248691
098,2026-08-11,2026-08-11T09:48:50Z,0.153,49.79233333333333,415,7.378833333333333,17.584531583809913,17.837521301128465,25.147091856060605,14.075278014184397,29.887111872146118,16.451684210526317,2.22544847536858,0.13441574697163264,0.08893732080083323,0.012761078023563868,17.584531583809913,404,0,8.466666666666667,0,112.06666666666666,2.264929867986799,27.967780528052806,4.298532196969697,0.7054017857142857,55.966193181818184,6.445238095238095,1.2283333333333333,8.255833333333333,9.713333333333331,10.539666666666667,8.068,8.941333333333333,8.868666666666666,0.8071278825995808,0.5939867424242424,0.31950757575757577,4.157159090909091,0.5379035472299721,144.0300709219858,168.98333333333335,36.596120578313254,-93.31246773493976,279.6193172690763,8.308333333333334,29.994833333333332,8.11923432642718
110,2026-06-03,2026-06-03T16:10:26Z,0.122,7.525,150,2.792,5.991926149592668,6.450309074286576,21.93643650793651,11.097,25.270625,15.644782051282052,1.8090311055465236,0.2836958407528739,0.45319913189955974,0.021202082271301638,5.991926149592668,150,0.26,9.2,2.3,113.1,5.050666666666666,60.55133333333333,5.951349206349207,0.29000000000000004,71.51746031746032,2.65,0.935,2.792,4.115,4.738,2.587,4.239,2.552,0.3940520446096655,1.0833333333333333,0.21015873015873016,5.282698412698413,0.193992673992674,49.76428571428571,27.45,37.99583826666667,-91.6910112,313.62733333333335,8.886,26.6492,8.05407436181994
110,2026-06-24,2026-06-24T16:46:52Z,0.011,7.984,144,4.421,3.8823318757825707,7.038405023098613,26.405602272727272,11.218357142857142,26.0175,14.51591304347826,2.905680533702025,0.6581970470430727,0.5216627387051018,0.02552397514193311,3.8823318757825707,144,0.36,8.43,3.3,107.4,4.985972222222222,61.38055555555555,7.403863636363637,0.4278571428571429,92.40681818181818,3.892857142857143,0.011,3.323,4.216,5.562,4.979,4.581,4.581,7.62,0.3819318181818182,0.11431818181818182,1.6785227272727272,0.2993156798571853,13.457142857142857,-10.411111111111111,37.99586020833333,-91.69069680555556,317.4013888888889,8.423333333333334,27.874444444444446,8.105841789166135
110,2026-07-15,2026-07-15T16:33:00Z,0.033,7.572,131,2.1635,6.325874121508926,6.574307977611961,23.817504504504505,12.848266666666667,28.832475,19.268736263736265,2.0534296388959774,0.5618517724430365,0.5251446854942681,0.03453340588469038,6.325874121508926,131,0.31,9.38,2.9,123.2,3.9027480916030535,49.3412213740458,4.5439639639639635,0.33266666666666667,57.63873873873874,3.16,0.616,2.5195,3.138,3.803,2.15,NA,4.044,NA,1.0788288288288288,NA,5.018288288288288,NA,-25.246666666666666,-33.86666666666667,37.99584427480916,-91.69096786259541,312.94198473282444,9.3675,29.56425,8.89
110,2026-08-18,2026-08-18T14:53:04Z,0.103,8.114,147,0.7090000000000001,2.734422495712532,6.099813778572114,30.060190476190478,13.713368421052632,31.744,24.2885447761194,3.652409859674549,0.8795060592011903,0.6363420794146348,0.04731017177986342,2.734422495712532,147,0.27,8.91,2.5,117.7,4.784761904761905,62.35374149659864,8.455238095238096,0.3236842105263158,112.07142857142857,3.1315789473684212,1.207,3.317,3.949,4.446,2.822,3.664,NA,1.2275132275132274,0.4255555555555556,0.24793650793650793,NA,0.5826184259604624,-75.62631578947368,-90.5,37.99570115646259,-91.69070088435375,312.2115646258503,8.467142857142857,32.063857142857145,8.548718208733959
111,2026-01-22,2026-01-22T10:50:06Z,0.195,8.724,100,NA,NA,NA,NA,NA,NA,NA,NA,NA,NA,1.0594502648623641e-4,8.724,100,12.51,12.8,94.2,95,12.6256,94.568,NA,NA,NA,NA,1.493,4.032500000000001,NA,NA,8.654,3.191,8.654,0.21703296703296704,NA,NA,NA,NA,NA,162.72857142857143,38.1056911,-91.4582006,272.598,12.78,2.88675,8.025028781677847
111,2026-02-27,2026-02-27T12:13:02Z,0.026,11.209666666666667,95,NA,5.24379142839177,5.24379142839177,6.6659375,6.291163120567376,NA,NA,0.01435167674310378,NA,0.002560589385905697,4.2061443991948645e-4,5.24379142839177,95,12.13,12.72,97.06666666666666,104.2,12.598947368421053,102.5021052631579,12.670555555555556,12.525815602836879,103.55694444444444,101.42482269503546,1.3053333333333337,11.1825,NA,NA,11.209666666666667,11.209666666666667,11.209666666666667,0.756286266924565,0.9677083333333334,0.6665972222222222,2.5009027777777777,0.6888410477215643,278.91205673758867,282.1933333333333,38.10592452631579,-91.4580149122807,277.97052631578947,12.645333333333333,6.833333333333333,8.097565261142488
111,2026-03-20,2026-03-20T11:00:24Z,0.055,11.535333333333334,111,2.8586666666666667,3.3911209306979697,3.47703716058683,11.66576923076923,9.314338028169015,12.06958620689655,9.468345528455284,0.22172063037839962,0.12560095566254295,0.038157795196151645,0.006367470462629817,3.3911209306979697,111,9.456666666666669,11.606666666666666,81.86666666666667,108.36666666666667,10.213513513513513,91.03393393393394,11.115897435897436,9.718356807511737,102.48803418803419,84.74976525821596,1.022,3.114,NA,NA,11.535333333333334,1.2653333333333334,1.1886666666666668,3.4886363636363633,0.34273504273504274,1.0573504273504273,3.2875213675213675,3.0850374064837904,258.6488262910798,265.8933333333333,38.105896906906906,-91.45798579579579,274.74024024024027,11.129999999999999,12.488333333333333,8.327486968343244
111,2026-04-06,2026-04-06T09:22:14Z,0.01366666666666666,9.928666666666668,142,7.881166666666667,9.0029915007796,9.928666666666668,15.671964646464646,12.524,15.816777777777778,14.056199999999999,0.4399675776477352,0.20833017936596374,0.08106757359128106,0.011915469972368557,9.0029915007796,142,7.056666666666667,10.676666666666666,66.36666666666667,108.36666666666667,9.866361502347418,99.10140845070423,10.04530303030303,7.056666666666667,101.16515151515152,66.36666666666667,0.01366666666666666,7.596666666666667,NA,NA,2.7363333333333335,0.8160000000000001,1.4316666666666666,8.2315789473684209,0.2358838383838384,1.3383838383838385,3.91510101010101,5.673910716197409,256.4,254.6611111111111,38.10584014084507,-91.45812009389671,273.2525821596244,10.643333333333334,16.061814814814817,8.140128043288442
111,2026-05-06,2026-05-06T11:05:08Z,0.075,9.111666666666666,90,NA,NA,NA,NA,NA,NA,NA,NA,NA,NA,8.515873482446057e-4,9.111666666666666,90,3.1366666666666667,7.07,33.4,76.03333333333333,5.310407407407407,57.001481481481484,NA,NA,NA,NA,0.075,0.13516666666666668,NA,NA,1.178,4.383333333333334,2.198,0.24852071005917162,NA,NA,NA,NA,NA,265.2083333333333,38.105722185185186,-91.45737540740741,272.4359259259259,6.586666666666667,18.859416666666668,7.534188964236512
111,2026-05-26,2026-05-26T11:30:00Z,0.031,8.315,130,4.0215,7.990155017548683,8.152552189591022,20.606048,18.090999999999998,22.31422641509434,19.269077922077923,0.501291251190537,0.13600716154638556,0.11826536872514327,0.007937767981954391,7.990155017548683,130,0.34,9.94,3.6,116.2,5.090923076923077,57.848461538461535,5.27984,0.3566666666666667,60.0064,3.7666666666666666,0.192,3.1775,6.166,7.077,0.347,0.192,0.665,0.47583643122676583,1.26656,0.32032,4.00312,0.25290550783223853,112.33333333333333,112.25,38.10590276923077,-91.45818315384615,272.84076923076924,9.926,23.1118,7.96
111,2026-06-16,2026-06-16T11:24:30Z,0.13,8.602333333333332,148,4.4798333333333336,7.551946956789958,7.6050957387720075,22.610445333333335,17.893650793650792,25.333156250000002,19.254579365079366,0.9844922730567305,0.2070315868151164,0.2274840985032428,0.08165184109564105,7.551946956789958,148,0.04,8.8,0.4,107.86666666666667,3.7430855855855856,45.40112612612612,4.420266666666667,0.06095238095238095,53.632533333333335,0.6476190476190476,0.7643333333333333,1.4913333333333334,4.654,4.8116666666666665,3.205,0.429,3.075,0.25,1.2691466666666666,0.3114133333333333,3.111013333333333,0.24537221860357614,116.52539682539683,115.58809523809524,38.105628671171175,-91.45801686936937,276.14774774774776,8.750833333333333,25.693416666666668,7.975951022346835
111,2026-07-07,2026-07-07T11:04:56Z,0.0255,6.621,112,6.355333333333333,6.455538050869142,6.536847374352271,26.266609567901234,19.569833333333335,26.389130503144653,19.700222222222223,1.5784688507832243,1.2078779792851961,0.47102238186849543,0.08163540182121302,6.455538050869142,112,0.06,7.956666666666667,0.6666666666666666,104.63333333333333,4.179166666666666,54.28095238095238,4.331358024691358,0.07,56.26296296296296,0.7333333333333334,0.5656666666666667,3.8998333333333335,4.228,4.358666666666666,1.4416666666666669,1.4416666666666669,1.6586666666666667,0.9435665914221216,0.8517592592592593,0.577037037037037,2.4938425925925927,0.6774649418415044,-154.10000000000002,-150.82500000000002,38.10586983630952,-91.45821839285715,274.1438988095238,7.9471428571428575,29.67754761904762,7.829837165167947
111,2026-08-04,2026-08-04T11:33:47Z,0.07866666666666666,5.1593333333333335,121,2.282333333333333,2.4305122960960754,2.5435264909796818,27.8345873015873,26.33932075471698,27.86330409356725,26.546072916666667,0.4123262738365838,0.22824207214030084,0.15641088590229135,0.07333504153343141,2.4305122960960754,121,0.25,9.293333333333331,3,118.83333333333334,6.853223140495868,86.85785123966942,8.944444444444445,4.229937106918239,113.97248677248677,52.88616352201258,0.606,4.526999999999999,4.526666666666666,4.575,0.7863333333333333,1.473666666666667,0.6483333333333333,1.149333333333333,1.0902645502645503,1.1206878306878307,4.683068783068783,1.0279044938367465,200.1075471698113,156.75185185185185,38.10591517906336,-91.45793641873279,270.3625344352617,9.193,28.092233333333333,8.128405563788078
111-C2-0042,2026-01-22,2026-01-22T11:17:17Z,0.273,5.139,62,NA,NA,NA,NA,NA,NA,NA,NA,NA,NA,6.928556034050006e-5,5.139,62,12.58,12.78,94.9,96,12.725806451612904,95.3758064516129,NA,NA,NA,NA,0.349,5.1240000000000006,NA,NA,5.139,4.415,5.139,0.18531468531468534,NA,NA,NA,NA,NA,164.82,38.10189177419355,-91.45453741935484,271.64677419354837,12.765,3.429,7.835028781677848
111-C2-0042,2026-02-27,2026-02-27T12:30:57Z,0.02666666666666667,7.534,70,NA,6.540561559320139,6.540561559320139,7.150103825136612,6.37762962962963,NA,NA,0.03282245348361812,NA,0.008713154627984636,6.02419496674984e-4,6.540561559320139,70,11.353333333333332,12.643333333333334,95.1,104.36666666666667,12.502476190476191,103.16619047619048,12.491311475409836,12.578148148148149,103.3295081967213,102.05925925925926,2.884333333333333,3.7696666666666667,NA,NA,7.534,7.534,7.534,0.6735537190082647,0.9189617486338798,0.6549180327868852,2.314808743169399,0.7126717012546827,231.77407407407406,231.975,38.1015869047619,-91.45451242857143,273.74904761904764,11.713333333333333,7.4591666666666665,8.20585490442034
111-C2-0042,2026-03-20,2026-03-20T11:35:34Z,0.033,7.519333333333334,76,4.320833333333333,5.842890596948474,5.950471530937929,11.266551912568307,9.341179487179486,11.773348148148148,9.621591397849462,0.17684785601625208,0.6273804235011231,0.046374680458635735,0.012301098926478318,5.842890596948474,76,9.51,11.456666666666669,82.5,107.6,10.412456140350876,94.44692982456141,10.62415300546448,9.546153846153846,97.1551912568306,83.2948717948718,1.5483333333333331,4.320833333333333,NA,NA,7.519333333333334,1.779,7.519333333333334,2.5921787709497206,0.3413114754098361,0.8243715846994536,2.613551912568306,2.415305795709254,200.96923076923076,202.22,38.10157649122807,-91.45450798245614,274.08728070175437,11.101111111111111,13.198333333333334,8.13667519471774
111-C2-0042,2026-04-06,2026-04-06T09:42:32Z,0.03333333333333333,7.566,82,7.029333333333334,NA,NA,NA,NA,16.039567567567566,15.568999999999999,NA,NA,NA,0.003355611063847111,7.566,82,9.816666666666666,10.69,98.36666666666667,108.6,10.53069105691057,106.72235772357723,NA,NA,NA,NA,0.7946666666666666,7.225666666666667,NA,NA,7.420666666666667,7.420666666666667,7.512666666666667,11.494285714285718,NA,NA,NA,NA,NA,216.83333333333331,38.10151658536585,-91.45448178861788,271.0861788617886,10.572083333333333,16.170666666666666,8.49641583959897
111-C2-0042,2026-05-06,2026-05-06T11:52:33Z,0.094,7.214,141,NA,NA,NA,NA,NA,NA,NA,NA,NA,NA,0.002322361601793415,7.214,141,5.62,6.41,60.3,69.1,5.715106382978723,61.32695035460993,NA,NA,NA,NA,0.094,0.48850000000000005,NA,NA,2.989,4.447,4.413,0.23684210526315788,NA,NA,NA,NA,NA,212.64444444444445,38.10159992907801,-91.45443489361702,276.06808510638297,6.322,19.021,7.572157071745497
111-C2-0042,2026-05-26,2026-05-26T12:04:10Z,0.143,8,146,2.5445,6.661904021555032,6.761983545607438,20.911754098360657,18.707136363636362,22.617368421052632,19.826657407407406,0.4502405486432508,0.16159763513265937,0.11116941440051416,0.009535114349330721,6.661904021555032,146,0.31,10.27,3.3,119.9,4.970410958904109,56.45616438356164,5.844344262295082,0.4959090909090909,66.44918032786886,5.3136363636363635,0.508,2.4379999999999997,5.781,6.616,0.765,8,0.765,0.8571428571428572,1.4050819672131147,0.3187704918032787,4.390409836065574,0.2268696768171742,184.39545454545456,182.51,38.101547191780824,-91.45464534246575,272.5931506849315,10.27,23.0165,7.99
111-C2-0042,2026-07-07,2026-07-07T11:24:33Z,0.101,5.273,113,4.397666666666667,4.503925134223686,5.273,28.555770833333334,22.719333333333335,28.676032258064517,23.983083333333333,1.5295622906381823,0.6470191901542581,0.5063036538332125,0.03320495178946313,4.503925134223686,113,0.11,8.263333333333334,1.3,108.76666666666668,4.92929203539823,64.19351032448378,5.77625,0.11,75.253125,1.3,0.914,1.7345000000000002,4.0713333333333335,4.1899999999999995,1.7816666666666667,1.334666666666667,1.1856666666666666,0.9253333333333333,0.9727083333333333,0.6599652777777778,2.934826388888889,0.6784821874776897,-92.23333333333332,-73.68974358974359,38.101774837758114,-91.45449457227139,272.75162241887904,8.19047619047619,29.773333333333333,7.966254352098303
111-C2-0042,2026-08-04,2026-08-04T12:14:30Z,0.067,5.165333333333334,117,4.576833333333333,4.899476324406899,5.165333333333334,26.87929203539823,23.835,27.041238993710692,24.26809090909091,0.7903218757871855,0.3075267679668672,0.2910308149717155,0.018465326843508205,4.899476324406899,117,0.19666666666666668,9.576666666666666,2.333333333333333,122.26666666666668,5.436581196581197,68.8980056980057,5.621474926253687,0.19666666666666668,71.24719764011799,2.333333333333333,1.1926666666666668,2.0328333333333335,4.030666666666667,4.177666666666667,1.0253333333333334,1.893,1.145333333333333,1.0872817955112217,0.8132153392330383,0.6314454277286136,3.0966076696165192,0.7764799767846778,-4.333333333333334,46.35925925925926,38.10165279202279,-91.45447937321937,271.2401709401709,9.151515151515152,28.63030303030303,8.202101677281556
111-C5-0095,2026-01-22,2026-01-22T11:42:56Z,0.079,3.477,48,NA,NA,NA,NA,NA,NA,NA,NA,NA,NA,8.665347155249242e-5,3.477,48,12.81,12.87,96.6,97.4,12.850416666666666,96.81875,NA,NA,NA,NA,3.477,3.1305,NA,NA,3.324,3.324,3.477,0.21600000000000003,NA,NA,NA,NA,NA,190.23333333333332,38.09285833333333,-91.45675020833333,269.3833333333333,12.81,3.57225,7.767521503776607
111-C5-0095,2026-02-27,2026-02-27T12:45:52Z,0.036,3.773,82,NA,0.08420917927535973,0.08420917927535973,7.1515,6.536625,NA,NA,0.026851158871750158,NA,0.01423332036668442,9.84116996603432e-4,0.08420917927535973,82,11.85,12.33,97,100.6,12.226829268292683,99.65,11.855,12.236125,98.1,99.68875,2.072,3.6675,NA,NA,3.773,2.753,3.773,0.5944055944055944,0.34,0.24,1.3849999999999998,0.7058823529411764,211.325,216.55454545454546,38.092939146341465,-91.4568593902439,272.74634146341464,12.0125,6.925,8.2695566425225
111-C5-0095,2026-03-20,2026-03-20T12:05:23Z,0.026,3.782,64,0.4595,3.166102578677743,3.267292186059601,11.35222641509434,10.085777777777778,12.606857142857143,10.961526315789474,0.12330990930911412,0.18555123191634118,0.06350959998178028,0.0073986432943077595,3.166102578677743,64,10.13,11.19,89.8,102.6,10.7596875,97.996875,10.862641509433962,10.246666666666666,99.39811320754717,91.0111111111111,0.944,2.777,NA,NA,1.091,1.091,1.213,2,0.3122641509433962,0.5862264150943396,2.361509433962264,1.8773413897280966,172.4111111111111,172.4111111111111,38.09291015625,-91.45684875,275.7015625,10.73,12.542375,8.142579566053932
111-C5-0095,2026-04-06,2026-04-06T09:57:50Z,0.020333333333333332,3.913333333333333,54,NA,NA,NA,NA,NA,NA,NA,NA,NA,NA,0.00222307385970988,3.913333333333333,54,10.23,11.1,103.26666666666668,113.4,10.78679012345679,109.46296296296296,NA,NA,NA,NA,0.020333333333333332,3.8861666666666665,NA,NA,3.527,1.496,3.805,3.402555910543131,NA,NA,NA,NA,NA,210.51999999999998,38.09304765432099,-91.45664271604939,271.3024691358025,11.067142857142859,16.354,8.568769776881634
111-C5-0095,2026-05-06,2026-05-06T12:24:00Z,0.086,4.741,73,4.62,NA,NA,NA,NA,18.684492957746478,18.1175,NA,NA,NA,0.003917861419143527,4.741,73,5.87,6.72,62.2,72.5,6.282602739726028,67.30958904109589,NA,NA,NA,NA,0.086,4.62,NA,NA,3.926,2.004,3.461,0.21686746987951808,NA,NA,NA,NA,NA,167.38571428571427,38.09296876712329,-91.45670849315069,266.63698630136986,6.658,19.0276,7.6140276728970475
111-C5-0095,2026-05-26,2026-05-26T12:37:59Z,0.165,3.541,61,3.255,2.791939519146572,3.541,22.960644444444444,21.097,22.832309090909092,21.326166666666666,0.42333182927529833,0.44388829545970304,0.19735471383894537,0.010890791051451831,2.791939519146572,61,7.08,10.07,79.6,117.8,9.42967213114754,109.41147540983606,9.785555555555556,7.08,114.04888888888888,79.6,0.701,3.3609999999999998,NA,NA,3.081,0.992,2.733,0.36395759717314485,2.3857777777777778,0.5486666666666666,7.833777777777778,0.22997391952309984,125.9,125.33,38.092909508196726,-91.45686770491804,272.4016393442623,9.843333333333334,23.532333333333334,8.036692185116049
111-C5-0095,2026-07-07,2026-07-07T11:43:16Z,0.11733333333333332,4.395333333333333,101,4.138166666666667,4.128043185379092,4.143752262543083,29.44238827838828,28.032958333333333,29.429394927536233,28.02148148148148,0.4096568959317892,10.04387719347518,0.18574153581334638,0.09890689751041472,4.128043185379092,101,1.4,8.42,17.966666666666665,111.96666666666668,5.802046204620462,76.33960396039605,6.209157509157509,1.9770833333333333,81.78168498168499,25.270833333333332,1.2566666666666666,4.126833333333334,4.12,NA,2.505666666666667,1.9666666666666663,1.9666666666666663,0.7447306791569088,0.9620879120879121,0.6253113553113553,2.960989010989011,0.649952408147725,-0.029166666666667673,2.733333333333333,38.093036534653464,-91.45686475247525,271.7976897689769,8.35,30.28542857142857,7.935742449135815
111-C5-0095,2026-08-04,2026-08-04T12:28:07Z,0.002,2.961666666666667,68,0.26716666666666666,1.8622130712773106,1.9095062449097973,27.0571007751938,26.538246376811593,27.728055555555557,26.787010752688172,0.14170525661984357,0.3128500919947109,0.09418886534939937,0.014856764797225966,1.8622130712773106,68,4.136666666666667,8.88,51.333333333333336,111.9,6.804754901960784,85.34019607843138,7.967984496124031,4.7330434782608695,100.17054263565892,58.93478260869565,0.37933333333333336,1.4315,NA,NA,0.422,0.422,0.422,0.8136272545090181,1.1925581395348839,0.994108527131783,4.731937984496124,0.8335933437337493,106.30869565217391,104.74,38.092982107843135,-91.45683622549019,268.2313725490196,8.622121212121213,27.503969696969698,8.007254798956112
111-C8-0182,2026-01-22,2026-01-22T11:59:27Z,0.154,0.994,11,NA,NA,NA,NA,NA,NA,NA,NA,NA,NA,2.8898675122954225e-4,0.994,11,13.07,13.39,97.7,101,13.158181818181818,98.55454545454546,NA,NA,NA,NA,0.994,0.86,NA,NA,0.994,0.994,0.966,0.32,NA,NA,NA,NA,NA,150.575,38.08269,-91.44733,271.9727272727273,13.07,3.216666666666667,7.9
111-C8-0182,2026-02-27,2026-02-27T13:02:46Z,0.01,0.778,14,NA,NA,NA,NA,NA,NA,NA,NA,NA,NA,0.002021830363136834,0.778,14,11.23,12.41,98.6,107.6,12.05857142857143,104.85,NA,NA,NA,NA,0.778,0.7475,NA,NA,0.515,0.676,0.778,0.8666666666666667,NA,NA,NA,NA,NA,215.95454545454544,38.082232857142856,-91.44701,277.35714285714283,11.852500000000001,9.246875,8.32404048812873
111-C8-0182,2026-03-20,2026-03-20T12:32:58Z,0.045,1.102,21,0.7025,NA,NA,NA,NA,12.065666666666667,11.539555555555555,NA,NA,NA,0.003166809732054791,1.102,21,10.36,10.4,94.8,96.9,10.386666666666667,96.11904761904762,NA,NA,NA,NA,0.045,0.7025,NA,NA,1.102,1.102,1.102,1.3366336633663367,NA,NA,NA,NA,NA,179.63636363636363,38.08214952380953,-91.44713238095238,274.70952380952383,10.39125,12.1015,7.74630596158919
111-C8-0182,2026-04-06,2026-04-06T10:15:32Z,0.008,1.348,29,NA,NA,NA,NA,NA,NA,NA,NA,NA,NA,0.0013025810538150543,1.348,29,9.95,10.2,98.9,101.2,10.159655172413792,100.69310344827586,NA,NA,NA,NA,0.827,0.3035,NA,NA,1.348,1.348,1.285,3.1797752808988764,NA,NA,NA,NA,NA,185.4090909090909,38.08223551724138,-91.44702310344827,269.3344827586207,10.11375,14.984625,8.18031921479738
111-C8-0182,2026-05-06,2026-05-06T12:50:46Z,0.021,1.065,15,0.798,NA,NA,NA,NA,17.648083333333332,17.048000000000002,NA,NA,NA,0.0049622795523322,1.065,15,6.63,6.67,68.8,70,6.658666666666667,69.69333333333333,NA,NA,NA,NA,0.021,0.0415,NA,NA,0.186,0.44,0.374,0.1981132075471698,NA,NA,NA,NA,NA,172.1,38.082239333333334,-91.447154,271.68,6.667777777777777,17.700555555555557,7.565659151869971
111-C8-0182,2026-05-26,2026-05-26T13:05:25Z,0.095,1.056,14,0.473,0.18517664144440482,1.056,23.894,22.741,23.808999999999997,23.14125,0.276725271499231,0.32020837323466234,0.2872347070845898,0.00518498209971932,0.18517664144440482,14,9.59,10.03,111.4,118.9,9.915714285714285,116.64285714285714,10.004999999999999,9.59,118.6,111.4,0.201,0.9470000000000001,NA,NA,0.912,0.201,1.056,0.38023952095808383,2.5599999999999996,0.915,8.29,0.35742187500000006,128.2,128.23333333333332,38.08228,-91.44712,273.4785714285714,10.02,23.767857142857142,7.770130813607779
111-C8-0182,2026-07-07,2026-07-07T11:56:17Z,0.119,0.888,15,0.35350000000000004,NA,NA,NA,NA,30.6142,30.4056,NA,NA,NA,0.0055226495452212546,0.888,15,8.51,8.58,113,114.6,8.564,114.25999999999999,NA,NA,NA,NA,0.199,0.8645,NA,NA,0.888,0.841,0.888,0.7666666666666666,NA,NA,NA,NA,NA,26.61111111111111,38.082198,-91.44717666666666,270.8466666666667,8.573333333333334,30.567777777777778,7.908976552271005
111-C8-0182,2026-08-04,2026-08-04T12:41:06Z,0.046,0.718,17,0.182,0.5031158637747847,0.718,27.647,26.844,28.230999999999998,27.229,0.22260376649194313,0.43076020432676904,0.47723775729037055,0.016299882698522755,0.5031158637747847,17,8.84,9.31,110.7,117.6,9.128235294117648,115.50588235294117,9.183636363636364,8.84,116.7090909090909,110.7,0.343,0.703,NA,NA,0.619,0.343,0.549,0.665137614678899,1.6790909090909092,0.9672727272727273,5.286363636363636,0.5760693015701137,113.9,111.48461538461538,38.082221764705885,-91.44714411764706,270.9823529411765,9.183636363636364,27.647,7.945054620701999
112,2026-01-23,2026-01-23T13:00:31Z,0.058,12.26,209,NA,NA,NA,NA,NA,NA,NA,NA,NA,NA,8.860037638598391e-7,12.26,209,12.14,12.29,92.9,94.1,12.173811802232855,93.15438596491228,NA,NA,NA,NA,0.058,0.30933333333333335,NA,NA,12.075333333333331,12.26,12.26,-0.8333333333333333,NA,NA,NA,NA,NA,226.20833333333334,37.89784355661882,-90.64315181818182,270.44609250398724,12.281111111111109,4.0905555555555555,8.05
112,2026-02-26,2026-02-26T11:22:25Z,0.0385,14.347,126,NA,0.06708333333333333,0.06708333333333333,6.7365,5.819517333333334,NA,NA,0.032374185155845225,NA,0.0045130250443779505,5.593733298677658e-4,0.06708333333333333,126,11.265,12.823333333333334,92.25,102.66666666666669,12.667949735449735,101.39060846560847,11.265,12.679173333333333,92.25,101.46373333333334,4.2219999999999995,14.323,NA,NA,14.347,14.347,14.299,0.8377088305489261,0.065,0.08499999999999999,0.5700000000000001,1.3076923076923075,273.0946666666667,277.525,37.898059894179895,-90.6432742063492,273.9568783068783,11.449444444444444,6.632277777777778,8.280263349272696
112,2026-03-12,2026-03-12T12:03:05Z,0.003,16.503,221,3.7126666666666663,3.589359879044787,4.1388069811262955,12.460205673758866,6.648045908183633,12.449569444444444,6.748558766859345,0.4726563678156026,0.5567058510767723,0.05543560580908153,0.014800127766293998,3.589359879044787,221,10.263333333333334,11.486666666666666,87,104.23333333333332,11.020165912518854,92.99426847662141,10.51241134751773,11.18251497005988,98.63687943262411,91.38602794411177,0.003,0.025,NA,NA,16.421333333333333,16.421333333333333,16.421333333333333,0.4390243902439024,0.6743971631205674,0.19907801418439716,-5.172553191489362,0.29519402671153644,181.24111776447106,187.8111111111111,37.89815110105581,-90.64212612368024,273.4972850678733,10.881666666666668,12.685166666666667,8.197262394010075
112,2026-04-15,2026-04-15T12:36:59Z,0.001,11.818333333333332,178,5.711166666666667,6.176229827810152,6.325169905552422,17.800886666666667,8.268991111111111,18.222161290322582,8.685788235294117,1.198378850123163,0.5678349445927084,0.20027600422567005,0.02951450909860857,6.176229827810152,178,6.7,9.69,55.2,101,8.932958801498128,86.86385767790263,9.417333333333334,8.260311111111111,99.14866666666667,70.47911111111111,1.5753333333333337,5.626666666666667,NA,NA,2.1983333333333333,11.124666666666666,8.166666666666668,1.588235294117647,0.08316666666666667,-0.03743333333333333,0.6378666666666667,-0.45010020040080156,197.49555555555554,209.14666666666665,37.89817024344569,-90.64284009363296,272.52322097378277,9.30952380952381,19.062714285714286,8.066000055709557
112,2026-05-15,2026-05-15T13:37:08Z,0.09866666666666668,15.274,131,5.347333333333333,7.636415028381861,7.856524548958811,18.211209523809522,7.769468926553673,20.575,9.622325581395348,1.3044851547061853,0.22095939302800405,0.16838465650107404,0.010562133556572364,7.636415028381861,131,1.5333333333333334,11.65,12.7,108.86666666666667,7.6603053435114505,76.18269720101782,9.999095238095238,4.793559322033898,105.68666666666667,40.632768361581924,4.925666666666666,7.578666666666667,14.584,NA,7.142666666666667,15.274,7.335333333333334,0.4661354581673307,0.3036190476190476,0.12676190476190477,1.141952380952381,0.41750313676286077,199.0723163841808,205.65555555555557,37.89815798982188,-90.64216025445293,271.9872773536896,9.083333333333332,21.2085,8.42
112,2026-06-02,2026-06-02T11:09:43Z,0.07433333333333333,12.42,109,4.526166666666667,8.120219560414878,8.343179760439476,20.297803652968035,8.34150505050505,24.353758333333335,11.767415458937199,1.6833728726960544,0.18218388412062686,0.26629410297325445,0.016365885079802987,8.120219560414878,109,1.9233333333333331,10.543333333333331,16.1,103.33333333333331,7.4817125382263,78.62935779816513,8.80013698630137,4.515151515151515,97.01415525114155,38.67777777777778,2.2636666666666665,7.285333333333334,12.42,NA,7.27,10.532666666666668,7.013,0.29457364341085274,0.15963470319634704,0.006027397260273974,1.2177625570776256,0.03775743707093822,214.21818181818182,218.2111111111111,37.8985944648318,-90.64282525993885,272.1250764525994,8.423333333333332,25.440333333333335,8.284464367341988
112,2026-07-14,2026-07-14T10:23:01Z,0.026,11.066666666666666,70,5.203833333333334,4.435039849223948,9.497096157741327,28.651212121212122,9.159428571428572,28.455649122807017,15.0993125,3.719866672329772,0.6895809348655936,0.4612723125139204,0.019334999035684187,4.435039849223948,70,2.913333333333333,8.91,24.96666666666667,101.3,7.436619047619048,87.09809523809524,7.804747474747475,4.019523809523809,100.92121212121212,35.00952380952381,0.026,8.2375,NA,NA,6.6803333333333335,NA,11.066666666666666,NA,-0.1006060606060606,NA,-0.1087878787878788,NA,179.84285714285716,181.20000000000002,37.89799266666667,-90.6431000952381,273.6142857142857,7.8149999999999995,28.775833333333335,8.45
112,2026-08-04,2026-08-04T11:23:53Z,0.0065,10.726333333333333,81,6.312833333333334,8.667707851398571,9.227656640746746,24.6157601010101,10.047694444444444,27.494391156462584,13.535020833333332,2.5510128787699387,0.28872963005354463,0.452055486659028,0.030027135434697125,8.667707851398571,81,1.66,8.23,14.466666666666669,104.13333333333333,6.82917695473251,80.85020576131687,7.671565656565656,2.721111111111111,92.82777777777778,24.26388888888889,0.05766666666666666,8.628,10.460666666666668,NA,6.766333333333333,4.261666666666667,6.893666666666666,0.9423076923076923,0.16446969696969696,0.16573232323232323,0.07032828282828284,1.0076769537847383,133.22222222222223,135.15,37.898093868312756,-90.64274942386832,268.8384773662551,8.086666666666666,28.3727,8.227340492195937
113,2026-05-26,2026-05-26T15:25:38Z,0.01,5.064,126,0.323,4.90146299002243,4.997831394029204,20.84074380165289,18.978,23.89425,20.556237288135595,0.38241028476772954,0.36440558034023207,0.1482104589551423,0.01813342470687598,4.90146299002243,126,0.45,13.79,4.9,164.3,5.92531746031746,67.65714285714286,6.149669421487603,0.46499999999999997,70.23140495867769,5.050000000000001,0.01,0.437,3.888,4.52,0.133,0.374,0.981,0.4775086505190311,1.3753719008264462,0.48421487603305785,6.758264462809917,0.35206105035452473,219.4,218.56153846153848,38.935563412698414,-93.58237404761904,211.6626984126984,13.472142857142856,23.6185,8.89279807234692
113,2026-06-16,2026-06-16T12:49:44Z,0.045,6.088,105,4.584,5.28474301955058,5.870241602475212,25.631532608695654,19.456833333333332,25.998107142857144,20.446142857142856,1.4327502717429752,0.3158116557370602,0.4293850531140979,0.013042763678534066,5.28474301955058,105,0.79,10.97,8.6,136.4,8.197619047619048,101.0247619047619,9.201521739130435,0.91,113.6086956521739,9.9,0.461,3.7990000000000004,4.98,5.965,1.663,0.776,1.663,0.4106776180698152,3.4116304347826087,1.3755434782608695,12.21304347826087,0.40319240449867777,70.98333333333333,113.80909090909091,38.934520285714285,-93.58182657142856,211.31428571428572,10.953636363636363,26.467545454545455,8.721835392214995
113,2026-07-07,2026-07-07T11:04:12Z,0.081,6.197,114,4.7475000000000005,6.076081520035524,6.147343188741124,27.06950909090909,20.168,28.229844444444446,21.573291666666666,1.6742266350386217,0.6217852950195866,0.5341916861566982,0.0337984153926025,6.076081520035524,114,0.19,10.29,2.1,135.8,3.9814035087719297,52.20263157894737,4.1191818181818185,0.19,54.02363636363636,2.1,0.691,1.9375,2.827,3.145,0.691,1.55,2.111,1.2075471698113207,1.0327272727272727,1.1523636363636365,5.412636363636364,1.1158450704225353,-125.8,-120.88888888888889,38.93467526315789,-93.58202903508771,211.6298245614035,9.981428571428571,30.49942857142857,8.862913392494287
113,2026-07-28,2026-07-28T11:18:40Z,0.007,6.358,110,2.247,2.779233213177001,6.243373764974577,30.067351851851853,19.718333333333334,30.59246511627907,24.195507462686567,2.633395166266382,0.5492137808054325,0.5362161440022232,0.02893075021477109,2.779233213177001,110,0.35,9.59,3.8,128.6,4.4274545454545455,58.49727272727273,8.221851851851852,0.35666666666666663,109.51851851851852,3.9,0.485,2.107,2.929,3.573,0.948,2.423,0.151,0.631004366812227,3.8387037037037035,2.4807407407407407,10.533888888888889,0.6462443919147088,-125.73333333333333,-124.54285714285714,38.93447772727273,-93.58211772727273,211.51909090909092,9.582,30.7592,8.946027588070905
114,2026-06-15,2026-06-15T12:00:17Z,0.12533333333333332,8.994333333333334,126,4.740833333333333,8.776893504598672,8.888467564382816,21.371214876033058,14.596333333333334,23.445385542168676,16.582131782945737,1.2474083860396377,0.14939615062848963,0.27397783267211057,0.011251610223687676,8.776893504598672,126,0.05,10.283333333333331,0.4,123.8,4.392936507936508,52.22804232804233,4.572396694214876,0.05,54.367768595041326,0.41111111111111115,0.6943333333333334,2.5963333333333334,3.875,4.283,0.3353333333333333,0.919,0.919,0.4669291338582676,1.7435537190082644,0.945702479338843,7.339752066115702,0.5423993932786653,113.03333333333333,113.27916666666667,40.00640947089947,-91.97543587301587,213.15740740740742,10.121904761904762,24.70661904761905,8.601918922426686
114,2026-07-01,2026-07-01T14:55:21Z,0.007,8.98,126,0.4155,6.385956795269627,7.510544874186299,24.693787234042553,14.911842105263158,30.130857142857142,21.912865546218487,1.988632837836576,0.37239136734831685,0.39360987747454634,0.021432004927303912,6.385956795269627,126,0.34,13.45,3.4,173.4,5.411587301587302,68.40079365079364,7.10436170212766,0.3910526315789474,90.17659574468085,3.8842105263157896,0.864,2.032,3.932,4.869,0.796,0.796,0.769,0.6077235772357724,1.9308510638297873,1.2721276595744682,10.443617021276596,0.6588429752066116,-129.78947368421052,-135.13333333333333,40.00653246031746,-91.97530555555555,209.23333333333335,13.01,30.026375,9.37766360135702
114,2026-07-22,2026-07-22T12:24:08Z,0.05,7.196,84,3.351,4.1133327035323,4.912329736512948,28.98230357142857,18.3487,29.822255319148937,20.611405405405407,2.578898695263206,0.6514292976399663,0.6451281181530986,0.09025306426361668,4.1133327035323,84,0.77,8.64,7.8,114.6,5.4695238095238095,70.7547619047619,7.529642857142857,1.047,98.67142857142858,11.25,0.85,3.4885,4.648,5.962,0.398,2.094,0.893,1.567307692307692,1.5007142857142857,2.1551785714285714,8.5575,1.4361018562589243,-110.815,-110.425,40.006495,-91.97533035714285,207.4904761904762,8.62,30.1605,9.035028781677847
114,2026-08-12,2026-08-12T15:14:40Z,0.027,8.457,177,7.080500000000001,7.358639345111531,7.528543131997612,23.91477922077922,15.480631578947369,24.181422818791948,15.628607142857144,1.7071892012717171,0.28891502376868833,0.39578259905178204,0.021155803946017876,7.358639345111531,177,0.16,9.81,1.6,126.4,3.0663841807909606,38.829378531073445,3.4974025974025973,0.1768421052631579,44.358441558441555,1.768421052631579,0.271,2.0620000000000003,2.763,3.18,8.408,8.408,0.759,1.8846153846153846,1.0307142857142857,1.699025974025974,6.020649350649351,1.6483966483966486,-107.52631578947368,-108.20833333333333,40.00657406779661,-91.97584638418078,209.40395480225988,9.799090909090909,28.496636363636362,8.979100364366339
115,2026-06-04,2026-06-04T10:37:38Z,0.145,5.355,86,3.593,4.602713826705323,4.80653995330953,23.92288157894737,19.934857142857144,24.75671186440678,20.64477777777778,0.9014392818318129,0.1864698396891042,0.3243272091269697,0.018448454536533217,4.602713826705323,86,0.24,9.29,2.6,113.7,5.217558139534884,63.061627906976746,5.86328947368421,0.29285714285714287,70.91315789473684,3.2142857142857144,0.484,2.3615000000000004,3.567,3.815,2.194,3.042,3.522,0.40211640211640215,1.2227631578947369,0.3448684210526316,5.925394736842105,0.28204024534595934,-54.58571428571429,-57.083333333333336,39.708780581395345,-91.86200686046512,212.25,9.274,25.6168,8.598018335884987
115,2026-06-22,2026-06-22T10:29:17Z,0.033,6.051,89,5.4135,5.5541988625622185,6.051,23.898678571428572,19.43,24.01220987654321,20.282875,0.9979383254615186,0.5880597130217242,0.30481632062882763,0.01885622659534552,5.5541988625622185,89,0.52,5.94,5.7,70.9,4.328539325842697,51.57303370786517,4.55202380952381,0.52,54.26547619047619,5.7,0.033,3.5665,4.519,5.071,1.309,1.853,2.413,0.29032258064516125,1.8451190476190475,0.4136904761904762,6.4275,0.22420801342022068,-26.2,-11.4,39.70813,-91.86236539325843,209.8056179775281,5.927142857142857,24.263428571428573,7.45
115,2026-07-13,2026-07-13T10:25:00Z,0.009,6.552,97,3.7135,5.474278269696448,6.415747890921445,27.146905882352943,18.858999999999998,28.811862068965517,22.363923076923076,1.958849780973651,0.3935998142723398,0.5228151657345153,0.03012434756209859,5.474278269696448,97,0.42,9.54,4.5,124.6,4.912680412371134,63.62061855670103,5.541411764705883,0.42666666666666664,71.89294117647059,4.566666666666666,0.4,2.5164999999999997,3.655,4.194,2.593,NA,3.462,NA,1.295294117647059,NA,4.311529411764706,NA,-128.76666666666668,-129.36,39.70831505154639,-91.8618081443299,208.04742268041238,9.447777777777778,29.691111111111113,9.01447289505772
115,2026-08-03,2026-08-03T10:46:55Z,0.037,6.347,115,5.2705,4.447042582989268,6.155183408785161,26.33998947368421,19.427666666666667,26.171203883495146,20.53783333333333,1.6267468238071388,0.7790655930377126,0.4039027644551223,0.012214214866931911,4.447042582989268,115,0.45,9.39,4.9,118.4,5.260434782608695,65.43652173913044,6.230842105263158,0.46,77.62315789473685,5.033333333333333,0.037,1.409,3.92,4.602,0.404,0.81,0.379,1.1586206896551725,1.8303157894736841,1.8106315789473684,6.589052631578947,0.989245456636761,-84.53333333333333,-81.61666666666667,39.70843895652174,-91.86216460869565,206.50434782608696,9.35,27.0821,8.738018335884988
117,2026-05-22,2026-05-22T09:59:21Z,0.068,7.475,91,6.9585,7.185127544121918,7.344807485768769,19.681058823529412,17.224,19.787333333333333,17.380200000000002,0.46600958071235254,0.19937961533216736,0.12207704429632743,0.013707799383815125,7.185127544121918,91,0.65,7.94,6.8,89.1,4.495054945054945,49.472527472527474,4.761882352941177,0.6733333333333333,52.43764705882353,7.033333333333333,0.068,2.2255000000000003,6.353,6.942,0.068,0.068,0.178,0.24124513618677043,0.8812941176470588,0.22623529411764706,2.602,0.25670804965959154,-37.800000000000004,-17.98,38.90628472527472,-92.12252571428571,251.13406593406594,7.94,20.976666666666667,7.74
117,2026-06-24,2026-06-24T11:07:33Z,0.2195,7.205,117,4.968999999999999,5.613751295397726,5.874194213355227,23.19295019157088,17.996902777777777,23.94703703703704,18.625392592592593,1.1028937881360434,0.40500400673526477,0.2954664044066627,0.0360491528864226,5.613751295397726,117,0.05,9.876666666666669,0.5,119.9,2.8974928774928776,34.724074074074075,3.867241379310345,0.07569444444444445,46.388697318007665,0.7958333333333334,0.45466666666666666,0.7923333333333333,3.3716666666666666,3.954666666666667,0.5996666666666667,0.5996666666666667,0.6223333333333333,0.5401730531520395,2.5257088122605365,1.3288122605363986,5.6689655172413795,0.5261145917082569,-131.5625,-140.23333333333332,38.90606720797721,-92.12276612535612,251.99643874643874,9.798333333333332,25.4045,8.554789460912353
117,2026-07-13,2026-07-13T11:33:55Z,0.012,6.836,130,3.1825,3.7134906885566945,4.802759045185683,28.031314285714284,18.371868421052632,28.607933333333335,20.343742857142857,2.300067512902615,0.6318358643369572,0.5804390234883978,0.12563751834518486,3.7134906885566945,130,0.26,10.11,2.7,133.1,3.7878461538461536,48.56076923076923,6.607142857142857,0.3505263157894737,85.42857142857143,3.7526315789473683,0.1,1.8940000000000001,3.364,3.816,1.491,1.982,0.1,0.5657894736842105,2.7848571428571427,1.503,1.2432857142857143,0.5397045244690674,-106.97368421052632,-117.99000000000001,38.906080153846155,-92.12272915384615,254.58153846153846,10.0775,29.728625,8.65
117,2026-08-06,2026-08-06T13:54:16Z,0.491,8.317,161,6.6805,7.9517556045587545,8.117875452745233,24.320529411764706,17.9758,24.993714285714287,19.329892857142855,1.3822629554854302,0.25807052992376955,0.3258855185880536,0.028529943958391542,7.9517556045587545,161,0.29,5.71,3.1,70.1,3.1604347826086956,38.32111801242236,3.3087581699346407,0.31,40.145751633986926,3.28,0.491,5.2895,4.074,7.253,2.761,1.025,2.862,1.9902439024390246,1.2626797385620916,2.585751633986928,7.9249673202614375,2.0478285625549972,-103.08,-97.03636363636363,38.906189751552795,-92.12277894409938,248.83167701863354,5.71,25.772,7.45
121,2026-05-27,2026-05-27T07:56:58Z,0.208,4.136,94,1.541,2.9875337141303255,3.1002148209366447,22.583,20.078076923076924,24.14182142857143,20.839954545454546,0.5511643402402342,0.30117867201628945,0.2594519693922322,0.02483234553411173,2.9875337141303255,94,1.74,12.57,19.1,149.9,7.665106382978723,88.95,9.665076923076922,3.0573076923076923,112.94307692307693,33.75769230769231,0.855,1.7185000000000001,4.048,NA,1.525,0.268,1.641,0.3346153846153846,2.1084615384615386,0.5189230769230769,9.564923076923076,0.24611455673112,220.71153846153845,221.44615384615383,39.062079361702125,-93.67008329787234,227.13617021276596,12.533333333333333,24.210333333333335,8.87
121,2026-06-16,2026-06-16T16:30:48Z,0.036,4.693,87,1.1749999999999998,3.514199819028817,3.7376222474634884,26.677558823529413,24.590666666666667,27.823,25.758432835820894,0.5472997869853771,0.2881301566059655,0.2226414816676486,0.011741437816904633,3.514199819028817,87,2.71,12.03,32.5,153.8,8.419885057471264,105.07471264367815,9.696176470588235,3.49,121.47647058823529,41.96666666666667,0.166,1.1749999999999998,NA,NA,0.036,0.142,0.036,0.3101604278074866,1.7254411764705881,0.44029411764705884,7.01985294117647,0.255177703912043,156.93333333333334,158.28333333333333,39.06181620689655,-93.6704927586207,226.79080459770114,12.02111111111111,27.966444444444445,8.69340975629221
121,2026-07-16,2026-07-16T11:42:29Z,0.006,4.7170000000000005,109,3.756333333333333,4.488198350220545,4.7170000000000005,29.562650485436894,25.332,30.11807142857143,26.73994666666667,1.1800898477576993,0.7732745674131037,0.4772087242157485,0.04406950924936122,4.488198350220545,109,0.13,15.39,1.6,207.63333333333333,6.033425076452599,80.99418960244648,6.376796116504854,0.14,85.61326860841424,1.6666666666666667,0.832,1.9533333333333336,2.900333333333333,3.183,0.7653333333333333,0.7653333333333333,0.7653333333333333,0.4541577825159915,1.6275404530744337,0.6006148867313916,6.978478964401295,0.369032232407389,-97.86666666666667,-11.924242424242424,39.061911804281344,-93.66955418960245,224.32844036697247,13.63962962962963,31.662259259259258,8.619932697374615
121,2026-07-28,2026-07-28T14:17:14Z,0,4.392,55,0.8785000000000001,2.84601031551751,3.8257758537416096,30.326205128205128,27.3756,31.3273,29.265133333333335,0.8604486473872157,0.37987097099758826,0.3203597183326356,0.010910293293926725,2.84601031551751,55,1.03,10.35,13,139.8,6.519090909090909,86.78363636363636,8.37974358974359,1.186,111.94102564102565,15.02,0.729,1.407,3.476,NA,1.576,0.997,1.441,0.21613832853025935,5.295641025641026,0.9558974358974359,10.502820512820513,0.18050646395196823,98.48,92.525,39.06199690909091,-93.67006509090909,223.87636363636364,10.177999999999999,31.505,8.72
133,2026-06-09,2026-06-09T16:53:20Z,0.094,9.241,159,2.9245,8.275350507897029,8.419897726093684,22.51236054421769,15.997,27.05732075471698,19.516849056603775,1.2898068552792665,0.32719889747656256,0.2748495799538668,0.027597858883948806,8.275350507897029,159,0.29,11.61,2.9,142,6.1644654088050315,74.59245283018868,6.640544217687075,0.32,80.40680272108844,3.2333333333333334,2.911,3.628,6.239,6.816,3.345,7.091,3.345,0.16595744680851063,0.8195918367346938,0.14761904761904762,2.8160544217687073,0.1801128818061089,219,219.12,40.17093748427673,-92.65681647798742,240.59937106918238,10.471666666666668,28.281,8.643358982687998
133,2026-07-01,2026-07-01T07:21:54Z,0.095,9.169,110,3.3005,8.61726045464943,9.169,23.13932380952381,15.48,26.443875,19.989919354838708,1.5195762112783768,0.1879469781107744,0.3126462146607333,0.014270184153306793,8.61726045464943,110,0.4,7.29,4,90.9,4.159727272727273,50.79636363636364,4.338190476190476,0.4,53.016190476190474,4,0.095,3.3005,5.008,6.192,1.672,3.508,1.626,0.3857142857142858,0.4247619047619048,0.09638095238095239,1.8545714285714285,0.22690582959641256,14.2,20.15,40.17101918181818,-92.65716654545454,240.52545454545455,7.28,26.622500000000002,8.027521503776606
133,2026-07-21,2026-07-21T17:36:54Z,0.048,12.447,177,3.8865,5.188375701537391,7.558619239050837,29.225084337349397,15.105137931034482,30.780587301587303,17.977263157894736,3.2031514886032255,0.3529808137569775,0.43235457127955956,0.03356147567724856,5.188375701537391,177,0.27,9.12,2.6,123.2,3.8124293785310734,49.909604519774014,7.526144578313253,0.3660344827586207,100.07831325301204,3.656896551724138,1.312,3.8280000000000003,4.814,5.696,12.447,12.447,4.991,2.426829268292683,0.47036144578313255,0.8048192771084337,3.1906024096385543,1.7110655737704916,-73.79655172413793,-92.34285714285714,40.171013389830506,-92.65660310734464,240.64406779661016,9.0975,31.13225,8.657521503776607
133,2026-08-17,2026-08-17T10:57:53Z,0.077,11.82,193,5.5115,11.315620659217487,11.480036863018189,23.117860215053764,13.94675,27.110121495327103,17.413244186046512,1.7401816828763685,0.2810485295015028,0.29040741798077613,0.017470832300905372,11.315620659217487,193,0.15,7.86,1.5,100.7,3.642124352331606,45.90777202072539,3.7733333333333334,0.1525,47.57795698924731,1.5,0.077,3.6799999999999997,4.695,5.233,3.826,5.119,NA,3.510204081632653,0.2900537634408602,0.2830645161290323,NA,0.9759036144578315,-108.35,-108,40.17133512953368,-92.65668067708333,240.2243523316062,7.86,28.09314285714286,8.408585448910237
134,2026-06-08,2026-06-08T11:43:53Z,0.049,4.84,99,1.5939999999999999,3.566410512514591,4.230334597330374,19.949376623376622,11.665727272727272,24.818193548387097,15.17914705882353,1.3193968053503795,0.21961868227932702,0.47943859145525997,0.03729766980757377,3.566410512514591,99,0.14,12.16,1.3,150.1,2.208686868686869,26.511111111111113,2.792987012987013,0.14909090909090908,33.64935064935065,1.3818181818181818,0.049,0.23349999999999999,1.378,1.737,1.131,0.049,4.747,1.5935334872979214,1.2061038961038961,1.6993506493506494,8.21974025974026,1.408958759556369,-118.1,-118.21,39.99037090909091,-93.81086171717172,268.33232323232323,11.093,25.8913,9.156039444035947
134,2026-06-29,2026-06-29T11:55:51Z,0.046,5.012,79,1.782,1.8495170862144548,4.849085261789586,26.7854375,12.0728,26.867516129032257,17.804895833333333,2.9152313200605704,0.7382989681809929,0.727755479619642,0.03625834926122115,1.8495170862144548,79,0.44,9.05,4.1,115.2,4.085189873417722,50.1493670886076,8.066875,0.46599999999999997,101.33125,4.34,0.046,1.2705,2.435,3.066,1.154,2.153,2.153,1.1861198738170347,3.9065624999999997,0.66125,13.7015625,0.16926645868330534,-107.96,-105.1875,39.990509493670885,-93.81079734177216,269.9886075949367,8.958333333333334,28.185833333333335,8.663358982687997
134,2026-07-20,2026-07-20T12:17:13Z,0.025,4.882,78,2.031,3.732824125494931,4.7074613562949565,27.182984126984127,12.8565,30.74148717948718,18.615153846153845,2.930605109356293,0.5160282980398674,1.0007808214393938,0.041983951045368825,3.732824125494931,78,0.6,17.17,5.6,237.2,5.175641025641026,69.01794871794871,6.251904761904762,0.6174999999999999,83.92222222222222,5.825,0.131,0.7455,1.838,2.808,0.684,0.684,NA,0.489804587935429,5.832857142857143,2.688730158730159,24.537540983606558,0.460962799684328,-124.575,-123.125,39.99044166666667,-93.81083141025641,268.30384615384617,17.01142857142857,32.121857142857145,9.322441717440295
134,2026-08-10,2026-08-10T12:22:58Z,0.02,4.907,81,3.432,4.712358083791773,4.8902543424177285,22.894263157894738,13.493,25.13269642857143,16.03948,1.748596845035081,0.3948577218836591,0.687761069685063,0.019661336769410405,4.712358083791773,81,0.32,10.66,3.1,137.6,3.0362962962962965,38.00617283950617,3.213026315789474,0.32,40.285526315789475,3.1,0.103,0.615,1.833,2.499,0.103,0.103,0.229,2.915254237288136,1.3589473684210527,2.414605263157895,8.371052631578948,1.7768202943454687,-119.2,-106.04444444444445,39.99063728395062,-93.81084938271604,268.7148148148148,10.5825,28.407125,8.984936911662885
145,2026-05-21,2026-05-21T08:19:16Z,0.158,24.59466666666667,240,10.841166666666666,14.800651245135603,15.110418144996139,17.468749469214437,9.78980658436214,18.739543715846995,10.76606779661017,1.0248282046496797,0.11145360155941211,0.08230086437517693,0.007661903499673364,14.800651245135603,240,0.5966666666666667,8.65,5.2,93.83333333333331,5.231611111111111,54.18861111111111,7.000934182590234,1.8369958847736625,74.01889596602972,16.242798353909464,0.158,0.31566666666666665,19.071666666666665,22.445333333333338,0.9606666666666668,23.992,1.084,1.7120000000000002,0.2961146496815287,0.3378131634819533,0.3347770700636943,1.1408188140818813,255.23045267489712,253.90833333333333,39.52119172222222,-91.64621851388888,183.33027777777778,8.507222222222222,19.271666666666665,7.691897557298377
145,2026-06-15,2026-06-15T15:33:21Z,0.06833333333333333,27.096,323,8.672833333333333,13.39552050180841,14.844213774451745,23.90835465116279,10.853318518518519,25.943415300546448,13.203582089552238,2.299118280210564,0.25121564504591354,0.16108901631912037,0.017538205722177413,13.39552050180841,283,0,9.21,0,114.4,5.074098939929328,59.48274647887324,7.269573643410853,1.3688421052631579,87.9218992248062,12.682291666666666,1.035,7.810499999999999,17.926333333333332,18.642666666666667,26.995,26.995,1.6263333333333334,2.3738140417457307,0.8778488372093023,0.38534883720930235,3.4826356589147287,0.4389694681767005,169.92222222222222,192.2,39.522417925696594,-91.64556760577915,187.6123839009288,9.150555555555556,26.409555555555556,8.353903477025897
145,2026-07-08,2026-07-08T12:59:44Z,0.188,21.816666666666663,159,4.682333333333334,9.961170146855817,12.737321673490284,27.090609053497943,11.551494444444444,29.525613333333332,15.659776758409786,3.057118010874774,0.24465031876794227,0.24861876234318736,0.014356872129129266,9.961170146855817,159,0.01,13.863333333333332,0.1,186.86666666666667,3.5268553459119496,45.49308176100629,6.419423868312757,0.38583333333333336,84.36666666666667,3.6688888888888886,1.6133333333333333,2.5918333333333337,7.871333333333333,8.413,2.043,1.8843333333333336,1.8843333333333336,0.49550629119233075,2.0669958847736627,0.8862962962962962,4.510864197530864,0.4287847415784024,120.74166666666667,123.85333333333334,39.5215070230608,-91.64637576519915,185.04507337526206,13.07,31.745266666666666,9.24
145,2026-08-06,2026-08-06T08:49:02Z,0.04466666666666667,23.262,224,7.1114999999999995,13.271767670841403,13.450124220885298,22.064933333333332,10.577977011494253,25.73483950617284,12.870081585081586,1.889539031173058,0.23881837969846972,0.16122101446187426,0.012116523028256408,13.271767670841403,192,0,9.25,0,110.03333333333332,2.4436458333333335,29.82176165803109,3.464814814814815,0.023454545454545454,42.538765432098764,0.20476190476190476,0.04466666666666667,0.11033333333333332,6.857666666666667,7.043,2.3393333333333333,23.229666666666667,23.262,1.006322444678609,1.4493086419753087,0.7959753086419753,4.108567901234568,0.5492103514660034,111.66206896551724,-43.71111111111111,39.522422648809524,-91.64564431547619,181.84732142857143,8.280666666666667,25.753533333333333,8.30054294795005
149,2026-05-28,2026-05-28T16:33:00Z,0.15966666666666668,32.07833333333333,422,28.734499999999997,29.005040788341034,29.005040788341034,20.230503896103897,18.010135135135137,20.25048031496063,18.041121951219512,0.4371649206998427,NA,0.0272560869143145,0.0043218621574951585,29.005040788341034,422,0.14,10.046666666666669,1.4333333333333331,117.3,4.149415481832543,46.212322274881515,4.5067445887445885,0.43126126126126124,50.21471861471861,4.565765765765766,0.15966666666666668,0.197,26.686,29.032666666666668,0.23433333333333337,0.327,0.15966666666666668,0.37812499999999993,0.2611948051948052,0.18507359307359308,0.3082510822510823,0.7085653672765845,162.25135135135136,164.06,38.20640598736177,-92.62479384676145,198.27709320695104,9.6475,22.96175,7.978939543220158
149,2026-06-08,2026-06-08T16:13:45Z,0.07350000000000001,32.300333333333334,446,5.0105,30.40576170180713,30.484687577497887,22.25501635514019,18.809166666666666,26.07499494949495,21.428715789473685,0.729625880042704,0.2186949233902167,0.045067484424681184,0.012128700837387102,30.40576170180713,446,0.01,10.773333333333332,0.13333333333333333,133.63333333333333,4.066517189835576,48.122533632286995,4.235833333333333,0.034375,50.12823208722742,0.3645833333333333,0.8096666666666666,5.0105,22.890666666666668,26.150666666666663,0.6783333333333333,0.988,0.6783333333333333,0.2741246797608881,0.9259306853582554,0.06370327102803738,-3.692733644859813,0.0687991790696403,169.54583333333335,169.1277777777778,38.2071427877429,-92.62512574738416,198.6321375186846,10.046000000000001,26.660866666666667,8.761356966679047
149,2026-07-01,2026-07-01T14:43:20Z,0.04733333333333333,33.19166666666667,390,5.052,29.260210014711898,29.399271676537044,26.138694767441862,21.846139534883722,29.643892018779344,24.742076280041797,1.0579535241292888,0.1432330751873068,0.06348217258876564,0.008978894516011398,29.260210014711898,390,0.01,12.54,0.1,165.2,4.102675213675214,52.6808547008547,4.648885658914729,0.017209302325581394,59.696220930232556,0.2124031007751938,1.971,4.960166666666667,18.439333333333337,20.87,3.3486666666666665,3.4376666666666664,2.141,0.4397299903567985,0.8664631782945736,0.3811434108527132,3.565581395348837,0.43988414095438333,24.293023255813953,-7.859999999999999,38.20705579487179,-92.62551082051282,197.17641025641026,11.88037037037037,29.98314814814815,8.762609059891638
149,2026-07-21,2026-07-21T17:48:57Z,0.09133333333333334,32.08533333333333,179,6.3025,20.240335052900342,20.491842116472597,29.149432506887052,24.106427083333333,32.35298148148148,26.311859557109557,1.36852339759605,0.16835246232887435,0.08464175106773934,0.009542976238199299,20.240335052900342,179,0.04,11.05,0.4,152.93333333333334,2.7178212290502795,37.09869646182495,3.992258953168044,0.05821428571428572,54.54242424242424,0.6964285714285714,1.422,6.5955,8.983,10.075666666666669,0.5106666666666666,6.227,NA,0.44515103338632744,1.0587603305785123,0.26327823691460056,NA,0.24866651055082875,36.536904761904765,-26.78333333333333,38.20710553072626,-92.62563905027933,200.03496275605215,10.93,32.604,8.873333333333333
149,2026-08-20,2026-08-20T13:55:39Z,0.00833333333333333,29.818,175,NA,25.46633121652065,25.69096623995236,27.787610738255033,23.99412,NA,NA,1.003729659438477,0.11461840712348138,0.06682034772619776,0.0027237549405460786,25.46633121652065,172,0,7.056666666666667,0,93.43333333333334,1.2096705426356589,15.928460038986355,1.3959507829977629,0.0025757575757575754,18.275391498881433,0.03015873015873016,0.9993333333333334,2.1616666666666666,6.663,8.168666666666667,0.9993333333333334,1.303,0.9993333333333334,0.4018264840182649,0.46319910514541385,0.2611856823266219,0.6328187919463087,0.5638734605167834,-118.18266666666666,-129.05,38.207091142857145,-92.62531335238096,194.38514285714285,6.793333333333333,30.144111111111112,8.222920573980625
150,2026-05-26,2026-05-26T17:06:59Z,0.028,5.068,126,0.4825,0.7640983711604665,1.3083746396867437,26.9434,20.342787234042554,27.88946153846154,20.92438938053097,1.6030188666097729,1.488850884240368,0.5712544393438096,0.05079138377772257,0.7640983711604665,126,2.89,20.73,31.5,250,9.89015873015873,115.23492063492064,19.23,6.9941489361702125,241.095,77.7127659574468,0.732,0.9235,NA,NA,0.807,0.787,0.807,11.36111111111111,0.463,4.7225,11.1185,10.199784017278617,202.93617021276594,215.3090909090909,39.03462817460317,-93.36691373015873,215.884126984127,18.672142857142855,27.778142857142857,9.67655211854173
150,2026-06-16,2026-06-16T14:59:36Z,0.029,4.516,87,3.992,4.368316074436478,4.516,24.876891566265062,22.147,24.99493670886076,22.394624999999998,0.6602615265190934,0.35842623525670775,0.28315020359760457,0.017147610390237183,4.368316074436478,87,1.9,10.92,21.8,136,8.01206896551724,97.28965517241379,8.29566265060241,1.9,100.79638554216868,21.8,0.099,3.027,4.516,NA,0.605,0.955,1.357,5.55,0.26024096385542167,0.8780722891566265,3.65289156626506,3.3740740740740742,166.4,164.71428571428572,39.03432,-93.36705494252874,214.27471264367816,10.91375,26.532375,9.022608178238482
150,2026-07-16,2026-07-16T13:14:22Z,0.02166666666666666,5.907666666666667,96,0.9536666666666667,3.903916616511702,5.907666666666667,29.56017676767677,19.607333333333333,31.757533333333335,26.79466255144033,2.503668801016943,0.7811042814220851,0.6329255279129774,0.016639013795122747,3.903916616511702,96,0.05,10.656666666666666,0.6,145.2,3.068159722222222,41.16736111111111,4.40969696969697,0.05,59.25,0.6,0.591,0.8291666666666666,2.1536666666666666,2.3783333333333334,5.907666666666667,1.145,1.046,5.57510729613734,0.3741919191919192,1.7838383838383838,4.979949494949495,4.767175057362667,-163.20000000000002,-165.55,39.03293572916667,-93.36746118055555,214.82881944444443,10.223809523809525,32.311,9.079882664422607
150,2026-07-28,2026-07-28T12:53:44Z,0.036,5.277,87,4.541,1.7586014008274213,5.277,30.828764705882353,21.584,29.432184210526316,23.18418181818182,2.4686376257034226,0.6770538857769908,0.5613475268615247,0.031079996520202633,1.7586014008274213,87,0.52,10.56,5.9,142.1,5.6482758620689655,75.20114942528735,9.811176470588235,0.52,131.74117647058824,5.9,0.09,2.0935,3.133,3.93,2.272,0.483,0.53,2.808510638297873,1.4120588235294118,4.336764705882353,11.669411764705883,3.071235159341804,-98.1,-94.45714285714286,39.034393103448274,-93.36661885057471,214.5344827586207,10.557142857142857,30.957285714285714,9.011508314243883
164,2026-06-09,2026-06-09T12:42:36Z,0.017,6.112,117,3.779,4.573734572247522,4.871034427057781,23.98311111111111,19.063714285714287,24.52466666666667,19.954,1.091348637779447,0.44227646488854894,0.34055159299822,0.029941885699073908,4.573734572247522,117,0.23,10.46,2.5,130.2,3.542307692307692,42.78974358974359,4.513888888888889,0.28380952380952384,54.63666666666666,3.0761904761904764,0.017,0.655,3.175,3.554,0.761,0.761,0.694,0.19230769230769232,1.976,0.3678888888888889,8.126111111111111,0.18617858749437696,35.476190476190474,10.725,40.22498923076923,-93.11500854700854,262.61965811965814,10.434285714285714,26.361,8.45099309251274
164,2026-06-30,2026-06-30T14:37:26Z,0.096,7.254,74,4.237,6.5703306356001585,7.153050425127001,23.971,18.0405,25.1189,20.157791666666668,1.283587105482411,0.22573743641741895,0.3275827488939503,0.010474867771866058,6.5703306356001585,74,0.41,6.09,4.4,75.5,3.4662162162162162,42.03918918918919,3.7323529411764707,0.42,45.325,4.45,0.096,1.9685000000000001,4.102,4.909,0.967,7.254,1.157,0.34415584415584416,0.8376470588235294,0.17029411764705882,3.1816176470588236,0.2033005617977528,-88.15,-82.22,40.22508567567568,-93.11503351351351,266.0148648648649,6.075714285714286,26.32142857142857,7.492880715674528
164,2026-07-27,2026-07-27T08:35:07Z,0.017,8.213,160,4.353,6.025929278173932,6.263072844925793,25.20682608695652,17.86845,26.954130952380954,18.968802631578946,1.627151012169179,0.26044741393847753,0.38511795671055987,0.023739104618821092,6.025929278173932,160,0.17,10.11,1.8,130.8,2.50525,31.6875,3.401478260869565,0.20925,43.197391304347825,2.21,0.155,0.8400000000000001,2.734,3.244,0.339,1.037,0.339,1.0888888888888888,1.401304347826087,1.205304347826087,5.501217391304348,0.8601303133726342,-124.68,-131.45,40.2253554375,-93.11575781250001,263.951875,10.069090909090908,28.69218181818182,8.629328196681485
164,2026-08-11,2026-08-11T13:02:56Z,0.044,6.764,130,5.0695,5.838970682307673,6.614221548825891,26.021172413793103,18.733,26.430224299065422,20.138434782608694,1.6779989497453016,0.5146469230422779,0.44513678598951734,0.023404033349099178,5.838970682307673,130,0.27,9.06,2.9,114.3,4.392307692307693,55.08307692307692,4.8854310344827585,0.2825,61.328448275862065,3.025,0.712,1.548,3.445,3.836,6.622,6.622,6.736,1.1529126213592233,1.8326724137931034,1.9779310344827585,8.233534482758621,1.0792605484735875,-131.8,-126.9625,40.22503223076923,-93.11491269230768,264.6146153846154,8.931111111111111,27.596333333333334,8.402242205920519
179,2026-06-08,2026-06-08T17:21:47Z,0.001,6.163,117,0.199,6.019225675323067,6.163,23.221894736842106,17.435,27.9544,22.860169642857144,1.2118717506392613,0.5146477309116585,0.384307948327084,0.02824271671213299,6.019225675323067,117,0.27,9.51,2.8,121.6,4.438034188034188,54.134188034188035,4.547719298245614,0.27,55.48421052631579,2.8,0.001,0.7024999999999999,3.177,3.61,0.172,0.319,0.172,0.680628272251309,0.351140350877193,0.2987719298245614,2.276842105263158,0.8508618536097927,-59.1,-47.5125,40.427099572649574,-94.85731811965812,327.1179487179487,9.462,27.3421,8.647929879487373
179,2026-06-30,2026-06-30T09:28:02Z,0.008,8.388,86,4.4595,6.184515199808267,6.8259399692531675,23.716161764705884,16.095666666666666,25.324549019607844,17.5802,1.5602491800430016,0.2747218601876975,0.3455921545130544,0.01509495973909273,6.184515199808267,86,0.47,8.09,4.8,99.9,4.651860465116279,56.24767441860465,5.715882352941176,0.5625,69.42205882352941,5.725,0.008,3.403,4.827,6.114,0.629,1.458,1.389,5.317073170731708,0.265,1.1683823529411765,4.702647058823529,4.408990011098779,-110.66666666666667,-115.25,40.42690976744186,-94.85764174418605,328.36976744186046,8.087142857142856,26.046,8.8
179,2026-07-20,2026-07-20T17:38:20Z,0.019,6.22,81,0.894,5.130762385923911,6.22,28.223235294117647,17.1,31.988,25.865457142857142,2.586086977298578,0.7609166381452165,0.7076215369762522,0.022575509419344886,5.130762385923911,81,0.45,10.07,4.7,138.1,4.2122222222222225,55.885185185185186,4.920441176470588,0.45,65.5220588235294,4.7,0.019,1.3399999999999999,2.574,3.368,1.007,1.523,1.487,6.866666666666667,0.30573529411764705,1.7005882352941177,6.092205882352941,5.562289562289563,-115.5,-114.74,40.426545185185184,-94.85749925925926,328.32469135802467,10.038,32.074400000000004,9.004119983124484
179,2026-08-11,2026-08-11T07:36:17Z,0.03,7.607,155,4.6129999999999995,5.004957278291871,6.455528581618786,25.976233644859814,17.079473684210527,26.228161616161618,19.20507142857143,1.9698320441485748,0.6501017522854015,0.43495810922847294,0.03771066940956905,5.004957278291871,155,0.22,7.61,2.3,94.9,4.018903225806452,49.76,5.666448598130841,0.2536842105263158,70.40467289719626,2.6315789473684212,0.03,2.2485,4.041,4.501,1.521,0.163,1.181,4.274725274725275,0.5777570093457944,2.580654205607477,7.676728971962617,4.466677450663216,-95.85263157894737,-98.81428571428572,40.42663890322581,-94.8575135483871,324.4967741935484,7.608461538461539,26.61230769230769,8.38
180,2026-06-08,2026-06-08T16:06:22Z,0,7.006,135,4.2364999999999995,6.5585533688090925,6.6671875470835955,23.66727559055118,18.645,25.156956043956043,19.679181818181817,1.0952365649194462,0.20683812308749192,0.3078827491268346,0.02172265082752405,6.5585533688090925,135,0.27,10.14,2.8,125.5,5.146148148148148,62.754074074074076,5.452440944881889,0.28,66.51653543307087,2.966666666666667,0.731,1.405,3.832,4.486,2.398,1.65,1.036,0.5625000000000001,0.5060629921259843,0.24377952755905513,2.1605511811023623,0.48171775322856697,-69.15,-66.0111111111111,40.34927074074074,-95.1335837037037,300.00444444444446,9.945,26.748874999999998,8.618762519967179
180,2026-06-30,2026-06-30T07:43:56Z,0.012,8.97,99,6.03,6.73560270154286,8.192688804526796,25.592325,17.964,25.828671052631577,19.328130434782608,1.7098431291893803,0.3450349121625471,0.3279618317719793,0.016954120712664906,6.73560270154286,99,0.47,7.32,5,90.9,4.957272727272727,60.965656565656566,5.96825,0.52,73.6375,5.5,0.695,4.077,5.782,6.919,0.012,0.139,0.113,0.4474708171206226,1.739625,0.66625,8.288375,0.3829848386864985,-110.08333333333333,-113.8,40.34934222222222,-95.1334294949495,301.7969696969697,7.285,26.3604,8.134027672897048
180,2026-07-20,2026-07-20T16:32:02Z,0.007,6.153,121,1.1844999999999999,5.71990277371366,6.153,29.82033043478261,22.768,33.502148148148144,28.35394680851064,1.8907570425083122,0.7671885175312882,0.5741661495557487,0.0283504646184227,5.71990277371366,121,0.33,11.55,3.8,162.2,5.4290082644628095,74.59338842975207,5.694782608695652,0.33,78.28086956521739,3.8,0.856,2.417,3.12,3.552,3.038,2.182,2.023,1.9516129032258065,0.7208695652173913,1.068695652173913,3.722086956521739,1.482509047044632,-132.8,-131.05714285714285,40.34922669421488,-95.13337181818181,299.6917355371901,11.49090909090909,33.545818181818184,8.81548306936699
180,2026-08-10,2026-08-10T16:44:08Z,0.018,9.226,147,7.112,8.716556445996495,9.00153696821741,26.24252142857143,19.6998,26.6423984375,21.178473684210527,1.5457028035283429,0.3223836870963532,0.32503542614077496,0.011393236893542826,8.716556445996495,147,0.28,9.55,3.1,121.9,5.4708163265306125,68.84489795918367,5.728071428571429,0.314,72.10642857142857,3.48,0.018,2.724,5.448,6.251,0.767,9.205,0.709,2,1.327357142857143,1.969857142857143,7.698357142857143,1.4840445568530378,-127.74000000000001,-124.57142857142857,40.34913904761905,-95.13336448979591,299.2639455782313,9.55,27.83685714285714,8.51716627539189
181,2026-06-09,2026-06-09T08:00:36Z,0.00199999999999999,8.806000000000001,77,2.988833333333333,7.851138190161862,8.344488466074994,22.844458937198066,18.804166666666667,24.145486486486487,20.863433333333333,0.8675841126380419,0.1783475792104121,0.18659026424356318,0.005082890446846312,7.851138190161862,77,0.17333333333333334,6.72,1.8666666666666667,80.3,3.955974025974026,46.81385281385281,4.390628019323671,0.18583333333333335,51.983574879227056,1.9833333333333334,0.05166666666666666,2.3035,4.977666666666667,6.072,1.4453333333333334,0.9076666666666668,1.4046666666666667,0.41403508771929826,0.5906280193236715,0.1218840579710145,3.0652657004830917,0.20636348764927206,229.28333333333333,229.28333333333333,40.349895714285715,-94.77846108225108,320.5735930735931,6.72,24.241333333333333,7.930842118683894
181,2026-07-06,2026-07-06T10:41:27Z,0.042,9.947333333333331,109,5.453833333333334,9.639606990450629,9.947333333333331,24.973522012578616,19.397333333333332,27.020767195767196,21.812985507246378,1.2741353968351632,0.167333938155328,0.24848912382054522,0.010995653894411558,9.639606990450629,109,0.14333333333333334,10.85,1.6,137.56666666666666,5.609266055045872,70.3737003058104,5.763836477987422,0.14333333333333334,72.31918238993711,1.6,0.8643333333333333,3.5235,5.835666666666667,6.199666666666666,3.545,0.653,0.8303333333333334,1.0662983425414363,1.066383647798742,0.7290880503144654,3.9064779874213835,0.6837014538055499,-40.733333333333334,-28.525,40.34945217125382,-94.77790611620794,319.53853211009175,10.048333333333334,27.73575,8.791733626909268
181,2026-07-21,2026-07-21T08:05:33Z,0.004,11.885,159,5.5985,10.10080389067751,10.500778772789666,26.69871527777778,18.0368,29.12875,20.978015873015874,1.9918702673960524,0.1601428778225787,0.32427746682597863,0.014639663172932792,10.10080389067751,159,0.26,5.35,2.7,70.3,2.80937106918239,36.552830188679245,3.073958333333333,0.264,40.06111111111111,2.81,0.004,3.7430000000000003,4.71,5.193,11.885,11.885,11.885,1.120603015075377,0.37958333333333333,0.38569444444444445,1.7070138888888888,1.0160995243322357,-117.76,-120.46,40.349415534591195,-94.77833578616352,320.45408805031445,5.338333333333333,29.592833333333335,7.920152612045476
181,2026-08-12,2026-08-12T10:10:26Z,0.03933333333333333,10.852666666666668,89,8.9405,7.324223885036019,10.852666666666668,26.57488888888889,19.394666666666662,26.340696202531646,21.106299999999997,1.696764487891869,0.4206853125831772,0.235971291921815,0.0071881212558940815,7.324223885036019,89,0.26666666666666666,8.07,2.8666666666666667,101.2,5.34561797752809,66.56966292134831,6.765959595959596,0.26666666666666666,84.42020202020203,2.8666666666666667,0.25366666666666665,3.3531666666666666,7.81,8.440666666666667,3.0616666666666665,0.7246666666666667,0.8256666666666667,0.4905405405405405,1.7542929292929292,0.8409595959595959,4.161767676767677,0.4793723909601267,-81.5,-72.82222222222222,40.35093625468165,-94.78065224719101,315.2505617977528,8.05125,26.937666666666665,8.072521669455433
182,2026-06-10,2026-06-10T09:53:21Z,0.10066666666666664,7.107,65,2.8121666666666667,5.429177832150837,5.863556446157882,22.087589743589742,12.246541666666666,26.58652777777778,16.50549593495935,1.717204737463362,0.4408617553888726,0.45540870584959015,0.02690122548292468,5.429177832150837,65,0.16,10.35,1.5,131.63333333333333,4.207948717948718,51.758974358974356,5.206282051282051,0.18916666666666668,64.18782051282051,1.7791666666666668,1.146,2.572333333333333,3.1733333333333333,3.610333333333333,2.5413333333333332,2.4476666666666667,2.5413333333333332,2.6293103448275863,0.6715384615384615,0.948076923076923,4.844743589743589,1.4117983963344787,-9.733333333333334,-20.87777777777778,NA,NA,186.97692307692307,10.312222222222223,27.854555555555557,8.49669218511605
182,2026-07-01,2026-07-01T11:43:15Z,0.045,7.011,88,1.785,1.8833003918639966,6.605833734894089,28.96681818181818,13.13575,29.047838709677418,19.44840350877193,3.4031878085255585,0.6109839714585079,0.5800789428100286,0.03783634951109109,1.8833003918639966,88,0.44,8.42,4.1,109.4,4.450227272727273,56.12159090909091,8.280909090909091,0.47375,107.69393939393939,4.525,1.625,1.785,3.584,4.627,1.887,3.26,3.26,1.2039473684210527,1.107878787878788,0.10181818181818182,5.266363636363637,0.09190371991247265,-95.525,-95.525,40.497385,-91.76600465909091,187.49204545454546,8.22,29.294,7.83669218511605
182,2026-07-22,2026-07-22T09:01:51Z,0.064,8.761,117,3.0015,6.238797223964757,6.403980669858955,25.096309278350514,11.615368421052631,28.72243103448276,16.990033898305086,2.5185782216743746,2.7049983458707043,0.5643124493106519,0.03964424169241702,6.238797223964757,117,0.43,7.6,3.9,98.6,4.222649572649573,53.61111111111111,4.982783505154639,0.5326315789473685,63.63917525773196,4.921052631578948,0.064,2.8175,3.61,4.579,1.047,3.686,3.523,1.087323943661972,1.9261855670103092,1.1167010309278351,8.587938144329897,0.5797473774352387,-72.96842105263158,-79.95,40.49718324786325,-91.76637145299145,187.65982905982906,7.6,28.846875,7.811262664939754
182,2026-08-12,2026-08-12T12:05:00Z,0.004,10.234,167,3.8205,5.4736137723100775,6.361438765160913,24.94684210526316,11.419672413793103,27.203507246376812,13.8695,2.5013307071810686,0.36309234688725794,0.449805802337105,0.04439366262259482,5.4736137723100775,167,0.16,9,1.4,116,2.799101796407186,35.16407185628743,4.7197894736842105,0.23603448275862068,59.92842105263158,2.1775862068965517,1.718,1.9609999999999999,3.13,3.832,3.705,3.643,3.643,3.272727272727273,0.9158947368421053,0.8376842105263158,4.3533684210526316,0.9146075163774279,-73.60172413793103,-77.42857142857143,40.49767664670659,-91.76627299401198,186.86047904191616,8.92,28.531285714285715,8.27
183,2026-05-26,2026-05-26T13:55:54Z,0.033,3.496,82,1.2465,3.399825793141233,3.4563017108790524,19.517772151898733,13.686499999999999,23.517115384615384,17.35067857142857,0.9842462619175194,0.41857657586964164,0.5541184710095248,0.021867543696650643,3.399825793141233,82,0.38,10.87,3.7,131.4,5.963780487804878,68.24146341463414,6.175316455696202,0.385,70.68860759493671,3.75,0.033,1.7365,2.234,2.537,1.615,1.906,1.988,0.3169491525423729,1.7770886075949368,0.3964556962025316,8.99,0.22309281287841012,55.349999999999994,84.62307692307692,38.845752804878046,-93.77825804878049,222.68658536585366,10.831428571428571,24.600142857142856,8.704313939533781
183,2026-06-16,2026-06-16T11:20:21Z,0.019,3.939,81,2.8085,3.5162135967554122,3.939,22.755614285714287,14.728,24.311132075471697,16.975285714285715,1.5430728889415377,0.6733888742873679,0.7075417025435711,0.05110200807232844,3.5162135967554122,81,0.5,10.81,4.9,133,4.972469135802469,60.07654320987654,5.666285714285714,0.5,68.63714285714286,4.9,0.019,1.717,2.511,2.928,1.62,0.767,1.62,0.6255813953488373,2.468,1.3665714285714285,7.440857142857143,0.5537161379949063,-71.1,-47.9,38.84571444444444,-93.77754604938272,222.8716049382716,10.805714285714286,25.889285714285712,8.752946827909941
183,2026-07-07,2026-07-07T09:45:36Z,0.024,4.395,78,2.384,3.4979386968561865,4.199360526607108,26.223968253968255,14.99475,28.793880952380952,18.961305555555555,2.3749853256099414,0.6330326579528188,0.9320207019543414,0.03576202151722782,3.4979386968561865,78,0.23,7.43,2.2,98.6,2.777820512820513,36.05641025641025,3.3723809523809525,0.235,43.96349206349206,2.325,0.024,1.4780000000000002,2.036,2.289,1.275,0.909,1.275,0.7596153846153846,1.1950793650793652,0.7020634920634921,4.769206349206349,0.5874618143179705,-112.7,-102.225,38.84555294871795,-93.77790884615385,225.0628205128205,7.408571428571428,30.143,8.310032894280356
183,2026-07-28,2026-07-28T09:59:50Z,0.019,5.636,104,2.83,1.479685963101385,4.666143245164827,31.290499999999998,14.209538461538461,29.572660377358492,17.45956862745098,3.9622804992675356,1.2082823746486175,0.8982260548482512,0.05782151151865257,1.479685963101385,104,0.37,8.69,3.6,117.6,3.8421153846153846,50.34326923076923,8.616923076923078,0.41615384615384615,116.6076923076923,4.061538461538461,1.223,1.8125,2.659,3.27,1.8,5.592,1.8,0.26484448633364754,2.963846153846154,0.4907692307692308,4.885769230769231,0.1655852582403322,-132.7923076923077,-136.1375,38.84554355769231,-93.77801490384616,224.7153846153846,8.571250000000001,31.296375,8.512521669455433
184,2026-05-21,2026-05-21T10:11:19Z,0.02133333333333333,6.917666666666666,99,3.0635000000000003,5.793168243429552,6.238071260781872,17.075370833333334,10.562533333333333,19.366166666666665,13.732043715846995,0.885618359509067,0.22021816677163833,0.24057316874877763,0.020573347341015773,5.793168243429552,99,0.11,9.393333333333334,1,102.16666666666669,4.1408417508417505,44.623569023569026,5.086083333333334,0.12933333333333333,54.87375,1.16,0.02133333333333333,1.0465,3.8706666666666663,4.121,2.7386666666666666,1.0093333333333332,1.046,4.889285714285715,0.52725,1.7395,5.699958333333333,3.299193930772878,-66.44666666666667,-69.58333333333334,38.5914732996633,-92.80684632996632,262.8461279461279,9.370666666666667,19.446133333333332,8.165467271753114
184,2026-06-15,2026-06-15T09:34:20Z,0.008,6.692,141,2.392,5.326027168571319,5.815076551607722,20.647017699115043,11.952526315789473,24.815,15.470420454545454,1.433506816506565,0.2969855227294335,0.39924716849682146,0.026016906340011196,5.326027168571319,141,0.12,9.2,1.1,112.6,3.1701418439716313,37.831205673758866,3.9153097345132744,0.1463157894736842,46.826548672566375,1.3578947368421053,0.008,1.964,2.586,3.011,1.07,0.525,0.973,4.890625,0.7191150442477876,2.1602654867256637,9.838053097345133,3.0040610386413977,-51.926315789473684,-60.372727272727275,38.5916319858156,-92.80647134751773,263.10283687943263,9.168,25.4413,8.426400987317402
184,2026-07-06,2026-07-06T09:45:21Z,0.009,7.087,118,2.691,5.429599145777371,5.550229075446868,22.928622222222224,12.3736,28.365978723404254,15.224957746478873,1.897339278377217,0.4973776094503668,0.5264807702090828,0.03794513250355226,5.429599145777371,118,0.16,9.58,1.5,125.3,2.9416949152542373,37.472033898305085,3.787777777777778,0.214,48.47666666666667,2.016,0.009,1.4929999999999999,2.171,3.213,1.299,0.904,0.712,3.649253731343283,0.6486666666666667,1.687,10.203666666666667,2.6007194244604315,-97.348,-101.57142857142857,38.59174279661017,-92.80621966101694,260.71101694915257,9.5525,29.32575,8.961348756471155
184,2026-07-27,2026-07-27T10:09:33Z,0.05,7.162,109,1.078,2.0516811886036512,6.2512329450183906,29.810317073170733,12.055857142857143,31.27752380952381,20.58278409090909,3.784349322746948,0.7095331294831371,0.6661676862247804,0.03856898967499603,2.0516811886036512,109,0.46,10.51,4.2,138.1,4.591009174311926,59.20825688073395,9.760975609756098,0.47714285714285715,129.10243902439024,4.442857142857143,0.05,2.0705,2.823,3.638,1.61,1.218,1.61,0.8822314049586776,3.4402439024390246,2.974878048780488,10.165365853658537,0.8647288195675292,-94.91428571428571,-96.1,38.59162385321101,-92.80638642201835,261.8743119266055,10.19625,31.334125,8.83
185,2026-06-09,2026-06-09T10:22:17Z,0.021,6.653,149,2.722,6.53475821996831,6.653,21.576090277777777,18.044,24.100951612903227,19.57825287356322,0.7211136634888362,0.2989328976975085,0.2129930334537431,0.010903822370762819,6.53475821996831,149,0.12,7.33,1.3,90,2.318456375838926,27.563758389261746,2.394722222222222,0.13,28.475694444444443,1.3,0.021,0.5920000000000001,2.808,3.175,6.653,6.653,0.373,0.8878504672897195,0.8907638888888889,0.25979166666666664,3.480486111111111,0.29165042488500814,-95.6,9.979999999999999,40.398476912751676,-94.0865644966443,291.1127516778524,7.265555555555555,25.60388888888889,7.880615671464548
185,2026-06-30,2026-06-30T12:12:49Z,0.059,6.029,80,0.9555,5.332587728972217,5.616388557278998,24.010485714285714,20.331,26.027571428571427,23.053575757575757,0.8407515617134322,0.4170415185579367,0.2663640385875879,0.02975390716048819,5.332587728972217,80,0.27,4.94,3,61,2.449375,29.576249999999998,2.7537142857142856,0.295,33.29857142857143,3.25,0.059,0.9864999999999999,3.338,4.092,5.972,5.972,5.972,0.8709677419354839,0.623,0.14757142857142858,2.166,0.23687227700068791,-64.66666666666667,-64.66666666666667,40.39835125,-94.08753725,291.67625,4.926666666666667,26.106166666666667,7.475028781677848
185,2026-07-27,2026-07-27T10:58:42Z,0.042,5.757,137,0.8885000000000001,3.254803743363521,5.0050963349675195,26.985406976744187,20.5885625,28.695105263157895,24.884686440677967,1.5626587983648506,0.6960711744154268,0.41630422134139167,0.049985490578188047,3.254803743363521,137,0.16,7.8,1.8,101.1,2.341240875912409,29.6985401459854,3.595,0.173125,45.72790697674419,1.94375,0.042,0.973,1.907,2.503,0.533,0.496,0.682,0.49299719887955185,1.611627906976744,0.6162790697674418,6.774883720930233,0.3823953823953824,-109.83749999999999,-115.43333333333334,40.39855394160584,-94.0867599270073,289.83576642335765,7.786363636363636,28.836,7.981001739372943
185,2026-08-11,2026-08-11T10:20:59Z,0.001,5.845,117,5.439,5.129309525237301,5.694496778298457,26.72538235294118,23.667,26.62932710280374,23.7593,0.7893159317322898,0.5942173893568847,0.2462692275815673,0.014963546752911278,5.129309525237301,117,0.39,7.99,4.6,101.1,4.872222222222223,61.176923076923075,5.518921568627451,0.418,69.34019607843138,4.9399999999999995,0.001,3.1710000000000003,3.901,4.498,5.768,5.816,0.756,2.3254437869822486,0.8803921568627451,1.1919607843137254,4.7886274509803926,1.3538975501113586,-92.36,-78.85,40.39832358974359,-94.08758940170941,291.65384615384613,7.975833333333333,27.4645,8.155028781677848
186,2026-06-02,2026-06-02T16:01:19Z,0.015,3.079,79,1.158,2.8257682980120395,3.0074435714718555,24.52725,23.198500000000003,25.65760714285714,23.73835294117647,0.32598817186783435,0.31683043645990683,0.1999513257399207,0.018723551690219335,2.8257682980120395,79,0.79,9.7,9.3,120,4.900379746835443,59.43037974683544,5.278888888888889,0.8300000000000001,64.05833333333334,9.7,0.249,0.833,2.062,2.992,0.462,0.679,0.491,0.6604938271604939,1.9961111111111112,1.41,8.681111111111111,0.7063735040356247,178.95,177.38181818181818,37.72978405063291,-90.6364259493671,312.03164556962025,9.656363636363636,26.11309090909091,8.703725329045948
186,2026-06-23,2026-06-23T15:58:44Z,0.002,4.441,80,0.838,0.18339056685467894,1.0082759921008368,29.743499999999997,25.025276923076923,28.96709090909091,25.073811594202898,1.3132478725018473,1.5205281746230783,0.4987757106167795,0.05558174192983811,0.18339056685467894,80,1.43,11.6,17.2,152.1,4.742,58.975,11.485,3.511846153846154,151.4,42.581538461538464,0.448,0.808,4.31,NA,4.441,2.365,4.441,1.2294117647058822,2.175,3.2750000000000004,13.52,1.5057471264367819,172.89384615384614,142.425,37.730742,-90.63441,313.63,11.528333333333332,29.616500000000002,9.04669218511605
186,2026-07-14,2026-07-14T17:23:40Z,0.015,4.17,60,3.302,2.6399457182833634,4.17,28.4557,24.238,28.288404255319147,25.25469230769231,1.1338042610875618,0.5962752209451484,0.39782226801745607,0.02022172699766011,2.6399457182833634,60,0.88,11.87,10.6,156.2,6.383333333333334,82.16333333333333,8.60725,0.88,111.1775,10.6,0.267,0.77,3.372,4.129,0.318,NA,0.318,NA,4.008,NA,20.724,NA,-3.1,40.471428571428575,37.73043,-90.634758,311.74833333333333,11.799999999999999,29.522,9.26369255733655
186,2026-08-18,2026-08-18T13:24:31Z,0.003,4.891,114,1.6585,4.164265330336153,4.827595129257026,29.271632653061225,23.496,31.71013157894737,26.957802631578947,1.553953994271751,0.49131849987768544,0.559546894235075,0.029147681956415126,4.164265330336153,114,0.57,13.43,6.7,184.8,6.198333333333333,83.2780701754386,7.101530612244898,0.57,95.57857142857144,6.7,0.47,1.705,2.901,3.827,1.562,0.894,0.894,0.4174603174603175,7.612959183673469,3.7698979591836737,17.50826530612245,0.49519482086131333,-153.5,-150.56666666666666,37.73118605263158,-90.63370219298245,311.73508771929824,13.212222222222222,32.36566666666667,9.329051745064968
192,2026-05-29,2026-05-29T12:09:01Z,0.23,3.966,60,1.2475,3.7834548489170166,3.966,22.14938181818182,17.266,26.204461538461537,20.54059574468085,0.9911776532428576,0.6503054654364632,0.47784349315041647,0.03353192235083525,3.7834548489170166,60,0.6,10.22,6.3,126.8,4.895333333333333,58.30166666666666,5.282727272727273,0.6,62.99454545454545,6.3,0.668,1.199,3.05,3.491,1.038,1.357,0.903,0.35714285714285715,2.3212727272727274,0.6350909090909092,4.958,0.27359598966084436,100.9,103.98333333333333,39.71694483333333,-93.32233333333333,212.25166666666667,10.1625,26.5475,8.807521503776607
192,2026-06-18,2026-06-18T12:12:46Z,0.038,4.601,119,3.18,4.169290602347293,4.382181244997664,23.56875,16.686500000000002,25.101792682926828,18.170054054054052,1.425874090182674,0.3384185484064506,0.5923998678115524,0.03423780768091685,4.169290602347293,119,0.17,8.31,1.7,102.3,3.4752941176470586,42.48235294117647,3.8108333333333335,0.17333333333333334,46.61944444444445,1.7833333333333332,0.038,1.3130000000000002,2.255,2.565,4.527,4.527,4.482,0.7203166226912928,1.6112962962962962,0.6917592592592593,3.9546296296296295,0.42931846914147803,93.65,94.71538461538462,39.71669789915966,-93.32242672268907,209.97394957983192,8.27909090909091,25.876636363636365,8.144761863933018
192,2026-07-08,2026-07-08T15:22:41Z,0.017,4.448,61,3.0915,3.7876509979208786,4.216223847325824,28.72844230769231,18.4604,29.911545454545454,20.45135294117647,2.483710596399874,0.8894710686989568,1.0186295470610853,0.07934457989138471,3.7876509979208786,61,1.04,13.15,11.1,176.8,7.110819672131147,94.42622950819673,8.136346153846153,1.112,108.5576923076923,11.84,0.744,1.6625,3.259,NA,1.926,4.29,4.29,0.9040247678018576,1.7446153846153847,1.303653846153846,7.18673076923077,0.7472442680776014,-122.1,-113.4125,39.71663114754099,-93.32208491803279,209.17049180327868,12.518571428571429,33.17257142857143,9.245775667464532
192,2026-07-29,2026-07-29T14:57:56Z,0.001,4.329,69,1.379,4.246973476048156,4.329,28.225074626865673,19.698,31.819344827586207,25.196375,2.0954058580615538,0.8941186873383865,0.9500762902619219,0.037885749606739086,4.246973476048156,69,0.81,13.73,8.8,188.8,7.298550724637681,98.09565217391304,7.492089552238806,0.81,100.75820895522388,8.8,0.906,1.3415,2.645,3.649,1.472,4.329,1.423,0.5672782874617737,3.634179104477612,1.8052238805970149,8.177014925373134,0.49673497884923407,-128.6,-118.5875,39.71674217391304,-93.32206956521739,207.39565217391305,13.527,32.3491,9.347047287219437
195,2026-06-08,2026-06-08T13:38:43Z,0.016,3.574,62,0.1655,0.09854676408748352,0.5168372007341918,28.718,23.283903846153848,28.723666666666666,23.563457627118645,1.4428260157659452,2.8230931962532018,0.7228061378108729,0.0935930854565707,0.09854676408748352,62,0.69,14.08,7.8,182.4,5.289354838709677,64.20645161290322,14.02,3.808076923076923,181.45,45.23461538461538,0.094,0.4325,2.428,3.169,0.231,0.231,0.286,0.32905138339920953,3.17,1.43,18.275,0.4511041009463722,189.35384615384615,142.71,40.063537741935484,-94.5387391935484,311.0435483870968,12.992,26.5652,8.802154586713797
195,2026-07-06,2026-07-06T13:37:26Z,0.214,3.523,79,0.923,2.352277945298207,3.523,28.721745098039214,23.779,30.6446,27.032265625,1.324045128234161,0.7179896902792712,0.5641770487486958,0.0459664554108516,2.352277945298207,79,0.37,10.6,4.3,142.7,4.496329113924051,58.6746835443038,6.641764705882353,0.37,86.8921568627451,4.3,0.214,0.923,2.185,2.43,1.315,1.085,1.373,0.21934369602763384,9.129019607843137,1.488235294117647,13.975490196078432,0.163022466600799,-111.7,-67.43636363636364,40.06310278481013,-94.53857151898734,307.2392405063291,10.576666666666666,31.065166666666666,8.63
195,2026-07-20,2026-07-20T13:58:50Z,0.134,3.412,41,0.626,0.8158210322579441,3.3234834760680374,33.91388888888889,26.131,34.49666666666667,30.08002857142857,2.347330903097827,0.7622843344687994,0.7930624171154619,0.04995545177051723,0.8158210322579441,41,0.93,9.72,11.5,139.5,5.257560975609756,72.4609756097561,9.658888888888889,0.96,136.9,11.85,0.134,1.1595,2.519,3.39,1,1.472,1.266,0.7102137767220903,3.0444444444444443,1.2777777777777777,10.033333333333333,0.4197080291970803,-120.9,-111.51428571428572,40.06349585365854,-94.53868634146342,308.4317073170732,9.7025,34.704750000000004,8.62
195,2026-08-10,2026-08-10T13:59:35Z,0.075,3.471,54,1.8735,2.8378152743253726,3.371834440410788,27.88255319148936,25.4125,28.2384,26.39805263157895,0.6710811767538871,0.35664099415213174,0.3351200825387385,0.007779176798799284,2.8378152743253726,54,1.61,11.14,19.6,144.3,7.885185185185185,100.82592592592593,8.757446808510638,1.67,112.14255319148936,20.35,0.183,1.7685,3.337,NA,0.122,0.183,0.101,0.5763888888888888,7.018297872340425,3.6304255319148937,22.151702127659576,0.5172800582065119,-70.4,-53,40.06332555555556,-94.53867185185184,308.8833333333333,11.106666666666667,28.641222222222222,8.639628576518424
203,2026-05-27,2026-05-27T14:07:39Z,0.061,5.415,110,0.08449999999999999,5.252871169321148,5.32972606984825,21.376990476190475,18.9835,25.267,21.233834862385322,0.4981361026917739,0.3178707996099446,0.18140905457788528,0.016380371639462796,5.252871169321148,110,0.4,14.43,4.3,172,5.999272727272727,69.75272727272727,6.264666666666667,0.41000000000000003,72.85619047619048,4.4,0.45,1.142,3.709,4.31,5.415,5.415,5.292,0.608695652173913,1.0140952380952382,0.25942857142857145,3.271809523809524,0.25582268970698724,-4.15,62.1,39.871995727272726,-94.38117563636364,272.93636363636364,14.011111111111111,24.575444444444443,8.86699619607387
203,2026-06-22,2026-06-22T11:52:41Z,0.015,5.478,142,4.857,5.219468965165504,5.356628053806423,23.770348148148148,22.036666666666665,23.85397580645161,22.56288888888889,0.4089822344701588,1.028618613182864,0.1456707558998646,0.020512233544069648,5.219468965165504,142,0.32,5.3,3.7,63.6,2.7919718309859154,33.108450704225355,2.9168148148148147,0.3433333333333333,34.59703703703703,3.9,0.015,0.0425,4.608,4.896,5.432,5.478,5.432,0.3568904593639576,3.403259259259259,0.8134814814814815,5.636074074074074,0.23903012362876547,-62.63333333333333,-11.56,39.872152535211264,-94.38072274647887,274.8218309859155,4.542727272727273,24.222727272727273,7.29463821510813
203,2026-07-08,2026-07-08T12:07:52Z,0.036,5.693,110,3.9945000000000004,5.589321737104518,5.693,27.67063551401869,22.139,28.84482926829268,23.645392857142856,1.411404619255677,0.32049656554262534,0.4869701422934143,0.025587611802643732,5.589321737104518,110,0.3,10.86,3.4,144.5,5.075818181818182,66.7309090909091,5.209252336448598,0.3,68.5,3.4,0.991,2.0685000000000002,3.016,3.555,5.565,2.083,2.12,0.9411764705882353,1.2204672897196263,0.8078504672897197,5.012710280373832,0.6619189830768052,-142.6,-133.93333333333334,39.87225027272727,-94.38093881818182,273.20181818181817,10.7325,30.558625,8.792521669455432
203,2026-07-29,2026-07-29T12:07:05Z,0.013,5.758,73,3.0999999999999996,4.542259186942417,5.662318511679548,28.6587,22.736,29.71352380952381,25.094774193548385,1.5554578002285098,0.501828356938094,0.45229554640049785,0.014730535538520575,4.542259186942417,73,0.38,9.5,4.4,127.1,3.2563013698630137,42.96986301369863,3.8728333333333333,0.38,51.223333333333336,4.4,0.167,0.98,2.159,2.957,0.08,0.716,0.217,0.4918032786885246,4.5125,2.1561666666666666,10.846333333333334,0.47782086795937206,-129.8,-123.875,39.871916438356166,-94.38081369863013,273.1054794520548,9.482857142857142,30.60242857142857,8.713044092512277
218,2026-06-08,2026-06-08T09:51:04Z,0.006,3.675,70,1.563,3.2604483807843923,3.5483387977190617,22.923065573770494,16.987666666666666,25.49091176470588,19.07186111111111,1.2196109836947926,0.4028890408496185,0.6155158762316585,0.04089173910572403,3.2604483807843923,70,0.64,9.62,6.6,118.2,5.726571428571428,68.69571428571429,6.461967213114754,0.6633333333333333,77.69180327868852,6.833333333333333,0.192,1.563,2.378,3.05,1.837,3.675,3.572,1.5789473684210527,1.3954098360655738,0.78,4.271311475409836,0.5589755639097744,-116.66666666666667,-111.01,39.76772,-92.88192014285714,254.41714285714286,9.597999999999999,25.8733,9.67806459777859
218,2026-06-29,2026-06-29T09:45:19Z,0.005,3.82,64,1.0125,1.6448971276353874,3.82,27.04196875,18.062,27.97035,22.670863636363638,2.081176726483136,0.6374629750360862,0.6942922484538685,0.0462173559553245,1.6448971276353874,64,1.52,15.44,16.1,197.5,10.14484375,125.15625,14.8859375,1.52,187.409375,16.1,0.164,1.0125,3.439,NA,3.82,0.114,0.638,6.011904761904762,0.6575,3.100625,9.0396875,4.715779467680608,-137.8,-134.65,39.7676434375,-92.88180078124999,259.0546875,15.415555555555555,28.02288888888889,9.888977136039706
218,2026-07-20,2026-07-20T10:06:45Z,0,2.744,47,1.783,1.3463690584556025,2.744,31.13988888888889,22.48,30.787814814814816,25.8325,2.361593357402171,1.6352144906390644,1.140417092075105,0.045897383989033876,1.3463690584556025,47,1.26,10.26,14.6,138.7,6.469148936170213,85.9531914893617,10.09388888888889,1.26,136.25,14.6,0.51,1.6800000000000002,2.294,NA,1.567,0.614,0.423,1.9453125000000002,0.625,1.8427777777777778,4.937777777777778,2.9484444444444446,-144.7,-126.02222222222221,39.767768076923076,-92.8821023076923,261.14,10.101666666666667,31.444833333333335,9.38
218,2026-08-10,2026-08-10T10:28:32Z,0.033,3.65,61,2.863,3.5097916153753324,3.65,25.97217543859649,20.7,27.0472,21.6663125,1.2651838717494002,0.3740473328667032,0.6676064972478749,0.026254812626881032,3.5097916153753324,61,0.76,8.05,8.5,102.2,5.170655737704918,64.85081967213115,5.473333333333334,0.76,68.72456140350877,8.5,0.033,1.418,3.007,3.474,0.229,3.65,3.65,0.8535031847133758,2.1647368421052633,1.4861403508771929,5.989298245614035,0.686522408623065,-120.3,-96.49166666666666,39.76756131147541,-92.88225688524591,256.8983606557377,8.033,27.6295,8.439829735496117
219,2026-01-13,2026-01-13T12:46:21Z,0.007,4.264,89,NA,NA,NA,NA,NA,NA,NA,NA,NA,NA,2.0801571534340786e-4,4.264,89,11.975,12.493333333333334,94.7,98.3,12.41743445692884,97.71086142322098,NA,NA,NA,NA,2.7656666666666667,4.253500000000001,NA,NA,4.264,4.264,3.9,0.23447488584474888,NA,NA,NA,NA,NA,164.43055555555554,38.994159850187266,-92.48873441947566,233.5571161048689,12.136875,5.254145833333333,7.99001302601554
219,2026-02-20,2026-02-20T10:10:17Z,0.137,3.642,83,NA,NA,NA,NA,NA,NA,NA,NA,NA,NA,1.0706171826681584e-4,3.642,83,10.58,12.03,90.2,102.4,10.893493975903615,92.87831325301205,NA,NA,NA,NA,0.137,0.155,NA,NA,3.622,3.622,3.622,0.10791993037423847,NA,NA,NA,NA,NA,210.98461538461538,38.99429156626506,-92.48842,237.94819277108434,11.705555555555556,8.358333333333333,7.950850896363672
219,2026-03-13,2026-03-13T09:58:31Z,0.016,4.11,99,NA,NA,NA,NA,NA,NA,NA,NA,NA,NA,7.848069523422672e-5,4.11,99,9.24,9.32,84.8,85.6,9.262222222222222,85.07272727272728,NA,NA,NA,NA,0.016,0.2205,NA,NA,1.647,2.868,4.11,0.21676300578034682,NA,NA,NA,NA,NA,274.975,38.99407464646465,-92.48868232323233,233.62929292929294,9.31,11.533916666666666,7.83
219,2026-04-09,2026-04-09T10:00:28Z,0.101,3.781,89,NA,NA,NA,NA,NA,NA,NA,NA,NA,NA,0.0017771860731062685,3.781,89,8.77,9.52,86.6,94.9,9.412359550561797,93.36741573033707,NA,NA,NA,NA,0.101,3.5460000000000003,NA,NA,1.731,1.95,1.986,0.41935483870967744,NA,NA,NA,NA,NA,255.57500000000002,38.994207078651684,-92.48888764044943,238.27078651685395,9.507777777777777,15.158777777777777,7.812551730818576
219,2026-05-29,2026-05-29T09:23:29Z,0.045,3.388,72,1.351,2.843723362763819,3.127668610847195,23.060540983606558,18.768166666666666,25.39560714285714,20.55093181818182,0.9256290755553209,0.4101635773603879,0.504162787306519,0.03839667095995914,2.843723362763819,72,0.5,8.97,5.4,109.4,4.75625,56.99583333333333,5.514098360655738,0.5216666666666667,66.19508196721311,5.616666666666667,0.988,1.3225,2.074,2.426,2.074,0.385,0.489,3.0258064516129033,1.0311475409836066,1.841311475409836,5.198852459016393,1.785691573926868,114.56666666666666,115.71000000000001,38.99408222222222,-92.48908791666668,234.73055555555555,8.836363636363636,25.505909090909093,8.871856236949935
219,2026-06-23,2026-06-23T10:02:34Z,0.13,2.841,56,2.827,2.1939468245868325,2.841,23.66390243902439,21.774,23.465963636363636,21.774,0.4423625301545826,0.5567994565877853,0.25364437289702946,0.02886307443865787,2.1939468245868325,56,1.88,7.45,21.4,88.6,5.90125,69.56785714285714,6.785609756097561,1.88,80.1609756097561,21.4,0.13,1.9100000000000001,2.841,NA,0.594,0.594,0.513,1.1013215859030836,3.8870731707317074,3.641219512195122,11.55609756097561,0.9367509568927652,87.9,189.46153846153845,38.99420892857143,-92.48931732142857,238.88035714285715,7.43,23.984750000000002,8.61760768124592
219,2026-07-16,2026-07-16T09:19:28Z,0.08933333333333333,3.9446666666666665,79,2.203666666666667,3.8857748930942293,3.9446666666666665,25.248377192982456,18.91433333333333,28.49095833333333,21.438632478632478,1.4401705210697173,0.36529278826301614,0.719445234816508,0.02834278761613458,3.8857748930942293,79,0.03,11.86,0.3,158.36666666666667,2.379240506329114,31.350632911392406,2.471973684210526,0.03,32.57631578947368,0.3,0.17933333333333334,1.0283333333333333,1.39,1.469,1.2793333333333332,1.217,1.2793333333333332,0.7255747126436782,1.5537719298245614,1.1285526315789474,4.81469298245614,0.7263309433749224,-161.96666666666667,-158.29166666666666,38.994451561181435,-92.48885308016878,238.22489451476793,11.844999999999999,30.429166666666667,9.302681509655535
219,2026-08-19,2026-08-19T09:39:09Z,0.034,3.735,79,1.7765,3.6038147863761516,3.735,25.406213333333334,21.44,27.080625,23.292615384615384,0.9555642340627628,0.3977043581856606,0.4943189119318443,0.03999250031995942,3.6038147863761516,79,0.61,8.83,6.9,111.5,4.715696202531646,58.730379746835446,4.932533333333334,0.61,61.46933333333333,6.9,0.118,1.7405,2.483,3.103,1.639,0.034,NA,3.4046920821114366,1.6738666666666666,5.5036000000000005,NA,3.287956029950614,83.4,130.06666666666666,38.99392050632912,-92.48934050632911,236.4746835443038,8.783333333333333,27.279777777777777,9.384849241169938
224,2026-06-08,2026-06-08T14:29:59Z,0.089,5.727,133,0.4305,0.5490817381297517,1.05529572495623,26.943571428571428,19.932868421052632,27.7728,20.3029140625,1.6882175040589118,1.4212039828486034,0.5416844368336647,0.12812018358028762,0.5490817381297517,133,0.13,9.46,1.3,119.1,1.7827819548872181,20.9187969924812,9.198571428571428,1.0276315789473685,116.24285714285715,11.52280701754386,0.408,0.604,1.56,3.362,0.51,0.51,0.453,0.2509090909090909,1.82,0.4442857142857143,9.074285714285715,0.24411302982731553,201.68947368421053,160.95384615384614,40.02575819548872,-94.73388360902256,283.70451127819547,9.201666666666666,27.268,8.143503150242056
224,2026-07-06,2026-07-06T12:25:59Z,0.22466666666666665,4.2316666666666665,88,2.4511666666666665,4.0903968889203135,4.160695023813551,24.273349397590362,18.17855555555556,27.136474074074073,20.576426356589145,1.3328536117348904,0.7982621538588596,0.6196487759507441,0.05116822810737335,4.0903968889203135,88,0.1,11.46,1.0666666666666669,147.23333333333335,3.307386363636364,41.907954545454544,3.5004819277108434,0.10111111111111111,44.36626506024096,1.088888888888889,0.27566666666666667,0.7643333333333333,1.9553333333333336,2.1846666666666668,0.5913333333333333,0.5913333333333333,0.5913333333333333,0.22321050402371875,2.7553012048192773,0.6296385542168674,6.904136546184739,0.22851895579168302,-122.03333333333333,-114.77222222222221,40.025702424242425,-94.73354458333333,282.1715909090909,11.294166666666666,28.970750000000002,8.92
224,2026-07-20,2026-07-20T14:50:10Z,0.261,4.837,68,1.3245,1.9802171903773371,4.837,32.38944,16.631,33.622461538461536,24.002545454545455,3.9347231185942064,1.084489433023633,1.0228318672247996,0.05604442737897331,1.9802171903773371,68,0.62,10.1,6.3,141.8,4.405441176470588,59.08970588235294,8.9956,0.62,124.632,6.3,1.262,1.5905,2.753,3.636,2.01,2.456,1.907,0.7900763358778625,1.6956,0.688,7.03,0.4057560745458834,-97.4,-92.55,40.02562352941177,-94.73385088235294,284.97352941176473,9.95,33.912,8.66
224,2026-08-10,2026-08-10T14:50:37Z,0.028,5.291,105,2.0385,4.8619264217443785,5.156651738866922,25.52640625,16.7465,28.523244444444444,21.99355,1.9088491169309236,0.3918115170203326,0.6834740373213541,0.026040109110625955,4.8619264217443785,105,0.43,10.78,4.4,139.9,5.704761904761905,72.75047619047619,6.19625,0.4375,79.11979166666667,4.55,0.064,2.197,2.761,3.415,0.793,2.407,5.104,1.3501094091903718,2.1069791666666666,1.8727083333333334,9.551145833333333,0.8888119839818066,-99.325,-94.74545454545455,40.02583038095238,-94.73377438095238,284.59238095238095,10.761,28.8303,8.75
237,2026-06-09,2026-06-09T13:32:00Z,0.005,4.191,89,1.6075,3.8921672221984824,4.191,23.04978313253012,16.211,27.602034482758622,20.213233333333335,1.3809625440644595,0.6041467365405906,0.6151509922116337,0.03556722301904956,3.8921672221984824,89,0.42,14.37,4.2,185.2,5.278202247191011,65.83033707865168,5.628433734939759,0.42,70.26746987951807,4.2,0.005,1.4055,2.143,2.886,0.959,2.326,2.326,1.864935064935065,1.3,1.0542168674698795,7.385542168674699,0.8109360518999073,-65.4,-40.154545454545456,40.20010089887641,-93.10484191011236,260.12808988764044,14.082222222222223,29.226555555555557,9.265609803813524
237,2026-06-30,2026-06-30T15:33:25Z,0.03,5.35,80,1.9125,4.50595571411783,5.020428094416081,24.054855072463766,14.804,27.408175,18.24645,1.8447746984381865,0.35519350840706504,0.6291357785691767,0.03449121395892854,4.50595571411783,80,0.6,11.86,5.9,151.1,6.09825,75.7175,6.949130434782608,0.6799999999999999,86.58115942028985,6.7,1.068,1.4535,3.223,4.408,0.975,2.346,0.94,0.4433285509325681,6.760869565217392,1.448840579710145,30.361449275362318,0.2142979635584137,-124.76,-120.78571428571429,40.200099375,-93.104811375,262.4,9.19375,29.08275,8.488626007727408
237,2026-07-21,2026-07-21T14:34:41Z,0.031,5.174,81,2.363,1.3042873233736327,4.5408443481206335,31.164875,14.965375,30.166452380952382,19.107923076923075,3.8128857367498767,1.1394851424476284,0.9066904190842395,0.06364051288791484,1.3042873233736327,81,0.68,9.99,6.8,134.6,5.233333333333333,68.48518518518519,9.939166666666667,0.73125,134.19166666666666,7.2875,1.038,1.631,2.831,3.769,2.232,5.174,2.376,2.3307888040712466,0.9058333333333334,1.3387499999999999,4.560833333333333,1.4779208831646733,-115.57499999999999,-116.89999999999999,40.20007839506173,-93.10483283950617,261.741975308642,9.90857142857143,31.17957142857143,8.721442746339747
237,2026-08-11,2026-08-11T14:00:06Z,0.016,4.859,115,2.718,4.403787144652983,4.722838154680769,24.040311320754718,15.577,26.65316176470588,18.674531914893617,1.723015093515187,0.23911492975592333,0.6655071918675213,0.024453511235857144,4.403787144652983,115,0.32,9.87,3.2,126.2,4.262,53.26086956521739,4.595188679245283,0.32333333333333336,57.49339622641509,3.2333333333333334,0.016,1.7305000000000001,2.492,2.842,1.617,2.405,2.263,0.7296466973886329,2.0274528301886794,1.4,7.678301886792453,0.6905216136987575,-133.33333333333334,-127.98,40.200073913043475,-93.10481730434783,258.7626086956522,9.629999999999999,27.9069,8.558089279507918
238,2026-06-01,2026-06-01T13:00:19Z,0.088,6.838,143,0.772,6.174172359073214,6.517552644455694,22.266568181818183,13.708666666666666,27.127666666666666,21.120480916030534,1.573655618323869,0.34080067566884614,0.43825993215454845,0.03367171991313343,6.174172359073214,143,0.22,14.27,2.2,175.1,6.117692307692308,74.25524475524476,6.607348484848485,0.23333333333333334,80.24772727272727,2.2666666666666666,0.844,2.709,3.55,3.991,0.976,0.869,1.086,1.0753768844221105,1.0661363636363637,0.7034848484848485,3.8641666666666667,0.6598450934413416,-79.21666666666667,-73.58888888888889,39.60587685314685,-91.66576965034965,202.42797202797203,13.331666666666667,27.681666666666665,9.363397063447643
238,2026-06-22,2026-06-22T12:43:47Z,0.017,7.412,144,4.645,6.48590029395135,6.912346172267066,22.54375572519084,14.313571428571429,23.58394285714286,17.072794871794873,1.5536952655797904,0.26583351632183694,0.39642941718279495,0.018329754807785918,6.48590029395135,144,0.12,5.83,1.1,69.5,2.640625,31.271527777777777,2.889618320610687,0.12285714285714286,34.246564885496184,1.2142857142857142,0.017,1.3525,3.068,3.547,0.017,0.017,3.437,0.2318840579710145,1.5209160305343512,0.21244274809160305,4.595801526717557,0.13968078699056413,-77.4,-77.4,39.605880972222224,-91.66625638888888,205.4013888888889,5.79,24.166090909090908,7.980918665686382
238,2026-07-13,2026-07-13T13:40:46Z,0.018,7.927,172,3.2515,5.974252216106797,6.457888988879645,25.61933823529412,14.359896551724137,29.053893333333335,18.90676288659794,2.3079721649525027,0.6990057937190268,0.5488222181759022,0.062611221063327685,5.974252216106797,172,0.25,13.82,2.4,187.1,4.761104651162791,61.42325581395349,5.941911764705883,0.28827586206896555,76.9,2.817241379310345,0.018,0.6575,3.699,4.17,1.449,NA,1.449,NA,2.9349264705882354,NA,10.234632352941176,NA,-133.54137931034484,-136.61,39.6058573255814,-91.66587395348837,204.34476744186045,13.68,30.897,9.45217732247032
238,2026-08-03,2026-08-03T12:52:28Z,0.04,6.55,140,4.819,5.91669535996559,6.55,24.94306976744186,15.535,26.01500909090909,17.810333333333332,1.9565878862235877,0.40155958881780096,0.5447598241397194,0.04561399786697382,5.91669535996559,140,0.3,15.05,3.1,194.1,5.611857142857143,70.095,6.062403100775194,0.3,75.78682170542636,3.1,0.04,1.008,3.472,3.956,0.659,0.828,0.659,0.7936772046589018,2.4829457364341083,2.631860465116279,10.147906976744187,1.059975023415548,-129.9,-126.64444444444445,39.60594242857143,-91.66571735714285,201.30142857142857,14.995000000000001,28.4225,9.273110766210978
270,2026-06-01,2026-06-01T15:35:42Z,0.197,5.074,103,0.493,3.219601089043486,3.542236242390102,20.533135135135137,11.352095238095238,27.641166666666667,17.539783505154638,1.475056313386517,0.9880054900872687,0.5466577863696382,0.12842649368763598,3.219601089043486,103,0.27,15.85,2.4,196.2,4.274271844660194,49.29029126213592,5.768918918918919,0.38476190476190475,66.91621621621621,3.533333333333333,0.48,0.5905,2.771,3.082,0.383,0.352,NA,0.21919856459330145,3.5341891891891892,1.4583783783783784,8.941449275362318,0.4126486445149696,68.83333333333333,1.8624999999999998,39.37738854368932,-91.40893650485437,202.57961165048545,14.013333333333334,27.641166666666667,8.998987009089957
270,2026-06-22,2026-06-22T15:23:02Z,0.025,6.943,113,2.197,4.039331658698596,4.158265786139997,19.506346153846152,10.3146875,23.6176,13.611602564102563,1.3656193274592852,0.9497459642474688,0.3867550455201033,0.039346369019700046,4.039331658698596,113,0.32,10.34,2.8,122.9,3.825663716814159,43.78407079646018,5.337051282051282,0.4390625,61.575641025641026,3.95,0.14,1.381,3.013,3.591,0.527,2.45,2.34,1.381542699724518,2.947820512820513,2.3673076923076923,16.772820512820513,0.8030704997173053,-63.79375,-83.55,39.37732743362832,-91.40865557522123,201.3513274336283,10.324285714285715,24.05,8.868585448910236
270,2026-07-13,2026-07-13T16:30:04Z,0.044,6.744,122,1.9365,3.8749166900229395,4.159530176531627,23.52448,10.607292682926829,28.733756756756758,14.277670588235294,2.229480127581155,0.5533130351508839,0.6344011181894145,0.08599558001535067,3.8749166900229395,122,0.36,9.58,3.1,124.9,3.5827868852459015,44.425409836065576,5.4934666666666665,0.501219512195122,69.20933333333333,4.5390243902439025,0.742,1.6435,2.892,3.656,1.748,NA,1.959,NA,2.715866666666667,NA,8.4316,NA,-92.2390243902439,-91.68333333333334,39.37737,-91.40866926229508,201.16475409836065,9.0975,30.16975,8.955087007682465
270,2026-08-03,2026-08-03T15:20:22Z,0.05,4.897,91,0.38,1.9101368080695162,4.1607794798488875,27.38427027027027,11.968285714285715,31.3388,20.89106976744186,3.092293440914773,1.1159220384379003,0.865262460062224,0.19619196828381916,1.9101368080695162,91,0.74,11.81,6.7,153.4,5.916153846153846,72.97362637362637,10.903513513513513,0.8407142857142857,138.22432432432433,7.814285714285714,0.05,1.4649999999999999,3.067,4.158,0.849,2.318,2.318,1.2397094430992737,2.8113513513513513,1.2775675675675675,5.89,0.4544318400307633,-91.80714285714286,-93.21818181818182,39.3774643956044,-91.40865637362637,199.80769230769232,11.28625,30.4065,8.612550285454455
272,2026-06-01,2026-06-01T14:14:07Z,0.062,1.109,20,0.29400000000000004,0.5593938965555303,0.8138844669821451,26.41,25.276125,26.937749999999998,25.466625,0.29961471125875505,0.3828925395981134,0.43948189706220014,0.018561484428869995,0.5593938965555303,20,4.16,12.38,50.7,157.7,7.513,92.9,10.53125,4.7625,131.4875,58.0875,0.062,0.3325,NA,NA,0.062,1.082,0.062,0.2932692307692307,7.12375,1.7562499999999999,23.5825,0.24653447973328652,174.7375,173.225,39.4243435,-91.67409,202.435,10.84,26.502714285714283,8.440819489137773
272,2026-06-22,2026-06-22T14:05:36Z,0.093,1.195,17,NA,NA,NA,NA,NA,NA,NA,NA,NA,NA,7.373510090525649e-4,1.195,17,2.8,5.07,32.6,59.3,4.632352941176471,54.10588235294118,NA,NA,NA,NA,0.093,1.133,NA,NA,0.497,1.195,1.152,0.2946708463949843,NA,NA,NA,NA,NA,171.9111111111111,39.42434,-91.67418176470589,205.26470588235293,5.036,23.0582,7.606027588070905
272,2026-07-13,2026-07-13T15:10:35Z,0.029,1.108,16,0.6385000000000001,0.7017416478599993,1.0043108468898343,31.735875,29.772666666666666,31.988333333333333,30.1249,0.6052129843072862,1.2738192010330345,0.8581117250022771,0.015119964895871864,0.7017416478599993,16,7.77,14.08,102.5,193.9,11.7125,158.15,13.543750000000001,8.35,185.2625,110.3,0.224,0.6805,NA,NA,1.042,NA,1.042,NA,9.08125,NA,33.45875,NA,163.96666666666667,160.13636363636363,39.42419,-91.674390625,205.35,14.032,32.1474,9.186843711520615
272,2026-08-03,2026-08-03T14:08:36Z,0.008,0.918,17,0.38,0.32152277782512234,0.6253758524194769,31.047666666666668,26.403142857142857,30.756714285714285,26.5551,1.3488604904662225,2.6604373309005274,2.2078931068107894,0.13599985805494022,0.32152277782512234,17,10.94,19.37,135.2,265.5,16.271176470588234,210.9764705882353,19.126666666666665,13.364285714285714,258.23333333333335,166.4142857142857,0.008,0.15550000000000003,NA,NA,0.704,0.171,0.678,0.42902881536819637,15.996666666666666,6.615,39.60333333333333,0.4135236507605751,119.68571428571428,118.84444444444445,39.42436,-91.67426,204.68235294117648,18.544444444444444,29.921,8.951334096617314
274,2026-01-21,2026-01-21T11:02:30Z,0,19.31533333333333,171,NA,NA,NA,NA,NA,NA,NA,NA,NA,NA,2.246084623316511e-5,19.31533333333333,171,11.21,11.56,86.5,89.6,11.29729044834308,87.14736842105263,NA,NA,NA,NA,0,0.23883333333333334,NA,NA,15.353,17.99,18.513333333333335,0.15062761506276148,NA,NA,NA,NA,NA,276.47777777777776,38.74992460038986,-91.08121329434698,207.70536062378167,11.504000000000001,4.5527,7.256595133611015
274,2026-02-19,2026-02-19T12:10:58Z,0.072,23.378333333333337,179,NA,0.3124298857908393,0.3124298857908393,6.0535,4.893828625235405,NA,NA,0.026878187357965544,NA,0.0022994100541497576,2.599494797497445e-4,0.3124298857908393,179,11.34,12.1,91.4,95.6,11.963836126629422,93.53147113594041,11.388333333333334,11.970338983050848,91.73333333333333,93.5517890772128,1.8843333333333336,2.5945,NA,NA,12.809666666666669,17.261666666666667,14.892333333333331,-0.0024154589371980653,0.135,-0.058333333333333334,-0.24666666666666665,-0.43209876543209874,245.99717514124293,251.75,38.75002040968343,-91.08137774674115,208.25195530726256,11.44,6.016555555555556,7.850008528051071
274,2026-03-05,2026-03-05T11:08:28Z,0.06333333333333332,25.581666666666667,308,NA,0.14403453281773176,0.21850812784047421,6.914166666666667,5.268353005464481,NA,NA,0.053460675924043244,0.24053846424521913,0.0041674761190694356,0.0023598516396411335,0.14403453281773176,308,11.416666666666666,12,89.4,97.46666666666668,11.686482683982684,92.26872294372295,11.648333333333333,11.686109289617487,95.81666666666669,92.22874316939891,0.06333333333333332,0.10233333333333333,NA,NA,14.096333333333334,14.096333333333334,8.315333333333333,0.017467248908296946,0.03166666666666666,-0.09,-0.39666666666666667,-2.842105263157895,226.86590163934426,240.17666666666668,38.750144415584415,-91.08146467532468,207.245670995671,11.796666666666667,6.789866666666667,7.907422490880372
274,2026-04-24,2026-04-24T11:50:39Z,0.02499999999999999,24.328666666666667,223,7.045,8.81450493642115,9.16586835106043,16.92534420289855,6.715270341207349,18.44949099099099,7.251592841163311,1.1251808526084233,0.16631815048974127,0.09118148145700188,0.013517028415269389,8.81450493642115,223,8.553333333333335,11.213333333333331,69.26666666666667,110.9,9.680164424514201,88.50523168908819,10.360398550724637,9.14,106.9231884057971,74.90262467191602,5.3180000000000005,6.963333333333333,NA,NA,7.769333333333333,1.2313333333333334,7.834,0.1064814814814815,0.30822463768115943,0.033840579710144925,0.1992391304347826,0.1097919360526625,263.44540682414697,270.625,38.750169118086696,-91.08150055306427,206.54140508221226,9.802666666666667,19.736,NA
274,2026-05-08,2026-05-08T11:34:45Z,0.1365,28.057,165,6.938000000000001,8.442021595159089,9.146391758047455,17.462056603773586,6.805456790123457,18.15728888888889,7.376519444444445,1.215719882984672,0.20825002374255602,0.084538384374563,0.007484477703686299,8.442021595159089,165,6.033333333333333,10.03,48.63333333333333,104.2,8.631868686868687,78.04565656565657,9.588647798742139,8.123333333333333,100.33647798742139,66.78179012345679,3.0663333333333336,28.0125,NA,NA,4.072333333333334,5.105333333333333,3.849666666666667,0.16111111111111112,0.3477987421383648,0.049339622641509435,0.3306918238993711,0.1418625678119349,254.50339506172838,256.3833333333333,38.750405656565654,-91.0812744040404,201.16747474747476,9.557222222222222,18.499444444444446,8.531113956228372
274,2026-06-01,2026-06-01T12:40:39Z,0.275,22.089333333333332,165,8.1845,8.759821852382697,8.888686188356516,20.64930222222222,7.771220973782771,21.23765714285714,8.055884210526315,1.792472036179447,0.313552291922993,0.16135170483748273,0.021462227783761185,8.759821852382697,165,5.586666666666667,10.326666666666666,45.6,120.26666666666668,7.800484848484849,77.36282828282829,9.064444444444444,6.736928838951311,101.78977777777777,56.853932584269664,3.684,6.463666666666667,NA,NA,5.381666666666667,10.852,2.7596666666666665,0.3459715639810427,0.4238222222222222,6.222222222222217e-4,-3.219911111111111,0.0014681208053691263,159.2430711610487,166.96666666666667,38.750114464646465,-91.08140602020202,205.29979797979797,9.176666666666666,25.6705,8.32
274,2026-07-22,2026-07-22T09:55:54Z,0.08366666666666667,22.443666666666665,143,4.804666666666666,6.251292375019851,9.821457134591455,28.85110476190476,7.339423529411765,29.977626666666666,10.639449152542372,3.894073718034292,0.6303583507274659,0.2993848660145173,0.03203050845311734,6.251292375019851,143,2.14,8.553333333333333,17.5,108.7,4.571631701631702,49.25244755244755,8.232761904761905,2.848313725490196,106.87809523809524,23.798431372549018,3.5283333333333333,6.307166666666666,NA,NA,7.9,NA,7.9,NA,-0.09542857142857143,NA,0.05504761904761905,NA,282.9972549019608,283.75555555555553,38.749813193473194,-91.08165081585082,208.35011655011655,8.141666666666666,29.971666666666668,8.416679458680477
274,2026-08-17,2026-08-17T18:03:33Z,0.04366666666666666,17.698999999999998,93,6.471500000000001,4.086926117314552,11.550211552660754,29.990816091954024,7.46,29.02096,12.348007751937985,4.225988267146249,0.529362880823458,0.33589860332876437,0.013043572219062528,4.086926117314552,93,1.086666666666667,8.99,8.933333333333334,117.1,6.120896057347671,75.05985663082437,8.824252873563218,1.97,116.78505747126437,16.512698412698413,3.9806666666666666,4.977666666666666,15.396333333333333,NA,8.251666666666667,17.698999999999998,NA,1.2686567164179103,0.06241379310344828,-0.052873563218390804,NA,-0.8471454880294659,164.16507936507938,166.72222222222223,38.74986673835126,-91.08165580645161,208.2225806451613,8.798333333333334,30.11,8.496666666666666
317,2026-05-27,2026-05-27T13:11:22Z,0.006,3.4,72,0.34650000000000003,3.169572657244704,3.4,22.07256923076923,19.161,25.66825,21.585485294117646,0.6191517478793003,0.4589153835909934,0.34109028465469743,0.032513562523327585,3.169572657244704,72,0.53,11.88,5.7,142.3,5.6970833333333335,66.68055555555556,6.246307692307692,0.53,73.16307692307693,5.7,0.498,1.7850000000000001,2.552,2.905,0.432,0.498,0.432,0.253125,1.2541538461538462,0.4173846153846154,4.461230769230769,0.332801766437684,209.6,208.18461538461537,39.81553236111111,-94.38345777777778,286.6986111111111,11.512857142857143,25.17214285714286,8.805808127197247
317,2026-06-22,2026-06-22T12:49:21Z,0.027,4.102,78,3.5795,3.2360101846257265,3.8506965547218184,24.02728125,18.3598,23.890128571428573,18.7185,1.2377716079082575,1.478117218685606,0.5248479592604504,0.1116130226111415,3.2360101846257265,78,0.7,6.96,7.4,83.7,4.717307692307692,56.044871794871796,5.50109375,0.752,65.515625,8.040000000000001,0.027,0.5409999999999999,3.281,3.732,0.027,0.027,0.027,0.18686131386861315,5.2528125,0.703125,4.5925,0.13385686239514547,-59.12,-55.32857142857143,39.81548576923077,-94.38308294871794,287.3448717948718,6.746,24.384900000000002,7.982777785962205
317,2026-07-08,2026-07-08T11:09:35Z,0.092,3.883,66,2.7845,3.8270383148180724,3.883,27.62431746031746,21.464,28.75926,22.9334375,1.5501888818027965,0.7044563421938229,0.7871053367360685,0.02084070119180736,3.8270383148180724,66,0.73,13.3,8.3,177.7,6.609393939393939,86.44393939393939,6.887142857142857,0.73,90.14126984126985,8.3,0.406,1.4825,2.407,3.291,1.421,1.345,1.345,0.4051094890510949,3.3022222222222224,1.1928571428571428,10.772222222222222,0.3612286098827148,-105.7,-90.8,39.81572803030303,-94.38367090909091,285.51969696969695,13.243333333333334,30.684833333333334,9.1
317,2026-07-29,2026-07-29T11:21:00Z,0.002,4.235,73,4.0415,4.01718972333597,4.11228633968749,27.65202985074627,20.3306,27.65202985074627,20.333833333333335,1.8023572365123073,2.751493795166859,0.8324789935199871,0.048390416490594786,4.01718972333597,73,0.53,11.99,5.9,162,4.392191780821918,57.93835616438356,4.737014925373134,0.542,62.58507462686567,6.02,0.142,0.7909999999999999,2.044,2.714,0.515,0.99,0.515,0.4929444967074318,4.348507462686567,3.0926865671641792,12.562686567164178,0.7112064527200962,-98.58,-93.7,39.815460273972604,-94.38348301369864,286.83972602739726,11.981666666666667,31.1985,9.111720966793897
438,2026-01-12,2026-01-12T10:50:54Z,0.103,3.668,89,NA,NA,NA,NA,NA,NA,NA,NA,NA,NA,2.5710850434649825e-4,3.668,89,11.33,11.93,89.1,94.9,11.694269662921348,92.52921348314607,NA,NA,NA,NA,0.103,2.9725,NA,NA,3.558,3.668,3.558,0.07920792079207921,NA,NA,NA,NA,NA,164.53,38.90151617977528,-92.34243797752809,220.39438202247192,11.87111111111111,5.587555555555555,8.815940466814974
438,2026-02-02,2026-02-02T10:56:46Z,0.01666666666666666,3.926,80,NA,0.14349672072153552,0.14349672072153552,2.542666666666667,4.1462094017094016,NA,NA,0.016685955637058214,NA,0.008500232112612437,0.0010557562009658199,0.14349672072153552,80,11.31,11.98,86.43333333333334,91.8,11.792458333333334,90.26958333333333,11.774999999999999,11.792905982905983,86.43333333333334,90.36794871794872,1.38,3.4085,NA,NA,3.8123333333333336,3.8123333333333336,3.902,0.09995654063450675,0.42833333333333334,-0.05,0.17500000000000002,-0.11673151750972763,186.71923076923076,193.725,38.90136966666667,-92.34234099999999,224.36666666666667,11.762083333333333,3.396208333333333,8.338865687070113
438,2026-03-09,2026-03-09T12:39:05Z,0.086,3.808,83,2.0345,2.89984155783781,3.021517698361624,11.20941935483871,7.884315789473685,11.787638297872341,8.530888888888889,0.2712492327553946,0.13781893511268983,0.13805169843804885,0.008006610308829504,2.89984155783781,83,8.18,10.86,68.8,100.1,10.291927710843373,92.30481927710844,10.635,9.193157894736842,97.05322580645161,77.48947368421052,0.765,3.1195,NA,NA,1.924,3.808,1.697,0.13839285714285712,3.5166129032258064,0.4014516129032258,-2.0888709677419355,0.11415860202724396,225.23684210526315,225.98333333333332,38.90138698795181,-92.34231710843373,222.06385542168675,10.332222222222223,12.822888888888889,8.041661852098125
438,2026-04-07,2026-04-07T09:06:27Z,0.152,3.78,52,2.6,2.4341737472809917,3.44170309939218,15.207366666666667,9.585333333333333,15.17375,11.07955,0.6663227452970659,0.6086886150103548,0.2783576647956146,0.01811949727450246,2.4341737472809917,52,2.58,9.4,22.6,93.7,7.9023076923076925,77.11346153846154,9.273333333333333,3.296666666666667,92.44,29,0.152,3.0075,NA,NA,3.78,3.78,3.78,0.3333333333333333,0.198,0.039,0.738,0.19696969696969696,220.21666666666667,219.825,38.90140692307692,-92.3423876923077,220.8326923076923,9.36,15.217,7.56
438,2026-05-11,2026-05-11T15:46:12Z,0.006,4.379,77,2.754166666666667,3.391179489115509,4.223947179771622,18.790916666666668,12.18225,19.539537414965988,13.98702380952381,1.029824013064058,0.4021836810274468,0.3951918328632997,0.030905462332852567,3.391179489115509,77,0.26333333333333336,9.44,2.433333333333333,106.36666666666667,5.78961038961039,62.96969696969697,7.278277777777777,0.28583333333333333,79.355,2.658333333333333,0.223,2.512833333333333,3.1253333333333333,3.5326666666666666,3.32,3.243333333333333,3.32,1.9577981651376144,1.4013333333333333,0.8840555555555556,4.957388888888889,0.6308674278464954,11.024999999999999,41.4,38.90139757575758,-92.34229848484848,217.9060606060606,9.265185185185185,21.99685185185185,7.650895103249326
438,2026-06-09,2026-06-09T10:04:27Z,0.078,4.255,65,2.609,3.4328817755954555,3.90591479658956,23.71221153846154,14.158800000000001,25.027285714285714,16.40308695652174,1.85385585250026,0.6807440427284055,0.7841975063492567,0.052077349603664155,3.4328817755954555,65,0.5,7.59,4.8,94.2,4.126153846153846,49.88923076923077,4.994423076923077,0.542,60.73461538461538,5.26,0.078,1.861,2.465,3.292,3.018,3.085,3.018,1.2016756433273488,3.7640384615384614,2.933076923076923,8.983846153846153,0.7792367036223369,-52.02,-47.114285714285714,38.90138046153846,-92.34226061538462,221.36307692307693,7.483333333333333,26.40577777777778,7.71341265854393
438,2026-07-09,2026-07-09T09:55:20Z,0.071,3.775,94,2.7155,3.225855119616282,3.5474628904293084,26.479227848101267,15.763,27.69013432835821,17.976481481481482,2.324514396116797,1.2662695219032012,1.1348484044180125,0.09227913250717926,3.225855119616282,94,0.32,7.81,3.2,102.2,4.2120212765957445,53.89574468085107,4.91746835443038,0.364,63.151898734177216,3.68,0.071,1.2705000000000002,2.575,3.01,NA,2.471,NA,NA,10.141466666666666,6.791139240506329,10.621830985915492,0.6696407397194024,-84.82000000000001,-67.62307692307692,38.90142265957447,-92.3423479787234,218.4063829787234,7.713,29.4439,8.000678239288646
438,2026-08-13,2026-08-13T08:50:47Z,0.213,4.086,89,2.8025,3.412201802109882,3.9418221717553514,26.083287671232878,18.1354,27.15554385964912,20.6290625,1.8077909058268915,1.0324964714442006,0.783336046316023,0.03951012225813082,3.412201802109882,89,0.46,9.75,4.9,127.1,4.7064044943820225,59.66179775280899,5.616438356164384,0.476,71.42328767123287,5.0600000000000005,0.732,1.487,2.623,3.072,2.493,2.623,NA,0.74251968503937,7.298904109589041,4.1227397260273975,20.782535211267607,0.5648436620246988,-98.7,-90.81666666666666,38.9014195505618,-92.34233393258427,218.6314606741573,9.64,29.166,8.5343024446115745
440,2026-01-13,2026-01-13T10:41:08Z,0.098,3.619,86,NA,NA,NA,NA,NA,NA,NA,NA,NA,NA,1.1552030105265567e-4,3.619,86,13.03,13.56,101.7,105.5,13.461162790697674,104.72209302325581,NA,NA,NA,NA,3.327,1.7195,NA,NA,2.628,2.423,2.135,0.08726415094339622,NA,NA,NA,NA,NA,166.21666666666667,38.893696279069765,-91.73730918604652,239.16046511627908,13.184444444444445,4.783444444444444,7.800153498891124
440,2026-02-13,2026-02-13T10:26:36Z,0.063,3.915,93,NA,NA,NA,NA,NA,NA,NA,NA,NA,NA,1.6394049084551233e-4,3.915,93,10.63,11.02,82.4,86.5,10.765376344086022,83.70967741935483,NA,NA,NA,NA,0.063,0.3285,NA,NA,3.915,3.768,3.915,0.1834862385321101,NA,NA,NA,NA,NA,255.10833333333335,38.89368870967742,-91.73737440860215,243.82795698924733,10.955555555555556,5.004888888888889,6.894756694246967
440,2026-03-02,2026-03-02T13:17:35Z,0.029,4.082,97,NA,2.300541048945285,2.3192476912334774,6.96312962962963,5.777976744186047,NA,NA,0.04346012185328618,0.11526912314658588,0.021196406202339535,0.0013653134605490897,2.300541048945285,97,10.75,11.72,85.5,96.8,11.204329896907216,91.04639175257732,11.197777777777778,11.212558139534885,92.20185185185186,89.5953488372093,0.068,0.08499999999999999,NA,NA,2.398,4.082,4.082,0.09183673469387756,1.1131481481481482,-0.04037037037037037,1.788888888888889,-0.036266844119114953,142.6627906976744,145.9,38.893591340206186,-91.73746474226805,242.3041237113402,11.436153846153847,7.112,6.883873451130627
440,2026-04-17,2026-04-17T10:22:48Z,0.072,4.338,108,0.729,2.1846578954298272,2.432695909757042,17.986627450980393,8.05112,22.809470588235293,11.036373626373626,1.2461150440311712,0.5939706977046848,0.5434386021826205,0.0396468767934246,2.1846578954298272,108,0.28,9.57,2.4,96.5,3.9535185185185187,41.27685185185185,7.267058823529411,0.7934,77.83725490196079,6.778,1.309,1.587,2.531,2.885,1.671,2.636,1.607,0.32861189801699714,1.7150980392156863,0.22509803921568627,5.696274509803922,0.13124499828512634,88.486,-18.154545454545456,38.89377842592592,-91.73739222222223,241.77592592592592,7.655,23.008333333333333,7.383938005310741
440,2026-05-28,2026-05-28T13:15:17Z,0.061,2.868,33,0.7515000000000001,2.411219764995926,2.718557861197867,21.61648,12.977666666666666,26.819499999999998,17.29704,1.5220836720254738,0.503638727962069,0.9586907761702957,0.045584890584846036,2.411219764995926,33,2.04,8.95,19.3,112.2,5.8133333333333335,66.58181818181818,6.8616,2.1633333333333336,80.108,20.5,0.061,1.1415000000000002,NA,NA,2.868,1.953,2.868,1.1225490196078431,1.5028,0.9268,6.5048,0.6167154644663295,79.76666666666667,138.625,38.89397212121212,-91.73743303030304,242.26969696969698,8.731666666666667,27.330833333333334,7.806769521305294
440,2026-06-23,2026-06-23T11:45:18Z,0.18,4.048,74,2.048,3.035695728332417,3.3625610563322748,20.746238993710694,10.374044444444445,23.144254901960785,13.481233333333334,1.6175266352047402,0.5815982131541104,0.7394635098147152,0.03587792902618709,3.035695728332417,74,0.11,7.306666666666667,0.9333333333333332,86.66666666666667,3.1633333333333336,36.60405405405405,4.336981132075472,0.156,50.38616352201258,1.3888888888888888,0.4016666666666666,1.4906666666666668,2.0646666666666667,2.702,2.4563333333333333,2.313,3.9716666666666662,0.9451903623321684,5.588427672955975,3.8833333333333333,10.978490566037737,0.6948883586927163,-51.175555555555555,-54.897222222222226,38.8937827027027,-91.7374045045045,240.39864864864865,7.27,24.12425,7.5395595796499455
440,2026-07-13,2026-07-13T12:57:35Z,0.01,3.864,68,2.7405,3.660463397256496,3.8024428886482182,23.507650793650793,12.036,25.76568,14.095777777777778,2.075087332142175,0.38771030173818366,1.035994985296975,0.060249646963695704,3.660463397256496,68,0.94,8.48,8.7,111.2,4.879411764705883,60.16764705882353,5.1853968253968254,0.955,64.18571428571428,8.85,0.01,1.5015,2.982,3.836,2.475,2.321,3.667,0.7196969696969697,6.315555555555555,2.693650793650794,7.763650793650794,0.4265105056801046,-39.85,-29.68888888888889,38.8936475,-91.73730911764706,245.14411764705883,8.383750000000001,29.417875,7.605898461782008
440,2026-08-06,2026-08-06T15:13:39Z,0.06,4.515,87,3.7984999999999998,3.859361669159144,4.381598909558709,22.926333333333332,13.0595,23.146071428571428,14.092470588235294,1.8124690070935685,0.5608167524635799,0.719628209113216,0.05979034119166423,3.859361669159144,87,0.47,6.45,4.5,78.6,3.57,42.324137931034485,4.190277777777777,0.4975,49.94444444444444,4.7,0.06,1.1825,3.074,3.561,2.692,2.692,2.78,0.4960732984293194,2.984166666666667,1.43125,9.7091666666666665,0.47961463278413846,-36.575,-32.43,38.8936575862069,-91.73745747126436,244.33218390804598,6.432857142857142,25.33557142857143,7.301574635713131
446,2026-01-06,2026-01-06T09:41:33Z,0.037,1.35,34,NA,1.1595359525820599,1.2026867201269085,2.0736785714285713,2.928,NA,NA,0.020756673874871012,0.23481560244912675,0.029798173117257826,0.0023035787098434554,1.1595359525820599,34,13.68,15.9,101.7,114,14.989117647058823,109.03823529411764,15.201071428571428,13.8725,110.20714285714286,102.925,0.305,0.641,NA,NA,0.037,0.037,0.037,0.12125863392171912,8.446428571428571,0.8639285714285715,22.826785714285716,0.10228329809725159,172.525,172.48,44.22457,-93.56287,305.07941176470587,15.765555555555556,1.7581111111111112,8.298417466489754
446,2026-04-21,2026-04-21T09:18:10Z,0.047,3.698,92,NA,NA,NA,NA,NA,NA,NA,NA,NA,NA,0.0026987742005325365,3.698,92,11.81,13.52,108.1,121.6,13.246847826086956,119.32826086956521,NA,NA,NA,NA,1.548,2.051,NA,NA,3.698,3.698,3.698,0.07946210268948656,NA,NA,NA,NA,NA,208.4,44.22364347826087,-93.55156804347826,304.6141304347826,12.494285714285715,11.085857142857144,8.601508314243883
470,2026-06-03,2026-06-03T13:14:03Z,0.029,7.784,155,3.1574999999999998,6.377852107845776,6.725868143363781,21.574921875,12.636,25.794298245614034,16.715520408163265,1.5552176803088287,0.20244346106033279,0.38249252670337663,0.020465756571676756,6.377852107845776,155,0.13,8.83,1.2,110,3.812774193548387,46.05612903225806,4.58078125,0.15842105263157896,55.4265625,1.4947368421052631,0.397,2.923,4.141,4.653,5.242,5.242,5.277,0.8123711340206186,0.866484375,0.631640625,4.3225,0.7289694346767649,-97.60526315789474,-119.71111111111111,36.656810451612905,-91.8884093548387,324.86645161290323,8.736666666666666,26.877111111111113,8.354523538608282
470,2026-06-24,2026-06-24T13:59:34Z,0.047,5.004,80,2.776,4.2169646550614726,5.004,24.216602941176472,17.69,26.096131578947368,21.025166666666667,1.4086380489121666,0.60716665983493,0.48648919062230994,0.023835643549325936,4.2169646550614726,80,0.43,11.41,4.6,142,5.1605,63.37625,5.9805882352941175,0.43,73.57794117647059,4.6,0.921,2.659,3.075,3.501,2.683,2.683,2.683,1.0810810810810811,0.865,1.0625,5.627794117647059,1.2283236994219653,-63.2,-57.94285714285714,36.65661825,-91.888671,326.69875,11.03,27.58,8.93
470,2026-07-15,2026-07-15T13:35:49Z,0.029,6.178,123,3.1849999999999996,5.3339351752484525,6.178,25.852157407407407,14.71,29.17276119402985,19.123303571428572,2.318453181265795,0.31882969076123047,0.6603337448818912,0.04802626008647263,5.3339351752484525,123,0.53,9.1,5.2,111.6,5.716260162601626,72.60162601626016,6.422777777777778,0.53,81.80277777777778,5.2,3.141,3.3739999999999997,4.193,4.932,3.78,NA,3.78,NA,2.1104629629629628,NA,11.198055555555555,NA,-106.9,-98.37777777777778,36.65648105691057,-91.88892967479676,327.57967479674795,8.13,29.989125,8.9
470,2026-08-18,2026-08-18T11:59:55Z,0.06,6.415,117,3.6085000000000003,2.736991439531429,6.019734403524256,30.52253846153846,15.429375,30.209144927536233,20.535916666666665,3.543392029720394,1.0178450246204676,0.7307663325119688,0.04641708344999725,2.736991439531429,117,0.64,8.57,6.4,115.3,5.825213675213675,75.92136752136751,8.344615384615384,0.71125,111.44423076923077,7.1375,0.06,3.893,4.815,5.547,3.76,3.76,NA,0.29212328767123286,0.4696153846153846,0.09480769230769232,NA,0.20188370188370192,-124.0125,-123.24444444444444,36.6565558974359,-91.88876564102564,327.75726495726497,8.535,31.02775,8.72
