MULakeNumber,date,dateTime,depth_m,verticalPosition_m,temp_degC,doConcentration_mgpL,doSaturation_percent,chlorophyll_RFU,phycocyaninBGA_RFU,phycoerythrinTAL_RFU,turbidity_FNU,pH,orp_mV,specificConductivity_uSpcm,salinity_psu,tds_mgpL,waterPressure_barA,latitude,longitude,altitude_m,barometerAirHandheld_mbars
039,2026-06-10,2026-06-10T11:48:42Z,0.07949999999999999,0.07949999999999999,27.479,8.22,104.1,0.06,-0.33,0.255,NA,8.24,154.95,135.10000000000002,0.06,88,0.0076891671203048444,37.72941,-90.90843,328.45,973.1999999999999
039,2026-06-10,2026-06-10T11:48:45Z,0.108,0.108,27.47533333333333,8.27,104.7,0.05333333333333333,-0.33666666666666667,0.22666666666666666,NA,8.226666666666667,154.9,134.7,0.06,88,0.01038831428052985,37.72940333333333,-90.90843,328.9,973.1999999999999
039,2026-06-10,2026-06-10T11:48:48Z,0.20633333333333334,0.20633333333333334,27.44,8.323333333333334,105.33333333333334,0.05666666666666667,-0.35333333333333333,0.24666666666666667,NA,8.21,155.4,134.6,0.06,87.33333333333333,0.019914716022500455,37.72940333333333,-90.90843,329.4,973.1555555555555
039,2026-06-10,2026-06-10T11:48:51Z,0.30533333333333335,0.30533333333333335,27.427666666666667,8.363333333333333,105.8,0.05,-0.3666666666666667,0.25,NA,8.2,155.8,134.4,0.06,87,0.029418435855561604,37.72941,-90.90843,329.76666666666665,973.1555555555555
039,2026-06-10,2026-06-10T11:48:54Z,0.41933333333333334,0.41933333333333334,27.41766666666667,8.386666666666667,106.06666666666666,0.06666666666666667,-0.27,0.2566666666666667,NA,8.2,156.1,134.2,0.06,87,0.040441843585556164,37.72940333333333,-90.90843,330.03333333333336,973.1111111111111
039,2026-06-10,2026-06-10T11:48:57Z,0.5386666666666666,0.5386666666666666,27.407666666666668,8.393333333333334,106.1,0.08333333333333333,-0.37,0.24333333333333335,NA,8.2,156.1,134.3,0.06,87,0.051918889493739795,37.7294,-90.90843,330,973.0666666666666
039,2026-06-10,2026-06-10T11:49:00Z,0.6243333333333333,0.6243333333333333,27.434666666666665,8.403333333333334,106.3,0.07,-0.3,0.16666666666666666,NA,8.2,156.46666666666667,134.43333333333334,0.06,87,0.060175104336780985,37.72941,-90.90843,329.7,973.1555555555555
039,2026-06-10,2026-06-10T11:49:03Z,0.754,0.754,27.393333333333334,8.426666666666666,106.5,0.06,-0.3233333333333333,0.31666666666666665,NA,8.2,156.93333333333334,134.4,0.06,87,0.07271819996370894,37.72941,-90.90842,329.3333333333333,973.1111111111111
039,2026-06-10,2026-06-10T11:49:06Z,0.8563333333333333,0.8563333333333333,27.379666666666665,8.43,106.5,0.03333333333333333,-0.32,0.2866666666666667,NA,8.19,157.5,134.3,0.06,87,0.08260751224823082,37.72940333333333,-90.90842,328.96666666666664,973.0666666666666
039,2026-06-10,2026-06-10T11:49:09Z,0.947,0.947,27.371333333333332,8.44,106.63333333333333,0.08333333333333333,-0.29333333333333333,0.21,NA,8.19,158.03333333333333,134.33333333333334,0.06,87,0.09134004717837053,37.7294,-90.90842,328.93333333333334,972.9333333333334
039,2026-06-10,2026-06-10T11:49:12Z,1.044,1.044,27.353666666666665,8.443333333333333,106.63333333333333,0.1,-0.2866666666666667,0.19333333333333333,NA,8.186666666666666,158.8,134.23333333333332,0.06,87,0.10066231174015605,37.7294,-90.90842,329.2,973.0666666666666
039,2026-06-10,2026-06-10T11:49:15Z,1.1523333333333334,1.1523333333333334,27.360333333333333,8.456666666666667,106.8,0.1,-0.28,0.20666666666666667,NA,8.186666666666666,159.2,134.13333333333333,0.06,87,0.11114135365632372,37.7294,-90.90842,329.2,973.0666666666666
039,2026-06-10,2026-06-10T11:49:18Z,1.2715,1.2715,27.369,8.45,106.775,0.0775,-0.24,0.22249999999999998,NA,8.19,159.55,134.17499999999998,0.06,87,0.12263541099618944,37.7294,-90.9084125,329.45,973.1333333333332
039,2026-06-10,2026-06-10T11:49:21Z,1.363,1.363,27.37633333333333,8.456666666666667,106.86666666666667,0.07666666666666667,-0.29,0.2,NA,8.19,159.93333333333334,134.36666666666667,0.06,87,0.13144166213028488,37.7294,-90.90841,329.8,973.1999999999999
039,2026-06-10,2026-06-10T11:49:24Z,1.3983333333333332,1.3983333333333332,27.363666666666667,8.456666666666667,106.86666666666666,0.13,-0.2733333333333333,0.36333333333333334,NA,8.19,160.36666666666667,134.2,0.06,87,0.13479858464888406,37.7294,-90.9084,329.8333333333333,973.1555555555555
039,2026-06-10,2026-06-10T11:49:27Z,1.4633333333333334,1.4633333333333334,27.355333333333334,8.47,107,0.12666666666666668,-0.23,0.2966666666666667,NA,8.19,160.86666666666667,134.13333333333333,0.06,87,0.14117220105244058,37.7294,-90.9084,329.76666666666665,973.0666666666666
039,2026-06-10,2026-06-10T11:49:30Z,1.5373333333333332,1.5373333333333332,27.347,8.466666666666667,106.96666666666667,0.10666666666666667,-0.30333333333333334,0.38666666666666666,NA,8.19,161.36666666666667,134.16666666666666,0.06,87,0.14829432045000907,37.7294,-90.9084,329.96666666666664,973.0666666666666
039,2026-06-10,2026-06-10T11:49:33Z,1.6206666666666667,1.6206666666666667,27.333333333333332,8.466666666666667,106.9,0.09333333333333334,-0.2966666666666667,0.3233333333333333,NA,8.19,161.63333333333333,134.06666666666666,0.06,87,0.15627835238613683,37.729396666666666,-90.9084,330,973.0666666666666
039,2026-06-10,2026-06-10T11:49:36Z,1.7003333333333333,1.7003333333333333,27.307333333333336,8.476666666666667,107,0.13,-0.26333333333333336,0.39999999999999997,NA,8.19,161.93333333333334,134.3,0.06,87,0.16399020141535112,37.72939,-90.9084,330.1,973.1111111111111
039,2026-06-10,2026-06-10T11:49:39Z,1.744,1.744,27.269000000000002,8.48,106.93333333333334,0.13,-0.23333333333333334,0.35333333333333333,NA,8.19,162.3,134.46666666666667,0.06,87,0.16818635456360007,37.729396666666666,-90.9084,330.1333333333333,973.1111111111111
039,2026-06-10,2026-06-10T11:49:42Z,1.811,1.811,27.258666666666667,8.48,107,0.10666666666666667,-0.2633333333333333,0.15,NA,8.19,162.6,134.2,0.06,87,0.1746053347849755,37.72939,-90.9084,330.3,973.1111111111111
039,2026-06-10,2026-06-10T11:49:45Z,1.9123333333333334,1.9123333333333334,27.247,8.49,107.03333333333333,0.15,-0.3066666666666667,0.38,NA,8.2,162.76666666666668,134.16666666666666,0.06,87,0.18440391943385956,37.729396666666666,-90.90840333333334,330.1666666666667,973.1555555555555
039,2026-06-10,2026-06-10T11:49:48Z,1.9733333333333334,1.9733333333333334,27.245333333333335,8.48,106.9,0.09,-0.27666666666666667,0.37333333333333335,NA,8.2,163.13333333333333,134.16666666666666,0.06,87,0.190323897659227,37.7294,-90.90841,329.8666666666667,973.1999999999999
039,2026-06-10,2026-06-10T11:49:51Z,2.0396666666666667,2.0396666666666667,27.239666666666665,8.486666666666666,106.96666666666667,0.14666666666666667,-0.2633333333333333,0.37666666666666665,NA,8.2,163.63333333333333,134.2,0.06,87,0.196720195971693,37.7294,-90.90841,329.7,973.1555555555555
039,2026-06-10,2026-06-10T11:49:54Z,2.1186666666666665,2.1186666666666665,27.234666666666666,8.49,107,0.10333333333333333,-0.2833333333333333,0.39,NA,8.2,163.93333333333334,134.26666666666668,0.06,87,0.2043866811830884,37.7294,-90.90841,329.8,973.1555555555555
039,2026-06-10,2026-06-10T11:49:57Z,2.1603333333333334,2.1603333333333334,27.215666666666667,8.496666666666666,107.06666666666666,0.13666666666666666,-0.24666666666666665,0.30666666666666664,NA,8.2,164.36666666666667,134.3,0.06,87,0.20837869715115223,37.7294,-90.90841,329.8,973.1999999999999
039,2026-06-10,2026-06-10T11:50:00Z,2.231,2.231,27.218333333333334,8.493333333333334,107.03333333333333,0.13333333333333333,-0.26666666666666666,0.2866666666666667,NA,8.19,164.9,134.23333333333332,0.06,87,0.2151832698239884,37.7294,-90.90841,329.76666666666665,973.0666666666666
039,2026-06-10,2026-06-10T11:50:03Z,2.266,2.266,27.219,8.496666666666666,107.06666666666666,0.12666666666666665,-0.26666666666666666,0.34,NA,8.19,165.6,134.23333333333332,0.06,87,0.21854019234258756,37.7294,-90.90841,329.5,973.1999999999999
039,2026-06-10,2026-06-10T11:50:06Z,2.317,2.317,27.219333333333335,8.49,107,0.15,-0.23666666666666666,0.2833333333333333,NA,8.193333333333333,165.56666666666666,134.1,0.06,87,0.22346216657593904,37.7294,-90.90841,329.2,973.0666666666666
039,2026-06-10,2026-06-10T11:50:09Z,2.3636666666666666,2.3636666666666666,27.213,8.49,107,0.15333333333333332,-0.25666666666666665,0.4,NA,8.2,165.46666666666667,134.13333333333333,0.06,87,0.22797586644892034,37.7294,-90.90841,329.1,973.1111111111111
039,2026-06-10,2026-06-10T11:50:12Z,2.399,2.399,27.212666666666667,8.496666666666666,107.06666666666666,0.13666666666666666,-0.26,0.38333333333333336,NA,8.2,165.9,134.23333333333332,0.06,87,0.2313781527853384,37.7294,-90.90841,329.06666666666666,973.1111111111111
039,2026-06-10,2026-06-10T11:50:15Z,2.474666666666667,2.474666666666667,27.206333333333333,8.5,107.1,0.14666666666666667,-0.26,0.33666666666666667,NA,8.2,166.16666666666666,134.2,0.06,87,0.2386590455452731,37.7294,-90.90841,329.03333333333336,973.1999999999999
039,2026-06-10,2026-06-10T11:50:18Z,2.5313333333333334,2.5313333333333334,27.209,8.493333333333334,107,0.16666666666666666,-0.24,0.27,NA,8.2,166.56666666666666,134.1,0.06,87,0.24412538559245145,37.7294,-90.90841,329.23333333333335,973.1555555555555
039,2026-06-10,2026-06-10T11:50:24Z,2.6003333333333334,2.6003333333333334,27.194666666666667,8.5,107,0.13333333333333333,-0.25666666666666665,0.37,NA,8.2,167.2,134.13333333333333,0.06,87,0.25077118490292144,37.7294,-90.90841,329.1,973.1999999999999
039,2026-06-10,2026-06-10T11:50:27Z,2.6396666666666664,2.6396666666666664,27.196666666666665,8.493333333333334,106.96666666666667,0.11666666666666667,-0.23333333333333334,0.42000000000000004,NA,8.2,167.5,134.1,0.06,87,0.2545817455997097,37.7294,-90.90841,329.1333333333333,973.1999999999999
039,2026-06-10,2026-06-10T11:50:30Z,2.7156666666666665,2.7156666666666665,27.188666666666666,8.49,106.93333333333334,0.16333333333333333,-0.2566666666666667,0.5266666666666667,NA,8.2,167.73333333333332,134.16666666666666,0.06,87,0.26186263835964435,37.7294,-90.90841,328.93333333333334,973.1111111111111
039,2026-06-10,2026-06-10T11:50:33Z,2.77,2.77,27.185333333333332,8.49,106.96666666666667,0.17,-0.24333333333333335,0.3566666666666667,NA,8.2,167.93333333333334,134.3,0.06,87,0.26712484122663765,37.7294,-90.90841,328.96666666666664,973.1999999999999
039,2026-06-10,2026-06-10T11:50:36Z,2.839,2.839,27.183666666666667,8.493333333333334,106.96666666666667,0.13333333333333333,-0.25,0.27666666666666667,NA,8.2,168.3,134.16666666666666,0.06,87,0.27379332244601706,37.7294,-90.90841,328.9,973.1555555555555
039,2026-06-10,2026-06-10T11:50:39Z,2.905333333333333,2.905333333333333,27.183666666666667,8.49,106.9,0.12333333333333334,-0.24666666666666667,0.39666666666666667,NA,8.2,168.63333333333333,133.96666666666667,0.06,87,0.2802123026673925,37.7294,-90.90841,328.7,973.1999999999999
039,2026-06-10,2026-06-10T11:50:42Z,2.9913333333333334,2.9913333333333334,27.180333333333333,8.49,106.9,0.15333333333333332,-0.25333333333333335,0.44,NA,8.2,168.96666666666667,134.13333333333333,0.06,87,0.28846851751043373,37.7294,-90.90841,328.76666666666665,973.1999999999999
039,2026-06-10,2026-06-10T11:50:48Z,3.032,3.032,27.165333333333333,8.493333333333334,106.93333333333334,0.14,-0.24,0.39999999999999997,NA,8.2,169.43333333333334,134.4,0.06,87,0.2923924877517692,37.7294,-90.90841,328.93333333333334,973.1999999999999
039,2026-06-10,2026-06-10T11:50:51Z,3.0756666666666668,3.0756666666666668,27.159666666666666,8.49,106.9,0.18333333333333335,-0.25,0.4166666666666667,NA,8.19,169.96666666666667,134.23333333333332,0.06,87,0.2966340047178371,37.72940333333333,-90.90841,329,973.2444444444444
039,2026-06-10,2026-06-10T11:51:00Z,3.130666666666667,3.130666666666667,27.163,8.49,106.9,0.17,-0.23666666666666666,0.33,NA,8.196666666666665,170.56666666666666,133.93333333333334,0.06,87,0.30194157140264927,37.72941,-90.90842,328.46666666666664,973.1999999999999
039,2026-06-10,2026-06-10T11:51:03Z,3.1863333333333332,3.1863333333333332,27.163,8.49,106.9,0.15666666666666668,-0.27999999999999997,0.44,NA,8.196666666666665,170.8,134.1,0.06,87,0.3073171838141898,37.72941,-90.90842,328.26666666666665,973.1999999999999
039,2026-06-10,2026-06-10T11:51:06Z,3.2536666666666667,3.2536666666666667,27.159333333333333,8.49,106.9,0.15333333333333335,-0.21333333333333335,0.4633333333333333,NA,8.193333333333333,171.13333333333333,134.23333333333332,0.06,87,0.31378152785338415,37.72942,-90.90842,328.26666666666665,973.2888888888889
039,2026-06-10,2026-06-10T11:51:09Z,3.3243333333333336,3.3243333333333336,27.160666666666668,8.483333333333334,106.8,0.17333333333333334,-0.2,0.42333333333333334,NA,8.19,171.56666666666666,134.23333333333332,0.06,87,0.32060878243512975,37.72942,-90.90842666666667,328.43333333333334,973.2444444444444
039,2026-06-10,2026-06-10T11:51:12Z,3.42,3.42,27.157333333333334,8.48,106.73333333333333,0.19333333333333333,-0.25333333333333335,0.5066666666666667,NA,8.186666666666666,172.06666666666666,134.13333333333333,0.06,87,0.3298630012701869,37.72942,-90.90843333333333,328.3666666666667,973.1999999999999
039,2026-06-10,2026-06-10T11:51:15Z,3.4603333333333333,3.4603333333333333,27.146,8.48,106.76666666666667,0.16333333333333333,-0.26333333333333336,0.4266666666666667,NA,8.19,172.2,134.03333333333333,0.06,87,0.33371892578479406,37.72942,-90.90844,328.1666666666667,973.1555555555555
039,2026-06-10,2026-06-10T11:51:18Z,3.528,3.528,27.138333333333332,8.483333333333334,106.8,0.13333333333333333,-0.29000000000000004,0.4533333333333333,NA,8.186666666666666,172.63333333333333,134,0.06,87,0.3402739974596262,37.72942,-90.90844666666666,328.8,973.2444444444444
039,2026-06-10,2026-06-10T11:51:21Z,3.606333333333333,3.606333333333333,27.133,8.486666666666666,106.76666666666667,0.16666666666666666,-0.31666666666666665,0.3666666666666667,NA,8.183333333333334,172.93333333333334,134.1,0.06,87,0.34778170930865543,37.72942,-90.90845,329.3333333333333,973.1999999999999
039,2026-06-10,2026-06-10T11:51:24Z,3.7023333333333333,3.7023333333333333,27.123,8.49,106.8,0.15,-0.30666666666666664,0.43666666666666665,NA,8.18,173.23333333333332,134.2,0.06,87,0.3570812919615315,37.72942,-90.90845,329.6666666666667,973.1999999999999
039,2026-06-10,2026-06-10T11:51:27Z,3.7733333333333334,3.7733333333333334,27.094333333333335,8.49,106.76666666666667,0.19,-0.21666666666666667,0.4533333333333333,NA,8.186666666666666,173.43333333333334,134.3,0.06,87,0.3639085465432771,37.72942,-90.90845,329.6333333333333,973.2444444444444
039,2026-06-10,2026-06-10T11:51:30Z,3.823,3.823,27.073,8.5,106.8,0.13666666666666666,-0.23666666666666666,0.38666666666666666,NA,8.19,173.63333333333333,134.26666666666668,0.06,87,0.3686490655053529,37.72942,-90.90845,329.56666666666666,973.2888888888889
039,2026-06-10,2026-06-10T11:51:33Z,3.8529999999999998,3.8529999999999998,27.071,8.503333333333334,106.86666666666667,0.18666666666666668,-0.2566666666666667,0.4666666666666667,NA,8.19,173.6,134.1,0.06,87,0.3716203955724914,37.72942,-90.90845333333334,329.3333333333333,973.1111111111111
039,2026-06-10,2026-06-10T11:51:36Z,3.903,3.903,27.044333333333334,8.51,106.9,0.12666666666666668,-0.23666666666666666,0.4866666666666667,NA,8.19,173.76666666666668,134.1,0.06,87,0.37640627835238616,37.72942,-90.90845666666667,329.1333333333333,973.1999999999999
039,2026-06-10,2026-06-10T11:51:39Z,3.957333333333333,3.957333333333333,26.995,8.513333333333334,106.9,0.11333333333333333,-0.29000000000000004,0.43,NA,8.19,174.23333333333335,134.23333333333332,0.06,87,0.3816684812193794,37.72942,-90.90846,329.1333333333333,973.1555555555555
039,2026-06-10,2026-06-10T11:51:42Z,4.027333333333333,4.027333333333333,26.954,8.503333333333334,106.7,0.13333333333333333,-0.28,0.6566666666666666,NA,8.19,174.4,134.4,0.06,87,0.3884503719833061,37.72942,-90.90846,329.23333333333335,973.1999999999999
039,2026-06-10,2026-06-10T11:51:45Z,4.097666666666667,4.097666666666667,26.881666666666668,8.513333333333334,106.63333333333333,0.13,-0.21,0.44,NA,8.19,174.53333333333333,134.3,0.06,87,0.39520958083832336,37.72942,-90.90845333333334,329.3666666666667,973.1999999999999
039,2026-06-10,2026-06-10T11:51:48Z,4.1466666666666665,4.1466666666666665,26.876,8.53,106.83333333333333,0.12666666666666668,-0.2966666666666667,0.43,NA,8.2,174.43333333333334,134.13333333333333,0.06,87,0.3999500998003992,37.72942,-90.90845,329.26666666666665,973.1999999999999
039,2026-06-10,2026-06-10T11:51:51Z,4.203333333333333,4.203333333333333,26.860666666666667,8.536666666666665,106.93333333333334,0.16333333333333333,-0.2833333333333333,0.36,NA,8.2,174.7,134.16666666666666,0.06,87,0.40543912175648705,37.72942,-90.90845,329.1333333333333,973.1999999999999
039,2026-06-10,2026-06-10T11:51:54Z,4.258,4.258,26.785,8.556666666666667,107,0.15,-0.27666666666666667,0.7033333333333334,NA,8.196666666666665,175.06666666666666,134.1,0.06,87,0.41074668844129925,37.72942,-90.90845,329.06666666666666,973.1999999999999
039,2026-06-10,2026-06-10T11:51:57Z,4.3133333333333335,4.3133333333333335,26.706333333333333,8.433333333333334,105.3,0.21666666666666667,-0.18333333333333335,0.7566666666666667,NA,8.19,175.56666666666666,134.16666666666666,0.06,87,0.41603157321720197,37.72942,-90.90845,329.1333333333333,973.1555555555555
039,2026-06-10,2026-06-10T11:52:00Z,4.358333333333333,4.358333333333333,25.945333333333334,8.436666666666666,104.10000000000001,0.3,-0.20666666666666667,1.04,NA,8.19,176.2,135.46666666666667,0.06,88,0.42045454545454547,37.72942,-90.90845,328.93333333333334,973.1555555555555
039,2026-06-10,2026-06-10T11:52:03Z,4.407,4.407,24.775666666666666,8.726666666666667,105.43333333333334,0.31333333333333335,-0.19333333333333333,1.2333333333333334,NA,8.186666666666666,177.2,137.23333333333332,0.06,89.33333333333333,0.42528579205225914,37.72942,-90.90845,328.8333333333333,973.1999999999999
039,2026-06-10,2026-06-10T11:52:06Z,4.464333333333333,4.464333333333333,24.412,8.923333333333334,106.86666666666667,0.32666666666666666,-0.13333333333333333,1.23,NA,8.17,177.8,136.23333333333332,0.06,88.33333333333333,0.4308655416439848,37.72942,-90.90844666666666,328.8333333333333,973.2444444444444
039,2026-06-10,2026-06-10T11:52:09Z,4.496,4.496,23.866666666666667,9.05,107.33333333333333,0.35000000000000003,-0.17333333333333334,1.1833333333333333,NA,8.1466666666666665,178.4,135.53333333333333,0.06,88,0.4339729631645799,37.72942,-90.90844,329.1,973.2888888888889
039,2026-06-10,2026-06-10T11:52:12Z,4.604333333333333,4.604333333333333,23.651666666666667,9.186666666666667,108.46666666666667,0.30333333333333334,-0.08666666666666667,1.3,NA,8.136666666666667,178.63333333333333,135,0.06,88,0.44447468698965703,37.72942,-90.90844,329.3333333333333,973.1999999999999
039,2026-06-10,2026-06-10T11:52:15Z,4.71,4.71,23.608,9.273333333333333,109.36666666666667,0.39666666666666667,-0.12333333333333334,1.2633333333333334,NA,8.14,178.9,134.5,0.06,87,0.45465886409000184,37.72942,-90.90844,329.26666666666665,973.1999999999999
039,2026-06-10,2026-06-10T11:52:18Z,4.811,4.811,23.442666666666668,9.316666666666666,109.63333333333333,0.3466666666666667,-0.10666666666666667,1.39,NA,8.136666666666667,179.26666666666668,134.76666666666668,0.06,87.66666666666667,0.4644347668299764,37.72942,-90.90844,329.3666666666667,973.3333333333334
039,2026-06-10,2026-06-10T11:52:21Z,4.866666666666666,4.866666666666666,23.291333333333334,9.39,110.1,0.35,-0.13666666666666666,1.35,NA,8.123333333333333,179.73333333333332,134.63333333333333,0.06,87.33333333333333,0.46978769733260756,37.72942,-90.90844,329.46666666666664,973.3333333333334
039,2026-06-10,2026-06-10T11:52:24Z,4.9319999999999995,4.9319999999999995,22.817999999999998,9.48,110.33333333333334,0.48333333333333334,-0.10666666666666667,1.7933333333333332,NA,8.106666666666666,180.36666666666667,134.63333333333333,0.06,87.66666666666667,0.4761839956450735,37.72942,-90.90844,329.4,973.3333333333334
039,2026-06-10,2026-06-10T11:52:27Z,5.011,5.011,22.476666666666667,9.46,109.33333333333333,0.5466666666666667,-0.1,1.9566666666666668,NA,8.076666666666666,181.1,134.63333333333333,0.06,87.33333333333333,0.48382779894755945,37.72942,-90.90844,329.46666666666664,973.2444444444444
039,2026-06-10,2026-06-10T11:52:30Z,5.082,5.082,22.053,9.326666666666666,106.96666666666667,0.6033333333333333,-0.05333333333333333,2.003333333333333,NA,8.026666666666666,182.36666666666667,135.46666666666667,0.06,88,0.4907684630738523,37.72942,-90.90843,329.46666666666664,973.2444444444444
039,2026-06-10,2026-06-10T11:52:33Z,5.151,5.151,21.707333333333334,9.2,104.76666666666667,0.6066666666666667,-0.06333333333333334,2.32,NA,7.97,183.53333333333333,135.46666666666667,0.06,88,0.4974596262021412,37.72942,-90.90843,329.3,973.2888888888889
039,2026-06-10,2026-06-10T11:52:36Z,5.223333333333334,5.223333333333334,21.522000000000002,9.076666666666666,102.89999999999999,0.62,0.013333333333333334,2.27,NA,7.91,184.36666666666667,135.6,0.06,88,0.5044683360551624,37.72941,-90.90843,329.3,973.2444444444444
039,2026-06-10,2026-06-10T11:52:39Z,5.305666666666667,5.305666666666667,21.340333333333334,8.87,100.23333333333333,0.7166666666666667,-0.013333333333333332,2.3066666666666666,NA,7.8533333333333335,185.3,135.26666666666668,0.06,88,0.5124523679912901,37.72941,-90.90842333333333,329.26666666666665,973.2888888888889
039,2026-06-10,2026-06-10T11:52:42Z,5.359666666666667,5.359666666666667,21.426,8.613333333333333,97.43333333333334,0.7666666666666667,0.0033333333333333327,2.59,NA,7.8133333333333335,186,134.43333333333334,0.06,87.33333333333333,0.5176465251315551,37.72941,-90.90842,329.3333333333333,973.2888888888889
039,2026-06-10,2026-06-10T11:52:45Z,5.449,5.449,21.358,8.42,95.2,0.72,0.01,2.51,NA,7.783333333333333,186.6,134.2,0.06,87,0.526288332426057,37.72941333333333,-90.90842666666667,329.1,973.3777777777779
039,2026-06-10,2026-06-10T11:52:48Z,5.524666666666667,5.524666666666667,21.248333333333335,8.283333333333333,93.36666666666667,0.74,-0.026666666666666665,2.3233333333333333,NA,7.773333333333333,186.96666666666667,134.4,0.06,87,0.5335692251859917,37.72941333333333,-90.90843,329.2,973.2888888888889
039,2026-06-10,2026-06-10T11:52:51Z,5.591333333333334,5.591333333333334,20.878,8.236666666666666,92.33333333333333,0.7133333333333334,0.01,2.6233333333333335,NA,7.753333333333333,187.53333333333333,134.53333333333333,0.06,87.33333333333333,0.5400562511340954,37.72941,-90.90843,329.83333333333337,973.3333333333334
039,2026-06-10,2026-06-10T11:52:54Z,5.664,5.664,20.747333333333334,8.116666666666667,90.63333333333334,0.7033333333333333,0.016666666666666666,2.723333333333333,NA,7.74,187.9,134.5,0.06,87.33333333333333,0.5471103248049356,37.72941,-90.90843,330.56666666666666,973.1999999999999
039,2026-06-10,2026-06-10T11:52:57Z,5.730333333333333,5.730333333333333,20.559,7.963333333333333,88.63333333333334,0.77,0.05666666666666667,2.6599999999999997,NA,7.72,188.4,134.33333333333334,0.06,87,0.5535519869352205,37.72941,-90.90843,330.8,973.1999999999999
039,2026-06-10,2026-06-10T11:53:00Z,5.805666666666666,5.805666666666666,20.510666666666665,7.816666666666666,86.83333333333334,0.8133333333333334,0.11666666666666667,2.5033333333333334,NA,7.69,189.13333333333333,133.86666666666667,0.06,87,0.5608328796951552,37.72940333333333,-90.90843,331.23333333333335,973.2444444444444
039,2026-06-10,2026-06-10T11:53:03Z,5.870666666666667,5.870666666666667,20.168333333333333,7.67,84.73333333333333,0.6733333333333333,0.05333333333333334,3.37,NA,7.66,189.73333333333332,133.33333333333331,0.06,87,0.5671611322808928,37.7294,-90.90842333333333,331.5,973.1999999999999
039,2026-06-10,2026-06-10T11:53:06Z,5.944,5.944,19.87333333333333,7.44,81.7,0.67,0.06333333333333334,3.3266666666666667,NA,7.616666666666666,190.46666666666667,133.36666666666667,0.06,87,0.5742378878606423,37.7294,-90.90842,331.3666666666667,973.2444444444444
039,2026-06-10,2026-06-10T11:53:09Z,5.990666666666667,5.990666666666667,19.770333333333333,7.02,76.89999999999999,0.7666666666666667,0.07333333333333333,2.89,NA,7.58,191.2,133.66666666666666,0.06,87,0.5787742696425332,37.7294,-90.90842,331.1,973.2444444444444
039,2026-06-10,2026-06-10T11:53:12Z,6.022333333333333,6.022333333333333,19.667333333333332,6.6066666666666665,72.2,0.7833333333333333,0.12333333333333334,2.953333333333333,NA,7.543333333333333,192.1,133.23333333333332,0.06,86.66666666666667,0.5818816911631283,37.7294,-90.90841333333334,330.96666666666664,973.2444444444444
039,2026-06-10,2026-06-10T11:53:15Z,6.050666666666666,6.050666666666666,19.600666666666665,6.246666666666667,68.16666666666667,0.9566666666666667,0.10666666666666667,3.063333333333333,NA,7.51,192.8,132.66666666666666,0.06,86,0.5846488840500816,37.7294,-90.90841,330.6,973.3333333333334
039,2026-06-10,2026-06-10T11:53:18Z,6.102,6.102,19.531666666666666,5.956666666666667,64.93333333333334,0.97,0.12,2.9066666666666667,NA,7.48,193.4,132.6,0.06,86,0.5895708582834331,37.729393333333334,-90.9084,330.4,973.2444444444444
039,2026-06-10,2026-06-10T11:53:21Z,6.183666666666666,6.183666666666666,19.482333333333333,5.67,61.766666666666666,0.8966666666666667,0.15,3.0833333333333335,NA,7.46,194.2,132.63333333333333,0.06,86,0.5974641625839231,37.72939,-90.9084,330.1333333333333,973.2888888888889
039,2026-06-10,2026-06-10T11:53:24Z,6.238,6.238,19.348333333333333,5.373333333333333,58.4,0.86,0.14,3.3033333333333332,NA,7.43,194.83333333333334,132.83333333333334,0.06,86,0.6027263654509164,37.72939,-90.9084,329.6333333333333,973.2444444444444
039,2026-06-10,2026-06-10T11:53:27Z,6.337,6.337,19.201333333333334,5.116666666666666,55.4,0.9166666666666666,0.16333333333333333,3.76,NA,7.406666666666667,195.43333333333334,133,0.06,86,0.6123208129196154,37.72939,-90.90839,329.56666666666666,973.3777777777779
039,2026-06-10,2026-06-10T11:53:30Z,6.416666666666667,6.416666666666667,19.105999999999998,4.823333333333333,52.13333333333333,1.3066666666666666,0.15666666666666668,4.91,NA,7.39,195.83333333333334,133,0.06,86.33333333333333,0.6200553438577391,37.72939,-90.90839,329.6666666666667,973.1999999999999
039,2026-06-10,2026-06-10T11:53:33Z,6.512333333333333,6.512333333333333,18.922,4.536666666666667,48.86666666666667,1.2033333333333334,0.19666666666666668,3.703333333333333,NA,7.366666666666667,196.36666666666667,133.20000000000002,0.06,86.66666666666667,0.6293322446017057,37.72939,-90.90839,329.6,973.1999999999999
039,2026-06-10,2026-06-10T11:53:36Z,6.5776666666666666,6.5776666666666666,18.744666666666667,4.24,45.53333333333333,0.7966666666666666,0.15,4.203333333333333,NA,7.35,196.96666666666667,132.9,0.06,86,0.6356378152785338,37.72939,-90.90839,329.43333333333334,973.2444444444444
039,2026-06-10,2026-06-10T11:53:39Z,6.64,6.64,18.25,4.036666666666667,42.96666666666667,1.1233333333333333,0.21666666666666667,3.82,NA,7.326666666666667,198.03333333333333,133.26666666666668,0.06,87,0.641739248775177,37.72939,-90.90839,329.7,973.1999999999999
039,2026-06-10,2026-06-10T11:53:42Z,6.685333333333333,6.685333333333333,18.111666666666668,3.8233333333333333,40.53333333333333,0.9466666666666667,0.21666666666666667,4.1433333333333335,NA,7.303333333333333,198.63333333333333,133.36666666666667,0.06,87,0.6461168571947016,37.72939,-90.90839,329.9,973.1999999999999
039,2026-06-10,2026-06-10T11:53:45Z,6.749,6.749,17.981333333333332,3.52,37.2,0.6133333333333333,0.15,3.3433333333333333,NA,7.286666666666667,199.1,133.13333333333333,0.06,86.66666666666667,0.6523090183269824,37.72939,-90.90839,330.1,973.1999999999999
039,2026-06-10,2026-06-10T11:53:48Z,6.817333333333333,6.817333333333333,17.775666666666666,3.2333333333333334,34,0.6933333333333334,0.19666666666666666,3.3133333333333335,NA,7.266666666666667,199.6,133.16666666666666,0.06,86.66666666666667,0.6589321357285429,37.7294,-90.90839,330.1,973.2888888888889
039,2026-06-10,2026-06-10T11:53:51Z,6.878333333333334,6.878333333333334,17.613,2.98,31.26666666666667,0.6033333333333333,0.18,2.6866666666666665,NA,7.256666666666667,200,133.33333333333334,0.06,87,0.6648521139539103,37.7294,-90.90839,329.9,973.3333333333334
039,2026-06-10,2026-06-10T11:53:54Z,6.922,6.922,17.342666666666666,2.7533333333333334,28.7,0.42,0.14666666666666667,1.8933333333333333,NA,7.236666666666667,200.73333333333335,133.13333333333333,0.06,86.66666666666667,0.6690709490110688,37.7294,-90.9084,329.8,973.2444444444444
039,2026-06-10,2026-06-10T11:53:57Z,6.978,6.978,17.083666666666666,2.51,26.033333333333335,0.5333333333333333,0.17,1.96,NA,7.216666666666667,201.73333333333335,133.06666666666666,0.06,86.66666666666667,0.6745372890582472,37.7294,-90.9084,329.96666666666664,973.3333333333334
039,2026-06-10,2026-06-10T11:54:00Z,7.035,7.035,16.789666666666665,2.2666666666666666,23.366666666666667,0.3466666666666667,0.19999999999999998,1.3833333333333333,NA,7.196666666666667,202.66666666666666,133.8,0.06,87,0.680026311014335,37.7294,-90.9084,330.1333333333333,973.2444444444444
039,2026-06-10,2026-06-10T11:54:03Z,7.089,7.089,16.552666666666667,2.0366666666666666,20.9,0.3433333333333333,0.11666666666666667,1.5633333333333332,NA,7.183333333333334,203.1,133.66666666666666,0.06,87,0.6852885138813283,37.7294,-90.9084,330.1,973.2444444444444
039,2026-06-10,2026-06-10T11:54:06Z,7.1386666666666665,7.1386666666666665,16.615333333333332,1.86,19.1,0.34,0.2,1.6199999999999999,NA,7.173333333333333,203.33333333333334,132.7,0.06,86,0.6900290328434041,37.7294,-90.9084,330.06666666666666,973.3333333333334
039,2026-06-10,2026-06-10T11:54:09Z,7.175666666666666,7.175666666666666,16.53633333333333,1.7366666666666666,17.8,0.33,0.17333333333333334,1.5833333333333333,NA,7.16,203.7,132.23333333333332,0.06,86,0.6937035020867356,37.7294,-90.9084,330.2,973.2444444444444
039,2026-06-10,2026-06-10T11:54:12Z,7.201666666666667,7.201666666666667,16.482666666666667,1.6266666666666667,16.666666666666668,0.29,0.17666666666666667,1.22,NA,7.15,203.8,132,0.06,86,0.6961985120667755,37.7294,-90.9084,330.43333333333334,973.2444444444444
039,2026-06-10,2026-06-10T11:54:15Z,7.247,7.247,16.24266666666667,1.5466666666666666,15.8,0.3566666666666667,0.2,1.5633333333333332,NA,7.1433333333333335,203.96666666666667,132.03333333333333,0.06,86,0.7006214843041191,37.7294,-90.9084,330.3,973.2444444444444
039,2026-06-10,2026-06-10T11:54:18Z,7.298666666666667,7.298666666666667,15.981666666666666,1.4733333333333334,14.933333333333334,0.32,0.22666666666666666,1.4233333333333333,NA,7.136666666666667,203.96666666666667,131.9,0.06,86,0.7056568680820178,37.7294,-90.9084,330.3333333333333,973.1999999999999
039,2026-06-10,2026-06-10T11:54:21Z,7.361666666666666,7.361666666666666,15.837333333333333,1.41,14.2,0.48000000000000004,0.24000000000000002,1.11,NA,7.13,204,131.6,0.06,85.66666666666667,0.7117809834875704,37.7294,-90.90839333333334,330.43333333333334,973.1999999999999
039,2026-06-10,2026-06-10T11:54:27Z,7.447333333333334,7.447333333333334,15.862,1.2966666666666666,13.066666666666666,0.30333333333333334,0.18666666666666668,1.1166666666666667,NA,7.113333333333333,204.1,130.43333333333334,0.06,85,0.7200371983306115,37.7294,-90.90839,329.8,973.1999999999999
039,2026-06-10,2026-06-10T11:54:30Z,7.5,7.5,15.697,1.2566666666666666,12.7,0.34,0.21666666666666667,1.1533333333333333,NA,7.11,203.86666666666667,130.43333333333334,0.06,85,0.7251406278352386,37.7294,-90.90839,329.6666666666667,973.1999999999999
039,2026-06-10,2026-06-10T11:54:33Z,7.562666666666667,7.562666666666667,15.517,1.23,12.366666666666667,0.39999999999999997,0.21333333333333332,1.3333333333333333,NA,7.1,204.33333333333334,130.63333333333333,0.06,85,0.7312420613318817,37.7294,-90.90839,329.46666666666664,973.2888888888889
039,2026-06-10,2026-06-10T11:54:36Z,7.620666666666667,7.620666666666667,15.421333333333333,1.1933333333333334,11.933333333333334,0.36333333333333334,0.23666666666666666,1.3633333333333333,NA,7.09,204.96666666666667,130.96666666666667,0.06,85,0.7368671747414263,37.7294,-90.90839,329.3666666666667,973.1999999999999
039,2026-06-10,2026-06-10T11:54:39Z,7.667,7.667,15.433666666666667,1.1533333333333333,11.566666666666666,0.34,0.23666666666666666,1.8199999999999998,NA,7.08,205.66666666666666,130.86666666666667,0.06,85,0.7413128288876791,37.7294,-90.90839,329.3666666666667,973.1999999999999
039,2026-06-10,2026-06-10T11:54:42Z,7.748,7.748,15.345,1.09,10.9,0.26,0.2533333333333333,1.55,NA,7.07,206.06666666666666,130.73333333333332,0.06,85,0.7491834512792597,37.7294,-90.90839,329.4,973.1999999999999
039,2026-06-10,2026-06-10T11:54:45Z,7.813,7.813,15.108,1.0366666666666666,10.3,0.29000000000000004,0.18666666666666668,1.4000000000000001,NA,7.07,206.23333333333332,131.3,0.06,85,0.7554890219560878,37.7294,-90.90839,329.7,973.2888888888889
039,2026-06-10,2026-06-10T11:54:48Z,7.895666666666667,7.895666666666667,15.13,0.9766666666666667,9.7,0.3333333333333333,0.21666666666666667,1.3566666666666667,NA,7.07,206.3,130.8,0.06,85,0.7634957358011251,37.729393333333334,-90.90839,330.1666666666667,973.2444444444444
039,2026-06-10,2026-06-10T11:54:51Z,7.944333333333334,7.944333333333334,15.049999999999999,0.9366666666666666,9.3,0.2866666666666667,0.2,1.2733333333333334,NA,7.06,206.3,130.83333333333334,0.06,85,0.7682135728542915,37.729393333333334,-90.90839,330.4,973.1999999999999
039,2026-06-10,2026-06-10T11:54:54Z,7.991666666666666,7.991666666666666,14.73,0.9133333333333333,9,0.2833333333333333,0.25,1.5833333333333333,NA,7.06,206.4,131.56666666666666,0.06,85.33333333333333,0.7728180003629106,37.7294,-90.90839,330.46666666666664,973.1999999999999
039,2026-06-10,2026-06-10T11:54:57Z,8.063666666666666,8.063666666666666,14.584666666666667,0.89,8.766666666666667,0.2733333333333334,0.24333333333333335,1.4866666666666668,NA,7.06,206.5,131.4,0.06,85.33333333333333,0.7797813463981129,37.72939,-90.90839,330.6,973.2888888888889
039,2026-06-10,2026-06-10T11:55:00Z,8.102,8.102,14.651,0.86,8.433333333333334,0.30666666666666664,0.18333333333333335,1.5133333333333334,NA,7.053333333333333,206.5,130.56666666666666,0.06,85,0.7835465432770823,37.72939,-90.90839,330.6666666666667,973.2444444444444
039,2026-06-10,2026-06-10T11:55:03Z,8.161666666666667,8.161666666666667,14.359,0.8333333333333333,8.2,0.22666666666666666,0.18333333333333335,2.413333333333333,NA,7.05,206.6,130.86666666666667,0.06,85,0.7893077481400834,37.72939,-90.90839,330.5,973.2444444444444
039,2026-06-10,2026-06-10T11:55:06Z,8.213666666666667,8.213666666666667,14.054333333333334,0.8233333333333333,7.966666666666667,0.25666666666666665,0.2733333333333333,1.7666666666666666,NA,7.05,206.53333333333333,130.8,0.06,85,0.7943658138268916,37.72939,-90.90839,330.53333333333336,973.1999999999999
039,2026-06-10,2026-06-10T11:55:09Z,8.249,8.249,14.006333333333334,0.82,7.966666666666667,0.27666666666666667,0.30333333333333334,1.7366666666666668,NA,7.046666666666667,206.53333333333333,130.43333333333334,0.06,85,0.7977681001633098,37.72939,-90.90839,330.53333333333336,973.2444444444444
039,2026-06-10,2026-06-10T11:55:12Z,8.287666666666667,8.287666666666667,13.892,0.82,7.966666666666667,0.2733333333333333,0.24666666666666667,2.07,NA,7.04,206.4,130.03333333333333,0.06,84.66666666666667,0.801578660860098,37.72939,-90.90839,330.5,973.2444444444444
039,2026-06-10,2026-06-10T11:55:15Z,8.341666666666667,8.341666666666667,13.736333333333333,0.8333333333333333,8.033333333333333,0.26666666666666666,0.31,2.0366666666666666,NA,7.04,206.5,130.33333333333334,0.06,85,0.8067728180003629,37.72939,-90.90839,330.56666666666666,973.3333333333334
039,2026-06-10,2026-06-10T11:55:18Z,8.398666666666667,8.398666666666667,13.698333333333334,0.85,8.2,0.2566666666666667,0.2633333333333333,1.8533333333333335,NA,7.026666666666666,206.7,129.66666666666666,0.06,84,0.8122845218653603,37.72939,-90.90838666666666,330.43333333333334,973.4222222222222
039,2026-06-10,2026-06-10T11:55:21Z,8.463000000000001,8.463000000000001,13.246666666666666,0.8733333333333333,8.333333333333334,0.23333333333333334,0.22,2.03,NA,7.02,207.23333333333335,130.70000000000002,0.06,85,0.8185447287243695,37.72939,-90.90838666666666,330.2,973.3333333333334
039,2026-06-10,2026-06-10T11:55:24Z,8.503333333333334,8.503333333333334,13.391,0.9,8.566666666666666,0.27666666666666667,0.33666666666666667,2.3266666666666667,NA,7.013333333333333,207.56666666666666,130.33333333333334,0.06,85,0.8224460170567955,37.72939,-90.90839,330.1,973.2444444444444
039,2026-06-10,2026-06-10T11:55:27Z,8.540333333333333,8.540333333333333,13.269,0.91,8.7,0.28,0.3333333333333333,2.8166666666666664,NA,7.003333333333333,207.9,130.4,0.06,85,0.8260297586644891,37.72939,-90.90839,329.56666666666666,973.1999999999999
039,2026-06-10,2026-06-10T11:55:30Z,8.598,8.598,12.953666666666667,0.94,8.9,0.3066666666666667,0.30666666666666664,2.716666666666667,NA,6.996666666666667,208.56666666666666,130.86666666666667,0.06,85,0.8316321901651244,37.72939,-90.90839,329.2,973.1999999999999
039,2026-06-10,2026-06-10T11:55:33Z,8.658,8.658,12.905999999999999,0.9833333333333333,9.333333333333334,0.33,0.3466666666666667,2.4433333333333334,NA,6.97,210.06666666666666,129.5,0.06,84.33333333333333,0.837461440754854,37.72939,-90.90839,329.23333333333335,973.1999999999999
039,2026-06-10,2026-06-10T11:55:36Z,8.713000000000001,8.713000000000001,12.617666666666667,1.0733333333333335,10.133333333333333,0.31666666666666665,0.32333333333333336,2.513333333333333,NA,6.94,211.43333333333334,128.9,0.06,84,0.8427916893485756,37.7294,-90.90839333333334,329.1666666666667,973.2888888888889
039,2026-06-10,2026-06-10T11:55:39Z,8.753666666666666,8.753666666666666,12.520333333333333,1.1633333333333333,10.933333333333334,0.26,0.27,2.5,NA,6.913333333333333,213.06666666666666,128.5,0.06,83.33333333333333,0.84676102340773,37.7294,-90.90839333333334,329.23333333333335,973.3333333333334
039,2026-06-10,2026-06-10T11:55:42Z,8.796,8.796,12.304666666666666,1.2333333333333334,11.566666666666666,0.2733333333333333,0.24666666666666667,1.7966666666666666,NA,6.8933333333333335,213.96666666666667,128.6,0.06,83.66666666666667,0.8508664489203411,37.7294,-90.9084,329.4,973.2444444444444
039,2026-06-10,2026-06-10T11:55:45Z,8.834333333333333,8.834333333333333,12.068,1.2933333333333334,12.033333333333333,0.2633333333333333,0.25333333333333335,1.9933333333333332,NA,6.88,214.73333333333335,129.16666666666666,0.06,84,0.8546089638904011,37.7294,-90.9084,329.7,973.2444444444444
039,2026-06-10,2026-06-10T11:55:48Z,8.898666666666667,8.898666666666667,12.064333333333334,1.3333333333333335,12.4,0.31,0.38999999999999996,2.3266666666666667,NA,6.866666666666667,215.66666666666666,128.63333333333333,0.06,83.66666666666667,0.8608238069315913,37.7294,-90.90841,330,973.1999999999999
039,2026-06-10,2026-06-10T11:55:51Z,8.959666666666667,8.959666666666667,12.04,1.3466666666666667,12.533333333333333,0.28,0.36,2.13,NA,6.8533333333333335,216.53333333333333,128.33333333333334,0.06,83,0.8667211032480494,37.7294,-90.90841,330.03333333333336,973.1999999999999
039,2026-06-10,2026-06-10T11:55:54Z,9.011333333333333,9.011333333333333,11.838666666666667,1.3833333333333333,12.8,0.2833333333333333,0.37333333333333335,1.6833333333333333,NA,6.85,216.76666666666668,128.56666666666666,0.06,84,0.8717791689348575,37.7294,-90.90841,330.1,973.2444444444444
039,2026-06-10,2026-06-10T11:55:57Z,9.093,9.093,11.731333333333334,1.42,13.1,0.36000000000000004,0.3,1.5366666666666666,NA,6.843333333333333,217.03333333333333,128.26666666666668,0.06,83.33333333333333,0.8796724732353476,37.7294,-90.90841,330.3,973.2888888888889
039,2026-06-10,2026-06-10T11:56:00Z,9.162333333333333,9.162333333333333,11.503,1.46,13.4,0.2733333333333333,0.26333333333333336,1.3499999999999999,NA,6.84,217.06666666666666,127.93333333333334,0.06,83,0.8863863182725458,37.7294,-90.90841,330.3333333333333,973.2888888888889
039,2026-06-10,2026-06-10T11:56:03Z,9.214666666666666,9.214666666666666,11.362666666666668,1.5,13.766666666666667,0.29,0.2966666666666667,1.9166666666666667,NA,6.84,216.93333333333334,128,0.06,83,0.8914670658682634,37.7294,-90.90841,330.4,973.1999999999999
039,2026-06-10,2026-06-10T11:56:06Z,9.261000000000001,9.261000000000001,11.208333333333334,1.5833333333333335,14.4,0.2,0.18,1.7566666666666666,NA,6.84,217.2,128,0.06,83,0.8959807657412447,37.7294,-90.90841,330.43333333333334,973.1999999999999
039,2026-06-10,2026-06-10T11:56:09Z,9.306666666666667,9.306666666666667,11.065999999999999,1.6766666666666665,15.266666666666667,0.23333333333333334,0.18333333333333335,1.4133333333333333,NA,6.833333333333333,217.56666666666666,127.73333333333333,0.06,83,0.9004037379785883,37.7294,-90.90840666666666,330.56666666666666,973.1999999999999
039,2026-06-10,2026-06-10T11:56:12Z,9.347,9.347,10.888333333333334,1.7633333333333334,15.966666666666667,0.23333333333333334,0.22666666666666668,1.1733333333333333,NA,6.84,217.46666666666667,128.03333333333333,0.06,83,0.9043050263110144,37.7294,-90.9084,330.4,973.2888888888889
039,2026-06-10,2026-06-10T11:56:15Z,9.400333333333332,9.400333333333332,10.775666666666666,1.8566666666666667,16.766666666666666,0.23,0.32666666666666666,1.1300000000000001,NA,6.833333333333333,217.4,128,0.06,83,0.9094765015423698,37.7294,-90.9084,330.06666666666666,973.2888888888889
039,2026-06-10,2026-06-10T11:56:18Z,9.421333333333333,9.421333333333333,10.691333333333333,1.95,17.566666666666666,0.25333333333333335,0.2966666666666667,1.8933333333333333,NA,6.83,217.4,128.1,0.06,83,0.9115178733442206,37.7294,-90.90839333333334,329.73333333333335,973.2888888888889
039,2026-06-10,2026-06-10T11:56:21Z,9.464666666666668,9.464666666666668,10.622,2.04,18.333333333333336,0.25333333333333335,0.2966666666666667,1.1533333333333333,NA,6.83,217.5,127.83333333333333,0.06,83,0.9157140264924697,37.7294,-90.90839,329.5,973.1999999999999
039,2026-06-10,2026-06-10T11:56:24Z,9.511333333333333,9.511333333333333,10.576,2.1133333333333333,19,0.24333333333333335,0.26,1.4300000000000002,NA,6.823333333333333,217.86666666666667,127.8,0.06,83,0.9202730901832699,37.7294,-90.90839,329.46666666666664,973.1999999999999
039,2026-06-10,2026-06-10T11:56:27Z,9.558,9.558,10.508333333333333,2.17,19.5,0.19333333333333333,0.26,1.0733333333333333,NA,6.82,218.03333333333333,127.63333333333333,0.06,83,0.9247187443295227,37.72939,-90.90839,329.43333333333334,973.1555555555555
039,2026-06-10,2026-06-10T11:56:30Z,9.619666666666667,9.619666666666667,10.423666666666668,2.236666666666667,20,0.20666666666666667,0.26666666666666666,1.5233333333333334,NA,6.82,218.1,127.7,0.06,83,0.9307294501905281,37.72939,-90.90839,329.3,973.1999999999999
039,2026-06-10,2026-06-10T11:56:33Z,9.650666666666668,9.650666666666668,10.383333333333333,2.283333333333333,20.433333333333334,0.24000000000000002,0.23,1.3533333333333333,NA,6.82,218,127.8,0.06,83,0.9337688259843948,37.72939,-90.90839,329.1666666666667,973.2444444444444
039,2026-06-10,2026-06-10T11:56:36Z,9.675333333333333,9.675333333333333,10.386333333333333,2.34,20.9,0.19,0.22999999999999998,0.7866666666666667,NA,6.82,217.86666666666667,127.53333333333333,0.06,83,0.9360823806931592,37.72939,-90.90839,328.93333333333334,973.1999999999999
039,2026-06-10,2026-06-10T11:56:39Z,9.733,9.733,10.309333333333333,2.3833333333333333,21.3,0.18,0.20333333333333334,1.5433333333333334,NA,6.81,218.06666666666666,127.6,0.06,83,0.9417074941027037,37.72939,-90.90839,328.96666666666664,973.1999999999999
039,2026-06-10,2026-06-10T11:56:42Z,9.804333333333332,9.804333333333332,10.226666666666667,2.4266666666666667,21.6,0.21,0.33666666666666667,1.0533333333333332,NA,6.81,218.3,127.6,0.06,83,0.9486481582289966,37.72939,-90.90839,329,973.1999999999999
039,2026-06-10,2026-06-10T11:56:45Z,9.862333333333334,9.862333333333334,10.122333333333334,2.4633333333333334,21.9,0.26666666666666666,0.3733333333333333,1.16,NA,6.803333333333333,218.5,127.96666666666667,0.06,83,0.9542505897296317,37.72939,-90.90839,329.26666666666665,973.1999999999999
039,2026-06-10,2026-06-10T11:56:48Z,9.923333333333334,9.923333333333334,10.121333333333334,2.506666666666667,22.266666666666666,0.22,0.3466666666666667,1.1600000000000001,NA,6.8,218.76666666666668,128.06666666666666,0.06,83,0.9601252041371803,37.72939,-90.90839,329.1,973.1999999999999
039,2026-06-10,2026-06-10T11:56:51Z,9.975333333333333,9.975333333333333,10.183666666666667,2.5366666666666666,22.6,0.24,0.30333333333333334,1.19,NA,6.8,219.06666666666666,127.66666666666667,0.06,83,0.9651832698239884,37.72939,-90.90839,329.06666666666666,973.2888888888889
039,2026-06-10,2026-06-10T11:56:54Z,10.034666666666666,10.034666666666666,10.125333333333334,2.5766666666666667,22.9,0.22333333333333333,0.3,0.92,NA,6.793333333333333,219.2,127.63333333333333,0.06,83,0.9708764289602613,37.72939,-90.90839,329.2,973.3777777777779
039,2026-06-10,2026-06-10T11:57:06Z,10.065,10.065,9.838666666666667,2.7266666666666666,24.1,0.21,0.37666666666666665,0.83,NA,6.78,220.46666666666667,127.83333333333333,0.06,83,0.9738931228452187,37.7294,-90.9084,329.3666666666667,973.1999999999999
039,2026-06-10,2026-06-10T11:57:09Z,10.109333333333334,10.109333333333334,9.805,2.77,24.466666666666665,0.27,0.36666666666666664,1.0466666666666666,NA,6.77,220.93333333333334,127.56666666666666,0.06,83,0.9782026855380149,37.7294,-90.9084,329.3,973.3333333333334
039,2026-06-10,2026-06-10T11:57:12Z,10.189,10.189,9.734666666666666,2.8066666666666666,24.7,0.22333333333333333,0.31333333333333335,0.7666666666666666,NA,6.77,221.2,127.56666666666666,0.06,83,0.9858464888405009,37.7294,-90.90841,329.26666666666665,973.3777777777779
039,2026-06-10,2026-06-10T11:57:15Z,10.269,10.269,9.661,2.86,25.166666666666668,0.21666666666666667,0.33,0.83,NA,6.763333333333333,221.43333333333334,127.7,0.06,83,0.9936490655053529,37.72940333333333,-90.90841,329.3333333333333,973.2444444444444
039,2026-06-10,2026-06-10T11:57:18Z,10.348666666666666,10.348666666666666,9.615333333333334,2.92,25.633333333333333,0.24666666666666667,0.31,1.0733333333333333,NA,6.76,221.56666666666666,127.9,0.06,83,1.0013382326256577,37.72941,-90.90841,329.26666666666665,973.1999999999999
039,2026-06-10,2026-06-10T11:57:21Z,10.433333333333334,10.433333333333334,9.533,2.98,26.1,0.23666666666666666,0.33,1.06,NA,6.76,221.76666666666668,127.9,0.06,83,1.0095717655597896,37.72941,-90.90841,329.23333333333335,973.1999999999999
039,2026-06-10,2026-06-10T11:57:24Z,10.490333333333334,10.490333333333334,9.479666666666667,3.0366666666666666,26.6,0.25333333333333335,0.33666666666666667,0.67,NA,6.76,222.06666666666666,127.76666666666667,0.06,83,1.015038105606968,37.72941,-90.90841,329.23333333333335,973.1999999999999
039,2026-06-10,2026-06-10T11:57:27Z,10.560666666666666,10.560666666666666,9.419666666666666,3.0833333333333335,26.933333333333334,0.19666666666666666,0.28,0.6133333333333333,NA,6.76,222.23333333333335,127.6,0.06,83,1.0218653601887135,37.72941,-90.90841,329.2,973.1999999999999
039,2026-06-10,2026-06-10T11:57:42Z,10.627,10.627,9.384333333333334,3.2533333333333334,28.4,0.17666666666666667,0.2533333333333333,1.0033333333333334,NA,6.74,223.7,127.56666666666666,0.06,83,1.0283070223189983,37.72940666666667,-90.90841,328.3333333333333,973.1999999999999
039,2026-06-10,2026-06-10T11:57:45Z,10.677999999999999,10.677999999999999,9.318,3.29,28.666666666666668,0.26,0.31666666666666665,1.1066666666666667,NA,6.74,223.9,127.76666666666667,0.06,83,1.03322899655235,37.72940666666667,-90.90841,328.3333333333333,973.1999999999999
039,2026-06-10,2026-06-10T11:57:48Z,10.726666666666667,10.726666666666667,9.267666666666667,3.31,28.8,0.20333333333333334,0.30333333333333334,0.7833333333333333,NA,6.74,224.06666666666666,127.93333333333334,0.06,83,1.0379468336055162,37.7294,-90.90840666666666,328.73333333333335,973.1999999999999
039,2026-06-10,2026-06-10T11:57:51Z,10.762333333333332,10.762333333333332,9.203333333333333,3.3266666666666667,28.933333333333334,0.18333333333333335,0.26333333333333336,0.8333333333333334,NA,6.74,224.2,128.23333333333332,0.06,83,1.0413718018508438,37.7294,-90.9084,328.8666666666667,973.1999999999999
039,2026-06-10,2026-06-10T11:57:54Z,10.799666666666667,10.799666666666667,9.154333333333334,3.35,29.1,0.16,0.27666666666666667,0.6966666666666667,NA,6.74,224.2,128.13333333333333,0.06,83,1.0450462710941752,37.7294,-90.9084,328.1666666666667,973.1555555555555
039,2026-06-10,2026-06-10T11:57:57Z,10.835666666666667,10.835666666666667,9.144666666666666,3.3666666666666667,29.233333333333334,0.15666666666666668,0.2833333333333333,0.7866666666666666,NA,6.74,224.26666666666668,127.9,0.06,83,1.0485166031573216,37.7294,-90.9084,327.6,973.1999999999999
039,2026-06-10,2026-06-10T11:58:00Z,10.869333333333334,10.869333333333334,9.135666666666667,3.39,29.433333333333334,0.13333333333333333,0.24,0.71,NA,6.736666666666667,224.4,127.93333333333334,0.06,83,1.0518054799491925,37.7294,-90.9084,327.0333333333333,973.2444444444444
039,2026-06-10,2026-06-10T11:58:03Z,10.921999999999999,10.921999999999999,9.089333333333334,3.4133333333333336,29.633333333333333,0.12333333333333334,0.3066666666666667,0.8099999999999999,NA,6.73,224.63333333333333,128.36666666666667,0.06,83.33333333333333,1.0568862275449102,37.72940666666667,-90.90839,326.73333333333335,973.1999999999999
039,2026-06-10,2026-06-10T11:58:06Z,10.989,10.989,9.067,3.44,29.833333333333332,0.15666666666666668,0.25,0.78,NA,6.73,224.76666666666668,128.43333333333334,0.06,83.33333333333333,1.063327889675195,37.72941,-90.90839,326.5,973.2444444444444
039,2026-06-10,2026-06-10T11:58:09Z,11.031666666666666,11.031666666666666,9.067666666666666,3.4566666666666666,29.966666666666665,0.21666666666666667,0.3566666666666667,0.9033333333333333,NA,6.73,224.96666666666667,128.36666666666667,0.06,83,1.0674786790056252,37.72941,-90.90839,325.7,973.1999999999999
039,2026-06-10,2026-06-10T11:58:12Z,11.109333333333334,11.109333333333334,8.96,3.4766666666666666,30.066666666666666,0.13666666666666666,0.33,1.0566666666666666,NA,6.73,225.2,128.56666666666666,0.06,84,1.0750544365813828,37.72942,-90.90839,324.1666666666667,973.1999999999999
039,2026-06-10,2026-06-10T11:58:15Z,11.173,11.173,8.891333333333334,3.4933333333333336,30.166666666666668,0.24000000000000002,0.3,0.9033333333333333,NA,6.726666666666667,225.43333333333334,128.73333333333332,0.06,84,1.0811331881691164,37.72942,-90.90839,323.8666666666667,973.1999999999999
039,2026-06-10,2026-06-10T11:58:18Z,11.237333333333334,11.237333333333334,8.889666666666667,3.5,30.2,0.15,0.27,0.5833333333333333,NA,6.72,225.73333333333332,129.06666666666666,0.06,84,1.0874160769370351,37.72942,-90.90839333333334,323.90000000000003,973.1555555555555
039,2026-06-10,2026-06-10T11:58:21Z,11.291333333333334,11.291333333333334,8.848333333333333,3.5066666666666664,30.2,0.17333333333333334,0.2733333333333333,0.6433333333333333,NA,6.72,225.96666666666667,129.13333333333333,0.06,84,1.0926329159862094,37.72942,-90.9084,324.26666666666665,973.2444444444444
039,2026-06-10,2026-06-10T11:58:24Z,11.325,11.325,8.846333333333334,3.4966666666666666,30.166666666666668,0.17,0.25,0.5733333333333334,NA,6.72,226.03333333333333,128.9,0.06,84,1.0958764289602614,37.72942,-90.9084,324.73333333333335,973.1999999999999
039,2026-06-10,2026-06-10T11:58:27Z,11.346666666666666,11.346666666666666,8.796,3.49,30.033333333333335,0.13,0.24666666666666667,0.63,NA,6.72,226.26666666666668,129.06666666666666,0.06,84,1.0979858464888406,37.72942,-90.90841333333334,325.06666666666666,973.1555555555555
039,2026-06-10,2026-06-10T11:58:30Z,11.386333333333333,11.386333333333333,8.771,3.4766666666666666,29.933333333333334,0.16333333333333333,0.26666666666666666,0.6066666666666667,NA,6.71,226.4,129.1,0.06,84,1.1018417710034476,37.72942,-90.90842,325.03333333333336,973.1555555555555
039,2026-06-10,2026-06-10T11:58:33Z,11.446,11.446,8.733666666666666,3.46,29.733333333333334,0.15333333333333332,0.2833333333333333,0.64,NA,6.71,226.53333333333333,129.43333333333334,0.06,84,1.107602975866449,37.72942333333333,-90.90842,324.8,973.1999999999999
039,2026-06-10,2026-06-10T11:58:36Z,11.482,11.482,8.719333333333333,3.4466666666666668,29.633333333333333,0.12333333333333334,0.21666666666666667,0.7266666666666667,NA,6.71,226.6,129.7,0.06,84,1.1110959898385049,37.72943,-90.90842,324.73333333333335,973.1999999999999
039,2026-06-10,2026-06-10T11:58:39Z,11.543333333333333,11.543333333333333,8.658,3.44,29.533333333333335,0.14666666666666667,0.2866666666666667,0.9333333333333332,NA,6.71,226.66666666666666,129.93333333333334,0.06,84.66666666666667,1.1170386499727818,37.72942,-90.90842,324.8,973.2444444444444
039,2026-06-10,2026-06-10T11:58:42Z,11.630333333333333,11.630333333333333,8.632666666666667,3.43,29.4,0.16333333333333333,0.27999999999999997,0.56,NA,6.71,226.7,129.86666666666667,0.06,84,1.1254763200870985,37.72942,-90.90842,325.03333333333336,973.1999999999999
039,2026-06-10,2026-06-10T11:58:45Z,11.717,11.717,8.592666666666666,3.4333333333333336,29.433333333333334,0.17333333333333334,0.31333333333333335,0.7866666666666666,NA,6.71,226.86666666666667,129.96666666666667,0.06,84.66666666666667,1.1338459444746871,37.72942,-90.90842,324.93333333333334,973.1999999999999
039,2026-06-10,2026-06-10T11:58:48Z,11.778666666666666,11.778666666666666,8.598333333333333,3.4466666666666668,29.533333333333335,0.14666666666666667,0.27666666666666667,0.8,NA,6.71,226.9,129.93333333333334,0.06,84.33333333333333,1.1397659227000545,37.72942,-90.90842,324.56666666666666,973.1999999999999
039,2026-06-10,2026-06-10T11:58:51Z,11.835,11.835,8.543333333333333,3.4533333333333336,29.6,0.22333333333333333,0.34,0.7633333333333333,NA,6.71,227,130.36666666666667,0.06,85,1.1452322627472329,37.72942,-90.90842,324.43333333333334,973.1999999999999
039,2026-06-10,2026-06-10T11:58:54Z,11.88,11.88,8.4783333333333335,3.4633333333333334,29.6,0.16666666666666666,0.2833333333333333,0.49333333333333335,NA,6.71,227.1,130.56666666666666,0.06,85,1.1496325530756668,37.72942,-90.90842,324.43333333333334,973.1999999999999
039,2026-06-10,2026-06-10T11:58:57Z,11.924666666666667,11.924666666666667,8.4783333333333335,3.4766666666666666,29.666666666666668,0.17,0.2833333333333333,0.48333333333333334,NA,6.71,227.13333333333333,130.46666666666667,0.06,85,1.1538967519506442,37.72942,-90.90842,324.3666666666667,973.1999999999999
039,2026-06-10,2026-06-10T11:59:00Z,11.970666666666666,11.970666666666666,8.476,3.48,29.733333333333334,0.14333333333333334,0.35,0.44333333333333336,NA,6.71,227.23333333333332,130.1,0.06,85,1.1584104518236256,37.72942,-90.90842,324.3,973.1999999999999
039,2026-06-10,2026-06-10T11:59:03Z,12.037666666666667,12.037666666666667,8.439333333333334,3.49,29.8,0.18333333333333332,0.39,0.41,NA,6.71,227.4,130.26666666666665,0.06,85,1.1648747958628198,37.72942,-90.90842,324.03333333333336,973.2444444444444
039,2026-06-10,2026-06-10T11:59:06Z,12.130666666666666,12.130666666666666,8.356333333333334,3.5,29.8,0.15,0.27666666666666667,0.5266666666666667,NA,6.7,227.6,130.76666666666668,0.06,85,1.1738568317909637,37.72942,-90.90842,323.93333333333334,973.1999999999999
039,2026-06-10,2026-06-10T11:59:09Z,12.208,12.208,8.340333333333334,3.5,29.8,0.11,0.3066666666666667,0.5066666666666667,NA,6.7,227.76666666666668,130.93333333333334,0.06,85,1.1813872255489022,37.72942,-90.90842,323.93333333333334,973.1999999999999
039,2026-06-10,2026-06-10T11:59:12Z,12.314,12.314,8.321,3.49,29.7,0.12000000000000001,0.31333333333333335,0.42666666666666664,NA,6.7,227.86666666666667,130.9,0.06,85,1.1916167664670658,37.72942,-90.90842,323.8333333333333,973.2444444444444
039,2026-06-10,2026-06-10T11:59:15Z,12.343,12.343,8.324333333333334,3.4566666666666666,29.4,0.12333333333333334,0.32333333333333336,0.6533333333333333,NA,6.7,228.03333333333333,130.83333333333334,0.06,85,1.1944293231718381,37.72942,-90.90842,324,973.1999999999999
039,2026-06-10,2026-06-10T11:59:18Z,12.380333333333333,12.380333333333333,8.282666666666668,3.4233333333333333,29.1,0.15,0.3466666666666667,0.6533333333333333,NA,6.7,228.2,130.9,0.06,85,1.1980584285973508,37.72942,-90.90842,324,973.2444444444444
039,2026-06-10,2026-06-10T11:59:21Z,12.441333333333333,12.441333333333333,8.216333333333333,3.4033333333333333,28.9,0.15,0.38666666666666666,0.6633333333333333,NA,6.69,228.33333333333334,131.23333333333332,0.06,85,1.2039784068227182,37.729416666666665,-90.90842,324.3333333333333,973.1999999999999
039,2026-06-10,2026-06-10T11:59:24Z,12.497333333333334,12.497333333333334,8.200666666666667,3.3866666666666667,28.766666666666666,0.12333333333333334,0.31333333333333335,0.8333333333333334,NA,6.69,228.43333333333334,131.43333333333334,0.06,85,1.2093540192342587,37.72941,-90.90842,324.76666666666665,973.1999999999999
039,2026-06-10,2026-06-10T11:59:27Z,12.542,12.542,8.177,3.37,28.6,0.12666666666666665,0.33666666666666667,0.77,NA,6.69,228.5,131.56666666666666,0.06,85.66666666666667,1.2137316276537833,37.72941,-90.90842,325.4,973.1999999999999
039,2026-06-10,2026-06-10T11:59:30Z,12.585666666666667,12.585666666666667,8.161666666666667,3.3566666666666665,28.466666666666665,0.15,0.3566666666666667,0.6333333333333333,NA,6.69,228.53333333333333,131.56666666666666,0.06,85.33333333333333,1.2179277808020323,37.72941,-90.90842,325.56666666666666,973.1999999999999
039,2026-06-10,2026-06-10T11:59:33Z,12.655333333333333,12.655333333333333,8.118,3.3566666666666665,28.4,0.12666666666666668,0.32,0.9766666666666667,NA,6.69,228.56666666666666,131.66666666666666,0.06,86,1.224709671565959,37.72941,-90.90841666666667,325.7,973.1999999999999
039,2026-06-10,2026-06-10T11:59:36Z,12.712333333333333,12.712333333333333,8.108,3.3666666666666667,28.533333333333335,0.17333333333333334,0.37333333333333335,0.43,NA,6.69,228.8,131.5,0.06,85,1.2301986935220468,37.72941,-90.90841,325.6666666666667,973.1999999999999
039,2026-06-10,2026-06-10T11:59:39Z,12.746,12.746,8.068999999999999,3.3733333333333335,28.533333333333335,0.11666666666666667,0.33666666666666667,0.8866666666666667,NA,6.69,228.93333333333334,131.6,0.06,86,1.2334648884050081,37.72941,-90.90841,326.06666666666666,973.2444444444444
039,2026-06-10,2026-06-10T11:59:42Z,12.814333333333334,12.814333333333334,8.045666666666667,3.37,28.5,0.14333333333333334,0.32333333333333336,0.46,NA,6.69,229,131.93333333333334,0.06,86,1.2400653238976593,37.72941,-90.90841,326.1666666666667,973.2444444444444
039,2026-06-10,2026-06-10T11:59:45Z,12.861666666666666,12.861666666666666,8.025,3.3633333333333333,28.4,0.10666666666666667,0.33999999999999997,0.5800000000000001,NA,6.68,229.1,132.03333333333333,0.06,86,1.2446697514062783,37.7294,-90.90841,326.3666666666667,973.2444444444444
039,2026-06-10,2026-06-10T11:59:48Z,12.906,12.906,8.012666666666666,3.35,28.3,0.15,0.3466666666666667,0.4866666666666667,NA,6.68,229.16666666666666,132.1,0.06,86,1.2489339502812558,37.7294,-90.90841,326.26666666666665,973.1999999999999
039,2026-06-10,2026-06-10T11:59:51Z,12.956666666666667,12.956666666666667,7.98,3.3333333333333335,28.133333333333333,0.14333333333333334,0.30666666666666664,0.39999999999999997,NA,6.68,229.3,132.13333333333333,0.06,86,1.253855924514607,37.7294,-90.90841,326.4,973.1999999999999
039,2026-06-10,2026-06-10T11:59:54Z,13.022,13.022,7.964,3.32,28.033333333333335,0.16666666666666669,0.36666666666666664,0.5,NA,6.68,229.43333333333334,132.26666666666668,0.06,86,1.2601614951914353,37.7294,-90.9084,326.2,973.1999999999999
039,2026-06-10,2026-06-10T11:59:57Z,13.071666666666667,13.071666666666667,8,3.2966666666666664,27.866666666666667,0.15,0.36333333333333334,0.48333333333333334,NA,6.68,229.56666666666666,132.36666666666667,0.06,86,1.2649927417891489,37.7294,-90.9084,326.1666666666667,973.2444444444444
039,2026-06-10,2026-06-10T12:00:00Z,13.160333333333334,13.160333333333334,7.926,3.2866666666666666,27.7,0.13999999999999999,0.30333333333333334,0.5266666666666667,NA,6.673333333333333,229.7,132.7,0.06,86,1.2735665033569226,37.7294,-90.9084,326.26666666666665,973.1999999999999
039,2026-06-10,2026-06-10T12:00:03Z,13.232,13.232,7.9510000000000005,3.26,27.533333333333335,0.11666666666666667,0.3566666666666667,0.37666666666666665,NA,6.67,229.8,132.5,0.06,86,1.280484485574306,37.7294,-90.9084,326.6333333333333,973.2888888888889
039,2026-06-10,2026-06-10T12:00:06Z,13.321333333333333,13.321333333333333,7.931,3.24,27.333333333333332,0.1366666666666667,0.3333333333333333,0.6033333333333333,NA,6.67,229.93333333333334,132.53333333333333,0.06,86,1.2891262928688079,37.7294,-90.9084,327,973.2888888888889
039,2026-06-10,2026-06-10T12:00:09Z,13.371333333333334,13.371333333333334,7.89,3.2233333333333336,27.133333333333333,0.11666666666666667,0.2866666666666667,0.5066666666666667,NA,6.67,229.96666666666667,132.6,0.06,86,1.2940255851932498,37.7294,-90.9084,326.8666666666667,973.2444444444444
039,2026-06-10,2026-06-10T12:00:12Z,13.42,13.42,7.8853333333333335,3.2133333333333334,27.033333333333335,0.11666666666666667,0.3333333333333333,0.44666666666666666,NA,6.67,229.96666666666667,132.7,0.06,86,1.2986980584285974,37.7294,-90.90839,327.03333333333336,973.3333333333334
039,2026-06-10,2026-06-10T12:00:15Z,13.449666666666667,13.449666666666667,7.8919999999999995,3.2,27,0.19333333333333333,0.31666666666666665,0.3066666666666667,NA,6.67,230.06666666666666,132.56666666666666,0.06,86,1.3016013427690074,37.7294,-90.90839333333334,327.06666666666666,973.3777777777777
039,2026-06-10,2026-06-10T12:00:18Z,13.509666666666666,13.509666666666666,7.837666666666666,3.2066666666666666,27,0.16333333333333333,0.37333333333333335,0.62,NA,6.67,230.2,133.20000000000002,0.06,86.66666666666667,1.3073625476320088,37.7294,-90.9084,326.9666666666667,973.2444444444444
039,2026-06-10,2026-06-10T12:00:21Z,13.605666666666666,13.605666666666666,7.775333333333333,3.2066666666666666,26.966666666666665,0.12666666666666668,0.3933333333333333,0.5333333333333333,NA,6.66,230.53333333333333,133.33333333333334,0.06,87,1.3166848121937942,37.7294,-90.9084,327.1333333333333,973.2888888888889
039,2026-06-10,2026-06-10T12:00:24Z,13.687333333333333,13.687333333333333,7.7556666666666665,3.2,26.9,0.12333333333333334,0.33666666666666667,0.47000000000000003,NA,6.66,230.7,133.33333333333334,0.06,87,1.3246007984031936,37.7294,-90.9084,327.1,973.2888888888889
039,2026-06-10,2026-06-10T12:00:27Z,13.746666666666666,13.746666666666666,7.744666666666667,3.21,26.933333333333334,0.14666666666666667,0.38,0.37,NA,6.66,230.63333333333333,133.5,0.06,87,1.330316639448376,37.7294,-90.90841,326.93333333333334,973.1999999999999
039,2026-06-10,2026-06-10T12:00:36Z,13.745,13.745,7.738333333333333,3.283333333333333,27.566666666666666,0.14666666666666667,0.3566666666666667,0.53,NA,6.666666666666667,230.63333333333333,133.56666666666666,0.06,87,1.3301578660860098,37.72941,-90.90842,327.03333333333336,973.3333333333334
039,2026-06-10,2026-06-10T12:00:39Z,13.780333333333333,13.780333333333333,7.726,3.2966666666666664,27.666666666666668,0.15333333333333335,0.37,0.5533333333333333,NA,6.67,230.6,133.46666666666667,0.06,87,1.3335828343313374,37.72941,-90.90842,327.5333333333333,973.2888888888889
039,2026-06-10,2026-06-10T12:00:42Z,13.855333333333332,13.855333333333332,7.701666666666667,3.3066666666666666,27.733333333333334,0.15666666666666668,0.43333333333333335,0.4766666666666667,NA,6.67,230.6,133.8,0.06,87,1.340863727091272,37.72941,-90.90842666666667,328.1,973.2444444444444
039,2026-06-10,2026-06-10T12:00:45Z,13.949666666666667,13.949666666666667,7.681,3.3266666666666667,27.9,0.14,0.37,0.43666666666666665,NA,6.67,230.66666666666666,134.1,0.06,87,1.349959172563963,37.7294,-90.90843,328.6,973.2444444444444
039,2026-06-10,2026-06-10T12:00:48Z,14.047333333333333,14.047333333333333,7.656333333333333,3.3566666666666665,28.1,0.13333333333333333,0.31,0.5266666666666666,NA,6.67,230.63333333333333,134.33333333333334,0.06,87,1.3594402104881147,37.7294,-90.90843,328.6333333333333,973.3777777777779
039,2026-06-10,2026-06-10T12:00:51Z,14.132666666666667,14.132666666666667,7.628,3.3833333333333333,28.333333333333332,0.15666666666666668,0.39666666666666667,0.44666666666666666,NA,6.666666666666667,230.76666666666668,134.5,0.06,87,1.3676964253311559,37.7294,-90.90843,328.76666666666665,973.2444444444444
039,2026-06-10,2026-06-10T12:00:54Z,14.213000000000001,14.213000000000001,7.612333333333333,3.416666666666667,28.6,0.23,0.52,0.36333333333333334,NA,6.666666666666667,230.8,134.33333333333334,0.06,87,1.375453638178189,37.7294,-90.90843,328.8666666666667,973.2888888888889
039,2026-06-10,2026-06-10T12:00:57Z,14.311333333333334,14.311333333333334,7.5809999999999995,3.44,28.733333333333334,0.15333333333333332,0.4066666666666667,0.5566666666666666,NA,6.67,231.1,134.36666666666667,0.06,87,1.3849800399201597,37.7294,-90.90843,329.03333333333336,973.2888888888889
039,2026-06-10,2026-06-10T12:01:00Z,14.370000000000001,14.370000000000001,7.575666666666667,3.4633333333333334,28.966666666666665,0.12666666666666668,0.33,0.5633333333333334,NA,6.67,231.13333333333333,134.23333333333332,0.06,87,1.3906505171475232,37.7294,-90.90843,329.3333333333333,973.2888888888889
039,2026-06-10,2026-06-10T12:01:03Z,14.427333333333333,14.427333333333333,7.537333333333333,3.49,29.166666666666668,0.15333333333333335,0.42666666666666664,0.4766666666666667,NA,6.67,231.16666666666666,134.3,0.06,87,1.3962302667392488,37.7294,-90.90843,329.1333333333333,973.3333333333334
039,2026-06-10,2026-06-10T12:01:06Z,14.484666666666667,14.484666666666667,7.513,3.513333333333333,29.333333333333332,0.14,0.42666666666666664,0.51,NA,6.67,231.2,134.6,0.06,87.33333333333333,1.4017419706042462,37.7294,-90.90843,329.4,973.2888888888889
039,2026-06-10,2026-06-10T12:01:09Z,14.576666666666666,14.576666666666666,7.487666666666667,3.53,29.433333333333334,0.14333333333333334,0.36333333333333334,0.5966666666666667,NA,6.67,231.23333333333332,134.8,0.06,88,1.4106559608056615,37.72940333333333,-90.90843,329.3666666666667,973.1999999999999
039,2026-06-10,2026-06-10T12:01:12Z,14.675,14.675,7.453,3.5433333333333334,29.533333333333335,0.15333333333333332,0.37333333333333335,0.5466666666666666,NA,6.67,231.33333333333334,135.03333333333333,0.06,88,1.4201596806387227,37.7294,-90.90842666666667,329.2,973.2444444444444
039,2026-06-10,2026-06-10T12:01:15Z,14.771333333333333,14.771333333333333,7.3933333333333335,3.5633333333333335,29.633333333333333,0.12666666666666668,0.45,0.4,NA,6.67,231.43333333333334,134.8,0.06,88,1.4295273090183271,37.7294,-90.90842,329.3666666666667,973.1999999999999
039,2026-06-10,2026-06-10T12:01:18Z,14.878,14.878,7.3453333333333335,3.59,29.833333333333332,0.13666666666666666,0.44333333333333336,0.6066666666666667,NA,6.67,231.5,134.9,0.06,88,1.4398248956632191,37.7294,-90.90842,329.5,973.2444444444444
039,2026-06-10,2026-06-10T12:01:21Z,14.972333333333333,14.972333333333333,7.3116666666666665,3.63,30.133333333333333,0.15666666666666668,0.47,0.54,NA,6.67,231.6,135.03333333333333,0.06,88,1.4489657049537288,37.7294,-90.90842,329.6,973.2444444444444
039,2026-06-10,2026-06-10T12:01:24Z,15.047,15.047,7.2780000000000005,3.69,30.566666666666666,0.13666666666666666,0.36333333333333334,0.5266666666666667,NA,6.67,231.63333333333333,135.16666666666666,0.06,88,1.4561785519869352,37.7294,-90.90842,329.3666666666667,973.2444444444444
039,2026-06-10,2026-06-10T12:01:27Z,15.143333333333333,15.143333333333333,7.272,3.736666666666667,31,0.13666666666666666,0.36666666666666664,0.4666666666666667,NA,6.67,231.7,135.06666666666666,0.06,88,1.4655008165487207,37.7294,-90.90841333333334,329.23333333333335,973.2888888888889
039,2026-06-10,2026-06-10T12:01:30Z,15.239333333333333,15.239333333333333,7.236666666666666,3.7766666666666664,31.3,0.16333333333333333,0.4166666666666667,0.47,NA,6.67,231.86666666666667,135.4,0.06,88,1.4748230811105063,37.7294,-90.90841,329.2,973.2444444444444
039,2026-06-10,2026-06-10T12:01:39Z,15.247666666666667,15.247666666666667,7.217,3.783333333333333,31.333333333333332,0.14333333333333334,0.41333333333333333,0.5266666666666666,NA,6.663333333333333,232.13333333333333,135.96666666666667,0.06,88,1.4756396298312466,37.729396666666666,-90.90839,328.5,973.2444444444444
039,2026-06-10,2026-06-10T12:01:42Z,15.282333333333332,15.282333333333332,7.201333333333333,3.7766666666666664,31.266666666666666,0.13,0.37333333333333335,0.54,NA,6.666666666666667,232.16666666666666,135.96666666666667,0.06,88,1.4789738704409363,37.72939,-90.90839,328.1,973.1999999999999
039,2026-06-10,2026-06-10T12:01:45Z,15.318999999999999,15.318999999999999,7.189666666666667,3.77,31.2,0.11333333333333333,0.36,0.5,NA,6.663333333333333,232.23333333333332,136,0.06,88,1.4825349301397206,37.72939,-90.90839,328.2,973.1999999999999
039,2026-06-10,2026-06-10T12:01:48Z,15.352,15.352,7.1739999999999995,3.7666666666666666,31.166666666666668,0.10666666666666667,0.3566666666666667,0.45,NA,6.67,232.26666666666668,135.93333333333334,0.06,88,1.4857330792959536,37.72939,-90.90839,328.2,973.3333333333334
039,2026-06-10,2026-06-10T12:01:51Z,15.392,15.392,7.1610000000000005,3.7566666666666664,31.1,0.14,0.3333333333333333,0.44666666666666666,NA,6.67,232.33333333333334,136.06666666666666,0.06,88,1.4895890038105606,37.72938666666667,-90.90838333333333,327.6666666666667,973.1999999999999
039,2026-06-10,2026-06-10T12:01:54Z,15.462333333333333,15.462333333333333,7.1433333333333335,3.76,31.1,0.10666666666666667,0.33666666666666667,0.43666666666666665,NA,6.663333333333333,232.6,136.43333333333334,0.06,89,1.4964162583923064,37.72938,-90.90838,327.8333333333333,973.1999999999999
039,2026-06-10,2026-06-10T12:02:00Z,15.559333333333333,15.559333333333333,7.111,3.74,30.9,0.14333333333333334,0.47333333333333333,0.31666666666666665,NA,6.66,232.9,136.7,0.06,89,1.5057838867719107,37.72938,-90.90837,327.7,973.2444444444444
039,2026-06-10,2026-06-10T12:02:03Z,15.599666666666666,15.599666666666666,7.089333333333333,3.75,30.933333333333334,0.14333333333333334,0.45333333333333337,0.54,NA,6.66,232.83333333333334,136.73333333333335,0.06,89,1.5096851751043368,37.729373333333335,-90.90837,328.03333333333336,973.1999999999999
039,2026-06-10,2026-06-10T12:02:06Z,15.689,15.689,7.081666666666667,3.7666666666666666,31.1,0.14666666666666667,0.4433333333333333,0.48,NA,6.66,232.9,136.7,0.06,89,1.5183269823988388,37.72937,-90.90836333333334,327.8666666666667,973.1999999999999
039,2026-06-10,2026-06-10T12:02:09Z,15.806666666666667,15.806666666666667,7.059333333333333,3.763333333333333,31.066666666666666,0.16,0.43333333333333335,0.6466666666666667,NA,6.66,233.13333333333333,136.76666666666665,0.06,89,1.5297359825802939,37.72937,-90.90836,327.7,973.1999999999999
039,2026-06-10,2026-06-10T12:02:12Z,15.917666666666667,15.917666666666667,7.035333333333333,3.7566666666666664,30.966666666666665,0.11,0.39,0.48000000000000004,NA,6.66,233.33333333333334,137.13333333333333,0.06,89,1.540487207403375,37.72937,-90.90836,327.9,973.1999999999999
039,2026-06-10,2026-06-10T12:02:15Z,16.036,16.036,6.998,3.7333333333333334,30.766666666666666,0.13333333333333333,0.4533333333333333,0.39,NA,6.66,233.63333333333333,137.63333333333333,0.06333333333333334,89.33333333333333,1.5519415714026492,37.72937,-90.90836,327.8666666666667,973.1999999999999
039,2026-06-10,2026-06-10T12:02:18Z,16.104333333333333,16.104333333333333,6.979,3.7233333333333336,30.666666666666668,0.13666666666666666,0.45333333333333337,0.3833333333333333,NA,6.656666666666667,234.03333333333333,138.03333333333333,0.07,90,1.5585420068953004,37.72937,-90.90836,327.43333333333334,973.2444444444444
039,2026-06-10,2026-06-10T12:02:21Z,16.183666666666667,16.183666666666667,6.957,3.7,30.466666666666665,0.15666666666666668,0.48,0.37333333333333335,NA,6.65,234.36666666666667,138.23333333333332,0.07,90,1.5662538559245147,37.72937,-90.90836,327.4,973.2444444444444
039,2026-06-10,2026-06-10T12:02:24Z,16.285333333333334,16.285333333333334,6.931333333333334,3.6766666666666667,30.266666666666666,0.15,0.48333333333333334,0.44,NA,6.65,234.9,138.33333333333334,0.07,90,1.5760978043912175,37.72937666666667,-90.90836,327.4,973.1999999999999
039,2026-06-10,2026-06-10T12:02:27Z,16.387666666666668,16.387666666666668,6.9093333333333335,3.66,30.066666666666666,0.11333333333333334,0.44666666666666666,0.4666666666666667,NA,6.65,235.46666666666667,138.9,0.07,90,1.5860097985846489,37.72938,-90.90836,327.56666666666666,973.2444444444444
039,2026-06-10,2026-06-10T12:02:30Z,16.49533333333333,16.49533333333333,6.897333333333333,3.6233333333333335,29.8,0.11666666666666667,0.5033333333333333,0.36,NA,6.65,235.66666666666666,139.43333333333334,0.07,91,1.5963981128651787,37.72938,-90.90837,327.2,973.2444444444444
039,2026-06-10,2026-06-10T12:02:33Z,16.543666666666667,16.543666666666667,6.866666666666667,3.6,29.6,0.12,0.48333333333333334,0.31666666666666665,NA,6.65,235.9,139.46666666666667,0.07,91,1.6011159499183452,37.72939,-90.90837,326.8,973.1999999999999
039,2026-06-10,2026-06-10T12:02:36Z,16.60066666666667,16.60066666666667,6.847,3.5766666666666667,29.366666666666667,0.14666666666666667,0.42666666666666664,0.42,NA,6.65,236.16666666666666,139.43333333333334,0.07,91,1.6065596080566142,37.72939,-90.90837666666667,326.53333333333336,973.2444444444444
039,2026-06-10,2026-06-10T12:02:39Z,16.688333333333333,16.688333333333333,6.835666666666667,3.5566666666666666,29.233333333333334,0.14,0.45999999999999996,0.36,NA,6.65,236.13333333333333,139.43333333333334,0.07,91,1.6151333696243877,37.72939,-90.90838,326.3333333333333,973.2444444444444
039,2026-06-10,2026-06-10T12:02:42Z,16.762,16.762,6.8293333333333335,3.5433333333333334,29.1,0.09,0.45666666666666667,0.2866666666666667,NA,6.65,236.06666666666666,139.5,0.07,91,1.6222101252041372,37.729393333333334,-90.90838,326.1333333333333,973.2444444444444
039,2026-06-10,2026-06-10T12:02:45Z,16.841666666666665,16.841666666666665,6.813666666666666,3.5366666666666666,29,0.11,0.41333333333333333,0.3433333333333333,NA,6.65,235.9,139.76666666666668,0.07,91,1.629899292324442,37.7294,-90.90838,325.6666666666667,973.2444444444444
039,2026-06-10,2026-06-10T12:02:51Z,16.881999999999998,16.881999999999998,6.770333333333333,3.5466666666666664,29.066666666666666,0.07666666666666666,0.31666666666666665,0.30333333333333334,NA,6.65,235.96666666666667,139.43333333333334,0.07,90.66666666666667,1.6338232625657776,37.7294,-90.90839,325.7,973.2444444444444
039,2026-06-10,2026-06-10T12:02:54Z,16.955,16.955,6.75,3.57,29.266666666666666,0.10666666666666667,0.37,0.41,NA,6.65,235.73333333333332,138.8,0.07,90,1.640900018145527,37.7294,-90.90839,326.03333333333336,973.3333333333334
039,2026-06-10,2026-06-10T12:02:57Z,17.029333333333334,17.029333333333334,6.744,3.6033333333333335,29.5,0.11,0.42666666666666664,0.3333333333333333,NA,6.65,235.5,138.83333333333334,0.07,90,1.6481128651787333,37.72940333333333,-90.90839,326.4,973.2888888888889
039,2026-06-10,2026-06-10T12:03:00Z,17.076,17.076,6.737666666666667,3.63,29.733333333333334,0.1,0.34,0.88,NA,6.65,235.23333333333335,139,0.07,90,1.6526265650517147,37.72941,-90.90839666666666,326.3,973.1999999999999
039,2026-06-10,2026-06-10T12:03:03Z,17.179333333333332,17.179333333333332,6.737333333333333,3.67,30.033333333333335,0.1,0.36333333333333334,0.35000000000000003,NA,6.65,235.13333333333333,139.06666666666666,0.07,90,1.6626519687896935,37.72941,-90.9084,325.23333333333335,973.2444444444444
039,2026-06-10,2026-06-10T12:03:06Z,17.351666666666667,17.351666666666667,6.725666666666666,3.6866666666666665,30.2,0.10666666666666667,0.38,0.30333333333333334,NA,6.64,235.7,140.2,0.07,91,1.6793004899292325,37.72941,-90.90839666666666,325.1,973.1999999999999
039,2026-06-10,2026-06-10T12:03:09Z,17.459,17.459,6.703,3.6533333333333333,29.9,0.09,0.39666666666666667,0.22333333333333333,NA,6.64,236.2,140.66666666666666,0.07,91,1.689666122300853,37.72941,-90.90839,325.1333333333333,973.2888888888889
039,2026-06-10,2026-06-10T12:03:12Z,17.515333333333334,17.515333333333334,6.7,3.5766666666666667,29.3,0.11333333333333333,0.41,0.27,NA,6.64,236.46666666666667,140.63333333333333,0.07,91,1.6951324623480313,37.7294,-90.90839,325.8666666666667,973.2888888888889
039,2026-06-10,2026-06-10T12:03:15Z,17.602666666666668,17.602666666666668,6.690666666666667,3.51,28.7,0.10666666666666667,0.43666666666666665,0.3433333333333333,NA,6.64,236.53333333333333,140.7,0.07,91.33333333333333,1.7035928143712575,37.7294,-90.90839,325.96666666666664,973.2444444444444
039,2026-06-10,2026-06-10T12:03:18Z,17.692,17.692,6.662333333333334,3.45,28.233333333333334,0.07,0.42333333333333334,0.32333333333333336,NA,6.64,236.5,140.7,0.07,91.33333333333333,1.71221193975685,37.72940333333333,-90.90839,325.56666666666666,973.2444444444444
039,2026-06-10,2026-06-10T12:03:21Z,17.727666666666668,17.727666666666668,6.669666666666667,3.4033333333333333,27.8,0.08666666666666667,0.39666666666666667,0.53,NA,6.64,236.5,140.9,0.07,92,1.7156822718199964,37.7294,-90.90839,325.3333333333333,973.2888888888889
039,2026-06-10,2026-06-10T12:03:24Z,17.763333333333332,17.763333333333332,6.642666666666667,3.3566666666666665,27.433333333333334,0.09333333333333334,0.37,0.31333333333333335,NA,6.63,236.5,140.96666666666667,0.07,91.66666666666667,1.7191526038831428,37.72940666666667,-90.90839,324.73333333333335,973.1999999999999
039,2026-06-10,2026-06-10T12:03:27Z,17.895666666666667,17.895666666666667,6.607666666666667,3.32,27.1,0.11666666666666667,0.44666666666666666,0.29000000000000004,NA,6.63,236.43333333333334,140.93333333333334,0.07,91.66666666666667,1.7319905643258937,37.72940333333333,-90.90839,324.4,973.2888888888889
039,2026-06-10,2026-06-10T12:03:30Z,18.004666666666665,18.004666666666665,6.605666666666667,3.2766666666666664,26.766666666666666,0.19,0.52,0.3066666666666667,NA,6.63,236.2,140.7,0.07,91,1.7425376519687896,37.72940333333333,-90.90839,324,973.3333333333334
039,2026-06-10,2026-06-10T12:03:33Z,18.077333333333332,18.077333333333332,6.5969999999999995,3.24,26.433333333333334,0.1366666666666667,0.5033333333333333,0.31333333333333335,NA,6.63,236.03333333333333,140.66666666666666,0.07,91.33333333333333,1.749546361821811,37.72941,-90.90839,323.8,973.2888888888889
039,2026-06-10,2026-06-10T12:03:36Z,18.156,18.156,6.581,3.2033333333333336,26.1,0.12666666666666668,0.45666666666666667,0.30666666666666664,NA,6.63,236,140.83333333333334,0.07,91.66666666666667,1.7571674832153874,37.72941,-90.90839,324.06666666666666,973.2444444444444
039,2026-06-10,2026-06-10T12:03:39Z,18.187666666666665,18.187666666666665,6.573333333333333,3.1666666666666665,25.8,0.12,0.4533333333333333,0.24000000000000002,NA,6.63,235.83333333333334,141.20000000000002,0.07,92,1.7602295409181636,37.72940666666667,-90.90839,324.3666666666667,973.2888888888889
039,2026-06-10,2026-06-10T12:03:42Z,18.210333333333335,18.210333333333335,6.571666666666667,3.1133333333333333,25.4,0.12333333333333334,0.48333333333333334,0.5433333333333333,NA,6.63,235.7,141.13333333333333,0.07,92,1.7623843222645619,37.72940333333333,-90.90839,324.76666666666665,973.2888888888889
039,2026-06-10,2026-06-10T12:03:45Z,18.250666666666667,18.250666666666667,6.562333333333333,3.0733333333333333,25.1,0.12,0.47,0.42666666666666664,NA,6.63,235.7,140.93333333333334,0.07,92,1.7663536563237163,37.7294,-90.90839,325.3,973.2444444444444
039,2026-06-10,2026-06-10T12:03:48Z,18.307,18.307,6.551,3.0366666666666666,24.7,0.12666666666666668,0.43666666666666665,0.39,NA,6.62,235.7,141.06666666666666,0.07,92,1.7717746325530757,37.7294,-90.90839,325.9,973.2888888888889
039,2026-06-10,2026-06-10T12:03:51Z,18.38,18.38,6.541666666666666,2.98,24.266666666666666,0.10333333333333333,0.44666666666666666,0.45,NA,6.62,235.7,141.36666666666665,0.07,92,1.7788287062239159,37.7294,-90.90839,325.56666666666666,973.2444444444444
039,2026-06-10,2026-06-10T12:03:54Z,18.433,18.433,6.527,2.9133333333333336,23.7,0.09,0.39,0.42666666666666664,NA,6.62,235.66666666666666,141.7,0.07,92,1.7839548176374525,37.72940333333333,-90.90839,325.23333333333335,973.2888888888889
039,2026-06-10,2026-06-10T12:03:57Z,18.495333333333335,18.495333333333335,6.517666666666666,2.8433333333333333,23.133333333333333,0.11333333333333334,0.41,0.49,NA,6.62,235.53333333333333,141.63333333333333,0.07,92,1.790033569225186,37.72940666666667,-90.90839,325,973.2444444444444
039,2026-06-10,2026-06-10T12:04:00Z,18.530333333333335,18.530333333333335,6.518666666666666,2.76,22.5,0.10333333333333333,0.43666666666666665,0.4533333333333333,NA,6.616666666666667,235.4,141.73333333333335,0.07,92,1.793390491743785,37.72940666666667,-90.90839,325.2,973.2888888888889
039,2026-06-10,2026-06-10T12:04:03Z,18.587333333333333,18.587333333333333,6.514666666666667,2.69,21.9,0.11666666666666667,0.43666666666666665,0.5,NA,6.61,235.33333333333334,142.03333333333333,0.07,92,1.7989248775176918,37.72941,-90.90839,325.1,973.2888888888889
039,2026-06-10,2026-06-10T12:04:06Z,18.614333333333335,18.614333333333335,6.511666666666667,2.6166666666666667,21.3,0.14666666666666667,0.48333333333333334,0.8666666666666667,NA,6.61,235.26666666666668,142.1,0.07,92,1.8015786608600979,37.72941,-90.90839,324.8333333333333,973.2444444444444
039,2026-06-10,2026-06-10T12:04:09Z,18.658,18.658,6.496333333333333,2.54,20.633333333333333,0.10333333333333333,0.42333333333333334,0.6799999999999999,NA,6.61,235.2,142.53333333333333,0.07,93,1.8057067682816186,37.72940333333333,-90.90838666666666,325.5,973.2888888888889
039,2026-06-10,2026-06-10T12:04:12Z,18.696666666666665,18.696666666666665,6.492,2.44,19.866666666666667,0.13333333333333333,0.45999999999999996,0.5133333333333333,NA,6.61,235.2,142.46666666666667,0.07,93,1.8094946470694975,37.7294,-90.90838,325.56666666666666,973.2444444444444
039,2026-06-10,2026-06-10T12:04:15Z,18.725666666666665,18.725666666666665,6.490666666666667,2.3433333333333333,19.1,0.11,0.47333333333333333,0.6533333333333333,NA,6.6033333333333335,235.3,142.73333333333332,0.07,93,1.8123072037742696,37.7294,-90.90838333333333,325.56666666666666,973.2444444444444
039,2026-06-10,2026-06-10T12:04:18Z,18.79433333333333,18.79433333333333,6.4896666666666665,2.22,18.066666666666666,0.10333333333333333,0.5133333333333333,0.72,NA,6.6,235.43333333333334,142.93333333333334,0.07,93,1.8189303211758303,37.7294,-90.90839,325.6666666666667,973.2444444444444
039,2026-06-10,2026-06-10T12:04:21Z,18.831666666666667,18.831666666666667,6.485,2.0633333333333335,16.8,0.1366666666666667,0.4533333333333333,0.5733333333333334,NA,6.6,235.43333333333334,143.56666666666666,0.07,93,1.8225367446924334,37.72940333333333,-90.90839,325.43333333333334,973.2444444444444
039,2026-06-10,2026-06-10T12:04:24Z,18.872,18.872,6.492,1.8666666666666667,15.2,0.11666666666666667,0.42666666666666664,0.7466666666666667,NA,6.59,236.06666666666666,143.66666666666666,0.07,93.33333333333333,1.8264607149337688,37.72941,-90.90839,325.3666666666667,973.1999999999999
039,2026-06-10,2026-06-10T12:04:27Z,18.936,18.936,6.508,1.6633333333333333,13.533333333333333,0.1,0.45666666666666667,0.5666666666666667,NA,6.583333333333333,237.56666666666666,144.70000000000002,0.07,94,1.8326301941571403,37.72941,-90.90839,325.23333333333335,973.1999999999999
039,2026-06-10,2026-06-10T12:04:30Z,18.992,18.992,6.528333333333333,1.4766666666666666,12.033333333333333,0.13333333333333333,0.42,0.45,NA,6.573333333333333,240.2,146.9,0.07,95.33333333333333,1.8380965342043187,37.72941,-90.90839,325.03333333333336,973.1999999999999
039,2026-06-10,2026-06-10T12:04:33Z,19.045666666666666,19.045666666666666,6.535333333333333,1.3233333333333335,10.8,0.08666666666666667,0.4333333333333333,0.47000000000000003,NA,6.556666666666667,243.16666666666666,149.3,0.07,97,1.8432680094356741,37.729416666666665,-90.90839,324.46666666666664,973.1999999999999
039,2026-06-10,2026-06-10T12:04:36Z,19.083333333333332,19.083333333333332,6.534,1.1933333333333334,9.766666666666667,0.12000000000000001,0.43,0.55,NA,6.55,244.73333333333335,150.3,0.07,97.66666666666667,1.8469197967700963,37.72942,-90.90839,324.26666666666665,973.1999999999999
039,2026-06-10,2026-06-10T12:04:39Z,19.139,19.139,6.531,1.0733333333333335,8.733333333333333,0.11666666666666667,0.43666666666666665,0.5866666666666667,NA,6.54,245.53333333333333,151.73333333333332,0.07,99,1.8522954091816368,37.72942,-90.90839,324.23333333333335,973.2444444444444
039,2026-06-10,2026-06-10T12:04:42Z,19.198,19.198,6.524333333333333,0.9633333333333334,7.8,0.12666666666666668,0.45666666666666667,0.7166666666666667,NA,6.54,246.13333333333333,152.03333333333333,0.07,99,1.8580339321357286,37.72942,-90.90839,324,973.1999999999999
039,2026-06-10,2026-06-10T12:04:45Z,19.262999999999998,19.262999999999998,6.502,0.86,6.966666666666667,0.13666666666666666,0.45999999999999996,0.8766666666666667,NA,6.54,246.53333333333333,153.36666666666667,0.07,100,1.864339502812557,37.72942,-90.90839,323.6333333333333,973.1999999999999
039,2026-06-10,2026-06-10T12:04:48Z,19.341,19.341,6.485666666666667,0.76,6.2,0.12333333333333334,0.42666666666666664,0.5666666666666667,NA,6.54,246.9,153.66666666666666,0.07,100,1.871847214661586,37.72942,-90.90839,323.46666666666664,973.2888888888889
039,2026-06-10,2026-06-10T12:04:51Z,19.363,19.363,6.49,0.68,5.5,0.15,0.47333333333333333,0.4633333333333333,NA,6.54,247.13333333333333,153.9,0.07,100,1.8740246779168934,37.72942,-90.90839,323.40000000000003,973.2444444444444
039,2026-06-10,2026-06-10T12:04:54Z,19.416333333333334,19.416333333333334,6.493333333333333,0.6033333333333333,4.9,0.11666666666666667,0.43,0.44666666666666666,NA,6.546666666666667,247.23333333333332,154.23333333333335,0.07,100,1.8791281074215207,37.72942,-90.90839,324.43333333333334,973.1999999999999
039,2026-06-10,2026-06-10T12:04:57Z,19.455666666666666,19.455666666666666,6.482333333333333,0.54,4.366666666666667,0.12,0.42666666666666664,0.5533333333333333,NA,6.55,247.56666666666666,155.16666666666669,0.07,101,1.8829613500272184,37.72942,-90.90839,325,973.2444444444444
039,2026-06-10,2026-06-10T12:05:00Z,19.506,19.506,6.474666666666667,0.48333333333333334,3.933333333333333,0.11333333333333333,0.44666666666666666,0.5933333333333334,NA,6.55,247.66666666666666,155.53333333333333,0.07,101,1.8878152785338413,37.72942,-90.90838666666666,324.8333333333333,973.2888888888889
039,2026-06-10,2026-06-10T12:05:03Z,19.552666666666667,19.552666666666667,6.468666666666667,0.43666666666666665,3.566666666666667,0.10666666666666667,0.38666666666666666,0.65,NA,6.55,247.86666666666667,156.56666666666666,0.07,101.66666666666667,1.8923516603157322,37.72941333333333,-90.90838,324.6666666666667,973.1999999999999
039,2026-06-10,2026-06-10T12:05:06Z,19.584,19.584,6.457333333333334,0.3933333333333333,3.2,0.12333333333333334,0.38,0.6766666666666666,NA,6.55,248.2,157.53333333333333,0.07,102.33333333333333,1.895391036109599,37.72941,-90.90838,324.9,973.2888888888889
039,2026-06-10,2026-06-10T12:05:09Z,19.638333333333332,19.638333333333332,6.45,0.3466666666666667,2.8333333333333335,0.10666666666666667,0.4266666666666667,0.7166666666666667,NA,6.55,248.53333333333333,158.53333333333333,0.07666666666666667,103,1.900630557067683,37.72941,-90.90838,324.8666666666667,973.2888888888889
039,2026-06-10,2026-06-10T12:05:12Z,19.697666666666667,19.697666666666667,6.45,0.31,2.5,0.12,0.47333333333333333,0.6366666666666667,NA,6.55,248.93333333333334,159.46666666666667,0.08,103.33333333333333,1.9063690800217745,37.72941,-90.90838,324.8333333333333,973.3333333333334
039,2026-06-10,2026-06-10T12:05:15Z,19.777333333333335,19.777333333333335,6.447666666666667,0.2733333333333333,2.2,0.12000000000000001,0.44666666666666666,0.6933333333333334,NA,6.55,249,161.9,0.08,105.33333333333333,1.914080929050989,37.72941,-90.90838,324.8333333333333,973.2444444444444
039,2026-06-10,2026-06-10T12:05:18Z,19.839333333333332,19.839333333333332,6.438666666666667,0.24666666666666667,2,0.13,0.41,0.5233333333333333,NA,6.56,246.73333333333332,163.1,0.08,106.33333333333333,1.9201143168209036,37.72941,-90.90838,324.76666666666665,973.2888888888889
039,2026-06-10,2026-06-10T12:05:21Z,19.927333333333333,19.927333333333333,6.425333333333334,0.21666666666666667,1.7333333333333334,0.13,0.45666666666666667,0.6466666666666666,NA,6.56,240.5,164.73333333333332,0.08,107,1.9286427145708582,37.72941,-90.90838333333333,324.8,973.2444444444444
039,2026-06-10,2026-06-10T12:05:24Z,20.027,20.027,6.434,0.19,1.5333333333333334,0.13,0.49666666666666665,0.6566666666666666,NA,6.553333333333333,227.03333333333333,166.43333333333334,0.08,108,1.9383052077662857,37.72941333333333,-90.90839,324.96666666666664,973.2888888888889
039,2026-06-10,2026-06-10T12:05:27Z,20.05633333333333,20.05633333333333,6.439333333333334,0.16666666666666669,1.3666666666666667,0.16666666666666666,0.52,0.8,NA,6.56,216.23333333333335,166.66666666666666,0.08,108.33333333333333,1.9411404463799673,37.72941333333333,-90.90839,325.0333333333333,973.2444444444444
039,2026-06-10,2026-06-10T12:05:30Z,20.089000000000002,20.089000000000002,6.463666666666667,0.14666666666666667,1.2333333333333334,0.12,0.48333333333333334,0.6933333333333334,NA,6.566666666666666,204.33333333333334,168.03333333333333,0.08,109,1.9442478679005626,37.72941,-90.90839,325.23333333333335,973.1999999999999
039,2026-06-10,2026-06-10T12:05:33Z,20.11,20.11,6.474666666666667,0.13333333333333333,1.0666666666666667,0.11333333333333334,0.47333333333333333,0.6466666666666666,NA,6.57,191.33333333333334,169.36666666666667,0.08,110.33333333333333,1.9463119216113227,37.72941,-90.90839,325.8333333333333,973.2444444444444
039,2026-06-10,2026-06-10T12:05:36Z,20.181,20.181,6.4703333333333335,0.11666666666666667,0.9333333333333333,0.12,0.43666666666666665,0.44,NA,6.576666666666667,176.1,173.6,0.08,112.66666666666667,1.9531845400108874,37.72941,-90.90838333333333,326.03333333333336,973.3333333333334
039,2026-06-10,2026-06-10T12:05:42Z,20.246,20.246,6.463666666666667,0.09,0.7333333333333333,0.12,0.5033333333333333,0.6033333333333333,NA,6.596666666666667,156.8,174.93333333333334,0.08,114,1.959512792596625,37.72941,-90.90837666666667,325.8666666666667,973.2444444444444
039,2026-06-10,2026-06-10T12:05:45Z,20.312,20.312,6.438666666666666,0.07666666666666667,0.6333333333333333,0.1366666666666667,0.5033333333333333,0.6133333333333333,NA,6.6066666666666665,148.33333333333334,175.2,0.08,114,1.9658637270912722,37.72941,-90.90837,324.9666666666667,973.2444444444444
039,2026-06-10,2026-06-10T12:05:48Z,20.421,20.421,6.414666666666666,0.06333333333333334,0.5,0.12666666666666668,0.49,0.6599999999999999,NA,6.616666666666667,140.46666666666667,175.8,0.08,114,1.976456178551987,37.72941,-90.90837666666667,324.73333333333335,973.2444444444444
039,2026-06-10,2026-06-10T12:05:51Z,20.490333333333332,20.490333333333332,6.408666666666667,0.05333333333333334,0.43333333333333335,0.13333333333333333,0.5033333333333333,0.6366666666666667,NA,6.623333333333333,133.03333333333333,176.13333333333333,0.08,114.33333333333333,1.9831473416802758,37.72941,-90.90838,324.8,973.1999999999999
039,2026-06-10,2026-06-10T12:05:54Z,20.571,20.571,6.397,0.043333333333333335,0.3333333333333333,0.11666666666666667,0.49,0.6233333333333334,NA,6.636666666666667,126.43333333333334,176.4,0.08,115,1.9909726002540373,37.729416666666665,-90.90839,324.8,973.3333333333334
039,2026-06-10,2026-06-10T12:05:57Z,20.606333333333332,20.606333333333332,6.377,0.03333333333333333,0.26666666666666666,0.11,0.49666666666666665,0.7066666666666667,NA,6.64,121.1,176.43333333333334,0.08,115,1.994352204681546,37.72942,-90.90839,324.7,973.2444444444444
039,2026-06-10,2026-06-10T12:06:00Z,20.647666666666666,20.647666666666666,6.363,0.023333333333333334,0.2,0.12,0.4633333333333333,0.6066666666666667,NA,6.65,115.86666666666667,176.93333333333334,0.08,115,1.9983442206496098,37.72942,-90.90839333333334,325.2,973.2444444444444
039,2026-06-10,2026-06-10T12:06:03Z,20.721666666666668,20.721666666666668,6.360666666666667,0.016666666666666666,0.1,0.13,0.5066666666666667,0.5566666666666666,NA,6.66,110.5,177.26666666666668,0.08,115,2.0055343857739065,37.72942,-90.9084,325.93333333333334,973.1999999999999
039,2026-06-10,2026-06-10T12:06:06Z,20.798666666666666,20.798666666666666,6.3646666666666665,0.006666666666666667,0.06666666666666667,0.17,0.4766666666666667,0.5733333333333334,NA,6.67,105.2,177.63333333333333,0.08,115,2.012996733805117,37.72942,-90.9084,326.4,973.1999999999999
039,2026-06-10,2026-06-10T12:06:09Z,20.91,20.91,6.360666666666667,0,0,0.17,0.4866666666666667,0.6733333333333333,NA,6.68,100.2,177.96666666666667,0.08,115.66666666666667,2.0237479586281983,37.72942,-90.9084,326.1666666666667,973.2888888888889
039,2026-06-10,2026-06-10T12:06:12Z,21.004666666666665,21.004666666666665,6.359666666666667,NA,NA,0.16333333333333333,0.47000000000000003,0.6666666666666666,NA,6.6866666666666665,95.26666666666667,178.26666666666665,0.08,116,2.032934131736527,37.72942,-90.9084,325.76666666666665,973.2888888888889
039,2026-06-10,2026-06-10T12:06:15Z,21.111666666666668,21.111666666666668,6.358666666666666,NA,NA,0.15,0.4666666666666667,0.7033333333333334,NA,6.693333333333333,90.23333333333333,179.16666666666666,0.08333333333333333,116.33333333333333,2.043277082199238,37.72942,-90.9084,325.56666666666666,973.2888888888889
039,2026-06-10,2026-06-10T12:06:18Z,21.187,21.187,6.360666666666667,NA,NA,0.13333333333333333,0.46,0.6133333333333333,NA,6.703333333333333,84.9,180.03333333333333,0.09,117,2.0505806568680818,37.72942,-90.9084,325.8333333333333,973.2444444444444
039,2026-06-10,2026-06-10T12:06:21Z,21.264666666666667,21.264666666666667,6.363666666666667,NA,NA,0.13333333333333333,0.4166666666666667,0.62,NA,6.71,79.56666666666666,181,0.09,117.66666666666667,2.058065686808202,37.72942,-90.90839,325.4,973.2444444444444
039,2026-06-10,2026-06-10T12:06:24Z,21.314666666666668,21.314666666666668,6.379666666666666,NA,NA,0.12666666666666668,0.41666666666666663,0.6166666666666667,NA,6.72,74.4,181.76666666666668,0.09,118,2.062919615314825,37.729416666666665,-90.90839,325.3666666666667,973.2444444444444
039,2026-06-10,2026-06-10T12:06:27Z,21.397000000000002,21.397000000000002,6.408666666666667,NA,NA,0.13333333333333333,0.4066666666666667,0.8666666666666667,NA,6.72,67.66666666666666,183.53333333333333,0.09,119.33333333333333,2.0708809653420435,37.72941,-90.90839,325.56666666666666,973.2444444444444
039,2026-06-10,2026-06-10T12:06:30Z,21.469333333333335,21.469333333333335,6.424666666666667,NA,NA,0.12000000000000001,0.43,0.8333333333333334,NA,6.73,61.03333333333333,184.46666666666667,0.09,120,2.077912357103974,37.72941,-90.90839,325.3,973.2444444444444
039,2026-06-10,2026-06-10T12:06:33Z,21.552666666666667,21.552666666666667,6.4543333333333335,NA,NA,0.14666666666666667,0.43666666666666665,0.6433333333333333,NA,6.73,55.03333333333333,185.83333333333334,0.09,120.66666666666667,2.08596443476683,37.72941,-90.90839,325.6333333333333,973.3333333333334
039,2026-06-10,2026-06-10T12:06:36Z,21.641333333333336,21.641333333333336,6.439666666666667,NA,NA,0.13333333333333333,0.45666666666666667,0.8533333333333333,NA,6.74,48.13333333333333,188.4,0.09,122.66666666666667,2.0945381963346033,37.72941,-90.90839,325.3666666666667,973.3333333333334
039,2026-06-10,2026-06-10T12:06:39Z,21.701666666666668,21.701666666666668,6.4303333333333335,NA,NA,0.14666666666666667,0.44666666666666666,0.9366666666666666,NA,6.753333333333333,42,190.16666666666666,0.09,123.66666666666667,2.1003901288332427,37.7294,-90.90839,325.56666666666666,973.3777777777779
039,2026-06-10,2026-06-10T12:06:42Z,21.770333333333333,21.770333333333333,6.423333333333334,NA,NA,0.15333333333333332,0.4966666666666667,0.77,NA,6.763333333333333,36.36666666666667,191.56666666666666,0.09,124.33333333333333,2.1070359281437123,37.7294,-90.90838333333333,326.2,973.2888888888889
039,2026-06-10,2026-06-10T12:06:45Z,21.799,21.799,6.4206666666666665,NA,NA,0.16,0.5033333333333333,0.84,NA,6.776666666666666,31.433333333333334,192.9,0.09,125.33333333333333,2.1097804391217565,37.729393333333334,-90.90838,326.6666666666667,973.2444444444444
039,2026-06-10,2026-06-10T12:06:48Z,21.883666666666667,21.883666666666667,6.411,NA,NA,0.13,0.49666666666666665,0.93,NA,6.786666666666667,26.933333333333334,193.96666666666667,0.09,126,2.1179686082380695,37.72939,-90.90837666666667,326.8,973.2888888888889
039,2026-06-10,2026-06-10T12:06:51Z,21.915333333333333,21.915333333333333,6.408666666666667,NA,NA,0.14666666666666667,0.49333333333333335,0.7466666666666667,NA,6.796666666666667,23.066666666666666,194.86666666666667,0.09,127,2.1210760297586644,37.72939,-90.90837,326.9,973.3333333333334
039,2026-06-10,2026-06-10T12:06:54Z,21.970333333333333,21.970333333333333,6.4046666666666665,NA,NA,0.18000000000000002,0.5166666666666667,0.76,NA,6.806666666666667,19.066666666666666,194.83333333333334,0.09,127,2.126360914534567,37.72938,-90.90837,327.3,973.2888888888889
039,2026-06-10,2026-06-10T12:06:57Z,22.065,22.065,6.4046666666666665,NA,NA,0.15333333333333335,0.5033333333333334,0.7933333333333333,NA,6.82,15.4,195.4,0.09,127,2.135569769551805,37.72938,-90.90837,327.46666666666664,973.2888888888889
039,2026-06-10,2026-06-10T12:07:00Z,22.180333333333333,22.180333333333333,6.397333333333333,NA,NA,0.14,0.49666666666666665,0.9033333333333333,NA,6.83,11.8,195.76666666666665,0.09,127,2.146751950644166,37.72938,-90.90837,327.6666666666667,973.2444444444444
039,2026-06-10,2026-06-10T12:07:03Z,22.267666666666667,22.267666666666667,6.388333333333334,NA,NA,0.15333333333333335,0.45,1.2433333333333334,NA,6.84,8.5,196.6,0.09,127.66666666666667,2.1551669388495736,37.72938,-90.90837666666667,328.0333333333333,973.4222222222222
039,2026-06-10,2026-06-10T12:07:06Z,22.340666666666667,22.340666666666667,6.364333333333334,NA,NA,0.17666666666666667,0.49333333333333335,1.2766666666666666,NA,6.846666666666667,5.233333333333333,197.53333333333333,0.09,128.33333333333334,2.162266376338233,37.72938,-90.90838,328.23333333333335,973.2888888888889
039,2026-06-10,2026-06-10T12:07:09Z,22.391666666666666,22.391666666666666,6.359,NA,NA,0.14666666666666667,0.4666666666666667,1.1266666666666667,NA,6.8566666666666665,1.8666666666666667,198.4,0.09,129,2.167142986753765,37.72939,-90.90838,328.5,973.3333333333334
039,2026-06-10,2026-06-10T12:07:15Z,22.46333333333333,22.46333333333333,6.362666666666667,NA,NA,0.12333333333333334,0.48666666666666664,1.1566666666666667,NA,6.87,-4.3,199.56666666666666,0.09,130,2.174129014697877,37.72939,-90.90839,327.96666666666664,973.4222222222222
039,2026-06-10,2026-06-10T12:07:18Z,22.513333333333332,22.513333333333332,6.347333333333333,NA,NA,0.13,0.5033333333333333,1.2133333333333334,NA,6.876666666666667,-7.3,200.46666666666667,0.1,130.33333333333334,2.1789375793866816,37.72939,-90.90839,327.96666666666664,973.1999999999999
039,2026-06-10,2026-06-10T12:07:21Z,22.562666666666665,22.562666666666665,6.3293333333333335,NA,NA,0.13333333333333333,0.5366666666666667,1.2366666666666668,NA,6.88,-10.033333333333333,201.53333333333333,0.1,131,2.183768825984395,37.72939,-90.90839,328.1333333333333,973.2444444444444
039,2026-06-10,2026-06-10T12:07:24Z,22.634,22.634,6.325,NA,NA,0.17333333333333334,0.47,1.2133333333333334,NA,6.886666666666667,-12.833333333333334,202.3,0.1,131.33333333333334,2.1906414443839597,37.72939,-90.90839,328.03333333333336,973.1999999999999
039,2026-06-10,2026-06-10T12:07:27Z,22.670333333333332,22.670333333333332,6.326666666666667,NA,NA,0.14666666666666667,0.45666666666666667,1.3766666666666667,NA,6.8966666666666665,-15.533333333333333,203.1,0.1,132,2.194179822173834,37.72939,-90.90839,328.4,973.1999999999999
039,2026-06-10,2026-06-10T12:07:30Z,22.704333333333334,22.704333333333334,6.326333333333333,NA,NA,0.13,0.4633333333333333,1.2766666666666666,NA,6.9,-17.833333333333336,203.3,0.1,132,2.197423335147886,37.72939,-90.90839,328.6,973.1999999999999
039,2026-06-10,2026-06-10T12:07:33Z,22.761333333333333,22.761333333333333,6.32,NA,NA,0.15333333333333335,0.44666666666666666,1.03,NA,6.91,-20.166666666666668,203.63333333333333,0.1,132,2.2029350390128832,37.72939,-90.90839,328.3666666666667,973.1999999999999
039,2026-06-10,2026-06-10T12:07:36Z,22.816666666666666,22.816666666666666,6.319333333333334,NA,NA,0.16666666666666669,0.5133333333333333,1.36,NA,6.92,-22.6,204.36666666666667,0.1,133,2.2083333333333335,37.72939,-90.90839,328.6666666666667,973.2888888888889
039,2026-06-10,2026-06-10T12:07:39Z,22.848666666666666,22.848666666666666,6.316,NA,NA,0.14666666666666667,0.51,1.0933333333333333,NA,6.93,-24.96666666666667,205.23333333333335,0.1,133.33333333333334,2.211418072945019,37.729396666666666,-90.90839,328.4,973.3333333333334
039,2026-06-10,2026-06-10T12:07:42Z,22.934,22.934,6.309333333333333,NA,NA,0.16,0.5233333333333333,1.1166666666666667,NA,6.94,-27.066666666666666,205.93333333333334,0.1,134,2.2196969696969697,37.7294,-90.90839,328.23333333333335,973.2888888888889
039,2026-06-10,2026-06-10T12:07:45Z,22.997999999999998,22.997999999999998,6.307666666666666,NA,NA,0.15666666666666668,0.5733333333333334,1.49,NA,6.946666666666667,-29.233333333333334,205.96666666666667,0.1,134,2.2258664489203412,37.7294,-90.90839666666666,328.1,973.2444444444444
039,2026-06-10,2026-06-10T12:07:48Z,23.069,23.069,6.305,NA,NA,0.12666666666666668,0.56,1.3166666666666667,NA,6.95,-31.2,206.66666666666666,0.1,134,2.2327390673199057,37.7294,-90.9084,328.3,973.3333333333334
039,2026-06-10,2026-06-10T12:07:51Z,23.143,23.143,6.306,NA,NA,0.14,0.58,1.38,NA,6.953333333333333,-32.96666666666667,206.96666666666667,0.1,135,2.2398838686263836,37.7294,-90.9084,328.5,973.2444444444444
039,2026-06-10,2026-06-10T12:07:54Z,23.25166666666667,23.25166666666667,6.304666666666667,NA,NA,0.16333333333333333,0.55,1.44,NA,6.96,-34.63333333333333,207.46666666666667,0.1,135,2.250453638178189,37.7294,-90.90840666666666,328.6333333333333,973.2444444444444
039,2026-06-10,2026-06-10T12:07:57Z,23.358666666666668,23.358666666666668,6.302666666666666,NA,NA,0.17666666666666667,0.6033333333333333,1.3466666666666667,NA,6.963333333333333,-36.5,208.26666666666668,0.1,135,2.2607739067319903,37.7294,-90.90841,328.6333333333333,973.3333333333334
039,2026-06-10,2026-06-10T12:08:00Z,23.423333333333332,23.423333333333332,6.302,NA,NA,0.2,0.6233333333333333,1.54,NA,6.97,-38.333333333333336,208.8,0.1,136,2.2670114316820906,37.72940333333333,-90.90841,328.3666666666667,973.2888888888889
039,2026-06-10,2026-06-10T12:08:03Z,23.50733333333333,23.50733333333333,6.302,NA,NA,0.18666666666666668,0.5966666666666667,1.5533333333333335,NA,6.98,-40.333333333333336,209.4,0.1,136,2.2751996007984032,37.72940333333333,-90.90841,328.3,973.2888888888889
039,2026-06-10,2026-06-10T12:08:06Z,23.583333333333332,23.583333333333332,6.302333333333333,NA,NA,0.15666666666666668,0.61,1.3833333333333333,NA,6.98,-42.36666666666667,209.73333333333332,0.1,136,2.2825712211939755,37.7294,-90.90841,328.8333333333333,973.2888888888889
039,2026-06-10,2026-06-10T12:08:09Z,23.665666666666667,23.665666666666667,6.303333333333334,NA,NA,0.19,0.59,1.5633333333333332,NA,6.99,-44.1,210.6,0.1,137,2.290487207403375,37.7294,-90.90841,329.06666666666666,973.2444444444444
039,2026-06-10,2026-06-10T12:08:12Z,23.764,23.764,6.3036666666666665,NA,NA,0.18666666666666668,0.6266666666666667,1.5666666666666667,NA,6.99,-45.93333333333333,211.33333333333334,0.1,137,2.3000136091453456,37.7294,-90.90841,329.6666666666667,973.3333333333334
039,2026-06-10,2026-06-10T12:08:15Z,23.832333333333334,23.832333333333334,6.302333333333333,NA,NA,0.19333333333333333,0.67,1.64,NA,6.99,-47.7,211.56666666666666,0.1,137.66666666666666,2.306636726546906,37.7294,-90.90841,329.96666666666664,973.2888888888889
039,2026-06-10,2026-06-10T12:08:18Z,23.930333333333333,23.930333333333333,6.303,NA,NA,0.19333333333333333,0.6633333333333333,1.7933333333333334,NA,7,-49.33333333333333,212.73333333333335,0.1,138.33333333333334,2.3160950825621485,37.7294,-90.90841,330.6,973.4222222222222
039,2026-06-10,2026-06-10T12:08:21Z,24.002000000000002,24.002000000000002,6.309666666666667,NA,NA,0.9933333333333334,1.4233333333333333,2.836666666666667,NA,7,-51.16666666666667,214.3,0.1,139.33333333333334,2.3230584285973506,37.7294,-90.90841,330.46666666666664,973.3333333333334
039,2026-06-10,2026-06-10T12:08:24Z,24.032,24.032,6.313666666666666,NA,NA,1.3433333333333333,1.9100000000000001,6.316666666666666,NA,7,-53.1,216.2,0.1,140.66666666666666,2.32600707675558,37.7294,-90.90841,330.9,973.3777777777779
039,2026-06-10,2026-06-10T12:08:27Z,24.055666666666667,24.055666666666667,6.312333333333333,NA,NA,1.3533333333333333,1.4100000000000001,5.373333333333333,NA,7,-55.2,217.2,0.1,141,2.328275267646525,37.7294,-90.90841333333334,331.6333333333333,973.2444444444444
039,2026-06-10,2026-06-10T12:08:33Z,24.097,24.097,6.315,NA,NA,3.0366666666666666,3.1366666666666667,9.106666666666667,NA,7,-58.8,219,0.1,142.33333333333334,2.332267283614589,37.7294,-90.90842,332.5,973.1999999999999
039,2026-06-10,2026-06-10T12:08:36Z,24.121666666666666,24.121666666666666,6.320333333333333,NA,NA,1.75,2.6399999999999997,11.643333333333333,NA,7,-60.6,219.5,0.1,142.66666666666666,2.3346715659589914,37.7294,-90.90842,333.06666666666666,973.2444444444444
039,2026-06-10,2026-06-10T12:08:39Z,24.145666666666667,24.145666666666667,6.322,NA,NA,1.27,3.9499999999999997,9.763333333333334,NA,7,-62.5,219.43333333333334,0.1,142.66666666666666,2.336962438758846,37.7294,-90.90842,333.46666666666664,973.1999999999999
