MULakeNumber,date,dateTime,depth_m,verticalPosition_m,temp_degC,doConcentration_mgpL,doSaturation_percent,chlorophyll_RFU,phycocyaninBGA_RFU,phycoerythrinTAL_RFU,turbidity_FNU,pH,orp_mV,specificConductivity_uSpcm,salinity_psu,tds_mgpL,waterPressure_barA,latitude,longitude,altitude_m,barometerAirHandheld_mbars
098,2026-08-11,2026-08-11T09:38:24Z,0.153,0.153,29.9955,8.185,108.35,0.385,0.32,0.2,NA,7.970000000000001,125.9,218.1,0.1,142,0.014765922700054437,36.59611,-93.3127,278.45,983.8666666666667
098,2026-08-11,2026-08-11T09:38:27Z,0.19133333333333333,0.19133333333333333,29.994333333333334,8.273333333333333,109.46666666666667,0.38666666666666666,0.33999999999999997,0.41333333333333333,NA,8.053333333333333,126.23333333333333,218.2,0.1,142,0.018440391943385957,36.59611,-93.3127,277.46666666666664,983.9555555555555
098,2026-08-11,2026-08-11T09:38:30Z,0.297,0.297,29.993666666666666,8.33,110.26666666666667,0.38,0.19333333333333333,0.45666666666666667,NA,8.14,126.06666666666666,218.83333333333334,0.1,142,0.02862456904373072,36.59611,-93.3127,277.06666666666666,983.9555555555555
098,2026-08-11,2026-08-11T09:38:33Z,0.36966666666666664,0.36966666666666664,29.993666666666666,8.366666666666665,110.7,0.39666666666666667,0.2833333333333333,0.3166666666666667,NA,8.18,126.6,218.9,0.1,142,0.035655960805661406,36.59611666666667,-93.3127,277.59999999999997,983.9111111111112
098,2026-08-11,2026-08-11T09:38:36Z,0.454,0.454,29.997,8.386666666666667,111,0.39,0.22666666666666668,0.36,NA,8.21,127,219.06666666666666,0.1,142,0.043753402286336424,36.59611666666667,-93.31269333333334,276.8333333333333,983.8222222222222
098,2026-08-11,2026-08-11T09:38:39Z,0.5353333333333333,0.5353333333333333,29.994666666666667,8.413333333333334,111.33333333333334,0.3933333333333333,0.12666666666666668,0.6,NA,8.24,126.83333333333333,219.03333333333333,0.1,142,0.051624024677916894,36.59612,-93.31269,277.3666666666667,984
098,2026-08-11,2026-08-11T09:38:42Z,0.6263333333333333,0.6263333333333333,29.998,8.426666666666666,111.5,0.41333333333333333,0.24666666666666667,0.48333333333333334,NA,8.27,126.3,219.1,0.1,142,0.060333877699147165,36.59613,-93.31268333333334,277.1333333333333,984
098,2026-08-11,2026-08-11T09:38:45Z,0.7163333333333333,0.7163333333333333,29.998333333333335,8.43,111.53333333333333,0.44,0.2733333333333333,0.5066666666666666,NA,8.273333333333333,127.23333333333333,219.2,0.1,142,0.06899836690255852,36.59613,-93.31268,276.8666666666667,983.8666666666667
098,2026-08-11,2026-08-11T09:38:48Z,0.7916666666666667,0.7916666666666667,29.998,8.436666666666666,111.66666666666667,0.44333333333333336,0.21333333333333335,0.6533333333333333,NA,8.276666666666666,127.56666666666666,219.23333333333332,0.1,142.66666666666666,0.07625657775358374,36.596133333333334,-93.31267666666666,276.4666666666667,983.9111111111112
098,2026-08-11,2026-08-11T09:38:51Z,0.8426666666666667,0.8426666666666667,30.002,8.446666666666665,111.8,0.43666666666666665,0.2866666666666667,0.4033333333333333,NA,8.29,127.4,219.2,0.1,142,0.08117855198693522,36.596133333333334,-93.31267,276.3333333333333,984
098,2026-08-11,2026-08-11T09:38:54Z,0.911,0.911,30.001666666666665,8.45,111.9,0.44333333333333336,0.31,0.39666666666666667,NA,8.3,127.56666666666666,219.23333333333332,0.1,142.66666666666666,0.08782435129740519,36.59613,-93.31266333333333,276.26666666666665,983.9111111111112
098,2026-08-11,2026-08-11T09:38:57Z,0.9796666666666667,0.9796666666666667,30.002333333333333,8.45,111.83333333333333,0.45,0.26666666666666666,0.41000000000000003,NA,8.31,128,219.3,0.1,143,0.09442478679005625,36.59613,-93.31266,276.3,984
098,2026-08-11,2026-08-11T09:39:00Z,1.0253333333333332,1.0253333333333332,30.004,8.45,111.8,0.39666666666666667,0.27666666666666667,0.35,NA,8.31,128.6,219.26666666666668,0.1,143,0.09880239520958084,36.59613,-93.31266,276.5,984
098,2026-08-11,2026-08-11T09:39:03Z,1.073,1.073,30.004,8.45,111.86666666666667,0.3666666666666667,0.25666666666666665,0.41000000000000003,NA,8.303333333333335,129.33333333333334,219.3,0.1,143,0.10342950462710943,36.59613,-93.31266,277.3,983.9555555555555
098,2026-08-11,2026-08-11T09:39:06Z,1.151,1.151,30.003333333333334,8.463333333333335,112,0.2966666666666667,0.24,0.37,NA,8.3,130.13333333333333,219.33333333333334,0.1,143,0.11091453456722918,36.59613,-93.31266,278.3666666666667,983.9555555555555
098,2026-08-11,2026-08-11T09:39:09Z,1.2283333333333333,1.2283333333333333,30.003666666666668,8.463333333333335,112.06666666666666,0.37666666666666665,0.25333333333333335,0.33666666666666667,NA,8.3,130.43333333333334,219.4,0.1,143,0.11833151878062058,36.596136666666666,-93.31266,278.9666666666667,983.9111111111112
098,2026-08-11,2026-08-11T09:39:12Z,1.292,1.292,30.004666666666665,8.46,112,0.35666666666666663,0.24666666666666667,0.24666666666666667,NA,8.316666666666666,129.93333333333334,219.3,0.1,143,0.12452367991290147,36.59613,-93.31266,279.23333333333335,983.9555555555555
098,2026-08-11,2026-08-11T09:39:15Z,1.3296666666666668,1.3296666666666668,30.004333333333335,8.453333333333333,111.9,0.35333333333333333,0.21333333333333335,0.3933333333333333,NA,8.32,130.43333333333334,219.3,0.1,143,0.12813010342950462,36.59613,-93.31266,280.4,983.9555555555555
098,2026-08-11,2026-08-11T09:39:18Z,1.383,1.383,30.003666666666668,8.45,111.9,0.38,0.27,0.3566666666666667,NA,8.32,130.46666666666667,219.33333333333334,0.1,143,0.1332562148430412,36.59613,-93.31267,281.2,983.9555555555555
098,2026-08-11,2026-08-11T09:39:21Z,1.4493333333333334,1.4493333333333334,29.997333333333334,8.456666666666667,111.93333333333334,0.41333333333333333,0.25,0.3,NA,8.316666666666666,131.1,219.46666666666667,0.1,143,0.13965251315550717,36.59613,-93.31267,281.03333333333336,983.9555555555555
098,2026-08-11,2026-08-11T09:39:24Z,1.5253333333333332,1.5253333333333332,29.98633333333333,8.466666666666667,112,0.4166666666666667,0.16333333333333333,0.48666666666666664,NA,8.31,132.1,219.53333333333333,0.1,143,0.14697876973326074,36.59613,-93.31267,280.53333333333336,983.9555555555555
098,2026-08-11,2026-08-11T09:39:27Z,1.612,1.612,29.980333333333334,8.46,111.96666666666667,0.45999999999999996,0.31333333333333335,0.55,NA,8.31,132.7,219.46666666666667,0.1,143,0.15532571221193975,36.59613,-93.31267,280.6,984
098,2026-08-11,2026-08-11T09:39:30Z,1.661,1.661,29.976333333333333,8.45,111.83333333333333,0.48666666666666664,0.24000000000000002,0.4266666666666667,NA,8.31,132.86666666666667,219.43333333333334,0.1,143,0.1600662311740156,36.59613,-93.31267,280.73333333333335,983.9555555555555
098,2026-08-11,2026-08-11T09:39:33Z,1.6966666666666665,1.6966666666666665,29.975,8.45,111.8,0.5233333333333333,0.26,0.6166666666666667,NA,8.31,133.06666666666666,219.5,0.1,143,0.16346851751043368,36.59613,-93.31267,281.23333333333335,983.9555555555555
098,2026-08-11,2026-08-11T09:39:36Z,1.7486666666666666,1.7486666666666666,29.975,8.45,111.8,0.45666666666666667,0.2866666666666667,0.5433333333333333,NA,8.313333333333334,133.16666666666666,219.5,0.1,143,0.16850390128833242,36.59613,-93.31267,281.6666666666667,983.9555555555555
098,2026-08-11,2026-08-11T09:39:39Z,1.7943333333333333,1.7943333333333333,29.976,8.45,111.8,0.5066666666666667,0.23666666666666666,0.8266666666666667,NA,8.32,133.23333333333332,219.43333333333334,0.1,143,0.17292687352567593,36.59613,-93.31267,281.93333333333334,983.9555555555555
098,2026-08-11,2026-08-11T09:39:42Z,1.882,1.882,29.975,8.446666666666665,111.76666666666667,0.5366666666666667,0.3133333333333333,0.65,NA,8.32,133.46666666666667,219.5,0.1,143,0.18138722554890221,36.59613,-93.31267,282.23333333333335,983.9555555555555
098,2026-08-11,2026-08-11T09:39:45Z,2.029333333333333,2.029333333333333,29.975666666666665,8.44,111.7,0.56,0.26666666666666666,0.76,NA,8.32,133.63333333333333,219.5,0.1,143,0.19556341861731083,36.59613,-93.31267,282.23333333333335,983.9555555555555
098,2026-08-11,2026-08-11T09:39:48Z,2.1283333333333334,2.1283333333333334,29.979,8.44,111.66666666666667,0.5566666666666666,0.16666666666666669,0.9433333333333334,NA,8.32,133.83333333333334,219.56666666666666,0.1,143,0.2051125022681909,36.59613,-93.31267,281.1666666666667,983.9555555555555
098,2026-08-11,2026-08-11T09:39:51Z,2.2026666666666666,2.2026666666666666,29.976666666666667,8.44,111.66666666666667,0.6066666666666667,0.3,0.7866666666666666,NA,8.33,134,219.7,0.1,143,0.21230266739248776,36.59612666666667,-93.31267,279.26666666666665,984
098,2026-08-11,2026-08-11T09:39:54Z,2.2823333333333333,2.2823333333333333,29.975333333333335,8.43,111.53333333333333,0.65,0.2966666666666667,1.0433333333333334,NA,8.33,134.26666666666668,219.73333333333332,0.1,143,0.21996915260388317,36.59612333333333,-93.31267,278.1666666666667,984
098,2026-08-11,2026-08-11T09:39:57Z,2.3836666666666666,2.3836666666666666,29.97233333333333,8.43,111.5,0.63,0.17666666666666667,1.0833333333333333,NA,8.33,134.5,219.83333333333334,0.1,143,0.22969969152603883,36.59612,-93.31267,277.1333333333333,984
098,2026-08-11,2026-08-11T09:40:00Z,2.490666666666667,2.490666666666667,29.967,8.43,111.5,0.63,0.33,1.0533333333333332,NA,8.33,134.8,220,0.1,143,0.24001996007984033,36.59612,-93.31267,275.8666666666667,984
098,2026-08-11,2026-08-11T09:40:03Z,2.5986666666666665,2.5986666666666665,29.965666666666667,8.42,111.4,0.6833333333333333,0.19333333333333333,1.1666666666666667,NA,8.33,134.96666666666667,220.2,0.1,143,0.25043095626927964,36.59612,-93.31267,274.7,983.9111111111112
098,2026-08-11,2026-08-11T09:40:06Z,2.712666666666667,2.712666666666667,29.960333333333335,8.42,111.36666666666667,0.6633333333333333,0.21333333333333332,1.0233333333333334,NA,8.33,135.2,220.36666666666667,0.1,143,0.2614543639992742,36.59612,-93.31267333333334,274.1666666666667,983.9555555555555
098,2026-08-11,2026-08-11T09:40:09Z,2.8236666666666665,2.8236666666666665,29.953,8.413333333333334,111.3,0.7266666666666667,0.31333333333333335,1.0633333333333335,NA,8.33,135.53333333333333,220.6,0.1,143,0.27213754309562693,36.59612,-93.31268,274.5333333333333,983.8666666666667
098,2026-08-11,2026-08-11T09:40:12Z,2.927,2.927,29.946666666666665,8.42,111.3,0.7233333333333333,0.18666666666666668,1.18,NA,8.33,135.83333333333334,220.83333333333334,0.1,144,0.2820722191979677,36.59613,-93.31268333333334,275.26666666666665,984
098,2026-08-11,2026-08-11T09:40:15Z,3.0776666666666666,3.0776666666666666,29.94033333333333,8.413333333333334,111.3,0.7933333333333333,0.27,1.1233333333333333,NA,8.33,136.13333333333333,221,0.1,144,0.2966340047178371,36.59613,-93.31268,275.7,984
098,2026-08-11,2026-08-11T09:40:18Z,3.2483333333333335,3.2483333333333335,29.936,8.413333333333334,111.26666666666667,0.83,0.24666666666666667,1.4333333333333333,NA,8.34,136.26666666666668,221.3,0.1,144,0.31307838867719107,36.59613,-93.31268,275.73333333333335,983.9555555555555
098,2026-08-11,2026-08-11T09:40:21Z,3.368666666666667,3.368666666666667,29.935,8.41,111.16666666666667,0.78,0.28,1.25,NA,8.34,136.46666666666667,221.53333333333333,0.1,144,0.3246234803121031,36.59612333333333,-93.31268,275.76666666666665,984
098,2026-08-11,2026-08-11T09:40:24Z,3.5056666666666665,3.5056666666666665,29.932333333333332,8.41,111.16666666666667,0.8533333333333333,0.34,1.3133333333333332,NA,8.34,136.7,221.7,0.1,144,0.33784703320631465,36.59612,-93.31268,276.26666666666665,983.9111111111112
098,2026-08-11,2026-08-11T09:40:27Z,3.637,3.637,29.93,8.4,111.1,0.83,0.18333333333333335,1.44,NA,8.34,136.93333333333334,221.83333333333334,0.1,144,0.35048085646888044,36.59612,-93.31268,277.4,983.9555555555555
098,2026-08-11,2026-08-11T09:40:30Z,3.746,3.746,29.928333333333335,8.403333333333334,111.1,0.79,0.24333333333333332,1.2766666666666666,NA,8.34,137.2,222,0.1,144,0.3609598983850481,36.59612,-93.31267666666666,277.9666666666667,984
098,2026-08-11,2026-08-11T09:40:33Z,3.8953333333333333,3.8953333333333333,29.925666666666665,8.3966666666666665,110.96666666666667,0.8233333333333334,0.2866666666666667,1.28,NA,8.34,137.3,222.16666666666666,0.1,144,0.37540827436037016,36.59612,-93.31267666666666,278.3,984
098,2026-08-11,2026-08-11T09:40:36Z,4.04,4.04,29.922666666666665,8.3966666666666665,111.03333333333333,0.8233333333333334,0.20666666666666667,1.4333333333333333,NA,8.346666666666666,137.3,222.26666666666668,0.1,144.33333333333334,0.3893349664307748,36.59612,-93.31267,278.3333333333333,984
098,2026-08-11,2026-08-11T09:40:39Z,4.223,4.223,29.916333333333334,8.39,110.9,0.84,0.3,1.2433333333333334,NA,8.343333333333334,137.6,222.43333333333334,0.1,145,0.40695880965342046,36.59612,-93.31267,278.4666666666667,984
098,2026-08-11,2026-08-11T09:40:42Z,4.402333333333333,4.402333333333333,29.904666666666667,8.383333333333335,110.8,0.8533333333333333,0.37,1.6033333333333333,NA,8.34,137.8,222.5,0.1,145,0.42424242424242425,36.59612,-93.31266333333333,278.3666666666667,984
098,2026-08-11,2026-08-11T09:40:45Z,4.590333333333333,4.590333333333333,29.894,8.363333333333333,110.53333333333333,0.84,0.23,1.52,NA,8.34,138.16666666666666,222.6,0.1,145,0.4423879513699873,36.59612,-93.31266,278.6333333333333,984
098,2026-08-11,2026-08-11T09:40:48Z,4.751,4.751,29.890666666666664,8.35,110.36666666666667,0.91,0.31,1.5833333333333333,NA,8.34,138.53333333333333,222.6,0.1,145,0.4578570132462348,36.59612,-93.31266,279.4,984
098,2026-08-11,2026-08-11T09:40:51Z,4.8806666666666665,4.8806666666666665,29.889,8.34,110.13333333333333,0.9133333333333333,0.20333333333333334,1.71,NA,8.33,139,222.73333333333332,0.1,145,0.47033206314643444,36.59612,-93.31266,280.56666666666666,983.9555555555555
098,2026-08-11,2026-08-11T09:40:54Z,4.983333333333333,4.983333333333333,29.888333333333335,8.326666666666666,110,0.8866666666666667,0.26,1.4466666666666665,NA,8.33,139.2,222.8,0.1,145,0.48028942115768464,36.59613,-93.31266,281.3333333333333,983.9555555555555
098,2026-08-11,2026-08-11T09:40:57Z,5.121,5.121,29.887333333333334,8.31,109.76666666666667,0.92,0.29333333333333333,1.5666666666666667,NA,8.326666666666666,139.7,222.93333333333334,0.1,145,0.49349029214298673,36.59612,-93.31265333333333,281.3,983.9555555555555
098,2026-08-11,2026-08-11T09:41:00Z,5.237333333333333,5.237333333333333,29.887666666666668,8.31,109.8,0.91,0.18666666666666668,1.5866666666666667,NA,8.32,140.06666666666666,222.86666666666667,0.1,145,0.5047178370531664,36.59612,-93.31264666666667,280.8333333333333,983.9555555555555
098,2026-08-11,2026-08-11T09:41:03Z,5.326666666666666,5.326666666666666,29.886666666666667,8.3,109.6,0.9133333333333333,0.27666666666666667,1.5366666666666666,NA,8.323333333333334,140.16666666666666,222.96666666666667,0.1,145,0.5133369624387588,36.596113333333335,-93.31264,280.1666666666667,984
098,2026-08-11,2026-08-11T09:41:06Z,5.388333333333334,5.388333333333334,29.887,8.29,109.53333333333333,0.94,0.3566666666666667,1.7166666666666668,NA,8.33,140.23333333333332,223,0.1,145,0.5192796225730357,36.59612,-93.31264,280.23333333333335,983.9555555555555
098,2026-08-11,2026-08-11T09:41:09Z,5.429333333333333,5.429333333333333,29.887666666666668,8.3,109.66666666666667,0.8966666666666667,0.22,1.64,NA,8.326666666666666,140.6,222.96666666666667,0.1,145,0.5232262747232806,36.59611,-93.31263333333334,280.3666666666667,984
098,2026-08-11,2026-08-11T09:41:12Z,5.499666666666667,5.499666666666667,29.887333333333334,8.29,109.5,0.8933333333333333,0.32,1.49,NA,8.32,140.93333333333334,223,0.1,145,0.5300308473961168,36.596113333333335,-93.31263,280.5333333333333,983.8666666666667
098,2026-08-11,2026-08-11T09:41:15Z,5.574,5.574,29.888,8.276666666666666,109.33333333333333,0.9066666666666666,0.2866666666666667,1.5366666666666666,NA,8.32,141.23333333333332,223,0.1,145,0.5371529667936854,36.59611,-93.31262666666666,280.56666666666666,983.911111111111
098,2026-08-11,2026-08-11T09:41:18Z,5.689666666666667,5.689666666666667,29.888333333333335,8.296666666666667,109.6,0.9033333333333333,0.22333333333333333,1.6733333333333333,NA,8.32,141.56666666666666,223,0.1,145,0.5482897840682271,36.59610333333333,-93.31262,280.4,983.9555555555555
098,2026-08-11,2026-08-11T09:41:21Z,5.800666666666666,5.800666666666666,29.885,8.3,109.66666666666667,0.92,0.35333333333333333,1.5633333333333335,NA,8.323333333333334,141.53333333333333,222.9,0.1,145,0.5589956450734894,36.5961,-93.31262,280.7,983.8666666666667
098,2026-08-11,2026-08-11T09:41:24Z,5.925,5.925,29.885,8.283333333333333,109.36666666666666,0.8966666666666667,0.23333333333333334,1.8,NA,8.326666666666666,141.73333333333332,223,0.1,145,0.570971692977681,36.5961,-93.31261,280.5,983.9555555555555
098,2026-08-11,2026-08-11T09:41:27Z,6.065333333333333,6.065333333333333,29.879333333333335,8.296666666666667,109.6,0.95,0.25,1.7266666666666666,NA,8.32,142.1,222.96666666666667,0.1,145,0.5844901106877154,36.5961,-93.31261,280.1333333333333,983.9111111111112
098,2026-08-11,2026-08-11T09:41:30Z,6.200666666666667,6.200666666666667,29.845333333333333,8.32,109.86666666666667,0.96,0.39,1.8,NA,8.32,142.5,223.1,0.1,145,0.5975548902195609,36.59609333333333,-93.31261,279.8666666666667,983.9111111111112
098,2026-08-11,2026-08-11T09:41:33Z,6.308,6.308,29.815333333333335,8.32,109.76666666666667,1.0533333333333335,0.3566666666666667,2.063333333333333,NA,8.326666666666666,142.6,223.06666666666666,0.1,145,0.6078751587733624,36.59609,-93.31261,279.53333333333336,983.9555555555555
098,2026-08-11,2026-08-11T09:41:36Z,6.376,6.376,29.780333333333335,8.3533333333333335,110.16666666666667,0.9866666666666667,0.21333333333333335,2.08,NA,8.33,142.8,222.9,0.1,145,0.614452912357104,36.59609,-93.3126,279.3333333333333,983.9111111111112
098,2026-08-11,2026-08-11T09:41:39Z,6.509666666666667,6.509666666666667,29.75133333333333,8.393333333333334,110.63333333333333,1.0333333333333334,0.31666666666666665,2.01,NA,8.33,143.03333333333333,222.9,0.1,145,0.6273362366176738,36.59608,-93.3126,279.76666666666665,983.9111111111112
098,2026-08-11,2026-08-11T09:41:42Z,6.632666666666667,6.632666666666667,29.699333333333332,8.38,110.33333333333333,1.05,0.25333333333333335,2.26,NA,8.33,143.43333333333334,222.86666666666667,0.1,145,0.6392215568862276,36.59608,-93.3126,280.59999999999997,984
098,2026-08-11,2026-08-11T09:41:45Z,6.734,6.734,29.609333333333332,8.3966666666666665,110.46666666666667,0.9966666666666667,0.26666666666666666,2.2866666666666666,NA,8.32,143.83333333333334,223.13333333333333,0.1,145,0.6489974596262021,36.59608,-93.31259,280.23333333333335,984
098,2026-08-11,2026-08-11T09:41:48Z,6.868333333333333,6.868333333333333,29.53,8.416666666666666,110.5,1.07,0.36,2.506666666666667,NA,8.32,143.9,223.43333333333334,0.1,145,0.6620168753402287,36.59607666666667,-93.31259,281.3333333333333,984
098,2026-08-11,2026-08-11T09:41:51Z,6.979,6.979,29.448333333333334,8.363333333333333,109.66666666666667,1.09,0.25,2.84,NA,8.32,144.03333333333333,223.7,0.1,145.33333333333334,0.6727000544365813,36.59607666666667,-93.31259,281.8333333333333,983.9555555555555
098,2026-08-11,2026-08-11T09:41:54Z,7.064,7.064,29.351,8.33,109.06666666666666,1.11,0.31333333333333335,2.9566666666666666,NA,8.306666666666667,144.53333333333333,224.33333333333334,0.1,146,0.6808882235528942,36.59608,-93.31260333333334,282.3,984
098,2026-08-11,2026-08-11T09:41:57Z,7.173,7.173,29.194333333333333,8.296666666666667,108.4,1.1533333333333333,0.3466666666666667,3.49,NA,8.296666666666667,144.86666666666667,225.1,0.10333333333333333,146,0.6913672654690619,36.59608,-93.31259333333334,281.43333333333334,983.9555555555555
098,2026-08-11,2026-08-11T09:42:00Z,7.314,7.314,28.642,8.11,105.03333333333333,1.2733333333333334,0.47333333333333333,5.786666666666667,NA,8.26,145.93333333333334,228.4,0.11,148.33333333333334,0.7051351841771003,36.59607,-93.31259,281.1,983.9555555555555
098,2026-08-11,2026-08-11T09:42:03Z,7.443666666666666,7.443666666666666,28.057000000000002,7.8933333333333335,101.1,1.3566666666666667,0.5566666666666666,8.25,NA,8.203333333333333,147.36666666666667,234.53333333333333,0.11,152.33333333333334,0.7177463255307566,36.59607,-93.31259,280.6,983.8666666666667
098,2026-08-11,2026-08-11T09:42:06Z,7.555,7.555,27.811666666666667,7.77,99.03333333333333,1.4433333333333334,0.7066666666666667,9.01,NA,8.16,148.13333333333333,236.8,0.11,154,0.7285429141716567,36.59606,-93.31259,281.1333333333333,983.8666666666667
098,2026-08-11,2026-08-11T09:42:09Z,7.657333333333333,7.657333333333333,27.643333333333334,7.636666666666667,97.03333333333333,1.5266666666666666,0.8466666666666667,10.586666666666666,NA,8.13,148.86666666666667,238.2,0.11,154.66666666666666,0.7384322264561786,36.59606,-93.31258,281.43333333333334,983.9555555555555
098,2026-08-11,2026-08-11T09:42:12Z,7.807333333333333,7.807333333333333,27.37066666666667,7.48,94.56666666666666,1.5366666666666666,0.9333333333333333,12.976666666666667,NA,8.09,149.56666666666666,241.26666666666665,0.11,156.66666666666666,0.752948648158229,36.59605333333333,-93.31258,280.53333333333336,984
098,2026-08-11,2026-08-11T09:42:15Z,7.939666666666667,7.939666666666667,27.095666666666666,7.26,91.43333333333334,1.5733333333333335,0.9733333333333333,14.98,NA,8.056666666666667,150.43333333333334,243.73333333333332,0.11333333333333333,158.33333333333334,0.7657639266920704,36.59605,-93.31257666666666,279.7,984
098,2026-08-11,2026-08-11T09:42:18Z,8.068,8.068,26.624333333333333,7.036666666666667,87.89999999999999,1.59,0.9566666666666667,16.333333333333332,NA,8.003333333333334,151.5,247.9,0.12,161,0.7782162946833606,36.59604,-93.31257,279.2,983.8666666666667
098,2026-08-11,2026-08-11T09:42:21Z,8.196666666666667,8.196666666666667,26.347666666666665,6.743333333333333,83.73333333333333,1.58,1.13,17.34,NA,7.95,152.46666666666667,250.76666666666668,0.12,162.66666666666666,0.7907140264924696,36.596046666666666,-93.31257,279.76666666666665,983.9555555555555
098,2026-08-11,2026-08-11T09:42:24Z,8.315,8.315,26.236666666666668,6.406666666666666,79.36666666666667,1.5066666666666666,1.1866666666666668,18.813333333333333,NA,7.91,153,252.13333333333333,0.12,164,0.8021683904917438,36.59604,-93.31256333333333,279.59999999999997,983.9555555555555
098,2026-08-11,2026-08-11T09:42:27Z,8.454666666666666,8.454666666666666,26.060333333333332,6.136666666666667,75.83333333333333,1.4966666666666666,1.1566666666666667,19.27,NA,7.873333333333333,153.53333333333333,253.6,0.12,165,0.8157094901106877,36.59604,-93.31256333333333,279.53333333333336,984
098,2026-08-11,2026-08-11T09:42:30Z,8.589333333333334,8.589333333333334,25.832333333333334,5.88,72.33333333333333,1.51,1.2333333333333334,19.886666666666667,NA,7.83,154.16666666666666,255.43333333333334,0.12,166,0.8287289058247143,36.59602666666667,-93.31255333333334,278.6666666666667,983.9555555555555
098,2026-08-11,2026-08-11T09:42:33Z,8.702666666666667,8.702666666666667,25.662666666666667,5.546666666666667,68.06666666666666,1.3566666666666667,1.17,19.990000000000002,NA,7.79,154.46666666666667,256.9,0.12,167,0.8396842678279804,36.59602,-93.31255,278.43333333333334,984
098,2026-08-11,2026-08-11T09:42:36Z,8.806,8.806,25.461,5.176666666666667,63.233333333333334,1.25,1.1433333333333333,20.896666666666665,NA,7.76,155,258.46666666666664,0.12,168,0.8497323534748685,36.59602,-93.31255,278.6,983.9555555555555
098,2026-08-11,2026-08-11T09:42:39Z,8.868666666666666,8.868666666666666,25.343,4.833333333333334,58.9,1.1533333333333333,1.2,20.923333333333332,NA,7.74,155.33333333333334,259.4,0.12,168.66666666666666,0.8557884231536926,36.59602,-93.31255,279.2,983.8666666666667
098,2026-08-11,2026-08-11T09:42:42Z,8.941333333333333,8.941333333333333,25.175,4.533333333333333,55.1,1.1933333333333334,1.2833333333333334,20.733333333333334,NA,7.713333333333333,155.76666666666668,260.43333333333334,0.12,169.33333333333334,0.8628651787334423,36.59601333333333,-93.31255,279.2,983.9555555555555
098,2026-08-11,2026-08-11T09:42:45Z,9.035,9.035,25.019666666666666,4.24,51.4,1.1833333333333333,1.2033333333333334,20.59,NA,7.69,156.06666666666666,261.5333333333333,0.12,170,0.8719152603883144,36.59601,-93.31255,279,983.9555555555555
098,2026-08-11,2026-08-11T09:42:48Z,9.142666666666667,9.142666666666667,24.829,3.9433333333333334,47.6,1.15,1.1266666666666667,20.043333333333333,NA,7.66,156.5,262.96666666666664,0.12,171,0.8823716203955725,36.596,-93.31254666666666,277.53333333333336,984
098,2026-08-11,2026-08-11T09:42:51Z,9.229,9.229,24.636666666666667,3.6566666666666667,44.03333333333333,1.06,1.23,20.163333333333334,NA,7.636666666666667,156.66666666666666,265.0333333333333,0.12666666666666668,172.33333333333334,0.8906731990564326,36.596,-93.31255,278.2,983.9555555555555
098,2026-08-11,2026-08-11T09:42:54Z,9.287333333333333,9.287333333333333,24.525,3.3733333333333335,40.53333333333333,1.15,1.25,19.93,NA,7.616666666666667,156.73333333333332,266.1666666666667,0.13,173,0.896389040101615,36.59599333333333,-93.31254333333334,277.96666666666664,984
098,2026-08-11,2026-08-11T09:42:57Z,9.342333333333332,9.342333333333332,24.375333333333334,3.12,37.33333333333333,1.1166666666666667,1.1300000000000001,18.626666666666665,NA,7.596666666666667,157,267.1,0.13,173.66666666666666,0.9017192886953366,36.59599,-93.31254,278.3666666666667,984
098,2026-08-11,2026-08-11T09:43:00Z,9.421666666666667,9.421666666666667,24.238333333333333,2.91,34.8,1.02,0.9466666666666667,17.06,NA,7.576666666666667,157.2,267.96666666666664,0.13,174,0.9094084558156414,36.59598333333333,-93.31253666666666,277.3,984
098,2026-08-11,2026-08-11T09:43:03Z,9.514666666666667,9.514666666666667,24.087,2.6766666666666667,31.866666666666667,0.9,0.9533333333333334,17.263333333333332,NA,7.5633333333333335,157.36666666666667,268.8333333333333,0.13,175,0.9184358555616041,36.59597333333333,-93.31253,276.06666666666666,984
098,2026-08-11,2026-08-11T09:43:06Z,9.575333333333333,9.575333333333333,23.974,2.41,28.633333333333333,0.8566666666666667,0.8566666666666667,16.966666666666665,NA,7.546666666666667,157.33333333333334,269.2,0.13,175,0.9243331518780621,36.59597,-93.31252666666667,275.06666666666666,984
098,2026-08-11,2026-08-11T09:43:09Z,9.644333333333334,9.644333333333334,23.865,2.17,25.666666666666668,0.83,0.7666666666666667,15.973333333333333,NA,7.536666666666667,157.33333333333334,269.6,0.13,175,0.930978951188532,36.59597,-93.31252333333333,274.2,984
098,2026-08-11,2026-08-11T09:43:12Z,9.713333333333333,9.713333333333333,23.754,1.9833333333333334,23.466666666666665,0.87,0.8233333333333334,14.316666666666666,NA,7.523333333333333,157.33333333333334,269.8,0.13,175,0.9376701143168209,36.59596,-93.31252666666667,273.8333333333333,984
098,2026-08-11,2026-08-11T09:43:15Z,9.810333333333334,9.810333333333334,23.582666666666665,1.8333333333333333,21.633333333333333,0.85,0.7633333333333333,13.866666666666667,NA,7.506666666666667,157.36666666666667,270.1,0.13,175.33333333333334,0.9470831065142443,36.59596,-93.31252,274.4,984
098,2026-08-11,2026-08-11T09:43:18Z,9.923333333333334,9.923333333333334,23.401333333333334,1.7033333333333334,20.033333333333335,0.8266666666666667,0.67,13.59,NA,7.496666666666667,157.63333333333333,270.7666666666667,0.13,176,0.958015786608601,36.59597,-93.31252,275.4666666666667,984
098,2026-08-11,2026-08-11T09:43:21Z,10.025666666666666,10.025666666666666,23.318666666666665,1.5733333333333333,18.433333333333334,0.7633333333333333,0.6166666666666667,12.736666666666666,NA,7.486666666666667,157.6,271.1333333333333,0.13,176,0.9679504627109418,36.59596333333333,-93.31252,275.5,983.9111111111112
098,2026-08-11,2026-08-11T09:43:24Z,10.145333333333333,10.145333333333333,23.285666666666668,1.3766666666666667,16.166666666666668,0.77,0.5833333333333333,12.463333333333333,NA,7.47,157.7,271.26666666666665,0.13,176,0.9794728724369444,36.59596333333333,-93.31251333333334,275.53333333333336,984
098,2026-08-11,2026-08-11T09:43:27Z,10.252666666666666,10.252666666666666,23.163,1.2066666666666666,14.1,0.6666666666666666,0.5933333333333334,11.42,NA,7.456666666666667,157.93333333333334,272,0.13,177,0.9899065505352931,36.59597,-93.31251,276.8333333333333,984
098,2026-08-11,2026-08-11T09:43:30Z,10.377333333333333,10.377333333333333,22.899,1.04,12.133333333333333,0.63,0.41000000000000003,10.623333333333333,NA,7.443333333333333,158.06666666666666,273.3,0.13,177.66666666666666,1.001996007984032,36.59597333333333,-93.31251,277.8,983.9555555555555
098,2026-08-11,2026-08-11T09:43:33Z,10.539666666666667,10.539666666666667,22.722666666666665,0.89,10.3,0.6166666666666667,0.46,10.27,NA,7.433333333333334,157.93333333333334,272.93333333333334,0.13,177.33333333333334,1.0177145708582835,36.59598666666667,-93.31251,278.0333333333333,984
098,2026-08-11,2026-08-11T09:43:36Z,10.659,10.659,22.651333333333334,0.7533333333333333,8.733333333333333,0.53,0.4633333333333333,9.540000000000001,NA,7.426666666666667,157.8,271.8666666666667,0.13,176.66666666666666,1.0292596624931956,36.59599,-93.31251,278.26666666666665,984
098,2026-08-11,2026-08-11T09:43:39Z,10.797,10.797,22.576,0.65,7.5,0.5666666666666667,0.3466666666666667,9.69,NA,7.413333333333333,157.8,270.9,0.13,176,1.042641988749773,36.59599,-93.31252,279.1666666666667,983.9555555555555
098,2026-08-11,2026-08-11T09:43:42Z,10.963,10.963,22.450666666666667,0.58,6.733333333333333,0.58,0.35,8.936666666666666,NA,7.406666666666667,157.76666666666668,270.46666666666664,0.13,175.66666666666666,1.0586780983487571,36.59599,-93.31252,279.4,984
098,2026-08-11,2026-08-11T09:43:45Z,11.127,11.127,22.311333333333334,0.52,6,0.59,0.37333333333333335,8.313333333333333,NA,7.3966666666666665,157.73333333333332,269.8333333333333,0.13,175.33333333333334,1.074510070767556,36.59599,-93.31252,280.4,984
098,2026-08-11,2026-08-11T09:43:48Z,11.267,11.267,22.217333333333332,0.47333333333333333,5.433333333333334,0.59,0.37666666666666665,8.620000000000001,NA,7.39,157.7,271.4,0.13,176.33333333333334,1.0880738522954092,36.59599,-93.31252,281.8333333333333,983.9555555555555
098,2026-08-11,2026-08-11T09:43:51Z,11.420666666666666,11.420666666666666,22.155666666666665,0.43666666666666665,5,0.5966666666666667,0.24333333333333335,8.14,NA,7.38,157.66666666666666,271.8666666666667,0.13,177,1.1029305026311016,36.596,-93.31253,282.8,984
098,2026-08-11,2026-08-11T09:43:54Z,11.562666666666667,11.562666666666667,22.079666666666665,0.4033333333333333,4.633333333333333,0.62,0.3666666666666667,7.77,NA,7.373333333333333,157.6,272.6,0.13,177,1.116653057521321,36.596,-93.31253,282.76666666666665,984
098,2026-08-11,2026-08-11T09:43:57Z,11.635666666666667,11.635666666666667,22.036333333333335,0.38,4.366666666666667,0.6266666666666667,0.36666666666666664,8.02,NA,7.37,157.5,272.76666666666665,0.13,177,1.1237071311921611,36.596,-93.31253333333333,283.26666666666665,984
098,2026-08-11,2026-08-11T09:44:00Z,11.777333333333333,11.777333333333333,21.993666666666666,0.36333333333333334,4.133333333333333,0.62,0.32333333333333336,7.82,NA,7.37,157.26666666666668,272.3,0.13,177,1.1374296860823807,36.596,-93.31254,284.1333333333333,983.9111111111112
098,2026-08-11,2026-08-11T09:44:03Z,11.935666666666666,11.935666666666666,21.915666666666667,0.34,3.9,0.5633333333333334,0.26,7.096666666666667,NA,7.36,157.2,271.6,0.13,176.33333333333334,1.152739974596262,36.596,-93.31254,285.23333333333335,983.9555555555555
098,2026-08-11,2026-08-11T09:44:06Z,12.026333333333334,12.026333333333334,21.855666666666668,0.32333333333333336,3.7333333333333334,0.6633333333333333,0.32666666666666666,7.073333333333333,NA,7.36,156.9,271.1,0.13,176,1.1615178733442206,36.59600333333333,-93.31254333333334,286.1666666666667,983.9555555555555
098,2026-08-11,2026-08-11T09:44:09Z,12.052,12.052,21.831333333333333,0.31333333333333335,3.566666666666667,0.58,0.24666666666666667,6.553333333333334,NA,7.3566666666666665,156.63333333333333,270.56666666666666,0.13,176,1.1639902014153511,36.59601,-93.31254666666666,287.1,984
098,2026-08-11,2026-08-11T09:44:12Z,12.177666666666667,12.177666666666667,21.774333333333335,0.29666666666666663,3.3666666666666667,0.53,0.16666666666666669,6.07,NA,7.35,156.63333333333333,269.93333333333334,0.13,175,1.1761250226819089,36.59601666666667,-93.31255,287.8333333333333,984
098,2026-08-11,2026-08-11T09:44:15Z,12.307333333333332,12.307333333333332,21.679333333333332,0.2833333333333333,3.2,0.4866666666666667,0.21,5.39,NA,7.34,156.56666666666666,270.06666666666666,0.13,175.66666666666666,1.1886681183088368,36.59602,-93.31255,288.46666666666664,983.9555555555555
098,2026-08-11,2026-08-11T09:44:18Z,12.431666666666667,12.431666666666667,21.587333333333333,0.27,3.066666666666667,0.43666666666666665,0.2966666666666667,5.29,NA,7.34,156.3,270.23333333333335,0.13,176,1.2006895300308473,36.59602,-93.31255,288.73333333333335,983.9111111111112
098,2026-08-11,2026-08-11T09:44:21Z,12.564333333333334,12.564333333333334,21.475666666666665,0.26333333333333336,2.966666666666667,0.43666666666666665,0.15333333333333335,4.296666666666667,NA,7.34,156,269.93333333333334,0.13,175.33333333333334,1.2135274904735984,36.59602,-93.31255,288.23333333333335,984
098,2026-08-11,2026-08-11T09:44:24Z,12.728333333333333,12.728333333333333,21.365,0.25,2.833333333333333,0.33,0.13,3.4333333333333336,NA,7.34,155.53333333333333,268.3333333333333,0.13,174.66666666666666,1.229404826710216,36.59602,-93.31255,287.6,984
098,2026-08-11,2026-08-11T09:44:27Z,12.832333333333333,12.832333333333333,21.25433333333333,0.24333333333333332,2.7333333333333334,0.38333333333333336,0.17333333333333334,3.15,NA,7.34,155.13333333333333,265.5,0.13,172.66666666666666,1.2395209580838324,36.59602,-93.31255,288.3666666666667,984
098,2026-08-11,2026-08-11T09:44:30Z,12.967666666666666,12.967666666666666,21.120333333333335,0.23333333333333334,2.6333333333333333,0.35333333333333333,0.11,2.76,NA,7.336666666666667,154.83333333333334,263.5,0.12666666666666668,171.33333333333334,1.2526084195245872,36.59602666666667,-93.31255,289.43333333333334,984
098,2026-08-11,2026-08-11T09:44:33Z,13.059333333333333,13.059333333333333,21.007666666666665,0.22333333333333333,2.5,0.3,0.07,2.183333333333333,NA,7.33,154.5,262.3333333333333,0.12,170.33333333333334,1.2618853202685538,36.59603,-93.31255,289.93333333333334,983.9555555555555
098,2026-08-11,2026-08-11T09:44:42Z,13.117,13.117,20.88233333333333,0.2,2.2666666666666666,0.23,0.05333333333333333,1.7833333333333334,NA,7.3133333333333335,153.13333333333333,259.8333333333333,0.12,169,1.2671248412266376,36.59603666666667,-93.31254,288.6333333333333,984
098,2026-08-11,2026-08-11T09:44:45Z,13.154,13.154,20.834333333333333,0.19333333333333333,2.2,0.25666666666666665,0.10666666666666666,1.3466666666666667,NA,7.31,152.66666666666666,258.59999999999997,0.12,168,1.2706859009254219,36.59604,-93.31253333333333,288.09999999999997,983.9555555555555
098,2026-08-11,2026-08-11T09:44:48Z,13.246666666666666,13.246666666666666,20.763333333333332,0.19,2.1,0.28,0.13,1.2266666666666666,NA,7.31,152.1,257.56666666666666,0.12,167.33333333333334,1.2796452549446562,36.59604,-93.31252666666667,286.83333333333337,983.9555555555555
098,2026-08-11,2026-08-11T09:44:51Z,13.379666666666667,13.379666666666667,20.675666666666665,0.18333333333333332,2.033333333333333,0.25333333333333335,0.11666666666666667,0.9833333333333334,NA,7.31,151.63333333333333,255.66666666666666,0.12,166.33333333333334,1.292528579205226,36.59604,-93.31252,286.3666666666667,983.9555555555555
098,2026-08-11,2026-08-11T09:44:54Z,13.446666666666667,13.446666666666667,20.584,0.18,2,0.22,0.03,0.94,NA,7.3,151.16666666666666,254.5,0.12,165,1.2990156051533297,36.59604,-93.31252,285.93333333333334,984
098,2026-08-11,2026-08-11T09:44:57Z,13.511,13.511,20.543333333333333,0.17,1.9,0.25333333333333335,0.08666666666666667,0.77,NA,7.3,150.8,255.66666666666666,0.12,166.33333333333334,1.30523044819452,36.59604,-93.31252,285.1,983.9555555555555
098,2026-08-11,2026-08-11T09:45:00Z,13.588333333333333,13.588333333333333,20.513666666666666,0.17,1.9,0.19,0.13,1.15,NA,7.293333333333333,150.4,260.23333333333335,0.12,169,1.3127381600435493,36.59604,-93.31252,283.96666666666664,984
098,2026-08-11,2026-08-11T09:45:03Z,13.663333333333334,13.663333333333334,20.488,0.16666666666666669,1.8333333333333333,0.20333333333333334,0.030000000000000002,1.1866666666666668,NA,7.29,149.96666666666667,262.8,0.12333333333333334,171,1.319973688985665,36.59604,-93.31251,283.1333333333333,984
098,2026-08-11,2026-08-11T09:45:06Z,13.717333333333332,13.717333333333332,20.472333333333335,0.16,1.8,0.23333333333333334,0.05333333333333333,1.1233333333333333,NA,7.29,149.5,263.6,0.13,171,1.3252358918526583,36.59604,-93.31251,282.8666666666667,984
098,2026-08-11,2026-08-11T09:45:09Z,13.768666666666666,13.768666666666666,20.453666666666667,0.16,1.8,0.21,0.14666666666666667,1.0633333333333332,NA,7.293333333333333,149,263.93333333333334,0.13,172,1.3301805479949194,36.59604,-93.31251,282.6666666666667,983.9555555555555
098,2026-08-11,2026-08-11T09:45:12Z,13.820333333333332,13.820333333333332,20.434,0.16,1.7666666666666666,0.17666666666666667,0.15333333333333335,1.1033333333333335,NA,7.3,148.46666666666667,263.56666666666666,0.13,171,1.3351478860460897,36.59605,-93.31251,282.2,983.9111111111112
098,2026-08-11,2026-08-11T09:45:15Z,13.867666666666667,13.867666666666667,20.402666666666665,0.15333333333333332,1.7,0.19,0.03666666666666667,0.9666666666666667,NA,7.3,147.93333333333334,262.8333333333333,0.12333333333333334,171,1.3397296316457994,36.59605,-93.31251,282.1333333333333,984
098,2026-08-11,2026-08-11T09:45:18Z,13.915333333333335,13.915333333333335,20.383333333333333,0.15,1.7,0.21666666666666667,0.12666666666666668,0.8733333333333334,NA,7.3,147.36666666666667,262,0.12,170,1.3443794229722374,36.59605,-93.31251,281.73333333333335,984
098,2026-08-11,2026-08-11T09:45:21Z,13.972,13.972,20.361333333333334,0.15,1.6333333333333333,0.23333333333333334,0.08,0.7666666666666667,NA,7.3,146.8,261.1666666666667,0.12,169.66666666666666,1.3498684449283251,36.59605,-93.31251,280.7,983.9555555555555
098,2026-08-11,2026-08-11T09:45:24Z,14.089,14.089,20.314666666666668,0.14333333333333334,1.6,0.17333333333333334,-0.013333333333333332,0.8333333333333334,NA,7.293333333333333,146.1,259.4666666666667,0.12,168.66666666666666,1.3611867174741425,36.59605,-93.31251,280.4,983.9555555555555
098,2026-08-11,2026-08-11T09:45:27Z,14.171999999999999,14.171999999999999,20.268333333333334,0.14,1.5666666666666667,0.15,0.07333333333333333,0.5966666666666667,NA,7.29,145.23333333333332,257.6,0.12,167.33333333333334,1.3691707494102703,36.59605,-93.31251,280.3333333333333,984
098,2026-08-11,2026-08-11T09:45:30Z,14.244666666666667,14.244666666666667,20.217333333333332,0.14,1.5,0.17,0.14666666666666667,0.26666666666666666,NA,7.29,144.26666666666665,256.76666666666665,0.12,167,1.3762248230811105,36.59605,-93.31250666666666,280.43333333333334,984
098,2026-08-11,2026-08-11T09:45:33Z,14.329,14.329,20.168333333333333,0.13,1.5,0.15333333333333335,0.07333333333333333,0.5133333333333334,NA,7.29,143.43333333333334,255.83333333333334,0.12,166,1.3843903102885138,36.59605,-93.3125,280.2,984
098,2026-08-11,2026-08-11T09:45:36Z,14.390666666666666,14.390666666666666,20.128666666666668,0.13,1.4,0.11,-0.043333333333333335,0.43333333333333335,NA,7.29,142.63333333333333,255.36666666666667,0.12,166,1.3903329704227907,36.59605,-93.3125,280.03333333333336,984
098,2026-08-11,2026-08-11T09:45:39Z,14.461666666666666,14.461666666666666,20.099333333333334,0.13,1.4,0.18,0.13333333333333333,0.18666666666666668,NA,7.29,141.96666666666667,254.7,0.12,165.66666666666666,1.3972055888223553,36.59605,-93.3125,279.8,984
098,2026-08-11,2026-08-11T09:45:42Z,14.550333333333333,14.550333333333333,20.053,0.13,1.4,0.15333333333333335,0.09666666666666666,0.3,NA,7.29,141.3,253.7,0.12,165,1.4058247142079479,36.59605,-93.3125,280.1666666666667,984
098,2026-08-11,2026-08-11T09:45:45Z,14.626999999999999,14.626999999999999,20.010666666666665,0.12333333333333334,1.4,0.15333333333333332,0.05,0.27,NA,7.29,140.7,253,0.12,164,1.4132416984213392,36.59605333333333,-93.3125,279.9666666666667,984
098,2026-08-11,2026-08-11T09:45:48Z,14.710333333333333,14.710333333333333,19.96066666666667,0.12,1.3666666666666667,0.17666666666666667,0.10666666666666667,0.27,NA,7.293333333333333,140.2,252.93333333333334,0.12,164.33333333333334,1.421271094175286,36.59606,-93.3125,279.9666666666667,984
098,2026-08-11,2026-08-11T09:45:51Z,14.796,14.796,19.922,0.12,1.3,0.16,0.08666666666666667,0.19,NA,7.296666666666667,139.7,251.53333333333333,0.12,163.66666666666666,1.4295953547450553,36.59606,-93.3125,280.1666666666667,984
098,2026-08-11,2026-08-11T09:45:54Z,14.880666666666666,14.880666666666666,19.881999999999998,0.12,1.3,0.13,-0.04,0.08333333333333334,NA,7.29,139.4,250.26666666666665,0.12,163,1.4377608419524588,36.59606,-93.3125,279.93333333333334,984
098,2026-08-11,2026-08-11T09:45:57Z,14.959666666666667,14.959666666666667,19.845666666666666,0.11333333333333333,1.3,0.08666666666666667,0.030000000000000002,0.04666666666666666,NA,7.29,139.06666666666666,250.23333333333332,0.12,163,1.4453819633460352,36.59606,-93.3125,279.8,984
098,2026-08-11,2026-08-11T09:46:00Z,15.077333333333334,15.077333333333334,19.819333333333333,0.11,1.2,0.14,0.03666666666666667,-0.05000000000000001,NA,7.29,138.56666666666666,250.16666666666666,0.12,162.66666666666666,1.4567909635274905,36.59606,-93.3125,279.8333333333333,984
098,2026-08-11,2026-08-11T09:46:03Z,15.201,15.201,19.762,0.11,1.2,0.12666666666666668,0.07666666666666666,-0.03333333333333333,NA,7.29,138.06666666666666,249.6,0.12,162,1.4687670114316822,36.596066666666665,-93.3125,280.1333333333333,984
098,2026-08-11,2026-08-11T09:46:06Z,15.299333333333333,15.299333333333333,19.716666666666665,0.11,1.2,0.06333333333333334,-0.013333333333333334,-0.09666666666666666,NA,7.29,137.53333333333333,249,0.12,162,1.4782480493558339,36.596066666666665,-93.3125,280.6,984
098,2026-08-11,2026-08-11T09:46:09Z,15.353333333333333,15.353333333333333,19.682666666666666,0.11,1.2,0.12333333333333334,0.07,-0.08666666666666667,NA,7.29,137.26666666666668,248.29999999999998,0.12,161.33333333333334,1.4834875703139176,36.59606,-93.31249,280.2,984
098,2026-08-11,2026-08-11T09:46:12Z,15.467666666666666,15.467666666666666,19.642333333333333,0.10333333333333333,1.1,0.07666666666666667,-0.016666666666666666,0.12333333333333334,NA,7.29,136.93333333333334,247.33333333333334,0.12,160.66666666666666,1.4945563418617311,36.59606333333333,-93.31249,280.2,984
098,2026-08-11,2026-08-11T09:46:15Z,15.584666666666667,15.584666666666667,19.596333333333334,0.1,1.1,0.09333333333333334,-0.0033333333333333335,-0.14666666666666667,NA,7.29,136.76666666666668,246.16666666666666,0.12,160,1.505897296316458,36.59607,-93.31249,280.96666666666664,984
098,2026-08-11,2026-08-11T09:46:18Z,15.688,15.688,19.555333333333333,0.1,1.1,0.12666666666666668,0.06,0,NA,7.28,136.8,245.9,0.12,160,1.515900018145527,36.59607,-93.31249,281.76666666666665,984
098,2026-08-11,2026-08-11T09:46:21Z,15.795666666666667,15.795666666666667,19.531666666666666,0.1,1.1,0.11666666666666667,0.08666666666666667,-0.08333333333333333,NA,7.28,136.66666666666666,245.9,0.12,160,1.526288332426057,36.59607,-93.31249,282.53333333333336,984
098,2026-08-11,2026-08-11T09:46:24Z,15.894666666666666,15.894666666666666,19.489666666666665,0.1,1.0666666666666667,0.1,-0.013333333333333334,-0.12333333333333334,NA,7.28,136.56666666666666,245.46666666666667,0.12,160,1.5358600979858463,36.59607,-93.31249,283.3666666666667,983.9555555555555
098,2026-08-11,2026-08-11T09:46:27Z,16.022333333333336,16.022333333333336,19.452666666666666,0.09666666666666666,1,0.09000000000000001,-0.04666666666666667,-0.15666666666666668,NA,7.28,136.43333333333334,245.13333333333333,0.12,159,1.5481990564325894,36.59607,-93.31249,283.8333333333333,984
098,2026-08-11,2026-08-11T09:46:30Z,16.145333333333333,16.145333333333333,19.406,0.09,1,0.12,0,-0.14333333333333334,NA,7.28,136.4,244.76666666666668,0.12,159,1.5601070586100525,36.59607,-93.31249,284.2,984
098,2026-08-11,2026-08-11T09:46:33Z,16.246,16.246,19.374666666666666,0.09,1,0.11666666666666667,-0.016666666666666666,-0.13666666666666666,NA,7.28,136.3,244.8,0.12,159,1.5698602794411178,36.59608,-93.31249,284.56666666666666,983.9555555555555
098,2026-08-11,2026-08-11T09:46:36Z,16.358666666666668,16.358666666666668,19.349,0.09,1,0.11333333333333333,-0.030000000000000002,-0.17666666666666667,NA,7.28,136.23333333333332,244.76666666666665,0.12,159,1.5807249138087462,36.59608,-93.31249,284.23333333333335,984
098,2026-08-11,2026-08-11T09:46:39Z,16.442666666666668,16.442666666666668,19.302666666666667,0.09,1,0.14333333333333334,0.07,-0.19666666666666668,NA,7.28,136.16666666666666,244.9,0.12,159,1.5888904010161495,36.59608,-93.31249,283.53333333333336,984
098,2026-08-11,2026-08-11T09:46:42Z,16.552666666666667,16.552666666666667,19.25733333333333,0.09,1,0.13333333333333333,-0.00666666666666667,-0.18666666666666668,NA,7.28,136.03333333333333,244.36666666666667,0.12,159,1.5995282162946833,36.59608,-93.3125,282.93333333333334,984
098,2026-08-11,2026-08-11T09:46:45Z,16.70566666666667,16.70566666666667,19.205666666666666,0.09,0.9,0.08666666666666667,0.01,-0.023333333333333334,NA,7.28,135.9,243.86666666666667,0.12,158.66666666666666,1.6142941389947378,36.59608,-93.3125,282.5,984
098,2026-08-11,2026-08-11T09:46:48Z,16.82,16.82,19.168333333333333,0.08333333333333333,0.9,0.12333333333333334,0.06333333333333334,-0.13,NA,7.28,135.83333333333334,244,0.12,158.66666666666666,1.6253855924514609,36.59608,-93.31250333333334,282.26666666666665,984
098,2026-08-11,2026-08-11T09:46:51Z,16.932,16.932,19.122,0.08666666666666667,0.9,0.11,-0.003333333333333334,-0.043333333333333335,NA,7.28,135.76666666666668,244.23333333333332,0.12,159,1.6361821810923607,36.59608,-93.31251,280.56666666666666,984
098,2026-08-11,2026-08-11T09:46:54Z,17.02466666666667,17.02466666666667,19.059333333333335,0.09,1,0.08666666666666667,-0.04,-0.13,NA,7.28,135.7,244.13333333333333,0.12,159,1.6452322627472329,36.59608,-93.31251,280.43333333333334,984
098,2026-08-11,2026-08-11T09:46:57Z,17.12633333333333,17.12633333333333,19.006333333333334,0.09333333333333334,1,0.06666666666666667,0.07333333333333333,-0.27,NA,7.28,135.7,244.2,0.12,159,1.6550535293050264,36.59608,-93.31251,279.73333333333335,984
098,2026-08-11,2026-08-11T09:47:00Z,17.21666666666667,17.21666666666667,18.962,0.1,1.1,0.08666666666666667,0.06333333333333334,-0.2966666666666667,NA,7.28,135.66666666666666,244.1,0.12,159,1.663786064235166,36.59608,-93.31251,278.56666666666666,984
098,2026-08-11,2026-08-11T09:47:03Z,17.244666666666667,17.244666666666667,18.933666666666667,0.1,1.1,0.05333333333333334,0.03333333333333333,-0.16,NA,7.28,135.6,244.26666666666668,0.12,159,1.6665078933043005,36.59608,-93.31251,278.26666666666665,984
098,2026-08-11,2026-08-11T09:47:06Z,17.305666666666667,17.305666666666667,18.881333333333334,0.1,1.1,0.05666666666666667,-0.06333333333333334,-0.17666666666666667,NA,7.28,135.6,244.46666666666667,0.12,159,1.6724278715296679,36.59608,-93.31251333333334,278.1666666666667,983.9555555555555
098,2026-08-11,2026-08-11T09:47:09Z,17.401,17.401,18.854,0.1,1.1,0.11,0.043333333333333335,-0.23,NA,7.28,135.53333333333333,244.5,0.12,159,1.681636726546906,36.596086666666665,-93.31252,278,984
098,2026-08-11,2026-08-11T09:47:12Z,17.49,17.49,18.816333333333333,0.10333333333333333,1.1333333333333333,0.04666666666666667,-0.006666666666666666,-0.14,NA,7.28,135.46666666666667,244.16666666666666,0.12,159,1.6902558519324986,36.59609333333333,-93.31252,277.4,983.9555555555555
098,2026-08-11,2026-08-11T09:47:15Z,17.565333333333335,17.565333333333335,18.782,0.11,1.2,0.06333333333333334,-0.006666666666666667,-0.3,NA,7.28,135.4,243.9,0.12,158.66666666666666,1.697559426601343,36.5961,-93.31252,276.43333333333334,983.9111111111112
098,2026-08-11,2026-08-11T09:47:18Z,17.654,17.654,18.733666666666668,0.12,1.3,0.08333333333333333,0.05333333333333334,-0.36333333333333334,NA,7.28,135.4,243.63333333333333,0.12,158,1.7061105062602069,36.5961,-93.31252,276.73333333333335,984
098,2026-08-11,2026-08-11T09:47:21Z,17.709,17.709,18.68166666666667,0.12,1.3,0.043333333333333335,-0.049999999999999996,-0.23666666666666666,NA,7.28,135.43333333333334,243.6,0.12,158,1.7114407548539285,36.59611,-93.31252,277.7,983.9555555555555
098,2026-08-11,2026-08-11T09:47:24Z,17.793,17.793,18.633333333333333,0.12,1.3,0.07666666666666667,0.08666666666666667,-0.2833333333333333,NA,7.27,135.6,243.46666666666667,0.12,158,1.719560878243513,36.59612,-93.31251333333334,278.06666666666666,983.9555555555555
098,2026-08-11,2026-08-11T09:47:27Z,17.814333333333334,17.814333333333334,18.608,0.12,1.3,0.06333333333333334,0.03666666666666667,-0.30333333333333334,NA,7.27,135.6,243.36666666666667,0.12,158,1.7216476138631829,36.59612,-93.31251,278.1,983.9555555555555
098,2026-08-11,2026-08-11T09:47:30Z,17.883666666666667,17.883666666666667,18.583,0.12,1.3,0.02,-0.03,-0.17666666666666667,NA,7.27,135.63333333333333,243.33333333333334,0.12,158,1.728361458900381,36.59612,-93.31250333333334,277.8333333333333,983.9111111111112
098,2026-08-11,2026-08-11T09:47:33Z,17.997,17.997,18.517666666666667,0.12,1.3,0,-0.03666666666666667,-0.24666666666666667,NA,7.27,135.8,243.16666666666666,0.12,158,1.7393621847214662,36.59612,-93.31249666666666,278,984
098,2026-08-11,2026-08-11T09:47:36Z,18.118000000000002,18.118000000000002,18.453,0.12666666666666668,1.3333333333333333,0.02,-0.07333333333333333,-0.2966666666666667,NA,7.27,135.93333333333334,243.2,0.12,158,1.751088731627654,36.59612,-93.31249,278.6333333333333,984
098,2026-08-11,2026-08-11T09:47:39Z,18.192666666666668,18.192666666666668,18.395666666666667,0.13,1.4,0.07666666666666667,0.06666666666666667,-0.31333333333333335,NA,7.26,136.1,243.43333333333334,0.12,158,1.75830157866086,36.59612,-93.31248,278.7,984
098,2026-08-11,2026-08-11T09:47:42Z,18.294,18.294,18.35,0.14,1.4,0.009999999999999998,-0.01,-0.3333333333333333,NA,7.26,136.13333333333333,243.63333333333333,0.12,158,1.7681228452186537,36.59612,-93.31248,277.8333333333333,984
098,2026-08-11,2026-08-11T09:47:45Z,18.416666666666668,18.416666666666668,18.325666666666667,0.13,1.4,0.08333333333333333,0.01333333333333333,-0.36333333333333334,NA,7.26,136.13333333333333,243.6,0.12,158,1.779985483578298,36.59612,-93.31248,277.96666666666664,984
098,2026-08-11,2026-08-11T09:47:48Z,18.533666666666665,18.533666666666665,18.288333333333334,0.13,1.4,0.08,0.06666666666666667,-0.31333333333333335,NA,7.26,136.06666666666666,243.83333333333334,0.12,158.66666666666666,1.7912583923062966,36.59612,-93.31247,278.4,984
098,2026-08-11,2026-08-11T09:47:51Z,18.594,18.594,18.244,0.13,1.4,0.013333333333333334,0.006666666666666668,-0.15,NA,7.26,136,243.86666666666667,0.12,158.66666666666666,1.7971330067138451,36.59612,-93.31246333333334,279.23333333333335,983.9555555555555
098,2026-08-11,2026-08-11T09:47:54Z,18.658,18.658,18.209,0.13333333333333333,1.4,0.04666666666666667,-0.049999999999999996,-0.38,NA,7.26,136,243.93333333333334,0.12,159,1.8033705316639448,36.59612666666667,-93.31245666666666,279.5333333333333,984
098,2026-08-11,2026-08-11T09:47:57Z,18.766333333333336,18.766333333333336,18.168,0.14,1.5,0.06666666666666667,-0.04,-0.4066666666666667,NA,7.26,135.9,243.56666666666666,0.12,158,1.813826891671203,36.59613,-93.31245,279.93333333333334,983.9555555555555
098,2026-08-11,2026-08-11T09:48:00Z,18.876,18.876,18.119666666666667,0.15,1.5666666666666667,0,-0.04,-0.22666666666666666,NA,7.266666666666667,135.83333333333334,243.43333333333334,0.12,158,1.8244420250408275,36.59613,-93.31245,279.59999999999997,983.9555555555555
098,2026-08-11,2026-08-11T09:48:03Z,18.948333333333334,18.948333333333334,18.067666666666668,0.15,1.5666666666666667,0.07,0.07333333333333333,-0.35333333333333333,NA,7.263333333333333,135.86666666666667,243.33333333333334,0.12,158,1.8314507348938487,36.59612,-93.31244333333333,279.6333333333333,983.9555555555555
098,2026-08-11,2026-08-11T09:48:06Z,19.007,19.007,18.035333333333334,0.14,1.5,0.05,0.08333333333333333,-0.36333333333333334,NA,7.26,136.06666666666666,243.5,0.12,158,1.8371438940301217,36.59612,-93.31243666666667,279.8,984
098,2026-08-11,2026-08-11T09:48:09Z,19.087333333333333,19.087333333333333,18.018333333333334,0.14333333333333334,1.5,5.779588143431843e-19,-0.01333333333333333,-0.19666666666666666,NA,7.26,136.1,243.7,0.12,158,1.8448784249682455,36.59612,-93.31243,279.76666666666665,983.9555555555555
098,2026-08-11,2026-08-11T09:48:12Z,19.147,19.147,17.988333333333333,0.15,1.6,0.023333333333333334,-0.11666666666666667,-0.29333333333333333,NA,7.26,136,243.83333333333334,0.12,158.33333333333334,1.8506623117401562,36.59612,-93.31243,279.73333333333335,984
098,2026-08-11,2026-08-11T09:48:15Z,19.235333333333333,19.235333333333333,17.948666666666668,0.15,1.6,0.03333333333333333,0.023333333333333334,-0.19,NA,7.26,135.86666666666667,244.26666666666668,0.12,159,1.8592587552168391,36.59612,-93.31242,280.1,984
098,2026-08-11,2026-08-11T09:48:18Z,19.32133333333333,19.32133333333333,17.929666666666666,0.14666666666666667,1.5333333333333334,0.060000000000000005,-0.006666666666666667,-0.31333333333333335,NA,7.26,135.86666666666667,244.46666666666667,0.12,159,1.8675376519687898,36.59612,-93.31242,281.1333333333333,984
098,2026-08-11,2026-08-11T09:48:21Z,19.405,19.405,17.901,0.13333333333333333,1.4333333333333333,0.049999999999999996,-0.03333333333333333,-0.24666666666666667,NA,7.26,135.86666666666667,245,0.12,159,1.8757031391761931,36.59612,-93.31242,282,984
098,2026-08-11,2026-08-11T09:48:24Z,19.544333333333334,19.544333333333334,17.865666666666666,0.12,1.2666666666666666,0.030000000000000002,-0.03666666666666667,-0.27666666666666667,NA,7.26,135.83333333333334,244.7,0.12,159,1.8891308292505897,36.59612,-93.31241333333334,281.93333333333334,984
098,2026-08-11,2026-08-11T09:48:27Z,19.697333333333333,19.697333333333333,17.829333333333334,0.12,1.2,-0.006666666666666666,-0.030000000000000002,-0.31333333333333335,NA,7.26,135.86666666666667,244.43333333333334,0.12,159,1.9039647976773726,36.59612,-93.31241,282.4666666666667,984
098,2026-08-11,2026-08-11T09:48:30Z,19.874333333333333,19.874333333333333,17.757666666666665,0.11333333333333333,1.2,0.06333333333333332,0.0033333333333333305,-0.3,NA,7.263333333333333,135.83333333333334,245.4,0.12,159.33333333333334,1.9210896389040104,36.59612,-93.31241,282.4,984
098,2026-08-11,2026-08-11T09:48:33Z,20.029,20.029,17.71066666666667,0.10333333333333333,1.0666666666666667,0.05,0.03666666666666667,-0.28,NA,7.27,135.8,246.76666666666668,0.12,160.33333333333334,1.9360370168753402,36.59612,-93.31240333333334,282.23333333333335,984
098,2026-08-11,2026-08-11T09:48:36Z,20.127333333333333,20.127333333333333,17.656666666666666,0.09333333333333334,0.9666666666666667,0.01,-0.056666666666666664,-0.32333333333333336,NA,7.27,135.8,247.23333333333332,0.12,161,1.9455407367084014,36.59612,-93.3124,282.8,984
098,2026-08-11,2026-08-11T09:48:39Z,20.273333333333333,20.273333333333333,17.592,0.08,0.8666666666666667,0.06,0.07333333333333333,-0.3333333333333333,NA,7.27,135.83333333333334,247.33333333333334,0.12,161,1.95971692977681,36.59612,-93.3124,282.6,984.0444444444445
098,2026-08-11,2026-08-11T09:48:42Z,20.415666666666667,20.415666666666667,17.539,0.07333333333333333,0.8,0.02,-0.00666666666666667,-0.29,NA,7.27,135.9,247.43333333333334,0.12,161,1.973462166575939,36.59612,-93.31240333333334,282.5,984
098,2026-08-11,2026-08-11T09:48:45Z,20.565,20.565,17.520333333333333,0.07,0.7,-0.006666666666666667,-0.0033333333333333344,-0.26666666666666666,NA,7.27,135.96666666666667,247.46666666666667,0.12,161,1.9879332244601706,36.59612,-93.31240333333334,281.8666666666667,984
098,2026-08-11,2026-08-11T09:48:48Z,20.727333333333334,20.727333333333334,17.474333333333334,0.06,0.6666666666666666,0.023333333333333334,0.04,-0.4,NA,7.27,135.9,247.36666666666667,0.12,161,2.003606423516603,36.59612,-93.3124,281.46666666666664,984
098,2026-08-11,2026-08-11T09:48:51Z,20.805666666666667,20.805666666666667,17.435333333333332,0.06,0.6,0.060000000000000005,0.10333333333333333,-0.3433333333333333,NA,7.27,136,247.26666666666665,0.12,161,2.0112275449101795,36.59612,-93.3124,282,984
098,2026-08-11,2026-08-11T09:48:54Z,20.908666666666665,20.908666666666665,17.403666666666666,0.056666666666666664,0.6,0.01,0.023333333333333334,-0.32333333333333336,NA,7.27,136,248.16666666666666,0.12,161,2.02116222101252,36.59612,-93.3124,282,984
098,2026-08-11,2026-08-11T09:48:57Z,21.05,21.05,17.387999999999998,0.05,0.5333333333333333,-0.006666666666666667,-0.12666666666666665,-0.33333333333333337,NA,7.27,136,248.6,0.12,162,2.0348620939938304,36.59612,-93.3124,282.1,984
098,2026-08-11,2026-08-11T09:49:00Z,21.165,21.165,17.352666666666668,0.05,0.5,0.013333333333333332,-0.01666666666666667,-0.3766666666666667,NA,7.27,135.93333333333334,248.66666666666666,0.12,162,2.0459989112683723,36.59612,-93.31240333333334,282.23333333333335,984
098,2026-08-11,2026-08-11T09:49:03Z,21.261666666666667,21.261666666666667,17.332,0.05,0.5,0.03333333333333333,0.003333333333333334,-0.30666666666666664,NA,7.27,135.86666666666667,248.26666666666665,0.12,161,2.0553438577390675,36.59612,-93.31240666666666,281.7,984
098,2026-08-11,2026-08-11T09:49:06Z,21.336666666666666,21.336666666666666,17.295,0.05,0.5,0.02,-0.05,-0.2633333333333333,NA,7.27,135.8,248,0.12,161,2.0626020685900928,36.59612,-93.31241,281.3,984.0444444444445
098,2026-08-11,2026-08-11T09:49:09Z,21.41433333333333,21.41433333333333,17.277333333333335,0.05,0.5,0.03333333333333333,-0.023333333333333334,-0.36666666666666664,NA,7.27,135.73333333333332,247.46666666666667,0.12,161,2.0701097804391217,36.59612,-93.31241,281,984
098,2026-08-11,2026-08-11T09:49:15Z,21.460666666666665,21.460666666666665,17.249333333333333,0.04,0.4,0.06,0.04666666666666667,-0.37,NA,7.27,135.7,247.66666666666666,0.12,161,2.0745781164942843,36.59612,-93.31241666666666,281.6666666666667,984
098,2026-08-11,2026-08-11T09:49:18Z,21.554,21.554,17.236666666666665,0.04,0.4,-0.0033333333333333335,-0.09333333333333334,-0.32,NA,7.27,135.7,247.8,0.12,161,2.0836508800580655,36.59612,-93.31242,281.23333333333335,984
098,2026-08-11,2026-08-11T09:49:21Z,21.628666666666668,21.628666666666668,17.216333333333335,0.04,0.4,0.023333333333333334,-0.01666666666666667,-0.27,NA,7.27,135.7,248.13333333333333,0.12,161,2.0908637270912718,36.59613,-93.31242,280.8,984
098,2026-08-11,2026-08-11T09:49:24Z,21.712666666666667,21.712666666666667,17.202,0.04,0.4,0.05,-0.01,-0.4,NA,7.27,135.73333333333332,248.56666666666666,0.12,161.66666666666666,2.0990065323897658,36.59613,-93.31242,281.09999999999997,984
098,2026-08-11,2026-08-11T09:49:27Z,21.778,21.778,17.179,0.04,0.4,-0.013333333333333332,-0.013333333333333332,-0.38,NA,7.27,135.8,249.03333333333333,0.12,162,2.1052894211576847,36.59613,-93.31242,281.1666666666667,984
098,2026-08-11,2026-08-11T09:49:30Z,21.881999999999998,21.881999999999998,17.153666666666666,0.04,0.4,0.05,0.03333333333333333,-0.3433333333333333,NA,7.27,135.8,249.13333333333333,0.12,162,2.115360188713482,36.59613,-93.31242,280.93333333333334,984
098,2026-08-11,2026-08-11T09:49:33Z,21.971333333333334,21.971333333333334,17.140666666666668,0.03,0.4,0.04,0.060000000000000005,-0.32666666666666666,NA,7.27,135.8,249.2,0.12,162,2.1240246779168936,36.59613,-93.31242,280.3666666666667,983.9555555555555
098,2026-08-11,2026-08-11T09:49:36Z,22.057333333333332,22.057333333333332,17.123,0.03,0.3333333333333333,0.026666666666666665,0.013333333333333334,-0.37,NA,7.27,135.76666666666668,249.16666666666666,0.12,162,2.132348938486663,36.59613,-93.31242,280.3666666666667,983.9555555555555
098,2026-08-11,2026-08-11T09:49:39Z,22.146666666666665,22.146666666666665,17.093333333333334,0.03,0.3,-0.0033333333333333335,-0.10333333333333333,-0.31333333333333335,NA,7.27,135.76666666666668,249.16666666666666,0.12,162,2.1409680638722555,36.596136666666666,-93.31242,280.56666666666666,984
098,2026-08-11,2026-08-11T09:49:42Z,22.189333333333334,22.189333333333334,17.087,0.03,0.3,-0.006666666666666667,-0.11666666666666667,-0.3566666666666667,NA,7.27,135.7,249,0.12,162,2.1451188532026855,36.59614,-93.31242,280.8666666666667,984
098,2026-08-11,2026-08-11T09:49:45Z,22.28933333333333,22.28933333333333,17.059,0.03,0.3,0.04,0.04000000000000001,-0.43333333333333335,NA,7.27,135.7,248.73333333333332,0.12,162,2.1548267102159318,36.59614,-93.31242,281.73333333333335,984
098,2026-08-11,2026-08-11T09:49:48Z,22.393333333333334,22.393333333333334,17.044,0.03,0.3,0.01,-0.06666666666666667,-0.31333333333333335,NA,7.27,135.7,248.73333333333332,0.12,162,2.16487479586282,36.59614,-93.31242333333334,281.76666666666665,984
098,2026-08-11,2026-08-11T09:49:51Z,22.492333333333335,22.492333333333335,17.028666666666666,0.03,0.3,0.0033333333333333335,0.010000000000000002,-0.36,NA,7.27,135.7,248.56666666666666,0.12,162,2.1744238795136996,36.59615,-93.31242666666667,281.8,983.9555555555555
098,2026-08-11,2026-08-11T09:49:54Z,22.546,22.546,17.011000000000003,0.03,0.3,0.006666666666666667,-0.016666666666666666,-0.1766666666666667,NA,7.27,135.7,248.63333333333333,0.12,162,2.1795953547450555,36.59614666666667,-93.31242,281.76666666666665,984
098,2026-08-11,2026-08-11T09:49:57Z,22.605,22.605,16.994333333333334,0.03,0.3,-0.0033333333333333327,-0.013333333333333334,-0.33999999999999997,NA,7.27,135.7,248.4,0.12,161,2.1853565596080564,36.59614,-93.31242,281.6,984
098,2026-08-11,2026-08-11T09:50:00Z,22.678,22.678,16.983,0.03,0.3,0.08,0.14,-0.29000000000000004,NA,7.27,135.7,248.4,0.12,161.33333333333334,2.1924106332788966,36.59614,-93.31242,281.06666666666666,984
098,2026-08-11,2026-08-11T09:50:03Z,22.758333333333333,22.758333333333333,16.967333333333332,0.03,0.3,0.0033333333333333335,-0.043333333333333335,-0.12333333333333334,NA,7.27,135.7,248.4,0.12,161.33333333333334,2.20016784612593,36.59614,-93.31242,280.0333333333333,983.9555555555555
098,2026-08-11,2026-08-11T09:50:06Z,22.830666666666666,22.830666666666666,16.955333333333332,0.03,0.3,0.013333333333333334,-0.0033333333333333322,-0.3233333333333333,NA,7.27,135.7,248.5,0.12,162,2.2071311921611323,36.59614,-93.31242,279.9666666666667,983.9555555555555
098,2026-08-11,2026-08-11T09:50:09Z,22.885666666666665,22.885666666666665,16.948666666666664,0.03,0.3,0.056666666666666664,-0.02333333333333333,-0.16666666666666666,NA,7.27,135.66666666666666,248.43333333333334,0.12,161.33333333333334,2.212506804572673,36.59614,-93.31242,279.7,984
098,2026-08-11,2026-08-11T09:50:12Z,22.959,22.959,16.927,0.023333333333333334,0.3,0.05333333333333333,-0.02666666666666667,-0.29333333333333333,NA,7.27,135.6,248.33333333333334,0.12,161,2.219606242061332,36.59614,-93.31242,279.1333333333333,983.9555555555555
098,2026-08-11,2026-08-11T09:50:15Z,23.074333333333335,23.074333333333335,16.910333333333334,0.02,0.26666666666666666,5.776764700274328e-19,0.06,-0.30666666666666664,NA,7.27,135.6,248,0.12,161,2.2307430593358735,36.59614,-93.31242,278.8333333333333,983.9111111111112
098,2026-08-11,2026-08-11T09:50:18Z,23.166,23.166,16.887333333333334,0.02,0.2,-0.01,-0.10333333333333333,-0.3466666666666667,NA,7.27,135.66666666666666,248,0.12,161,2.239589003810561,36.59614,-93.31242,278.56666666666666,983.9111111111112
098,2026-08-11,2026-08-11T09:50:21Z,23.236,23.236,16.86433333333333,0.02,0.2,0.06666666666666667,-0.013333333333333332,-0.43666666666666665,NA,7.27,135.7,248.23333333333332,0.12,161,2.246393576483397,36.59614,-93.31242,278.56666666666666,984
098,2026-08-11,2026-08-11T09:50:24Z,23.318,23.318,16.840333333333334,0.02,0.2,-0.013333333333333334,-0.08666666666666667,-0.27666666666666667,NA,7.27,135.8,248.36666666666667,0.12,161,2.254332244601706,36.59614,-93.31242,279.06666666666666,983.9555555555555
098,2026-08-11,2026-08-11T09:50:27Z,23.418333333333333,23.418333333333333,16.820666666666668,0.02,0.2,-0.0033333333333333335,-0.06666666666666667,-0.09000000000000001,NA,7.27,135.73333333333332,248.26666666666668,0.12,161,2.2640627835238614,36.59614,-93.31242,279.1333333333333,984
098,2026-08-11,2026-08-11T09:50:30Z,23.478,23.478,16.799666666666667,0.02,0.2,0.05333333333333334,-0.06333333333333334,-0.19333333333333336,NA,7.27,135.7,248,0.12,161,2.2698239883868627,36.59614,-93.31242,279.3,984
098,2026-08-11,2026-08-11T09:50:33Z,23.534333333333333,23.534333333333333,16.766333333333332,0.02,0.2,0.07333333333333333,-0.07,-0.2633333333333333,NA,7.27,135.7,247.9,0.12,161,2.2752449646162223,36.59614333333333,-93.31242,279.0333333333333,984
098,2026-08-11,2026-08-11T09:50:36Z,23.601333333333333,23.601333333333333,16.735333333333333,0.02,0.2,0.03,-0.05333333333333334,-0.35333333333333333,NA,7.27,135.7,247.96666666666667,0.12,161,2.281822718199964,36.59615,-93.31242,278.53333333333336,984
098,2026-08-11,2026-08-11T09:50:39Z,23.726,23.726,16.712,0.02,0.2,-5.788058472904386e-19,-0.16666666666666666,-0.38333333333333336,NA,7.27,135.7,248.13333333333333,0.12,161,2.2938214480130648,36.59615,-93.31242,278.1,984
098,2026-08-11,2026-08-11T09:50:42Z,23.805666666666667,23.805666666666667,16.672,0.02,0.2,-0.01,-0.12666666666666668,-0.27666666666666667,NA,7.27,135.66666666666666,247.86666666666667,0.12,161,2.3015332970422793,36.59615,-93.31242333333334,277.93333333333334,984
098,2026-08-11,2026-08-11T09:50:45Z,23.895,23.895,16.642666666666667,0.02,0.2,0.043333333333333335,-0.08666666666666667,-0.2733333333333333,NA,7.27,135.7,247.76666666666668,0.12,161,2.3101977862456904,36.59615,-93.31243,278.03333333333336,983.9555555555555
098,2026-08-11,2026-08-11T09:50:48Z,23.982666666666667,23.982666666666667,16.60666666666667,0.02,0.2,0.05,-5.773941257116814e-19,-0.39666666666666667,NA,7.27,135.7,247.86666666666667,0.12,161,2.318680820177826,36.59615,-93.31243,278.03333333333336,984
098,2026-08-11,2026-08-11T09:50:51Z,24.041999999999998,24.041999999999998,16.578666666666667,0.02,0.2,-0.023333333333333334,-0.060000000000000005,-0.32,NA,7.27,135.7,248.2,0.12,161,2.3244420250408275,36.59615,-93.31243,277.9,984
098,2026-08-11,2026-08-11T09:50:54Z,24.092666666666666,24.092666666666666,16.555,0.02,0.2,0.023333333333333334,1.734723475976807e-18,-0.5266666666666666,NA,7.27,135.7,248.3,0.12,161,2.3293413173652695,36.596156666666666,-93.31243,277.56666666666666,984
098,2026-08-11,2026-08-11T09:50:57Z,24.144,24.144,16.538,0.013333333333333334,0.2,0.05666666666666667,-0.04666666666666667,-0.2633333333333333,NA,7.27,135.7,248.26666666666668,0.12,161,2.3342859735075305,36.59616,-93.31243666666667,277.6,984
098,2026-08-11,2026-08-11T09:51:00Z,24.169666666666668,24.169666666666668,16.52766666666667,0.01,0.16666666666666669,0.03333333333333333,-0.03666666666666667,-0.3933333333333333,NA,7.27,135.7,248.3,0.12,161,2.33678098348757,36.59616,-93.31244,278,984
098,2026-08-11,2026-08-11T09:51:03Z,24.225333333333335,24.225333333333335,16.497,0.01,0.1,1.1564823173178713e-18,-0.02666666666666667,-0.26666666666666666,NA,7.27,135.73333333333332,248.4,0.12,161.33333333333334,2.34220195971693,36.59616,-93.31244,279.1333333333333,984
098,2026-08-11,2026-08-11T09:51:06Z,24.284666666666666,24.284666666666666,16.471333333333334,0.01,0.1,0.043333333333333335,-0.04,-0.27,NA,7.27,135.83333333333334,248.5,0.12,162,2.347917800762112,36.59616,-93.31243,279,983.9555555555555
098,2026-08-11,2026-08-11T09:51:09Z,24.371333333333332,24.371333333333332,16.449,0.01,0.1,0.006666666666666667,1.1576116945808772e-18,-0.33,NA,7.27,135.9,248.33333333333334,0.12,161,2.3563327889675194,36.59616333333333,-93.31243333333333,279.0333333333333,983.8666666666667
098,2026-08-11,2026-08-11T09:51:12Z,24.418333333333333,24.418333333333333,16.439666666666668,0.01,0.1,0.04,-0.02,-0.3,NA,7.27,135.86666666666667,248.36666666666667,0.12,161,2.36089185265832,36.59617,-93.31243,278.8333333333333,984
098,2026-08-11,2026-08-11T09:51:15Z,24.484333333333332,24.484333333333332,16.397333333333332,0.01,0.1,0.016666666666666666,-0.06333333333333334,-0.44,NA,7.27,135.8,248.26666666666668,0.12,161,2.367242787152967,36.59617,-93.31243,279.1666666666667,984
098,2026-08-11,2026-08-11T09:51:18Z,24.539,24.539,16.354666666666667,0.01,0.1,0.026666666666666665,-0.04,-0.4066666666666667,NA,7.27,135.8,248.36666666666667,0.12,161,2.372550353837779,36.59618,-93.31243,279.06666666666666,984
098,2026-08-11,2026-08-11T09:51:21Z,24.576,24.576,16.344333333333335,0.01,0.1,0.013333333333333334,-0.02,-0.32,NA,7.27,135.8,248.1,0.12,161,2.376134095445473,36.59618,-93.31243,278.93333333333334,984
098,2026-08-11,2026-08-11T09:51:24Z,24.653666666666666,24.653666666666666,16.322,0.01,0.1,0.016666666666666666,-0.10666666666666667,-0.38,NA,7.27,135.8,248.2,0.12,161,2.383664489203411,36.59618,-93.31244,279.06666666666666,983.9555555555555
098,2026-08-11,2026-08-11T09:51:27Z,24.751333333333335,24.751333333333335,16.291,0.01,0.1,0.03333333333333333,0.02,-0.45,NA,7.27,135.8,248.16666666666666,0.12,161,2.3931455271275635,36.59618,-93.31244,278.8333333333333,983.9555555555555
098,2026-08-11,2026-08-11T09:51:30Z,24.846333333333334,24.846333333333334,16.258666666666667,0.01,0.1,-0.006666666666666667,-0.09333333333333334,-0.31333333333333335,NA,7.27,135.8,248,0.12,161,2.402354382144801,36.59618,-93.31244,278.56666666666666,984
098,2026-08-11,2026-08-11T09:51:33Z,24.968666666666667,24.968666666666667,16.228,0.01,0.1,0.02,-1.734723475976807e-18,-0.38666666666666666,NA,7.27,135.8,247.56666666666666,0.12,161,2.414148974777717,36.59618,-93.31244,278.56666666666666,984
098,2026-08-11,2026-08-11T09:51:36Z,25.091666666666665,25.091666666666665,16.176,0.01,0.1,0.01,-0.07,-0.25666666666666665,NA,7.27,135.8,247.4,0.12,161,2.4260569769551807,36.59618333333333,-93.31244,278.8,984
098,2026-08-11,2026-08-11T09:51:39Z,25.226,25.226,16.115333333333332,0.0033333333333333335,0.03333333333333333,-0.06,-0.06333333333333334,-0.34,NA,7.27,135.8,246.93333333333334,0.12,160.66666666666666,2.4390990745781163,36.59619,-93.31244,279,984
098,2026-08-11,2026-08-11T09:51:42Z,25.353,25.353,16.078,0,0,-0.03,-0.07,-0.3833333333333333,NA,7.27,135.8,246.23333333333332,0.12,160,2.451369987298131,36.59618333333333,-93.31244,279.23333333333335,984
098,2026-08-11,2026-08-11T09:51:45Z,25.438666666666666,25.438666666666666,16.034666666666666,0,0,0.02333333333333333,-0.10333333333333333,-0.44666666666666666,NA,7.27,135.9,245.1,0.12,159.33333333333334,2.4596715659589914,36.59618,-93.31244,279.43333333333334,983.9555555555555
098,2026-08-11,2026-08-11T09:51:48Z,25.533,25.533,15.985,0,0,0.06333333333333334,-0.0033333333333333335,-0.42333333333333334,NA,7.27,135.96666666666667,244.43333333333334,0.12,159,2.4687896933405917,36.59618,-93.31244,278.8333333333333,984
098,2026-08-11,2026-08-11T09:51:51Z,25.627666666666666,25.627666666666666,15.969333333333333,0,0,0.02666666666666667,-0.06333333333333332,-0.41,NA,7.27,136,244.66666666666666,0.12,159,2.4779531845400107,36.59618666666667,-93.31244,278.2,983.9555555555555
098,2026-08-11,2026-08-11T09:51:54Z,25.716333333333335,25.716333333333335,15.943,0,0,-0.023333333333333334,-0.05666666666666667,-0.23333333333333334,NA,7.27,136,244.83333333333334,0.12,159,2.486572309925603,36.59619,-93.31244,278.26666666666665,984
098,2026-08-11,2026-08-11T09:51:57Z,25.815333333333335,25.815333333333335,15.927333333333333,0,0,0.04,-0.08,-0.32,NA,7.27,136,245.16666666666666,0.12,159,2.4961667573943025,36.59619,-93.31244666666666,278.5,984
098,2026-08-11,2026-08-11T09:52:00Z,25.921666666666667,25.921666666666667,15.902333333333333,0,0,0.006666666666666667,-0.02,-0.42,NA,7.27,136,245.4,0.12,159.66666666666666,2.506441662130285,36.59619333333333,-93.31245,278.8,984
098,2026-08-11,2026-08-11T09:52:03Z,26.041,26.041,15.873666666666667,0,0,-0.043333333333333335,-0.08666666666666667,-0.24333333333333335,NA,7.27,136,245.6,0.12,160,2.517986753765197,36.5962,-93.31245,278.8,983.9555555555555
098,2026-08-11,2026-08-11T09:52:06Z,26.098666666666666,26.098666666666666,15.849666666666666,0,0,0.03333333333333333,-0.07333333333333333,-0.35,NA,7.27,136,245.66666666666666,0.12,160,2.523589185265832,36.5962,-93.31245,278.56666666666666,983.9555555555555
098,2026-08-11,2026-08-11T09:52:09Z,26.195,26.195,15.819333333333333,0,0,0.026666666666666665,-0.06333333333333334,-0.25666666666666665,NA,7.27,136.1,246.16666666666666,0.12,160,2.5329114498276173,36.5962,-93.31245,278.4,984
098,2026-08-11,2026-08-11T09:52:12Z,26.282333333333334,26.282333333333334,15.799333333333333,0,0,0.006666666666666666,-0.03666666666666667,-0.38666666666666666,NA,7.27,136.1,246.7,0.12,160,2.5413491199419345,36.59620666666667,-93.31245,278.06666666666666,984
098,2026-08-11,2026-08-11T09:52:15Z,26.37933333333333,26.37933333333333,15.757,0,0,-0.056666666666666664,-0.07,-0.37666666666666665,NA,7.27,135.96666666666667,246.66666666666669,0.12,160,2.5507394302304482,36.5962,-93.31245,277.8666666666667,984
098,2026-08-11,2026-08-11T09:52:18Z,26.485666666666667,26.485666666666667,15.704666666666666,0,0,-0.026666666666666665,0.023333333333333334,-0.3333333333333333,NA,7.27,136,245.4,0.12,159.33333333333334,2.561082380693159,36.5962,-93.31245,277.6666666666667,984
098,2026-08-11,2026-08-11T09:52:21Z,26.588,26.588,15.666,0,0,-0.04,-0.12666666666666668,-0.2833333333333333,NA,7.27,136.06666666666666,244.23333333333332,0.12,159,2.5709943748865904,36.59620666666667,-93.31245,278.06666666666666,983.9555555555555
098,2026-08-11,2026-08-11T09:52:24Z,26.733,26.733,15.628666666666666,0,0,0.006666666666666667,-0.06666666666666667,-0.4533333333333333,NA,7.27,136.16666666666666,244.03333333333333,0.12,159,2.5849891126837234,36.59621,-93.31245,278.3333333333333,983.9111111111112
098,2026-08-11,2026-08-11T09:52:27Z,26.836,26.836,15.584999999999999,NA,NA,-0.02,-0.07,-0.36333333333333334,NA,7.263333333333333,136.2,244.1,0.12,159,2.5950145164217022,36.59621,-93.31245,278.6333333333333,983.9555555555555
098,2026-08-11,2026-08-11T09:52:30Z,26.915666666666667,26.915666666666667,15.546,NA,NA,0.006666666666666666,-0.06666666666666667,-0.39666666666666667,NA,7.263333333333333,136.26666666666668,244.23333333333332,0.12,159,2.6027263654509163,36.59621333333333,-93.31245,278.76666666666665,984
098,2026-08-11,2026-08-11T09:52:33Z,27.038666666666668,27.038666666666668,15.492333333333333,NA,NA,-0.0033333333333333327,-0.04666666666666666,-0.21333333333333335,NA,7.266666666666667,136.26666666666668,244.63333333333333,0.12,159,2.61463436762838,36.59621,-93.31245,278.06666666666666,984
098,2026-08-11,2026-08-11T09:52:36Z,27.182,27.182,15.445666666666666,NA,NA,0,-0.06666666666666667,-0.23,NA,7.27,136.2,244.8,0.12,159,2.6285383777898748,36.59621,-93.31245,278.06666666666666,984
098,2026-08-11,2026-08-11T09:52:39Z,27.323999999999998,27.323999999999998,15.410333333333332,NA,NA,0.016666666666666666,-0.016666666666666666,-0.31333333333333335,NA,7.27,136.26666666666668,245.26666666666668,0.12,159.33333333333334,2.642238250771185,36.59621,-93.31245,278.1666666666667,984
098,2026-08-11,2026-08-11T09:52:42Z,27.473666666666666,27.473666666666666,15.378333333333334,NA,NA,0.060000000000000005,-0.026666666666666665,-0.42333333333333334,NA,7.26,136.3,246.06666666666666,0.12,160,2.6567546724732356,36.59621,-93.31245,278.5333333333333,984
098,2026-08-11,2026-08-11T09:52:45Z,27.61466666666667,27.61466666666667,15.356,NA,NA,0.08333333333333333,-0.17,-0.4,NA,7.266666666666667,136.3,246.36666666666667,0.12,160,2.670409181636727,36.596203333333335,-93.31244,279.6333333333333,983.9555555555555
098,2026-08-11,2026-08-11T09:52:48Z,27.74566666666667,27.74566666666667,15.311333333333334,NA,NA,-0.04666666666666667,-0.12,-0.33666666666666667,NA,7.27,136.3,246.9,0.12,160.33333333333334,2.683088368717111,36.5962,-93.31243666666667,280,983.9555555555555
098,2026-08-11,2026-08-11T09:52:51Z,27.859,27.859,15.290000000000001,NA,NA,-0.016666666666666666,-0.08666666666666667,-0.30333333333333334,NA,7.27,136.26666666666668,247.06666666666666,0.12,161,2.6940437307203773,36.5962,-93.31243,279.93333333333334,983.8666666666667
098,2026-08-11,2026-08-11T09:52:54Z,27.970666666666666,27.970666666666666,15.238,NA,NA,0.03,0.043333333333333335,-0.43,NA,7.27,136.23333333333332,247.4,0.12,161,2.7048856831790964,36.5962,-93.31242333333334,280,984
098,2026-08-11,2026-08-11T09:52:57Z,28.094,28.094,15.189333333333334,NA,NA,0.016666666666666666,-0.07,-0.47333333333333333,NA,7.26,136.4,247.53333333333333,0.12,161,2.7168163672654693,36.5962,-93.31242,280.1333333333333,984
098,2026-08-11,2026-08-11T09:53:00Z,28.262666666666668,28.262666666666668,15.151,0,0,-0.05333333333333333,-0.13666666666666666,-0.2833333333333333,NA,7.26,136.6,247.66666666666666,0.12,161,2.733124659771366,36.5962,-93.31242,279.93333333333334,984
098,2026-08-11,2026-08-11T09:53:03Z,28.342333333333332,28.342333333333332,15.121666666666666,0.02,0.2,0.026666666666666665,-0.07,-0.37333333333333335,NA,7.256666666666667,136.8,248.06666666666666,0.12,161,2.7408818726183997,36.59619,-93.31242,279.3,984
098,2026-08-11,2026-08-11T09:53:06Z,28.474,28.474,15.103333333333333,0.03666666666666667,0.3666666666666667,-0.04,-0.06,-0.29333333333333333,NA,7.25,137.13333333333333,247.76666666666668,0.12,161,2.753606423516603,36.59618,-93.31242,279.1,984
098,2026-08-11,2026-08-11T09:53:09Z,28.575666666666667,28.575666666666667,15.078333333333333,0.04,0.4,-0.03666666666666667,-0.02666666666666666,-0.35,NA,7.25,137.26666666666668,247.36666666666667,0.12,161,2.763473053892216,36.59618333333333,-93.31242,279,984
098,2026-08-11,2026-08-11T09:53:12Z,28.738666666666667,28.738666666666667,15.042666666666666,0.04,0.4,0.013333333333333334,-0.05333333333333334,-0.25,NA,7.25,137.2,247.73333333333335,0.12,161,2.7791689348575574,36.59619,-93.31241,278.46666666666664,983.9555555555555
098,2026-08-11,2026-08-11T09:53:15Z,28.878,28.878,15.003333333333334,0.04666666666666667,0.4666666666666667,-0.013333333333333334,-0.09333333333333334,-0.36,NA,7.25,137.2,247.86666666666667,0.12,161,2.792687352567592,36.59619,-93.31241,278.6,983.9555555555555
098,2026-08-11,2026-08-11T09:53:18Z,28.956666666666667,28.956666666666667,14.971333333333334,0.06666666666666667,0.6666666666666666,0,-0.05,-0.3833333333333333,NA,7.25,137.2,248.03333333333333,0.12,161,2.800331155870078,36.59619,-93.31239666666666,278.16666666666663,983.9555555555555
098,2026-08-11,2026-08-11T09:53:21Z,29.001333333333335,29.001333333333335,14.953666666666667,0.07666666666666667,0.7666666666666667,-0.03333333333333333,-0.060000000000000005,-0.41333333333333333,NA,7.25,137.1,248.13333333333333,0.12,161,2.804686082380693,36.59619,-93.31239,278.23333333333335,983.9555555555555
098,2026-08-11,2026-08-11T09:53:24Z,29.038666666666668,29.038666666666668,14.936,0.08666666666666667,0.8666666666666667,-0.07,-0.06333333333333334,-0.26666666666666666,NA,7.25,137.1,248.2,0.12,161,2.8082925058972963,36.59618,-93.31239,278.6,983.9555555555555
098,2026-08-11,2026-08-11T09:53:27Z,29.116,29.116,14.915333333333333,0.10333333333333333,1.0333333333333334,0.006666666666666667,-0.04,-0.35333333333333333,NA,7.253333333333333,137.1,248.3,0.12,161,2.8157775358374164,36.59618,-93.31239,278.66666666666663,984
098,2026-08-11,2026-08-11T09:53:30Z,29.217,29.217,14.871,0.11666666666666667,1.1333333333333333,0.0033333333333333335,-0.07666666666666666,-0.42333333333333334,NA,7.26,137.1,248.36666666666667,0.12,161,2.8255761204863004,36.59618,-93.31239,278.9,984
098,2026-08-11,2026-08-11T09:53:33Z,29.354666666666667,29.354666666666667,14.818333333333333,0.14,1.3666666666666667,-0.060000000000000005,-0.06333333333333334,-0.31666666666666665,NA,7.26,137.1,248.36666666666667,0.12,161,2.838913082925059,36.59618,-93.31239,278.9666666666667,984
098,2026-08-11,2026-08-11T09:53:36Z,29.473666666666666,29.473666666666666,14.786666666666665,0.17,1.7,-0.006666666666666667,-0.07666666666666666,-0.37666666666666665,NA,7.26,137.16666666666666,248.13333333333333,0.12,161,2.8504354926510613,36.59618,-93.31239,278.9,984
098,2026-08-11,2026-08-11T09:53:39Z,29.581666666666667,29.581666666666667,14.750333333333334,0.21,2.1,-0.013333333333333332,-0.08333333333333333,-0.48,NA,7.26,137.1,248.16666666666666,0.12,161,2.860846488840501,36.59618,-93.31239,279.1333333333333,983.9111111111112
098,2026-08-11,2026-08-11T09:53:42Z,29.772000000000002,29.772000000000002,14.707,0.25,2.466666666666667,-0.10666666666666666,-0.09,-0.46,NA,7.26,137.1,247.6,0.12,161,2.8793095626927965,36.59618333333333,-93.31239,279.3,984
098,2026-08-11,2026-08-11T09:53:45Z,29.916666666666668,29.916666666666668,14.640333333333333,0.3433333333333333,3.433333333333333,-0.03666666666666667,-0.09666666666666666,-0.32333333333333336,NA,7.26,137.13333333333333,247.23333333333335,0.12,161,2.893326982398839,36.59618,-93.31239,279.4,983.911111111111
098,2026-08-11,2026-08-11T09:53:48Z,30.141333333333332,30.141333333333332,14.545666666666666,0.44666666666666666,4.3999999999999995,-0.07333333333333333,-0.03333333333333333,-0.2833333333333333,NA,7.26,137.4,247.16666666666666,0.12,161,2.915124296860824,36.59618,-93.31239,279.73333333333335,983.9555555555555
098,2026-08-11,2026-08-11T09:53:51Z,30.424,30.424,14.435,0.51,5,-0.01,-0.013333333333333334,-0.37333333333333335,NA,7.26,137.7,247.46666666666667,0.12,161,2.9425013609145347,36.596176666666665,-93.31239,280.46666666666664,983.9111111111112
098,2026-08-11,2026-08-11T09:53:54Z,30.572,30.572,14.356,0.5433333333333333,5.333333333333333,-0.02,-0.04666666666666667,-0.37333333333333335,NA,7.26,137.9,247.86666666666667,0.12,161,2.9568136454364,36.59617,-93.31238666666667,280.56666666666666,984
098,2026-08-11,2026-08-11T09:53:57Z,30.662666666666667,30.662666666666667,14.293333333333333,0.55,5.333333333333333,-0.030000000000000002,-0.12333333333333334,-0.31,NA,7.26,137.9,247.9,0.12,161,2.965659589911087,36.59616,-93.31238,280.3,984
098,2026-08-11,2026-08-11T09:54:00Z,30.755333333333333,30.755333333333333,14.244666666666667,0.5433333333333333,5.3,0.013333333333333332,0.03333333333333333,-0.32,NA,7.26,137.96666666666667,247.96666666666667,0.12,161,2.9745962620214117,36.59616,-93.31237333333334,279.8333333333333,983.9555555555555
098,2026-08-11,2026-08-11T09:54:03Z,30.923333333333332,30.923333333333332,14.166333333333334,0.56,5.466666666666667,-0.043333333333333335,-0.17,-0.4166666666666667,NA,7.266666666666667,138.03333333333333,247.4,0.12,161,2.990904554527309,36.59615,-93.31237,279.9666666666667,984
098,2026-08-11,2026-08-11T09:54:06Z,31.051333333333332,31.051333333333332,14.035666666666668,0.62,6.066666666666666,-0.01,-0.08,-0.32,NA,7.263333333333333,138.3,246.96666666666667,0.12,160.66666666666666,3.0033342406096897,36.59614666666667,-93.31236666666666,279.4666666666667,984
098,2026-08-11,2026-08-11T09:54:09Z,31.241666666666667,31.241666666666667,13.939,0.7133333333333334,6.933333333333334,-0.043333333333333335,-0.11,-0.29666666666666663,NA,7.266666666666667,138.5,246.8,0.12,160,3.021797314461985,36.59614,-93.31236,279.8666666666667,983.9555555555555
098,2026-08-11,2026-08-11T09:54:12Z,31.421,31.421,13.846333333333334,0.81,7.8,-0.02333333333333333,-0.05,-0.33999999999999997,NA,7.27,138.6,246.76666666666668,0.12,160,3.0391943385955362,36.59614,-93.31236,280.1333333333333,983.9111111111112
098,2026-08-11,2026-08-11T09:54:15Z,31.569333333333333,31.569333333333333,13.776333333333334,0.8866666666666667,8.6,-0.030000000000000002,-0.11,-0.32,NA,7.27,138.6,246.56666666666666,0.12,160,3.053529305026311,36.59613,-93.31236,280.1,983.9111111111112
098,2026-08-11,2026-08-11T09:54:18Z,31.854,31.854,13.635666666666667,0.9566666666666667,9.2,-0.016666666666666666,-0.11,-0.31333333333333335,NA,7.27,138.73333333333332,246.5,0.12,160,3.081155870078026,36.59613,-93.31236,280.06666666666666,984
098,2026-08-11,2026-08-11T09:54:21Z,32.00066666666667,32.00066666666667,13.584666666666667,1.02,9.8,-0.013333333333333334,-0.08666666666666667,-0.4533333333333333,NA,7.28,138.8,246.46666666666667,0.12,160,3.0953320631464343,36.59614333333333,-93.31236333333334,279.53333333333336,984
098,2026-08-11,2026-08-11T09:54:24Z,32.19433333333333,32.19433333333333,13.512333333333332,1.0666666666666667,10.266666666666667,-0.06999999999999999,-0.14333333333333334,-0.31666666666666665,NA,7.28,138.96666666666667,246.26666666666668,0.12,160,3.1141126837234623,36.59615,-93.31237,278.26666666666665,984
098,2026-08-11,2026-08-11T09:54:27Z,32.361333333333334,32.361333333333334,13.458,1.1033333333333335,10.566666666666666,-0.08333333333333334,-0.10333333333333333,-0.25333333333333335,NA,7.28,139.1,245.93333333333334,0.12,160,3.1302622028669935,36.59615,-93.31237,278.53333333333336,984.0444444444445
098,2026-08-11,2026-08-11T09:54:30Z,32.446666666666665,32.446666666666665,13.414666666666667,1.1033333333333335,10.566666666666666,-0.016666666666666666,-0.13666666666666666,-0.4266666666666667,NA,7.28,139.13333333333333,245.26666666666668,0.12,159.33333333333334,3.138541099618944,36.59615,-93.31236,277.26666666666665,984
098,2026-08-11,2026-08-11T09:54:33Z,32.501666666666665,32.501666666666665,13.378333333333334,1.0833333333333335,10.366666666666667,-0.02666666666666667,-0.03,-0.3433333333333333,NA,7.28,139.26666666666668,245.1,0.12,159,3.143939393939394,36.59615,-93.31236,276.6333333333333,983.9111111111112
098,2026-08-11,2026-08-11T09:54:36Z,32.599333333333334,32.599333333333334,13.351666666666667,1.0833333333333335,10.366666666666667,-0.056666666666666664,-0.14,-0.23333333333333334,NA,7.28,139.4,245.13333333333333,0.12,159,3.153329704227908,36.59614333333333,-93.31236,276,984
098,2026-08-11,2026-08-11T09:54:39Z,32.787333333333336,32.787333333333336,13.283666666666667,1.09,10.433333333333334,-0.043333333333333335,-0.11666666666666667,-0.35,NA,7.28,139.46666666666667,245.03333333333333,0.12,159,3.171565958991109,36.59615333333333,-93.31235,273.1333333333333,984
098,2026-08-11,2026-08-11T09:54:42Z,32.989,32.989,13.205,1.1,10.5,-0.006666666666666667,-0.09333333333333334,-0.45,NA,7.28,139.5,244.76666666666668,0.12,159,3.1911404463799675,36.59616,-93.31235,269.8333333333333,984
098,2026-08-11,2026-08-11T09:54:45Z,33.14,33.14,13.175666666666666,1.11,10.566666666666666,-0.056666666666666664,-0.18,-0.4166666666666667,NA,7.28,139.5,244.6,0.12,159,3.2057022318998367,36.59615,-93.31235,268.43333333333334,984
098,2026-08-11,2026-08-11T09:54:48Z,33.245666666666665,33.245666666666665,13.151,1.1133333333333335,10.6,-0.05666666666666667,-0.1,-0.45999999999999996,NA,7.29,139.53333333333333,244.43333333333334,0.12,159,3.21595445472691,36.596133333333334,-93.31235,268.9,984
098,2026-08-11,2026-08-11T09:54:51Z,33.36833333333333,33.36833333333333,13.127666666666666,1.1233333333333333,10.7,-0.060000000000000005,-0.11333333333333334,-0.37,NA,7.29,139.6,244.3,0.12,159,3.2278397749954637,36.59613,-93.31234,269,984.0444444444445
098,2026-08-11,2026-08-11T09:54:54Z,33.555,33.555,13.074333333333334,1.1333333333333333,10.8,-0.05,-0.04,-0.48333333333333334,NA,7.29,139.73333333333332,244.2,0.12,159,3.2459172563962984,36.59612333333333,-93.31234,267.76666666666665,984
098,2026-08-11,2026-08-11T09:54:57Z,33.75666666666667,33.75666666666667,12.999333333333333,1.1533333333333333,10.933333333333334,-0.060000000000000005,-0.16666666666666666,-0.3933333333333333,NA,7.29,139.93333333333334,244,0.12,158.66666666666666,3.2654690618762476,36.59612,-93.31234,268.53333333333336,984
098,2026-08-11,2026-08-11T09:55:00Z,33.968333333333334,33.968333333333334,12.954333333333333,1.1733333333333333,11.133333333333333,-0.04666666666666667,-0.17333333333333334,-0.43333333333333335,NA,7.29,140.06666666666666,243.66666666666666,0.12,158,3.2859735075303935,36.59612,-93.31234,269.3333333333333,984
098,2026-08-11,2026-08-11T09:55:03Z,34.138,34.138,12.832666666666666,1.2266666666666666,11.633333333333333,-0.07333333333333333,-0.08,-0.44333333333333336,NA,7.29,140.3,244.9,0.12,159,3.302417891489748,36.59612,-93.31235,270.56666666666666,984
098,2026-08-11,2026-08-11T09:55:06Z,34.32566666666666,34.32566666666666,12.706,1.3166666666666667,12.4,-0.02666666666666667,-0.05666666666666667,-0.33666666666666667,NA,7.29,140.5,245.46666666666667,0.12,160,3.3206314643440393,36.59612,-93.31234666666667,272.03333333333336,984
098,2026-08-11,2026-08-11T09:55:09Z,34.45633333333333,34.45633333333333,12.614666666666666,1.38,13.033333333333333,-0.02,-0.06666666666666667,-0.5733333333333334,NA,7.29,140.5,244.46666666666667,0.12,159,3.333310651424424,36.59613,-93.31235333333333,274,984
098,2026-08-11,2026-08-11T09:55:12Z,34.693333333333335,34.693333333333335,12.503333333333332,1.4166666666666665,13.3,-0.08666666666666667,-0.1366666666666667,-0.3066666666666667,NA,7.29,140.56666666666666,242.36666666666667,0.12,157.66666666666666,3.35631010705861,36.59613,-93.31235333333333,275.23333333333335,984
098,2026-08-11,2026-08-11T09:55:15Z,34.885666666666665,34.885666666666665,12.429,1.43,13.433333333333334,-0.04666666666666667,-0.11666666666666667,-0.43333333333333335,NA,7.3,140.63333333333333,241.66666666666666,0.12,157,3.3748865904554526,36.59614,-93.31235,276.3,984
098,2026-08-11,2026-08-11T09:55:18Z,35.025666666666666,35.025666666666666,12.374333333333334,1.4633333333333334,13.7,-0.03666666666666667,-0.18333333333333332,-0.3933333333333333,NA,7.3,140.76666666666668,241.66666666666666,0.12,157,3.388473053892216,36.59614,-93.31235,276.5,984.0444444444445
098,2026-08-11,2026-08-11T09:55:21Z,35.205333333333336,35.205333333333336,12.276666666666667,1.5066666666666666,14.066666666666666,-0.05,-0.12666666666666665,-0.4033333333333333,NA,7.3,140.93333333333334,241.53333333333333,0.12,157,3.4059154418435855,36.59614,-93.31235,276.8666666666667,984
098,2026-08-11,2026-08-11T09:55:24Z,35.471,35.471,12.193666666666667,1.5266666666666666,14.2,-0.02,-0.18,-0.37,NA,7.3,141.1,241.16666666666666,0.12,157,3.431682090364725,36.59614,-93.31235,276.93333333333334,984
098,2026-08-11,2026-08-11T09:55:27Z,35.611333333333334,35.611333333333334,12.137333333333332,1.53,14.266666666666667,-0.03333333333333333,-0.12000000000000001,-0.33333333333333337,NA,7.3,141.26666666666668,240.76666666666668,0.11,156,3.4452685538014878,36.59614,-93.31235,276.8,984
098,2026-08-11,2026-08-11T09:55:30Z,35.825,35.825,12.072666666666667,1.5366666666666666,14.3,-0.02333333333333333,-0.11,-0.31,NA,7.3,141.4,240.46666666666667,0.11,156,3.4659317728180006,36.59614,-93.31235,277.1666666666667,984.1333333333333
098,2026-08-11,2026-08-11T09:55:33Z,36.07,36.07,11.941333333333333,1.54,14.3,-0.023333333333333334,-0.14,-0.31666666666666665,NA,7.3,141.56666666666666,239.6,0.11,156,3.4897024133551082,36.59614,-93.31235,277.26666666666665,984
098,2026-08-11,2026-08-11T09:55:36Z,36.351,36.351,11.818,1.5566666666666666,14.4,-0.09666666666666666,-0.12333333333333334,-0.35,NA,7.3,141.76666666666668,239.23333333333332,0.11,155.33333333333334,3.5169207040464525,36.59614,-93.31234,277.43333333333334,984.0444444444445
098,2026-08-11,2026-08-11T09:55:39Z,36.59433333333333,36.59433333333333,11.756333333333334,1.5733333333333335,14.533333333333333,-0.06,-0.06333333333333334,-0.32666666666666666,NA,7.3,141.96666666666667,239,0.11,155,3.5405098893122844,36.59614,-93.31234,277.53333333333336,984.0444444444445
098,2026-08-11,2026-08-11T09:55:42Z,36.77966666666667,36.77966666666667,11.716,1.59,14.7,-0.016666666666666666,-0.043333333333333335,-0.45666666666666667,NA,7.296666666666667,142.1,238.86666666666667,0.11,155,3.558473961168572,36.59614,-93.31233666666667,277.6,984.0444444444445
098,2026-08-11,2026-08-11T09:55:45Z,37.008,37.008,11.641666666666666,1.6133333333333335,14.866666666666667,-0.056666666666666664,-0.14333333333333334,-0.37333333333333335,NA,7.293333333333333,142.23333333333332,238.9,0.11,155,3.5805888223552893,36.59614,-93.31233333333334,277.76666666666665,984
098,2026-08-11,2026-08-11T09:55:48Z,37.116,37.116,11.549,1.6433333333333333,15.1,-0.07,-0.12666666666666668,-0.33666666666666667,NA,7.29,142.4,238.73333333333335,0.11,155,3.5910905461803666,36.59614,-93.31233,277.73333333333335,984
098,2026-08-11,2026-08-11T09:55:51Z,37.227666666666664,37.227666666666664,11.506,1.6766666666666665,15.4,-0.03,-0.15333333333333335,-0.42666666666666664,NA,7.29,142.53333333333333,238.23333333333332,0.11,155,3.6018871348212667,36.59614,-93.31233,278.1333333333333,984.0444444444445
098,2026-08-11,2026-08-11T09:55:54Z,37.40566666666667,37.40566666666667,11.422666666666666,1.71,15.633333333333333,-0.043333333333333335,-0.15333333333333332,-0.4,NA,7.29,142.7,238,0.11,155,3.6191253855924517,36.59614,-93.31233,278.6333333333333,983.9555555555555
098,2026-08-11,2026-08-11T09:55:57Z,37.632,37.632,11.334999999999999,1.7466666666666666,15.966666666666667,-0.07333333333333333,-0.08666666666666667,-0.47333333333333333,NA,7.29,143.06666666666666,238.66666666666666,0.11,155.33333333333334,3.641081473416803,36.59614,-93.31232,278.6333333333333,984
098,2026-08-11,2026-08-11T09:56:00Z,37.952,37.952,11.245,1.8,16.433333333333334,-0.060000000000000005,-0.21,-0.4266666666666667,NA,7.276666666666666,144.26666666666668,240.16666666666669,0.11,156,3.672110324804936,36.59614,-93.31232,278.56666666666666,984.0444444444445
098,2026-08-11,2026-08-11T09:56:03Z,38.18666666666667,38.18666666666667,11.187333333333333,1.8466666666666667,16.866666666666667,-0.016666666666666666,-0.16999999999999998,-0.41333333333333333,NA,7.253333333333333,145.7,240.23333333333335,0.11,156,3.6948375975322083,36.59614,-93.31232,278.59999999999997,983.9555555555555
098,2026-08-11,2026-08-11T09:56:06Z,38.416333333333334,38.416333333333334,11.110999999999999,1.8933333333333333,17.2,-0.013333333333333332,-0.09666666666666666,-0.42,NA,7.233333333333333,146.96666666666667,239.46666666666667,0.11,155.66666666666666,3.7170431863545637,36.59614,-93.31232,278.6666666666667,984
098,2026-08-11,2026-08-11T09:56:09Z,38.574,38.574,11.065333333333333,1.93,17.5,-0.043333333333333335,-0.08666666666666667,-0.44666666666666666,NA,7.223333333333334,147.83333333333334,238.86666666666667,0.11,155,3.732353474868445,36.59614,-93.31232,278.76666666666665,984
098,2026-08-11,2026-08-11T09:56:12Z,38.71333333333333,38.71333333333333,11.022333333333334,1.9566666666666666,17.766666666666666,-0.08333333333333334,-0.21666666666666667,-0.45666666666666667,NA,7.21,148.66666666666666,237.9,0.11,155,3.7458265287606607,36.59615,-93.31232,278.7,984
098,2026-08-11,2026-08-11T09:56:15Z,38.900333333333336,38.900333333333336,10.958,1.98,18,-0.05,-0.17333333333333334,-0.43333333333333335,NA,7.203333333333333,149.1,238.26666666666668,0.11,155,3.7639720558882237,36.59615,-93.31232,278.96666666666664,984
098,2026-08-11,2026-08-11T09:56:18Z,39.052,39.052,10.929,2.02,18.3,-0.06666666666666667,-0.15666666666666668,-0.36333333333333334,NA,7.2,149.53333333333333,238.8,0.11,155,3.7786699328615496,36.59615,-93.31232,278.96666666666664,984
098,2026-08-11,2026-08-11T09:56:21Z,39.166666666666664,39.166666666666664,10.915666666666667,2.05,18.566666666666666,-0.06333333333333334,-0.13666666666666666,-0.42333333333333334,NA,7.193333333333333,150.20000000000002,242.06666666666666,0.11666666666666667,157.33333333333334,3.789738704409363,36.59615,-93.31232,279.3,983.9555555555555
098,2026-08-11,2026-08-11T09:56:24Z,39.361333333333334,39.361333333333334,10.893666666666666,2.0633333333333335,18.7,-0.013333333333333334,-0.1,-0.42333333333333334,NA,7.183333333333334,150.6,246.6,0.12,160.33333333333334,3.808632734530938,36.59615,-93.31232,279.5333333333333,984
098,2026-08-11,2026-08-11T09:56:27Z,39.533,39.533,10.869,2.0566666666666666,18.566666666666666,-0.08,-0.17666666666666667,-0.3433333333333333,NA,7.18,150.96666666666667,247.93333333333334,0.12,161,3.8251905280348395,36.59615,-93.31232,280.0333333333333,984
098,2026-08-11,2026-08-11T09:56:30Z,39.71233333333333,39.71233333333333,10.841999999999999,2.0366666666666666,18.433333333333334,-0.03,-0.15666666666666668,-0.32,NA,7.176666666666667,151.33333333333334,249,0.12,162,3.8426102340773,36.59615,-93.31232,280.56666666666666,984
098,2026-08-11,2026-08-11T09:56:33Z,39.82033333333333,39.82033333333333,10.826666666666666,2.0166666666666666,18.233333333333334,-0.060000000000000005,-0.14,-0.4166666666666667,NA,7.17,151.53333333333333,249.03333333333333,0.12,162,3.8530665940845585,36.59615,-93.31232,280.7,984
098,2026-08-11,2026-08-11T09:56:36Z,39.97366666666667,39.97366666666667,10.800333333333333,2,18.066666666666666,-0.10666666666666667,-0.16666666666666666,-0.31333333333333335,NA,7.17,151.8,249,0.12,162,3.8679232444202505,36.59615,-93.31232,280.53333333333336,983.9555555555555
098,2026-08-11,2026-08-11T09:56:39Z,40.10333333333333,40.10333333333333,10.784333333333334,1.99,17.966666666666665,-0.1,-0.19,-0.36,NA,7.17,152.16666666666666,248.63333333333333,0.12,162,3.8804209762293596,36.59615,-93.31232,280.7,983.9555555555555
098,2026-08-11,2026-08-11T09:56:42Z,40.28666666666667,40.28666666666667,10.759666666666668,1.98,17.9,-0.06,-0.11,-0.38333333333333336,NA,7.16,152.53333333333333,248.53333333333333,0.12,162,3.8982262747232808,36.59615,-93.31232,280.8333333333333,984
098,2026-08-11,2026-08-11T09:56:45Z,40.468,40.468,10.738333333333333,1.9766666666666666,17.833333333333332,-0.12333333333333334,-0.21666666666666667,-0.31666666666666665,NA,7.153333333333333,153.43333333333334,248.83333333333334,0.12,162,3.9157593903102885,36.59615,-93.31232,281,984
098,2026-08-11,2026-08-11T09:56:48Z,40.61533333333333,40.61533333333333,10.714666666666666,1.9633333333333334,17.733333333333334,-0.06666666666666667,-0.19,-0.47,NA,7.136666666666667,154.33333333333334,249.76666666666668,0.12,162,3.930026311014335,36.59614666666667,-93.31232,280.93333333333334,984
098,2026-08-11,2026-08-11T09:56:51Z,40.778666666666666,40.778666666666666,10.689666666666666,1.9433333333333334,17.5,-0.06333333333333332,-0.18333333333333335,-0.45,NA,7.12,155.43333333333334,249.86666666666667,0.12,162,3.9458582834331337,36.59614,-93.31232,280.8666666666667,984
098,2026-08-11,2026-08-11T09:56:54Z,41.00066666666667,41.00066666666667,10.649666666666667,1.9233333333333333,17.333333333333332,-0.08,-0.21666666666666667,-0.29,NA,7.09,157.2,249.9,0.12,162,3.9673607330792957,36.59615,-93.31232333333334,280.4,984
098,2026-08-11,2026-08-11T09:56:57Z,41.32333333333334,41.32333333333334,10.537333333333333,1.91,17.133333333333333,-0.05333333333333334,-0.15333333333333332,-0.42,NA,7.066666666666666,158.73333333333332,249.4,0.12,162,3.998593721647614,36.59615,-93.31233,279.96666666666664,984
098,2026-08-11,2026-08-11T09:57:00Z,41.60566666666667,41.60566666666667,10.433666666666666,1.8966666666666665,16.966666666666665,-0.0033333333333333335,-0.14,-0.3066666666666667,NA,7.05,159.9,248.96666666666667,0.12,162,4.0259707857013245,36.59615,-93.31233,279.96666666666664,984
098,2026-08-11,2026-08-11T09:57:03Z,41.84366666666667,41.84366666666667,10.384,1.8866666666666665,16.9,-0.08,-0.11333333333333333,-0.43333333333333335,NA,7.036666666666667,160.56666666666666,248.66666666666666,0.12,162,4.049038287062239,36.59615,-93.31233,280,984
098,2026-08-11,2026-08-11T09:57:06Z,42.009,42.009,10.245,1.88,16.8,-0.07,-0.1,-0.47333333333333333,NA,7.03,161.3,245.96666666666667,0.12,160,4.065051714752314,36.59615,-93.31233,280.1333333333333,984
098,2026-08-11,2026-08-11T09:57:09Z,42.23166666666667,42.23166666666667,10.151666666666667,1.8833333333333333,16.8,-0.10333333333333333,-0.19333333333333333,-0.45666666666666667,NA,7.016666666666667,161.96666666666667,242.3,0.11666666666666667,157.66666666666666,4.086622210125204,36.596156666666666,-93.31233,280.1333333333333,984.0444444444445
098,2026-08-11,2026-08-11T09:57:12Z,42.544666666666664,42.544666666666664,10.107666666666667,1.89,16.8,-0.13333333333333333,-0.20666666666666667,-0.36333333333333334,NA,7.01,162.5,238.36666666666667,0.11,155,4.116970604246053,36.59616,-93.31234,280.53333333333336,984
098,2026-08-11,2026-08-11T09:57:15Z,42.827666666666666,42.827666666666666,10.061666666666666,1.9,16.8,-0.07666666666666667,-0.15666666666666668,-0.4033333333333333,NA,6.996666666666667,163.13333333333333,237.83333333333334,0.11,155,4.144347668299765,36.59616,-93.31234,280.9,984.0444444444445
098,2026-08-11,2026-08-11T09:57:18Z,43.09733333333333,43.09733333333333,10.041333333333332,1.89,16.8,-0.11,-0.14666666666666667,-0.30333333333333334,NA,6.983333333333333,163.96666666666667,239.8,0.11333333333333333,156,4.1704999092723645,36.59616,-93.31234,281,984.0444444444445
098,2026-08-11,2026-08-11T09:57:21Z,43.4,43.4,10.040333333333333,1.88,16.666666666666668,-0.08666666666666667,-0.22333333333333333,-0.33666666666666667,NA,6.97,164.43333333333334,244.23333333333332,0.12,159,4.19973688985665,36.59616,-93.31234,281.3,984.0444444444445
098,2026-08-11,2026-08-11T09:57:24Z,43.65466666666667,43.65466666666667,10.009,1.8466666666666667,16.4,-0.08333333333333333,-0.09666666666666666,-0.5266666666666666,NA,6.97,164.76666666666668,246.13333333333333,0.12,160,4.224392124841227,36.59616,-93.31234,281.3,984
098,2026-08-11,2026-08-11T09:57:27Z,43.823,43.823,9.927,1.8233333333333335,16.133333333333333,-0.07666666666666666,-0.18666666666666668,-0.38333333333333336,NA,6.97,164.7,244.3,0.12,158.66666666666666,4.240768463073852,36.59616,-93.31233666666667,281.1,984
098,2026-08-11,2026-08-11T09:57:30Z,43.933,43.933,9.863333333333333,1.81,16,-0.060000000000000005,-0.12,-0.39,NA,6.97,164.76666666666668,241.46666666666667,0.11666666666666667,157,4.251428960261296,36.59616333333333,-93.31233,281.26666666666665,984
098,2026-08-11,2026-08-11T09:57:33Z,44.076,44.076,9.814333333333334,1.79,15.8,-0.06666666666666667,-0.23,-0.39,NA,6.963333333333333,165,238.23333333333332,0.11,155,4.265287606604972,36.59616333333333,-93.31233333333334,281.3666666666667,984
098,2026-08-11,2026-08-11T09:57:36Z,44.266666666666666,44.266666666666666,9.754333333333333,1.7566666666666666,15.5,-0.06,-0.13,-0.4166666666666667,NA,6.96,165.2,237.56666666666666,0.11,154,4.283750680457268,36.59616,-93.31233,281.3,984
098,2026-08-11,2026-08-11T09:57:39Z,44.49666666666666,44.49666666666666,9.741666666666667,1.72,15.1,-0.043333333333333335,-0.14,-0.4866666666666667,NA,6.953333333333333,165.56666666666666,237.46666666666667,0.11,154.33333333333334,4.306001633097441,36.59616666666667,-93.31233,281.5333333333333,984
098,2026-08-11,2026-08-11T09:57:42Z,44.69733333333333,44.69733333333333,9.742333333333333,1.6966666666666665,14.933333333333334,-0.09333333333333334,-0.14333333333333334,-0.42333333333333334,NA,6.94,166.23333333333335,241.20000000000002,0.11666666666666667,157,4.325440029032843,36.59617,-93.31232333333334,281.6333333333333,984
098,2026-08-11,2026-08-11T09:57:45Z,44.896,44.896,9.743666666666666,1.66,14.633333333333333,-0.10666666666666667,-0.2966666666666667,-0.45,NA,6.93,166.56666666666666,244.33333333333334,0.12,159,4.34469696969697,36.59617,-93.31232,281.6,984
098,2026-08-11,2026-08-11T09:57:48Z,45.080999999999996,45.080999999999996,9.739333333333335,1.6066666666666667,14.166666666666666,-0.05333333333333334,-0.21333333333333335,-0.43333333333333335,NA,6.93,166.7,245.33333333333334,0.12,159.33333333333334,4.362570313917619,36.59617,-93.31232,281.73333333333335,984.0444444444445
098,2026-08-11,2026-08-11T09:57:51Z,45.321,45.321,9.736333333333334,1.5566666666666666,13.733333333333333,-0.09,-0.16666666666666666,-0.3666666666666667,NA,6.926666666666667,166.8,245.7,0.12,160,4.38581927054981,36.59618,-93.31232,281.76666666666665,984
098,2026-08-11,2026-08-11T09:57:54Z,45.62233333333333,45.62233333333333,9.735333333333333,1.5166666666666666,13.366666666666667,-0.09,-0.16,-0.2733333333333333,NA,6.92,167.13333333333333,247,0.12,160.66666666666666,4.4149655234984575,36.59618,-93.31232,281.76666666666665,984
098,2026-08-11,2026-08-11T09:57:57Z,45.833,45.833,9.727666666666666,1.47,12.933333333333334,-0.08,-0.17333333333333334,-0.5533333333333333,NA,6.92,167.16666666666666,247.86666666666667,0.12,161,4.435356559608056,36.59618,-93.31232,281.3,984.0444444444445
098,2026-08-11,2026-08-11T09:58:00Z,46.00033333333334,46.00033333333334,9.710666666666667,1.41,12.466666666666667,-0.11,-0.16333333333333333,-0.38666666666666666,NA,6.92,167.16666666666666,248.13333333333333,0.12,161,4.451528760660497,36.59618,-93.31232,281.3,984
098,2026-08-11,2026-08-11T09:58:03Z,46.157333333333334,46.157333333333334,9.689333333333334,1.36,11.966666666666667,-0.07333333333333333,-0.15333333333333332,-0.5,NA,6.92,167.26666666666668,248.1,0.12,161,4.466748321538741,36.59618,-93.31232,281.4,984
098,2026-08-11,2026-08-11T09:58:06Z,46.32866666666667,46.32866666666667,9.668666666666667,1.3133333333333335,11.566666666666666,-0.09999999999999999,-0.18333333333333335,-0.4166666666666667,NA,6.91,167.4,247.66666666666666,0.12,161,4.48337416076937,36.59618333333333,-93.31231,281.26666666666665,984
098,2026-08-11,2026-08-11T09:58:09Z,46.51466666666666,46.51466666666666,9.643333333333334,1.28,11.2,-0.10333333333333333,-0.16,-0.4066666666666667,NA,6.91,167.46666666666667,247.33333333333334,0.12,161,4.501360914534567,36.59619,-93.31231,281.23333333333335,984
098,2026-08-11,2026-08-11T09:58:12Z,46.56433333333333,46.56433333333333,9.625,1.2466666666666666,10.933333333333334,-0.09,-0.18,-0.37333333333333335,NA,6.91,167.53333333333333,246.96666666666667,0.12,160.66666666666666,4.506192161132281,36.59619,-93.31231,281.1333333333333,984
098,2026-08-11,2026-08-11T09:58:15Z,46.720333333333336,46.720333333333336,9.597666666666667,1.22,10.7,-0.13999999999999999,-0.23,-0.38999999999999996,NA,6.91,167.5,246.3,0.12,160,4.521298312465977,36.59619666666667,-93.3123,280.8,984
098,2026-08-11,2026-08-11T09:58:18Z,46.928,46.928,9.578333333333333,1.1966666666666665,10.533333333333333,-0.13333333333333333,-0.22,-0.4533333333333333,NA,6.91,167.56666666666666,245,0.12,159.33333333333334,4.541439847577572,36.5962,-93.3123,280.53333333333336,984.0444444444445
098,2026-08-11,2026-08-11T09:58:21Z,47.105333333333334,47.105333333333334,9.543333333333333,1.1833333333333333,10.366666666666667,-0.07,-0.18666666666666668,-0.42,NA,6.91,167.53333333333333,243.5,0.12,158.33333333333334,4.558610052622029,36.5962,-93.3123,280.0333333333333,984
098,2026-08-11,2026-08-11T09:58:24Z,47.269,47.269,9.484666666666666,1.15,10.066666666666666,-0.1,-0.15333333333333335,-0.42333333333333334,NA,6.91,167.5,241.16666666666666,0.11666666666666667,156.66666666666666,4.574396661223009,36.5962,-93.3123,280,983.9555555555555
098,2026-08-11,2026-08-11T09:58:27Z,47.44166666666667,47.44166666666667,9.454333333333333,1.1,9.6,-0.11333333333333334,-0.18,-0.47000000000000003,NA,6.903333333333333,167.63333333333333,238.83333333333334,0.11,155.33333333333334,4.591158591907095,36.5962,-93.31230333333333,279.93333333333334,984
098,2026-08-11,2026-08-11T09:58:30Z,47.53633333333333,47.53633333333333,9.448666666666666,1.04,9.1,-0.08333333333333333,-0.13,-0.4166666666666667,NA,6.9,167.76666666666668,238.16666666666666,0.11,155,4.600276719288695,36.5962,-93.3123,279.8666666666667,984.0888888888888
098,2026-08-11,2026-08-11T09:58:33Z,47.659666666666666,47.659666666666666,9.444666666666667,0.99,8.666666666666666,-0.12333333333333334,-0.15,-0.41000000000000003,NA,6.8933333333333335,167.83333333333334,237.96666666666667,0.11,155,4.6122300852839775,36.596203333333335,-93.31230333333333,279.6666666666667,984.0444444444445
098,2026-08-11,2026-08-11T09:58:36Z,47.81633333333333,47.81633333333333,9.441333333333334,0.95,8.3,-0.06,-0.13,-0.4166666666666667,NA,6.89,167.93333333333334,237.66666666666666,0.11,154.33333333333334,4.627404282344402,36.59621,-93.31231,279.73333333333335,984.1333333333333
098,2026-08-11,2026-08-11T09:58:39Z,47.98,47.98,9.414333333333333,0.91,7.966666666666667,-0.10666666666666667,-0.26,-0.4633333333333333,NA,6.89,168,237.6,0.11,154,4.643258936672111,36.59621,-93.31231,279.9,984.0444444444445
098,2026-08-11,2026-08-11T09:58:42Z,48.15266666666667,48.15266666666667,9.396,0.87,7.6,-0.08333333333333333,-0.21666666666666667,-0.4633333333333334,NA,6.88,168.13333333333333,237.6,0.11,154,4.659998185447287,36.59621,-93.31232,280.1,984
098,2026-08-11,2026-08-11T09:58:45Z,48.31033333333333,48.31033333333333,9.389666666666667,0.8366666666666667,7.3,-0.08,-0.19666666666666666,-0.37,NA,6.876666666666667,168.33333333333334,238.16666666666666,0.11,154.66666666666666,4.67524042823444,36.59621,-93.31232,280.1666666666667,984
098,2026-08-11,2026-08-11T09:58:48Z,48.471000000000004,48.471000000000004,9.403333333333332,0.8033333333333333,7.033333333333333,-0.08666666666666667,-0.19666666666666666,-0.36,NA,6.87,168.76666666666668,241.66666666666666,0.11666666666666667,156.66666666666666,4.690800217746325,36.59621666666667,-93.31232,279.9666666666667,984
098,2026-08-11,2026-08-11T09:58:51Z,48.59666666666667,48.59666666666667,9.402666666666667,0.7866666666666667,6.866666666666667,-0.13333333333333333,-0.17,-0.32,NA,6.866666666666667,168.9,243.4,0.12,158.33333333333334,4.702980402830702,36.59622,-93.31232,279.6,984
098,2026-08-11,2026-08-11T09:58:54Z,48.77133333333333,48.77133333333333,9.391,0.7733333333333333,6.766666666666667,-0.13,-0.14666666666666667,-0.29000000000000004,NA,6.86,168.96666666666667,245.46666666666667,0.12,159.66666666666666,4.719878424968246,36.59623,-93.31232,279.6666666666667,984.0444444444445
098,2026-08-11,2026-08-11T09:58:57Z,48.97933333333334,48.97933333333334,9.372,0.75,6.566666666666666,-0.056666666666666664,-0.16333333333333333,-0.49333333333333335,NA,6.86,168.86666666666667,245.3,0.12,159,4.7399972781709305,36.59623,-93.31232,279.8666666666667,984.0888888888888
098,2026-08-11,2026-08-11T09:59:00Z,49.11566666666667,49.11566666666667,9.359,0.7333333333333333,6.366666666666667,-0.09333333333333334,-0.17666666666666667,-0.3833333333333333,NA,6.863333333333333,168.8,245.13333333333333,0.12,159,4.753175467247323,36.59623,-93.31232,279.8,984.0444444444445
098,2026-08-11,2026-08-11T09:59:03Z,49.266666666666666,49.266666666666666,9.332333333333333,0.7133333333333333,6.233333333333333,-0.09666666666666666,-0.21333333333333332,-0.4,NA,6.86,168.9,244.6,0.12,159,4.7678279804028305,36.59623,-93.31232,279.8,984
098,2026-08-11,2026-08-11T09:59:06Z,49.39233333333333,49.39233333333333,9.312333333333333,0.6933333333333332,6.033333333333333,-0.14666666666666667,-0.26,-0.4033333333333333,NA,6.86,168.96666666666667,244.2,0.12,159,4.780030847396117,36.59623,-93.31232,279.9,984
098,2026-08-11,2026-08-11T09:59:09Z,49.526333333333334,49.526333333333334,9.298,0.67,5.8,-0.12666666666666668,-0.19,-0.33666666666666667,NA,6.86,169,244.5,0.12,159,4.792982217383416,36.59624,-93.31232666666666,279.6,984.0444444444445
098,2026-08-11,2026-08-11T09:59:12Z,49.632,49.632,9.296666666666667,0.6433333333333333,5.6,-0.08666666666666667,-0.15333333333333335,-0.37,NA,6.86,169,244.86666666666667,0.12,159,4.80318907639267,36.59624,-93.31233,279.3666666666667,984.0444444444445
098,2026-08-11,2026-08-11T09:59:15Z,49.79233333333333,49.79233333333333,9.279333333333334,0.62,5.433333333333334,-0.07333333333333333,-0.21,-0.3666666666666667,NA,6.86,168.96666666666667,244.76666666666668,0.12,159,4.818771547813464,36.59624,-93.31233,279.3333333333333,984
098,2026-08-11,2026-08-11T09:59:18Z,49.971333333333334,49.971333333333334,9.241333333333333,0.6033333333333333,5.266666666666667,-0.11666666666666667,-0.33,-0.48666666666666664,NA,6.86,168.9,243.8,0.12,158.33333333333334,4.836055162402468,36.59624,-93.31233,279.1666666666667,984.0444444444445
098,2026-08-11,2026-08-11T09:59:21Z,50.207,50.207,9.197,0.5833333333333333,5.066666666666666,-0.10333333333333333,-0.14666666666666667,-0.43,NA,6.86,169,243.63333333333333,0.12,158,4.858873162765378,36.59624,-93.31233,279.3,984
098,2026-08-11,2026-08-11T09:59:24Z,50.373333333333335,50.373333333333335,9.172666666666666,0.5566666666666666,4.8,-0.11,-0.20333333333333334,-0.37,NA,6.86,169.16666666666666,243.86666666666667,0.12,158.66666666666666,4.875,36.59623333333333,-93.31233333333334,279.6,984
098,2026-08-11,2026-08-11T09:59:27Z,50.568333333333335,50.568333333333335,9.157666666666668,0.52,4.5,-0.09666666666666668,-0.19,-0.47000000000000003,NA,6.85,169.23333333333332,244,0.12,159,4.893916712030484,36.59623,-93.31233333333334,279.8,984
098,2026-08-11,2026-08-11T09:59:30Z,50.73733333333333,50.73733333333333,9.133333333333333,0.48333333333333334,4.2,-0.08,-0.17666666666666667,-0.47000000000000003,NA,6.85,169.3,244.1,0.12,159,4.910270368354201,36.59623,-93.31234,280.2,984
098,2026-08-11,2026-08-11T09:59:33Z,50.86266666666667,50.86266666666667,9.112,0.44333333333333336,3.8333333333333335,-0.09666666666666666,-0.12666666666666668,-0.36,NA,6.85,169.4,244.3,0.12,159,4.922382507711848,36.59623,-93.31234,280.23333333333335,984
098,2026-08-11,2026-08-11T09:59:36Z,51.11566666666667,51.11566666666667,9.089,0.4066666666666667,3.5,-0.1,-0.22,-0.35333333333333333,NA,6.85,169.56666666666666,244.4,0.12,159,4.946878969334059,36.59623,-93.31234,280.1,984
098,2026-08-11,2026-08-11T09:59:39Z,51.324,51.324,9.092333333333332,0.36666666666666664,3.2,-0.06,-0.19666666666666666,-0.45,NA,6.85,169.7,244.43333333333334,0.12,159,4.967043186354563,36.59623333333333,-93.31233666666667,279.9,984
098,2026-08-11,2026-08-11T09:59:42Z,51.429,51.429,9.082666666666666,0.33,2.9,-0.06,-0.16333333333333333,-0.43333333333333335,NA,6.843333333333333,169.73333333333332,244.26666666666668,0.12,159,4.977204681545999,36.59623,-93.31233666666667,279.8333333333333,983.9555555555555
098,2026-08-11,2026-08-11T09:59:45Z,51.599333333333334,51.599333333333334,9.062,0.3,2.6,-0.1,-0.18333333333333335,-0.47000000000000003,NA,6.84,169.8,243.56666666666666,0.12,158.33333333333334,4.9937624750499,36.59623,-93.31234,280.23333333333335,984.0444444444445
098,2026-08-11,2026-08-11T09:59:48Z,51.788000000000004,51.788000000000004,9.022666666666668,0.26333333333333336,2.3,-0.08333333333333333,-0.15666666666666668,-0.5066666666666667,NA,6.84,169.96666666666667,241.53333333333333,0.11666666666666667,157,5.0119760479041915,36.59623,-93.31234,280.73333333333335,984
098,2026-08-11,2026-08-11T09:59:51Z,51.955666666666666,51.955666666666666,9.011333333333333,0.23,2,-0.08333333333333334,-0.24666666666666667,-0.43333333333333335,NA,6.84,170.16666666666666,240.33333333333334,0.11,156,5.02823897659227,36.59623,-93.31234333333333,281.1666666666667,984
098,2026-08-11,2026-08-11T09:59:54Z,52.090333333333334,52.090333333333334,9.001333333333333,0.2,1.7333333333333334,-0.056666666666666664,-0.13666666666666666,-0.5533333333333333,NA,6.84,170.36666666666667,240.23333333333335,0.11,156,5.041258392306297,36.59623,-93.31234333333333,281.3666666666667,984
098,2026-08-11,2026-08-11T09:59:57Z,52.22233333333333,52.22233333333333,8.990666666666666,0.17666666666666667,1.5,-0.10666666666666666,-0.24000000000000002,-0.38333333333333336,NA,6.836666666666667,170.5,239.93333333333334,0.11,156,5.054028307022319,36.59622666666667,-93.31235,281.43333333333334,984
098,2026-08-11,2026-08-11T10:00:00Z,52.423,52.423,8.969333333333333,0.15,1.3,-0.08,-0.22,-0.3833333333333333,NA,6.83,170.76666666666668,239.76666666666668,0.11,156,5.073444021048811,36.59622,-93.31234666666667,281.73333333333335,984
098,2026-08-11,2026-08-11T10:00:03Z,52.57833333333333,52.57833333333333,8.957333333333334,0.13,1.1333333333333333,-0.09,-0.16,-0.47000000000000003,NA,6.83,170.93333333333334,239.83333333333334,0.11,156,5.0885048085646885,36.59622,-93.31234,281.3,983.9111111111112
098,2026-08-11,2026-08-11T10:00:06Z,52.70633333333333,52.70633333333333,8.950666666666667,0.11,0.9666666666666667,-0.11,-0.25666666666666665,-0.3,NA,6.82,171,239.9,0.11,156,5.10088913082925,36.59622,-93.31234,281.53333333333336,984
098,2026-08-11,2026-08-11T10:00:09Z,52.907333333333334,52.907333333333334,8.942666666666666,0.09333333333333334,0.8333333333333334,-0.09000000000000001,-0.24000000000000002,-0.4166666666666667,NA,6.82,171.06666666666666,239.9,0.11,156,5.120327526764653,36.59622,-93.31234,281.26666666666665,984
098,2026-08-11,2026-08-11T10:00:12Z,52.952333333333335,52.952333333333335,8.939666666666666,0.08,0.7,-0.08666666666666667,-0.19333333333333333,-0.47,NA,6.82,171.1,239.9,0.11,156,5.124705135184176,36.59621666666667,-93.31234,281.1333333333333,984
098,2026-08-11,2026-08-11T10:00:15Z,53.00333333333333,53.00333333333333,8.929666666666666,0.06666666666666667,0.6,-0.016666666666666666,-0.21333333333333335,-0.43333333333333335,NA,6.82,171.1,240.03333333333333,0.11,156,5.129649791326438,36.59621,-93.31234,281.1333333333333,984
098,2026-08-11,2026-08-11T10:00:18Z,53.05,53.05,8.919666666666666,0.056666666666666664,0.5,-0.06999999999999999,-0.19333333333333333,-0.39,NA,6.82,171.1,240.06666666666666,0.11,156,5.13416349119942,36.59621,-93.31233,280.8333333333333,984
098,2026-08-11,2026-08-11T10:00:21Z,53.19866666666667,53.19866666666667,8.911666666666667,0.05,0.4,-0.1,-0.17333333333333334,-0.22666666666666666,NA,6.816666666666666,171.1,240.2,0.11,156,5.148543821448014,36.59621,-93.31233,281.3,984
098,2026-08-11,2026-08-11T10:00:24Z,53.376333333333335,53.376333333333335,8.905,0.04,0.3666666666666667,-0.15,-0.2,-0.4033333333333333,NA,6.81,171.16666666666666,240.2,0.11,156,5.165759390310289,36.59621,-93.31232333333334,281.3333333333333,984
098,2026-08-11,2026-08-11T10:00:27Z,53.54866666666667,53.54866666666667,8.898666666666665,0.03333333333333333,0.3,-0.07333333333333333,-0.17333333333333334,-0.36,NA,6.81,171.1,240.3,0.11,156,5.182453275267647,36.59621,-93.31232,280.8666666666667,984
098,2026-08-11,2026-08-11T10:00:30Z,53.69233333333333,53.69233333333333,8.892,0.023333333333333334,0.2,-0.12333333333333334,-0.18,-0.47,NA,6.81,170.96666666666667,240.16666666666666,0.11,156,5.196334603520232,36.59621,-93.31232,280.26666666666665,984
098,2026-08-11,2026-08-11T10:00:33Z,53.74066666666667,53.74066666666667,8.888333333333334,0.02,0.16666666666666669,-0.07333333333333333,-0.22999999999999998,-0.44666666666666666,NA,6.81,170.83333333333334,240.3,0.11,156,5.201075122482308,36.59621,-93.31231666666666,279.8666666666667,984
098,2026-08-11,2026-08-11T10:00:36Z,53.802,53.802,8.884333333333332,0.01,0.1,-0.11,-0.19333333333333333,-0.48,NA,6.8,170.76666666666668,240.26666666666668,0.11,156,5.206972418798767,36.59621,-93.31231,279.3666666666667,984
098,2026-08-11,2026-08-11T10:00:39Z,53.91766666666667,53.91766666666667,8.879666666666667,0.006666666666666667,0.06666666666666667,-0.11666666666666668,-0.24,-0.45666666666666667,NA,6.8,170.6,240.36666666666667,0.11,156,5.218154599891127,36.596203333333335,-93.31230666666666,279.2,984
098,2026-08-11,2026-08-11T10:00:42Z,54.02433333333333,54.02433333333333,8.877333333333334,0,0,-0.09,-0.20333333333333334,-0.5366666666666667,NA,6.8,170.4,240.4,0.11,156,5.228474868444929,36.5962,-93.31230333333333,279.3333333333333,984
098,2026-08-11,2026-08-11T10:00:45Z,54.12233333333333,54.12233333333333,8.874333333333333,0,0,-0.11,-0.20666666666666667,-0.45,NA,6.8,170.16666666666666,240.53333333333333,0.11,156,5.23797858827799,36.5962,-93.3123,278.6333333333333,984
098,2026-08-11,2026-08-11T10:00:48Z,54.25066666666667,54.25066666666667,8.872666666666666,NA,NA,-0.08666666666666667,-0.15666666666666668,-0.41666666666666663,NA,6.8,170,240.53333333333333,0.11,156,5.2504309562692795,36.59619666666667,-93.31229,278,983.9555555555555
098,2026-08-11,2026-08-11T10:00:51Z,54.387,54.387,8.866999999999999,NA,NA,-0.17666666666666667,-0.16999999999999998,-0.32,NA,6.8,169.86666666666667,240.6,0.11,156,5.263609145345672,36.59619,-93.31229,277.9,983.8666666666667
098,2026-08-11,2026-08-11T10:00:54Z,54.50666666666667,54.50666666666667,8.864666666666666,NA,NA,-0.11666666666666667,-0.22333333333333333,-0.46,NA,6.8,169.66666666666666,240.6,0.11,156,5.275176918889494,36.59618,-93.31229,277.8333333333333,984
098,2026-08-11,2026-08-11T10:00:57Z,54.61866666666667,54.61866666666667,8.86,NA,NA,-0.12333333333333334,-0.19,-0.38333333333333336,NA,6.8,169.5,240.5,0.11,156,5.286018871348213,36.59618,-93.31229,277.76666666666665,984
098,2026-08-11,2026-08-11T10:01:00Z,54.720666666666666,54.720666666666666,8.856,NA,NA,-0.08666666666666667,-0.29333333333333333,-0.47,NA,6.8,169.33333333333334,240.66666666666666,0.11,156,5.295908183632735,36.59618,-93.31229,278.1333333333333,983.9555555555555
098,2026-08-11,2026-08-11T10:01:03Z,54.81166666666667,54.81166666666667,8.853666666666667,NA,NA,-0.06666666666666667,-0.23333333333333334,-0.36,NA,6.796666666666667,169.23333333333332,240.7,0.11,156.33333333333334,5.304731446198512,36.59618,-93.31228666666667,278,984
098,2026-08-11,2026-08-11T10:01:06Z,54.974666666666664,54.974666666666664,8.851666666666667,NA,NA,-0.11,-0.19,-0.4766666666666667,NA,6.79,169,240.93333333333334,0.11333333333333333,157,5.320450009072763,36.596176666666665,-93.31228,277.96666666666664,984.0444444444445
098,2026-08-11,2026-08-11T10:01:09Z,55.10466666666667,55.10466666666667,8.851666666666667,NA,NA,-0.11666666666666667,-0.17666666666666667,-0.41333333333333333,NA,6.79,168.8,241.03333333333333,0.12,157,5.33308383233533,36.59617,-93.31228,278.3333333333333,984
098,2026-08-11,2026-08-11T10:01:12Z,55.272,55.272,8.853,NA,NA,-0.05,-0.22666666666666666,-0.4066666666666667,NA,6.79,168.53333333333333,241.26666666666668,0.12,157,5.3492560333877694,36.59617,-93.31228,278.26666666666665,984.0444444444445
098,2026-08-11,2026-08-11T10:01:15Z,55.436,55.436,8.856666666666666,NA,NA,-0.13,-0.1366666666666667,-0.41333333333333333,NA,6.79,168.5,241.93333333333334,0.12,157,5.365133369624388,36.59617,-93.31228,277.8666666666667,984
098,2026-08-11,2026-08-11T10:01:18Z,55.544333333333334,55.544333333333334,8.860333333333333,NA,NA,-0.11666666666666667,-0.24000000000000002,-0.5733333333333334,NA,6.79,168.46666666666667,242.4,0.12,158,5.375612411540556,36.59616666666667,-93.31228,277.6333333333333,984
098,2026-08-11,2026-08-11T10:01:21Z,55.795,55.795,8.860333333333333,NA,NA,-0.09333333333333334,-0.19666666666666666,-0.47000000000000003,NA,6.79,168.4,242.93333333333334,0.12,158,5.399859372164761,36.59616,-93.31228,277.4,984
098,2026-08-11,2026-08-11T10:01:24Z,55.97566666666667,55.97566666666667,8.854,NA,NA,-0.13666666666666666,-0.23,-0.4066666666666667,NA,6.79,168.26666666666668,243.46666666666667,0.12,158,5.4174151696606785,36.59616,-93.31228,277.53333333333336,984
098,2026-08-11,2026-08-11T10:01:27Z,56.18333333333333,56.18333333333333,8.835,NA,NA,-0.09333333333333334,-0.19,-0.39666666666666667,NA,6.79,168,243.43333333333334,0.12,158,5.437511340954455,36.59616,-93.31227333333334,277.3,984
098,2026-08-11,2026-08-11T10:01:30Z,56.378,56.378,8.810333333333332,NA,NA,-0.11666666666666667,-0.24000000000000002,-0.3,NA,6.79,167.7,242.76666666666665,0.12,158,5.456314643440392,36.59616,-93.31227,277.23333333333335,984
098,2026-08-11,2026-08-11T10:01:33Z,56.499,56.499,8.799,NA,NA,-0.07333333333333333,-0.17,-0.43,NA,6.79,167.26666666666668,242.23333333333332,0.12,157.33333333333334,5.468063872255489,36.59616,-93.31227,277.2,984
098,2026-08-11,2026-08-11T10:01:36Z,56.60666666666666,56.60666666666666,8.795666666666666,NA,NA,-0.09,-0.23,-0.48,NA,6.79,166.86666666666667,242.06666666666666,0.12,157,5.478497550353838,36.59616,-93.31226,277.23333333333335,984
098,2026-08-11,2026-08-11T10:01:39Z,56.76566666666667,56.76566666666667,8.794,NA,NA,-0.10333333333333333,-0.23,-0.5233333333333333,NA,6.79,166.36666666666667,242.2,0.12,157,5.4938758845944475,36.59616,-93.31226,276.9666666666667,983.9555555555555
098,2026-08-11,2026-08-11T10:01:42Z,56.93,56.93,8.793,NA,NA,-0.1,-0.16666666666666666,-0.46,NA,6.79,166,242.29999999999998,0.12,157.33333333333334,5.509798584648884,36.59615333333333,-93.31226,276.9,984
098,2026-08-11,2026-08-11T10:01:45Z,57.06333333333333,57.06333333333333,8.782666666666666,NA,NA,-0.11666666666666667,-0.23666666666666666,-0.4033333333333333,NA,6.79,165.6,242.83333333333334,0.12,158,5.522704590818363,36.59615,-93.31226,276.5,984
098,2026-08-11,2026-08-11T10:01:48Z,57.166666666666664,57.166666666666664,8.765333333333334,NA,NA,-0.15,-0.19,-0.37666666666666665,NA,6.79,165,242.13333333333333,0.12,157.33333333333334,5.532707312647432,36.59615,-93.31226,276.43333333333334,984
098,2026-08-11,2026-08-11T10:01:51Z,57.32366666666667,57.32366666666667,8.751,NA,NA,-0.043333333333333335,-0.21,-0.32666666666666666,NA,6.79,164.36666666666667,241.63333333333333,0.12,157,5.547926873525676,36.59615,-93.31226,276.46666666666664,984
098,2026-08-11,2026-08-11T10:01:54Z,57.53666666666667,57.53666666666667,8.744333333333334,NA,NA,-0.12000000000000001,-0.21,-0.34,NA,6.79,163.83333333333334,241.73333333333332,0.12,157,5.56852204681546,36.59615,-93.31226,276.46666666666664,984
098,2026-08-11,2026-08-11T10:01:57Z,57.696333333333335,57.696333333333335,8.726666666666667,NA,NA,-0.12000000000000001,-0.2566666666666667,-0.39,NA,6.79,163.4,241.76666666666668,0.12,157,5.584013790600617,36.59615,-93.31226,276.3333333333333,984
098,2026-08-11,2026-08-11T10:02:00Z,57.91833333333334,57.91833333333334,8.721666666666668,NA,NA,-0.11,-0.17333333333333334,-0.49666666666666665,NA,6.79,163.2,242.1,0.12,157,5.605448194520051,36.59615,-93.31226,276.4,984
098,2026-08-11,2026-08-11T10:02:03Z,58.044000000000004,58.044000000000004,8.718333333333334,NA,NA,-0.043333333333333335,-0.16,-0.48333333333333334,NA,6.79,162.96666666666667,242.26666666666668,0.12,157.33333333333334,5.617673743422246,36.59615,-93.31226,276.5,984
098,2026-08-11,2026-08-11T10:02:06Z,58.178666666666665,58.178666666666665,8.718,NA,NA,-0.1,-0.14666666666666667,-0.45666666666666667,NA,6.79,162.73333333333332,242.36666666666667,0.12,157.66666666666666,5.630693159136273,36.59614,-93.31226,276.6333333333333,984
098,2026-08-11,2026-08-11T10:02:09Z,58.391666666666666,58.391666666666666,8.717333333333332,NA,NA,-0.13,-0.2566666666666667,-0.44,NA,6.79,162.63333333333333,242.63333333333333,0.12,158,5.651311014334967,36.59614,-93.31226,276.5,984
098,2026-08-11,2026-08-11T10:02:12Z,58.55733333333333,58.55733333333333,8.713666666666667,NA,NA,-0.15666666666666668,-0.28,-0.47333333333333333,NA,6.79,162.5,242.76666666666668,0.12,158,5.667324442025041,36.59614,-93.31225666666667,276.53333333333336,984
098,2026-08-11,2026-08-11T10:02:15Z,58.699,58.699,8.709,NA,NA,-0.11666666666666667,-0.22666666666666666,-0.48,NA,6.79,162.43333333333334,242.8,0.12,158,5.68104699691526,36.59613,-93.31225,276.90000000000003,984
098,2026-08-11,2026-08-11T10:02:18Z,58.82866666666666,58.82866666666666,8.706666666666667,NA,NA,-0.1366666666666667,-0.20666666666666667,-0.39666666666666667,NA,6.79,162.3,242.8,0.12,158,5.6935900925421885,36.59613,-93.31225,276.93333333333334,984
098,2026-08-11,2026-08-11T10:02:21Z,59.10433333333334,59.10433333333334,8.703333333333333,NA,NA,-0.13333333333333333,-0.20666666666666667,-0.44333333333333336,NA,6.79,162.26666666666668,242.86666666666667,0.12,158,5.720309381237525,36.59613,-93.31225,277.03333333333336,984
098,2026-08-11,2026-08-11T10:02:24Z,59.340333333333334,59.340333333333334,8.697,NA,NA,-0.07,-0.17,-0.45666666666666667,NA,6.786666666666667,162.33333333333334,242.83333333333334,0.12,158,5.743127381600436,36.59613,-93.31225,277.03333333333336,984
098,2026-08-11,2026-08-11T10:02:27Z,59.579,59.579,8.686,NA,NA,-0.13333333333333333,-0.18,-0.5,NA,6.78,162.2,242.9,0.12,158,5.766240246779169,36.59613,-93.31225,277.1666666666667,984.0444444444445
098,2026-08-11,2026-08-11T10:02:30Z,59.757,59.757,8.680333333333333,NA,NA,-0.16666666666666666,-0.2866666666666667,-0.42,NA,6.78,161.96666666666667,242.83333333333334,0.12,158,5.7834784975503535,36.59612,-93.31225,277.06666666666666,984
098,2026-08-11,2026-08-11T10:02:33Z,59.935,59.935,8.673666666666666,NA,NA,-0.09666666666666666,-0.30666666666666664,-0.44,NA,6.78,161.7,242.86666666666667,0.12,158,5.800694066412629,36.59612,-93.31225,276.73333333333335,984
098,2026-08-11,2026-08-11T10:02:36Z,60.117333333333335,60.117333333333335,8.667,NA,NA,-0.11666666666666667,-0.19333333333333333,-0.37333333333333335,NA,6.78,161.3,243.1,0.12,158,5.818317909635275,36.59612,-93.31225,276.53333333333336,984
098,2026-08-11,2026-08-11T10:02:39Z,60.319,60.319,8.664333333333333,NA,NA,3.6966666666666663,0.7699999999999999,29.743333333333332,NA,6.763333333333334,96.1,243.2,0.12,158,5.837869715115224,36.59612,-93.31225,276.53333333333336,984
098,2026-08-11,2026-08-11T10:02:42Z,60.435,60.435,8.663,NA,NA,9.513333333333334,3.3566666666666665,6.536666666666667,NA,6.716666666666667,-30.733333333333334,244.43333333333334,0.12,158.66666666666666,5.849074578116494,36.59612,-93.31225,277.1666666666667,984.0444444444445
098,2026-08-11,2026-08-11T10:02:48Z,60.49466666666667,60.49466666666667,8.662666666666667,NA,NA,3.513333333333333,0.8666666666666667,18.2,NA,6.81,-83.53333333333333,245.56666666666666,0.12,160,5.854858464888405,36.59612,-93.31225,277,984
098,2026-08-11,2026-08-11T10:02:51Z,60.54033333333333,60.54033333333333,8.663,NA,NA,3.93,1.0933333333333333,34.57,NA,6.8133333333333335,-95,246.1,0.12,160,5.859326800943568,36.59612,-93.31225,276.8333333333333,984
098,2026-08-11,2026-08-11T10:03:00Z,60.539,60.539,8.663333333333334,NA,NA,3.0033333333333334,0.6066666666666667,42.836666666666666,NA,6.83,-107.56666666666666,247.53333333333333,0.12,161,5.85921339139902,36.59611,-93.31224,276.8333333333333,984
