MULakeNumber,date,dateTime,depth_m,verticalPosition_m,temp_degC,doConcentration_mgpL,doSaturation_percent,chlorophyll_RFU,phycocyaninBGA_RFU,phycoerythrinTAL_RFU,turbidity_FNU,pH,orp_mV,specificConductivity_uSpcm,salinity_psu,tds_mgpL,waterPressure_barA,latitude,longitude,altitude_m,barometerAirHandheld_mbars
098,2026-05-28,2026-05-28T10:54:42Z,0.023333333333333334,0.023333333333333334,23.553333333333335,8.796666666666667,103.7,0.21,0.12333333333333334,0.5833333333333334,NA,8.38,112.16666666666667,227.6,0.11,148,0.0022228270731264746,36.59551,-93.31355,279.3333333333333,982.4
098,2026-05-28,2026-05-28T10:54:45Z,0.075,0.075,23.552,8.836666666666666,104.13333333333333,0.10333333333333333,-0.09,0.37666666666666665,NA,8.39,111.8,227.63333333333333,0.11,148,0.007235528942115769,36.5955,-93.31355,279.56666666666666,982.4
098,2026-05-28,2026-05-28T10:54:48Z,0.131,0.131,23.552666666666667,8.863333333333333,104.5,0.16666666666666666,0.13,0.55,NA,8.39,111.43333333333334,227.8,0.11,148,0.012656505171475232,36.5955,-93.31355333333333,280.1333333333333,982.4
098,2026-05-28,2026-05-28T10:54:51Z,0.15966666666666665,0.15966666666666665,23.553,8.886666666666667,104.7,0.10666666666666666,0.030000000000000002,0.63,NA,8.39,111,227.73333333333332,0.11,148,0.015423698058428597,36.5955,-93.31356,280.46666666666664,982.4
098,2026-05-28,2026-05-28T10:54:54Z,0.22866666666666666,0.22866666666666666,23.550666666666665,8.9,104.9,0.15666666666666668,0.18333333333333332,0.51,NA,8.39,110.73333333333333,227.7,0.11,148,0.022092179277808023,36.5955,-93.31355666666667,280.5,982.4
098,2026-05-28,2026-05-28T10:54:57Z,0.2906666666666667,0.2906666666666667,23.550333333333334,8.916666666666666,105.06666666666666,0.11,-0.06666666666666667,0.4266666666666667,NA,8.39,110.5,227.7,0.11,148,0.028080203229903827,36.5955,-93.31356,280.5,982.4
098,2026-05-28,2026-05-28T10:55:00Z,0.3436666666666667,0.3436666666666667,23.552,8.926666666666666,105.23333333333333,0.25,0.19333333333333336,0.5633333333333334,NA,8.39,110.13333333333333,227.73333333333332,0.11,148,0.03320631464344039,36.5955,-93.31356,280.5,982.4
098,2026-05-28,2026-05-28T10:55:03Z,0.3933333333333333,0.3933333333333333,23.552666666666667,8.936666666666666,105.3,0.17666666666666667,0.013333333333333336,0.42666666666666664,NA,8.39,109.9,227.8,0.11,148,0.03792415169660679,36.59549666666667,-93.31356,280.46666666666664,982.4
098,2026-05-28,2026-05-28T10:55:06Z,0.502,0.502,23.550333333333334,8.94,105.36666666666667,0.22666666666666666,0.13666666666666666,0.4666666666666667,NA,8.39,109.6,227.73333333333332,0.11,148,0.04844855743059336,36.59549,-93.31356666666666,280.4,982.4
098,2026-05-28,2026-05-28T10:55:09Z,0.6226666666666667,0.6226666666666667,23.546,8.943333333333333,105.4,0.17666666666666667,-0.016666666666666663,0.6333333333333333,NA,8.39,109.36666666666667,227.83333333333334,0.11,148,0.060107058610052624,36.59549,-93.31356,280.03333333333336,982.4
098,2026-05-28,2026-05-28T10:55:12Z,0.6823333333333333,0.6823333333333333,23.536,8.95,105.5,0.20666666666666667,0.16666666666666669,0.87,NA,8.39,109.2,227.9,0.11,148,0.0658682634730539,36.59549666666667,-93.31356,279.8,982.4
098,2026-05-28,2026-05-28T10:55:15Z,0.745,0.745,23.52766666666667,8.96,105.56666666666666,0.18666666666666668,0.043333333333333335,0.85,NA,8.39,109,228,0.11,148,0.0719016512429686,36.5955,-93.31356,279.5333333333333,982.4
098,2026-05-28,2026-05-28T10:55:18Z,0.7836666666666667,0.7836666666666667,23.525666666666666,8.963333333333335,105.6,0.27,0.16999999999999998,0.8833333333333333,NA,8.39,108.8,228.1,0.11,148,0.07566684812193794,36.5955,-93.31355666666667,279.03333333333336,982.4
098,2026-05-28,2026-05-28T10:55:21Z,0.819,0.819,23.524333333333335,8.97,105.63333333333333,0.19333333333333333,0.04666666666666666,0.7966666666666666,NA,8.39,108.63333333333333,228.13333333333333,0.11,148,0.07904645254944656,36.5955,-93.31356666666666,279.23333333333335,982.4444444444445
098,2026-05-28,2026-05-28T10:55:24Z,0.8486666666666667,0.8486666666666667,23.523666666666667,8.976666666666667,105.73333333333333,0.27,0.21000000000000002,0.7166666666666667,NA,8.39,108.46666666666667,228.23333333333332,0.11,148,0.0819270549809472,36.59549,-93.31358,279.56666666666666,982.4
098,2026-05-28,2026-05-28T10:55:27Z,0.899,0.899,23.521666666666665,8.98,105.8,0.20333333333333334,-0.06,0.8833333333333333,NA,8.393333333333334,108.26666666666667,228.3,0.11,148,0.08680366539647977,36.59549,-93.31358,279.3,982.4
098,2026-05-28,2026-05-28T10:55:30Z,0.9566666666666667,0.9566666666666667,23.517666666666667,8.983333333333334,105.8,0.25333333333333335,0.17,0.84,NA,8.4,108.13333333333333,228.4,0.11,148,0.0923380511703865,36.59549,-93.31358,279.23333333333335,982.4
098,2026-05-28,2026-05-28T10:55:33Z,1.002,1.002,23.517333333333333,8.99,105.86666666666667,0.23,-0.03666666666666667,0.9066666666666667,NA,8.4,108.1,228.43333333333334,0.11,148.33333333333334,0.09671565958991109,36.59549,-93.31358666666667,279.3333333333333,982.4
098,2026-05-28,2026-05-28T10:55:36Z,1.04,1.04,23.516333333333332,8.99,105.9,0.22666666666666668,0.1,0.8766666666666667,NA,8.4,107.96666666666667,228.53333333333333,0.11,149,0.10041281074215207,36.59549,-93.31359,279.5,982.4888888888888
098,2026-05-28,2026-05-28T10:55:39Z,1.063,1.063,23.517333333333333,8.99,105.9,0.2833333333333333,0.23666666666666666,0.7866666666666666,NA,8.4,107.83333333333333,228.7,0.11,149,0.10259027399745962,36.59549,-93.31359,279.4,982.4444444444445
098,2026-05-28,2026-05-28T10:55:42Z,1.0923333333333334,1.0923333333333334,23.517,9,105.96666666666667,0.16333333333333333,-0.01333333333333333,0.8366666666666667,NA,8.4,107.7,228.7,0.11,149,0.10542551261114136,36.59549,-93.31359,279.4,982.4
098,2026-05-28,2026-05-28T10:55:45Z,1.161,1.161,23.514666666666667,8.993333333333334,105.93333333333334,0.32,0.23333333333333334,0.9733333333333334,NA,8.4,107.6,228.86666666666667,0.11,149,0.11211667573943022,36.59549,-93.31359666666667,279.4,982.4
098,2026-05-28,2026-05-28T10:55:48Z,1.2196666666666667,1.2196666666666667,23.511333333333333,9,106,0.28,0.11,0.7566666666666667,NA,8.4,107.53333333333333,228.93333333333334,0.11,149,0.11776447105788423,36.59549,-93.3136,279.3,982.4
098,2026-05-28,2026-05-28T10:55:51Z,1.276,1.276,23.506333333333334,9,106,0.19,-0.01,0.9133333333333333,NA,8.4,107.46666666666667,229.16666666666666,0.11,149,0.1231854472872437,36.59549,-93.3136,279.1,982.4
098,2026-05-28,2026-05-28T10:55:54Z,1.3313333333333335,1.3313333333333335,23.504,9,106,0.26,0.11666666666666667,0.9533333333333334,NA,8.4,107.43333333333334,229.26666666666668,0.11,149,0.12851569588096534,36.59549,-93.3136,279.1666666666667,982.4
098,2026-05-28,2026-05-28T10:55:57Z,1.3900000000000001,1.3900000000000001,23.497,9.006666666666666,106,0.4,0.20666666666666667,0.7533333333333333,NA,8.4,107.3,229.36666666666667,0.11,149,0.13420885501723825,36.59549,-93.31360333333333,279.4,982.4
098,2026-05-28,2026-05-28T10:56:00Z,1.4666666666666668,1.4666666666666668,23.49533333333333,9.01,106.03333333333333,0.2833333333333333,-0.06333333333333334,1.0733333333333335,NA,8.4,107.23333333333333,229.5,0.11,149,0.14158047541281074,36.59549,-93.31361,279.5,982.4
098,2026-05-28,2026-05-28T10:56:03Z,1.5276666666666667,1.5276666666666667,23.490000000000002,9.013333333333334,106.1,0.27,-0.033333333333333326,1.0533333333333332,NA,8.4,107.2,229.63333333333333,0.11,149,0.14747777172926874,36.59549,-93.31361,279.5,982.4
098,2026-05-28,2026-05-28T10:56:06Z,1.567,1.567,23.490333333333332,9.013333333333334,106.1,0.32666666666666666,0.22,1.0833333333333333,NA,8.4,107.13333333333333,229.76666666666668,0.11,149,0.15128833242605697,36.59549,-93.31361,279.43333333333334,982.4444444444445
098,2026-05-28,2026-05-28T10:56:09Z,1.617,1.617,23.489333333333335,9.02,106.13333333333333,0.3333333333333333,0.14,1.05,NA,8.4,107.1,229.83333333333334,0.11,149,0.15611957902377063,36.59549,-93.31361,279.26666666666665,982.4
098,2026-05-28,2026-05-28T10:56:12Z,1.685,1.685,23.489,9.02,106.2,0.25333333333333335,-0.12666666666666665,1.08,NA,8.4,107.06666666666666,229.93333333333334,0.11,149.33333333333334,0.16265196878969335,36.59549,-93.31361333333334,279.2,982.4
098,2026-05-28,2026-05-28T10:56:15Z,1.76,1.76,23.487333333333332,9.02,106.2,0.29333333333333333,0.13333333333333333,0.9566666666666667,NA,8.4,107,230,0.11,149.33333333333334,0.16993286154962803,36.59549,-93.31362,279.1666666666667,982.4444444444445
098,2026-05-28,2026-05-28T10:56:18Z,1.853,1.853,23.48633333333333,9.02,106.2,0.38,0.27,1.02,NA,8.4,107,230.16666666666666,0.11,150,0.17889221556886228,36.59549,-93.31362,279.1333333333333,982.4444444444445
098,2026-05-28,2026-05-28T10:56:21Z,1.9136666666666666,1.9136666666666666,23.482666666666667,9.023333333333333,106.2,0.31,0.14333333333333334,1.17,NA,8.406666666666666,107,230.2,0.11,150,0.18476682997641083,36.59549,-93.31362,279.26666666666665,982.4444444444445
098,2026-05-28,2026-05-28T10:56:24Z,1.9956666666666665,1.9956666666666665,23.481,9.02,106.2,0.29000000000000004,-0.12333333333333334,1.01,NA,8.41,107,230.26666666666668,0.11,150,0.1926374523679913,36.59548,-93.31362,279.3666666666667,982.4
098,2026-05-28,2026-05-28T10:56:27Z,2.0676666666666668,2.0676666666666668,23.482,9.023333333333333,106.2,0.33,0.17,1.1366666666666667,NA,8.41,107.06666666666666,230.36666666666667,0.11,150,0.1996007984031936,36.59548,-93.31362,279.26666666666665,982.4444444444445
098,2026-05-28,2026-05-28T10:56:30Z,2.1653333333333333,2.1653333333333333,23.479333333333333,9.026666666666666,106.2,0.42333333333333334,0.29,1.15,NA,8.41,107.16666666666667,230.4,0.11,150,0.2090364725095264,36.59548,-93.31362,279.3333333333333,982.4444444444445
098,2026-05-28,2026-05-28T10:56:33Z,2.263333333333333,2.263333333333333,23.47533333333333,9.03,106.3,0.38,0.056666666666666664,1.2766666666666666,NA,8.41,107.26666666666667,230.5,0.11,150,0.21849482852476865,36.59548,-93.31362,279.5,982.4888888888888
098,2026-05-28,2026-05-28T10:56:36Z,2.3289999999999997,2.3289999999999997,23.468333333333334,9.033333333333333,106.3,0.3433333333333333,-0.08666666666666667,1.4866666666666666,NA,8.41,107.36666666666667,230.46666666666667,0.11,150,0.2248003992015968,36.59548,-93.31363,279.6,982.4888888888888
098,2026-05-28,2026-05-28T10:56:39Z,2.38,2.38,23.458333333333332,9.03,106.3,0.4266666666666667,0.18,1.66,NA,8.41,107.46666666666667,230.6,0.11,150,0.22974505534385775,36.59548,-93.31363,279.7,982.4
098,2026-05-28,2026-05-28T10:56:42Z,2.449,2.449,23.436666666666667,9.033333333333333,106.3,0.5233333333333333,0.24333333333333335,1.74,NA,8.41,107.5,230.8,0.11,150,0.23643621847214663,36.59547333333333,-93.31363,279.6,982.4888888888888
098,2026-05-28,2026-05-28T10:56:45Z,2.517333333333333,2.517333333333333,23.422333333333334,9.05,106.4,0.47333333333333333,-0.09333333333333334,1.8666666666666667,NA,8.41,107.6,230.93333333333334,0.11,150,0.24305933587370715,36.59547,-93.31363333333334,279.46666666666664,982.4
098,2026-05-28,2026-05-28T10:56:48Z,2.5773333333333333,2.5773333333333333,23.387666666666668,9.063333333333334,106.46666666666667,0.48333333333333334,0.2,1.9433333333333334,NA,8.41,107.6,230.9,0.11,150,0.24879785882779895,36.59547,-93.31364,279.3333333333333,982.4
098,2026-05-28,2026-05-28T10:56:51Z,2.644,2.644,23.37966666666667,9.073333333333334,106.6,0.3333333333333333,0.023333333333333334,1.74,NA,8.41,107.63333333333333,230.9,0.11,150,0.2552622028669933,36.59547,-93.31363666666667,279.53333333333336,982.4888888888888
098,2026-05-28,2026-05-28T10:56:54Z,2.6886666666666668,2.6886666666666668,23.337,9.083333333333334,106.66666666666667,0.41,0.17,1.34,NA,8.42,107.7,231.1,0.11,150,0.259594447468699,36.595463333333335,-93.31363,280.06666666666666,982.4444444444445
098,2026-05-28,2026-05-28T10:56:57Z,2.712666666666667,2.712666666666667,23.292333333333335,9.106666666666666,106.86666666666667,0.33,0.11666666666666667,1.5633333333333332,NA,8.42,107.7,231.26666666666668,0.11,150,0.2619080021774633,36.59546,-93.31363333333334,279.93333333333334,982.4444444444445
098,2026-05-28,2026-05-28T10:57:00Z,2.756666666666667,2.756666666666667,23.275000000000002,9.12,106.93333333333334,0.33999999999999997,0.08,1.31,NA,8.42,107.8,231.16666666666666,0.11,150,0.26612683723462166,36.59546,-93.31364,279.56666666666666,982.4
098,2026-05-28,2026-05-28T10:57:03Z,2.7946666666666666,2.7946666666666666,23.27,9.133333333333335,107.03333333333333,0.4066666666666667,0.20666666666666667,1.28,NA,8.42,107.8,231.03333333333333,0.11,150,0.26982398838686267,36.59546,-93.31364,279.1,982.4
098,2026-05-28,2026-05-28T10:57:06Z,2.852,2.852,23.21366666666667,9.15,107.2,0.34,0.006666666666666664,1.66,NA,8.42,107.83333333333333,231.1,0.11,150,0.27535837416076936,36.59546,-93.31364,278.66666666666663,982.4
098,2026-05-28,2026-05-28T10:57:09Z,2.8770000000000002,2.8770000000000002,23.185666666666666,9.17,107.3,0.37,0.21333333333333335,1.4966666666666666,NA,8.43,107.9,230.93333333333334,0.11,150,0.27778533841408093,36.59546,-93.31364,278.23333333333335,982.4
098,2026-05-28,2026-05-28T10:57:12Z,2.929,2.929,23.119,9.18,107.36666666666667,0.2866666666666667,-0.016666666666666666,1.49,NA,8.43,107.9,231.13333333333333,0.11,150,0.2827753583741608,36.59546,-93.31364,278.1,982.4
098,2026-05-28,2026-05-28T10:57:15Z,2.993333333333333,2.993333333333333,23.084,9.2,107.5,0.42333333333333334,0.27,1.4166666666666667,NA,8.43,108,231.1,0.11,150,0.2889675195064417,36.59546,-93.31364,277.73333333333335,982.4
098,2026-05-28,2026-05-28T10:57:18Z,3.042666666666667,3.042666666666667,23.083333333333332,9.203333333333333,107.56666666666666,0.27666666666666667,-0.02,1.3333333333333333,NA,8.43,108.06666666666666,231.1,0.11,150,0.29377608419524587,36.59546,-93.31364,277.6,982.4
098,2026-05-28,2026-05-28T10:57:21Z,3.1013333333333333,3.1013333333333333,23.043666666666667,9.23,107.76666666666667,0.37333333333333335,0.2533333333333333,1.3733333333333333,NA,8.43,108.1,231.06666666666666,0.11,150,0.29944656142260934,36.59546,-93.31364666666667,277.6666666666667,982.4
098,2026-05-28,2026-05-28T10:57:24Z,3.1576666666666666,3.1576666666666666,23.037333333333333,9.246666666666666,107.93333333333334,0.35333333333333333,0.03333333333333333,1.59,NA,8.44,108.2,231,0.11,150,0.3048675376519688,36.59546,-93.31365,277.7,982.4888888888888
098,2026-05-28,2026-05-28T10:57:27Z,3.2176666666666667,3.2176666666666667,23.028666666666666,9.253333333333334,108,0.47000000000000003,0.2,1.5366666666666666,NA,8.44,108.26666666666667,230.9,0.11,150,0.31067410633278897,36.59546,-93.31365,277.7,982.4
098,2026-05-28,2026-05-28T10:57:30Z,3.2946666666666666,3.2946666666666666,23.033,9.26,108.06666666666666,0.33,0.016666666666666666,1.6166666666666667,NA,8.44,108.36666666666667,230.7,0.11,150,0.3180910905461804,36.59546,-93.31366,277.9666666666667,982.4444444444445
098,2026-05-28,2026-05-28T10:57:33Z,3.357666666666667,3.357666666666667,23.022333333333332,9.273333333333333,108.16666666666667,0.39666666666666667,0.29666666666666663,1.5,NA,8.44,108.46666666666667,230.6,0.11,150,0.32419252404282345,36.59546,-93.31366,278.26666666666665,982.4
098,2026-05-28,2026-05-28T10:57:36Z,3.392,3.392,23.024,9.276666666666666,108.23333333333333,0.35,0.07333333333333333,1.56,NA,8.44,108.53333333333333,230.66666666666666,0.11,150,0.32748140083469424,36.59545,-93.31367,278.3666666666667,982.4888888888888
098,2026-05-28,2026-05-28T10:57:39Z,3.4690000000000003,3.4690000000000003,23.016333333333336,9.29,108.4,0.37333333333333335,0.21333333333333332,1.4066666666666667,NA,8.44,108.6,230.63333333333333,0.11,150,0.33496643077481403,36.59545666666667,-93.31367,278.2,982.4444444444445
098,2026-05-28,2026-05-28T10:57:42Z,3.5363333333333333,3.5363333333333333,23.008,9.29,108.36666666666667,0.31,0.11333333333333334,1.3866666666666667,NA,8.44,108.73333333333333,230.6,0.11,150,0.34143077481400835,36.59546,-93.31367,278.1,982.4
098,2026-05-28,2026-05-28T10:57:45Z,3.5823333333333336,3.5823333333333336,23.001,9.3,108.5,0.32666666666666666,0.04666666666666667,1.2766666666666666,NA,8.44,108.83333333333333,230.66666666666666,0.11,150,0.34585374705135186,36.59546,-93.31367,278.1333333333333,982.4444444444445
098,2026-05-28,2026-05-28T10:57:48Z,3.6493333333333333,3.6493333333333333,22.981,9.293333333333333,108.36666666666667,0.35666666666666663,0.16,1.4433333333333334,NA,8.44,109,230.63333333333333,0.11,150,0.35234077299945565,36.59546,-93.31367,278.3333333333333,982.4
098,2026-05-28,2026-05-28T10:57:51Z,3.7133333333333334,3.7133333333333334,22.946666666666665,9.306666666666667,108.43333333333334,0.31666666666666665,0.02666666666666666,1.5833333333333333,NA,8.44,109.13333333333333,230.86666666666667,0.11,150,0.35855561604064595,36.59546,-93.31367333333334,278.3666666666667,982.4
098,2026-05-28,2026-05-28T10:57:54Z,3.765,3.765,22.903,9.33,108.63333333333333,0.35333333333333333,0.18333333333333335,1.6133333333333333,NA,8.44,109.33333333333334,230.86666666666667,0.11,150,0.36347759027399745,36.59546,-93.31368,278.23333333333335,982.4444444444445
098,2026-05-28,2026-05-28T10:57:57Z,3.812,3.812,22.878333333333334,9.35,108.8,0.2633333333333333,0.03333333333333333,1.4233333333333333,NA,8.426666666666666,109.6,230.8,0.11,150,0.36810469969152604,36.59546,-93.31368,278.23333333333335,982.4
098,2026-05-28,2026-05-28T10:58:00Z,3.868,3.868,22.877333333333333,9.3533333333333335,108.83333333333333,0.3833333333333333,0.22000000000000003,1.49,NA,8.413333333333334,109.9,230.7,0.11,150,0.3734349482852477,36.59546,-93.31368666666667,278.1333333333333,982.4
098,2026-05-28,2026-05-28T10:58:03Z,3.9193333333333333,3.9193333333333333,22.859333333333332,9.36,108.9,0.2633333333333333,-0.006666666666666665,1.2433333333333334,NA,8.3966666666666665,110.1,230.7,0.11,150,0.37842496824532756,36.59546,-93.31369,278.3,982.4
098,2026-05-28,2026-05-28T10:58:06Z,3.95,3.95,22.842000000000002,9.363333333333333,108.83333333333333,0.34,0.21666666666666667,1.4266666666666667,NA,8.37,110.46666666666667,230.7,0.11,150,0.3813736164035565,36.59546,-93.31369,278.4,982.4444444444445
098,2026-05-28,2026-05-28T10:58:09Z,4.019666666666667,4.019666666666667,22.802666666666667,9.373333333333333,108.9,0.24666666666666667,5.779588143431843e-19,1.36,NA,8.356666666666666,110.7,230.63333333333333,0.11,150,0.3881328252585738,36.59546,-93.31369,278.46666666666664,982.4
098,2026-05-28,2026-05-28T10:58:12Z,4.118,4.118,22.783333333333335,9.38,109,0.3933333333333333,0.24,1.3633333333333333,NA,8.35,110.86666666666667,230.66666666666666,0.11,150,0.39756849936490657,36.59546,-93.31369,278.53333333333336,982.4444444444445
098,2026-05-28,2026-05-28T10:58:15Z,4.158666666666667,4.158666666666667,22.750666666666667,9.4,109.16666666666667,0.26,-0.07333333333333333,1.3233333333333333,NA,8.35,111.03333333333333,230.7,0.11,150,0.40153783342406096,36.59546,-93.31369666666666,278.53333333333336,982.4444444444445
098,2026-05-28,2026-05-28T10:58:18Z,4.2,4.2,22.724666666666668,9.416666666666666,109.26666666666667,0.3233333333333333,0.21666666666666667,1.36,NA,8.35,111.2,230.7,0.11,150,0.40552984939212483,36.59546,-93.3137,278.6333333333333,982.4444444444445
098,2026-05-28,2026-05-28T10:58:21Z,4.282333333333333,4.282333333333333,22.692333333333334,9.42,109.2,0.2833333333333333,0.05333333333333334,1.45,NA,8.35,111.3,230.43333333333334,0.11,150,0.41349119941934315,36.59546,-93.3137,278.7,982.4
098,2026-05-28,2026-05-28T10:58:24Z,4.348333333333334,4.348333333333334,22.629,9.43,109.26666666666667,0.28,0.15,1.5666666666666667,NA,8.35,111.36666666666667,230.5,0.11,150,0.4198874977318091,36.59546,-93.3137,278.6666666666667,982.4444444444445
098,2026-05-28,2026-05-28T10:58:27Z,4.3966666666666665,4.3966666666666665,22.588333333333335,9.456666666666667,109.43333333333334,0.38666666666666666,0.27,1.4133333333333333,NA,8.3533333333333335,111.43333333333334,230.53333333333333,0.11,150,0.4245599709671566,36.59546,-93.31371,278.8666666666667,982.4
098,2026-05-28,2026-05-28T10:58:30Z,4.424666666666666,4.424666666666666,22.547,9.48,109.6,0.26666666666666666,-0.016666666666666666,1.52,NA,8.36,111.5,230.56666666666666,0.11,150,0.4272364362184721,36.59546,-93.31371,279.03333333333336,982.4
098,2026-05-28,2026-05-28T10:58:33Z,4.466666666666667,4.466666666666667,22.494333333333334,9.49,109.63333333333333,0.41333333333333333,0.25666666666666665,1.5266666666666666,NA,8.36,111.53333333333333,230.5,0.11,150,0.4312964979132644,36.59546,-93.31371,278.6333333333333,982.4444444444445
098,2026-05-28,2026-05-28T10:58:36Z,4.500666666666667,4.500666666666667,22.503333333333334,9.493333333333334,109.7,0.38,0.30333333333333334,1.67,NA,8.36,111.63333333333333,230.1,0.11,150,0.43460805661404467,36.59546,-93.31371,278.53333333333336,982.4
098,2026-05-28,2026-05-28T10:58:39Z,4.562333333333333,4.562333333333333,22.475333333333335,9.513333333333334,109.83333333333333,0.21,-0.05666666666666667,1.6966666666666668,NA,8.36,111.66666666666667,230.03333333333333,0.11,149.66666666666666,0.4405507167483216,36.59546,-93.31371,278.4,982.4
098,2026-05-28,2026-05-28T10:58:42Z,4.5953333333333335,4.5953333333333335,22.42866666666667,9.56,110.33333333333334,0.35,0.21333333333333332,1.6766666666666665,NA,8.37,111.8,230.16666666666666,0.11,150,0.4437261839956451,36.59546,-93.31371666666666,278.3,982.4
098,2026-05-28,2026-05-28T10:58:45Z,4.664,4.664,22.310666666666666,9.6,110.56666666666666,0.44666666666666666,0.30666666666666664,1.8433333333333333,NA,8.37,111.93333333333334,230.43333333333334,0.11,150,0.45037198330611505,36.59546,-93.31372,278.26666666666665,982.4
098,2026-05-28,2026-05-28T10:58:48Z,4.722333333333333,4.722333333333333,22.285666666666668,9.6033333333333335,110.5,0.3833333333333333,0.030000000000000002,2.3566666666666665,NA,8.37,112.06666666666666,230.26666666666668,0.11,150,0.4559970967156596,36.59546,-93.31372,278.3,982.4444444444445
098,2026-05-28,2026-05-28T10:58:51Z,4.777666666666667,4.777666666666667,22.293333333333333,9.583333333333334,110.3,0.32,-0.016666666666666666,2.1333333333333333,NA,8.37,112.2,229.9,0.11,149.33333333333334,0.46137270912720013,36.59546,-93.31372333333334,278.26666666666665,982.4444444444445
098,2026-05-28,2026-05-28T10:58:54Z,4.807333333333333,4.807333333333333,22.198666666666668,9.616666666666665,110.53333333333333,0.44666666666666666,0.31333333333333335,2.34,NA,8.363333333333333,112.36666666666667,230.16666666666666,0.11,150,0.46423062964979134,36.59546,-93.31373,278.06666666666666,982.4
098,2026-05-28,2026-05-28T10:58:57Z,4.838666666666667,4.838666666666667,22.165666666666667,9.626666666666667,110.5,0.46,0.20666666666666667,2.61,NA,8.36,112.5,230.2,0.11,150,0.46729268735256757,36.59546,-93.31373,277.93333333333334,982.4
098,2026-05-28,2026-05-28T10:59:00Z,4.890666666666667,4.890666666666667,22.041,9.6466666666666665,110.5,0.45,0.08333333333333334,2.683333333333333,NA,8.366666666666665,112.66666666666667,230.33333333333334,0.11,150,0.4723053892215569,36.59546,-93.31373,277.76666666666665,982.4
098,2026-05-28,2026-05-28T10:59:03Z,4.934333333333334,4.934333333333334,21.976333333333333,9.666666666666666,110.53333333333333,0.5266666666666666,0.17666666666666667,2.7866666666666666,NA,8.37,112.83333333333333,230.23333333333332,0.11,150,0.47650154236980585,36.59546,-93.31373666666667,277.7,982.4888888888888
098,2026-05-28,2026-05-28T10:59:06Z,4.99,4.99,21.926,9.68,110.63333333333333,0.48,0.08666666666666668,2.913333333333333,NA,8.37,112.96666666666667,230.1,0.11,150,0.4818998366902559,36.59546,-93.31373,277.3,982.4444444444445
098,2026-05-28,2026-05-28T10:59:09Z,5.042,5.042,21.878,9.696666666666665,110.66666666666667,0.55,0.24666666666666667,3.0533333333333332,NA,8.363333333333333,113.06666666666666,230.1,0.11,150,0.4869579023770641,36.59546,-93.31373,277.2,982.4444444444445
098,2026-05-28,2026-05-28T10:59:12Z,5.093333333333334,5.093333333333334,21.870666666666665,9.696666666666665,110.7,0.5566666666666666,0.23,3.22,NA,8.36,113.16666666666667,230,0.11,149.66666666666666,0.4918571947015061,36.59546,-93.31373666666667,277.03333333333336,982.4
098,2026-05-28,2026-05-28T10:59:15Z,5.150333333333333,5.150333333333333,21.823666666666668,9.713333333333333,110.8,0.49666666666666665,0.13,3.1533333333333333,NA,8.36,113.3,230.1,0.11,149.66666666666666,0.4974142623843223,36.59546,-93.31374,277.03333333333336,982.4
098,2026-05-28,2026-05-28T10:59:18Z,5.212666666666666,5.212666666666666,21.803333333333335,9.683333333333334,110.4,0.4666666666666667,0.32666666666666666,3.31,NA,8.36,113.46666666666667,229.73333333333332,0.11,149,0.503402286336418,36.59546,-93.31374,277.06666666666666,982.4
098,2026-05-28,2026-05-28T10:59:21Z,5.283,5.283,21.720666666666666,9.696666666666665,110.36666666666667,0.48333333333333334,0.10333333333333333,3.1566666666666667,NA,8.36,113.56666666666666,229.83333333333334,0.11,149,0.5102068590092542,36.59546,-93.31374,277.1,982.4
098,2026-05-28,2026-05-28T10:59:24Z,5.349333333333333,5.349333333333333,21.686,9.713333333333335,110.5,0.53,0.22666666666666666,3.09,NA,8.36,113.66666666666667,229.76666666666668,0.11,149,0.5166258392306297,36.59546,-93.31374,277.1333333333333,982.4444444444445
098,2026-05-28,2026-05-28T10:59:27Z,5.391666666666667,5.391666666666667,21.672,9.726666666666667,110.56666666666666,0.3933333333333333,0.07333333333333333,3.236666666666667,NA,8.35,113.8,229.76666666666668,0.11,149,0.5207085828343313,36.59546,-93.31374,277.43333333333334,982.4
098,2026-05-28,2026-05-28T10:59:30Z,5.412333333333334,5.412333333333334,21.715333333333334,9.72,110.63333333333333,0.53,0.2733333333333333,3.5366666666666666,NA,8.35,114,229.4,0.11,149,0.5227272727272727,36.59546,-93.31374,277.76666666666665,982.4444444444445
098,2026-05-28,2026-05-28T10:59:33Z,5.446,5.446,21.682333333333332,9.713333333333335,110.53333333333333,0.33,0.03666666666666667,3.5633333333333335,NA,8.35,114.06666666666666,229.53333333333333,0.11,149,0.5259707857013247,36.59546,-93.31374,278.1333333333333,982.4
098,2026-05-28,2026-05-28T10:59:36Z,5.502666666666666,5.502666666666666,21.615666666666666,9.726666666666667,110.5,0.49,0.37666666666666665,3.3366666666666664,NA,8.35,114.23333333333333,229.63333333333333,0.11,149,0.531437125748503,36.59546,-93.31374,278.56666666666666,982.4
098,2026-05-28,2026-05-28T10:59:39Z,5.613666666666667,5.613666666666667,21.459333333333333,9.75,110.43333333333334,0.33,0.07,3.5266666666666664,NA,8.35,114.36666666666667,230,0.11,149.66666666666666,0.5421656686626747,36.59546,-93.31374,278.76666666666665,982.4
098,2026-05-28,2026-05-28T10:59:42Z,5.677333333333333,5.677333333333333,21.387,9.786666666666665,110.66666666666667,0.48,0.39666666666666667,3.7466666666666666,NA,8.35,114.46666666666667,230.16666666666666,0.11,150,0.5483578297949556,36.59546,-93.31374,278.7,982.4444444444445
098,2026-05-28,2026-05-28T10:59:45Z,5.722,5.722,21.375333333333334,9.786666666666665,110.63333333333333,0.35000000000000003,0.11,3.7933333333333334,NA,8.35,114.63333333333333,230.06666666666666,0.11,149.66666666666666,0.5527127563055707,36.59546,-93.31374,278.93333333333334,982.4
098,2026-05-28,2026-05-28T10:59:48Z,5.769,5.769,21.360666666666667,9.77,110.46666666666667,0.34,0.13999999999999999,3.9333333333333336,NA,8.346666666666666,114.8,230,0.11,149.66666666666666,0.5571810923607331,36.59546,-93.31374,278.9666666666667,982.4
098,2026-05-28,2026-05-28T10:59:51Z,5.841,5.841,21.229,9.783333333333333,110.4,0.5066666666666667,0.6333333333333333,4.5633333333333335,NA,8.336666666666666,115,230.4,0.11,150,0.5641898022137543,36.59546,-93.31374,278.76666666666665,982.4
098,2026-05-28,2026-05-28T10:59:54Z,5.872,5.872,21.098666666666666,9.813333333333334,110.3,0.32,0.2533333333333333,5.056666666666667,NA,8.323333333333334,115.16666666666667,230.93333333333334,0.11,150,0.5671838141898022,36.59546,-93.31374,278.56666666666666,982.4444444444445
098,2026-05-28,2026-05-28T10:59:57Z,5.908666666666666,5.908666666666666,21.069666666666667,9.75,109.66666666666667,0.24666666666666667,0.17333333333333334,5.513333333333334,NA,8.296666666666667,115.33333333333333,230.8,0.11,150,0.5707448738885865,36.59546,-93.31374,278.73333333333335,982.4
098,2026-05-28,2026-05-28T11:00:00Z,5.977,5.977,20.916,9.673333333333334,108.43333333333334,0.49333333333333335,0.56,6.226666666666667,NA,8.286666666666665,115.53333333333333,231.16666666666666,0.11,150,0.5773679912901469,36.59546,-93.31374,279.1333333333333,982.4
098,2026-05-28,2026-05-28T11:00:03Z,6.058333333333334,6.058333333333334,20.695,9.59,107.1,0.26,0.22333333333333333,7.276666666666666,NA,8.273333333333333,115.7,231.93333333333334,0.11,151,0.5852612955906369,36.59546,-93.31374,279.46666666666664,982.4
098,2026-05-28,2026-05-28T11:00:06Z,6.135,6.135,20.571,9.53,106.06666666666666,0.44666666666666666,0.5833333333333334,8.040000000000001,NA,8.256666666666666,115.9,232.4,0.11,151,0.5926555978951189,36.59546,-93.31375,279.8,982.4
098,2026-05-28,2026-05-28T11:00:09Z,6.189333333333334,6.189333333333334,20.547,9.44,105.03333333333333,0.29333333333333333,0.36,8.216666666666667,NA,8.243333333333334,116.1,232.4,0.11,151,0.5979178007621121,36.59546,-93.31375,280.0333333333333,982.3555555555556
098,2026-05-28,2026-05-28T11:00:12Z,6.261333333333333,6.261333333333333,20.492333333333335,9.373333333333333,104.2,0.4,0.41333333333333333,8.573333333333334,NA,8.233333333333334,116.33333333333333,232.4,0.11,151,0.604903828706224,36.59546,-93.31374666666666,280.26666666666665,982.4
098,2026-05-28,2026-05-28T11:00:15Z,6.314666666666667,6.314666666666667,20.458666666666666,9.31,103.43333333333334,0.3933333333333333,0.5166666666666667,8.98,NA,8.23,116.6,232.5,0.11,151,0.6100299401197605,36.59546,-93.31374333333333,280.46666666666664,982.4
098,2026-05-28,2026-05-28T11:00:18Z,6.374,6.374,20.40266666666667,9.266666666666666,102.8,0.2733333333333333,0.27,9.276666666666667,NA,8.223333333333334,116.86666666666666,232.66666666666666,0.11,151,0.6157911449827618,36.59546,-93.31374,280.56666666666666,982.4
098,2026-05-28,2026-05-28T11:00:21Z,6.454666666666667,6.454666666666667,20.375333333333334,9.23,102.33333333333333,0.5133333333333333,0.6166666666666667,9.69,NA,8.213333333333335,117.13333333333333,232.86666666666667,0.11,151,0.6235256759208855,36.59546,-93.31374,281,982.4444444444445
098,2026-05-28,2026-05-28T11:00:24Z,6.551333333333333,6.551333333333333,20.333666666666666,9.2,101.96666666666667,0.20333333333333334,0.15333333333333335,9.883333333333333,NA,8.203333333333333,117.36666666666667,232.8,0.11,151,0.6329159862093994,36.59546,-93.31374,281.3,982.4
098,2026-05-28,2026-05-28T11:00:27Z,6.6273333333333335,6.6273333333333335,20.290333333333333,9.183333333333334,101.63333333333333,0.5733333333333334,0.6166666666666667,10.356666666666666,NA,8.2,117.6,233.06666666666666,0.11,151.66666666666666,0.6402422427871529,36.59546,-93.31374,281.53333333333336,982.4444444444445
098,2026-05-28,2026-05-28T11:00:30Z,6.6803333333333335,6.6803333333333335,20.261333333333333,9.166666666666666,101.43333333333334,0.24,0.2566666666666667,10.426666666666666,NA,8.196666666666665,117.9,233,0.11,151.33333333333334,0.6454137180185084,36.59546,-93.31374,281.5,982.4
098,2026-05-28,2026-05-28T11:00:33Z,6.727,6.727,20.230666666666668,9.156666666666666,101.2,0.24666666666666667,0.3566666666666667,10.72,NA,8.19,118.1,233.1,0.11,151.66666666666666,0.6498820540736708,36.59546,-93.31374,281.53333333333336,982.4444444444445
098,2026-05-28,2026-05-28T11:00:36Z,6.800333333333334,6.800333333333334,20.194666666666667,9.143333333333334,101,0.5266666666666666,0.75,10.803333333333333,NA,8.19,118.4,233.1,0.11,151.33333333333334,0.6570268553801488,36.59546,-93.31374666666666,281.5,982.4
098,2026-05-28,2026-05-28T11:00:39Z,6.871666666666667,6.871666666666667,20.156333333333333,9.13,100.8,0.17666666666666667,0.19666666666666666,10.853333333333333,NA,8.18,118.63333333333333,233.03333333333333,0.11,151.33333333333334,0.6638994737797134,36.59546,-93.31375,281.06666666666666,982.4
098,2026-05-28,2026-05-28T11:00:42Z,6.925333333333334,6.925333333333334,20.100333333333335,9.116666666666665,100.53333333333333,0.4166666666666667,0.6566666666666667,10.68,NA,8.173333333333334,118.93333333333334,233.6,0.11,152,0.6690936309199783,36.59545666666667,-93.31375,280.73333333333335,982.4444444444445
098,2026-05-28,2026-05-28T11:00:45Z,6.985333333333333,6.985333333333333,20.019,9.11,100.33333333333333,0.19333333333333333,0.36,10.47,NA,8.166666666666666,119.16666666666667,233.86666666666667,0.11,152,0.6749001996007984,36.59545,-93.31375,280.5,982.4888888888888
098,2026-05-28,2026-05-28T11:00:48Z,7.035666666666667,7.035666666666667,19.994,9.093333333333334,100.03333333333333,0.4,0.48666666666666664,10.030000000000001,NA,8.16,119.4,234,0.11,152,0.6797087642896027,36.59545,-93.31375,280.43333333333334,982.4888888888888
098,2026-05-28,2026-05-28T11:00:51Z,7.100333333333333,7.100333333333333,19.974333333333334,9.046666666666667,99.53333333333333,0.24666666666666667,0.42,10.013333333333334,NA,8.15,119.66666666666667,233.9,0.11,152,0.6860370168753402,36.59545,-93.31375,280.5,982.4
098,2026-05-28,2026-05-28T11:00:54Z,7.174,7.174,19.920333333333332,8.996666666666666,98.8,0.25666666666666665,0.3666666666666667,9.530000000000001,NA,8.14,119.9,234.03333333333333,0.11,152,0.6931137724550899,36.59545,-93.31375,280.6,982.4
098,2026-05-28,2026-05-28T11:00:57Z,7.221,7.221,19.88,8.95,98.26666666666667,0.30333333333333334,0.5066666666666666,8.923333333333334,NA,8.13,120.23333333333333,234.06666666666666,0.11,152,0.69767283614589,36.59545,-93.31375666666666,280.6,982.4
098,2026-05-28,2026-05-28T11:01:00Z,7.294666666666666,7.294666666666666,19.805333333333333,8.92,97.83333333333333,0.14,0.21000000000000002,7.69,NA,8.123333333333333,120.5,234.03333333333333,0.11,152,0.704817637452368,36.595443333333336,-93.31376,280.6666666666667,982.4
098,2026-05-28,2026-05-28T11:01:03Z,7.399666666666667,7.399666666666667,19.734333333333332,8.8966666666666665,97.43333333333334,0.29333333333333333,0.5333333333333333,7.443333333333333,NA,8.113333333333333,120.8,234.2,0.11,152,0.7149791326438033,36.59544,-93.31376666666667,281.1,982.4444444444445
098,2026-05-28,2026-05-28T11:01:06Z,7.4830000000000005,7.4830000000000005,19.700666666666667,8.876666666666667,97.06666666666666,0.07333333333333333,0.11333333333333334,7.433333333333334,NA,8.1033333333333335,121.1,234.3,0.11,152,0.7230312103066594,36.59544,-93.31376,280.93333333333334,982.4
098,2026-05-28,2026-05-28T11:01:09Z,7.537333333333334,7.537333333333334,19.632,8.8533333333333335,96.73333333333333,0.34,0.44666666666666666,7.123333333333333,NA,8.096666666666666,121.4,234.7,0.11,153,0.7282934131736527,36.59544,-93.31376,280.8,982.4
098,2026-05-28,2026-05-28T11:01:12Z,7.5953333333333335,7.5953333333333335,19.593666666666667,8.82,96.26666666666667,0.08333333333333333,0.20333333333333334,6.993333333333333,NA,8.09,121.66666666666667,234.6,0.11,152.33333333333334,0.7338958446742878,36.59544,-93.31376,280.93333333333334,982.4888888888888
098,2026-05-28,2026-05-28T11:01:15Z,7.6626666666666665,7.6626666666666665,19.533,8.786666666666667,95.83333333333333,0.08666666666666667,0.14333333333333334,6.953333333333333,NA,8.083333333333334,121.93333333333334,234.93333333333334,0.11,153,0.740405552531301,36.59544,-93.31376,280.93333333333334,982.4
098,2026-05-28,2026-05-28T11:01:18Z,7.736,7.736,19.508666666666667,8.746666666666666,95.3,0.3566666666666667,0.4766666666666667,6.993333333333333,NA,8.066666666666666,122.3,234.9,0.11,153,0.7474596262021411,36.59544,-93.31376,280.76666666666665,982.4444444444445
098,2026-05-28,2026-05-28T11:01:21Z,7.781666666666666,7.781666666666666,19.450333333333333,8.703333333333333,94.7,0.12666666666666668,0.22333333333333333,6.516666666666667,NA,8.053333333333335,122.6,235.06666666666666,0.11,153,0.7519052803483941,36.59544,-93.31376,280.8333333333333,982.4
098,2026-05-28,2026-05-28T11:01:24Z,7.863666666666667,7.863666666666667,19.394666666666666,8.66,94.16666666666667,0.26666666666666666,0.46,6.56,NA,8.036666666666665,122.9,235.26666666666668,0.11,153,0.7598212665577935,36.59544,-93.31376,280.76666666666665,982.4444444444445
098,2026-05-28,2026-05-28T11:01:27Z,7.947333333333334,7.947333333333334,19.378333333333334,8.593333333333334,93.4,0.06666666666666667,0.21666666666666667,6.343333333333334,NA,8.026666666666666,123.26666666666667,235.13333333333333,0.11,153,0.7679187080384685,36.59544,-93.31375,280.7,982.4
098,2026-05-28,2026-05-28T11:01:30Z,7.9943333333333335,7.9943333333333335,19.34466666666667,8.51,92.43333333333334,0.21333333333333332,0.36,4.93,NA,8.016666666666666,123.6,235.26666666666668,0.11,153,0.7724550898203593,36.59544,-93.31375,280.6333333333333,982.4444444444445
098,2026-05-28,2026-05-28T11:01:33Z,8.051,8.051,19.241666666666667,8.456666666666667,91.7,0.05333333333333334,0.07333333333333333,4.583333333333333,NA,8.003333333333334,123.9,235.66666666666666,0.11,153,0.7779667936853566,36.59544,-93.31375,280.56666666666666,982.4
098,2026-05-28,2026-05-28T11:01:36Z,8.131,8.131,19.156,8.406666666666666,91,0.19333333333333333,0.3466666666666667,5.066666666666666,NA,7.99,124.2,235.9,0.11,153,0.7856786427145709,36.59544,-93.31375,280.46666666666664,982.4
098,2026-05-28,2026-05-28T11:01:42Z,8.189333333333334,8.189333333333334,19.146333333333335,8.286666666666667,89.7,0.17333333333333334,0.33666666666666667,4.256666666666667,NA,7.96,124.8,235.83333333333334,0.11,153,0.7913718018508438,36.59544,-93.31375,280.26666666666665,982.4
098,2026-05-28,2026-05-28T11:01:45Z,8.232666666666667,8.232666666666667,19.113,8.25,89.16666666666667,0.08666666666666667,0.17666666666666667,4.01,NA,7.953333333333333,125.16666666666667,235.9,0.11,153,0.7955679549990927,36.59544,-93.31375,280.1333333333333,982.4
098,2026-05-28,2026-05-28T11:01:48Z,8.292333333333334,8.292333333333334,19.089333333333332,8.22,88.8,0.15333333333333332,0.36333333333333334,4.453333333333333,NA,7.946666666666667,125.46666666666667,236.03333333333333,0.11,153,0.8013064779531845,36.59543,-93.31375,279.9,982.4444444444445
098,2026-05-28,2026-05-28T11:01:51Z,8.338,8.338,19.087,8.173333333333334,88.33333333333333,0.026666666666666665,0.016666666666666666,4.69,NA,7.94,125.8,235.9,0.11,153,0.8057521320994374,36.59543,-93.31375,279.9,982.4
098,2026-05-28,2026-05-28T11:01:54Z,8.395666666666667,8.395666666666667,19.061666666666667,8.13,87.8,0.22,0.39,4.123333333333333,NA,7.933333333333334,126.06666666666666,235.9,0.11,153,0.8113318816911631,36.59542,-93.31375,279.96666666666664,982.4444444444445
098,2026-05-28,2026-05-28T11:01:57Z,8.458333333333334,8.458333333333334,18.971333333333334,8.076666666666666,87.13333333333334,0.07666666666666666,0.24333333333333335,3.7133333333333334,NA,7.916666666666667,126.36666666666666,236.2,0.11,153.66666666666666,0.8173652694610778,36.59542,-93.31375,280.06666666666666,982.4444444444445
098,2026-05-28,2026-05-28T11:02:00Z,8.516,8.516,18.905666666666665,8.003333333333334,86.2,0.020000000000000004,0.030000000000000002,3.5966666666666667,NA,7.8966666666666665,126.63333333333333,236.4,0.11,154,0.8229223371438941,36.59542,-93.31375,280.06666666666666,982.4
098,2026-05-28,2026-05-28T11:02:03Z,8.576,8.576,18.85333333333333,7.923333333333333,85.26666666666667,0.15,0.31666666666666665,3.7666666666666666,NA,7.88,126.96666666666667,236.8,0.11,154,0.8287742696425331,36.59542,-93.31375666666666,280.53333333333336,982.4
098,2026-05-28,2026-05-28T11:02:06Z,8.635,8.635,18.76033333333333,7.85,84.3,0.009999999999999998,0.16,2.8266666666666667,NA,7.86,127.3,237,0.11,154,0.8344901106877155,36.59542,-93.31376,280.8666666666667,982.4444444444445
098,2026-05-28,2026-05-28T11:02:09Z,8.699,8.699,18.711333333333332,7.776666666666666,83.4,0.15666666666666668,0.30666666666666664,2.84,NA,7.84,127.6,237.13333333333333,0.11,154,0.8407049537289059,36.59542,-93.31376,281.1,982.4
098,2026-05-28,2026-05-28T11:02:12Z,8.748,8.748,18.635,7.69,82.4,0.02,0.17,1.9733333333333334,NA,7.82,127.86666666666666,237.13333333333333,0.11,154,0.8454227907820723,36.59542,-93.31376,281.1333333333333,982.4444444444445
098,2026-05-28,2026-05-28T11:02:15Z,8.803,8.803,18.637999999999998,7.62,81.56666666666666,0.09333333333333334,0.26,1.7833333333333332,NA,7.81,128.1,237.2,0.11,154,0.8507757212847034,36.59542,-93.31376,281.1,982.4444444444445
098,2026-05-28,2026-05-28T11:02:18Z,8.892333333333333,8.892333333333333,18.542333333333335,7.57,81,-0.0033333333333333335,0.13333333333333333,1.53,NA,7.793333333333333,128.4,237.46666666666667,0.11,154,0.8593721647613863,36.59542,-93.31376,281.23333333333335,982.4
098,2026-05-28,2026-05-28T11:02:21Z,8.948,8.948,18.462666666666667,7.54,80.46666666666667,0.043333333333333335,0.20333333333333334,1.78,NA,7.78,128.7,237.6,0.11,154,0.8648158228996552,36.59541333333333,-93.31376,281.3333333333333,982.4
098,2026-05-28,2026-05-28T11:02:24Z,8.998666666666667,8.998666666666667,18.426666666666666,7.493333333333333,79.93333333333334,-0.00333333333333333,0.08,1.3800000000000001,NA,7.77,129.03333333333333,237.7,0.11,154.66666666666666,0.8696924333151879,36.59541,-93.31376,281.4,982.4444444444445
098,2026-05-28,2026-05-28T11:02:27Z,9.033666666666667,9.033666666666667,18.427666666666667,7.45,79.46666666666667,0.04,0.17333333333333334,1.0933333333333333,NA,7.76,129.33333333333334,237.53333333333333,0.11,154,0.873049355833787,36.59541,-93.31376,281.46666666666664,982.4
098,2026-05-28,2026-05-28T11:02:30Z,9.093,9.093,18.384666666666668,7.413333333333333,79,0.03666666666666667,0.08,0.95,NA,7.76,129.63333333333333,237.63333333333333,0.11,154.33333333333334,0.8788332426056976,36.59541,-93.31376,281.43333333333334,982.4444444444445
098,2026-05-28,2026-05-28T11:02:33Z,9.177,9.177,18.338,7.38,78.53333333333333,0.07666666666666667,0.22333333333333333,1.0266666666666666,NA,7.75,129.93333333333334,237.66666666666666,0.11,154.33333333333334,0.8869533659952822,36.59541,-93.31376,281.4,982.4
098,2026-05-28,2026-05-28T11:02:36Z,9.234333333333334,9.234333333333334,18.293666666666667,7.343333333333334,78.06666666666666,-0.023333333333333334,0.006666666666666666,1.0933333333333333,NA,7.743333333333333,130.26666666666668,237.66666666666666,0.11,154.33333333333334,0.8925104336780983,36.59541,-93.31375333333334,281.7,982.4
098,2026-05-28,2026-05-28T11:02:39Z,9.339666666666666,9.339666666666666,18.235,7.303333333333334,77.53333333333333,0.060000000000000005,0.13,0.42333333333333334,NA,7.736666666666667,130.6,237.9,0.11,155,0.9026492469606242,36.59541,-93.31375,281.76666666666665,982.4
098,2026-05-28,2026-05-28T11:02:42Z,9.422,9.422,18.198,7.263333333333334,77.1,0.05666666666666667,0.26,0.4166666666666667,NA,7.723333333333334,130.9,238.1,0.11,155,0.9106332788967519,36.59541,-93.31375,281.96666666666664,982.4444444444445
098,2026-05-28,2026-05-28T11:02:45Z,9.484666666666667,9.484666666666667,18.178666666666665,7.22,76.63333333333333,-0.030000000000000002,0.08333333333333334,0.22666666666666666,NA,7.716666666666667,131.16666666666666,238,0.11,155,0.9166893485755762,36.59541,-93.31375,281.73333333333335,982.4
098,2026-05-28,2026-05-28T11:02:48Z,9.544,9.544,18.137666666666668,7.193333333333333,76.3,0.07666666666666667,0.18333333333333335,0.27666666666666667,NA,7.71,131.5,238.06666666666666,0.11,155,0.9224505534385774,36.59540666666667,-93.31374333333333,281.8,982.4
098,2026-05-28,2026-05-28T11:02:51Z,9.580666666666666,9.580666666666666,18.125666666666667,7.166666666666667,75.93333333333334,-0.030000000000000002,0.023333333333333334,0.45,NA,7.7,131.8,238.23333333333335,0.11,155,0.9260116131373617,36.5954,-93.31374,282.23333333333335,982.4
098,2026-05-28,2026-05-28T11:02:54Z,9.636333333333333,9.636333333333333,18.097333333333335,7.13,75.53333333333333,0.06333333333333334,0.18,0.3433333333333333,NA,7.696666666666667,132.1,238.03333333333333,0.11,155,0.9313872255489022,36.5954,-93.31374,282.56666666666666,982.4444444444445
098,2026-05-28,2026-05-28T11:02:57Z,9.688,9.688,18.070333333333334,7.096666666666667,75.13333333333333,0.016666666666666666,0.07333333333333333,0.19,NA,7.69,132.43333333333334,238.1,0.11,155,0.9363545636000726,36.5954,-93.31374,282.23333333333335,982.4444444444445
098,2026-05-28,2026-05-28T11:03:00Z,9.763,9.763,18.046333333333333,7.0633333333333335,74.7,0.03666666666666667,0.11666666666666667,0.34,NA,7.683333333333334,132.76666666666668,238.23333333333332,0.11,155,0.9436581382689168,36.5954,-93.31374,282.43333333333334,982.4
098,2026-05-28,2026-05-28T11:03:03Z,9.789333333333333,9.789333333333333,18.022666666666666,7.036666666666667,74.43333333333334,0.03333333333333333,0.13,0.2633333333333333,NA,7.673333333333333,133.1,238.2,0.11,155,0.9461531482489567,36.5954,-93.31374,282.9,982.3555555555556
098,2026-05-28,2026-05-28T11:03:06Z,9.844333333333333,9.844333333333333,17.961,7.006666666666667,74.03333333333333,-0.023333333333333334,0.14333333333333334,0.07,NA,7.666666666666667,133.46666666666667,238.16666666666666,0.11,155,0.9515060787515878,36.5954,-93.31374,282.8,982.4888888888888
098,2026-05-28,2026-05-28T11:03:09Z,9.949,9.949,17.877666666666666,6.98,73.63333333333333,0.07666666666666666,0.15333333333333332,0.023333333333333334,NA,7.653333333333333,133.8,238.43333333333334,0.11,155,0.9616222101252041,36.5954,-93.31374,282.6666666666667,982.3555555555556
098,2026-05-28,2026-05-28T11:03:12Z,9.994666666666667,9.994666666666667,17.835,6.953333333333333,73.23333333333333,-0.01,0.08,0.09999999999999999,NA,7.6466666666666665,134.13333333333333,238.5,0.11,155,0.9660225004536382,36.5954,-93.31374,282.5,982.4
098,2026-05-28,2026-05-28T11:03:15Z,10.118333333333332,10.118333333333332,17.779666666666667,6.92,72.8,0.03666666666666667,0.17,0.013333333333333332,NA,7.64,134.5,238.6,0.11,155,0.9780212302667393,36.5954,-93.31374,281.8,982.4
098,2026-05-28,2026-05-28T11:03:24Z,10.204,10.204,17.719,6.82,71.6,-0.01,0.10333333333333333,-0.09333333333333334,NA,7.63,135.43333333333334,238.8,0.11,155,0.9863228089275994,36.59539,-93.31374,281.3333333333333,982.4
098,2026-05-28,2026-05-28T11:03:27Z,10.252,10.252,17.689,6.796666666666667,71.4,-0.01,0.09333333333333334,-0.19333333333333333,NA,7.626666666666667,135.8,238.9,0.11,155,0.990949918345128,36.59539,-93.31374,281.03333333333336,982.4
098,2026-05-28,2026-05-28T11:03:30Z,10.356333333333334,10.356333333333334,17.610333333333333,6.783333333333333,71.13333333333333,0.04666666666666667,0.14333333333333334,-0.07333333333333333,NA,7.62,136.2,239.2,0.11,155.33333333333334,1.0010206859009254,36.59539,-93.31374,281.1,982.4444444444445
098,2026-05-28,2026-05-28T11:03:33Z,10.437000000000001,10.437000000000001,17.548666666666666,6.763333333333333,70.9,0.01,0.10666666666666667,-0.21666666666666667,NA,7.61,136.5,239.26666666666665,0.11,155.33333333333334,1.008891308292506,36.59539,-93.31374,280.6,982.4
098,2026-05-28,2026-05-28T11:03:36Z,10.541333333333332,10.541333333333332,17.457333333333334,6.743333333333333,70.5,0.016666666666666666,0.14,-0.22666666666666668,NA,7.6,136.8,239.53333333333333,0.11,156,1.018939393939394,36.59539,-93.31373333333333,280.76666666666665,982.4
098,2026-05-28,2026-05-28T11:03:39Z,10.633666666666667,10.633666666666667,17.360666666666667,6.69,69.8,0.0033333333333333335,0.09,-0.25666666666666665,NA,7.59,137.1,239.7,0.11,156,1.0278987479586283,36.59539,-93.31373,280.96666666666664,982.4444444444445
098,2026-05-28,2026-05-28T11:03:42Z,10.672,10.672,17.30166666666667,6.6433333333333335,69.23333333333333,0.026666666666666665,0.21666666666666667,-0.27,NA,7.58,137.46666666666667,239.83333333333334,0.11,156,1.0316412629286882,36.59539,-93.31373,280.8,982.4444444444445
098,2026-05-28,2026-05-28T11:03:45Z,10.721,10.721,17.24,6.6,68.66666666666667,-0.0033333333333333335,-0.009999999999999998,-0.37333333333333335,NA,7.57,137.8,239.86666666666667,0.11,156,1.036381781890764,36.59539,-93.31373,280.6,982.4888888888888
098,2026-05-28,2026-05-28T11:03:48Z,10.801,10.801,17.176333333333332,6.556666666666667,68.16666666666667,0.04666666666666667,0.12666666666666668,-0.32666666666666666,NA,7.56,138.13333333333333,239.96666666666667,0.11,156,1.0440936309199782,36.59538,-93.31373,280.53333333333336,982.4
098,2026-05-28,2026-05-28T11:03:51Z,10.880333333333333,10.880333333333333,17.113666666666667,6.53,67.8,0.013333333333333334,0.12,-0.3066666666666667,NA,7.556666666666667,138.5,240.26666666666668,0.11,156,1.051828161858102,36.59538,-93.31373,280.6,982.4
098,2026-05-28,2026-05-28T11:03:54Z,10.949,10.949,17.067,6.486666666666666,67.26666666666667,0.02,0.11333333333333333,-0.29333333333333333,NA,7.55,138.86666666666667,240.33333333333334,0.11,156,1.058473961168572,36.59538333333333,-93.31372666666667,280.6,982.4444444444445
098,2026-05-28,2026-05-28T11:03:57Z,10.998666666666667,10.998666666666667,16.999333333333333,6.466666666666667,67,-0.016666666666666666,0.11,-0.36333333333333334,NA,7.543333333333333,139.2,240.63333333333333,0.11,156,1.0632598439484666,36.59538666666667,-93.31372,280.5,982.4
098,2026-05-28,2026-05-28T11:04:00Z,11.107666666666667,11.107666666666667,16.949,6.4366666666666665,66.63333333333333,-0.003333333333333334,0.06666666666666667,-0.31333333333333335,NA,7.533333333333333,139.56666666666666,240.63333333333333,0.11,156,1.073761567773544,36.59538,-93.31372,280.46666666666664,982.4
098,2026-05-28,2026-05-28T11:04:03Z,11.238,11.238,16.906333333333333,6.413333333333333,66.3,-0.026666666666666665,0.006666666666666669,-0.27,NA,7.53,139.9,240.53333333333333,0.11,156,1.086418072945019,36.59538,-93.31372,280.4,982.4
098,2026-05-28,2026-05-28T11:04:06Z,11.315,11.315,16.862,6.383333333333334,65.93333333333334,0.03666666666666667,0.25666666666666665,-0.31333333333333335,NA,7.52,140.23333333333332,240.56666666666666,0.11,156,1.0938577390673199,36.59538,-93.31372,280.23333333333335,982.4
098,2026-05-28,2026-05-28T11:04:09Z,11.396333333333333,11.396333333333333,16.833,6.36,65.63333333333333,-0.013333333333333334,0.04,-0.23,NA,7.52,140.6,240.63333333333333,0.11,156,1.1017283614589004,36.59538,-93.31372,280.53333333333336,982.4
098,2026-05-28,2026-05-28T11:04:12Z,11.491333333333333,11.491333333333333,16.655666666666665,6.35,65.33333333333333,-0.02333333333333333,-0.010000000000000002,-0.23,NA,7.516666666666667,140.93333333333334,241.33333333333334,0.11333333333333333,157,1.1109372164761386,36.59538,-93.31372,280.96666666666664,982.4888888888888
098,2026-05-28,2026-05-28T11:04:15Z,11.564333333333334,11.564333333333334,16.551000000000002,6.336666666666667,64.96666666666667,0.02333333333333333,0.15333333333333335,-0.32333333333333336,NA,7.506666666666667,141.3,241.66666666666666,0.12,157,1.1180139720558881,36.59538,-93.31371,281.2,982.4
098,2026-05-28,2026-05-28T11:04:18Z,11.627666666666666,11.627666666666666,16.49833333333333,6.3,64.6,0.013333333333333334,0.07333333333333333,-0.30333333333333334,NA,7.5,141.66666666666666,241.63333333333333,0.12,157,1.1241834512792597,36.59538,-93.31371666666666,281.43333333333334,982.4
098,2026-05-28,2026-05-28T11:04:21Z,11.67,11.67,16.468,6.27,64.23333333333333,0.010000000000000004,0.07666666666666667,-0.43,NA,7.49,142,241.36666666666667,0.11333333333333333,157,1.128243512974052,36.59538,-93.31372,281.46666666666664,982.4444444444445
098,2026-05-28,2026-05-28T11:04:24Z,11.757333333333333,11.757333333333333,16.316333333333333,6.23,63.63333333333333,0.016666666666666666,0.08333333333333333,-0.22333333333333336,NA,7.48,142.36666666666667,241.93333333333334,0.12,157,1.1367265469061876,36.59537,-93.31371666666666,281.3666666666667,982.4
098,2026-05-28,2026-05-28T11:04:27Z,11.798,11.798,16.285,6.2,63.233333333333334,-0.03666666666666667,0.08333333333333334,-0.3333333333333333,NA,7.476666666666667,142.7,242,0.12,157,1.140695880965342,36.59537,-93.31372,281.6333333333333,982.4888888888888
098,2026-05-28,2026-05-28T11:04:30Z,11.843,11.843,16.272333333333332,6.163333333333333,62.833333333333336,0.03333333333333333,0.14,-0.36,NA,7.47,143.03333333333333,242.03333333333333,0.12,157,1.1450054436581383,36.59537,-93.31372,281.56666666666666,982.4
098,2026-05-28,2026-05-28T11:04:33Z,11.89,11.89,16.210333333333335,6.1433333333333335,62.56666666666667,-0.02666666666666667,0.10666666666666667,-0.35333333333333333,NA,7.47,143.46666666666667,242.3,0.12,157.33333333333334,1.149587189257848,36.59537,-93.31371,281.7,982.4
098,2026-05-28,2026-05-28T11:04:36Z,11.95,11.95,16.097666666666665,6.14,62.36666666666667,-0.013333333333333332,0.15333333333333335,-0.25,NA,7.463333333333333,143.83333333333334,242.73333333333335,0.12,158,1.1554391217564872,36.59537,-93.31371,282.0333333333333,982.4
098,2026-05-28,2026-05-28T11:04:39Z,11.974666666666668,11.974666666666668,16.063666666666666,6.13,62.2,0.0033333333333333335,0.06666666666666667,-0.32666666666666666,NA,7.46,144.13333333333333,242.6,0.12,158,1.1578207221919796,36.59537,-93.31371,282.1666666666667,982.4
098,2026-05-28,2026-05-28T11:04:42Z,12.002,12.002,16.083333333333332,6.096666666666667,61.9,0.07666666666666666,0.12333333333333334,-0.29,NA,7.453333333333333,144.56666666666666,242,0.12,157,1.1604291417165669,36.59537,-93.31371,282.23333333333335,982.4
098,2026-05-28,2026-05-28T11:04:45Z,12.050666666666666,12.050666666666666,15.977666666666666,6.083333333333333,61.7,-0.016666666666666666,0.13666666666666666,-0.3,NA,7.45,144.96666666666667,242.16666666666666,0.12,157,1.1651242968608237,36.59537,-93.31371,282.43333333333334,982.4
098,2026-05-28,2026-05-28T11:04:48Z,12.119,12.119,15.906,6.0633333333333335,61.4,-0.023333333333333334,0.03333333333333333,-0.32666666666666666,NA,7.443333333333333,145.33333333333334,242.16666666666666,0.12,157,1.1717700961712938,36.59536,-93.31371,282.43333333333334,982.4444444444445
098,2026-05-28,2026-05-28T11:04:51Z,12.204666666666666,12.204666666666666,15.842,6.04,61.06666666666667,0,0.09333333333333334,-0.24000000000000002,NA,7.4366666666666665,145.73333333333332,242.13333333333333,0.12,157,1.1801170386499729,36.59536,-93.31371,282.1333333333333,982.3555555555556
098,2026-05-28,2026-05-28T11:04:54Z,12.341,12.341,15.728666666666667,6.013333333333333,60.666666666666664,-0.05666666666666667,-1.734723475976807e-18,-0.32333333333333336,NA,7.43,146.13333333333333,242.23333333333332,0.12,157.33333333333334,1.1933179096352748,36.59536,-93.31371,281.8333333333333,982.4444444444445
098,2026-05-28,2026-05-28T11:04:57Z,12.443666666666667,12.443666666666667,15.632666666666667,5.993333333333333,60.3,0.023333333333333334,0.10333333333333333,-0.33666666666666667,NA,7.423333333333333,146.5,242.36666666666667,0.12,158,1.2032299038287062,36.59536,-93.31371,281.26666666666665,982.4
098,2026-05-28,2026-05-28T11:05:00Z,12.546333333333333,12.546333333333333,15.559666666666667,5.946666666666666,59.733333333333334,-0.03666666666666667,0.08333333333333334,-0.28,NA,7.416666666666667,146.9,242.5,0.12,158,1.213164579931047,36.59536,-93.31371,281.2,982.4
098,2026-05-28,2026-05-28T11:05:03Z,12.591,12.591,15.48,5.913333333333333,59.266666666666666,0.02,0.14333333333333334,-0.4066666666666667,NA,7.41,147.26666666666668,242.9,0.12,158,1.2174968245327527,36.59535666666667,-93.31371,281.06666666666666,982.4
098,2026-05-28,2026-05-28T11:05:06Z,12.628666666666666,12.628666666666666,15.463,5.87,58.86666666666667,0,0.03666666666666667,-0.39666666666666667,NA,7.41,147.66666666666666,242.9,0.12,158,1.2211712937760844,36.59535,-93.31371,280.93333333333334,982.4888888888888
098,2026-05-28,2026-05-28T11:05:09Z,12.695,12.695,15.36,5.85,58.53333333333333,0.0033333333333333335,0.14666666666666667,-0.27666666666666667,NA,7.4,148.03333333333333,243.06666666666666,0.12,158,1.2275902739974596,36.595353333333335,-93.31371,281,982.4
098,2026-05-28,2026-05-28T11:05:12Z,12.786333333333333,12.786333333333333,15.309000000000001,5.82,58.1,-0.01,0.15666666666666668,-0.25,NA,7.3966666666666665,148.46666666666667,243.16666666666666,0.12,158,1.2364362184721467,36.595353333333335,-93.31371,280.73333333333335,982.4
098,2026-05-28,2026-05-28T11:05:15Z,12.868333333333334,12.868333333333334,15.247666666666667,5.79,57.766666666666666,-0.0033333333333333327,0.11333333333333333,-0.31,NA,7.39,148.83333333333334,243.36666666666667,0.12,158,1.244352204681546,36.59535,-93.31371,280.76666666666665,982.4888888888888
098,2026-05-28,2026-05-28T11:05:18Z,12.96,12.96,15.219666666666667,5.76,57.46666666666667,0.04,0.03666666666666667,-0.33999999999999997,NA,7.383333333333333,149.23333333333332,243.43333333333334,0.12,158,1.253243512974052,36.59535,-93.31371,280.7,982.4444444444445
098,2026-05-28,2026-05-28T11:05:21Z,13.042,13.042,15.189333333333334,5.733333333333333,57.1,0.013333333333333332,0.17333333333333334,-0.19,NA,7.38,149.6,243.43333333333334,0.12,158,1.2612048630012702,36.59535,-93.31371,280.53333333333336,982.4
098,2026-05-28,2026-05-28T11:05:24Z,13.140333333333334,13.140333333333334,15.117333333333333,5.71,56.8,-0.04,0.08333333333333333,-0.4066666666666667,NA,7.376666666666667,149.96666666666667,243.73333333333332,0.12,158.33333333333334,1.2706859009254219,36.59535,-93.31370333333334,280.8,982.4
098,2026-05-28,2026-05-28T11:05:27Z,13.246333333333332,13.246333333333332,15.073333333333332,5.69,56.5,0.026666666666666665,0.0033333333333333335,-0.23,NA,7.37,150.4,243.8,0.12,158.33333333333334,1.2809608056614044,36.59535,-93.3137,280.96666666666664,982.4444444444445
098,2026-05-28,2026-05-28T11:05:30Z,13.345,13.345,14.939333333333334,5.68,56.33333333333333,0.006666666666666666,0.11,-0.31333333333333335,NA,7.366666666666667,150.73333333333332,244.33333333333334,0.12,159,1.2905098893122846,36.59535,-93.31369666666666,281.03333333333336,982.4
098,2026-05-28,2026-05-28T11:05:36Z,13.406666666666666,13.406666666666666,14.958,5.63,55.766666666666666,-0.0033333333333333335,0.12,-0.35,NA,7.36,151.6,243.7,0.12,158,1.2964979132643804,36.59535,-93.31369,281.3,982.4
098,2026-05-28,2026-05-28T11:05:39Z,13.509666666666666,13.509666666666666,14.774666666666667,5.616666666666667,55.5,0.02,0.16333333333333333,-0.4266666666666667,NA,7.3566666666666665,152.03333333333333,244.23333333333335,0.12,159,1.30647795318454,36.59535,-93.31369,281.23333333333335,982.4444444444445
098,2026-05-28,2026-05-28T11:05:42Z,13.590666666666666,13.590666666666666,14.474666666666668,5.633333333333333,55.3,-0.05,0.06666666666666667,-0.37,NA,7.35,152.4,245.70000000000002,0.12,159.66666666666666,1.3143939393939394,36.59535,-93.31369,281.2,982.4444444444445
098,2026-05-28,2026-05-28T11:05:45Z,13.657,13.657,14.361666666666666,5.626666666666667,55.03333333333333,0.013333333333333334,0.16333333333333333,-0.25666666666666665,NA,7.35,152.76666666666665,246.1,0.12,160,1.3208129196153149,36.59535,-93.31369,281.26666666666665,982.4444444444445
098,2026-05-28,2026-05-28T11:05:48Z,13.739666666666666,13.739666666666666,14.252333333333333,5.6066666666666665,54.766666666666666,-0.01,0.14333333333333334,-0.3,NA,7.35,153.2,245.96666666666667,0.12,160,1.328819633460352,36.59535,-93.31369,281,982.4
098,2026-05-28,2026-05-28T11:05:51Z,13.817333333333332,13.817333333333332,14.105333333333334,5.616666666666667,54.7,-5.788058472904386e-19,0.23333333333333334,-0.2833333333333333,NA,7.35,153.6,246.13333333333333,0.12,160,1.3363953910361095,36.59535,-93.31369,280.8,982.4888888888888
098,2026-05-28,2026-05-28T11:05:54Z,13.9,13.9,14.041666666666666,5.62,54.6,0.0033333333333333327,0.13333333333333333,-0.4066666666666667,NA,7.35,153.96666666666667,245.53333333333333,0.12,160,1.3443794229722374,36.59534666666667,-93.31369,280.8,982.4888888888888
098,2026-05-28,2026-05-28T11:05:57Z,14.014,14.014,13.965666666666667,5.626666666666667,54.6,0.03,0.23,-0.32666666666666666,NA,7.343333333333333,154.36666666666667,245.33333333333334,0.12,159,1.3554255126111414,36.59534,-93.31368333333333,280.9,982.4444444444445
098,2026-05-28,2026-05-28T11:06:00Z,14.092,14.092,13.923,5.64,54.66666666666667,-0.006666666666666667,0.14666666666666667,-0.4033333333333333,NA,7.34,154.8,245,0.12,159,1.3629332244601706,36.59534,-93.31368,280.6333333333333,982.4
098,2026-05-28,2026-05-28T11:06:03Z,14.18,14.18,13.742666666666667,5.64,54.5,0,0.03666666666666667,-0.2633333333333333,NA,7.34,155.2,245.2,0.12,159,1.371506986027944,36.59534,-93.31368,280.3,982.4444444444445
098,2026-05-28,2026-05-28T11:06:06Z,14.291333333333332,14.291333333333332,13.689666666666668,5.653333333333333,54.53333333333333,-0.013333333333333332,0.16333333333333333,-0.28,NA,7.34,155.5,244.93333333333334,0.12,159,1.3823262565777537,36.59534,-93.31368,280.26666666666665,982.4444444444445
098,2026-05-28,2026-05-28T11:06:09Z,14.406666666666666,14.406666666666666,13.573,5.68,54.66666666666667,0.016666666666666666,0.12666666666666668,-0.22333333333333333,NA,7.34,155.93333333333334,245.3,0.12,159.66666666666666,1.3934630738522955,36.59534,-93.31368,280.23333333333335,982.4444444444445
098,2026-05-28,2026-05-28T11:06:12Z,14.537666666666667,14.537666666666667,13.432333333333332,5.723333333333334,54.9,0.02,0.04,-0.2633333333333333,NA,7.34,156.33333333333334,245.36666666666667,0.12,159.66666666666666,1.4061649428415897,36.59534,-93.31368,279.93333333333334,982.4444444444445
098,2026-05-28,2026-05-28T11:06:15Z,14.656666666666666,14.656666666666666,13.368666666666666,5.743333333333333,55,0.006666666666666666,0.17333333333333334,-0.2,NA,7.34,156.8,245.1,0.12,159,1.4176646706586826,36.59534,-93.31368,279.8,982.4
098,2026-05-28,2026-05-28T11:06:18Z,14.758000000000001,14.758000000000001,13.269333333333334,5.756666666666667,55,0.0033333333333333335,0.06,-0.38666666666666666,NA,7.34,157.2,245.4,0.12,159.33333333333334,1.4275313010342952,36.59534,-93.31368,279.3,982.4
098,2026-05-28,2026-05-28T11:06:21Z,14.839666666666666,14.839666666666666,13.227333333333332,5.753333333333333,54.9,0.0033333333333333335,0.22666666666666668,-0.31333333333333335,NA,7.34,157.63333333333333,245.4,0.12,159.33333333333334,1.4353792415169662,36.59534,-93.31368,278.96666666666664,982.4
098,2026-05-28,2026-05-28T11:06:24Z,14.918333333333333,14.918333333333333,13.146,5.75,54.83333333333333,-0.0033333333333333335,0.05333333333333333,-0.3066666666666667,NA,7.34,158.1,245.53333333333333,0.12,160,1.4430003629105426,36.59534,-93.31368,278.73333333333335,982.4444444444445
098,2026-05-28,2026-05-28T11:06:27Z,14.989666666666666,14.989666666666666,13.104666666666667,5.75,54.7,0.013333333333333334,0.14,-0.2866666666666667,NA,7.34,158.5,245.63333333333333,0.12,160,1.4499410270368356,36.59534,-93.31368,278.46666666666664,982.4
098,2026-05-28,2026-05-28T11:06:30Z,15.092666666666666,15.092666666666666,13.099333333333334,5.736666666666667,54.6,-0.016666666666666666,0.11,-0.3433333333333333,NA,7.34,158.93333333333334,245.6,0.12,160,1.4598757031391763,36.59534,-93.31367333333334,278.46666666666664,982.4
098,2026-05-28,2026-05-28T11:06:33Z,15.156666666666666,15.156666666666666,12.992666666666667,5.756666666666667,54.66666666666667,0.02,0.15666666666666668,-0.35333333333333333,NA,7.34,159.36666666666667,245.73333333333332,0.12,160,1.4661359099981854,36.59534,-93.31367,278.3333333333333,982.4888888888888
098,2026-05-28,2026-05-28T11:06:36Z,15.238333333333333,15.238333333333333,12.896333333333333,5.783333333333333,54.83333333333333,0.0033333333333333335,0.12666666666666668,-0.36333333333333334,NA,7.34,159.8,245.8,0.12,160,1.4740518962075848,36.59534,-93.31367,278.3333333333333,982.4
098,2026-05-28,2026-05-28T11:06:39Z,15.350333333333333,15.350333333333333,12.768,5.806666666666667,54.9,0.02,0.17333333333333334,-0.26,NA,7.34,160.2,246.3,0.12,160,1.484893848666304,36.59534,-93.31367,277.96666666666664,982.4
098,2026-05-28,2026-05-28T11:06:42Z,15.488333333333333,15.488333333333333,12.594666666666667,5.833333333333333,54.9,0.026666666666666665,0.11333333333333333,-0.2833333333333333,NA,7.34,160.63333333333333,246.56666666666666,0.12,160.33333333333334,1.4983215387407005,36.59534,-93.31367,277.73333333333335,982.4444444444445
098,2026-05-28,2026-05-28T11:06:45Z,15.593333333333334,15.593333333333334,12.546666666666667,5.846666666666667,54.96666666666667,-0.003333333333333334,0.08333333333333333,-0.25,NA,7.34,161.03333333333333,245.93333333333334,0.12,160,1.5084603520232263,36.59534,-93.31367,277.7,982.4
098,2026-05-28,2026-05-28T11:06:48Z,15.719999999999999,15.719999999999999,12.486666666666666,5.873333333333333,55.13333333333333,0.030000000000000002,0.1,-0.34,NA,7.34,161.46666666666667,245.83333333333334,0.12,160,1.5207085828343314,36.59534,-93.31367,277.56666666666666,982.4888888888888
098,2026-05-28,2026-05-28T11:06:51Z,15.860333333333333,15.860333333333333,12.413666666666666,5.8966666666666665,55.233333333333334,-0.01,0.18666666666666668,-0.44666666666666666,NA,7.34,161.86666666666667,245.76666666666668,0.12,160,1.5343177281800036,36.59533,-93.31367,277.1666666666667,982.4444444444445
098,2026-05-28,2026-05-28T11:06:54Z,15.975333333333333,15.975333333333333,12.356666666666667,5.916666666666667,55.36666666666667,-0.030000000000000002,0.08666666666666667,-0.43333333333333335,NA,7.34,162.36666666666667,245.9,0.12,160,1.5454999092723645,36.59533,-93.31367,277.03333333333336,982.4444444444445
098,2026-05-28,2026-05-28T11:06:57Z,16.06533333333333,16.06533333333333,12.359,5.926666666666667,55.46666666666667,0.023333333333333334,0.24000000000000002,-0.38666666666666666,NA,7.34,162.73333333333332,245.76666666666668,0.12,160,1.5541417165668663,36.59533,-93.31367,277.26666666666665,982.5333333333333
098,2026-05-28,2026-05-28T11:07:00Z,16.166999999999998,16.166999999999998,12.325333333333333,5.9366666666666665,55.56666666666667,-0.02,0.12,-0.47333333333333333,NA,7.34,163.16666666666666,245.6,0.12,160,1.5640083469424786,36.59533,-93.31367,277.5,982.4
098,2026-05-28,2026-05-28T11:07:03Z,16.246,16.246,12.128333333333334,5.98,55.733333333333334,0.023333333333333334,0.10333333333333333,-0.33,NA,7.34,163.63333333333333,245.66666666666666,0.12,160,1.571674832153874,36.59533,-93.31367,277.8333333333333,982.4
098,2026-05-28,2026-05-28T11:07:09Z,16.333666666666666,16.333666666666666,12.136333333333333,6.043333333333333,56.3,-0.023333333333333334,0.18,-0.27,NA,7.34,164.46666666666667,245.2,0.12,159,1.5801578660860098,36.59533,-93.31367,277.96666666666664,982.4444444444445
098,2026-05-28,2026-05-28T11:07:12Z,16.393,16.393,12.015333333333333,6.07,56.4,0,0.22666666666666666,-0.37666666666666665,NA,7.34,164.9,245.23333333333332,0.12,159,1.5858963890401017,36.59533,-93.31367,277.8666666666667,982.4888888888888
098,2026-05-28,2026-05-28T11:07:15Z,16.486333333333334,16.486333333333334,11.961666666666668,6.096666666666667,56.56666666666667,-0.026666666666666665,0.16333333333333333,-0.3133333333333333,NA,7.34,165.36666666666667,245.33333333333334,0.12,159.33333333333334,1.5949464706949736,36.59533,-93.31367,277.93333333333334,982.4
098,2026-05-28,2026-05-28T11:07:18Z,16.560666666666666,16.560666666666666,11.967333333333332,6.113333333333333,56.733333333333334,0.02,0.22333333333333333,-0.2833333333333333,NA,7.34,165.76666666666668,245,0.12,159,1.60215931772818,36.59533,-93.31367,278.1333333333333,982.4
098,2026-05-28,2026-05-28T11:07:21Z,16.639666666666667,16.639666666666667,11.936333333333334,6.123333333333333,56.8,-0.03333333333333333,0.15333333333333335,-0.33999999999999997,NA,7.34,166.23333333333332,245.06666666666666,0.12,159,1.6097804391217565,36.59533,-93.31367,278.1666666666667,982.5333333333333
098,2026-05-28,2026-05-28T11:07:24Z,16.712666666666667,16.712666666666667,11.824666666666667,6.1466666666666665,56.86666666666667,0.0033333333333333335,0.16,-0.24666666666666667,NA,7.34,166.7,245.2,0.12,159,1.616902558519325,36.59533,-93.31367,278.3666666666667,982.4888888888888
098,2026-05-28,2026-05-28T11:07:27Z,16.759333333333334,16.759333333333334,11.79,6.16,56.93333333333333,0.023333333333333334,0.16666666666666669,-0.33,NA,7.34,167.13333333333333,245.23333333333332,0.12,159,1.6214162583923064,36.59533,-93.31367,278.4,982.4
098,2026-05-28,2026-05-28T11:07:30Z,16.784666666666666,16.784666666666666,11.767333333333333,6.176666666666667,57.1,0.016666666666666666,0.2,-0.34,NA,7.34,167.53333333333333,245.26666666666668,0.12,159,1.6238432226456179,36.59533,-93.31367,278.73333333333335,982.4444444444445
098,2026-05-28,2026-05-28T11:07:33Z,16.845333333333333,16.845333333333333,11.675,6.183333333333334,57,0.01,0.11,-0.37666666666666665,NA,7.33,168.06666666666666,245.4,0.12,159.66666666666666,1.629740518962076,36.59533,-93.31367,278.9,982.4444444444445
098,2026-05-28,2026-05-28T11:07:36Z,16.884333333333334,16.884333333333334,11.612,6.19,56.96666666666667,0.0033333333333333335,0.22,-0.43333333333333335,NA,7.33,168.46666666666667,245.36666666666667,0.12,159.33333333333334,1.6335057158410453,36.59533,-93.31367,278.9,982.4444444444445
098,2026-05-28,2026-05-28T11:07:39Z,16.96,16.96,11.496,6.2,56.93333333333333,-0.003333333333333334,0.20666666666666667,-0.4166666666666667,NA,7.33,168.9,245.76666666666668,0.12,160,1.6408319724187987,36.59533,-93.31367,279.06666666666666,982.4
098,2026-05-28,2026-05-28T11:07:42Z,17.024333333333335,17.024333333333335,11.417333333333334,6.22,56.96666666666667,-0.02,0.17333333333333334,-0.3933333333333333,NA,7.34,169.33333333333334,245.76666666666665,0.12,160,1.6470921792778082,36.595326666666665,-93.31367,279.06666666666666,982.4
098,2026-05-28,2026-05-28T11:07:48Z,17.095,17.095,11.396666666666667,6.233333333333333,57.1,0.043333333333333335,0.22666666666666668,-0.32666666666666666,NA,7.34,170.2,245.76666666666668,0.12,160,1.6539194338595538,36.59532,-93.31367,279.23333333333335,982.4
098,2026-05-28,2026-05-28T11:07:51Z,17.150666666666666,17.150666666666666,11.325333333333333,6.236666666666667,57.06666666666667,-0.006666666666666667,0.14666666666666667,-0.32,NA,7.34,170.6,245.9,0.12,160,1.659340410088913,36.59532,-93.31367,279.56666666666666,982.4
098,2026-05-28,2026-05-28T11:07:54Z,17.215666666666667,17.215666666666667,11.229,6.26,57.16666666666667,0.043333333333333335,0.16333333333333333,-0.39,NA,7.34,171.13333333333333,246.2,0.12,160,1.6656459807657413,36.59532,-93.31367,279.93333333333334,982.4444444444445
098,2026-05-28,2026-05-28T11:07:57Z,17.265,17.265,11.205,6.27,57.2,-0.02,0.14666666666666667,-0.2533333333333333,NA,7.34,171.53333333333333,246.03333333333333,0.12,160,1.6704091816367266,36.59532333333333,-93.31367,280.06666666666666,982.4
098,2026-05-28,2026-05-28T11:08:00Z,17.329,17.329,11.138666666666667,6.286666666666667,57.233333333333334,0.02666666666666667,0.2633333333333333,-0.3466666666666667,NA,7.34,171.93333333333334,246.1,0.12,160,1.676624024677917,36.595326666666665,-93.31366333333334,280.1333333333333,982.4
098,2026-05-28,2026-05-28T11:08:03Z,17.394666666666666,17.394666666666666,11.097,6.293333333333333,57.3,-0.01,0.15,-0.3433333333333333,NA,7.34,172.33333333333334,245.73333333333332,0.12,160,1.682974959172564,36.59532,-93.31367,279.53333333333336,982.4
098,2026-05-28,2026-05-28T11:08:06Z,17.443,17.443,11.052,6.31,57.3,0.006666666666666667,0.17666666666666667,-0.26666666666666666,NA,7.346666666666667,172.8,245.76666666666665,0.12,160,1.687670114316821,36.59532,-93.31366,279.76666666666665,982.4
098,2026-05-28,2026-05-28T11:08:09Z,17.518,17.518,11.009666666666666,6.316666666666666,57.33333333333333,0,0.13333333333333333,-0.35333333333333333,NA,7.35,173.23333333333332,245.5,0.12,160,1.6949510070767557,36.59532,-93.31366,279.6666666666667,982.4444444444445
098,2026-05-28,2026-05-28T11:08:12Z,17.593666666666667,17.593666666666667,10.951,6.333333333333333,57.43333333333333,-0.026666666666666665,0.12666666666666668,-0.3466666666666667,NA,7.35,173.66666666666666,245.26666666666665,0.12,159,1.7022999455634187,36.59532,-93.31366,279.6666666666667,982.4
098,2026-05-28,2026-05-28T11:08:18Z,17.687333333333335,17.687333333333335,10.869333333333334,6.383333333333333,57.766666666666666,-0.023333333333333334,0.20333333333333334,-0.43333333333333335,NA,7.35,174.46666666666667,245.23333333333332,0.12,159,1.7113500272182909,36.59532,-93.31366,279.9,982.4
098,2026-05-28,2026-05-28T11:08:21Z,17.708333333333332,17.708333333333332,10.837666666666667,6.41,57.93333333333333,-0.01,0.17333333333333334,-0.36333333333333334,NA,7.35,174.93333333333334,245.43333333333334,0.12,160,1.7133687171112322,36.59532,-93.31366,279.9666666666667,982.4
098,2026-05-28,2026-05-28T11:08:24Z,17.749333333333333,17.749333333333333,10.831,6.426666666666667,58.1,0.006666666666666666,0.27,-0.3333333333333333,NA,7.35,175.4,245.16666666666666,0.12,159,1.7173380511703866,36.59532,-93.31366,280.2,982.4
098,2026-05-28,2026-05-28T11:08:27Z,17.808,17.808,10.792,6.45,58.233333333333334,-0.026666666666666665,0.16,-0.38,NA,7.35,175.8,245.03333333333333,0.12,159,1.723053892215569,36.59532333333333,-93.31366,280.56666666666666,982.4444444444445
098,2026-05-28,2026-05-28T11:08:30Z,17.869,17.869,10.766333333333334,6.47,58.36666666666667,0.016666666666666666,0.2833333333333333,-0.26,NA,7.35,176.23333333333332,244.86666666666667,0.12,159,1.7289285066231175,36.59532,-93.31366333333334,280.93333333333334,982.4444444444445
098,2026-05-28,2026-05-28T11:08:33Z,17.945666666666668,17.945666666666668,10.741,6.483333333333333,58.5,0.006666666666666667,0.21333333333333335,-0.31333333333333335,NA,7.35,176.76666666666668,244.7,0.12,159,1.7363908546543279,36.59532,-93.31367,280.93333333333334,982.4
098,2026-05-28,2026-05-28T11:08:36Z,17.967,17.967,10.761000000000001,6.49,58.6,-0.020000000000000004,0.23,-0.3566666666666667,NA,7.35,177.1,244.43333333333334,0.12,159,1.7384322264561785,36.59532,-93.31366666666666,280.6333333333333,982.4
098,2026-05-28,2026-05-28T11:08:39Z,17.995,17.995,10.74,6.503333333333333,58.66666666666667,-0.0033333333333333335,0.21666666666666667,-0.32666666666666666,NA,7.35,177.53333333333333,244.46666666666667,0.12,159,1.7411313736164036,36.59532,-93.31366333333334,281.0333333333333,982.4
098,2026-05-28,2026-05-28T11:08:42Z,18.046333333333333,18.046333333333333,10.692333333333334,6.523333333333333,58.8,-0.013333333333333334,0.12666666666666668,-0.44666666666666666,NA,7.35,178,244.83333333333334,0.12,159,1.746098711667574,36.59531666666667,-93.31367,281.6,982.4
098,2026-05-28,2026-05-28T11:08:45Z,18.104,18.104,10.651666666666666,6.543333333333333,58.9,5.788058472904386e-19,0.2066666666666667,-0.23333333333333334,NA,7.35,178.4,245.03333333333333,0.12,159,1.751701143168209,36.59531666666667,-93.31366,281.8666666666667,982.4888888888888
098,2026-05-28,2026-05-28T11:08:48Z,18.142,18.142,10.61,6.556666666666667,58.96666666666667,-0.026666666666666665,0.11666666666666667,-0.2633333333333333,NA,7.35,178.8,245.13333333333333,0.12,159,1.7553756124115405,36.59532,-93.31366,282.4,982.4888888888888
098,2026-05-28,2026-05-28T11:08:51Z,18.180333333333333,18.180333333333333,10.619666666666667,6.5633333333333335,59.06666666666667,0.03,0.15666666666666668,-0.3,NA,7.35,179.23333333333332,244.86666666666667,0.12,159,1.759095445472691,36.59532,-93.31366,282.73333333333335,982.4
098,2026-05-28,2026-05-28T11:08:54Z,18.239333333333335,18.239333333333335,10.578333333333333,6.57,59.06666666666667,-0.016666666666666666,0.09666666666666666,-0.37666666666666665,NA,7.35,179.63333333333333,245.06666666666666,0.12,159,1.7647659227000545,36.59532,-93.31366,283.06666666666666,982.4444444444445
098,2026-05-28,2026-05-28T11:08:57Z,18.290666666666667,18.290666666666667,10.553333333333333,6.576666666666667,59.06666666666667,0.049999999999999996,0.21666666666666667,-0.4766666666666667,NA,7.35,180.06666666666666,245.03333333333333,0.12,159,1.7698013064779532,36.59532,-93.31366666666666,283.1666666666667,982.4
098,2026-05-28,2026-05-28T11:09:00Z,18.360666666666667,18.360666666666667,10.530333333333333,6.573333333333333,59,0.013333333333333332,0.22333333333333333,-0.27666666666666667,NA,7.35,180.46666666666667,244.96666666666667,0.12,159,1.7765378334240611,36.59532,-93.31367,282.96666666666664,982.4
098,2026-05-28,2026-05-28T11:09:03Z,18.41,18.41,10.508333333333335,6.58,59,0.016666666666666666,0.11333333333333333,-0.36666666666666664,NA,7.35,180.9,245,0.12,159,1.7813237162039557,36.59532,-93.31367,283.1333333333333,982.4
098,2026-05-28,2026-05-28T11:09:06Z,18.448333333333334,18.448333333333334,10.483666666666666,6.58,59,-0.02,0.24000000000000002,-0.31,NA,7.35,181.26666666666668,245.03333333333333,0.12,159,1.7850208673561967,36.59532,-93.31366333333334,282.96666666666664,982.4
098,2026-05-28,2026-05-28T11:09:09Z,18.497333333333334,18.497333333333334,10.459333333333333,6.586666666666667,59,-0.030000000000000002,0.24,-0.31,NA,7.35,181.7,244.96666666666667,0.12,159,1.7898067501360915,36.59532,-93.31366,282.7,982.4444444444445
098,2026-05-28,2026-05-28T11:09:12Z,18.597666666666665,18.597666666666665,10.437666666666667,6.59,59,-0.03666666666666667,0.15,-0.37666666666666665,NA,7.3566666666666665,182.1,245,0.12,159,1.7994919252404282,36.59532,-93.31366,282.73333333333335,982.4
098,2026-05-28,2026-05-28T11:09:15Z,18.66433333333333,18.66433333333333,10.42,6.59,59,0.016666666666666666,0.24333333333333332,-0.27666666666666667,NA,7.36,182.5,245.2,0.12,159,1.8059562692796227,36.59532,-93.31366,282.6333333333333,982.4888888888888
098,2026-05-28,2026-05-28T11:09:18Z,18.725666666666665,18.725666666666665,10.389666666666667,6.6,59,-0.023333333333333334,0.19333333333333333,-0.36666666666666664,NA,7.36,182.9,245.16666666666666,0.12,159,1.8118989294138996,36.59531333333333,-93.31366333333334,282.46666666666664,982.4888888888888
098,2026-05-28,2026-05-28T11:09:21Z,18.80366666666667,18.80366666666667,10.356,6.6,59.03333333333333,-0.006666666666666666,0.26666666666666666,-0.29333333333333333,NA,7.36,183.26666666666668,245.3,0.12,159,1.819474686989657,36.59531,-93.31366,282.56666666666666,982.4888888888888
098,2026-05-28,2026-05-28T11:09:24Z,18.854666666666667,18.854666666666667,10.328333333333333,6.61,59.06666666666667,-0.013333333333333332,0.20666666666666667,-0.3433333333333333,NA,7.36,183.63333333333333,245.33333333333334,0.12,159.33333333333334,1.8243966612230087,36.59531,-93.31366,282.3666666666667,982.4
098,2026-05-28,2026-05-28T11:09:30Z,18.914,18.914,10.296333333333333,6.613333333333333,59.1,0.02,0.27,-0.33666666666666667,NA,7.37,184.46666666666667,244.9,0.12,159,1.8301351841771003,36.59531,-93.31367,282.56666666666666,982.4
098,2026-05-28,2026-05-28T11:09:33Z,18.97,18.97,10.272333333333334,6.633333333333333,59.16666666666667,-0.03333333333333333,0.24333333333333335,-0.32666666666666666,NA,7.37,184.83333333333334,244.96666666666667,0.12,159,1.8355334784975503,36.59531,-93.31367,282.43333333333334,982.4444444444445
098,2026-05-28,2026-05-28T11:09:36Z,19.022000000000002,19.022000000000002,10.264666666666667,6.6433333333333335,59.266666666666666,0.05,0.29333333333333333,-0.32333333333333336,NA,7.37,185.26666666666668,244.9,0.12,159,1.8406369080021776,36.59531,-93.31367,282.1333333333333,982.4
098,2026-05-28,2026-05-28T11:09:39Z,19.043666666666667,19.043666666666667,10.254,6.653333333333333,59.33333333333333,-0.013333333333333334,0.25,-0.36333333333333334,NA,7.37,185.6,244.9,0.12,159,1.8427009617129377,36.59531,-93.31366666666666,282.2,982.4444444444445
098,2026-05-28,2026-05-28T11:09:42Z,19.110666666666667,19.110666666666667,10.246,6.66,59.4,-0.030000000000000002,0.13,-0.42,NA,7.37,186,244.93333333333334,0.12,159,1.849210669569951,36.59531,-93.31366,282.2,982.4
098,2026-05-28,2026-05-28T11:09:45Z,19.185000000000002,19.185000000000002,10.233666666666666,6.66,59.4,-0.02,0.19999999999999998,-0.44,NA,7.37,186.4,244.9,0.12,159,1.8563327889675194,36.59531333333333,-93.31366,282.06666666666666,982.4
098,2026-05-28,2026-05-28T11:09:48Z,19.231666666666666,19.231666666666666,10.221333333333334,6.66,59.36666666666667,-0.05,0.21333333333333332,-0.36333333333333334,NA,7.37,186.73333333333332,245.16666666666666,0.12,159,1.8608918526583198,36.59532,-93.31366,281.8,982.4888888888888
098,2026-05-28,2026-05-28T11:09:51Z,19.302333333333333,19.302333333333333,10.204333333333334,6.656666666666667,59.266666666666666,-0.0033333333333333335,0.2,-0.38666666666666666,NA,7.37,187.1,245.2,0.12,159,1.867741789148975,36.59532,-93.31366,281.46666666666664,982.4444444444445
098,2026-05-28,2026-05-28T11:09:54Z,19.358666666666668,19.358666666666668,10.194,6.65,59.2,-0.03333333333333333,0.22333333333333333,-0.35333333333333333,NA,7.37,187.46666666666667,245.26666666666668,0.12,159,1.873208129196153,36.59532,-93.31366,281.3333333333333,982.4
098,2026-05-28,2026-05-28T11:09:57Z,19.418333333333333,19.418333333333333,10.186666666666667,6.65,59.2,0.016666666666666666,0.16,-0.35333333333333333,NA,7.37,187.9,245.23333333333332,0.12,159,1.8789693340591545,36.59531333333333,-93.31366,281.3,982.4
098,2026-05-28,2026-05-28T11:10:00Z,19.488,19.488,10.171333333333333,6.65,59.2,-0.04666666666666667,0.15333333333333332,-0.37,NA,7.37,188.3,245.13333333333333,0.12,159,1.8857058610052622,36.59531,-93.31366,281.0333333333333,982.4
098,2026-05-28,2026-05-28T11:10:03Z,19.534333333333333,19.534333333333333,10.171666666666667,6.65,59.2,-0.04,0.25333333333333335,-0.30333333333333334,NA,7.373333333333333,188.6,245.13333333333333,0.12,159,1.8901968789693342,36.59531,-93.31366,280.8333333333333,982.4
098,2026-05-28,2026-05-28T11:10:12Z,19.608333333333334,19.608333333333334,10.155666666666667,6.62,58.9,-0.006666666666666667,0.24,-0.38,NA,7.38,189.76666666666668,245.23333333333332,0.12,159.33333333333334,1.8973643621847214,36.59532,-93.31365,279.8666666666667,982.3555555555556
098,2026-05-28,2026-05-28T11:10:15Z,19.649333333333335,19.649333333333335,10.139666666666667,6.616666666666667,58.83333333333333,0.016666666666666666,0.2966666666666667,-0.29333333333333333,NA,7.38,190.2,245.53333333333333,0.12,160,1.9013110143349665,36.59531666666667,-93.31365,279.53333333333336,982.3555555555556
098,2026-05-28,2026-05-28T11:10:18Z,19.688666666666666,19.688666666666666,10.135666666666667,6.6066666666666665,58.733333333333334,-0.006666666666666667,0.18,-0.33,NA,7.38,190.53333333333333,245.66666666666666,0.12,160,1.9051215750317547,36.59531,-93.31365,279.93333333333334,982.4
098,2026-05-28,2026-05-28T11:10:21Z,19.739,19.739,10.123666666666667,6.586666666666667,58.56666666666667,-0.02666666666666667,0.23666666666666666,-0.32666666666666666,NA,7.373333333333333,190.93333333333334,245.83333333333334,0.12,160,1.9099981854472874,36.59531,-93.31365,280.1,982.4
098,2026-05-28,2026-05-28T11:10:24Z,19.81233333333333,19.81233333333333,10.112,6.57,58.4,0.016666666666666666,0.20666666666666667,-0.3433333333333333,NA,7.37,191.3,246,0.12,160,1.917074941027037,36.59531,-93.31365,280.43333333333334,982.4444444444445
098,2026-05-28,2026-05-28T11:10:27Z,19.891000000000002,19.891000000000002,10.103333333333333,6.546666666666667,58.16666666666667,0.010000000000000002,0.24666666666666667,-0.45666666666666667,NA,7.37,191.63333333333333,246.33333333333334,0.12,160,1.9247187443295228,36.59531,-93.31364666666667,280.6666666666667,982.4
098,2026-05-28,2026-05-28T11:10:30Z,19.981666666666666,19.981666666666666,10.092666666666666,6.523333333333333,57.96666666666667,0.009999999999999998,0.25333333333333335,-0.30333333333333334,NA,7.37,192,246.3,0.12,160,1.933473961168572,36.595303333333334,-93.31364,280.8,982.4
098,2026-05-28,2026-05-28T11:10:33Z,20.050333333333334,20.050333333333334,10.078666666666667,6.506666666666667,57.83333333333333,-0.02,0.25,-0.27666666666666667,NA,7.37,192.4,246.53333333333333,0.12,160,1.9401197604790419,36.5953,-93.31364,280.8666666666667,982.4
098,2026-05-28,2026-05-28T11:10:36Z,20.098666666666666,20.098666666666666,10.067,6.493333333333333,57.63333333333333,-0.026666666666666665,0.19,-0.43,NA,7.37,192.7,246.5,0.12,160,1.9448375975322083,36.5953,-93.31364,281.03333333333336,982.4444444444445
098,2026-05-28,2026-05-28T11:10:39Z,20.163666666666668,20.163666666666668,10.055,6.483333333333333,57.53333333333333,0.023333333333333334,0.33333333333333337,-0.41,NA,7.37,193.06666666666666,246.53333333333333,0.12,160,1.951120486300127,36.5953,-93.31364,281.1333333333333,982.4
098,2026-05-28,2026-05-28T11:10:42Z,20.198666666666668,20.198666666666668,10.054666666666666,6.473333333333334,57.46666666666667,-0.03,0.29333333333333333,-0.4433333333333333,NA,7.37,193.5,246.6,0.12,160,1.9545000907276358,36.59529333333333,-93.31364,281,982.4
098,2026-05-28,2026-05-28T11:10:45Z,20.270666666666667,20.270666666666667,10.045666666666666,6.46,57.33333333333333,-0.02,0.16666666666666669,-0.43666666666666665,NA,7.37,193.8,246.6,0.12,160,1.961463436762838,36.59529,-93.31364,281.1666666666667,982.4
098,2026-05-28,2026-05-28T11:10:48Z,20.314666666666668,20.314666666666668,10.040666666666667,6.456666666666667,57.3,0.03,0.23666666666666666,-0.42333333333333334,NA,7.37,194.16666666666666,246.7,0.12,160,1.965704953728906,36.59529,-93.31364,281,982.4
098,2026-05-28,2026-05-28T11:10:51Z,20.36766666666667,20.36766666666667,10.032,6.45,57.233333333333334,0.013333333333333332,0.2733333333333333,-0.32666666666666666,NA,7.373333333333333,194.5,246.6,0.12,160,1.9708991108691707,36.59529,-93.31364,281.03333333333336,982.4
098,2026-05-28,2026-05-28T11:10:54Z,20.415666666666667,20.415666666666667,10.023666666666667,6.45,57.2,-0.016666666666666666,0.16666666666666666,-0.3833333333333333,NA,7.38,194.9,246.6,0.12,160,1.97550353837779,36.59529,-93.31364,281.1,982.4
098,2026-05-28,2026-05-28T11:10:57Z,20.49266666666667,20.49266666666667,10.014333333333333,6.46,57.3,0.013333333333333332,0.22333333333333333,-0.35,NA,7.38,195.2,246.43333333333334,0.12,160,1.9829658864090003,36.59529,-93.31364,281.2,982.4444444444445
098,2026-05-28,2026-05-28T11:11:00Z,20.574333333333335,20.574333333333335,9.983,6.466666666666667,57.3,0.0033333333333333335,0.16,-0.3666666666666667,NA,7.38,195.5,246.36666666666667,0.12,160,1.9908591907094901,36.59529,-93.31364,281.2,982.4
098,2026-05-28,2026-05-28T11:11:03Z,20.661,20.661,9.966333333333333,6.476666666666667,57.4,0.006666666666666667,0.21,-0.33666666666666667,NA,7.38,195.9,246.43333333333334,0.12,160,1.999251497005988,36.59528,-93.31364,281.1,982.4
098,2026-05-28,2026-05-28T11:11:06Z,20.713333333333335,20.713333333333335,9.959666666666667,6.486666666666667,57.43333333333333,1.1570470059493743e-18,0.18333333333333335,-0.41,NA,7.38,196.2,246.16666666666666,0.12,160,2.004354926510615,36.59528,-93.31364,281.03333333333336,982.4
098,2026-05-28,2026-05-28T11:11:09Z,20.786666666666665,20.786666666666665,9.936,6.496666666666667,57.5,-0.02666666666666667,0.2833333333333333,-0.43666666666666665,NA,7.38,196.53333333333333,246.16666666666666,0.12,160,2.0113863182725455,36.59528,-93.31364,280.8,982.4
098,2026-05-28,2026-05-28T11:11:12Z,20.807333333333332,20.807333333333332,9.927333333333333,6.51,57.6,0.03333333333333333,0.25,-0.32333333333333336,NA,7.38,196.93333333333334,246.1,0.12,160,2.013427690074397,36.59528,-93.31364,280.7,982.4
098,2026-05-28,2026-05-28T11:11:15Z,20.835,20.835,9.924666666666667,6.516666666666667,57.7,-0.02,0.22,-0.45666666666666667,NA,7.38,197.3,246.03333333333333,0.12,160,2.016104155325712,36.59528,-93.31364,280.6,982.4444444444445
098,2026-05-28,2026-05-28T11:11:18Z,20.880666666666666,20.880666666666666,9.917666666666666,6.53,57.766666666666666,-0.02,0.29,-0.4066666666666667,NA,7.38,197.6,245.83333333333334,0.12,160,2.020527127563056,36.59528,-93.31364,280.53333333333336,982.4
098,2026-05-28,2026-05-28T11:11:21Z,20.930333333333333,20.930333333333333,9.912666666666667,6.533333333333333,57.8,0.006666666666666667,0.12666666666666668,-0.4,NA,7.38,197.9,245.8,0.12,160,2.02531301034295,36.59528666666667,-93.31364,280.6333333333333,982.4
098,2026-05-28,2026-05-28T11:11:27Z,20.994666666666667,20.994666666666667,9.901333333333334,6.54,57.9,0.01,0.25666666666666665,-0.35333333333333333,NA,7.38,198.6,245.93333333333334,0.12,160,2.0315505352930505,36.59529,-93.31364,280.53333333333336,982.4444444444445
098,2026-05-28,2026-05-28T11:11:30Z,21.051666666666666,21.051666666666666,9.888666666666667,6.54,57.9,-0.04666666666666667,0.25,-0.3433333333333333,NA,7.38,198.93333333333334,246.03333333333333,0.12,160,2.0370622391580477,36.59529,-93.31364,280.6333333333333,982.4444444444445
098,2026-05-28,2026-05-28T11:11:33Z,21.080666666666666,21.080666666666666,9.883333333333333,6.536666666666667,57.83333333333333,-0.006666666666666667,0.24333333333333335,-0.44666666666666666,NA,7.38,199.33333333333334,246.1,0.12,160,2.03987479586282,36.59529,-93.31363666666667,280.76666666666665,982.4444444444445
098,2026-05-28,2026-05-28T11:11:36Z,21.110666666666667,21.110666666666667,9.881,6.526666666666666,57.7,0.01,0.30333333333333334,-0.37666666666666665,NA,7.38,199.7,246.13333333333333,0.12,160,2.04277808020323,36.59529,-93.31363,280.93333333333334,982.4
098,2026-05-28,2026-05-28T11:11:39Z,21.191333333333333,21.191333333333333,9.871333333333332,6.513333333333333,57.56666666666667,-0.0033333333333333335,0.20666666666666667,-0.3566666666666667,NA,7.38,200,246.33333333333334,0.12,160,2.0505806568680818,36.59529,-93.31363,281.06666666666666,982.4
098,2026-05-28,2026-05-28T11:11:42Z,21.221666666666668,21.221666666666668,9.869333333333334,6.496666666666667,57.4,-0.0033333333333333335,0.26666666666666666,-0.3933333333333333,NA,7.38,200.3,246.33333333333334,0.12,160,2.053529305026311,36.59529,-93.31363,280.96666666666664,982.4
098,2026-05-28,2026-05-28T11:11:45Z,21.251666666666665,21.251666666666665,9.866,6.48,57.266666666666666,0.006666666666666667,0.2866666666666667,-0.3,NA,7.38,200.6,246.56666666666666,0.12,160,2.0564325893667212,36.59529,-93.31363,280.8,982.4444444444445
098,2026-05-28,2026-05-28T11:11:48Z,21.285666666666668,21.285666666666668,9.859,6.47,57.16666666666667,-0.05,0.24,-0.3466666666666667,NA,7.38,201,246.53333333333333,0.12,160,2.0597214661585923,36.59529,-93.31363,280.8333333333333,982.4
098,2026-05-28,2026-05-28T11:11:51Z,21.319666666666667,21.319666666666667,9.845333333333333,6.46,57.1,-0.026666666666666665,0.30333333333333334,-0.3,NA,7.38,201.3,246.5,0.12,160,2.0630330248593722,36.59529,-93.31363,280.6333333333333,982.4
098,2026-05-28,2026-05-28T11:11:54Z,21.393333333333334,21.393333333333334,9.837666666666667,6.46,57.1,-0.03333333333333333,0.19666666666666666,-0.4066666666666667,NA,7.38,201.7,246.46666666666667,0.12,160,2.070155144256941,36.59529,-93.31363,280.6333333333333,982.4444444444445
098,2026-05-28,2026-05-28T11:11:57Z,21.485,21.485,9.826333333333334,6.466666666666667,57.1,-0.016666666666666666,0.25333333333333335,-0.43666666666666665,NA,7.383333333333333,202,246.23333333333335,0.12,160,2.0789784068227184,36.59529,-93.31363,280.6666666666667,982.4
098,2026-05-28,2026-05-28T11:12:00Z,21.528000000000002,21.528000000000002,9.818,6.483333333333333,57.233333333333334,-0.043333333333333335,0.16333333333333333,-0.3,NA,7.39,202.33333333333334,246.03333333333333,0.12,160,2.0831972418798768,36.59528,-93.31363,280.6,982.4444444444445
098,2026-05-28,2026-05-28T11:12:03Z,21.592,21.592,9.810333333333334,6.506666666666667,57.43333333333333,0.023333333333333334,0.24666666666666667,-0.37666666666666665,NA,7.39,202.63333333333333,246,0.12,160,2.0893440391943385,36.59528,-93.31363,280.5,982.4
098,2026-05-28,2026-05-28T11:12:06Z,21.651,21.651,9.805333333333333,6.526666666666666,57.56666666666667,-0.006666666666666667,0.21333333333333332,-0.36,NA,7.39,202.9,245.9,0.12,160,2.09510524405734,36.59528,-93.31363,280.46666666666664,982.4
098,2026-05-28,2026-05-28T11:12:09Z,21.702666666666666,21.702666666666666,9.795333333333334,6.54,57.7,0.013333333333333332,0.22666666666666666,-0.4166666666666667,NA,7.39,203.23333333333332,245.96666666666667,0.12,160,2.10009526401742,36.59528,-93.31363,280.6,982.4
098,2026-05-28,2026-05-28T11:12:12Z,21.790666666666667,21.790666666666667,9.777,6.556666666666667,57.83333333333333,-0.05333333333333334,0.18,-0.4666666666666667,NA,7.39,203.63333333333333,245.66666666666666,0.12,160,2.108600979858465,36.59528,-93.31363,280.53333333333336,982.4888888888888
098,2026-05-28,2026-05-28T11:12:15Z,21.83566666666667,21.83566666666667,9.772666666666666,6.566666666666666,57.9,0.006666666666666667,0.31666666666666665,-0.2866666666666667,NA,7.39,203.9,245.7,0.12,160,2.1129785882779895,36.59528,-93.31363,280.6,982.4444444444445
098,2026-05-28,2026-05-28T11:12:18Z,21.897333333333332,21.897333333333332,9.764666666666667,6.58,58.03333333333333,-0.023333333333333334,0.18666666666666668,-0.3566666666666667,NA,7.39,204.23333333333332,245.73333333333332,0.12,160,2.1189212484122666,36.59528,-93.31363,280.6333333333333,982.4
098,2026-05-28,2026-05-28T11:12:21Z,21.923666666666666,21.923666666666666,9.762333333333334,6.593333333333333,58.13333333333333,0.023333333333333334,0.25,-0.4666666666666667,NA,7.39,204.6,245.86666666666667,0.12,160,2.1214616222101252,36.59528,-93.31363,280.6,982.4
098,2026-05-28,2026-05-28T11:12:24Z,21.979666666666667,21.979666666666667,9.758000000000001,6.6033333333333335,58.233333333333334,0.02666666666666667,0.31666666666666665,-0.45,NA,7.3966666666666665,204.9,245.8,0.12,160,2.126882598439485,36.59528,-93.31363,280.3,982.3555555555556
098,2026-05-28,2026-05-28T11:12:27Z,22.017333333333333,22.017333333333333,9.754333333333333,6.61,58.3,0,0.16333333333333333,-0.42333333333333334,NA,7.4,205.26666666666668,245.63333333333333,0.12,160,2.1305570676828163,36.59528,-93.31363,280.5,982.4
098,2026-05-28,2026-05-28T11:12:30Z,22.049333333333333,22.049333333333333,9.736666666666666,6.616666666666667,58.3,0.013333333333333334,0.16333333333333333,-0.34,NA,7.4,205.6,245.73333333333335,0.12,160,2.1336191253855925,36.59528,-93.31363,280.8,982.4444444444445
098,2026-05-28,2026-05-28T11:12:33Z,22.086333333333332,22.086333333333332,9.727333333333334,6.626666666666667,58.36666666666667,0.06666666666666667,0.27,-0.38666666666666666,NA,7.4,205.9,245.73333333333332,0.12,160,2.137248230811105,36.59528,-93.31363,281.03333333333336,982.4444444444445
098,2026-05-28,2026-05-28T11:12:36Z,22.149666666666665,22.149666666666665,9.727,6.63,58.4,-0.02666666666666667,0.22,-0.33666666666666667,NA,7.4,206.2,245.83333333333334,0.12,160,2.143349664307748,36.59528,-93.31362,281.23333333333335,982.4
098,2026-05-28,2026-05-28T11:12:39Z,22.180333333333333,22.180333333333333,9.719666666666667,6.63,58.4,-0.016666666666666666,0.22333333333333333,-0.4,NA,7.3966666666666665,206.5,245.8,0.12,160,2.1463209943748867,36.59528,-93.31362,281.3,982.4
098,2026-05-28,2026-05-28T11:12:42Z,22.243333333333332,22.243333333333332,9.714666666666666,6.63,58.4,0.016666666666666666,0.25333333333333335,-0.33,NA,7.39,206.83333333333334,245.83333333333334,0.12,160,2.15242242787153,36.59528,-93.31362,281.5,982.4
098,2026-05-28,2026-05-28T11:12:45Z,22.313333333333333,22.313333333333333,9.708333333333334,6.63,58.33333333333333,0,0.28,-0.35,NA,7.39,207.2,245.8,0.12,160,2.159181636726547,36.59528,-93.31362,281.7,982.4
098,2026-05-28,2026-05-28T11:12:48Z,22.42,22.42,9.706333333333333,6.62,58.3,-0.03333333333333333,0.20666666666666667,-0.35,NA,7.39,207.5,245.7,0.12,160,2.1695019052803484,36.59528,-93.31362,281.8666666666667,982.4
098,2026-05-28,2026-05-28T11:12:51Z,22.442,22.442,9.7,6.62,58.3,0.003333333333333334,0.15333333333333335,-0.4166666666666667,NA,7.3933333333333335,207.8,245.73333333333332,0.12,160,2.171679368535656,36.59528,-93.31362,282.03333333333336,982.4
098,2026-05-28,2026-05-28T11:12:54Z,22.497666666666667,22.497666666666667,9.689,6.63,58.3,0.04666666666666667,0.3,-0.30666666666666664,NA,7.3933333333333335,208,245.8,0.12,160,2.177009617129378,36.59528,-93.31362,282.3,982.4
098,2026-05-28,2026-05-28T11:12:57Z,22.583666666666666,22.583666666666666,9.682333333333332,6.63,58.36666666666667,-0.016666666666666666,0.26666666666666666,-0.33666666666666667,NA,7.3966666666666665,208.36666666666667,245.86666666666667,0.12,160,2.1854019234258755,36.59528,-93.31362,282.3,982.4
098,2026-05-28,2026-05-28T11:13:00Z,22.641666666666666,22.641666666666666,9.676,6.636666666666667,58.4,-0.043333333333333335,0.20666666666666667,-0.38,NA,7.39,208.66666666666666,245.8,0.12,160,2.190981673017601,36.59528,-93.31362,282.2,982.4
098,2026-05-28,2026-05-28T11:13:09Z,22.683,22.683,9.677333333333333,6.626666666666667,58.3,-0.016666666666666666,0.22666666666666666,-0.3566666666666667,NA,7.39,209.63333333333333,245.76666666666668,0.12,160,2.194973688985665,36.59528,-93.31362,281.8666666666667,982.4
098,2026-05-28,2026-05-28T11:13:12Z,22.703666666666667,22.703666666666667,9.668333333333333,6.623333333333333,58.3,-0.026666666666666665,0.19666666666666666,-0.39,NA,7.39,209.9,245.76666666666668,0.12,160,2.1969923788786065,36.59528,-93.31362,281.73333333333335,982.4
098,2026-05-28,2026-05-28T11:13:15Z,22.759333333333334,22.759333333333334,9.664,6.62,58.2,0.013333333333333332,0.26,-0.35000000000000003,NA,7.39,210.2,245.93333333333334,0.12,160,2.202322627472328,36.59528,-93.31362,281.6666666666667,982.4
098,2026-05-28,2026-05-28T11:13:18Z,22.822333333333333,22.822333333333333,9.657,6.62,58.2,-0.03,0.21,-0.3066666666666667,NA,7.39,210.53333333333333,245.83333333333334,0.12,160,2.2084921066956995,36.59528,-93.31362,281.5,982.4444444444445
098,2026-05-28,2026-05-28T11:13:21Z,22.849333333333334,22.849333333333334,9.652666666666667,6.62,58.2,0.02,0.31666666666666665,-0.44666666666666666,NA,7.39,210.9,245.9,0.12,160,2.2111232081291967,36.59528,-93.31361,281.1666666666667,982.4444444444445
098,2026-05-28,2026-05-28T11:13:24Z,22.878666666666668,22.878666666666668,9.644666666666666,6.62,58.2,-0.0033333333333333335,0.21666666666666667,-0.47333333333333333,NA,7.39,211.16666666666666,245.93333333333334,0.12,160,2.2138904010161493,36.59528,-93.31361,280.93333333333334,982.4
098,2026-05-28,2026-05-28T11:13:27Z,22.924333333333333,22.924333333333333,9.641,6.62,58.2,0.02666666666666667,0.2733333333333333,-0.38666666666666666,NA,7.39,211.4,245.96666666666667,0.12,160,2.2183360551624025,36.59528,-93.31361,280.6333333333333,982.4
098,2026-05-28,2026-05-28T11:13:30Z,22.973,22.973,9.637333333333332,6.62,58.2,0.02,0.21666666666666667,-0.4533333333333333,NA,7.39,211.7,245.93333333333334,0.12,160,2.2230085283977497,36.59528,-93.31361,280.3666666666667,982.4
098,2026-05-28,2026-05-28T11:13:33Z,23.009,23.009,9.629666666666667,6.62,58.2,-0.026666666666666665,0.22666666666666668,-0.35666666666666663,NA,7.3933333333333335,212.06666666666666,245.86666666666667,0.12,160,2.2265242242787155,36.59528,-93.31361,280.3333333333333,982.4
098,2026-05-28,2026-05-28T11:13:36Z,23.046,23.046,9.626,6.63,58.2,-0.013333333333333332,0.25333333333333335,-0.4266666666666667,NA,7.4,212.3,245.7,0.12,160,2.2301079658864094,36.595283333333334,-93.31361,280.4,982.4444444444445
098,2026-05-28,2026-05-28T11:13:39Z,23.131,23.131,9.617333333333333,6.636666666666667,58.3,-0.03,0.17666666666666667,-0.43333333333333335,NA,7.4,212.63333333333333,245.7,0.12,160,2.2383414988205406,36.59529,-93.31361,280.6333333333333,982.4444444444445
098,2026-05-28,2026-05-28T11:13:42Z,23.199333333333335,23.199333333333335,9.606333333333334,6.6466666666666665,58.4,-0.009999999999999998,0.22666666666666668,-0.5033333333333334,NA,7.4,213,245.73333333333332,0.12,160,2.244941934313192,36.59528666666667,-93.31361,280.6666666666667,982.4
098,2026-05-28,2026-05-28T11:13:45Z,23.294666666666668,23.294666666666668,9.595666666666666,6.65,58.4,-0.016666666666666666,0.23333333333333334,-0.39666666666666667,NA,7.3966666666666665,213.3,245.7,0.12,160,2.2541734712393398,36.59528,-93.31361,280.6333333333333,982.4
098,2026-05-28,2026-05-28T11:13:48Z,23.432333333333332,23.432333333333332,9.585333333333333,6.65,58.4,-0.060000000000000005,0.21333333333333335,-0.37333333333333335,NA,7.3966666666666665,213.5,245.83333333333334,0.12,160,2.2675104336780985,36.59528,-93.31361,280.8,982.4
098,2026-05-28,2026-05-28T11:13:51Z,23.480666666666668,23.480666666666668,9.584,6.65,58.4,-0.026666666666666665,0.2733333333333333,-0.4766666666666667,NA,7.4,213.8,245.66666666666666,0.12,160,2.2722055888223553,36.59528,-93.31361,280.3,982.4
098,2026-05-28,2026-05-28T11:13:54Z,23.539666666666665,23.539666666666665,9.566,6.65,58.3,-0.01,0.22666666666666668,-0.41,NA,7.39,214.1,245.93333333333334,0.12,160,2.2778987479586283,36.59528,-93.31361,280.1333333333333,982.4
098,2026-05-28,2026-05-28T11:13:57Z,23.613666666666667,23.613666666666667,9.556333333333333,6.65,58.3,-0.030000000000000002,0.24333333333333335,-0.42666666666666664,NA,7.39,214.4,245.86666666666667,0.12,160,2.2850435492651062,36.595283333333334,-93.31361,279.9666666666667,982.4
098,2026-05-28,2026-05-28T11:14:00Z,23.676666666666666,23.676666666666666,9.553666666666667,6.6433333333333335,58.3,0.016666666666666666,0.23666666666666666,-0.42,NA,7.39,214.66666666666666,245.93333333333334,0.12,160,2.2911449827617494,36.59529,-93.31361,279.6333333333333,982.4
098,2026-05-28,2026-05-28T11:14:03Z,23.753666666666668,23.753666666666668,9.546,6.64,58.266666666666666,-0.016666666666666666,0.27666666666666667,-0.4666666666666667,NA,7.39,215,245.93333333333334,0.12,160,2.29858464888405,36.59529,-93.31361,279.5,982.4444444444445
098,2026-05-28,2026-05-28T11:14:06Z,23.804333333333332,23.804333333333332,9.535,6.636666666666667,58.16666666666667,-0.0033333333333333327,0.27,-0.5133333333333333,NA,7.39,215.3,246.06666666666666,0.12,160,2.303529305026311,36.59529,-93.31361,279.6,982.4444444444445
098,2026-05-28,2026-05-28T11:14:09Z,23.871666666666666,23.871666666666666,9.5216666666666665,6.616666666666667,58.03333333333333,0.01,0.2633333333333333,-0.37666666666666665,NA,7.39,215.56666666666666,246.23333333333332,0.12,160,2.3100390128833244,36.59529,-93.31361,279.8,982.4444444444445
098,2026-05-28,2026-05-28T11:14:15Z,23.937,23.937,9.5216666666666665,6.57,57.6,0.013333333333333334,0.25333333333333335,-0.4066666666666667,NA,7.39,216.1,246.53333333333333,0.12,160,2.316367265469062,36.59529,-93.31361,280.7,982.4
098,2026-05-28,2026-05-28T11:14:18Z,24.014333333333333,24.014333333333333,9.510333333333334,6.55,57.4,0.0033333333333333335,0.22666666666666668,-0.4066666666666667,NA,7.386666666666667,216.4,246.43333333333334,0.12,160,2.3238296135002723,36.59529,-93.31361,281.1333333333333,982.4
098,2026-05-28,2026-05-28T11:14:21Z,24.084666666666667,24.084666666666667,9.502333333333333,6.536666666666667,57.266666666666666,-0.0033333333333333335,0.26666666666666666,-0.41,NA,7.383333333333333,216.73333333333332,246.36666666666667,0.12,160,2.3306341861731084,36.59529,-93.31361,281.03333333333336,982.4
098,2026-05-28,2026-05-28T11:14:24Z,24.125,24.125,9.499666666666666,6.53,57.2,-0.0033333333333333335,0.27666666666666667,-0.48000000000000004,NA,7.39,217,246.33333333333334,0.12,160,2.334558156414444,36.5953,-93.31361,281.06666666666666,982.4
098,2026-05-28,2026-05-28T11:14:27Z,24.189,24.189,9.493666666666666,6.53,57.2,0,0.22666666666666666,-0.38333333333333336,NA,7.383333333333333,217.33333333333334,246.36666666666667,0.12,160,2.340750317546725,36.5953,-93.31361,280.9,982.4444444444445
098,2026-05-28,2026-05-28T11:14:30Z,24.23933333333333,24.23933333333333,9.487333333333334,6.53,57.2,-0.04,0.21666666666666667,-0.41,NA,7.39,217.63333333333333,246.33333333333334,0.12,160,2.3456042460533477,36.5953,-93.31361,280.6,982.4
098,2026-05-28,2026-05-28T11:14:33Z,24.277666666666665,24.277666666666665,9.480666666666666,6.54,57.2,0.02666666666666667,0.15666666666666668,-0.5066666666666667,NA,7.39,217.9,246.23333333333332,0.12,160,2.3493467610234076,36.5953,-93.31361,280.1333333333333,982.4
098,2026-05-28,2026-05-28T11:14:36Z,24.319000000000003,24.319000000000003,9.471666666666668,6.54,57.3,-0.02,0.13333333333333333,-0.4066666666666667,NA,7.39,218.16666666666666,246.23333333333332,0.12,160,2.3533160950825622,36.5953,-93.31361,279.7,982.4
098,2026-05-28,2026-05-28T11:14:39Z,24.379,24.379,9.464333333333332,6.543333333333333,57.3,-0.04,0.24000000000000002,-0.42,NA,7.39,218.43333333333334,246.13333333333333,0.12,160,2.359122663763382,36.5953,-93.31361,279.76666666666665,982.4
098,2026-05-28,2026-05-28T11:14:42Z,24.438666666666666,24.438666666666666,9.455333333333334,6.553333333333333,57.33333333333333,-0.003333333333333334,0.2366666666666667,-0.4533333333333333,NA,7.39,218.7,246.2,0.12,160,2.3649065505352933,36.5953,-93.31361,279.8333333333333,982.4
098,2026-05-28,2026-05-28T11:14:45Z,24.477,24.477,9.447666666666667,6.5633333333333335,57.43333333333333,-0.006666666666666667,0.22,-0.37,NA,7.39,219,246.13333333333333,0.12,160,2.368649065505353,36.5953,-93.31361,279.46666666666664,982.4
098,2026-05-28,2026-05-28T11:14:48Z,24.53366666666667,24.53366666666667,9.435,6.57,57.5,-0.0033333333333333335,0.20333333333333334,-0.48,NA,7.39,219.26666666666668,246,0.12,160,2.374138087461441,36.5953,-93.31361,279.8,982.4
098,2026-05-28,2026-05-28T11:14:51Z,24.591,24.591,9.43,6.58,57.56666666666667,-0.01,0.21666666666666667,-0.43333333333333335,NA,7.39,219.5,246.06666666666666,0.12,160,2.3796724732353476,36.5953,-93.31361,279.93333333333334,982.4
098,2026-05-28,2026-05-28T11:14:54Z,24.670666666666666,24.670666666666666,9.420666666666667,6.586666666666667,57.56666666666667,-0.04,0.26666666666666666,-0.34,NA,7.39,219.8,246.03333333333333,0.12,160,2.3873616403556523,36.59531,-93.31361,280.2,982.4
098,2026-05-28,2026-05-28T11:14:57Z,24.715,24.715,9.407,6.59,57.6,-0.02,0.23666666666666666,-0.3566666666666667,NA,7.39,220.03333333333333,246.16666666666666,0.12,160,2.3916485211395395,36.59531,-93.31361,279.93333333333334,982.4
098,2026-05-28,2026-05-28T11:15:00Z,24.78933333333333,24.78933333333333,9.398,6.59,57.6,-0.043333333333333335,0.16999999999999998,-0.43333333333333335,NA,7.39,220.3,246.13333333333333,0.12,160,2.3988613681727453,36.59531,-93.31361,279.8,982.4
098,2026-05-28,2026-05-28T11:15:03Z,24.851333333333333,24.851333333333333,9.384666666666666,6.59,57.6,0.0033333333333333327,0.22,-0.32,NA,7.39,220.53333333333333,246.06666666666666,0.12,160,2.40489475594266,36.59531,-93.31361,279.9666666666667,982.4
098,2026-05-28,2026-05-28T11:15:06Z,24.933,24.933,9.378,6.59,57.6,0.013333333333333334,0.22333333333333333,-0.4,NA,7.39,220.8,245.83333333333334,0.12,160,2.4127426964253313,36.59531,-93.31361,280.2,982.4
098,2026-05-28,2026-05-28T11:15:09Z,24.989,24.989,9.369,6.6,57.63333333333333,0.0033333333333333335,0.21,-0.36333333333333334,NA,7.39,221.1,245.76666666666668,0.12,160,2.4181863545636,36.59531,-93.31361,280.3333333333333,982.4
098,2026-05-28,2026-05-28T11:15:12Z,25.062333333333335,25.062333333333335,9.353,6.616666666666667,57.766666666666666,0.006666666666666667,0.24666666666666667,-0.39666666666666667,NA,7.39,221.4,245.53333333333333,0.12,160,2.4253084739611688,36.59531,-93.31361,280.3333333333333,982.4
098,2026-05-28,2026-05-28T11:15:15Z,25.112,25.112,9.340333333333334,6.64,57.96666666666667,-0.016666666666666666,0.19666666666666666,-0.31,NA,7.39,221.6,245.3,0.12,159.33333333333334,2.430117038649973,36.59531,-93.31361,280.9,982.4
098,2026-05-28,2026-05-28T11:15:18Z,25.195,25.195,9.335666666666667,6.67,58.2,-0.043333333333333335,0.26666666666666666,-0.4666666666666667,NA,7.3933333333333335,221.9,245.16666666666666,0.12,159,2.438146434403919,36.59531666666667,-93.31361,281.6,982.4
098,2026-05-28,2026-05-28T11:15:24Z,25.244,25.244,9.325,6.73,58.733333333333334,-0.026666666666666665,0.19,-0.38666666666666666,NA,7.4,222.4,244.96666666666667,0.12,159,2.442864271457086,36.59532333333333,-93.31362,281.59999999999997,982.4
098,2026-05-28,2026-05-28T11:15:27Z,25.31233333333333,25.31233333333333,9.311666666666667,6.756666666666667,58.9,0.006666666666666667,0.2966666666666667,-0.46,NA,7.4,222.7,244.93333333333334,0.12,159,2.449510070767556,36.59533,-93.31362,281.73333333333335,982.4
098,2026-05-28,2026-05-28T11:15:30Z,25.394666666666666,25.394666666666666,9.303666666666667,6.783333333333333,59.16666666666667,-0.04,0.21666666666666667,-0.48333333333333334,NA,7.4,223,244.7,0.12,159,2.4574941027036834,36.59533,-93.31363,281.8,982.4444444444445
098,2026-05-28,2026-05-28T11:15:33Z,25.447666666666667,25.447666666666667,9.293333333333333,6.803333333333333,59.33333333333333,-0.016666666666666666,0.22666666666666668,-0.38333333333333336,NA,7.4,223.3,244.73333333333332,0.12,159,2.462574850299401,36.59532,-93.31363333333334,282,982.4
098,2026-05-28,2026-05-28T11:15:36Z,25.47833333333333,25.47833333333333,9.277333333333333,6.826666666666667,59.46666666666667,0.013333333333333334,0.25666666666666665,-0.41,NA,7.4,223.5,244.4,0.12,159,2.4655461803665397,36.59532333333333,-93.31364,281.6333333333333,982.4
098,2026-05-28,2026-05-28T11:15:39Z,25.544333333333334,25.544333333333334,9.264666666666667,6.85,59.63333333333333,-0.03,0.23666666666666666,-0.42,NA,7.4,223.8,244.46666666666667,0.12,159,2.4719197967700963,36.59532,-93.31364,281.7,982.4888888888888
098,2026-05-28,2026-05-28T11:15:42Z,25.608,25.608,9.256,6.873333333333333,59.86666666666667,0.0033333333333333335,0.27,-0.4166666666666667,NA,7.406666666666667,224.03333333333333,244.13333333333333,0.12,159,2.4780892759934674,36.59532,-93.31364,281.3333333333333,982.4
098,2026-05-28,2026-05-28T11:15:45Z,25.635666666666665,25.635666666666665,9.251666666666667,6.9,60.1,-0.023333333333333334,0.2,-0.33666666666666667,NA,7.41,224.3,244.16666666666666,0.12,159,2.4807884231536925,36.595326666666665,-93.31364,281.4,982.4444444444445
098,2026-05-28,2026-05-28T11:15:48Z,25.708666666666666,25.708666666666666,9.242666666666667,6.93,60.3,0.013333333333333334,0.26333333333333336,-0.44,NA,7.41,224.6,243.93333333333334,0.12,158.66666666666666,2.4878424968245327,36.59533,-93.31364,281.6333333333333,982.4444444444445
098,2026-05-28,2026-05-28T11:15:51Z,25.737,25.737,9.243,6.953333333333333,60.53333333333333,-0.01,0.16,-0.3933333333333333,NA,7.41,224.9,243.93333333333334,0.12,159,2.490587007802577,36.59533,-93.31364,281.3333333333333,982.4
098,2026-05-28,2026-05-28T11:15:57Z,25.797666666666665,25.797666666666665,9.243666666666666,6.98,60.733333333333334,-0.016666666666666666,0.31666666666666665,-0.3766666666666667,NA,7.41,225.5,243.93333333333334,0.12,159,2.4964843041190345,36.59533666666667,-93.31364,280.1,982.4
098,2026-05-28,2026-05-28T11:16:00Z,25.840666666666667,25.840666666666667,9.236666666666666,6.98,60.8,-0.013333333333333334,0.17666666666666667,-0.37,NA,7.41,225.73333333333332,244.06666666666666,0.12,159,2.500635093449465,36.59534,-93.31364333333333,279.5,982.5333333333333
098,2026-05-28,2026-05-28T11:16:03Z,25.902,25.902,9.232333333333333,6.98,60.8,0.01,0.2566666666666667,-0.42666666666666664,NA,7.41,226,243.96666666666667,0.12,159,2.5065550716748324,36.59534,-93.31365,278.8666666666667,982.3555555555556
098,2026-05-28,2026-05-28T11:16:06Z,25.953333333333333,25.953333333333333,9.2283333333333335,6.98,60.8,-0.026666666666666665,0.17666666666666667,-0.43666666666666665,NA,7.41,226.26666666666668,244.06666666666666,0.12,159,2.5115904554527306,36.59534,-93.31365,278.06666666666666,982.4
098,2026-05-28,2026-05-28T11:16:09Z,26.015333333333334,26.015333333333334,9.225,6.98,60.8,0.0033333333333333335,0.17666666666666667,-0.38333333333333336,NA,7.41,226.5,244.03333333333333,0.12,159,2.5175557974959175,36.59534,-93.31365,277.53333333333336,982.4
098,2026-05-28,2026-05-28T11:16:12Z,26.098666666666666,26.098666666666666,9.216,6.98,60.733333333333334,-0.013333333333333334,0.35,-0.5866666666666667,NA,7.41,226.8,244.16666666666666,0.12,159,2.525585193249864,36.59534,-93.31365,277.26666666666665,982.4
098,2026-05-28,2026-05-28T11:16:15Z,26.186,26.186,9.204,6.98,60.7,-0.07,0.17666666666666667,-0.47,NA,7.41,227.1,244.06666666666666,0.12,159,2.53404554527309,36.59534,-93.31365333333333,277.53333333333336,982.4
098,2026-05-28,2026-05-28T11:16:18Z,26.249333333333333,26.249333333333333,9.195666666666668,6.99,60.766666666666666,-5.776764700274328e-19,0.24333333333333335,-0.38333333333333336,NA,7.41,227.26666666666668,244.26666666666668,0.12,159,2.540237706405371,36.59534,-93.31366,277.5,982.4
098,2026-05-28,2026-05-28T11:16:21Z,26.312333333333335,26.312333333333335,9.193666666666667,6.98,60.7,0.016666666666666666,0.33,-0.30333333333333334,NA,7.41,227.53333333333333,244.23333333333332,0.12,159,2.546271094175286,36.59534,-93.31366,277,982.4
098,2026-05-28,2026-05-28T11:16:24Z,26.357666666666667,26.357666666666667,9.191,6.98,60.7,-0.03666666666666667,0.22666666666666668,-0.44666666666666666,NA,7.406666666666667,227.86666666666667,244.43333333333334,0.12,159,2.5507167483215385,36.59534,-93.31366,277.1333333333333,982.4
098,2026-05-28,2026-05-28T11:16:27Z,26.419333333333334,26.419333333333334,9.183333333333334,6.98,60.7,-0.04,0.18000000000000002,-0.42333333333333334,NA,7.4,228.1,244.33333333333334,0.12,159,2.5566820903647254,36.59535,-93.31366,277.23333333333335,982.3555555555556
098,2026-05-28,2026-05-28T11:16:30Z,26.501,26.501,9.179,6.976666666666667,60.66666666666667,-0.02,0.2533333333333333,-0.4166666666666667,NA,7.41,228.3,244.53333333333333,0.12,159,2.5645527127563055,36.59535666666667,-93.31366,277.76666666666665,982.4
098,2026-05-28,2026-05-28T11:16:33Z,26.579666666666665,26.579666666666665,9.168666666666667,6.98,60.66666666666667,-0.01,0.23666666666666666,-0.51,NA,7.41,228.56666666666666,244.5,0.12,159,2.5721284703320633,36.59536,-93.31366,277.8666666666667,982.4
098,2026-05-28,2026-05-28T11:16:36Z,26.658666666666665,26.658666666666665,9.162,6.98,60.7,-0.03333333333333333,0.17333333333333334,-0.39,NA,7.41,228.8,244.43333333333334,0.12,159,2.579817637452368,36.59536,-93.31366,278.23333333333335,982.4
098,2026-05-28,2026-05-28T11:16:39Z,26.685,26.685,9.156,6.986666666666667,60.7,-0.02,0.18666666666666668,-0.25666666666666665,NA,7.41,229.03333333333333,244.43333333333334,0.12,159,2.582312647432408,36.59536,-93.31366,278.56666666666666,982.4
098,2026-05-28,2026-05-28T11:16:42Z,26.761333333333333,26.761333333333333,9.151,6.983333333333333,60.7,0.05333333333333334,0.30666666666666664,-0.44,NA,7.41,229.26666666666668,244.4,0.12,159,2.5897296316458,36.59536,-93.31366,278.5,982.4
098,2026-05-28,2026-05-28T11:16:45Z,26.843,26.843,9.147666666666666,6.983333333333333,60.7,-0.01,0.2633333333333333,-0.31,NA,7.41,229.5,244.36666666666667,0.12,159,2.5976229359462892,36.59536,-93.31366,278.4,982.4
098,2026-05-28,2026-05-28T11:16:48Z,26.922,26.922,9.144333333333334,6.98,60.6,-0.04,0.22666666666666668,-0.38666666666666666,NA,7.41,229.8,244.5,0.12,159,2.6052894211576847,36.59536,-93.31366,278.5,982.4
098,2026-05-28,2026-05-28T11:16:51Z,26.994666666666667,26.994666666666667,9.143,6.97,60.53333333333333,0.016666666666666666,0.3433333333333333,-0.35333333333333333,NA,7.41,230.06666666666666,244.46666666666667,0.12,159,2.612320812919615,36.59536,-93.31366,278.73333333333335,982.4
098,2026-05-28,2026-05-28T11:16:54Z,27.065,27.065,9.14,6.963333333333333,60.5,-0.026666666666666665,0.25,-0.45,NA,7.41,230.33333333333334,244.53333333333333,0.12,159,2.6191707494102703,36.59536,-93.31365333333333,279.03333333333336,982.4
098,2026-05-28,2026-05-28T11:16:57Z,27.11,27.11,9.136333333333333,6.96,60.43333333333333,0.0033333333333333335,0.28,-0.31666666666666665,NA,7.41,230.6,244.46666666666667,0.12,159,2.6234803121030668,36.59536,-93.31365,279.26666666666665,982.4
098,2026-05-28,2026-05-28T11:17:00Z,27.135,27.135,9.138,6.953333333333333,60.4,-0.043333333333333335,0.27666666666666667,-0.36,NA,7.41,230.8,244.4,0.12,159,2.625907276356378,36.59536,-93.31364333333333,279.6,982.4
098,2026-05-28,2026-05-28T11:17:03Z,27.171,27.171,9.134,6.95,60.33333333333333,0.02666666666666667,0.35333333333333333,-0.41,NA,7.41,231.06666666666666,244.53333333333333,0.12,159,2.629400290328434,36.59536,-93.31364,279.8666666666667,982.4444444444445
098,2026-05-28,2026-05-28T11:17:06Z,27.215333333333334,27.215333333333334,9.121666666666666,6.95,60.3,-0.013333333333333334,0.25,-0.44333333333333336,NA,7.41,231.3,244.63333333333333,0.12,159,2.63373253493014,36.59536,-93.31364,280.43333333333334,982.4444444444445
098,2026-05-28,2026-05-28T11:17:09Z,27.256,27.256,9.118666666666666,6.94,60.266666666666666,-0.026666666666666665,0.24000000000000002,-0.3933333333333333,NA,7.41,231.56666666666666,244.7,0.12,159,2.6376111413536565,36.59536,-93.31364,280.7,982.3555555555556
098,2026-05-28,2026-05-28T11:17:12Z,27.307666666666666,27.307666666666666,9.116,6.94,60.2,-0.006666666666666667,0.23333333333333334,-0.36,NA,7.41,231.8,244.6,0.12,159,2.6426011613137366,36.59536,-93.31364,280.73333333333335,982.3555555555556
098,2026-05-28,2026-05-28T11:17:15Z,27.354333333333333,27.354333333333333,9.113333333333333,6.93,60.2,-0.003333333333333334,0.32333333333333336,-0.4,NA,7.41,232.1,244.66666666666666,0.12,159,2.647137543095627,36.59536,-93.31364,280.5,982.4
098,2026-05-28,2026-05-28T11:17:21Z,27.386333333333333,27.386333333333333,9.109333333333334,6.93,60.1,0.0033333333333333335,0.25666666666666665,-0.35333333333333333,NA,7.41,232.6,244.66666666666666,0.12,159,2.6502676465251316,36.595353333333335,-93.31364,280.5,982.4
098,2026-05-28,2026-05-28T11:17:24Z,27.438333333333333,27.438333333333333,9.104666666666667,6.93,60.1,0.02,0.2833333333333333,-0.2866666666666666,NA,7.41,232.76666666666668,244.63333333333333,0.12,159,2.655280348394121,36.59536,-93.31363666666667,280.93333333333334,982.4
098,2026-05-28,2026-05-28T11:17:27Z,27.489333333333335,27.489333333333335,9.102333333333334,6.923333333333333,60.1,-0.0033333333333333327,0.23666666666666666,-0.39666666666666667,NA,7.41,233,244.7,0.12,159,2.6602250045363816,36.59536,-93.31363,281,982.4
098,2026-05-28,2026-05-28T11:17:30Z,27.549333333333333,27.549333333333333,9.101,6.92,60.1,-0.01,0.27666666666666667,-0.47333333333333333,NA,7.41,233.3,244.76666666666668,0.12,159,2.666031573217202,36.59536,-93.31363,281.03333333333336,982.4
098,2026-05-28,2026-05-28T11:17:33Z,27.619666666666667,27.619666666666667,9.098,6.92,60,-0.02666666666666667,0.23,-0.31666666666666665,NA,7.41,233.53333333333333,244.5,0.12,159,2.672836145890038,36.59536,-93.31363,280.6,982.4888888888888
098,2026-05-28,2026-05-28T11:17:36Z,27.704666666666668,27.704666666666668,9.090666666666667,6.913333333333333,60,-0.026666666666666665,0.27666666666666667,-0.43666666666666665,NA,7.41,233.76666666666668,244.63333333333333,0.12,159,2.6810469969152604,36.59535666666667,-93.31363,280.3,982.4
098,2026-05-28,2026-05-28T11:17:39Z,27.792333333333335,27.792333333333335,9.083666666666666,6.91,59.96666666666667,0.04666666666666667,0.21,-0.45666666666666667,NA,7.41,234,244.56666666666666,0.12,159,2.6895527127563055,36.59535,-93.31363,280.1,982.4444444444445
098,2026-05-28,2026-05-28T11:17:42Z,27.879333333333335,27.879333333333335,9.082,6.903333333333333,59.9,-0.02666666666666667,0.22,-0.44,NA,7.41,234.3,244.63333333333333,0.12,159,2.697967700961713,36.59535,-93.31363,279.9,982.3555555555556
098,2026-05-28,2026-05-28T11:17:45Z,27.966333333333335,27.966333333333335,9.083666666666666,6.9,59.83333333333333,0.02,0.3333333333333333,-0.36,NA,7.41,234.43333333333334,244.7,0.12,159,2.7064053710760296,36.59535,-93.31363,279.9,982.4
098,2026-05-28,2026-05-28T11:17:48Z,28.023,28.023,9.079,6.9,59.8,0.0033333333333333335,0.24000000000000002,-0.39666666666666667,NA,7.416666666666667,234.6,244.7,0.12,159,2.7118717111232082,36.59535,-93.31363,279.6,982.4
098,2026-05-28,2026-05-28T11:17:51Z,28.124,28.124,9.072666666666667,6.8966666666666665,59.8,0.0033333333333333335,0.26666666666666666,-0.3666666666666667,NA,7.42,234.86666666666667,244.73333333333332,0.12,159,2.721624931954273,36.59535,-93.31363,279.6333333333333,982.4
098,2026-05-28,2026-05-28T11:17:54Z,28.224,28.224,9.069333333333333,6.89,59.8,0.02,0.19,-0.4633333333333333,NA,7.42,235.13333333333333,244.66666666666666,0.12,159,2.731355470876429,36.59535,-93.31362,279.6,982.4
098,2026-05-28,2026-05-28T11:17:57Z,28.317666666666668,28.317666666666668,9.066333333333333,6.89,59.733333333333334,0.02666666666666667,0.26,-0.41666666666666663,NA,7.42,235.3,244.86666666666667,0.12,159,2.740405552531301,36.59535,-93.31362,279.8666666666667,982.4
098,2026-05-28,2026-05-28T11:18:00Z,28.366666666666667,28.366666666666667,9.064666666666666,6.89,59.7,-0.016666666666666666,0.25666666666666665,-0.41333333333333333,NA,7.42,235.5,244.83333333333334,0.12,159,2.7451687534022864,36.59535,-93.31362,280.06666666666666,982.4
098,2026-05-28,2026-05-28T11:18:03Z,28.423333333333332,28.423333333333332,9.058666666666666,6.89,59.7,-0.043333333333333335,0.2866666666666667,-0.4333333333333333,NA,7.42,235.8,244.8,0.12,159,2.750635093449465,36.59535,-93.31362,280.26666666666665,982.4
098,2026-05-28,2026-05-28T11:18:06Z,28.503999999999998,28.503999999999998,9.05,6.883333333333333,59.7,0,0.2733333333333334,-0.47333333333333333,NA,7.42,236,244.93333333333334,0.12,159,2.7584376701143167,36.59535,-93.31362,280.3333333333333,982.4
098,2026-05-28,2026-05-28T11:18:09Z,28.574333333333335,28.574333333333335,9.041,6.88,59.6,-0.01,0.26666666666666666,-0.2833333333333333,NA,7.42,236.26666666666665,244.93333333333334,0.12,159,2.7652649246960626,36.59535,-93.31362,280.3333333333333,982.4
098,2026-05-28,2026-05-28T11:18:12Z,28.662666666666667,28.662666666666667,9.032,6.873333333333333,59.56666666666667,-0.02666666666666667,0.26666666666666666,-0.36333333333333334,NA,7.42,236.46666666666667,245.06666666666666,0.12,159,2.773793322446017,36.595353333333335,-93.31362,280.2,982.4
098,2026-05-28,2026-05-28T11:18:15Z,28.724999999999998,28.724999999999998,9.024333333333333,6.87,59.5,0.030000000000000002,0.31,-0.43,NA,7.42,236.63333333333333,245.13333333333333,0.12,159,2.7798040283070224,36.595353333333335,-93.31362,280.1333333333333,982.3555555555556
098,2026-05-28,2026-05-28T11:18:18Z,28.799333333333333,28.799333333333333,9.015,6.866666666666667,59.46666666666667,-0.05333333333333333,0.20333333333333334,-0.4,NA,7.42,236.9,245.26666666666668,0.12,159,2.787039557249138,36.59535666666667,-93.31362,280.2,982.4
098,2026-05-28,2026-05-28T11:18:21Z,28.856,28.856,9.009,6.8533333333333335,59.33333333333333,-0.043333333333333335,0.3,-0.42666666666666664,NA,7.416666666666667,237.1,245.33333333333334,0.12,159,2.792528579205226,36.59536,-93.31362,280.3333333333333,982.4
098,2026-05-28,2026-05-28T11:18:24Z,28.898,28.898,9.010333333333334,6.843333333333333,59.266666666666666,-0.016666666666666666,0.29000000000000004,-0.32,NA,7.41,237.33333333333334,245.33333333333334,0.12,159,2.7965886409000182,36.59536,-93.31362,280.06666666666666,982.4
098,2026-05-28,2026-05-28T11:18:27Z,28.978666666666665,28.978666666666665,8.999666666666666,6.836666666666667,59.16666666666667,-0.05333333333333334,0.26666666666666666,-0.42,NA,7.41,237.6,245.5,0.12,160,2.8044138994737797,36.59535,-93.31362,279.76666666666665,982.4
098,2026-05-28,2026-05-28T11:18:30Z,29.037333333333333,29.037333333333333,8.982999999999999,6.816666666666666,58.96666666666667,-0.006666666666666667,0.24666666666666667,-0.47,NA,7.41,237.86666666666667,245.73333333333332,0.12,160,2.8100616947922337,36.59535,-93.31362,279.26666666666665,982.4
098,2026-05-28,2026-05-28T11:18:33Z,29.074333333333332,29.074333333333332,8.979333333333333,6.79,58.733333333333334,-0.043333333333333335,0.29333333333333333,-0.35,NA,7.41,238.06666666666666,246,0.12,160,2.8136454363999275,36.59535,-93.31362,278.8666666666667,982.4
098,2026-05-28,2026-05-28T11:18:36Z,29.125666666666667,29.125666666666667,8.975,6.76,58.46666666666667,-0.04666666666666667,0.2866666666666667,-0.3433333333333334,NA,7.41,238.3,245.96666666666667,0.12,160,2.818635456360007,36.59534666666667,-93.31362,278.73333333333335,982.4
098,2026-05-28,2026-05-28T11:18:39Z,29.218,29.218,8.962333333333333,6.73,58.233333333333334,0,0.30333333333333334,-0.41000000000000003,NA,7.41,238.5,246.36666666666667,0.12,160,2.827549446561423,36.59534,-93.31362,278.6,982.4
098,2026-05-28,2026-05-28T11:18:42Z,29.274666666666665,29.274666666666665,8.956,6.7,58,-0.013333333333333332,0.25,-0.23333333333333334,NA,7.41,238.73333333333332,246.4,0.12,160,2.83306115042642,36.59534,-93.31362,278.73333333333335,982.4
098,2026-05-28,2026-05-28T11:18:45Z,29.363333333333333,29.363333333333333,8.953333333333333,6.67,57.7,-0.013333333333333334,0.2866666666666667,-0.45,NA,7.406666666666667,238.93333333333334,246.43333333333334,0.12,160,2.841612230085284,36.59534,-93.31362,278.6333333333333,982.3111111111111
098,2026-05-28,2026-05-28T11:18:48Z,29.449666666666666,29.449666666666666,8.943,6.6466666666666665,57.46666666666667,-0.006666666666666667,0.2733333333333333,-0.42,NA,7.41,239.1,246.36666666666667,0.12,160,2.8499591725639633,36.59534,-93.31362,278.6,982.4
098,2026-05-28,2026-05-28T11:18:51Z,29.503999999999998,29.503999999999998,8.931333333333333,6.63,57.3,-0.06,0.23333333333333334,-0.4,NA,7.41,239.33333333333334,246.3,0.12,160,2.8551986935220466,36.59534,-93.31362,279,982.4
098,2026-05-28,2026-05-28T11:18:54Z,29.566333333333333,29.566333333333333,8.924999999999999,6.623333333333333,57.233333333333334,-0.02333333333333333,0.2733333333333333,-0.32333333333333336,NA,7.41,239.56666666666666,246.2,0.12,160,2.8612320812919614,36.59534,-93.31363,279.03333333333336,982.3555555555556
098,2026-05-28,2026-05-28T11:18:57Z,29.691333333333333,29.691333333333333,8.92,6.623333333333333,57.233333333333334,-0.056666666666666664,0.25666666666666665,-0.49666666666666665,NA,7.41,239.8,245.9,0.12,160,2.87334422064961,36.59534,-93.31362666666666,278.96666666666664,982.3555555555556
098,2026-05-28,2026-05-28T11:19:00Z,29.802333333333333,29.802333333333333,8.906666666666666,6.6466666666666665,57.4,-0.03333333333333333,0.27,-0.33999999999999997,NA,7.41,240,245.7,0.12,160,2.8841181273816003,36.59534,-93.31362333333334,279,982.4
098,2026-05-28,2026-05-28T11:19:03Z,29.894333333333332,29.894333333333332,8.8966666666666665,6.676666666666667,57.66666666666667,-0.03333333333333333,0.24666666666666667,-0.47,NA,7.41,240.23333333333332,245.4,0.12,159.66666666666666,2.8930321175830156,36.59534,-93.31363,278.53333333333336,982.4
098,2026-05-28,2026-05-28T11:19:06Z,29.99266666666667,29.99266666666667,8.873,6.71,57.9,-0.0033333333333333335,0.25,-0.5333333333333333,NA,7.416666666666667,240.4,245.36666666666667,0.12,159.33333333333334,2.9025585193249865,36.59534,-93.31363,278.23333333333335,982.4
098,2026-05-28,2026-05-28T11:19:09Z,30.065666666666665,30.065666666666665,8.865,6.726666666666667,58.06666666666667,-0.04,0.24333333333333332,-0.4633333333333333,NA,7.42,240.66666666666666,245.33333333333334,0.12,159.66666666666666,2.9096125929958263,36.59533666666667,-93.31363333333334,277.93333333333334,982.3555555555556
098,2026-05-28,2026-05-28T11:19:12Z,30.158666666666665,30.158666666666665,8.858,6.75,58.233333333333334,0.013333333333333332,0.24666666666666667,-0.36000000000000004,NA,7.42,240.9,245.03333333333333,0.12,159,2.9186173108328797,36.59533,-93.31364,277.3333333333333,982.4
098,2026-05-28,2026-05-28T11:19:15Z,30.254666666666665,30.254666666666665,8.852333333333334,6.77,58.4,0.0033333333333333335,0.27,-0.3333333333333333,NA,7.42,241.13333333333333,245.03333333333333,0.12,159,2.9279168934857562,36.59533,-93.31364,276.3666666666667,982.4
098,2026-05-28,2026-05-28T11:19:18Z,30.327333333333332,30.327333333333332,8.831666666666667,6.803333333333334,58.63333333333333,-0.03,0.21000000000000002,-0.5,NA,7.42,241.4,244.7,0.12,159,2.934925603338777,36.59533,-93.31364,276.73333333333335,982.4
098,2026-05-28,2026-05-28T11:19:21Z,30.383000000000003,30.383000000000003,8.826333333333332,6.84,58.96666666666667,0.013333333333333334,0.27,-0.42666666666666664,NA,7.42,241.6,244.76666666666668,0.12,159,2.940323897659227,36.59533,-93.31364,277.16666666666663,982.4
098,2026-05-28,2026-05-28T11:19:24Z,30.502,30.502,8.821,6.863333333333333,59.16666666666667,-0.006666666666666667,0.25666666666666665,-0.39999999999999997,NA,7.42,241.8,244.7,0.12,159,2.951868989294139,36.59533,-93.31364,277.8333333333333,982.4
098,2026-05-28,2026-05-28T11:19:27Z,30.567666666666668,30.567666666666668,8.817,6.876666666666667,59.266666666666666,-0.013333333333333334,0.29333333333333333,-0.3466666666666667,NA,7.42,242,244.8,0.12,159,2.958174559970967,36.59533,-93.31364,278.2,982.4
098,2026-05-28,2026-05-28T11:19:30Z,30.728666666666665,30.728666666666665,8.809333333333333,6.88,59.266666666666666,0.04666666666666666,0.31666666666666665,-0.42666666666666664,NA,7.42,242.26666666666668,245.26666666666668,0.12,159,2.9738250771184904,36.59533,-93.31364,278.8666666666667,982.4
098,2026-05-28,2026-05-28T11:19:33Z,30.91,30.91,8.806666666666667,6.86,59.1,0.0033333333333333344,0.19666666666666666,-0.4033333333333333,NA,7.42,242.46666666666667,245.3,0.12,159,2.9913355107965884,36.59534,-93.31364,279.76666666666665,982.4
098,2026-05-28,2026-05-28T11:19:36Z,31.056333333333335,31.056333333333335,8.799,6.82,58.766666666666666,-5.788058472904386e-19,0.26333333333333336,-0.32333333333333336,NA,7.42,242.63333333333333,245.6,0.12,160,3.005466340047178,36.59534,-93.31364,280.03333333333336,982.4
098,2026-05-28,2026-05-28T11:19:39Z,31.142333333333333,31.142333333333333,8.797666666666666,6.79,58.46666666666667,-0.01,0.27999999999999997,-0.3933333333333333,NA,7.41,242.9,245.7,0.12,160,3.0138132825258572,36.59534,-93.31364,280.1,982.4
098,2026-05-28,2026-05-28T11:19:42Z,31.23966666666667,31.23966666666667,8.774666666666667,6.763333333333333,58.233333333333334,0.0033333333333333327,0.23,-0.43333333333333335,NA,7.41,243.13333333333333,245.9,0.12,160,3.02324895663219,36.59533666666667,-93.31364,280.1,982.4
098,2026-05-28,2026-05-28T11:19:45Z,31.317666666666668,31.317666666666668,8.786666666666667,6.746666666666667,58.13333333333333,0.0033333333333333327,0.24333333333333332,-0.36333333333333334,NA,7.41,243.36666666666667,245.83333333333334,0.12,160,3.030779350390129,36.59533,-93.31364,280.3,982.3555555555556
098,2026-05-28,2026-05-28T11:19:48Z,31.374333333333333,31.374333333333333,8.758666666666667,6.74,58,0.01,0.32,-0.3433333333333333,NA,7.41,243.6,245.73333333333335,0.12,160,3.036291054255126,36.59533,-93.31364,280.8,982.4
098,2026-05-28,2026-05-28T11:19:51Z,31.55366666666667,31.55366666666667,8.726666666666667,6.74,57.96666666666667,0.0033333333333333335,0.18333333333333335,-0.35000000000000003,NA,7.41,243.76666666666668,245.43333333333334,0.12,159.66666666666666,3.0536427145708585,36.59533,-93.31364,281,982.3111111111111
098,2026-05-28,2026-05-28T11:19:54Z,31.711000000000002,31.711000000000002,8.716333333333333,6.743333333333333,58,-0.016666666666666666,0.3333333333333333,-0.45,NA,7.41,244,245.56666666666666,0.12,160,3.0689076392669206,36.59533,-93.31364,281.4,982.3555555555556
098,2026-05-28,2026-05-28T11:19:57Z,31.828333333333333,31.828333333333333,8.698,6.743333333333333,58,-0.02,0.31333333333333335,-0.3666666666666667,NA,7.41,244.23333333333335,245.76666666666665,0.12,160,3.080225911812738,36.59533,-93.31364,281.5,982.3555555555556
098,2026-05-28,2026-05-28T11:20:00Z,31.968666666666667,31.968666666666667,8.678,6.74,57.9,-0.03,0.27666666666666667,-0.41,NA,7.41,244.46666666666667,245.86666666666667,0.12,160,3.093812375249501,36.59533,-93.31364,281.8,982.4
098,2026-05-28,2026-05-28T11:20:03Z,32.16166666666667,32.16166666666667,8.67,6.733333333333333,57.8,-0.016666666666666666,0.24333333333333335,-0.4766666666666667,NA,7.41,244.63333333333333,245.66666666666666,0.12,160,3.112502268190891,36.59533,-93.31364,281.93333333333334,982.4
098,2026-05-28,2026-05-28T11:20:06Z,32.31066666666667,32.31066666666667,8.664,6.733333333333333,57.8,0.03,0.29000000000000004,-0.44,NA,7.41,244.83333333333334,245.66666666666666,0.12,160,3.126905280348394,36.59533,-93.31364,281.8333333333333,982.4
098,2026-05-28,2026-05-28T11:20:09Z,32.443666666666665,32.443666666666665,8.643,6.743333333333333,57.9,5.788058472904386e-19,0.2866666666666667,-0.5066666666666667,NA,7.41,245.03333333333333,245.53333333333333,0.12,159.66666666666666,3.139811286517874,36.59533,-93.31364,281.7,982.4
098,2026-05-28,2026-05-28T11:20:12Z,32.532666666666664,32.532666666666664,8.623666666666667,6.77,58.1,-0.03,0.2833333333333333,-0.42,NA,7.41,245.26666666666668,245.36666666666667,0.12,159,3.148430411903466,36.59533,-93.31364,281.43333333333334,982.4
098,2026-05-28,2026-05-28T11:20:15Z,32.628,32.628,8.622333333333334,6.796666666666667,58.266666666666666,-0.006666666666666667,0.23333333333333334,-0.44666666666666666,NA,7.413333333333333,245.5,245.2,0.12,159,3.157684630738523,36.59533,-93.31364,281.3666666666667,982.4
098,2026-05-28,2026-05-28T11:20:18Z,32.688,32.688,8.610333333333333,6.8133333333333335,58.43333333333333,0.0033333333333333327,0.26,-0.4166666666666667,NA,7.42,245.73333333333332,245.13333333333333,0.12,159,3.1634458356015243,36.59532333333333,-93.31364,281.1,982.3555555555556
098,2026-05-28,2026-05-28T11:20:21Z,32.757666666666665,32.757666666666665,8.594666666666667,6.83,58.56666666666667,-0.026666666666666665,0.20333333333333334,-0.44333333333333336,NA,7.42,245.96666666666667,244.96666666666667,0.12,159,3.1702050444565417,36.59532,-93.31364,280.8,982.4
098,2026-05-28,2026-05-28T11:20:24Z,32.839333333333336,32.839333333333336,8.577666666666667,6.8533333333333335,58.733333333333334,-0.0033333333333333335,0.3,-0.43,NA,7.42,246.23333333333332,244.4,0.12,159,3.1780983487570316,36.59532,-93.31364,280.8,982.4
098,2026-05-28,2026-05-28T11:20:27Z,32.913333333333334,32.913333333333334,8.568666666666667,6.89,59.03333333333333,-0.016666666666666666,0.2733333333333333,-0.32,NA,7.42,246.4,244,0.12,158.66666666666666,3.185265831972419,36.59532,-93.31364,280.8666666666667,982.4
098,2026-05-28,2026-05-28T11:20:30Z,32.986333333333334,32.986333333333334,8.558333333333334,6.93,59.36666666666667,-0.03333333333333333,0.2833333333333333,-0.34,NA,7.43,246.6,243.76666666666668,0.12,158,3.192319905643259,36.59531,-93.31364,280.40000000000003,982.4
098,2026-05-28,2026-05-28T11:20:33Z,33.056333333333335,33.056333333333335,8.560333333333334,6.97,59.7,-0.03333333333333333,0.17666666666666667,-0.44,NA,7.43,246.8,243.7,0.12,158,3.1991471602250043,36.59531,-93.31364,280.1666666666667,982.3555555555556
098,2026-05-28,2026-05-28T11:20:36Z,33.107,33.107,8.551666666666668,7.006666666666667,60,-0.043333333333333335,0.3433333333333333,-0.25666666666666665,NA,7.43,247.03333333333333,243.43333333333334,0.12,158,3.204023770640537,36.59531,-93.31364,279.8666666666667,982.3555555555556
098,2026-05-28,2026-05-28T11:20:39Z,33.151333333333334,33.151333333333334,8.547,7.04,60.266666666666666,-0.05,0.23666666666666666,-0.48,NA,7.43,247.16666666666666,243.4,0.12,158,3.2083333333333335,36.59531,-93.31364,279.76666666666665,982.3555555555556
098,2026-05-28,2026-05-28T11:20:42Z,33.21,33.21,8.533999999999999,7.0633333333333335,60.46666666666667,-0.016666666666666666,0.27666666666666667,-0.32333333333333336,NA,7.43,247.4,243.26666666666668,0.12,158,3.2139811286517874,36.59531,-93.31364,279.8,982.3555555555556
098,2026-05-28,2026-05-28T11:20:45Z,33.27766666666667,33.27766666666667,8.526666666666667,7.09,60.66666666666667,-0.03,0.21,-0.43666666666666665,NA,7.43,247.66666666666666,243.3,0.12,158,3.22053620032662,36.59531,-93.31364,279.8666666666667,982.4
098,2026-05-28,2026-05-28T11:20:48Z,33.333,33.333,8.523666666666667,7.11,60.86666666666667,0.006666666666666666,0.24333333333333332,-0.29,NA,7.43,247.86666666666667,243.06666666666666,0.12,158,3.2259344946470696,36.59531,-93.31364,280.06666666666666,982.4
098,2026-05-28,2026-05-28T11:20:51Z,33.41733333333333,33.41733333333333,8.517666666666667,7.126666666666667,61,-0.03,0.33666666666666667,-0.37,NA,7.43,248.1,243.23333333333332,0.12,158,3.2340772999455636,36.59531,-93.31364,280.59999999999997,982.4444444444445
098,2026-05-28,2026-05-28T11:20:54Z,33.49166666666667,33.49166666666667,8.515333333333333,7.14,61.1,-0.05,0.17666666666666667,-0.41,NA,7.43,248.33333333333334,243.13333333333333,0.12,158,3.2412674650698605,36.59531,-93.31364,280.8333333333333,982.4
098,2026-05-28,2026-05-28T11:20:57Z,33.60666666666667,33.60666666666667,8.504333333333333,7.14,61.1,0.003333333333333334,0.21333333333333335,-0.41000000000000003,NA,7.43,248.5,243.26666666666668,0.12,158,3.2523816004354926,36.59531,-93.31364,280.76666666666665,982.4
098,2026-05-28,2026-05-28T11:21:00Z,33.67366666666667,33.67366666666667,8.5,7.133333333333333,61,0.016666666666666666,0.32,-0.4066666666666667,NA,7.43,248.7,243.16666666666666,0.12,158,3.2588686263835966,36.59531,-93.31364,281.3,982.3555555555556
098,2026-05-28,2026-05-28T11:21:03Z,33.779,33.779,8.493333333333332,7.13,61,-0.04,0.13666666666666666,-0.39,NA,7.43,248.9,243.03333333333333,0.12,158,3.26909816730176,36.59531,-93.31364,281.76666666666665,982.3111111111111
098,2026-05-28,2026-05-28T11:21:06Z,33.873,33.873,8.488666666666667,7.13,60.96666666666667,-0.013333333333333334,0.23,-0.43,NA,7.43,249.1,243.16666666666666,0.12,158,3.278170930865542,36.59531,-93.31364,282.4,982.4
098,2026-05-28,2026-05-28T11:21:12Z,33.95466666666667,33.95466666666667,8.483,7.13,60.96666666666667,-0.016666666666666666,0.2733333333333333,-0.31666666666666665,NA,7.43,249.53333333333333,243.13333333333333,0.12,158,3.286086917074941,36.59531,-93.31364,282.4,982.4
098,2026-05-28,2026-05-28T11:21:15Z,34.05733333333333,34.05733333333333,8.470333333333333,7.13,60.93333333333333,-0.03666666666666667,0.22999999999999998,-0.48666666666666664,NA,7.43,249.7,243.3,0.12,158,3.2959989112683723,36.59531,-93.31364,282.1,982.4
098,2026-05-28,2026-05-28T11:21:18Z,34.16733333333333,34.16733333333333,8.465666666666666,7.136666666666667,61,-5.785235029746871e-19,0.27,-0.5166666666666667,NA,7.43,249.93333333333334,243.16666666666666,0.12,158,3.3066820903647254,36.59531,-93.31364,282.03333333333336,982.3555555555556
098,2026-05-28,2026-05-28T11:21:21Z,34.199333333333335,34.199333333333335,8.460666666666667,7.14,61,0,0.26666666666666666,-0.4066666666666667,NA,7.43,250.2,243.43333333333334,0.12,158,3.309766829976411,36.59531,-93.31364,282.1,982.4
098,2026-05-28,2026-05-28T11:21:24Z,34.326,34.326,8.455666666666668,7.14,61,-0.04666666666666667,0.21666666666666667,-0.5033333333333334,NA,7.43,250.46666666666667,243.5,0.12,158,3.322060424605335,36.59531,-93.31364,282.23333333333335,982.3555555555556
098,2026-05-28,2026-05-28T11:21:27Z,34.43966666666667,34.43966666666667,8.448666666666666,7.133333333333333,60.93333333333333,-0.013333333333333334,0.18666666666666668,-0.5233333333333333,NA,7.42,250.7,243.4,0.12,158,3.3330384685175103,36.59531,-93.31364,282.3,982.3555555555556
098,2026-05-28,2026-05-28T11:21:30Z,34.509,34.509,8.442333333333334,7.126666666666667,60.86666666666667,0.0033333333333333335,0.27,-0.49333333333333335,NA,7.42,250.9,243.36666666666667,0.12,158,3.3397296316457994,36.59531,-93.31364,281.76666666666665,982.4
098,2026-05-28,2026-05-28T11:21:33Z,34.55866666666667,34.55866666666667,8.434666666666667,7.12,60.8,-0.03333333333333333,0.2533333333333333,-0.44666666666666666,NA,7.42,251.1,243.13333333333333,0.12,158,3.3445381963346037,36.59531,-93.31364,281.46666666666664,982.3555555555556
098,2026-05-28,2026-05-28T11:21:36Z,34.62533333333333,34.62533333333333,8.433333333333334,7.11,60.7,0,0.30666666666666664,-0.36666666666666664,NA,7.42,251.36666666666667,243.33333333333334,0.12,158,3.3510252222827073,36.595303333333334,-93.31364,281.8666666666667,982.4
098,2026-05-28,2026-05-28T11:21:39Z,34.67033333333333,34.67033333333333,8.429666666666666,7.1066666666666665,60.7,-0.04,0.23666666666666666,-0.28,NA,7.42,251.5,243.23333333333332,0.12,158,3.355380148793323,36.5953,-93.31364,282.1,982.4
098,2026-05-28,2026-05-28T11:21:42Z,34.724333333333334,34.724333333333334,8.428333333333333,7.1,60.6,-0.01,0.3233333333333333,-0.46,NA,7.42,251.73333333333332,243.33333333333334,0.12,158,3.360596987842497,36.59529666666667,-93.31364,282.3,982.3111111111111
098,2026-05-28,2026-05-28T11:21:45Z,34.762,34.762,8.427,7.096666666666667,60.6,-0.06333333333333332,0.18333333333333332,-0.3666666666666667,NA,7.42,251.93333333333334,243.43333333333334,0.12,158,3.364248775176919,36.59529,-93.31364,282.26666666666665,982.3111111111111
098,2026-05-28,2026-05-28T11:21:48Z,34.791,34.791,8.427,7.09,60.5,-0.020000000000000004,0.33,-0.4666666666666667,NA,7.42,252.13333333333333,243.43333333333334,0.12,158,3.367061331881691,36.59529,-93.31364,281.8666666666667,982.3555555555556
098,2026-05-28,2026-05-28T11:21:57Z,34.87566666666667,34.87566666666667,8.423666666666666,7.09,60.5,-0.023333333333333334,0.17666666666666667,-0.30333333333333334,NA,7.42,252.86666666666667,243.66666666666666,0.12,158,3.3752041371801855,36.59529,-93.31365,281.26666666666665,982.3555555555556
098,2026-05-28,2026-05-28T11:22:00Z,34.96966666666667,34.96966666666667,8.42,7.09,60.5,0.03333333333333333,0.24666666666666667,-0.41333333333333333,NA,7.42,253.1,243.63333333333333,0.12,158,3.3843676283796045,36.59529,-93.31365,280.73333333333335,982.3555555555556
098,2026-05-28,2026-05-28T11:22:03Z,34.99633333333333,34.99633333333333,8.418666666666667,7.09,60.5,0.0033333333333333335,0.36,-0.3566666666666667,NA,7.43,253.3,243.66666666666666,0.12,158,3.386908002177463,36.59529,-93.31364333333333,280.1333333333333,982.3555555555556
098,2026-05-28,2026-05-28T11:22:06Z,35.068333333333335,35.068333333333335,8.414666666666665,7.09,60.5,0.009999999999999998,0.18333333333333332,-0.43666666666666665,NA,7.42,253.56666666666666,243.6,0.12,158,3.3938486663037564,36.59529,-93.31364,279.76666666666665,982.3555555555556
098,2026-05-28,2026-05-28T11:22:09Z,35.153333333333336,35.153333333333336,8.412333333333335,7.09,60.5,0.0033333333333333335,0.26666666666666666,-0.3333333333333333,NA,7.42,253.76666666666668,243.6,0.12,158,3.4021048811467973,36.59529,-93.31364,279.43333333333334,982.3111111111111
098,2026-05-28,2026-05-28T11:22:12Z,35.22533333333333,35.22533333333333,8.408,7.086666666666667,60.46666666666667,-0.016666666666666666,0.2633333333333333,-0.4066666666666667,NA,7.42,254,243.73333333333332,0.12,158.33333333333334,3.4090682271819994,36.59529,-93.31364333333333,279.1333333333333,982.3111111111111
098,2026-05-28,2026-05-28T11:22:15Z,35.29533333333333,35.29533333333333,8.3966666666666665,7.076666666666667,60.4,-0.006666666666666667,0.32,-0.45666666666666667,NA,7.42,254.13333333333333,243.7,0.12,158,3.415850117945926,36.59529,-93.31364666666667,278.8666666666667,982.4
098,2026-05-28,2026-05-28T11:22:18Z,35.369,35.369,8.390333333333334,7.07,60.3,0,0.24000000000000002,-0.3933333333333333,NA,7.42,254.36666666666667,243.83333333333334,0.12,158.66666666666666,3.4229495554345855,36.59529,-93.31365,279.1666666666667,982.4
098,2026-05-28,2026-05-28T11:22:21Z,35.45733333333333,35.45733333333333,8.383666666666667,7.056666666666667,60.16666666666667,-0.030000000000000002,0.2366666666666667,-0.4,NA,7.42,254.56666666666666,243.7,0.12,158,3.4315459989112687,36.59529,-93.31365,279.0333333333333,982.4
098,2026-05-28,2026-05-28T11:22:24Z,35.492666666666665,35.492666666666665,8.38,7.046666666666667,60.06666666666667,-0.0033333333333333335,0.31666666666666665,-0.4033333333333333,NA,7.42,254.73333333333332,243.73333333333332,0.12,158,3.4349709671565956,36.59529,-93.31365666666666,279.5,982.3111111111111
098,2026-05-28,2026-05-28T11:22:27Z,35.58766666666667,35.58766666666667,8.374666666666666,7.033333333333333,59.96666666666667,-0.01,0.24000000000000002,-0.47000000000000003,NA,7.42,254.96666666666667,243.8,0.12,158,3.4441344583560154,36.59529,-93.31366,279.73333333333335,982.3111111111111
098,2026-05-28,2026-05-28T11:22:30Z,35.71066666666667,35.71066666666667,8.370666666666667,7.023333333333333,59.86666666666667,-0.016666666666666666,0.2566666666666667,-0.42333333333333334,NA,7.42,255.13333333333333,243.9,0.12,159,3.4560424605334785,36.59529,-93.31366,279.8666666666667,982.3555555555556
098,2026-05-28,2026-05-28T11:22:33Z,35.81733333333334,35.81733333333334,8.361666666666666,7.01,59.733333333333334,0.01,0.31666666666666665,-0.43333333333333335,NA,7.42,255.36666666666667,243.9,0.12,159,3.46636272908728,36.59529,-93.31366,279.96666666666664,982.3555555555556
098,2026-05-28,2026-05-28T11:22:36Z,35.888666666666666,35.888666666666666,8.36,7.003333333333333,59.7,-0.030000000000000002,0.20666666666666667,-0.43333333333333335,NA,7.42,255.56666666666666,243.93333333333334,0.12,159,3.4732807113046635,36.59529,-93.31366,280.1,982.4
098,2026-05-28,2026-05-28T11:22:39Z,35.961333333333336,35.961333333333336,8.361333333333334,6.996666666666667,59.63333333333333,-0.023333333333333334,0.25,-0.4633333333333333,NA,7.416666666666667,255.7,243.9,0.12,159,3.480312103066594,36.59529,-93.31366,280.1666666666667,982.3555555555556
098,2026-05-28,2026-05-28T11:22:42Z,36.02433333333333,36.02433333333333,8.359,6.986666666666667,59.56666666666667,-0.05,0.2,-0.4666666666666667,NA,7.41,255.9,243.93333333333334,0.12,159,3.4864362184721465,36.59529,-93.31366,280.1333333333333,982.2666666666668
098,2026-05-28,2026-05-28T11:22:45Z,36.04866666666667,36.04866666666667,8.358,6.976666666666667,59.46666666666667,0.013333333333333334,0.2833333333333333,-0.4533333333333333,NA,7.41,256.1666666666667,244.06666666666666,0.12,159,3.48877245508982,36.59529,-93.31366,280.1,982.2666666666668
098,2026-05-28,2026-05-28T11:22:48Z,36.117666666666665,36.117666666666665,8.357666666666667,6.97,59.4,-0.006666666666666666,0.26,-0.4166666666666667,NA,7.41,256.3333333333333,244.2,0.12,159,3.4954409363092,36.5953,-93.31366,280.3,982.2666666666668
098,2026-05-28,2026-05-28T11:26:09Z,36.175,36.175,8.287,7.033333333333333,59.83333333333333,-0.043333333333333335,0.2,-0.4066666666666667,NA,7.43,269.1,242.9,0.12,158,3.5010660497187445,36.59547333333333,-93.31359,280.7,982.3555555555556
098,2026-05-28,2026-05-28T11:22:51Z,36.20166666666667,36.20166666666667,8.352666666666666,6.96,59.3,-0.01,0.2,-0.4866666666666667,NA,7.41,256.56666666666666,244.13333333333333,0.12,159,3.503629105425513,36.5953,-93.31366,280.53333333333336,982.3555555555556
098,2026-05-28,2026-05-28T11:22:54Z,36.268,36.268,8.343666666666667,6.953333333333333,59.233333333333334,0.02,0.2733333333333333,-0.55,NA,7.41,256.76666666666665,244.23333333333335,0.12,159,3.5100027218290695,36.5953,-93.31366,280.26666666666665,982.3111111111111
098,2026-05-28,2026-05-28T11:26:12Z,36.301,36.301,8.287333333333333,7.04,59.9,5.785235029746871e-19,0.22,-0.49,NA,7.43,269.23333333333335,242.86666666666667,0.12,158,3.5132235528942117,36.59548,-93.31358,280.76666666666665,982.4
098,2026-05-28,2026-05-28T11:22:57Z,36.311,36.311,8.340666666666667,6.943333333333333,59.16666666666667,-0.023333333333333334,0.2733333333333333,-0.42333333333333334,NA,7.41,256.96666666666664,244.3,0.12,159,3.514176193068409,36.595306666666666,-93.31366,280.1666666666667,982.2666666666668
098,2026-05-28,2026-05-28T11:23:00Z,36.361666666666665,36.361666666666665,8.332,6.9366666666666665,59.06666666666667,-0.02,0.25,-0.37333333333333335,NA,7.41,257.1333333333333,244.3,0.12,159,3.51909816730176,36.59531,-93.31366,280.26666666666665,982.3555555555556
098,2026-05-28,2026-05-28T11:26:15Z,36.389,36.389,8.281,7.043333333333333,59.9,-0.043333333333333335,0.26,-0.38333333333333336,NA,7.43,269.4,242.86666666666667,0.12,158,3.521751950644166,36.595483333333334,-93.31358,280.53333333333336,982.4
098,2026-05-28,2026-05-28T11:23:03Z,36.455999999999996,36.455999999999996,8.326333333333334,6.93,59,0.006666666666666667,0.2833333333333333,-0.35333333333333333,NA,7.41,257.3,244.13333333333333,0.12,159,3.5282616585011795,36.59531,-93.31366,280.26666666666665,982.1777777777778
098,2026-05-28,2026-05-28T11:26:18Z,36.47666666666667,36.47666666666667,8.268333333333333,7.05,59.9,-0.01,0.29,-0.46,NA,7.43,269.6333333333333,242.93333333333334,0.12,158,3.530212302667392,36.59549,-93.31358,280.6,982.4
098,2026-05-28,2026-05-28T11:23:06Z,36.540333333333336,36.540333333333336,8.319666666666667,6.93,59,-0.03,0.2,-0.3066666666666667,NA,7.41,257.53333333333336,243.83333333333334,0.12,158.33333333333334,3.536381781890764,36.59531,-93.31366,279.8333333333333,982.3555555555556
098,2026-05-28,2026-05-28T11:26:21Z,36.59866666666667,36.59866666666667,8.262333333333332,7.05,59.93333333333333,0.01,0.29333333333333333,-0.5333333333333333,NA,7.43,269.73333333333335,242.9,0.12,158,3.5420522591181274,36.59549,-93.31358,280.46666666666664,982.3111111111111
098,2026-05-28,2026-05-28T11:23:09Z,36.617666666666665,36.617666666666665,8.314666666666666,6.943333333333333,59.1,0.0033333333333333335,0.28,-0.36333333333333334,NA,7.41,257.76666666666665,243.9,0.12,159,3.543889493739793,36.59531,-93.31366,279.46666666666664,982.3555555555556
098,2026-05-28,2026-05-28T11:25:12Z,36.681,36.681,8.269333333333334,7,59.56666666666667,0.01,0.28,-0.31666666666666665,NA,7.42,265.6666666666667,242.9,0.12,158,3.5499909272364363,36.59541,-93.31361,280.1333333333333,982.3555555555556
098,2026-05-28,2026-05-28T11:23:12Z,36.693333333333335,36.693333333333335,8.304,6.95,59.16666666666667,0,0.28,-0.3466666666666667,NA,7.41,257.96666666666664,243.63333333333333,0.12,158,3.5511930684086375,36.59531,-93.31366,279.73333333333335,982.3111111111111
098,2026-05-28,2026-05-28T11:25:15Z,36.711,36.711,8.268,7.003333333333333,59.6,-0.026666666666666665,0.25333333333333335,-0.41333333333333333,NA,7.42,265.8333333333333,243.03333333333333,0.12,158,3.552939575394665,36.59541,-93.31361333333334,279.96666666666664,982.4
098,2026-05-28,2026-05-28T11:23:15Z,36.74433333333334,36.74433333333334,8.297666666666666,6.96,59.233333333333334,-0.03333333333333333,0.24333333333333332,-0.43,NA,7.41,258.2,243.6,0.12,158,3.556160406459808,36.59531,-93.31366,280.40000000000003,982.3555555555556
098,2026-05-28,2026-05-28T11:26:24Z,36.75233333333333,36.75233333333333,8.249666666666666,7.05,59.9,0.0033333333333333335,0.20333333333333334,-0.37666666666666665,NA,7.43,269.96666666666664,243,0.12,158,3.5569089094538198,36.59549,-93.31358,280.46666666666664,982.4
098,2026-05-28,2026-05-28T11:23:21Z,36.858999999999995,36.858999999999995,8.281,6.983333333333333,59.43333333333333,0.03,0.23333333333333334,-0.48333333333333334,NA,7.42,258.6,243.33333333333334,0.12,158,3.5672518599165306,36.59531,-93.31366,280.8666666666667,982.2666666666667
098,2026-05-28,2026-05-28T11:26:27Z,36.903333333333336,36.903333333333336,8.242666666666667,7.05,59.9,-0.023333333333333334,0.31333333333333335,-0.43666666666666665,NA,7.426666666666667,270.1,242.96666666666667,0.12,158,3.571561422609327,36.59549,-93.31358,280.9,982.4
098,2026-05-28,2026-05-28T11:23:24Z,36.91733333333333,36.91733333333333,8.273666666666665,6.996666666666667,59.5,-0.05,0.21333333333333335,-0.5566666666666666,NA,7.413333333333333,258.8333333333333,243.23333333333332,0.12,158,3.5728769733260752,36.59531,-93.31366,280.73333333333335,982.3555555555556
098,2026-05-28,2026-05-28T11:23:27Z,36.971666666666664,36.971666666666664,8.273,7,59.53333333333333,-0.0033333333333333335,0.27666666666666667,-0.43,NA,7.41,259.03333333333336,243.2,0.12,158,3.578116494284159,36.59531666666667,-93.31366,281.06666666666666,982.3111111111111
098,2026-05-28,2026-05-28T11:23:30Z,37.065666666666665,37.065666666666665,8.264333333333333,7.006666666666667,59.6,0.0033333333333333335,0.20333333333333334,-0.4066666666666667,NA,7.41,259.23333333333335,243.13333333333333,0.12,158,3.5872573035746687,36.59532,-93.31366,281.23333333333335,982.4
098,2026-05-28,2026-05-28T11:23:39Z,37.102666666666664,37.102666666666664,8.249666666666666,7,59.5,-0.016666666666666666,0.24333333333333335,-0.4166666666666667,NA,7.41,259.76666666666665,243.06666666666666,0.12,158,3.5908410451823625,36.59532,-93.31365333333333,281.5,982.4
098,2026-05-28,2026-05-28T11:26:30Z,37.10633333333333,37.10633333333333,8.235333333333333,7.046666666666667,59.86666666666667,0.01,0.22,-0.39666666666666667,NA,7.42,270.3,243,0.12,158,3.591203955724914,36.59549,-93.31358,281.1333333333333,982.3555555555556
098,2026-05-28,2026-05-28T11:26:33Z,37.30866666666667,37.30866666666667,8.227333333333334,7.033333333333333,59.733333333333334,-0.003333333333333334,0.32,-0.44,NA,7.42,270.43333333333334,243,0.12,158,3.6107784431137726,36.59549,-93.31358,281.06666666666666,982.3111111111111
098,2026-05-28,2026-05-28T11:26:36Z,37.48833333333334,37.48833333333334,8.217666666666666,7.03,59.7,-0.026666666666666665,0.20666666666666667,-0.4266666666666667,NA,7.42,270.6,243,0.12,158,3.628152785338414,36.59549,-93.31358,281.03333333333336,982.3111111111111
098,2026-05-28,2026-05-28T11:26:39Z,37.64833333333333,37.64833333333333,8.212666666666665,7.02,59.6,-0.016666666666666666,0.3433333333333333,-0.41333333333333333,NA,7.42,270.8,242.96666666666667,0.12,158,3.643621847214662,36.5955,-93.31358,281.3333333333333,982.4
098,2026-05-28,2026-05-28T11:26:42Z,37.800666666666665,37.800666666666665,8.208,7.013333333333333,59.56666666666667,-0.006666666666666667,0.31666666666666665,-0.43666666666666665,NA,7.42,270.93333333333334,243,0.12,158,3.658387769914716,36.5955,-93.31358,281.3,982.4
098,2026-05-28,2026-05-28T11:26:45Z,37.976333333333336,37.976333333333336,8.199,7.01,59.5,-0.03666666666666667,0.2533333333333333,-0.47,NA,7.42,271.1666666666667,243,0.12,158,3.675421883505716,36.5955,-93.31358,281.1,982.3555555555556
098,2026-05-28,2026-05-28T11:26:48Z,38.10466666666667,38.10466666666667,8.194333333333333,7,59.43333333333333,-0.03,0.3333333333333333,-0.46,NA,7.41,271.3333333333333,243.16666666666666,0.12,158,3.687828887679187,36.5955,-93.31358666666667,280.9,982.3111111111111
098,2026-05-28,2026-05-28T11:26:51Z,38.23566666666667,38.23566666666667,8.189666666666668,6.993333333333333,59.36666666666667,0.0033333333333333335,0.19,-0.46,NA,7.41,271.46666666666664,242.96666666666667,0.12,158,3.7005307566684813,36.5955,-93.31359,280.5,982.3111111111111
098,2026-05-28,2026-05-28T11:26:54Z,38.340333333333334,38.340333333333334,8.189,6.986666666666667,59.3,-5.779588143431843e-19,0.27999999999999997,-0.33666666666666667,NA,7.41,271.6333333333333,243.13333333333333,0.12,158,3.7106468880420977,36.5955,-93.31359,279.8666666666667,982.3555555555556
098,2026-05-28,2026-05-28T11:26:57Z,38.443666666666665,38.443666666666665,8.185333333333332,6.976666666666667,59.233333333333334,-0.04666666666666667,0.24000000000000002,-0.43,NA,7.41,271.8333333333333,243.16666666666666,0.12,158,3.720604246053348,36.5955,-93.31359,279.8,982.3555555555556
098,2026-05-28,2026-05-28T11:27:00Z,38.522666666666666,38.522666666666666,8.176,6.97,59.13333333333333,-0.023333333333333334,0.31333333333333335,-0.42666666666666664,NA,7.41,271.93333333333334,243.33333333333334,0.12,158,3.7283160950825622,36.5955,-93.31359666666667,279.8333333333333,982.3111111111111
098,2026-05-28,2026-05-28T11:27:03Z,38.608,38.608,8.169333333333332,6.963333333333333,59.1,-0.023333333333333334,0.25,-0.3,NA,7.41,272.1333333333333,243.43333333333334,0.12,158,3.736572309925603,36.5955,-93.3136,279.4,982.3111111111111
098,2026-05-28,2026-05-28T11:27:06Z,38.647666666666666,38.647666666666666,8.167,6.956666666666667,59,-0.02,0.28,-0.6,NA,7.41,272.26666666666665,243.56666666666666,0.12,158,3.740382870622392,36.5955,-93.31361,278.3333333333333,982.4
098,2026-05-28,2026-05-28T11:27:09Z,38.724000000000004,38.724000000000004,8.161666666666667,6.95,58.93333333333333,-1.1564823173178713e-18,0.19666666666666666,-0.43333333333333335,NA,7.41,272.43333333333334,243.6,0.12,158,3.7478225367446925,36.5955,-93.31361,278.43333333333334,982.2666666666668
098,2026-05-28,2026-05-28T11:27:12Z,38.79333333333333,38.79333333333333,8.156333333333333,6.943333333333333,58.9,-0.023333333333333334,0.3,-0.3066666666666667,NA,7.41,272.56666666666666,243.73333333333332,0.12,158,3.7544683360551625,36.5955,-93.31361,278.43333333333334,982.3555555555556
098,2026-05-28,2026-05-28T11:27:15Z,38.875,38.875,8.149666666666667,6.933333333333334,58.8,0,0.2733333333333333,-0.41333333333333333,NA,7.41,272.76666666666665,243.63333333333333,0.12,158,3.7624296860823807,36.5955,-93.31361,278.5,982.3555555555556
098,2026-05-28,2026-05-28T11:27:18Z,38.940666666666665,38.940666666666665,8.146333333333333,6.93,58.8,-0.01,0.33666666666666667,-0.5233333333333333,NA,7.41,272.9,243.6,0.12,158,3.7687579386681183,36.5955,-93.31361,278.43333333333334,982.3111111111111
098,2026-05-28,2026-05-28T11:27:21Z,38.96333333333333,38.96333333333333,8.145,6.93,58.766666666666666,-0.02,0.27666666666666667,-0.43333333333333335,NA,7.41,273.03333333333336,243.6,0.12,158,3.7709354019234262,36.5955,-93.31361333333334,278.26666666666665,982.3111111111111
098,2026-05-28,2026-05-28T11:27:24Z,39.021,39.021,8.14,6.926666666666667,58.7,0.01,0.32999999999999996,-0.47333333333333333,NA,7.41,273.2,243.63333333333333,0.12,158,3.776537833424061,36.59549,-93.31361333333334,278,982.3111111111111
098,2026-05-28,2026-05-28T11:27:27Z,39.06333333333333,39.06333333333333,8.131666666666666,6.92,58.7,-0.03,0.22,-0.37,NA,7.41,273.3666666666667,243.63333333333333,0.12,158,3.7806205770277628,36.59549,-93.31361333333334,277.8,982.3555555555556
098,2026-05-28,2026-05-28T11:27:30Z,39.117666666666665,39.117666666666665,8.123,6.923333333333333,58.7,-0.006666666666666667,0.30333333333333334,-0.4066666666666667,NA,7.41,273.56666666666666,243.66666666666666,0.12,158,3.785882779894756,36.59549,-93.31362,277.6333333333333,982.3111111111111
098,2026-05-28,2026-05-28T11:27:33Z,39.15033333333333,39.15033333333333,8.121,6.92,58.7,-0.006666666666666667,0.23666666666666666,-0.37333333333333335,NA,7.41,273.76666666666665,243.63333333333333,0.12,158,3.7890128833242605,36.59549,-93.31362,277.43333333333334,982.3555555555556
098,2026-05-28,2026-05-28T11:27:36Z,39.217666666666666,39.217666666666666,8.117333333333333,6.923333333333333,58.7,-0.02666666666666667,0.33666666666666667,-0.38666666666666666,NA,7.41,273.9,243.53333333333333,0.12,158,3.795590636908002,36.59549,-93.31361666666666,277.5333333333333,982.2222222222223
098,2026-05-28,2026-05-28T11:27:39Z,39.26833333333333,39.26833333333333,8.113333333333333,6.93,58.7,-0.02666666666666667,0.23666666666666666,-0.5133333333333333,NA,7.41,274.1666666666667,243.43333333333334,0.12,158,3.8004672473235352,36.595486666666666,-93.31361333333334,277.9,982.2666666666668
098,2026-05-28,2026-05-28T11:27:42Z,39.29,39.29,8.109,6.93,58.7,0.016666666666666666,0.3466666666666667,-0.4666666666666667,NA,7.41,274.3,243.53333333333333,0.12,158,3.802576664852114,36.59548,-93.31361,278.3,982.2666666666668
098,2026-05-28,2026-05-28T11:27:45Z,39.312333333333335,39.312333333333335,8.103666666666667,6.93,58.7,-0.0033333333333333335,0.19666666666666666,-0.5133333333333333,NA,7.41,274.46666666666664,243.6,0.12,158,3.804708764289603,36.59548,-93.31361,278.5,982.3555555555556
098,2026-05-28,2026-05-28T11:27:48Z,39.37866666666667,39.37866666666667,8.101333333333333,6.93,58.7,-0.03,0.31333333333333335,-0.4166666666666667,NA,7.41,274.6333333333333,243.5,0.12,158,3.8111957902377065,36.59548,-93.31362,278.6,982.4
098,2026-05-28,2026-05-28T11:27:51Z,39.42166666666667,39.42166666666667,8.098333333333334,6.93,58.7,-0.07,0.22666666666666668,-0.4766666666666667,NA,7.41,274.8,243.43333333333334,0.12,158,3.8153012157503174,36.59548,-93.31362,278.7,982.4
098,2026-05-28,2026-05-28T11:27:54Z,39.455333333333336,39.455333333333336,8.098666666666666,6.93,58.7,-0.03333333333333333,0.2733333333333333,-0.37666666666666665,NA,7.41,274.93333333333334,243.4,0.12,158,3.8185447287243695,36.59548,-93.31362,278.9,982.4
098,2026-05-28,2026-05-28T11:27:57Z,39.502,39.502,8.095,6.926666666666667,58.66666666666667,-0.030000000000000002,0.24666666666666665,-0.3566666666666667,NA,7.41,275.06666666666666,243.36666666666667,0.12,158,3.8231037924151696,36.59547,-93.31362,278.96666666666664,982.3555555555556
098,2026-05-28,2026-05-28T11:28:00Z,39.531666666666666,39.531666666666666,8.092666666666666,6.92,58.6,-0.03666666666666667,0.2733333333333333,-0.4,NA,7.41,275.3,243.53333333333333,0.12,158,3.82598439484667,36.59547,-93.31362,279.06666666666666,982.4
098,2026-05-28,2026-05-28T11:28:03Z,39.58233333333333,39.58233333333333,8.086666666666668,6.92,58.6,0.006666666666666667,0.24,-0.3933333333333333,NA,7.406666666666667,275.46666666666664,243.5,0.12,158,3.8308610052622027,36.59547,-93.31362,279.23333333333335,982.4
098,2026-05-28,2026-05-28T11:28:06Z,39.64833333333333,39.64833333333333,8.083333333333334,6.92,58.6,0.02,0.2966666666666667,-0.38666666666666666,NA,7.4,275.6666666666667,243.36666666666667,0.12,158,3.837257303574669,36.59547,-93.31362,279.3666666666667,982.4
098,2026-05-28,2026-05-28T11:28:12Z,39.682,39.682,8.082333333333334,6.92,58.56666666666667,-0.02,0.23333333333333334,-0.44,NA,7.4,276,243.26666666666665,0.12,158,3.8405234984576304,36.59547,-93.31362,279.4,982.2666666666668
098,2026-05-28,2026-05-28T11:28:15Z,39.717,39.717,8.076333333333332,6.92,58.56666666666667,0.0033333333333333335,0.36666666666666664,-0.4633333333333333,NA,7.4,276.1333333333333,243.53333333333333,0.12,158,3.8438804209762294,36.59547,-93.31362,279.4,982.3111111111111
098,2026-05-28,2026-05-28T11:28:18Z,39.76,39.76,8.075666666666667,6.92,58.53333333333333,-0.02,0.25,-0.4,NA,7.4,276.26666666666665,243.43333333333334,0.12,158,3.848076574124478,36.59547,-93.31363,279.3333333333333,982.3111111111111
098,2026-05-28,2026-05-28T11:28:21Z,39.803666666666665,39.803666666666665,8.072333333333333,6.916666666666667,58.53333333333333,-0.03666666666666667,0.27999999999999997,-0.37333333333333335,NA,7.4,276.46666666666664,243.43333333333334,0.12,158,3.852295409181637,36.59546,-93.31363,279.23333333333335,982.2666666666667
098,2026-05-28,2026-05-28T11:28:24Z,39.851333333333336,39.851333333333336,8.068666666666667,6.92,58.5,-0.016666666666666666,0.25333333333333335,-0.4766666666666667,NA,7.4,276.56666666666666,243.4,0.12,158,3.8568998366902556,36.59546,-93.31363,279.1333333333333,982.3111111111111
098,2026-05-28,2026-05-28T11:28:27Z,39.888666666666666,39.888666666666666,8.066333333333333,6.916666666666667,58.5,-0.0033333333333333335,0.27,-0.45,NA,7.4,276.7,243.4,0.12,158,3.8605289421157685,36.59546,-93.31363,279.1333333333333,982.3111111111111
098,2026-05-28,2026-05-28T11:28:30Z,39.957,39.957,8.065666666666667,6.913333333333333,58.5,-0.026666666666666665,0.33666666666666667,-0.37666666666666665,NA,7.4,276.8666666666667,243.4,0.12,158,3.8671747414262385,36.59546,-93.31363333333334,279.1333333333333,982.4
098,2026-05-28,2026-05-28T11:28:33Z,39.986333333333334,39.986333333333334,8.063,6.91,58.5,-0.026666666666666665,0.26666666666666666,-0.41,NA,7.4,277.1,243.26666666666668,0.12,158,3.869987298131011,36.59546,-93.31364,278.96666666666664,982.4
098,2026-05-28,2026-05-28T11:28:36Z,40.03,40.03,8.061666666666666,6.91,58.5,-0.02,0.32,-0.29666666666666663,NA,7.4,277.26666666666665,243.5,0.12,158,3.8742061331881694,36.59546,-93.31364,278.9,982.4
098,2026-05-28,2026-05-28T11:28:39Z,40.161,40.161,8.058,6.91,58.5,-0.03666666666666667,0.27,-0.43666666666666665,NA,7.4,277.43333333333334,243.53333333333333,0.12,158,3.886885320268554,36.59546,-93.31364,279,982.3555555555556
098,2026-05-28,2026-05-28T11:28:42Z,40.219,40.219,8.055,6.91,58.4,-0.0033333333333333327,0.19333333333333333,-0.4166666666666667,NA,7.4,277.53333333333336,243.56666666666666,0.12,158,3.8925104336780985,36.59545,-93.31364,279.06666666666666,982.3555555555556
098,2026-05-28,2026-05-28T11:28:45Z,40.24633333333333,40.24633333333333,8.051333333333334,6.8966666666666665,58.36666666666667,-0.03333333333333333,0.26666666666666666,-0.42333333333333334,NA,7.4,277.73333333333335,243.53333333333333,0.12,158,3.895186898929414,36.59545,-93.31364,279.03333333333336,982.3111111111111
098,2026-05-28,2026-05-28T11:28:48Z,40.33,40.33,8.051,6.89,58.266666666666666,-0.026666666666666665,0.24,-0.4033333333333333,NA,7.4,277.93333333333334,243.7,0.12,158,3.9032162946833604,36.59545,-93.31364,278.8666666666667,982.2666666666667
098,2026-05-28,2026-05-28T11:28:57Z,40.40633333333333,40.40633333333333,8.050333333333334,6.8566666666666665,58,-0.02333333333333333,0.23,-0.4966666666666667,NA,7.4,278.4,243.83333333333334,0.12,158.33333333333334,3.910633278896752,36.59545,-93.31364,278.93333333333334,982.3111111111111
098,2026-05-28,2026-05-28T11:29:00Z,40.44233333333333,40.44233333333333,8.049,6.846666666666667,57.93333333333333,-0.0033333333333333335,0.2866666666666667,-0.4266666666666667,NA,7.4,278.56666666666666,243.83333333333334,0.12,158.66666666666666,3.914126292868808,36.59545,-93.31364,278.96666666666664,982.3555555555556
098,2026-05-28,2026-05-28T11:29:03Z,40.48533333333333,40.48533333333333,8.048333333333334,6.836666666666667,57.83333333333333,-0.013333333333333332,0.36333333333333334,-0.48000000000000004,NA,7.4,278.7,244,0.12,159,3.918299764108147,36.59544666666667,-93.31364666666667,278.96666666666664,982.3555555555556
098,2026-05-28,2026-05-28T11:29:06Z,40.51133333333333,40.51133333333333,8.048333333333334,6.823333333333333,57.733333333333334,-0.006666666666666667,0.21666666666666667,-0.42,NA,7.3966666666666665,278.9,243.96666666666667,0.12,159,3.920794774088187,36.595443333333336,-93.31365,279.06666666666666,982.3111111111111
098,2026-05-28,2026-05-28T11:29:09Z,40.571666666666665,40.571666666666665,8.047666666666666,6.8133333333333335,57.63333333333333,-0.006666666666666666,0.31,-0.3466666666666667,NA,7.39,279.06666666666666,244.06666666666666,0.12,159,3.926624024677917,36.59544,-93.31365,279.06666666666666,982.2666666666668
098,2026-05-28,2026-05-28T11:29:12Z,40.60966666666666,40.60966666666666,8.046666666666667,6.8,57.53333333333333,-0.023333333333333334,0.4033333333333333,-0.38333333333333336,NA,7.39,279.23333333333335,244.13333333333333,0.12,159,3.9302984939212484,36.59544,-93.31365,278.96666666666664,982.2666666666668
098,2026-05-28,2026-05-28T11:29:15Z,40.684666666666665,40.684666666666665,8.048666666666668,6.79,57.43333333333333,-0.02,0.20666666666666667,-0.41333333333333333,NA,7.39,279.4,244.23333333333332,0.12,159,3.9376020685900928,36.59544,-93.31364333333333,278.8666666666667,982.3555555555556
098,2026-05-28,2026-05-28T11:29:18Z,40.775,40.775,8.056333333333333,6.78,57.36666666666667,0.02333333333333333,0.30666666666666664,-0.4266666666666667,NA,7.39,279.6,244.76666666666668,0.12,159,3.9463346035202322,36.59544,-93.31364,278.6666666666667,982.3555555555556
098,2026-05-28,2026-05-28T11:29:21Z,40.85633333333333,40.85633333333333,8.062666666666667,6.746666666666667,57.1,0.01,0.3433333333333333,-0.37,NA,7.39,279.76666666666665,245.4,0.12,159.66666666666666,3.954205225911813,36.59544,-93.31364,278.3666666666667,982.4
098,2026-05-28,2026-05-28T11:29:24Z,40.895,40.895,8.065,6.69,56.63333333333333,-0.013333333333333332,0.20666666666666667,-0.3233333333333333,NA,7.383333333333333,279.9,245.8,0.12,160,3.9579477408818726,36.59543,-93.31364,277.6333333333333,982.3555555555556
098,2026-05-28,2026-05-28T11:29:27Z,40.925666666666665,40.925666666666665,8.065666666666667,6.636666666666667,56.166666666666664,0.013333333333333332,0.23333333333333334,-0.42666666666666664,NA,7.38,280.1,245.9,0.12,160,3.960919070949011,36.59543,-93.31364,277.3,982.3111111111111
098,2026-05-28,2026-05-28T11:29:30Z,41.025,41.025,8.065,6.59,55.733333333333334,-0.02666666666666667,0.33666666666666667,-0.39,NA,7.38,280.23333333333335,246.1,0.12,160,3.9704908365088007,36.59543,-93.31364,277.7,982.3555555555556
098,2026-05-28,2026-05-28T11:29:33Z,41.09466666666667,41.09466666666667,8.059,6.55,55.46666666666667,-0.03666666666666667,0.25333333333333335,-0.43666666666666665,NA,7.38,280.3666666666667,246.16666666666666,0.12,160,3.9772500453638178,36.59543,-93.31364,277.93333333333334,982.3111111111111
098,2026-05-28,2026-05-28T11:29:36Z,41.163333333333334,41.163333333333334,8.060333333333334,6.533333333333333,55.233333333333334,-0.01,0.24,-0.4166666666666667,NA,7.38,280.53333333333336,246.1,0.12,160,3.983895844674288,36.59543,-93.31364,277.9666666666667,982.4
098,2026-05-28,2026-05-28T11:29:39Z,41.23466666666667,41.23466666666667,8.060333333333334,6.516666666666667,55.13333333333333,-0.006666666666666667,0.3466666666666667,-0.41333333333333333,NA,7.38,280.6666666666667,246.23333333333335,0.12,160,3.990791144982762,36.59543,-93.31364,277.6666666666667,982.3555555555556
098,2026-05-28,2026-05-28T11:29:42Z,41.315333333333335,41.315333333333335,8.060666666666666,6.503333333333333,55.03333333333333,-0.02,0.24666666666666667,-0.43333333333333335,NA,7.38,280.76666666666665,246.13333333333333,0.12,160,3.998616403556523,36.59543,-93.31364,277.43333333333334,982.3555555555556
098,2026-05-28,2026-05-28T11:29:45Z,41.355,41.355,8.059,6.486666666666667,54.86666666666667,-0.043333333333333335,0.22666666666666668,-0.37666666666666665,NA,7.38,280.93333333333334,246.33333333333334,0.12,160,4.002449646162221,36.59543,-93.31364,277.3666666666667,982.2666666666668
098,2026-05-28,2026-05-28T11:29:48Z,41.40266666666667,41.40266666666667,8.056333333333333,6.466666666666667,54.733333333333334,0.02666666666666667,0.2733333333333333,-0.45999999999999996,NA,7.38,281.1666666666667,246.36666666666667,0.12,160,4.007099437488659,36.59543,-93.31364,277.1,982.4
098,2026-05-28,2026-05-28T11:29:51Z,41.467333333333336,41.467333333333336,8.051,6.45,54.56666666666667,0.01,0.37666666666666665,-0.48,NA,7.38,281.26666666666665,246.46666666666667,0.12,160,4.013382326256578,36.59542,-93.31364666666667,276.96666666666664,982.4
098,2026-05-28,2026-05-28T11:29:54Z,41.519,41.519,8.049666666666667,6.4366666666666665,54.43333333333333,-0.013333333333333332,0.26666666666666666,-0.4766666666666667,NA,7.38,281.43333333333334,246.46666666666667,0.12,160,4.018326982398839,36.59542,-93.31365,276.56666666666666,982.3111111111111
098,2026-05-28,2026-05-28T11:29:57Z,41.550666666666665,41.550666666666665,8.048,6.423333333333333,54.33333333333333,-0.026666666666666665,0.18333333333333332,-0.45666666666666667,NA,7.38,281.56666666666666,246.43333333333334,0.12,160,4.021411722010525,36.59542,-93.31365,276.53333333333336,982.4
098,2026-05-28,2026-05-28T11:30:00Z,41.60066666666667,41.60066666666667,8.048666666666666,6.41,54.233333333333334,-0.006666666666666667,0.2633333333333333,-0.5166666666666667,NA,7.38,281.73333333333335,246.5,0.12,160,4.026242968608238,36.59542,-93.31365,276.46666666666664,982.3555555555556
098,2026-05-28,2026-05-28T11:30:03Z,41.66433333333333,41.66433333333333,8.047333333333334,6.4,54.13333333333333,-0.0033333333333333335,0.31333333333333335,-0.44666666666666666,NA,7.38,281.8333333333333,246.5,0.12,160,4.03241244783161,36.59542,-93.31365,276.6666666666667,982.2666666666668
098,2026-05-28,2026-05-28T11:30:06Z,41.68566666666667,41.68566666666667,8.046666666666667,6.39,54.06666666666667,-0.023333333333333334,0.20333333333333334,-0.4933333333333333,NA,7.38,282.06666666666666,246.6,0.12,160,4.03447650154237,36.59542,-93.31365,276.8333333333333,982.3111111111111
098,2026-05-28,2026-05-28T11:30:09Z,41.74933333333333,41.74933333333333,8.042666666666667,6.38,54,-0.05,0.22666666666666666,-0.3733333333333333,NA,7.38,282.1666666666667,246.7,0.12,160,4.040623298856832,36.59542,-93.31365,276.93333333333334,982.3111111111111
098,2026-05-28,2026-05-28T11:30:12Z,41.846666666666664,41.846666666666664,8.037333333333333,6.373333333333333,53.9,0.0033333333333333335,0.37,-0.33666666666666667,NA,7.38,282.26666666666665,246.73333333333332,0.12,160,4.050036291054255,36.59542,-93.31365,276.96666666666664,982.3555555555556
098,2026-05-28,2026-05-28T11:30:15Z,41.91766666666667,41.91766666666667,8.031,6.37,53.9,-0.043333333333333335,0.29333333333333333,-0.45666666666666667,NA,7.38,282.46666666666664,246.56666666666666,0.12,160,4.056954273271638,36.59542,-93.31365333333333,277.03333333333336,982.3111111111111
098,2026-05-28,2026-05-28T11:30:18Z,41.975,41.975,8.026666666666667,6.37,53.9,-0.03,0.2,-0.41333333333333333,NA,7.38,282.6333333333333,246.33333333333334,0.12,160,4.062488659045545,36.59542,-93.31366,277.1,982.3111111111111
098,2026-05-28,2026-05-28T11:30:21Z,42.07933333333334,42.07933333333334,8.021333333333335,6.38,53.93333333333333,-0.01,0.30666666666666664,-0.42,NA,7.38,282.73333333333335,246.3,0.12,160,4.072582108510252,36.59542,-93.31366,276.96666666666664,982.3111111111111
098,2026-05-28,2026-05-28T11:30:24Z,42.147,42.147,8.021,6.38,53.96666666666667,-0.026666666666666665,0.35333333333333333,-0.45,NA,7.38,282.93333333333334,246.36666666666667,0.12,160,4.079137180185085,36.59542,-93.31366,277.06666666666666,982.2222222222223
098,2026-05-28,2026-05-28T11:30:27Z,42.221666666666664,42.221666666666664,8.019333333333334,6.38,53.93333333333333,-0.02,0.20666666666666667,-0.37333333333333335,NA,7.37,283.03333333333336,246.4,0.12,160,4.086327345309382,36.59542,-93.31367,276.8666666666667,982.3555555555556
098,2026-05-28,2026-05-28T11:30:30Z,42.31166666666667,42.31166666666667,8.017333333333333,6.366666666666667,53.83333333333333,-0.006666666666666666,0.25,-0.47333333333333333,NA,7.37,283.2,246.4,0.12,160,4.09510524405734,36.59542,-93.31367,276.56666666666666,982.2666666666667
098,2026-05-28,2026-05-28T11:30:36Z,42.392,42.392,8.011,6.35,53.7,-0.026666666666666665,0.23333333333333334,-0.4166666666666667,NA,7.37,283.5,246.4,0.12,160,4.102817093086554,36.59542,-93.31367,276.23333333333335,982.2666666666668
098,2026-05-28,2026-05-28T11:30:39Z,42.431666666666665,42.431666666666665,8.004666666666667,6.3533333333333335,53.7,-0.06333333333333334,0.22,-0.46,NA,7.37,283.6666666666667,246.2,0.12,160,4.1066956995100705,36.59542,-93.31367,276.3,982.2222222222223
098,2026-05-28,2026-05-28T11:30:45Z,42.47233333333333,42.47233333333333,8.000333333333334,6.37,53.8,0.006666666666666667,0.38,-0.46,NA,7.37,283.93333333333334,245.93333333333334,0.12,160,4.110642351660316,36.59542,-93.31367,276.5,982.3111111111111
098,2026-05-28,2026-05-28T11:30:48Z,42.53933333333333,42.53933333333333,7.997,6.376666666666667,53.86666666666667,-0.03333333333333333,0.28,-0.48333333333333334,NA,7.37,284.1,245.8,0.12,160,4.1171293776084195,36.59542,-93.31367,276.26666666666665,982.3555555555556
098,2026-05-28,2026-05-28T11:30:51Z,42.611,42.611,7.994,6.38,53.9,-0.006666666666666667,0.21666666666666667,-0.46,NA,7.37,284.23333333333335,245.8,0.12,160,4.124047359825803,36.59541333333333,-93.31367,276.3,982.3111111111111
098,2026-05-28,2026-05-28T11:30:54Z,42.65833333333333,42.65833333333333,7.9943333333333335,6.383333333333333,53.9,-0.0033333333333333335,0.25666666666666665,-0.45666666666666667,NA,7.37,284.3666666666667,245.73333333333332,0.12,160,4.128606423516603,36.59541,-93.31367,275.93333333333334,982.2666666666668
098,2026-05-28,2026-05-28T11:30:57Z,42.70466666666667,42.70466666666667,7.992,6.38,53.9,-0.006666666666666667,0.37,-0.47,NA,7.37,284.5,245.9,0.12,160,4.1330974414806745,36.59541,-93.31367,275.8,982.2222222222223
098,2026-05-28,2026-05-28T11:31:00Z,42.766666666666666,42.766666666666666,7.989,6.38,53.9,-0.03333333333333333,0.21666666666666667,-0.4533333333333333,NA,7.37,284.6333333333333,246,0.12,160,4.139085465432771,36.59541,-93.31367,275.76666666666665,982.3555555555556
098,2026-05-28,2026-05-28T11:31:03Z,42.851333333333336,42.851333333333336,7.985,6.38,53.9,-0.05,0.17666666666666667,-0.4966666666666667,NA,7.37,284.8,245.86666666666667,0.12,160,4.147296316457993,36.59541,-93.31367,275.53333333333336,982.2222222222223
098,2026-05-28,2026-05-28T11:31:06Z,42.932,42.932,7.9736666666666665,6.38,53.9,0.02,0.2866666666666667,-0.37333333333333335,NA,7.37,284.93333333333334,245.56666666666666,0.12,160,4.155144256940664,36.59541,-93.31367,275.46666666666664,982.2222222222223
098,2026-05-28,2026-05-28T11:31:09Z,43.050333333333334,43.050333333333334,7.9576666666666664,6.3933333333333335,53.96666666666667,-0.05666666666666667,0.33666666666666667,-0.4633333333333333,NA,7.37,285.1,244.96666666666667,0.12,159,4.166598620939938,36.59541,-93.31367,275.43333333333334,982.2222222222223
098,2026-05-28,2026-05-28T11:31:12Z,43.14966666666667,43.14966666666667,7.943666666666666,6.42,54.16666666666667,-0.04666666666666667,0.27,-0.39,NA,7.37,285.26666666666665,244.46666666666667,0.12,159,4.1761930684086375,36.59541,-93.31367,275.6,982.3111111111111
098,2026-05-28,2026-05-28T11:31:15Z,43.24066666666667,43.24066666666667,7.938666666666666,6.443333333333333,54.36666666666667,-0.03,0.2,-0.38,NA,7.37,285.46666666666664,244.2,0.12,159,4.185016330974415,36.59541,-93.31367,275.7,982.2666666666668
098,2026-05-28,2026-05-28T11:31:18Z,43.285666666666664,43.285666666666664,7.935333333333333,6.466666666666667,54.56666666666667,-0.013333333333333332,0.36333333333333334,-0.4266666666666667,NA,7.37,285.56666666666666,244.06666666666666,0.12,159,4.18937125748503,36.59541,-93.31367,275.73333333333335,982.2666666666667
098,2026-05-28,2026-05-28T11:31:21Z,43.34466666666666,43.34466666666666,7.933333333333334,6.483333333333333,54.66666666666667,-0.026666666666666665,0.2833333333333333,-0.44666666666666666,NA,7.37,285.7,243.93333333333334,0.12,159,4.195064416621303,36.59541,-93.31367,275.76666666666665,982.3111111111111
098,2026-05-28,2026-05-28T11:31:24Z,43.408,43.408,7.931666666666667,6.496666666666667,54.8,-0.03666666666666667,0.22666666666666668,-0.37,NA,7.366666666666667,285.8666666666667,244,0.12,159,4.201188532026856,36.59541,-93.31367,275.6,982.2222222222223
098,2026-05-28,2026-05-28T11:31:27Z,43.45433333333333,43.45433333333333,7.929,6.503333333333333,54.9,0.01,0.2866666666666667,-0.4,NA,7.36,286.03333333333336,243.86666666666667,0.12,158.33333333333334,4.205702231899837,36.59541,-93.31367,275.73333333333335,982.2222222222223
098,2026-05-28,2026-05-28T11:31:30Z,43.544,43.544,7.925333333333334,6.51,54.9,-0.006666666666666666,0.14333333333333334,-0.3933333333333333,NA,7.36,286.2,243.96666666666667,0.12,159,4.214366721103248,36.59541,-93.31366,275.9,982.3111111111111
098,2026-05-28,2026-05-28T11:31:33Z,43.636,43.636,7.921333333333333,6.52,54.9,-0.01,0.20666666666666667,-0.44999999999999996,NA,7.36,286.3666666666667,243.93333333333334,0.12,159,4.223258029395754,36.59541,-93.31366,275.96666666666664,982.3555555555556
098,2026-05-28,2026-05-28T11:31:39Z,43.723,43.723,7.917,6.52,54.9,0.01,0.27666666666666667,-0.49333333333333335,NA,7.36,286.6333333333333,244,0.12,159,4.231718381418981,36.59541,-93.31366,275.43333333333334,982.3111111111111
098,2026-05-28,2026-05-28T11:31:42Z,43.75366666666667,43.75366666666667,7.9143333333333334,6.51,54.9,-0.03333333333333333,0.28,-0.38666666666666666,NA,7.36,286.8,243.96666666666667,0.12,159,4.2346443476683,36.59540666666667,-93.31365666666666,275.0333333333333,982.2666666666667
098,2026-05-28,2026-05-28T11:31:45Z,43.80733333333333,43.80733333333333,7.913666666666667,6.51,54.9,-0.006666666666666667,0.2533333333333333,-0.5166666666666667,NA,7.36,286.9,244.03333333333333,0.12,159,4.239883868626384,36.5954,-93.31365,274.76666666666665,982.3555555555556
098,2026-05-28,2026-05-28T11:31:51Z,43.857,43.857,7.911,6.503333333333333,54.8,-0.016666666666666666,0.21333333333333335,-0.47000000000000003,NA,7.36,287.26666666666665,243.9,0.12,158.66666666666666,4.244715115224098,36.5954,-93.31365,274.7,982.2666666666668
098,2026-05-28,2026-05-28T11:31:54Z,43.91266666666667,43.91266666666667,7.91,6.496666666666667,54.766666666666666,-0.03333333333333333,0.30333333333333334,-0.43,NA,7.36,287.3666666666667,244.1,0.12,159,4.250068045726729,36.5954,-93.31365,274.73333333333335,982.2222222222223
098,2026-05-28,2026-05-28T11:31:57Z,43.936,43.936,7.91,6.49,54.7,-0.016666666666666666,0.31666666666666665,-0.51,NA,7.36,287.5,244.1,0.12,159,4.252290872799855,36.5954,-93.31365,274.73333333333335,982.4
098,2026-05-28,2026-05-28T11:32:00Z,43.997,43.997,7.908333333333333,6.48,54.63333333333333,-0.04,0.25333333333333335,-0.4066666666666667,NA,7.36,287.6666666666667,244.03333333333333,0.12,159,4.258256214843041,36.595396666666666,-93.31365,274.76666666666665,982.2222222222223
098,2026-05-28,2026-05-28T11:32:03Z,44.111999999999995,44.111999999999995,7.904333333333334,6.473333333333334,54.56666666666667,0.006666666666666667,0.27,-0.32333333333333336,NA,7.35,287.8,244.13333333333333,0.12,159,4.269347668299765,36.59539,-93.31364333333333,274.8666666666667,982.3555555555556
098,2026-05-28,2026-05-28T11:32:06Z,44.178333333333335,44.178333333333335,7.899666666666667,6.466666666666667,54.5,-0.023333333333333334,0.27,-0.5033333333333333,NA,7.35,287.93333333333334,244.16666666666666,0.12,159,4.27576664852114,36.59539,-93.31364,274.93333333333334,982.3111111111111
098,2026-05-28,2026-05-28T11:32:09Z,44.23833333333333,44.23833333333333,7.894333333333333,6.46,54.43333333333333,-0.0033333333333333335,0.32666666666666666,-0.3666666666666667,NA,7.35,288.1,244.2,0.12,159,4.28159589911087,36.59539,-93.31364,275,982.2666666666668
098,2026-05-28,2026-05-28T11:32:15Z,44.305,44.305,7.891666666666667,6.443333333333333,54.3,0,0.3,-0.38333333333333336,NA,7.35,288.43333333333334,244.26666666666668,0.12,159,4.288037561241154,36.59539,-93.31364,275.26666666666665,982.3555555555556
098,2026-05-28,2026-05-28T11:32:18Z,44.34166666666667,44.34166666666667,7.891666666666667,6.4366666666666665,54.233333333333334,-0.016666666666666666,0.19333333333333333,-0.4,NA,7.35,288.53333333333336,244.33333333333334,0.12,159,4.291598620939938,36.59539,-93.31364,275.6333333333333,982.3111111111111
098,2026-05-28,2026-05-28T11:32:21Z,44.38333333333333,44.38333333333333,7.888,6.426666666666667,54.16666666666667,-0.013333333333333334,0.32333333333333336,-0.33333333333333337,NA,7.35,288.7,244.5,0.12,159,4.295636000725821,36.59539,-93.31364,275.9666666666667,982.3111111111111
098,2026-05-28,2026-05-28T11:32:24Z,44.41566666666667,44.41566666666667,7.883666666666667,6.42,54.1,-0.030000000000000002,0.2733333333333333,-0.44,NA,7.35,288.8666666666667,244.5,0.12,159,4.298788786064235,36.59539,-93.31364,276.1,982.2666666666668
098,2026-05-28,2026-05-28T11:32:27Z,44.43666666666667,44.43666666666667,7.878,6.41,54,-0.013333333333333334,0.29,-0.48,NA,7.35,288.96666666666664,244.4,0.12,159,4.300807475957177,36.59539,-93.31364,276.3666666666667,982.2666666666668
098,2026-05-28,2026-05-28T11:32:30Z,44.489,44.489,7.874,6.406666666666667,53.96666666666667,-0.02,0.31666666666666665,-0.51,NA,7.35,289.1333333333333,244.33333333333334,0.12,159,4.305888223552894,36.59539,-93.31363666666667,276.6,982.2222222222223
098,2026-05-28,2026-05-28T11:32:33Z,44.513,44.513,7.869,6.4,53.9,-0.04,0.26666666666666666,-0.36,NA,7.35,289.26666666666665,244.3,0.12,159,4.30815641444384,36.59539,-93.31363,276.8666666666667,982.3111111111111
098,2026-05-28,2026-05-28T11:32:39Z,44.548,44.548,7.867666666666667,6.386666666666667,53.8,-0.03666666666666667,0.27666666666666667,-0.45666666666666667,NA,7.35,289.6333333333333,244.26666666666668,0.12,159,4.311558700780258,36.59538666666667,-93.31363,277.46666666666664,982.3111111111111
098,2026-05-28,2026-05-28T11:32:42Z,44.62233333333333,44.62233333333333,7.867666666666667,6.38,53.766666666666666,0.0033333333333333335,0.27999999999999997,-0.41333333333333333,NA,7.35,289.73333333333335,244.26666666666668,0.12,159,4.318771547813464,36.59538333333333,-93.31362333333334,277.6666666666667,982.3111111111111
098,2026-05-28,2026-05-28T11:32:45Z,44.735,44.735,7.868666666666667,6.376666666666667,53.7,0.04,0.22,-0.44333333333333336,NA,7.35,289.9,244.56666666666666,0.12,159,4.329681545998912,36.59538,-93.31362,277.73333333333335,982.2666666666668
098,2026-05-28,2026-05-28T11:32:48Z,44.800333333333334,44.800333333333334,7.864333333333334,6.37,53.63333333333333,-0.02,0.3566666666666667,-0.35333333333333333,NA,7.35,290.03333333333336,244.6,0.12,159,4.336009798584649,36.59538,-93.31362,277.7,982.2666666666667
098,2026-05-28,2026-05-28T11:32:51Z,44.87233333333334,44.87233333333334,7.856333333333334,6.36,53.56666666666667,-0.02666666666666667,0.25333333333333335,-0.38999999999999996,NA,7.346666666666667,290.1666666666667,244.56666666666666,0.12,159,4.342973144619851,36.59538,-93.31361333333334,277.8,982.2666666666668
098,2026-05-28,2026-05-28T11:32:54Z,44.92766666666667,44.92766666666667,7.853,6.3566666666666665,53.5,-0.05333333333333333,0.22333333333333333,-0.39666666666666667,NA,7.34,290.26666666666665,244.46666666666667,0.12,159,4.348280711304664,36.59538,-93.31361,277.9,982.3111111111111
098,2026-05-28,2026-05-28T11:32:57Z,44.969,44.969,7.851666666666667,6.35,53.4,-0.02,0.27666666666666667,-0.47333333333333333,NA,7.34,290.4,244.26666666666668,0.12,159,4.352295409181637,36.59538,-93.31361,277.8333333333333,982.2666666666667
098,2026-05-28,2026-05-28T11:33:00Z,45.062,45.062,7.849333333333333,6.34,53.36666666666667,0.0033333333333333327,0.2,-0.47333333333333333,NA,7.34,290.56666666666666,244.56666666666666,0.12,159,4.3613228089276,36.59538,-93.31361,277.8333333333333,982.2666666666668
098,2026-05-28,2026-05-28T11:33:03Z,45.126,45.126,7.848,6.33,53.3,-0.006666666666666667,0.3333333333333333,-0.3566666666666667,NA,7.34,290.73333333333335,244.7,0.12,159,4.36753765196879,36.59538,-93.31361,277.9,982.1777777777778
098,2026-05-28,2026-05-28T11:33:06Z,45.20633333333333,45.20633333333333,7.846666666666667,6.316666666666666,53.16666666666667,-0.013333333333333332,0.21333333333333332,-0.44333333333333336,NA,7.34,290.8333333333333,244.93333333333334,0.12,159,4.3752721829069134,36.59538,-93.31361,278.1666666666667,982.3111111111111
098,2026-05-28,2026-05-28T11:33:09Z,45.288333333333334,45.288333333333334,7.845666666666666,6.303333333333333,53.06666666666667,-0.04,0.24,-0.4166666666666667,NA,7.34,290.93333333333334,245.1,0.12,159,4.383210851025222,36.59537666666667,-93.31361,278.06666666666666,982.3111111111111
098,2026-05-28,2026-05-28T11:33:12Z,45.342666666666666,45.342666666666666,7.8453333333333335,6.286666666666667,52.93333333333333,0.0033333333333333335,0.30666666666666664,-0.42,NA,7.34,291.1,245.13333333333333,0.12,159,4.388473053892215,36.59537,-93.31361,278,982.2666666666668
098,2026-05-28,2026-05-28T11:33:15Z,45.45,45.45,7.843333333333334,6.273333333333333,52.83333333333333,-0.01,0.2833333333333333,-0.4333333333333333,NA,7.34,291.23333333333335,245.43333333333334,0.12,159.66666666666666,4.398906731990564,36.59537,-93.3136,277.9,982.2666666666667
098,2026-05-28,2026-05-28T11:33:18Z,45.49133333333333,45.49133333333333,7.844333333333333,6.256666666666667,52.66666666666667,-0.04666666666666667,0.3,-0.48333333333333334,NA,7.34,291.3666666666667,245.6,0.12,160,4.402898747958628,36.59537,-93.3136,277.8666666666667,982.1777777777778
098,2026-05-28,2026-05-28T11:33:21Z,45.516000000000005,45.516000000000005,7.844,6.243333333333333,52.53333333333333,-0.0033333333333333327,0.24333333333333335,-0.47333333333333333,NA,7.34,291.5,245.6,0.12,160,4.405280348394121,36.59537,-93.3136,277.6666666666667,982.4
098,2026-05-28,2026-05-28T11:33:27Z,45.597,45.597,7.842,6.213333333333333,52.3,0.03333333333333333,0.35333333333333333,-0.4633333333333333,NA,7.34,291.8333333333333,245.73333333333332,0.12,160,4.4131509707857015,36.59536,-93.31359,277.1666666666667,982.2222222222223
098,2026-05-28,2026-05-28T11:33:30Z,45.617666666666665,45.617666666666665,7.842,6.203333333333333,52.2,-0.016666666666666666,0.27666666666666667,-0.53,NA,7.34,291.96666666666664,245.73333333333332,0.12,160,4.415101614951914,36.59536,-93.31359,277,982.1777777777778
098,2026-05-28,2026-05-28T11:33:33Z,45.68666666666667,45.68666666666667,7.842333333333333,6.193333333333333,52.13333333333333,-0.060000000000000005,0.28,-0.49333333333333335,NA,7.34,292.1,245.8,0.12,160,4.421792778080203,36.59536,-93.31359,277.2,982.3111111111111
098,2026-05-28,2026-05-28T11:33:36Z,45.754,45.754,7.839666666666667,6.183333333333334,52.03333333333333,0.01,0.3,-0.42666666666666664,NA,7.34,292.26666666666665,245.63333333333333,0.12,160,4.428325167846126,36.59536,-93.31359,277.1333333333333,982.3111111111111
098,2026-05-28,2026-05-28T11:33:39Z,45.845,45.845,7.836,6.176666666666667,52,0.006666666666666666,0.22666666666666666,-0.41,NA,7.34,292.4,245.83333333333334,0.12,160,4.437148430411904,36.59536,-93.31359,277.4,982.2666666666668
098,2026-05-28,2026-05-28T11:33:42Z,45.92066666666667,45.92066666666667,7.834,6.17,51.9,-0.006666666666666667,0.27666666666666667,-0.44666666666666666,NA,7.34,292.53333333333336,245.56666666666666,0.12,160,4.444429323171838,36.59536,-93.31359,277.26666666666665,982.2666666666668
098,2026-05-28,2026-05-28T11:33:48Z,45.96666666666667,45.96666666666667,7.832333333333334,6.16,51.8,-0.04,0.27666666666666667,-0.44333333333333336,NA,7.34,292.8,245.56666666666666,0.12,160,4.448943023044819,36.59535666666667,-93.31359,275.96666666666664,982.3111111111111
098,2026-05-28,2026-05-28T11:33:54Z,45.997,45.997,7.832,6.153333333333333,51.8,-0.02,0.31666666666666665,-0.49,NA,7.34,293.03333333333336,245.56666666666666,0.12,160,4.45182362547632,36.59535,-93.31359,276.4,982.3111111111111
098,2026-05-28,2026-05-28T11:34:00Z,46.019666666666666,46.019666666666666,7.833666666666667,6.1466666666666665,51.7,-0.026666666666666665,0.32333333333333336,-0.43333333333333335,NA,7.34,293.3666666666667,245.76666666666668,0.12,160,4.4540237706405374,36.59535,-93.31359333333333,277.26666666666665,982.3555555555556
098,2026-05-28,2026-05-28T11:34:03Z,46.071,46.071,7.832333333333334,6.14,51.7,-0.0033333333333333335,0.2733333333333333,-0.49333333333333335,NA,7.34,293.46666666666664,245.76666666666668,0.12,160,4.4590137906006175,36.59535,-93.3136,278.3333333333333,982.2666666666668
098,2026-05-28,2026-05-28T11:34:06Z,46.12233333333333,46.12233333333333,7.829,6.14,51.7,0,0.33666666666666667,-0.4033333333333333,NA,7.34,293.56666666666666,245.53333333333333,0.12,160,4.463935764833968,36.59535,-93.3136,278.6333333333333,982.3555555555556
098,2026-05-28,2026-05-28T11:34:09Z,46.150333333333336,46.150333333333336,7.83,6.14,51.7,0.023333333333333334,0.2966666666666667,-0.36333333333333334,NA,7.34,293.76666666666665,245.53333333333333,0.12,160,4.4666802758120125,36.59535,-93.3136,278.83333333333337,982.3111111111111
098,2026-05-28,2026-05-28T11:34:12Z,46.197,46.197,7.831333333333333,6.14,51.7,-0.01,0.32,-0.3,NA,7.34,293.8,245.5,0.12,160,4.471193975684994,36.59535,-93.3136,278.6666666666667,982.2666666666668
098,2026-05-28,2026-05-28T11:34:15Z,46.25866666666667,46.25866666666667,7.83,6.14,51.63333333333333,0.04,0.2866666666666667,-0.41000000000000003,NA,7.34,293.96666666666664,245.53333333333333,0.12,160,4.47715931772818,36.59534333333333,-93.31360333333333,278.6,982.3555555555556
098,2026-05-28,2026-05-28T11:34:18Z,46.337666666666664,46.337666666666664,7.8293333333333335,6.14,51.6,-0.006666666666666667,0.19333333333333333,-0.3933333333333333,NA,7.34,294.06666666666666,245.53333333333333,0.12,160,4.484825802939575,36.59534,-93.31361,278.76666666666665,982.4
098,2026-05-28,2026-05-28T11:34:21Z,46.358,46.358,7.828,6.14,51.6,-0.05,0.31333333333333335,-0.4,NA,7.34,294.26666666666665,245.33333333333334,0.12,159.33333333333334,4.486799129014698,36.59534,-93.31361,278.76666666666665,982.3111111111111
098,2026-05-28,2026-05-28T11:34:24Z,46.40833333333333,46.40833333333333,7.825,6.133333333333333,51.6,-0.006666666666666667,0.2833333333333333,-0.42333333333333334,NA,7.34,294.4,245.4,0.12,160,4.491630375612412,36.59534,-93.31361,278.5,982.2666666666667
098,2026-05-28,2026-05-28T11:34:30Z,46.49366666666667,46.49366666666667,7.814333333333334,6.133333333333333,51.6,-0.03,0.3,-0.41333333333333333,NA,7.34,294.6666666666667,245.03333333333333,0.12,159,4.499886590455453,36.59534,-93.31361,278.8666666666667,982.2222222222223
098,2026-05-28,2026-05-28T11:34:33Z,46.57933333333333,46.57933333333333,7.809,6.13,51.6,-0.03666666666666667,0.23666666666666666,-0.5066666666666667,NA,7.33,294.73333333333335,245.06666666666666,0.12,159,4.508210851025223,36.59534,-93.31361,279.23333333333335,982.1333333333333
098,2026-05-28,2026-05-28T11:34:36Z,46.637,46.637,7.805,6.13,51.56666666666667,-0.023333333333333334,0.27666666666666667,-0.45666666666666667,NA,7.33,294.8666666666667,244.8,0.12,159,4.513767918708038,36.59534,-93.31361,279.1,982.3111111111111
098,2026-05-28,2026-05-28T11:34:39Z,46.66466666666666,46.66466666666666,7.802666666666666,6.13,51.5,0.01,0.32333333333333336,-0.3566666666666667,NA,7.33,295,244.8,0.12,159,4.5164897477771735,36.59534,-93.31361333333334,278.9,982.2666666666668
098,2026-05-28,2026-05-28T11:34:42Z,46.708666666666666,46.708666666666666,7.800333333333334,6.13,51.5,-0.023333333333333334,0.22333333333333333,-0.46,NA,7.33,295.1666666666667,244.8,0.12,159,4.520708582834331,36.59534,-93.31362,278.76666666666665,982.3111111111111
098,2026-05-28,2026-05-28T11:34:45Z,46.76833333333334,46.76833333333334,7.798,6.123333333333333,51.5,-0.023333333333333334,0.33333333333333337,-0.49333333333333335,NA,7.33,295.3333333333333,244.7,0.12,159,4.526515151515151,36.59534,-93.31362,278.7,982.2222222222223
098,2026-05-28,2026-05-28T11:34:51Z,46.83433333333333,46.83433333333333,7.792666666666666,6.113333333333333,51.4,-0.026666666666666665,0.20666666666666667,-0.44666666666666666,NA,7.33,295.56666666666666,244.66666666666666,0.12,159,4.532866086009799,36.59534,-93.31362,278.93333333333334,982.2222222222223
098,2026-05-28,2026-05-28T11:34:54Z,46.913000000000004,46.913000000000004,7.788333333333333,6.11,51.36666666666667,-0.04666666666666667,0.2733333333333333,-0.39666666666666667,NA,7.33,295.6666666666667,244.8,0.12,159,4.540509889312284,36.59534,-93.31363,278.96666666666664,982.2222222222223
098,2026-05-28,2026-05-28T11:34:57Z,46.971333333333334,46.971333333333334,7.785,6.1033333333333335,51.3,-0.016666666666666666,0.26666666666666666,-0.4266666666666667,NA,7.326666666666667,295.8333333333333,244.9,0.12,159,4.546157684630739,36.59534,-93.31363,278.96666666666664,982.2222222222222
098,2026-05-28,2026-05-28T11:35:00Z,47.00933333333333,47.00933333333333,7.781666666666666,6.093333333333333,51.2,-0.006666666666666667,0.2833333333333333,-0.39666666666666667,NA,7.32,295.93333333333334,244.93333333333334,0.12,159,4.5498548357829796,36.59534,-93.31363,278.93333333333334,982.1777777777778
098,2026-05-28,2026-05-28T11:35:03Z,47.095,47.095,7.781,6.08,51.1,-0.013333333333333332,0.2533333333333333,-0.44666666666666666,NA,7.32,296.1,245.23333333333335,0.12,159,4.55813373253493,36.59534,-93.31364,279.06666666666666,982.2666666666667
098,2026-05-28,2026-05-28T11:35:06Z,47.16133333333334,47.16133333333334,7.779333333333334,6.0633333333333335,50.96666666666667,-0.026666666666666665,0.27,-0.39,NA,7.32,296.2,245.13333333333333,0.12,159,4.564575394665215,36.59534,-93.31364,279.1,982.3111111111111
098,2026-05-28,2026-05-28T11:35:09Z,47.263,47.263,7.777333333333333,6.053333333333333,50.83333333333333,-0.023333333333333334,0.24,-0.4633333333333333,NA,7.32,296.3333333333333,245.23333333333332,0.12,159,4.574396661223009,36.59534,-93.31364,278.96666666666664,982.3111111111111
098,2026-05-28,2026-05-28T11:35:12Z,47.309666666666665,47.309666666666665,7.7763333333333335,6.043333333333333,50.766666666666666,0.0033333333333333327,0.27,-0.46,NA,7.32,296.5,245.23333333333332,0.12,159,4.578955724913809,36.59534,-93.31364,278.96666666666664,982.1777777777778
098,2026-05-28,2026-05-28T11:35:15Z,47.330666666666666,47.330666666666666,7.775,6.03,50.66666666666667,-0.006666666666666666,0.31666666666666665,-0.48,NA,7.32,296.6666666666667,245.23333333333332,0.12,159,4.5809290509889316,36.59534,-93.31364,279.2,982.3111111111111
098,2026-05-28,2026-05-28T11:35:18Z,47.40566666666667,47.40566666666667,7.7716666666666665,6.026666666666666,50.63333333333333,-0.023333333333333334,0.27999999999999997,-0.54,NA,7.32,296.73333333333335,245.1,0.12,159,4.588209943748866,36.59534,-93.31364,279.23333333333335,982.1777777777778
098,2026-05-28,2026-05-28T11:35:21Z,47.43366666666667,47.43366666666667,7.770666666666666,6.02,50.6,-0.01,0.3,-0.47,NA,7.32,296.93333333333334,245.16666666666666,0.12,159,4.590931772818,36.59534,-93.31364,279.46666666666664,982.3555555555556
098,2026-05-28,2026-05-28T11:35:24Z,47.455333333333336,47.455333333333336,7.77,6.02,50.6,0.023333333333333334,0.2866666666666667,-0.4966666666666667,NA,7.32,297.03333333333336,245.13333333333333,0.12,159,4.59304119034658,36.59534,-93.31364333333333,279.56666666666666,982.2666666666668
098,2026-05-28,2026-05-28T11:35:27Z,47.498333333333335,47.498333333333335,7.768666666666666,6.02,50.56666666666667,0.006666666666666666,0.2733333333333333,-0.52,NA,7.32,297.1333333333333,245,0.12,159,4.5971692977681,36.59534666666667,-93.31365,279.56666666666666,982.2666666666668
098,2026-05-28,2026-05-28T11:35:30Z,47.528666666666666,47.528666666666666,7.768666666666666,6.01,50.5,-0.026666666666666665,0.3,-0.5133333333333333,NA,7.32,297.3,245.03333333333333,0.12,159,4.6001406278352395,36.59535,-93.31365,279.7,982.2222222222223
098,2026-05-28,2026-05-28T11:35:33Z,47.552,47.552,7.767,6.013333333333333,50.5,-0.01,0.3566666666666667,-0.5133333333333333,NA,7.32,297.3666666666667,244.93333333333334,0.12,159,4.602340772999455,36.59535,-93.31365,279.6333333333333,982.2222222222223
098,2026-05-28,2026-05-28T11:35:36Z,47.66533333333333,47.66533333333333,7.767,6.01,50.5,0.013333333333333332,0.22666666666666668,-0.4666666666666666,NA,7.32,297.5,245.03333333333333,0.12,159,4.613364180729451,36.59535,-93.31365,279.3,982.3111111111111
098,2026-05-28,2026-05-28T11:35:39Z,47.71,47.71,7.765333333333333,6.01,50.5,-0.030000000000000002,0.2866666666666667,-0.39999999999999997,NA,7.32,297.7,244.86666666666667,0.12,159,4.617696425331156,36.59535,-93.31365,279.6333333333333,982.4
098,2026-05-28,2026-05-28T11:35:42Z,47.75066666666667,47.75066666666667,7.766333333333334,6.01,50.5,0,0.33,-0.51,NA,7.32,297.8,244.86666666666667,0.12,159,4.621620395572491,36.59535,-93.31365666666666,279.93333333333334,982.2666666666668
098,2026-05-28,2026-05-28T11:35:45Z,47.838,47.838,7.768,6.01,50.5,-0.0033333333333333327,0.25333333333333335,-0.46,NA,7.32,297.96666666666664,245,0.12,159,4.630080747595718,36.59535,-93.31366,280,982.2666666666668
098,2026-05-28,2026-05-28T11:35:48Z,47.951,47.951,7.767,6.003333333333333,50.43333333333333,-0.02666666666666667,0.24333333333333332,-0.41333333333333333,NA,7.32,298.06666666666666,245,0.12,159,4.6410134276900745,36.59535,-93.31366,280.1333333333333,982.2666666666668
098,2026-05-28,2026-05-28T11:35:51Z,48.03666666666667,48.03666666666667,7.764333333333333,6,50.4,-0.016666666666666666,0.2966666666666667,-0.36333333333333334,NA,7.32,298.23333333333335,245,0.12,159,4.649269642533115,36.59535,-93.31366,280.26666666666665,982.3555555555556
098,2026-05-28,2026-05-28T11:35:54Z,48.117666666666665,48.117666666666665,7.7636666666666665,5.996666666666667,50.4,-0.04666666666666667,0.29000000000000004,-0.44333333333333336,NA,7.32,298.3333333333333,245,0.12,159,4.657117583015787,36.59535,-93.31367,280.26666666666665,982.3555555555556
098,2026-05-28,2026-05-28T11:35:57Z,48.16766666666667,48.16766666666667,7.763333333333334,5.99,50.3,-0.01,0.3,-0.44,NA,7.32,298.5,245.06666666666666,0.12,159,4.66197151152241,36.59535,-93.31367,280.1,982.2222222222223
098,2026-05-28,2026-05-28T11:36:00Z,48.257333333333335,48.257333333333335,7.761,5.99,50.3,-0.013333333333333334,0.32,-0.36333333333333334,NA,7.32,298.6,245.03333333333333,0.12,159,4.670636000725821,36.59535,-93.31367,280.03333333333336,982.3555555555556
098,2026-05-28,2026-05-28T11:36:03Z,48.36333333333334,48.36333333333334,7.756333333333333,5.986666666666667,50.3,-0.03333333333333333,0.25666666666666665,-0.45666666666666667,NA,7.32,298.73333333333335,244.9,0.12,159,4.680910905461804,36.59535,-93.31367,280.3333333333333,982.4
098,2026-05-28,2026-05-28T11:36:06Z,48.45733333333333,48.45733333333333,7.75,5.98,50.2,-0.05666666666666667,0.23333333333333334,-0.36666666666666664,NA,7.3133333333333335,298.8666666666667,244.9,0.12,159,4.690006350934494,36.59535,-93.31367,280.5,982.2666666666667
098,2026-05-28,2026-05-28T11:38:27Z,48.49133333333333,48.49133333333333,7.744,5.89,49.5,-0.03,0.22666666666666668,-0.46,NA,7.32,304.6,244.83333333333334,0.12,159,4.693317909635275,36.59549,-93.3136,280.73333333333335,982.3555555555556
098,2026-05-28,2026-05-28T11:38:30Z,48.51566666666667,48.51566666666667,7.742,5.9,49.5,-0.006666666666666667,0.31,-0.44,NA,7.32,304.7,244.96666666666667,0.12,159,4.695676828161858,36.59549,-93.3136,281.06666666666666,982.3555555555556
098,2026-05-28,2026-05-28T11:38:06Z,48.53933333333333,48.53933333333333,7.744,5.89,49.4,0.023333333333333334,0.2833333333333333,-0.4,NA,7.32,303.73333333333335,245,0.12,159,4.697945019052804,36.59547,-93.31364,280.56666666666666,982.4
098,2026-05-28,2026-05-28T11:36:09Z,48.54,48.54,7.748,5.973333333333334,50.13333333333333,-0.013333333333333332,0.2866666666666667,-0.4033333333333333,NA,7.31,299,245,0.12,159,4.698035746688442,36.59535,-93.31367,280.3666666666667,982.4
098,2026-05-28,2026-05-28T11:38:12Z,48.60733333333334,48.60733333333334,7.7443333333333335,5.89,49.5,0.0033333333333333335,0.25,-0.5033333333333333,NA,7.32,304,245,0.12,159,4.704522772636546,36.59547,-93.31363,280.76666666666665,982.4
098,2026-05-28,2026-05-28T11:36:12Z,48.61366666666667,48.61366666666667,7.746,5.96,50.06666666666667,-0.02,0.27666666666666667,-0.42,NA,7.31,299.06666666666666,244.96666666666667,0.12,159,4.7051351841771005,36.59535,-93.31367,280.1666666666667,982.4
098,2026-05-28,2026-05-28T11:38:33Z,48.706,48.706,7.74,5.8933333333333335,49.5,0.006666666666666667,0.25666666666666665,-0.36,NA,7.32,304.73333333333335,244.96666666666667,0.12,159,4.714094538196335,36.59549333333333,-93.31359,281.23333333333335,982.4
098,2026-05-28,2026-05-28T11:36:15Z,48.724000000000004,48.724000000000004,7.742666666666667,5.953333333333333,50,-0.05666666666666667,0.25333333333333335,-0.39666666666666667,NA,7.31,299.23333333333335,245.06666666666666,0.12,159,4.715818363273454,36.59535,-93.31367,280.1666666666667,982.4
098,2026-05-28,2026-05-28T11:37:45Z,48.796,48.796,7.74,5.88,49.4,0.0033333333333333327,0.23,-0.48333333333333334,NA,7.32,302.93333333333334,245,0.12,159,4.722759027399746,36.59546,-93.31367,280.06666666666666,982.3111111111111
098,2026-05-28,2026-05-28T11:37:39Z,48.80233333333334,48.80233333333334,7.742666666666667,5.88,49.4,-0.05333333333333333,0.32999999999999996,-0.5066666666666667,NA,7.32,302.6666666666667,245,0.12,159,4.72341680275812,36.59545,-93.31368,280.1333333333333,982.3111111111111
098,2026-05-28,2026-05-28T11:36:18Z,48.82333333333333,48.82333333333333,7.741333333333333,5.943333333333333,49.86666666666667,0.013333333333333334,0.3333333333333333,-0.4766666666666667,NA,7.31,299.3333333333333,245.13333333333333,0.12,159,4.7254581745599715,36.59535,-93.31368,280.76666666666665,982.2666666666667
098,2026-05-28,2026-05-28T11:36:21Z,48.902,48.902,7.738333333333333,5.93,49.8,-0.006666666666666667,0.29666666666666663,-0.5266666666666667,NA,7.31,299.46666666666664,245.1,0.12,159,4.733033932135728,36.59535,-93.31368,280.3666666666667,982.3111111111111
098,2026-05-28,2026-05-28T11:38:39Z,48.906333333333336,48.906333333333336,7.734,5.89,49.4,0.016666666666666666,0.2633333333333333,-0.32666666666666666,NA,7.32,305,245,0.12,159,4.733487570313917,36.59549,-93.31358,281.03333333333336,982.3111111111111
098,2026-05-28,2026-05-28T11:36:24Z,48.93533333333333,48.93533333333333,7.737666666666667,5.916666666666667,49.66666666666667,-0.016666666666666666,0.29,-0.44333333333333336,NA,7.31,299.6,245.13333333333333,0.12,159,4.73627744510978,36.59535,-93.31368,280.53333333333336,982.3555555555556
098,2026-05-28,2026-05-28T11:36:27Z,49,49,7.7363333333333335,5.906666666666667,49.6,0.01,0.30666666666666664,-0.33999999999999997,NA,7.31,299.73333333333335,245.06666666666666,0.12,159,4.74253765196879,36.59535,-93.31368,279.93333333333334,982.2666666666667
098,2026-05-28,2026-05-28T11:38:42Z,49.055,49.055,7.729333333333334,5.88,49.33333333333333,0.01,0.20666666666666667,-0.47,NA,7.32,305.1333333333333,245.1,0.12,159,4.747890582471421,36.59549,-93.31358,280.93333333333334,982.3555555555556
098,2026-05-28,2026-05-28T11:36:30Z,49.079,49.079,7.735333333333333,5.8966666666666665,49.5,-0.006666666666666666,0.31333333333333335,-0.39,NA,7.31,299.8666666666667,245.1,0.12,159,4.750181455271275,36.59535666666667,-93.31368,280,982.2666666666668
098,2026-05-28,2026-05-28T11:38:45Z,49.202333333333335,49.202333333333335,7.722666666666667,5.866666666666667,49.266666666666666,-0.0033333333333333335,0.2966666666666667,-0.39,NA,7.32,305.23333333333335,245.03333333333333,0.12,159,4.7621348212665575,36.59549,-93.31358,281.23333333333335,982.3555555555556
098,2026-05-28,2026-05-28T11:36:36Z,49.202666666666666,49.202666666666666,7.732333333333333,5.886666666666667,49.4,0.0033333333333333335,0.29333333333333333,-0.38,NA,7.31,300.06666666666666,245.06666666666666,0.12,159,4.762157503175467,36.59536,-93.31368666666667,280.03333333333336,982.2666666666668
098,2026-05-28,2026-05-28T11:38:48Z,49.39933333333334,49.39933333333334,7.715,5.85,49.1,-0.01,0.37,-0.5,NA,7.31,305.3666666666667,245.06666666666666,0.12,159,4.781232988568318,36.59549,-93.31358,281.3666666666667,982.4
098,2026-05-28,2026-05-28T11:38:51Z,49.526,49.526,7.711666666666667,5.826666666666667,48.86666666666667,0.0033333333333333335,0.26666666666666666,-0.43,NA,7.31,305.53333333333336,245.13333333333333,0.12,159,4.793458537470514,36.59549,-93.31358,281.43333333333334,982.3111111111111
098,2026-05-28,2026-05-28T11:38:54Z,49.687,49.687,7.705333333333333,5.806666666666667,48.733333333333334,-0.013333333333333332,0.26,-0.3833333333333333,NA,7.31,305.6,245.16666666666666,0.12,159,4.809041008891309,36.595486666666666,-93.31358,281.43333333333334,982.2666666666668
098,2026-05-28,2026-05-28T11:38:57Z,49.91133333333333,49.91133333333333,7.701,5.793333333333333,48.56666666666667,0,0.29333333333333333,-0.49333333333333335,NA,7.31,305.6666666666667,245.13333333333333,0.12,159,4.830792959535474,36.59548,-93.31358,281.6666666666667,982.2666666666667
098,2026-05-28,2026-05-28T11:39:00Z,50.07066666666667,50.07066666666667,7.697,5.776666666666666,48.46666666666667,0.030000000000000002,0.22,-0.39666666666666667,NA,7.3,305.76666666666665,245.16666666666666,0.12,159,4.846216657593903,36.59548,-93.31358,281.8333333333333,982.4
098,2026-05-28,2026-05-28T11:39:03Z,50.27766666666667,50.27766666666667,7.692666666666667,5.763333333333333,48.33333333333333,-0.03,0.2866666666666667,-0.45,NA,7.3,305.93333333333334,245.3,0.12,159,4.866244783160951,36.59547333333333,-93.31358,281.93333333333334,982.3555555555556
098,2026-05-28,2026-05-28T11:39:06Z,50.43833333333333,50.43833333333333,7.687333333333333,5.74,48.13333333333333,-0.03,0.3466666666666667,-0.4533333333333333,NA,7.3,306.03333333333336,245.36666666666667,0.12,159,4.881781890763927,36.59547,-93.31358,282,982.3111111111111
098,2026-05-28,2026-05-28T11:39:09Z,50.64933333333333,50.64933333333333,7.685,5.716666666666667,47.96666666666667,0.0033333333333333335,0.25333333333333335,-0.39,NA,7.3,306.1333333333333,245.3,0.12,159,4.902218290691345,36.59547,-93.31358,282.1333333333333,982.4
098,2026-05-28,2026-05-28T11:39:12Z,50.85333333333333,50.85333333333333,7.683666666666666,5.69,47.7,0.02,0.3,-0.4166666666666667,NA,7.29,306.3,245.3,0.12,159,4.921996915260388,36.59547,-93.31358,282.1333333333333,982.4
098,2026-05-28,2026-05-28T11:39:15Z,51.00933333333333,51.00933333333333,7.684,5.666666666666667,47.53333333333333,-0.05,0.3333333333333333,-0.43,NA,7.29,306.4,245.33333333333334,0.12,159,4.9371030665940845,36.59547,-93.31358,282.26666666666665,982.3555555555556
098,2026-05-28,2026-05-28T11:39:18Z,51.172666666666665,51.172666666666665,7.683333333333334,5.65,47.36666666666667,-0.013333333333333332,0.25333333333333335,-0.5333333333333333,NA,7.29,306.53333333333336,245.4,0.12,159,4.952866993286155,36.59547,-93.31359,282.26666666666665,982.4
098,2026-05-28,2026-05-28T11:39:21Z,51.294,51.294,7.683,5.633333333333333,47.233333333333334,-0.03333333333333333,0.22666666666666666,-0.47333333333333333,NA,7.29,306.6333333333333,245.46666666666667,0.12,160,4.964661585919071,36.59547,-93.31359,282.06666666666666,982.4
098,2026-05-28,2026-05-28T11:39:24Z,51.33833333333333,51.33833333333333,7.681333333333333,5.616666666666667,47.1,-0.043333333333333335,0.23333333333333334,-0.3566666666666667,NA,7.29,306.73333333333335,245.53333333333333,0.12,160,4.968925784794048,36.59547,-93.31359,282.3,982.4
098,2026-05-28,2026-05-28T11:39:27Z,51.42766666666667,51.42766666666667,7.6803333333333335,5.6033333333333335,46.96666666666667,-0.02,0.27666666666666667,-0.48333333333333334,NA,7.29,306.8666666666667,245.73333333333332,0.12,160,4.977544910179641,36.59547,-93.31359,282.06666666666666,982.3555555555556
098,2026-05-28,2026-05-28T11:39:30Z,51.55733333333333,51.55733333333333,7.676333333333333,5.58,46.8,-0.02,0.19,-0.48,NA,7.29,307,245.8,0.12,160,4.990065323897659,36.595463333333335,-93.31359,281.73333333333335,982.3555555555556
098,2026-05-28,2026-05-28T11:39:33Z,51.720666666666666,51.720666666666666,7.673666666666667,5.55,46.5,-0.0033333333333333335,0.31333333333333335,-0.3833333333333333,NA,7.29,307.1333333333333,245.8,0.12,160,5.005965342043186,36.59546,-93.3136,281.1666666666667,982.3555555555556
098,2026-05-28,2026-05-28T11:39:36Z,51.871,51.871,7.6706666666666665,5.52,46.3,0.02,0.31666666666666665,-0.35333333333333333,NA,7.28,307.23333333333335,245.7,0.12,160,5.020481763745237,36.59546,-93.3136,280.9,982.2666666666668
098,2026-05-28,2026-05-28T11:39:39Z,52.00933333333333,52.00933333333333,7.669,5.49,46,-0.03333333333333333,0.2833333333333333,-0.41,NA,7.28,307.3666666666667,245.76666666666668,0.12,160,5.033864090001814,36.59545666666667,-93.31360333333333,280.73333333333335,982.3111111111111
098,2026-05-28,2026-05-28T11:39:42Z,52.16866666666667,52.16866666666667,7.668666666666667,5.46,45.8,-0.03666666666666667,0.25333333333333335,-0.5333333333333333,NA,7.28,307.53333333333336,245.73333333333332,0.12,160,5.049265106151334,36.59545,-93.31361,280.53333333333336,982.4
098,2026-05-28,2026-05-28T11:39:45Z,52.276333333333334,52.276333333333334,7.6673333333333336,5.4366666666666665,45.56666666666667,-0.023333333333333334,0.31,-0.4533333333333333,NA,7.28,307.6333333333333,245.8,0.12,160,5.059744148067502,36.59545,-93.31361,280.3333333333333,982.3555555555556
098,2026-05-28,2026-05-28T11:39:48Z,52.367000000000004,52.367000000000004,7.666666666666667,5.41,45.36666666666667,-0.04,0.25666666666666665,-0.5033333333333333,NA,7.276666666666666,307.76666666666665,245.86666666666667,0.12,160,5.068454001088732,36.59545,-93.31361,280.1333333333333,982.3555555555556
098,2026-05-28,2026-05-28T11:39:51Z,52.49033333333333,52.49033333333333,7.666,5.386666666666667,45.13333333333333,-0.03333333333333333,0.28,-0.4533333333333333,NA,7.27,307.8666666666667,245.9,0.12,160,5.080430048992923,36.59545,-93.31361,280,982.2666666666668
098,2026-05-28,2026-05-28T11:39:54Z,52.589,52.589,7.664666666666666,5.366666666666667,44.96666666666667,0,0.32333333333333336,-0.44333333333333336,NA,7.27,307.93333333333334,245.9,0.12,160,5.089979132643803,36.59544666666667,-93.31361,279.8666666666667,982.4
098,2026-05-28,2026-05-28T11:39:57Z,52.70366666666667,52.70366666666667,7.663666666666667,5.346666666666667,44.83333333333333,0.006666666666666667,0.23,-0.44666666666666666,NA,7.27,308.03333333333336,245.96666666666667,0.12,160,5.101047904191617,36.59544,-93.31361,279.8666666666667,982.4
098,2026-05-28,2026-05-28T11:40:00Z,52.84166666666667,52.84166666666667,7.6626666666666665,5.333333333333333,44.7,0.0033333333333333335,0.29000000000000004,-0.48333333333333334,NA,7.27,308.1333333333333,245.9,0.12,160,5.114407548539285,36.59544,-93.31361,280.03333333333336,982.4
098,2026-05-28,2026-05-28T11:40:03Z,52.92166666666667,52.92166666666667,7.662333333333334,5.316666666666666,44.53333333333333,0.043333333333333335,0.33,-0.4166666666666667,NA,7.27,308.23333333333335,245.96666666666667,0.12,160,5.122187443295228,36.59544,-93.31362,279.9,982.4
098,2026-05-28,2026-05-28T11:40:06Z,52.97966666666667,52.97966666666667,7.662,5.306666666666667,44.46666666666667,-0.0033333333333333327,0.23666666666666666,-0.5233333333333333,NA,7.27,308.3666666666667,245.86666666666667,0.12,160,5.127789874795862,36.59544,-93.31362,280,982.4
098,2026-05-28,2026-05-28T11:40:09Z,53.07266666666666,53.07266666666666,7.662333333333334,5.296666666666667,44.4,-0.03666666666666667,0.25,-0.4033333333333333,NA,7.27,308.46666666666664,245.73333333333332,0.12,160,5.1368172745418255,36.59544,-93.31362,280,982.3111111111111
098,2026-05-28,2026-05-28T11:40:12Z,53.14533333333333,53.14533333333333,7.661,5.283333333333333,44.3,-0.006666666666666667,0.25666666666666665,-0.4966666666666667,NA,7.27,308.56666666666666,245.9,0.12,160,5.143848666303756,36.59544,-93.31362,279.9,982.4
098,2026-05-28,2026-05-28T11:40:15Z,53.277,53.277,7.6593333333333335,5.273333333333333,44.16666666666667,-0.013333333333333334,0.28,-0.43,NA,7.27,308.76666666666665,245.96666666666667,0.12,160,5.15659589911087,36.59544,-93.31362,279.96666666666664,982.3555555555556
098,2026-05-28,2026-05-28T11:40:18Z,53.32233333333333,53.32233333333333,7.658666666666667,5.256666666666667,44.03333333333333,-0.01,0.33,-0.3233333333333333,NA,7.27,308.8666666666667,246.1,0.12,160,5.160950825621485,36.59544,-93.31362,280,982.4
098,2026-05-28,2026-05-28T11:40:21Z,53.44833333333333,53.44833333333333,7.657,5.24,43.93333333333333,-5.785235029746871e-19,0.30333333333333334,-0.4966666666666667,NA,7.27,308.9,245.96666666666667,0.12,160,5.17317637452368,36.59544,-93.31362,280.1666666666667,982.3555555555556
098,2026-05-28,2026-05-28T11:40:24Z,53.558,53.558,7.657333333333334,5.223333333333334,43.766666666666666,0.016666666666666666,0.24666666666666667,-0.44333333333333336,NA,7.27,309.03333333333336,246.06666666666666,0.12,160,5.183768825984395,36.59544,-93.31363,280.2,982.2666666666668
098,2026-05-28,2026-05-28T11:40:27Z,53.662,53.662,7.656666666666666,5.213333333333333,43.66666666666667,-0.023333333333333334,0.26,-0.4533333333333333,NA,7.27,309.1,246.13333333333333,0.12,160,5.193839593540193,36.59544,-93.31363,280.1,982.3111111111111
098,2026-05-28,2026-05-28T11:40:30Z,53.781666666666666,53.781666666666666,7.656,5.196666666666667,43.53333333333333,-0.02,0.26666666666666666,-0.4666666666666667,NA,7.27,309.2,246.2,0.12,160,5.205430048992923,36.59544,-93.31363,280.06666666666666,982.3111111111111
098,2026-05-28,2026-05-28T11:40:33Z,53.877,53.877,7.655333333333333,5.1866666666666665,43.46666666666667,-0.030000000000000002,0.24333333333333335,-0.4633333333333333,NA,7.26,309.3,246.13333333333333,0.12,160,5.21468426782798,36.59544,-93.31363,280.1333333333333,982.4
098,2026-05-28,2026-05-28T11:40:36Z,53.96633333333333,53.96633333333333,7.6546666666666665,5.176666666666667,43.36666666666667,0,0.29,-0.41333333333333333,NA,7.26,309.4,246.16666666666666,0.12,160,5.223326075122482,36.59544,-93.31363,280.03333333333336,982.4
098,2026-05-28,2026-05-28T11:40:39Z,54.08766666666667,54.08766666666667,7.652,5.163333333333333,43.233333333333334,-0.016666666666666666,0.24666666666666667,-0.4966666666666667,NA,7.26,309.6,246.2,0.12,160,5.235029940119761,36.59544,-93.31363,279.93333333333334,982.4
098,2026-05-28,2026-05-28T11:40:42Z,54.208333333333336,54.208333333333336,7.651,5.1433333333333335,43.06666666666667,1.1564823173178713e-18,0.3,-0.39,NA,7.26,309.6666666666667,246.36666666666667,0.12,160,5.246733805117039,36.59544,-93.31363,280.06666666666666,982.3555555555556
098,2026-05-28,2026-05-28T11:40:45Z,54.282666666666664,54.282666666666664,7.651666666666666,5.126666666666667,42.93333333333333,-0.003333333333333334,0.3,-0.4633333333333333,NA,7.26,309.73333333333335,246.33333333333334,0.12,160,5.253946652150245,36.59544,-93.31363,280.2,982.3555555555556
098,2026-05-28,2026-05-28T11:40:48Z,54.32,54.32,7.6513333333333335,5.113333333333333,42.83333333333333,0.02666666666666667,0.23333333333333334,-0.4766666666666667,NA,7.26,309.9,246.2,0.12,160,5.257575757575758,36.59544666666667,-93.31363,280.1666666666667,982.3555555555556
098,2026-05-28,2026-05-28T11:40:51Z,54.439,54.439,7.651,5.1,42.733333333333334,-0.006666666666666667,0.26666666666666666,-0.5133333333333334,NA,7.26,309.96666666666664,246.26666666666668,0.12,160,5.269030121575032,36.59544666666667,-93.31363333333334,280.06666666666666,982.4
098,2026-05-28,2026-05-28T11:40:54Z,54.57333333333334,54.57333333333334,7.651,5.086666666666667,42.6,-0.0033333333333333335,0.2833333333333333,-0.3933333333333333,NA,7.26,310.1333333333333,246.3,0.12,160,5.282026855380149,36.59544,-93.31363,280.1,982.3111111111111
098,2026-05-28,2026-05-28T11:40:57Z,54.681333333333335,54.681333333333335,7.650666666666667,5.073333333333333,42.46666666666667,-0.006666666666666667,0.26333333333333336,-0.41000000000000003,NA,7.26,310.2,246.36666666666667,0.12,160,5.292505897296317,36.59544,-93.31363,280.3333333333333,982.3111111111111
098,2026-05-28,2026-05-28T11:41:00Z,54.75033333333334,54.75033333333334,7.65,5.056666666666667,42.36666666666667,-0.05333333333333334,0.27,-0.5466666666666666,NA,7.26,310.26666666666665,246.3,0.12,160,5.299197060424605,36.59544,-93.31363,280.5,982.2666666666668
098,2026-05-28,2026-05-28T11:41:03Z,54.84166666666667,54.84166666666667,7.65,5.043333333333333,42.266666666666666,-0.01,0.2633333333333333,-0.43333333333333335,NA,7.26,310.4,246.43333333333334,0.12,160,5.308065686808202,36.59544,-93.31363,280.4,982.2222222222223
098,2026-05-28,2026-05-28T11:41:06Z,55.00333333333334,55.00333333333334,7.649666666666667,5.026666666666666,42.13333333333333,0.013333333333333334,0.18666666666666668,-0.44666666666666666,NA,7.26,310.53333333333336,246.4,0.12,160,5.323693522046815,36.59544,-93.31363,280.76666666666665,982.3111111111111
098,2026-05-28,2026-05-28T11:41:09Z,55.065,55.065,7.649,5.013333333333333,42.03333333333333,-0.013333333333333334,0.3333333333333333,-0.4066666666666667,NA,7.25,310.6,246.36666666666667,0.12,160,5.329681545998912,36.59544,-93.31363,280.96666666666664,982.4
098,2026-05-28,2026-05-28T11:41:12Z,55.15833333333333,55.15833333333333,7.649,5,41.86666666666667,-0.02,0.32333333333333336,-0.3833333333333333,NA,7.25,310.7,246.26666666666668,0.12,160,5.338708945744874,36.59544,-93.31363,281.3,982.3111111111111
098,2026-05-28,2026-05-28T11:41:15Z,55.284333333333336,55.284333333333336,7.649,4.986666666666667,41.766666666666666,-0.05,0.23666666666666666,-0.46,NA,7.25,310.8333333333333,246.3,0.12,160,5.350889130829251,36.59544,-93.31363,281.4,982.3555555555556
098,2026-05-28,2026-05-28T11:41:18Z,55.41833333333333,55.41833333333333,7.648666666666666,4.973333333333334,41.66666666666667,-0.043333333333333335,0.26,-0.43666666666666665,NA,7.25,310.96666666666664,246.16666666666666,0.12,160,5.3638178189076395,36.595443333333336,-93.31363,281.3666666666667,982.2666666666668
098,2026-05-28,2026-05-28T11:41:21Z,55.559333333333335,55.559333333333335,7.647333333333333,4.963333333333333,41.6,-0.016666666666666666,0.32,-0.5233333333333333,NA,7.25,311,246.33333333333334,0.12,160,5.377540373797859,36.59545,-93.31363,281.43333333333334,982.4
098,2026-05-28,2026-05-28T11:41:24Z,55.70066666666666,55.70066666666666,7.647333333333333,4.956666666666667,41.5,-0.016666666666666666,0.29000000000000004,-0.47,NA,7.25,311.1333333333333,246.26666666666665,0.12,160,5.39119488296135,36.59545,-93.31363,281.53333333333336,982.2666666666668
098,2026-05-28,2026-05-28T11:41:27Z,55.83233333333333,55.83233333333333,7.647,4.943333333333333,41.4,-0.04666666666666666,0.4033333333333333,-0.39666666666666667,NA,7.25,311.26666666666665,246.36666666666667,0.12,160,5.403964797677372,36.59545,-93.31363,281.73333333333335,982.3111111111111
098,2026-05-28,2026-05-28T11:41:30Z,55.91766666666667,55.91766666666667,7.647,4.933333333333334,41.3,-0.01,0.27,-0.5166666666666666,NA,7.25,311.3333333333333,246.4,0.12,160,5.412175648702595,36.59545,-93.31363,281.73333333333335,982.4
098,2026-05-28,2026-05-28T11:41:33Z,56.04566666666667,56.04566666666667,7.646,4.923333333333333,41.233333333333334,-0.03,0.27,-0.48000000000000004,NA,7.25,311.5,246.4,0.12,160,5.424605334784975,36.595443333333336,-93.31363333333334,281.76666666666665,982.4
098,2026-05-28,2026-05-28T11:41:36Z,56.159,56.159,7.645666666666666,4.91,41.13333333333333,-0.026666666666666665,0.2733333333333333,-0.4633333333333333,NA,7.25,311.53333333333336,246.36666666666667,0.12,160,5.435560696788242,36.59544,-93.31364,281.8666666666667,982.3111111111111
098,2026-05-28,2026-05-28T11:41:39Z,56.26466666666666,56.26466666666666,7.645,4.9,41.03333333333333,0.0033333333333333335,0.29333333333333333,-0.48333333333333334,NA,7.25,311.7,246.36666666666667,0.12,160,5.4458129196153156,36.59544,-93.31364,281.76666666666665,982.4
098,2026-05-28,2026-05-28T11:41:42Z,56.333666666666666,56.333666666666666,7.644666666666667,4.8933333333333335,40.96666666666667,-0.013333333333333334,0.21666666666666667,-0.63,NA,7.25,311.8333333333333,246.33333333333334,0.12,160,5.452481400834694,36.59544,-93.31364,281.8666666666667,982.3555555555556
098,2026-05-28,2026-05-28T11:41:45Z,56.48533333333333,56.48533333333333,7.644,4.88,40.86666666666667,-0.049999999999999996,0.3,-0.51,NA,7.243333333333333,311.9,246.36666666666667,0.12,160,5.4671565958991115,36.59544,-93.31364,282.1,982.2666666666668
098,2026-05-28,2026-05-28T11:41:48Z,56.614333333333335,56.614333333333335,7.643666666666666,4.87,40.8,5.785235029746871e-19,0.29000000000000004,-0.4533333333333333,NA,7.24,312,246.23333333333332,0.12,160,5.479631645799311,36.59544,-93.31364,282.1,982.4
098,2026-05-28,2026-05-28T11:41:51Z,56.736333333333334,56.736333333333334,7.642,4.86,40.7,-0.04666666666666667,0.24666666666666667,-0.5133333333333333,NA,7.24,312.06666666666666,246.36666666666667,0.12,160,5.491448920341136,36.59544,-93.31364,282.03333333333336,982.4
098,2026-05-28,2026-05-28T11:41:54Z,56.89266666666667,56.89266666666667,7.641,4.85,40.6,-0.02,0.26666666666666666,-0.4533333333333333,NA,7.24,312.23333333333335,246.3,0.12,160,5.506600435492651,36.59544,-93.31364,281.96666666666664,982.3111111111111
098,2026-05-28,2026-05-28T11:41:57Z,56.94533333333333,56.94533333333333,7.641333333333334,4.836666666666667,40.53333333333333,-0.02,0.28,-0.43333333333333335,NA,7.24,312.3333333333333,246.36666666666667,0.12,160,5.511703864997278,36.59544,-93.31364,282,982.3111111111111
098,2026-05-28,2026-05-28T11:42:00Z,57.055,57.055,7.639666666666667,4.83,40.46666666666667,-0.006666666666666667,0.2733333333333333,-0.47,NA,7.24,312.43333333333334,246.23333333333332,0.12,160,5.522296316457993,36.59544,-93.31364,282.1,982.4444444444445
098,2026-05-28,2026-05-28T11:42:03Z,57.157333333333334,57.157333333333334,7.6386666666666665,4.82,40.4,-0.02333333333333333,0.3466666666666667,-0.44,NA,7.24,312.56666666666666,246.3,0.12,160,5.532185628742515,36.59544,-93.31364,282.23333333333335,982.3111111111111
098,2026-05-28,2026-05-28T11:42:06Z,57.24066666666667,57.24066666666667,7.637333333333333,4.8133333333333335,40.3,-0.01,0.24333333333333335,-0.48666666666666664,NA,7.24,312.6,246.13333333333333,0.12,160,5.5402830702231904,36.59543,-93.31364,282.3666666666667,982.3555555555556
098,2026-05-28,2026-05-28T11:42:09Z,57.30433333333333,57.30433333333333,7.637333333333333,4.806666666666667,40.233333333333334,-0.07333333333333333,0.30000000000000004,-0.42,NA,7.24,312.7,246.16666666666666,0.12,160,5.5464525494465615,36.59543,-93.31364,282.4,982.4
098,2026-05-28,2026-05-28T11:42:12Z,57.455666666666666,57.455666666666666,7.636666666666667,4.796666666666667,40.16666666666667,-0.03,0.2966666666666667,-0.4766666666666667,NA,7.24,312.8666666666667,246.13333333333333,0.12,160,5.561105062602069,36.59542666666667,-93.31364,282.3666666666667,982.4
098,2026-05-28,2026-05-28T11:42:15Z,57.634,57.634,7.637333333333333,4.786666666666667,40.06666666666667,-0.0033333333333333335,0.26666666666666666,-0.46,NA,7.24,312.93333333333334,246.23333333333332,0.12,160,5.578343313373254,36.59542,-93.31364,282.3,982.4
098,2026-05-28,2026-05-28T11:42:18Z,57.79566666666667,57.79566666666667,7.637333333333333,4.776666666666666,40,0.013333333333333334,0.3466666666666667,-0.4033333333333333,NA,7.24,313.06666666666666,246.16666666666666,0.12,160,5.594016512429686,36.59542,-93.31364666666667,282.1,982.4
098,2026-05-28,2026-05-28T11:42:21Z,57.949666666666666,57.949666666666666,7.635666666666666,4.763333333333333,39.9,-0.02,0.28,-0.4666666666666667,NA,7.24,313.1333333333333,246.23333333333332,0.12,160,5.608895844674288,36.59542,-93.31365,281.8333333333333,982.3555555555556
098,2026-05-28,2026-05-28T11:42:24Z,58.041333333333334,58.041333333333334,7.632666666666666,4.756666666666667,39.83333333333333,-0.03666666666666667,0.2966666666666667,-0.5133333333333333,NA,7.236666666666667,313.26666666666665,246.2,0.12,160,5.617832516784612,36.59542,-93.31365,281.6333333333333,982.3111111111111
098,2026-05-28,2026-05-28T11:42:27Z,58.199666666666666,58.199666666666666,7.629333333333333,4.743333333333333,39.733333333333334,-5.776764700274328e-19,0.2833333333333333,-0.42333333333333334,NA,7.23,313.4,246.23333333333332,0.12,160,5.633142805298494,36.59542,-93.31365,281.8333333333333,982.2666666666668
098,2026-05-28,2026-05-28T11:42:30Z,58.36266666666666,58.36266666666666,7.6273333333333335,4.73,39.6,-0.030000000000000002,0.28,-0.4533333333333333,NA,7.23,313.46666666666664,246.33333333333334,0.12,160,5.648906731990564,36.59542,-93.31365,282.03333333333336,982.3555555555556
098,2026-05-28,2026-05-28T11:42:33Z,58.39866666666667,58.39866666666667,7.623666666666667,4.716666666666667,39.46666666666667,-0.04,0.2833333333333333,-0.38999999999999996,NA,7.23,313.53333333333336,246.36666666666667,0.12,160,5.652354382144802,36.59542,-93.31365,281.9,982.4
098,2026-05-28,2026-05-28T11:42:36Z,58.559,58.559,7.62,4.706666666666667,39.4,-0.049999999999999996,0.39666666666666667,-0.43333333333333335,NA,7.23,313.7,246.29999999999998,0.12,160,5.6678914897477775,36.59542,-93.31365,282.06666666666666,982.4
098,2026-05-28,2026-05-28T11:42:39Z,58.632333333333335,58.632333333333335,7.620666666666667,4.696666666666667,39.3,-0.05333333333333334,0.29000000000000004,-0.48333333333333334,NA,7.23,313.76666666666665,246.26666666666668,0.12,160,5.675013609145346,36.59542,-93.31365,282.3333333333333,982.3555555555556
098,2026-05-28,2026-05-28T11:42:42Z,58.68866666666666,58.68866666666666,7.618,4.69,39.266666666666666,-0.02666666666666667,0.32666666666666666,-0.49,NA,7.23,313.8666666666667,246.16666666666666,0.12,160,5.680457267283615,36.59542,-93.31365,282.56666666666666,982.2666666666667
098,2026-05-28,2026-05-28T11:42:45Z,58.77733333333333,58.77733333333333,7.6146666666666665,4.683333333333334,39.2,0.0033333333333333335,0.31,-0.4033333333333333,NA,7.23,313.96666666666664,246.23333333333332,0.12,160,5.689053710760297,36.59542,-93.31365,282.6666666666667,982.3111111111111
098,2026-05-28,2026-05-28T11:42:48Z,58.921,58.921,7.612,4.68,39.2,0,0.30333333333333334,-0.49,NA,7.23,314.06666666666666,246.13333333333333,0.12,160,5.702957720921793,36.595416666666665,-93.31365,282.43333333333334,982.2666666666667
098,2026-05-28,2026-05-28T11:42:51Z,59.044,59.044,7.608,4.67,39.06666666666667,0.02333333333333333,0.31666666666666665,-0.5166666666666666,NA,7.23,314.1666666666667,246.2,0.12,160,5.714843041190347,36.59541,-93.31365,282.1333333333333,982.3111111111111
098,2026-05-28,2026-05-28T11:42:54Z,59.186,59.186,7.602666666666667,4.653333333333333,38.93333333333333,-0.030000000000000002,0.22666666666666666,-0.3833333333333333,NA,7.223333333333334,314.3,246.13333333333333,0.12,160,5.728633641807295,36.59541,-93.31365,281.96666666666664,982.3111111111111
098,2026-05-28,2026-05-28T11:42:57Z,59.34433333333333,59.34433333333333,7.600333333333333,4.63,38.766666666666666,-0.05,0.3,-0.44333333333333336,NA,7.22,314.3666666666667,246.1,0.12,160,5.7439439303211755,36.59541,-93.31366,282.1,982.3555555555556
098,2026-05-28,2026-05-28T11:43:00Z,59.489,59.489,7.598333333333334,4.61,38.56666666666667,0.0033333333333333327,0.3,-0.5266666666666667,NA,7.22,314.53333333333336,246.2,0.12,160,5.757938668118309,36.59541,-93.31366,282.1,982.4
098,2026-05-28,2026-05-28T11:43:03Z,59.583,59.583,7.597666666666667,4.593333333333333,38.43333333333333,-0.016666666666666666,0.24,-0.44333333333333336,NA,7.22,314.6666666666667,246.23333333333332,0.12,160,5.76701143168209,36.59541,-93.31366,281.7,982.3111111111111
098,2026-05-28,2026-05-28T11:43:06Z,59.633,59.633,7.596666666666667,4.576666666666667,38.3,0.02666666666666667,0.2833333333333333,-0.45666666666666667,NA,7.22,314.76666666666665,246.16666666666666,0.12,160,5.771910724006532,36.59541,-93.31366,281.53333333333336,982.2666666666667
098,2026-05-28,2026-05-28T11:43:09Z,59.818,59.818,7.596,4.5633333333333335,38.16666666666667,0.006666666666666666,0.30333333333333334,-0.4866666666666667,NA,7.22,314.8,246.23333333333332,0.12,160,5.7898067501360915,36.59541,-93.31366,281.2,982.3111111111111
098,2026-05-28,2026-05-28T11:43:12Z,59.928666666666665,59.928666666666665,7.595666666666666,4.55,38.06666666666667,-0.016666666666666666,0.2833333333333333,-0.47333333333333333,NA,7.22,314.8666666666667,246.2,0.12,160,5.800535293050263,36.59541,-93.31366,280.93333333333334,982.3555555555556
098,2026-05-28,2026-05-28T11:43:15Z,60.056333333333335,60.056333333333335,7.595666666666666,4.536666666666667,37.93333333333333,-0.01,0.22666666666666668,-0.4366666666666667,NA,7.213333333333333,315,246.1,0.12,160,5.812851569588096,36.59541,-93.31366,280.8333333333333,982.4
098,2026-05-28,2026-05-28T11:43:18Z,60.17,60.17,7.595666666666666,4.523333333333333,37.83333333333333,0.016666666666666666,0.30333333333333334,-0.5166666666666667,NA,7.21,315,246.06666666666666,0.12,160,5.823829613500273,36.59541,-93.31366,280.73333333333335,982.3555555555556
098,2026-05-28,2026-05-28T11:43:21Z,60.35933333333333,60.35933333333333,7.5953333333333335,4.51,37.733333333333334,0,0.26666666666666666,-0.39666666666666667,NA,7.21,314.90000000000003,246,0.12,160,5.842224641625839,36.59541,-93.31366,280.73333333333335,982.4
098,2026-05-28,2026-05-28T11:43:24Z,60.48166666666667,60.48166666666667,7.595666666666666,4.496666666666667,37.63333333333333,-0.013333333333333332,0.25333333333333335,-0.48000000000000004,NA,7.21,313.8666666666667,246.06666666666666,0.12,160,5.854019234258756,36.59541333333333,-93.31366,280.7,982.3555555555556
098,2026-05-28,2026-05-28T11:43:27Z,60.613,60.613,7.595666666666666,4.486666666666667,37.53333333333333,-0.023333333333333334,0.27,-0.43666666666666665,NA,7.21,313.1333333333333,246.06666666666666,0.12,160,5.866766467065868,36.59541,-93.31366,280.5,982.3555555555556
098,2026-05-28,2026-05-28T11:43:30Z,60.70466666666667,60.70466666666667,7.5953333333333335,4.476666666666667,37.46666666666667,-0.0033333333333333327,0.27666666666666667,-0.49,NA,7.21,312.4,246.1,0.12,160,5.8755897296316455,36.595416666666665,-93.31366,280.4,982.3111111111111
098,2026-05-28,2026-05-28T11:43:33Z,60.785,60.785,7.594666666666667,4.47,37.4,-0.03333333333333333,0.31333333333333335,-0.45999999999999996,NA,7.21,311.8333333333333,246.16666666666666,0.12,160,5.883369624387589,36.595416666666665,-93.31366,280.5333333333333,982.3555555555556
098,2026-05-28,2026-05-28T11:43:36Z,60.910666666666664,60.910666666666664,7.595,4.456666666666667,37.266666666666666,-0.023333333333333334,0.32,-0.43,NA,7.21,311.6333333333333,246.1,0.12,160,5.895549809471965,36.59542,-93.31366,280.6,982.2222222222223
098,2026-05-28,2026-05-28T11:43:39Z,61.01466666666666,61.01466666666666,7.5953333333333335,4.44,37.13333333333333,-0.016666666666666666,0.25333333333333335,-0.42,NA,7.21,311.43333333333334,246.1,0.12,160,5.905620577027762,36.59542,-93.31366,281,982.4
098,2026-05-28,2026-05-28T11:43:42Z,61.043,61.043,7.5953333333333335,4.42,36.96666666666667,-0.04,0.23,-0.5166666666666666,NA,7.21,311.1,246.16666666666666,0.12,160,5.908387769914716,36.59542,-93.31366333333334,281.1333333333333,982.4
098,2026-05-28,2026-05-28T11:43:45Z,61.09966666666667,61.09966666666667,7.595,4.4,36.83333333333333,-0.016666666666666666,0.3166666666666667,-0.47333333333333333,NA,7.21,311,246.13333333333333,0.12,160,5.913876791870804,36.59542,-93.31367,280.8666666666667,982.4
098,2026-05-28,2026-05-28T11:43:48Z,61.15233333333333,61.15233333333333,7.593666666666667,4.383333333333333,36.66666666666667,-0.013333333333333334,0.31333333333333335,-0.48000000000000004,NA,7.21,311.03333333333336,246.23333333333332,0.12,160,5.918980221375431,36.59542,-93.31367,280.56666666666666,982.3111111111111
098,2026-05-28,2026-05-28T11:43:51Z,61.21333333333334,61.21333333333334,7.593333333333334,4.37,36.56666666666667,0.006666666666666667,0.26666666666666666,-0.43333333333333335,NA,7.216666666666667,311.2,246.2,0.12,160,5.924877517691889,36.59542,-93.31367,280.43333333333334,982.3111111111111
098,2026-05-28,2026-05-28T11:43:54Z,61.299,61.299,7.593333333333334,4.35,36.36666666666667,-0.0033333333333333322,0.30666666666666664,-0.54,NA,7.21,311.3333333333333,246.23333333333332,0.12,160,5.93313373253493,36.59542,-93.31367,280.53333333333336,982.4
098,2026-05-28,2026-05-28T11:43:57Z,61.438,61.438,7.593,4.32,36.13333333333333,-0.02,0.2966666666666667,-0.4866666666666667,NA,7.203333333333333,311.56666666666666,246.23333333333332,0.12,160,5.946584104518236,36.59542,-93.31367,280.6,982.4
098,2026-05-28,2026-05-28T11:44:00Z,61.59433333333333,61.59433333333333,7.592666666666666,4.293333333333333,35.93333333333333,0.03333333333333333,0.36333333333333334,-0.44666666666666666,NA,7.2,311.8,246.33333333333334,0.12,160,5.961735619669751,36.59542,-93.31367,280.6333333333333,982.4
098,2026-05-28,2026-05-28T11:44:03Z,61.678999999999995,61.678999999999995,7.592666666666666,4.27,35.7,-0.05333333333333334,0.32333333333333336,-0.5366666666666666,NA,7.2,311.93333333333334,246.16666666666666,0.12,160,5.9699237887860646,36.59542,-93.31367666666667,280.8,982.4
098,2026-05-28,2026-05-28T11:44:06Z,61.833333333333336,61.833333333333336,7.591666666666667,4.25,35.53333333333333,-0.02666666666666667,0.32,-0.43666666666666665,NA,7.2,312.1,246.26666666666668,0.12,160,5.984848484848484,36.59542,-93.31368,281.1,982.4
098,2026-05-28,2026-05-28T11:44:09Z,61.984,61.984,7.591333333333333,4.223333333333334,35.33333333333333,-0.02666666666666667,0.3166666666666667,-0.4,NA,7.2,312.3,246.16666666666666,0.12,160,5.999478316095082,36.59542,-93.31368,281.1,982.3555555555556
098,2026-05-28,2026-05-28T11:44:12Z,62.10466666666667,62.10466666666667,7.591,4.203333333333333,35.16666666666667,-0.03,0.22666666666666668,-0.42666666666666664,NA,7.2,312.5,246.3,0.12,160,6.0111821810923605,36.59542,-93.31368,280.93333333333334,982.3111111111111
098,2026-05-28,2026-05-28T11:44:15Z,62.292,62.292,7.591333333333333,4.18,35,0,0.21,-0.4266666666666667,NA,7.19,312.6333333333333,246.23333333333332,0.12,160,6.029282344402105,36.59542,-93.31368,281.06666666666666,982.3555555555556
098,2026-05-28,2026-05-28T11:44:18Z,62.431,62.431,7.593333333333334,4.1433333333333335,34.666666666666664,0.006666666666666667,0.20333333333333334,-0.44666666666666666,NA,7.19,312.8,246.4,0.12,160,6.042732716385411,36.59542,-93.31368,281.1,982.4
098,2026-05-28,2026-05-28T11:44:21Z,62.56466666666667,62.56466666666667,7.594,4.093333333333334,34.233333333333334,0.02,0.33,-0.4166666666666667,NA,7.19,312.8333333333333,246.33333333333334,0.12,160,6.055638722554891,36.59542,-93.31368666666667,281.1,982.3555555555556
098,2026-05-28,2026-05-28T11:44:24Z,62.641333333333336,62.641333333333336,7.594,4.05,33.9,-0.03333333333333334,0.24666666666666667,-0.42,NA,7.18,312.8666666666667,246.4,0.12,160,6.063078388677191,36.59542,-93.31369,281.2,982.4
098,2026-05-28,2026-05-28T11:44:27Z,62.702666666666666,62.702666666666666,7.594,4.013333333333334,33.6,-0.02,0.2966666666666667,-0.4166666666666667,NA,7.18,313,246.43333333333334,0.12,160,6.069043730720377,36.59542666666667,-93.31369,281.06666666666666,982.4
098,2026-05-28,2026-05-28T11:44:33Z,62.754999999999995,62.754999999999995,7.594666666666667,3.96,33.13333333333333,0.01,0.23,-0.49666666666666665,NA,7.18,313.26666666666665,246.46666666666667,0.12,160,6.074101796407186,36.59543,-93.3137,280.76666666666665,982.3555555555556
098,2026-05-28,2026-05-28T11:44:36Z,62.82233333333333,62.82233333333333,7.594666666666667,3.9366666666666665,32.93333333333333,0,0.3,-0.4866666666666667,NA,7.18,313.46666666666664,246.43333333333334,0.12,160,6.080588822355289,36.59543666666667,-93.31370333333334,280.7,982.3555555555556
098,2026-05-28,2026-05-28T11:44:39Z,62.894333333333336,62.894333333333336,7.594,3.9133333333333336,32.733333333333334,-0.08,0.2733333333333333,-0.43333333333333335,NA,7.18,313.6,246.46666666666667,0.12,160,6.087597532208311,36.59544,-93.31371,281.03333333333336,982.4
098,2026-05-28,2026-05-28T11:44:42Z,63.001333333333335,63.001333333333335,7.595,3.8933333333333335,32.56666666666667,0.013333333333333334,0.31333333333333335,-0.42333333333333334,NA,7.18,313.8333333333333,246.43333333333334,0.12,160,6.097963164579931,36.59544,-93.31371,280.8333333333333,982.3111111111111
098,2026-05-28,2026-05-28T11:44:45Z,63.074999999999996,63.074999999999996,7.595,3.8733333333333335,32.43333333333333,-0.05,0.24333333333333332,-0.5533333333333333,NA,7.18,313.96666666666664,246.43333333333334,0.12,160,6.1050399201596806,36.59544,-93.31371,280.8333333333333,982.4
098,2026-05-28,2026-05-28T11:44:48Z,63.164,63.164,7.5953333333333335,3.86,32.3,-0.03666666666666667,0.34,-0.4533333333333333,NA,7.18,314.1666666666667,246.46666666666667,0.12,160,6.113681727454183,36.59544,-93.31371,280.76666666666665,982.3111111111111
098,2026-05-28,2026-05-28T11:44:51Z,63.245,63.245,7.595,3.85,32.2,0.01,0.32333333333333336,-0.4066666666666667,NA,7.18,314.3,246.46666666666667,0.12,160,6.121529667936854,36.59544,-93.31371,281,982.3111111111111
098,2026-05-28,2026-05-28T11:44:54Z,63.358333333333334,63.358333333333334,7.594666666666667,3.84,32.13333333333333,-0.05,0.27666666666666667,-0.4866666666666667,NA,7.18,314.43333333333334,246.5,0.12,160,6.132530393757939,36.59544,-93.31371333333334,281.06666666666666,982.4
098,2026-05-28,2026-05-28T11:44:57Z,63.39266666666667,63.39266666666667,7.595,3.8333333333333335,32.06666666666667,-0.01,0.4,-0.4533333333333333,NA,7.18,314.6,246.53333333333333,0.12,160,6.135841952458719,36.59544,-93.31372,280.96666666666664,982.4
098,2026-05-28,2026-05-28T11:45:06Z,63.448,63.448,7.5953333333333335,3.81,31.9,-0.03333333333333333,0.22999999999999998,-0.5266666666666667,NA,7.18,315,246.36666666666667,0.12,160,6.1411722010524405,36.59545333333333,-93.31371,281.43333333333334,982.2222222222223
098,2026-05-28,2026-05-28T11:45:09Z,63.49766666666667,63.49766666666667,7.5953333333333335,3.8033333333333332,31.8,0.03333333333333333,0.3,-0.4966666666666667,NA,7.18,315.1333333333333,246.63333333333333,0.12,160,6.146026129559064,36.59546,-93.31370666666666,281.7,982.3111111111111
098,2026-05-28,2026-05-28T11:45:12Z,63.588,63.588,7.595,3.8,31.8,0.07333333333333333,0.4933333333333333,-0.3566666666666667,NA,7.18,315.26666666666665,246.5,0.12,160,6.154735982580294,36.59547,-93.3137,282.23333333333335,982.3111111111111
098,2026-05-28,2026-05-28T11:45:15Z,63.675,63.675,7.595,3.79,31.7,-0.013333333333333332,0.33,-0.48333333333333334,NA,7.18,315.4,246.46666666666667,0.12,160,6.163128288876792,36.59547,-93.3137,282.2,982.3555555555556
098,2026-05-28,2026-05-28T11:45:18Z,63.745333333333335,63.745333333333335,7.595,3.79,31.7,-0.0033333333333333327,0.30333333333333334,-0.2333333333333333,NA,7.18,315.5,246.43333333333334,0.12,160,6.169955543458538,36.59547333333333,-93.31369,281.9,982.2666666666668
098,2026-05-28,2026-05-28T11:45:21Z,63.84733333333333,63.84733333333333,7.5953333333333335,3.783333333333333,31.633333333333333,-0.030000000000000002,0.3666666666666667,-0.38666666666666666,NA,7.173333333333333,315.6333333333333,246.6,0.12,160,6.179844855743059,36.59548,-93.31369,281.7,982.3555555555556
098,2026-05-28,2026-05-28T11:45:24Z,63.897999999999996,63.897999999999996,7.596,3.7766666666666664,31.566666666666666,0.016666666666666666,0.2866666666666667,-0.4533333333333333,NA,7.17,315.76666666666665,246.53333333333333,0.12,160,6.184744148067502,36.595483333333334,-93.31369,281.56666666666666,982.3555555555556
098,2026-05-28,2026-05-28T11:45:27Z,64.009,64.009,7.595666666666666,3.763333333333333,31.466666666666665,0.04,0.31666666666666665,-0.46,NA,7.17,315.8666666666667,246.53333333333333,0.12,160,6.195495372890583,36.59549,-93.31369,281.6,982.3555555555556
098,2026-05-28,2026-05-28T11:45:30Z,64.12433333333333,64.12433333333333,7.596,3.7466666666666666,31.366666666666667,-0.01,0.29333333333333333,-0.44333333333333336,NA,7.17,315.96666666666664,246.43333333333334,0.12,160,6.206677553982943,36.59549,-93.31369,281.4666666666667,982.3555555555556
098,2026-05-28,2026-05-28T11:45:33Z,64.17699999999999,64.17699999999999,7.596333333333334,3.73,31.233333333333334,-0.030000000000000002,0.23,-0.46,NA,7.17,316.1666666666667,246.56666666666666,0.12,160,6.211735619669751,36.5955,-93.31369333333333,281.46666666666664,982.3111111111111
098,2026-05-28,2026-05-28T11:45:36Z,64.27066666666667,64.27066666666667,7.596666666666667,3.7133333333333334,31.066666666666666,-0.006666666666666667,0.32,-0.4066666666666667,NA,7.17,316.3,246.6,0.12,160,6.220831065142442,36.5955,-93.31369333333333,281.6,982.3111111111111
098,2026-05-28,2026-05-28T11:45:39Z,64.43133333333334,64.43133333333334,7.597,3.6966666666666668,30.966666666666665,0.02,0.24333333333333335,-0.5,NA,7.17,316.3666666666667,246.6,0.12,160,6.236413536563237,36.5955,-93.31369,281.76666666666665,982.3555555555556
098,2026-05-28,2026-05-28T11:45:42Z,64.57966666666667,64.57966666666667,7.597,3.69,30.866666666666667,0.013333333333333332,0.2966666666666667,-0.45666666666666667,NA,7.17,316.53333333333336,246.56666666666666,0.12,160,6.250725821085102,36.59551,-93.31369,281.8666666666667,982.2222222222223
098,2026-05-28,2026-05-28T11:45:45Z,64.62866666666667,64.62866666666667,7.598333333333334,3.68,30.8,-0.04,0.22666666666666666,-0.37333333333333335,NA,7.17,316.6333333333333,246.7,0.12,160,6.255466340047178,36.59551,-93.31369,281.46666666666664,982.2666666666668
098,2026-05-28,2026-05-28T11:45:48Z,64.67066666666666,64.67066666666666,7.599333333333333,3.67,30.7,-0.02,0.2633333333333333,-0.49333333333333335,NA,7.17,316.8333333333333,246.8,0.12,160,6.2595264017419705,36.59551,-93.31369,281.23333333333335,982.2222222222223
098,2026-05-28,2026-05-28T11:45:51Z,64.768,64.768,7.602333333333333,3.65,30.5,0.39333333333333337,0.97,1.6933333333333334,NA,7.166666666666667,316.93333333333334,247.06666666666666,0.12,161,6.268962075848303,36.59551,-93.31369,280.6,982.2666666666667
098,2026-05-28,2026-05-28T11:45:54Z,64.82233333333333,64.82233333333333,7.604666666666667,3.6133333333333333,30.2,1.1066666666666667,1.8966666666666667,4.183333333333334,NA,7.16,317,247.63333333333333,0.12,161,6.274201596806387,36.59551,-93.31369,280.06666666666666,982.3555555555556
098,2026-05-28,2026-05-28T11:46:00Z,64.86966666666666,64.86966666666666,7.605,3.53,29.6,0.4666666666666667,0.9233333333333333,2.9033333333333333,NA,7.1000000000000005,316,247.93333333333334,0.12,161,6.278783342406097,36.59551,-93.31368666666667,279.53333333333336,982.3111111111111
098,2026-05-28,2026-05-28T11:46:03Z,64.93599999999999,64.93599999999999,7.604666666666667,3.4833333333333334,29.166666666666664,0.15666666666666668,0.5733333333333334,1.6266666666666667,NA,6.986666666666667,302.83333333333337,247.8,0.12,161,6.285202322627472,36.59551,-93.31368,279.53333333333336,982.3555555555556
