MULakeNumber,date,dateTime,depth_m,verticalPosition_m,temp_degC,doConcentration_mgpL,doSaturation_percent,chlorophyll_RFU,phycocyaninBGA_RFU,phycoerythrinTAL_RFU,turbidity_FNU,pH,orp_mV,specificConductivity_uSpcm,salinity_psu,tds_mgpL,waterPressure_barA,latitude,longitude,altitude_m,barometerAirHandheld_mbars
098,2026-06-30,2026-06-30T11:04:27Z,0.23466666666666666,0.23466666666666666,28.167666666666666,8.34,106.9,0.09333333333333334,-0.023333333333333334,0.18,NA,8.42,187.46666666666667,223.76666666666668,0.1,145,0.022613863182725458,36.59602,-93.31312,281.7,983.8666666666667
098,2026-06-30,2026-06-30T11:04:30Z,0.2886666666666667,0.2886666666666667,28.159000000000002,8.38,107.33333333333333,0.12,0.016666666666666666,-0.07666666666666666,NA,8.416666666666666,188.5,223.86666666666667,0.1,145.66666666666666,0.02783070223189984,36.59602,-93.31311666666666,281.7,983.7777777777777
098,2026-06-30,2026-06-30T11:04:36Z,0.34400000000000003,0.34400000000000003,28.141333333333332,8.423333333333334,107.93333333333334,0.08,-0.043333333333333335,0.26666666666666666,NA,8.373333333333333,192.86666666666667,223.4,0.1,145,0.03316095082562148,36.59602,-93.31311,281.3333333333333,983.8666666666667
098,2026-06-30,2026-06-30T11:04:39Z,0.37166666666666665,0.37166666666666665,28.131333333333334,8.433333333333334,108.1,0.13,-0.01333333333333333,-0.1,NA,8.366666666666665,194.13333333333333,223.3,0.1,145,0.035814734168027586,36.59602,-93.31311,281.3333333333333,983.8666666666667
098,2026-06-30,2026-06-30T11:04:42Z,0.43866666666666665,0.43866666666666665,28.126666666666665,8.45,108.23333333333333,0.1,0.06999999999999999,0.13999999999999999,NA,8.37,194.8,223.3,0.1,145,0.04227907820722192,36.59602,-93.31311666666666,281.23333333333335,983.8222222222222
098,2026-06-30,2026-06-30T11:04:45Z,0.47833333333333333,0.47833333333333333,28.109666666666666,8.463333333333335,108.4,0.11666666666666667,0.07333333333333333,-0.07333333333333333,NA,8.37,195.4,223.16666666666666,0.1,145,0.04611232081291962,36.59602,-93.31312666666666,281.1333333333333,983.8666666666667
098,2026-06-30,2026-06-30T11:04:51Z,0.51,0.51,28.092333333333332,8.483333333333334,108.6,0.12,0.0033333333333333327,0.12666666666666668,NA,8.393333333333334,195.86666666666667,223.13333333333333,0.1,145,0.04917437851569588,36.59601,-93.31312,281.76666666666665,983.8666666666667
098,2026-06-30,2026-06-30T11:04:54Z,0.5506666666666667,0.5506666666666667,28.084,8.49,108.66666666666667,0.12333333333333334,0.02666666666666667,0.07333333333333333,NA,8.3966666666666665,196.43333333333334,223.06666666666666,0.1,145,0.05312103066594085,36.59600333333333,-93.31312,281.76666666666665,983.8666666666667
098,2026-06-30,2026-06-30T11:04:57Z,0.582,0.582,28.074333333333335,8.5,108.73333333333333,0.14333333333333334,0.013333333333333334,0.11000000000000001,NA,8.39,197.5,223.16666666666666,0.1,145,0.05611504264198875,36.59601333333333,-93.31312,281.8,983.8666666666667
098,2026-06-30,2026-06-30T11:05:00Z,0.6186666666666667,0.6186666666666667,28.064333333333334,8.5,108.8,0.15666666666666668,0.0033333333333333335,0.24333333333333332,NA,8.376666666666667,198.93333333333334,223.06666666666666,0.1,145,0.05963073852295409,36.59601,-93.31312,281.7,983.8666666666667
098,2026-06-30,2026-06-30T11:05:03Z,0.669,0.669,28.060333333333332,8.506666666666666,108.86666666666667,0.12666666666666668,0.016666666666666666,0.12000000000000001,NA,8.38,199.36666666666667,223,0.1,145,0.06450734893848667,36.59601,-93.31311,281.6333333333333,983.8666666666667
098,2026-06-30,2026-06-30T11:05:06Z,0.6923333333333334,0.6923333333333334,28.055666666666667,8.51,108.9,0.12,0.03333333333333333,0.15333333333333332,NA,8.37,200.56666666666666,222.93333333333334,0.1,145,0.06677553982943205,36.59601,-93.31311333333333,281.46666666666664,983.8666666666667
098,2026-06-30,2026-06-30T11:05:12Z,0.736,0.736,28.051,8.52,108.96666666666667,0.14666666666666667,0.05666666666666667,0.21666666666666667,NA,8.37,201.96666666666667,222.9,0.1,145,0.07097169297768101,36.59600666666667,-93.31310333333333,281.76666666666665,983.8666666666667
098,2026-06-30,2026-06-30T11:05:15Z,0.82,0.82,28.05366666666667,8.52,109,0.12666666666666668,0.08333333333333333,0.2833333333333333,NA,8.366666666666665,202.66666666666666,222.83333333333334,0.1,145,0.07906913445835602,36.59600666666667,-93.3131,282.3,983.8222222222222
098,2026-06-30,2026-06-30T11:05:18Z,0.87,0.87,28.045333333333332,8.52,109,0.17333333333333334,0.04666666666666667,0.2633333333333333,NA,8.373333333333333,202.73333333333332,222.8,0.1,145,0.08387769914716023,36.59601,-93.3131,282.8,983.8666666666667
098,2026-06-30,2026-06-30T11:05:21Z,0.941,0.941,28.061333333333334,8.52,109.06666666666666,0.13333333333333333,0.03666666666666667,0.11,NA,8.38,202.8,223,0.1,145,0.09075031754672473,36.59601,-93.3131,283.0333333333333,983.8666666666667
098,2026-06-30,2026-06-30T11:05:24Z,1.0223333333333333,1.0223333333333333,27.970333333333333,8.523333333333333,108.93333333333334,0.16,0.07,0.3,NA,8.373333333333333,203.73333333333332,222.8,0.1,145,0.0985755761204863,36.59601,-93.3131,282.8333333333333,983.8666666666667
098,2026-06-30,2026-06-30T11:05:27Z,1.0963333333333334,1.0963333333333334,27.871,8.543333333333333,108.96666666666667,0.19,0.060000000000000005,0.17333333333333334,NA,8.366666666666665,204.83333333333334,222.7,0.1,145,0.1056976955180548,36.59600333333333,-93.3131,282.93333333333334,983.8666666666667
098,2026-06-30,2026-06-30T11:05:30Z,1.1726666666666667,1.1726666666666667,27.830333333333332,8.553333333333335,109,0.19333333333333333,0.03333333333333333,0.24,NA,8.37,204.93333333333334,222.6,0.1,145,0.11309199782253675,36.596,-93.3131,282.73333333333335,983.8666666666667
098,2026-06-30,2026-06-30T11:05:33Z,1.2663333333333333,1.2663333333333333,27.805666666666667,8.563333333333334,109.06666666666666,0.22,0.03333333333333333,0.38333333333333336,NA,8.37,205.26666666666668,222.56666666666666,0.1,145,0.12214207947740882,36.596,-93.3131,282.23333333333335,983.8222222222222
098,2026-06-30,2026-06-30T11:05:36Z,1.3423333333333334,1.3423333333333334,27.793333333333333,8.57,109.13333333333333,0.21000000000000002,0.013333333333333332,0.16,NA,8.37,205.86666666666667,222.53333333333333,0.1,145,0.1294229722373435,36.596,-93.3131,282.03333333333336,983.8222222222222
098,2026-06-30,2026-06-30T11:05:39Z,1.4316666666666666,1.4316666666666666,27.789,8.576666666666666,109.2,0.18666666666666668,0.11,0.24333333333333335,NA,8.37,206.4,222.5,0.1,145,0.13804209762293596,36.596,-93.3131,282.2,983.8666666666667
098,2026-06-30,2026-06-30T11:05:45Z,1.5356666666666665,1.5356666666666665,27.782,8.58,109.26666666666667,0.20333333333333334,0.13,0.2566666666666667,NA,8.38,206.36666666666667,222.4,0.1,145,0.14809018326982398,36.596,-93.31309333333334,281.8,983.8666666666667
098,2026-06-30,2026-06-30T11:05:48Z,1.569,1.569,27.771,8.586666666666666,109.3,0.23,0.06666666666666667,0.45,NA,8.37,207.6,222.4,0.1,145,0.151288332426057,36.596,-93.31309,282.3666666666667,983.8666666666667
098,2026-06-30,2026-06-30T11:05:51Z,1.6243333333333332,1.6243333333333332,27.764333333333333,8.59,109.3,0.2366666666666667,0.14,0.32666666666666666,NA,8.366666666666665,208.26666666666668,222.4,0.1,145,0.15661858101977863,36.596,-93.31309,282.53333333333336,983.8222222222222
098,2026-06-30,2026-06-30T11:05:54Z,1.7156666666666667,1.7156666666666667,27.758,8.59,109.3,0.2,0.07333333333333333,0.27666666666666667,NA,8.37,208.43333333333334,222.33333333333334,0.1,144.66666666666666,0.1654645254944656,36.596,-93.31309,282.6666666666667,983.8666666666667
098,2026-06-30,2026-06-30T11:05:57Z,1.815,1.815,27.746666666666666,8.59,109.33333333333333,0.21,0.04,0.3833333333333333,NA,8.37,208.9,222.3,0.1,144.33333333333334,0.1750362910542551,36.596,-93.31308,283.1666666666667,983.8666666666667
098,2026-06-30,2026-06-30T11:06:00Z,1.9023333333333332,1.9023333333333332,27.734666666666666,8.593333333333334,109.33333333333333,0.22999999999999998,0.08333333333333334,0.42333333333333334,NA,8.38,208.76666666666668,222.3,0.1,144.66666666666666,0.18345127925966248,36.596,-93.31308,283.4,983.8222222222222
098,2026-06-30,2026-06-30T11:06:03Z,2.0076666666666667,2.0076666666666667,27.71933333333333,8.596666666666666,109.33333333333333,0.25333333333333335,0.016666666666666666,0.36,NA,8.383333333333335,208.9,222.2,0.1,144,0.19359009254218834,36.596,-93.31308,283.3,983.8666666666667
098,2026-06-30,2026-06-30T11:06:06Z,2.1173333333333333,2.1173333333333333,27.706333333333333,8.6,109.36666666666667,0.21666666666666667,0.14333333333333334,0.5066666666666667,NA,8.383333333333335,209.43333333333334,222.23333333333332,0.1,144,0.20418254400290328,36.596,-93.31308,283.3333333333333,983.8222222222222
098,2026-06-30,2026-06-30T11:06:09Z,2.211666666666667,2.211666666666667,27.699666666666666,8.6033333333333335,109.4,0.25666666666666665,0.09333333333333334,0.26666666666666666,NA,8.38,210.13333333333333,222.16666666666666,0.1,144,0.21325530756668482,36.596,-93.31308,283.73333333333335,983.8666666666667
098,2026-06-30,2026-06-30T11:06:12Z,2.3293333333333335,2.3293333333333335,27.697333333333333,8.6033333333333335,109.36666666666667,0.27666666666666667,0.09,0.45,NA,8.38,210.43333333333334,222.23333333333335,0.1,144,0.22459626202141172,36.596,-93.31308,283.9,983.8666666666667
098,2026-06-30,2026-06-30T11:06:15Z,2.468,2.468,27.695,8.6033333333333335,109.36666666666667,0.3,0.10333333333333333,0.49666666666666665,NA,8.38,211,222.2,0.1,144,0.23797858827798948,36.596,-93.31307666666666,283.8,983.8222222222222
098,2026-06-30,2026-06-30T11:06:18Z,2.5716666666666668,2.5716666666666668,27.692,8.6,109.33333333333333,0.2733333333333334,0.06333333333333334,0.31333333333333335,NA,8.38,211.33333333333334,222.2,0.1,144,0.2480266739248775,36.596,-93.31307,283.56666666666666,983.8666666666667
098,2026-06-30,2026-06-30T11:06:21Z,2.67,2.67,27.692333333333334,8.6,109.3,0.26,0.06666666666666667,0.5733333333333334,NA,8.38,211.5,222.16666666666666,0.1,144,0.25748502994011974,36.596,-93.31307,283.23333333333335,983.8666666666667
098,2026-06-30,2026-06-30T11:06:24Z,2.755,2.755,27.688333333333333,8.6,109.36666666666667,0.25333333333333335,0.1,0.6866666666666666,NA,8.383333333333335,211.66666666666666,222.2,0.1,144,0.2656731990564326,36.596,-93.31307,282.93333333333334,983.8666666666667
098,2026-06-30,2026-06-30T11:06:27Z,2.866,2.866,27.680333333333333,8.6,109.3,0.26666666666666666,0.06666666666666667,0.3333333333333333,NA,8.386666666666667,211.9,222.2,0.1,144,0.27637906006169477,36.596,-93.31307,282.5333333333333,983.8666666666667
098,2026-06-30,2026-06-30T11:06:30Z,2.9953333333333334,2.9953333333333334,27.672333333333334,8.596666666666666,109.2,0.2566666666666667,0.05666666666666667,0.6033333333333334,NA,8.38,212.9,222.16666666666666,0.1,144,0.2888541099618944,36.596,-93.31307,282.3333333333333,983.7777777777777
098,2026-06-30,2026-06-30T11:06:33Z,3.0523333333333333,3.0523333333333333,27.670666666666666,8.596666666666666,109.23333333333333,0.27666666666666667,0.06333333333333334,0.55,NA,8.38,213,222.2,0.1,144,0.2943658138268917,36.596,-93.31307,282.03333333333336,983.8666666666667
098,2026-06-30,2026-06-30T11:06:36Z,3.1056666666666666,3.1056666666666666,27.668,8.593333333333334,109.2,0.29333333333333333,0.09666666666666666,0.5233333333333333,NA,8.373333333333333,213.83333333333334,222.16666666666666,0.1,144,0.2994692433315188,36.596,-93.31307,281.8333333333333,983.8666666666667
098,2026-06-30,2026-06-30T11:06:39Z,3.1510000000000002,3.1510000000000002,27.667,8.593333333333334,109.2,0.29333333333333333,0.12,0.5633333333333334,NA,8.373333333333333,214.13333333333333,222.26666666666665,0.1,144.33333333333334,0.30382416984213395,36.596,-93.31306333333333,282.1333333333333,983.8666666666667
098,2026-06-30,2026-06-30T11:06:42Z,3.1963333333333335,3.1963333333333335,27.665333333333333,8.593333333333334,109.2,0.31666666666666665,0.16666666666666666,0.39666666666666667,NA,8.38,213.96666666666667,222.2,0.1,144,0.3082017782616585,36.596,-93.31306,281.93333333333334,983.8666666666667
098,2026-06-30,2026-06-30T11:06:45Z,3.27,3.27,27.665666666666667,8.6,109.2,0.29000000000000004,0.1,0.6966666666666667,NA,8.38,214.26666666666668,222.2,0.1,144,0.315323897659227,36.596,-93.31306,281.3,983.8666666666667
098,2026-06-30,2026-06-30T11:06:48Z,3.312666666666667,3.312666666666667,27.66433333333333,8.59,109.16666666666667,0.29666666666666663,0.08666666666666667,0.61,NA,8.38,214.5,222.2,0.1,144,0.31947468698965703,36.595996666666665,-93.31306,280.7,983.8222222222222
098,2026-06-30,2026-06-30T11:06:51Z,3.395,3.395,27.661,8.59,109.1,0.30666666666666664,0.07333333333333333,0.5733333333333334,NA,8.38,214.86666666666667,222.13333333333333,0.1,144,0.32739067319905646,36.595996666666665,-93.31306,280.3333333333333,983.8666666666667
098,2026-06-30,2026-06-30T11:06:54Z,3.457666666666667,3.457666666666667,27.659333333333333,8.59,109.16666666666667,0.2866666666666667,0.17666666666666667,0.6566666666666666,NA,8.38,215.2,222.1,0.1,144,0.33342406096897115,36.59599,-93.31306,280.46666666666664,983.8666666666667
098,2026-06-30,2026-06-30T11:06:57Z,3.5433333333333334,3.5433333333333334,27.656,8.583333333333334,109.03333333333333,0.3,0.1,0.5033333333333334,NA,8.37,216,222.16666666666666,0.1,144,0.3416802758120123,36.59599,-93.31306,280.83333333333337,983.8666666666667
098,2026-06-30,2026-06-30T11:07:00Z,3.609,3.609,27.653333333333332,8.586666666666666,109.1,0.31666666666666665,0.07,0.53,NA,8.38,215.8,222.1,0.1,144,0.34800852839775,36.59599,-93.31306,281.26666666666665,983.8666666666667
098,2026-06-30,2026-06-30T11:07:03Z,3.740666666666667,3.740666666666667,27.647,8.58,109,0.31666666666666665,0.14333333333333334,0.7633333333333333,NA,8.373333333333333,216.6,222.16666666666666,0.1,144,0.3607103973870441,36.59599,-93.31307,281.3,983.8666666666667
098,2026-06-30,2026-06-30T11:07:06Z,3.874,3.874,27.642,8.58,108.96666666666667,0.32666666666666666,0.17333333333333334,0.88,NA,8.3533333333333335,217.76666666666668,222.16666666666666,0.1,144,0.3735710397387044,36.59599,-93.31307,280.93333333333334,983.8666666666667
098,2026-06-30,2026-06-30T11:07:09Z,3.937,3.937,27.639,8.57,108.9,0.28,0.12333333333333334,0.61,NA,8.35,218.16666666666666,222.16666666666666,0.1,144,0.37964979132643806,36.59599,-93.31307,280.6,983.8666666666667
098,2026-06-30,2026-06-30T11:07:12Z,3.98,3.98,27.637666666666668,8.573333333333334,108.9,0.33666666666666667,0.12666666666666668,0.8333333333333333,NA,8.36,218.1,222.13333333333333,0.1,144,0.38377789874795865,36.59599,-93.31307,280.1333333333333,983.8666666666667
098,2026-06-30,2026-06-30T11:07:15Z,4.081333333333333,4.081333333333333,27.633,8.57,108.8,0.31,0.12,0.85,NA,8.366666666666665,217.9,222.13333333333333,0.1,144,0.3935764833968427,36.59599,-93.31308,279.73333333333335,983.8666666666667
098,2026-06-30,2026-06-30T11:07:18Z,4.124333333333333,4.124333333333333,27.63,8.566666666666666,108.76666666666667,0.2833333333333333,0.12000000000000001,0.6066666666666667,NA,8.376666666666667,217.63333333333333,222.1,0.1,144,0.39772727272727276,36.59598666666667,-93.31308,279.6333333333333,983.8666666666667
098,2026-06-30,2026-06-30T11:07:21Z,4.187666666666667,4.187666666666667,27.626666666666665,8.56,108.7,0.32,0.18333333333333335,0.7333333333333333,NA,8.363333333333333,218.53333333333333,222.2,0.1,144,0.4038740700417347,36.59598333333333,-93.31307333333334,279.40000000000003,983.8666666666667
098,2026-06-30,2026-06-30T11:07:24Z,4.254666666666667,4.254666666666667,27.623,8.56,108.7,0.34,0.08666666666666667,0.5433333333333333,NA,8.36,219,222.2,0.1,144,0.41031573217201955,36.59599,-93.31307,278.90000000000003,983.9111111111112
098,2026-06-30,2026-06-30T11:07:27Z,4.326333333333333,4.326333333333333,27.621333333333332,8.56,108.6,0.3066666666666667,0.14666666666666667,0.7566666666666667,NA,8.36,219.13333333333333,222.2,0.1,144,0.41723371438940304,36.59599,-93.31307,278.5,983.8666666666667
098,2026-06-30,2026-06-30T11:07:30Z,4.381333333333333,4.381333333333333,27.620333333333335,8.55,108.53333333333333,0.35666666666666663,0.10333333333333333,0.66,NA,8.36,219.5,222.1,0.1,144,0.42251859916530576,36.59598333333333,-93.31307,278.3666666666667,983.8666666666667
098,2026-06-30,2026-06-30T11:07:36Z,4.415333333333334,4.415333333333334,27.62,8.55,108.53333333333333,0.32,0.11666666666666667,0.6766666666666666,NA,8.373333333333333,219.03333333333333,222.23333333333332,0.1,144,0.42578479404826713,36.59599,-93.31306,277.3666666666667,983.8666666666667
098,2026-06-30,2026-06-30T11:07:39Z,4.442333333333333,4.442333333333333,27.619666666666667,8.55,108.5,0.31333333333333335,0.15333333333333335,0.72,NA,8.38,218.9,222.23333333333332,0.1,144,0.42841589548176373,36.59599,-93.31306,277.5,983.8666666666667
098,2026-06-30,2026-06-30T11:07:42Z,4.531666666666667,4.531666666666667,27.618333333333332,8.543333333333333,108.5,0.31666666666666665,0.13333333333333333,0.9400000000000001,NA,8.373333333333333,219.76666666666668,222.13333333333333,0.1,144,0.4370350208673562,36.59599,-93.31306,277.90000000000003,983.8666666666667
098,2026-06-30,2026-06-30T11:07:45Z,4.650333333333333,4.650333333333333,27.614333333333335,8.543333333333333,108.5,0.33666666666666667,0.13666666666666666,0.8633333333333333,NA,8.356666666666666,220.9,222.2,0.1,144,0.4484440210488115,36.59598666666667,-93.31306,277.9666666666667,983.8666666666667
098,2026-06-30,2026-06-30T11:07:48Z,4.732666666666667,4.732666666666667,27.612,8.54,108.46666666666667,0.33,0.14666666666666667,0.9366666666666666,NA,8.366666666666665,220.4,222.13333333333333,0.1,144,0.45640537107602974,36.59598,-93.31306,278.3,983.8666666666667
098,2026-06-30,2026-06-30T11:07:51Z,4.784666666666667,4.784666666666667,27.608999999999998,8.546666666666667,108.46666666666667,0.3466666666666667,0.16,0.9633333333333333,NA,8.373333333333333,220.16666666666666,222.2,0.1,144,0.4613953910361096,36.59598,-93.31306,278.26666666666665,983.8666666666667
098,2026-06-30,2026-06-30T11:07:54Z,4.867333333333334,4.867333333333334,27.593,8.54,108.36666666666667,0.35333333333333333,0.15666666666666668,0.6633333333333333,NA,8.373333333333333,220.46666666666667,222.26666666666668,0.1,144,0.46937942297223734,36.59598,-93.31306,277.7,983.8666666666667
098,2026-06-30,2026-06-30T11:07:57Z,4.951666666666667,4.951666666666667,27.581,8.54,108.33333333333333,0.3233333333333333,0.13333333333333333,0.8533333333333333,NA,8.38,220.33333333333334,222.4,0.1,144.66666666666666,0.47749954636182185,36.59598,-93.31306,277.3,983.8666666666667
098,2026-06-30,2026-06-30T11:08:00Z,5.005333333333334,5.005333333333334,27.569333333333333,8.536666666666665,108.3,0.3566666666666667,0.08666666666666667,0.71,NA,8.376666666666667,220.83333333333334,222.5,0.1,145,0.48269370350208674,36.59598,-93.31306,277.23333333333335,983.8666666666667
098,2026-06-30,2026-06-30T11:08:03Z,5.083666666666667,5.083666666666667,27.557666666666666,8.533333333333333,108.23333333333333,0.3466666666666667,0.10666666666666666,0.6333333333333333,NA,8.36,221.83333333333334,222.5,0.1,145,0.4902694610778443,36.59598,-93.31306,277.3,983.8222222222222
098,2026-06-30,2026-06-30T11:08:06Z,5.179666666666667,5.179666666666667,27.553,8.53,108.13333333333333,0.34,0.09666666666666666,0.7766666666666667,NA,8.36,221.93333333333334,222.5,0.1,145,0.49950099800399206,36.59598,-93.31306,277.3,983.9111111111112
098,2026-06-30,2026-06-30T11:08:09Z,5.264,5.264,27.550333333333334,8.53,108.1,0.36666666666666664,0.15,0.9833333333333334,NA,8.36,222.46666666666667,222.5,0.1,145,0.5075984394846671,36.59598,-93.31306,277.3,983.8666666666667
098,2026-06-30,2026-06-30T11:08:15Z,5.328,5.328,27.549666666666667,8.523333333333333,108.1,0.35333333333333333,0.08666666666666667,0.8433333333333334,NA,8.373333333333333,221.93333333333334,222.53333333333333,0.1,145,0.5137906006169479,36.59598,-93.31305,277,983.8666666666667
098,2026-06-30,2026-06-30T11:08:18Z,5.41,5.41,27.54733333333333,8.52,108.06666666666666,0.36,0.14,0.9933333333333333,NA,8.38,221.86666666666667,222.53333333333333,0.1,145,0.5217292687352567,36.59598,-93.31305,276.8666666666667,983.8666666666667
098,2026-06-30,2026-06-30T11:08:21Z,5.545,5.545,27.546666666666667,8.52,108,0.3666666666666667,0.09333333333333334,0.8099999999999999,NA,8.366666666666665,222.76666666666665,222.56666666666666,0.1,145,0.5347486844492833,36.59598,-93.31305,276.8666666666667,983.8666666666667
098,2026-06-30,2026-06-30T11:08:24Z,5.629,5.629,27.544666666666668,8.516666666666666,107.96666666666667,0.31666666666666665,0.12666666666666668,0.54,NA,8.363333333333333,223.06666666666666,222.53333333333333,0.1,145,0.5428461259299583,36.59598,-93.31305,276.7,983.8666666666667
098,2026-06-30,2026-06-30T11:08:27Z,5.777666666666667,5.777666666666667,27.542,8.513333333333334,107.96666666666667,0.33666666666666667,0.13666666666666666,0.87,NA,8.37,222.96666666666667,222.66666666666666,0.1,145,0.5572037742696426,36.59598,-93.31304,276.5333333333333,983.8666666666667
098,2026-06-30,2026-06-30T11:08:30Z,5.8726666666666665,5.8726666666666665,27.537666666666667,8.51,107.9,0.36,0.09000000000000001,1.0833333333333335,NA,8.37,223.13333333333333,222.6,0.1,145,0.5663445835601525,36.59598,-93.31304,276.4,983.8666666666667
098,2026-06-30,2026-06-30T11:08:33Z,5.943666666666667,5.943666666666667,27.530666666666665,8.51,107.83333333333333,0.36666666666666664,0.13333333333333333,1.0633333333333332,NA,8.37,223.2,222.73333333333332,0.1,145,0.5731945200508074,36.59598,-93.31304,276.23333333333335,983.8666666666667
098,2026-06-30,2026-06-30T11:08:36Z,6.057666666666666,6.057666666666666,27.514666666666667,8.503333333333334,107.76666666666667,0.38666666666666666,0.15,0.8033333333333333,NA,8.36,223.83333333333334,222.8,0.1,145,0.5841952458718925,36.59598,-93.31304,276.06666666666666,983.8666666666667
098,2026-06-30,2026-06-30T11:08:39Z,6.155333333333333,6.155333333333333,27.499333333333333,8.493333333333334,107.56666666666666,0.4066666666666667,0.12000000000000001,0.92,NA,8.36,223.83333333333334,222.83333333333334,0.1,145,0.5935855561604064,36.59598,-93.31304,275.8666666666667,983.9111111111112
098,2026-06-30,2026-06-30T11:08:42Z,6.224666666666667,6.224666666666667,27.462333333333333,8.48,107.4,0.39666666666666667,0.08333333333333334,1.35,NA,8.356666666666666,224.2,223,0.1,145,0.6002994011976047,36.59598,-93.31304666666666,276.0333333333333,983.8666666666667
098,2026-06-30,2026-06-30T11:08:45Z,6.338333333333334,6.338333333333334,27.431333333333335,8.47,107.13333333333333,0.37333333333333335,0.13333333333333333,1.1333333333333333,NA,8.336666666666666,225.16666666666666,223.1,0.1,145,0.6112774451097805,36.59598,-93.31305,276.6333333333333,983.8666666666667
098,2026-06-30,2026-06-30T11:08:48Z,6.525,6.525,27.393,8.443333333333333,106.8,0.4266666666666667,0.13333333333333333,1.3166666666666667,NA,8.326666666666666,226,223.2,0.1,145,0.6292868807838868,36.59597,-93.31305,277.06666666666666,983.8666666666667
098,2026-06-30,2026-06-30T11:08:51Z,6.648666666666666,6.648666666666666,27.363,8.43,106.53333333333333,0.42333333333333334,0.16666666666666666,1.6566666666666667,NA,8.326666666666666,225.73333333333332,223.23333333333332,0.1,145,0.6412175648702595,36.59597,-93.31304,277.3333333333333,983.9111111111112
098,2026-06-30,2026-06-30T11:08:54Z,6.743,6.743,27.355,8.416666666666666,106.33333333333333,0.4,0.14333333333333334,1.31,NA,8.33,225.73333333333335,223.33333333333334,0.1,145,0.6503130103429504,36.59597,-93.31303666666666,277.1666666666667,983.8666666666667
098,2026-06-30,2026-06-30T11:09:00Z,6.798666666666667,6.798666666666667,27.350666666666665,8.393333333333334,106.1,0.38666666666666666,0.11,1.22,NA,8.32,226.66666666666666,223.3,0.1,145,0.6556659408455816,36.59597,-93.31303,276.56666666666666,983.8666666666667
098,2026-06-30,2026-06-30T11:09:03Z,6.829666666666666,6.829666666666666,27.35,8.39,106,0.43,0.08333333333333333,1.4433333333333334,NA,8.326666666666666,226.46666666666667,223.26666666666668,0.1,145,0.6587053166394484,36.59597,-93.31302666666666,276.5,983.8666666666667
098,2026-06-30,2026-06-30T11:09:06Z,6.939,6.939,27.344333333333335,8.386666666666667,105.96666666666667,0.46,0.18666666666666668,1.2566666666666666,NA,8.336666666666666,226.03333333333333,223.36666666666667,0.1,145,0.6692070404645255,36.59597,-93.31302666666666,276.9,983.9111111111112
098,2026-06-30,2026-06-30T11:09:09Z,7.099,7.099,27.215,8.356666666666666,105.4,0.44333333333333336,0.11666666666666667,1.5633333333333335,NA,8.336666666666666,226.1,223.93333333333334,0.10333333333333333,145.66666666666666,0.6846307385229541,36.59597,-93.31302666666666,277.23333333333335,983.8666666666667
098,2026-06-30,2026-06-30T11:09:12Z,7.198,7.198,26.871000000000002,8.303333333333333,104.13333333333333,0.43333333333333335,0.13333333333333333,1.5233333333333332,NA,8.303333333333333,227.1,226.03333333333333,0.11,146.66666666666666,0.6943159136272908,36.59597,-93.31302666666666,277.6666666666667,983.9555555555555
098,2026-06-30,2026-06-30T11:09:15Z,7.311,7.311,26.359,8.166666666666666,101.56666666666666,0.42333333333333334,0.16999999999999998,1.55,NA,8.263333333333334,228.16666666666666,228.83333333333334,0.11,149,0.7052939575394666,36.59596333333333,-93.31302333333333,277.8333333333333,983.9555555555555
098,2026-06-30,2026-06-30T11:09:18Z,7.403666666666667,7.403666666666667,25.701333333333334,8.016666666666666,98.6,0.39,0.11,1.7766666666666666,NA,8.186666666666667,229.9,233.66666666666666,0.11,151.66666666666666,0.7143667211032481,36.59596,-93.31303,278.09999999999997,983.9111111111112
098,2026-06-30,2026-06-30T11:09:21Z,7.526666666666666,7.526666666666666,24.960666666666665,7.73,93.7,0.30666666666666664,0.14,1.21,NA,8.07,232.03333333333333,240.16666666666666,0.11,156,0.7263427690074397,36.59596,-93.31303,278.3666666666667,983.8666666666667
098,2026-06-30,2026-06-30T11:09:24Z,7.607666666666667,7.607666666666667,24.604666666666667,7.38,88.76666666666667,0.2733333333333334,0.14666666666666667,1.2466666666666666,NA,7.983333333333333,233.43333333333334,243.06666666666666,0.11,158.33333333333334,0.7342360733079296,36.59596,-93.31303,278.26666666666665,983.9111111111112
098,2026-06-30,2026-06-30T11:09:27Z,7.723333333333334,7.723333333333334,24.419999999999998,7.07,84.76666666666667,0.24333333333333335,0.14333333333333334,1.2133333333333334,NA,7.946666666666667,233.93333333333334,244.76666666666668,0.12,159.33333333333334,0.7454636182181092,36.59596,-93.31303,278.26666666666665,983.9111111111112
098,2026-06-30,2026-06-30T11:09:30Z,7.842666666666666,7.842666666666666,24.148666666666667,6.816666666666666,81.33333333333333,0.22666666666666666,0.07666666666666666,1.1433333333333333,NA,7.9,235,246.93333333333334,0.12,160.66666666666666,0.7570313917619307,36.59595,-93.31302,278.23333333333335,983.8666666666667
098,2026-06-30,2026-06-30T11:09:33Z,7.953,7.953,23.963666666666665,6.593333333333334,78.36666666666667,0.22333333333333333,0.13,1.1766666666666667,NA,7.86,235.96666666666667,248.16666666666666,0.12,161,0.767691888949374,36.59595,-93.31302666666666,278.2,983.8666666666667
098,2026-06-30,2026-06-30T11:09:36Z,8.063,8.063,23.866,6.413333333333333,76.03333333333333,0.23,0.11333333333333334,1.16,NA,7.833333333333333,236.33333333333334,248.8,0.12,162,0.7783070223189984,36.59595,-93.31303,278.26666666666665,983.8666666666667
098,2026-06-30,2026-06-30T11:09:39Z,8.203999999999999,8.203999999999999,23.793333333333333,6.263333333333333,74.16666666666667,0.22999999999999998,0.12000000000000001,1.12,NA,7.81,237.26666666666668,248.83333333333334,0.12,162,0.791984213391399,36.59595,-93.31302,278.3666666666667,983.9111111111112
098,2026-06-30,2026-06-30T11:09:42Z,8.310333333333334,8.310333333333334,23.611666666666668,6.136666666666667,72.5,0.19666666666666666,0.14333333333333334,1.3466666666666667,NA,7.796666666666667,237.5,249.36666666666667,0.12,162,0.8022591181273816,36.59595,-93.31302,278.4666666666667,983.8666666666667
098,2026-06-30,2026-06-30T11:09:45Z,8.428333333333333,8.428333333333333,23.27166666666667,5.99,70.3,0.16333333333333333,0.16,0.9433333333333334,NA,7.78,238.13333333333333,251.56666666666666,0.12,163.33333333333334,0.8137134821266558,36.59595,-93.31301666666667,278.4666666666667,983.9111111111112
098,2026-06-30,2026-06-30T11:09:48Z,8.555666666666667,8.555666666666667,23.129666666666665,5.823333333333333,68.03333333333333,0.14,0.11,1,NA,7.75,238.83333333333334,252.7,0.12,164,0.8260751224823082,36.59595,-93.31300666666667,278.56666666666666,983.9111111111112
098,2026-06-30,2026-06-30T11:09:51Z,8.687,8.687,23.03366666666667,5.656666666666667,66.06666666666666,0.13333333333333333,0.11666666666666667,0.78,NA,7.72,239.66666666666666,253.03333333333333,0.12,164.33333333333334,0.8386862638359645,36.59595,-93.313,278.6666666666667,983.9555555555555
098,2026-06-30,2026-06-30T11:09:57Z,8.752,8.752,22.965,5.453333333333333,63.6,0.16666666666666669,0.13666666666666666,0.8233333333333334,NA,7.71,239.7,253.6,0.12,165,0.8450371983306115,36.59595,-93.313,278.93333333333334,983.9555555555555
098,2026-06-30,2026-06-30T11:10:00Z,8.777666666666667,8.777666666666667,22.894333333333332,5.38,62.6,0.11333333333333334,0.14,0.7066666666666667,NA,7.696666666666667,240.2,253.9,0.12,165,0.8475322083106515,36.59595,-93.313,279.23333333333335,983.8666666666667
098,2026-06-30,2026-06-30T11:10:03Z,8.866,8.866,22.842666666666666,5.31,61.766666666666666,0.10333333333333333,0.11666666666666667,0.5366666666666666,NA,7.676666666666667,240.9,254.23333333333332,0.12,165,0.8560606060606061,36.59595,-93.313,279.1,983.8666666666667
098,2026-06-30,2026-06-30T11:10:06Z,8.967,8.967,22.756,5.24,60.8,0.07333333333333333,0.13,0.6166666666666667,NA,7.67,241.33333333333334,254.83333333333334,0.12,166,0.8658138268916712,36.59595,-93.313,279.2,983.9555555555555
098,2026-06-30,2026-06-30T11:10:09Z,9.053333333333333,9.053333333333333,22.680333333333333,5.163333333333333,59.9,0.07333333333333333,0.10333333333333333,0.23666666666666666,NA,7.663333333333333,241.33333333333334,255.06666666666666,0.12,166,0.8741607693703503,36.59595,-93.31301,279.4,983.9555555555555
098,2026-06-30,2026-06-30T11:10:12Z,9.094,9.094,22.629,5.1,59.1,0.05,0.13333333333333333,0.42333333333333334,NA,7.653333333333333,241.76666666666668,255.23333333333332,0.12,166,0.8781074215205952,36.595956666666666,-93.31301,278.8666666666667,983.9111111111112
098,2026-06-30,2026-06-30T11:10:15Z,9.142333333333333,9.142333333333333,22.575,5.036666666666666,58.233333333333334,0.09,0.17666666666666667,0.2866666666666667,NA,7.63,242.86666666666667,255.53333333333333,0.12,166,0.8828025766648522,36.59596,-93.31301666666667,278.56666666666666,983.9111111111112
098,2026-06-30,2026-06-30T11:10:18Z,9.277333333333333,9.277333333333333,22.507,4.963333333333334,57.36666666666667,0.08666666666666667,0.12333333333333334,0.29666666666666663,NA,7.62,243.26666666666668,255.9,0.12,166.33333333333334,0.895844674287788,36.59596,-93.31302,278.3333333333333,984
098,2026-06-30,2026-06-30T11:10:21Z,9.396333333333333,9.396333333333333,22.401,4.89,56.4,0.06333333333333334,0.16333333333333333,0.24,NA,7.6,244.06666666666666,256.83333333333337,0.12,167,0.9073670840137906,36.59596,-93.31302,278.0333333333333,983.9111111111112
098,2026-06-30,2026-06-30T11:10:24Z,9.483333333333333,9.483333333333333,22.319333333333333,4.81,55.4,0.02666666666666667,0.11333333333333333,0.31666666666666665,NA,7.59,244.23333333333332,257.6666666666667,0.12,167.33333333333334,0.915782072219198,36.59596,-93.31302,277.8666666666667,983.8666666666667
098,2026-06-30,2026-06-30T11:10:27Z,9.602333333333334,9.602333333333334,22.230666666666668,4.726666666666667,54.36666666666667,0.05666666666666667,0.14,0.14,NA,7.59,244.16666666666666,258.43333333333334,0.12,168,0.92732716385411,36.59596,-93.31302666666666,277.8333333333333,983.9111111111112
098,2026-06-30,2026-06-30T11:10:33Z,9.704666666666666,9.704666666666666,22.078,4.583333333333333,52.53333333333333,0.03333333333333333,0.15333333333333332,0.06333333333333334,NA,7.57,245.1,258.6333333333333,0.12,168,0.9371937942297224,36.59595,-93.31303,278.90000000000003,983.8666666666667
098,2026-06-30,2026-06-30T11:10:36Z,9.757333333333333,9.757333333333333,22.07,4.523333333333333,51.86666666666667,0.043333333333333335,0.11333333333333333,0.13666666666666666,NA,7.54,245.9,258.4,0.12,168,0.942319905643259,36.59595,-93.31303,279.06666666666666,983.9111111111112
098,2026-06-30,2026-06-30T11:10:39Z,9.895,9.895,22.057333333333332,4.476666666666667,51.3,0.06333333333333334,0.08,0.13666666666666666,NA,7.55,245.66666666666666,258.4,0.12,168,0.9556115042641989,36.59595,-93.31303,279.0333333333333,983.8666666666667
098,2026-06-30,2026-06-30T11:10:42Z,10.008666666666667,10.008666666666667,21.938333333333333,4.43,50.63333333333333,0.03,0.15,-0.14333333333333334,NA,7.54,245.83333333333334,257.53333333333336,0.12,167.66666666666666,0.9666122300852841,36.59595,-93.31302666666666,278.76666666666665,983.9555555555555
098,2026-06-30,2026-06-30T11:10:45Z,10.142666666666667,10.142666666666667,21.710666666666665,4.41,50.2,0.03,0.16,-0.03666666666666667,NA,7.54,246.16666666666666,253.76666666666665,0.12,165,0.9795862819814916,36.59595,-93.31302,278.4666666666667,983.8666666666667
098,2026-06-30,2026-06-30T11:10:48Z,10.266,10.266,21.612333333333332,4.42,50.233333333333334,0.03,0.09333333333333334,0.11666666666666667,NA,7.54,245.9,251.7,0.12,163.66666666666666,0.9915396479767737,36.59595,-93.31302,278.53333333333336,983.9555555555555
098,2026-06-30,2026-06-30T11:10:51Z,10.405,10.405,21.549333333333333,4.41,50.03333333333333,0.03,0.11666666666666667,-0.02666666666666667,NA,7.543333333333333,245.66666666666666,250.29999999999998,0.12,163,1.0049673380511703,36.59594666666667,-93.31302,278.6,983.9111111111112
098,2026-06-30,2026-06-30T11:10:54Z,10.511333333333333,10.511333333333333,21.513666666666666,4.386666666666667,49.733333333333334,0.06666666666666667,0.15333333333333335,0.12000000000000001,NA,7.54,245.96666666666667,249.56666666666666,0.12,162,1.0151968789693342,36.59594666666667,-93.31302,278.1666666666667,983.8666666666667
098,2026-06-30,2026-06-30T11:10:57Z,10.638,10.638,21.467333333333332,4.38,49.6,0.03666666666666667,0.11,-0.04,NA,7.543333333333333,245.63333333333333,248.23333333333332,0.12,161.33333333333334,1.0274677916893484,36.59594,-93.31301666666667,278,983.9555555555555
098,2026-06-30,2026-06-30T11:11:00Z,10.775,10.775,21.388666666666666,4.386666666666667,49.6,0.03333333333333333,0.09666666666666666,0,NA,7.546666666666667,245.56666666666666,248.73333333333332,0.12,162,1.040736708401379,36.59594,-93.31302,278.4,983.9111111111112
098,2026-06-30,2026-06-30T11:11:03Z,10.924,10.924,21.288333333333334,4.406666666666667,49.733333333333334,0.03333333333333333,0.12666666666666668,-0.07666666666666666,NA,7.55,245.73333333333332,247.23333333333332,0.12,160.66666666666666,1.0551624024677917,36.59594,-93.31302,278.73333333333335,983.9111111111112
098,2026-06-30,2026-06-30T11:11:06Z,11.073333333333332,11.073333333333332,21.206333333333333,4.446666666666666,50.1,0.026666666666666665,0.09,-0.14666666666666667,NA,7.55,245.96666666666667,244.73333333333335,0.12,159,1.0696107784431137,36.59593666666667,-93.31302,278.8666666666667,983.9111111111112
098,2026-06-30,2026-06-30T11:11:09Z,11.102333333333334,11.102333333333334,21.181,4.5,50.7,0.03666666666666667,0.12333333333333334,0.10333333333333333,NA,7.556666666666667,245.9,244.06666666666666,0.12,159,1.0723779713300672,36.59593,-93.31302,279.1666666666667,983.9555555555555
098,2026-06-30,2026-06-30T11:11:12Z,11.198666666666666,11.198666666666666,21.159,4.54,51.1,0.04666666666666667,0.11333333333333334,0.05,NA,7.56,245.8,243.56666666666666,0.12,158.33333333333334,1.0817229178007621,36.59593,-93.31302,279.1333333333333,983.8666666666667
098,2026-06-30,2026-06-30T11:11:15Z,11.314333333333334,11.314333333333334,21.12966666666667,4.57,51.4,0.02333333333333333,0.14,-0.20666666666666667,NA,7.566666666666666,245.76666666666665,243.2,0.12,158,1.0928824169842135,36.59593,-93.31302333333333,279.6333333333333,983.9555555555555
098,2026-06-30,2026-06-30T11:11:18Z,11.386666666666667,11.386666666666667,21.096666666666668,4.59,51.6,0.006666666666666667,0.14333333333333334,-0.049999999999999996,NA,7.556666666666667,246.6,242.93333333333334,0.12,158,1.0998911268372347,36.59592666666667,-93.31303,280.43333333333334,983.9111111111112
098,2026-06-30,2026-06-30T11:11:21Z,11.506333333333334,11.506333333333334,21.051666666666666,4.613333333333333,51.83333333333333,0.02,0.14,-0.10666666666666667,NA,7.543333333333333,247.43333333333334,242.76666666666668,0.11666666666666667,158,1.1114362184721465,36.59593,-93.31303,280.3666666666667,983.9555555555555
098,2026-06-30,2026-06-30T11:11:24Z,11.605666666666666,11.605666666666666,21.025,4.636666666666667,52.06666666666667,0.016666666666666666,0.06,-0.14,NA,7.55,247.46666666666667,242.5,0.11,158,1.121053347849755,36.59592666666667,-93.31302,280.73333333333335,983.8666666666667
098,2026-06-30,2026-06-30T11:11:27Z,11.637333333333334,11.637333333333334,20.991333333333333,4.6466666666666665,52.16666666666667,0.01,0.08,-0.23,NA,7.556666666666667,247.1,242.36666666666667,0.11,157.66666666666666,1.1241154055525313,36.59593,-93.31302,280.6,983.9111111111112
098,2026-06-30,2026-06-30T11:11:30Z,11.759666666666666,11.759666666666666,20.920666666666666,4.666666666666667,52.3,0.016666666666666666,0.11666666666666667,-0.2866666666666667,NA,7.57,246.56666666666666,241.96666666666667,0.11,157,1.1359553620032663,36.59592333333333,-93.31302,280.4,983.9111111111112
098,2026-06-30,2026-06-30T11:11:33Z,11.87,11.87,20.855999999999998,4.6866666666666665,52.46666666666667,0.016666666666666666,0.14666666666666667,0.03333333333333333,NA,7.57,246.93333333333334,241.73333333333332,0.11,157,1.146638541099619,36.59592,-93.31301666666667,280.3333333333333,983.9111111111112
098,2026-06-30,2026-06-30T11:11:36Z,11.963000000000001,11.963000000000001,20.805333333333333,4.703333333333333,52.56666666666667,0,0.18666666666666668,-0.11333333333333333,NA,7.57,246.9,241.5,0.11,157,1.1556205770277626,36.59592,-93.31301666666667,280.3,983.8666666666667
098,2026-06-30,2026-06-30T11:11:39Z,12.048666666666666,12.048666666666666,20.755666666666666,4.71,52.6,0.03666666666666667,0.15,-0.17666666666666667,NA,7.57,247,241.33333333333334,0.11,157,1.1639448375975323,36.59592,-93.31302,280.3333333333333,983.9111111111112
098,2026-06-30,2026-06-30T11:11:42Z,12.09,12.09,20.708666666666666,4.71,52.6,0.03333333333333333,0.15333333333333335,-0.12,NA,7.57,247.3,241.13333333333333,0.11,157,1.1679141716566865,36.59592,-93.31301,280.26666666666665,983.9111111111112
098,2026-06-30,2026-06-30T11:11:45Z,12.118666666666666,12.118666666666666,20.707,4.71,52.6,0.013333333333333334,0.15333333333333332,-0.2533333333333333,NA,7.57,247.13333333333333,241.03333333333333,0.11,157,1.17068136454364,36.59592,-93.31301,280.53333333333336,983.9555555555555
098,2026-06-30,2026-06-30T11:11:48Z,12.178666666666667,12.178666666666667,20.68466666666667,4.71,52.53333333333333,0.006666666666666667,0.15,0.049999999999999996,NA,7.573333333333333,247.26666666666668,240.96666666666667,0.11,157,1.1764879332244602,36.59592,-93.31301,280.5,984
098,2026-06-30,2026-06-30T11:11:51Z,12.250666666666666,12.250666666666666,20.651666666666667,4.716666666666667,52.56666666666667,0.006666666666666667,0.10333333333333333,-0.20666666666666667,NA,7.57,247.46666666666667,240.96666666666667,0.11,157,1.1834512792596625,36.59592,-93.31301333333333,280.1,983.9111111111112
098,2026-06-30,2026-06-30T11:11:54Z,12.330666666666668,12.330666666666668,20.591333333333335,4.713333333333333,52.5,0.01,0.1,-0.24333333333333335,NA,7.566666666666666,247.76666666666668,240.9,0.11,156.66666666666666,1.1911631282888768,36.59592,-93.31302,279.96666666666664,983.9555555555555
098,2026-06-30,2026-06-30T11:11:57Z,12.405333333333333,12.405333333333333,20.537333333333333,4.72,52.46666666666667,0.01,0.12,-0.13,NA,7.57,247.63333333333333,240.76666666666668,0.11,156.66666666666666,1.1984440210488114,36.59592,-93.31302,279.8666666666667,983.9111111111112
098,2026-06-30,2026-06-30T11:12:00Z,12.481,12.481,20.484,4.716666666666667,52.43333333333333,0.01,0.14666666666666667,-0.21000000000000002,NA,7.576666666666667,247.36666666666667,240.4,0.11,156,1.2057475957176556,36.59592,-93.31302,279.6666666666667,983.9111111111112
098,2026-06-30,2026-06-30T11:12:03Z,12.532666666666666,12.532666666666666,20.455333333333332,4.72,52.43333333333333,-0.006666666666666667,0.060000000000000005,-0.26666666666666666,NA,7.58,247.33333333333334,240.33333333333334,0.11,156,1.210760297586645,36.59592,-93.31302,279.3333333333333,983.8666666666667
098,2026-06-30,2026-06-30T11:12:06Z,12.626333333333333,12.626333333333333,20.398333333333333,4.73,52.46666666666667,0.03666666666666667,0.11333333333333334,-0.15,NA,7.58,247.5,240.3,0.11,156,1.2198330611504264,36.59592333333333,-93.31302,278.93333333333334,983.9111111111112
098,2026-06-30,2026-06-30T11:12:09Z,12.734,12.734,20.369666666666667,4.743333333333333,52.56666666666667,0.026666666666666665,0.060000000000000005,-0.21333333333333335,NA,7.583333333333333,247.33333333333334,240.4,0.11,156,1.2302440573398656,36.59593,-93.31301333333333,278.23333333333335,983.9555555555555
098,2026-06-30,2026-06-30T11:12:12Z,12.831,12.831,20.34,4.753333333333333,52.7,0.023333333333333334,0.14666666666666667,-0.15666666666666668,NA,7.59,247.13333333333333,240.5,0.11,156,1.2395890038105608,36.59593,-93.31301,277.5,984
098,2026-06-30,2026-06-30T11:12:15Z,12.905666666666667,12.905666666666667,20.284333333333333,4.76,52.7,0.016666666666666666,0.12666666666666668,-0.1,NA,7.59,247.13333333333333,240.33333333333334,0.11,156,1.2468472146615859,36.59593,-93.31301,277,983.9555555555555
098,2026-06-30,2026-06-30T11:12:18Z,12.969666666666667,12.969666666666667,20.237,4.763333333333333,52.7,0.0033333333333333335,0.15333333333333335,-0.24666666666666667,NA,7.59,247.2,240.2,0.11,156,1.253039375793867,36.59593666666667,-93.31301,277,983.9111111111112
098,2026-06-30,2026-06-30T11:12:21Z,13.001,13.001,20.211333333333332,4.753333333333333,52.56666666666667,0.013333333333333332,0.14,-0.12,NA,7.596666666666667,247.2,240.03333333333333,0.11,156,1.2560560696788243,36.59593666666667,-93.31301,277.23333333333335,983.9555555555555
098,2026-06-30,2026-06-30T11:12:24Z,13.072666666666667,13.072666666666667,20.15566666666667,4.76,52.53333333333333,0.05,0.13666666666666666,-0.32333333333333336,NA,7.593333333333333,247.3,239.93333333333334,0.11,156,1.2630194157140264,36.59594,-93.31301,277.23333333333335,983.9555555555555
098,2026-06-30,2026-06-30T11:12:27Z,13.143666666666666,13.143666666666666,20.134666666666668,4.77,52.63333333333333,0.013333333333333334,0.13333333333333333,-0.12666666666666668,NA,7.6,247.16666666666666,240.03333333333333,0.11,156,1.2698466702957723,36.59594,-93.31301333333333,277.4666666666667,983.9111111111112
098,2026-06-30,2026-06-30T11:12:30Z,13.217333333333332,13.217333333333332,20.107333333333333,4.77,52.6,0.026666666666666665,0.14333333333333334,-0.06333333333333332,NA,7.6,247.26666666666665,240.13333333333333,0.11,156,1.2769687896933406,36.59594,-93.31302,277.7,983.8666666666667
098,2026-06-30,2026-06-30T11:12:33Z,13.291666666666666,13.291666666666666,20.060333333333332,4.756666666666667,52.4,0.03,0.13,-0.16,NA,7.59,247.8,240.06666666666666,0.11,156,1.2842043186354564,36.59594,-93.31302,277.8333333333333,983.9111111111112
098,2026-06-30,2026-06-30T11:12:36Z,13.340666666666667,13.340666666666667,20.026333333333334,4.726666666666667,52.03333333333333,0.013333333333333334,0.08666666666666667,-0.04,NA,7.59,247.83333333333334,240.13333333333333,0.11,156,1.2889448375975323,36.59594,-93.31302333333333,277.9,983.9111111111112
098,2026-06-30,2026-06-30T11:12:39Z,13.414,13.414,19.99266666666667,4.7,51.7,0.01,0.12333333333333334,-0.20666666666666667,NA,7.58,248,240.06666666666666,0.11,156,1.2959989112683725,36.59594,-93.31303,277.9,983.8666666666667
098,2026-06-30,2026-06-30T11:12:42Z,13.484666666666667,13.484666666666667,19.948333333333334,4.67,51.333333333333336,0.02,0.13666666666666666,-0.08333333333333333,NA,7.57,248.8,240.13333333333333,0.11,156,1.3028488477590274,36.59594,-93.31303,277.96666666666664,983.8666666666667
098,2026-06-30,2026-06-30T11:12:45Z,13.565,13.565,19.91166666666667,4.64,51,0.02666666666666667,0.14666666666666667,-0.14666666666666667,NA,7.566666666666666,248.9,240.06666666666666,0.11,156,1.3106514244238796,36.59594,-93.31303,278.1,983.9111111111112
098,2026-06-30,2026-06-30T11:12:48Z,13.650666666666666,13.650666666666666,19.88,4.616666666666667,50.7,0.02,0.10333333333333333,-0.21666666666666667,NA,7.57,248.8,240.1,0.11,156,1.31893032117583,36.59594,-93.31303,278.06666666666666,983.8666666666667
098,2026-06-30,2026-06-30T11:12:51Z,13.763,13.763,19.835333333333335,4.59,50.4,0.016666666666666666,0.14333333333333334,-0.18333333333333332,NA,7.56,249,240.1,0.11,156,1.3297722736345492,36.59595,-93.31303,277.93333333333334,983.8666666666667
098,2026-06-30,2026-06-30T11:12:54Z,13.853333333333333,13.853333333333333,19.787,4.57,50.1,0.0033333333333333335,0.12,-0.2633333333333333,NA,7.56,249.1,240.16666666666666,0.11,156,1.338504808564689,36.59595,-93.31303,277.9,983.8666666666667
098,2026-06-30,2026-06-30T11:12:57Z,13.937333333333333,13.937333333333333,19.756999999999998,4.546666666666667,49.83333333333333,-0.01,0.13999999999999999,-0.003333333333333334,NA,7.553333333333333,249.5,240.06666666666666,0.11,156,1.3466476138631827,36.59595,-93.31303,278.1,983.8666666666667
098,2026-06-30,2026-06-30T11:13:00Z,13.993333333333334,13.993333333333334,19.721666666666668,4.53,49.6,0.03666666666666667,0.12,-0.16666666666666669,NA,7.55,249.63333333333333,240.2,0.11,156,1.3520685900925422,36.59595,-93.31303,278.53333333333336,983.8666666666667
098,2026-06-30,2026-06-30T11:13:03Z,14.071333333333333,14.071333333333333,19.690666666666665,4.51,49.3,0.006666666666666667,0.17,-0.21666666666666667,NA,7.55,249.56666666666666,240.2,0.11,156,1.3596216657593903,36.59595,-93.31304,278.8666666666667,983.9111111111112
098,2026-06-30,2026-06-30T11:13:06Z,14.138,14.138,19.64666666666667,4.483333333333333,49,-0.006666666666666667,0.19333333333333333,0.11666666666666667,NA,7.55,249.5,240.1,0.11,156,1.3660633278896752,36.59595,-93.31304,279.03333333333336,983.9111111111112
098,2026-06-30,2026-06-30T11:13:09Z,14.219666666666667,14.219666666666667,19.609666666666666,4.45,48.63333333333333,0.01,0.14,-0.05333333333333334,NA,7.55,249.53333333333333,240.2,0.11,156,1.373956632190165,36.59595,-93.31304,279.06666666666666,983.8666666666667
098,2026-06-30,2026-06-30T11:13:18Z,14.258,14.258,19.525333333333332,4.38,47.733333333333334,0.01,0.12333333333333334,-0.2,NA,7.533333333333333,250.33333333333334,240.23333333333335,0.11,156,1.3776991471602251,36.59596,-93.31305666666667,279.5333333333333,983.9111111111112
098,2026-06-30,2026-06-30T11:13:21Z,14.335666666666667,14.335666666666667,19.513,4.36,47.5,0.02,0.15666666666666668,-0.08666666666666667,NA,7.526666666666666,250.66666666666666,240.06666666666666,0.11,156,1.385206859009254,36.59596,-93.31306,279.76666666666665,983.8666666666667
098,2026-06-30,2026-06-30T11:13:24Z,14.402666666666667,14.402666666666667,19.493333333333332,4.34,47.3,-0.01,0.21333333333333335,-0.21666666666666667,NA,7.52,250.8,240.13333333333333,0.11,156,1.3916712030484484,36.59596,-93.31306,279.9,983.9111111111112
098,2026-06-30,2026-06-30T11:13:27Z,14.478666666666667,14.478666666666667,19.469,4.316666666666666,47,0.006666666666666667,0.16,-0.08333333333333334,NA,7.53,250.63333333333333,240.33333333333334,0.11,156,1.3990201415351116,36.59597,-93.31306,279.5,983.8666666666667
098,2026-06-30,2026-06-30T11:13:30Z,14.573,14.573,19.430333333333333,4.29,46.7,-0.0033333333333333327,0.13,-0.2733333333333334,NA,7.523333333333333,250.8,240.43333333333334,0.11,156,1.408183632734531,36.59597,-93.31306,279.26666666666665,983.8666666666667
098,2026-06-30,2026-06-30T11:13:33Z,14.628333333333334,14.628333333333334,19.406,4.273333333333333,46.46666666666667,0.0033333333333333335,0.17666666666666667,-0.2,NA,7.53,250.63333333333333,240.5,0.11,156,1.413491199419343,36.59597,-93.31306,279.4,983.8666666666667
098,2026-06-30,2026-06-30T11:13:36Z,14.683333333333334,14.683333333333334,19.364,4.256666666666667,46.266666666666666,0,0.14666666666666667,-0.19,NA,7.523333333333333,250.8,240.56666666666666,0.11,156,1.4188668118308836,36.59597,-93.31306333333333,279.53333333333336,983.9111111111112
098,2026-06-30,2026-06-30T11:13:39Z,14.771666666666667,14.771666666666667,19.313666666666666,4.24,46.1,-0.01,0.08,-0.33,NA,7.52,250.96666666666667,240.56666666666666,0.11,156,1.4273498457630194,36.59597,-93.31306666666666,279.5,983.9111111111112
098,2026-06-30,2026-06-30T11:13:42Z,14.872,14.872,19.272333333333332,4.213333333333334,45.666666666666664,-0.013333333333333332,0.2,-0.13,NA,7.52,250.86666666666667,240.7,0.11,156,1.437125748502994,36.59597,-93.31307,279.8,983.8666666666667
098,2026-06-30,2026-06-30T11:13:45Z,14.973333333333333,14.973333333333333,19.239333333333335,4.18,45.3,-0.016666666666666666,0.18,-0.09,NA,7.52,251,240.56666666666666,0.11,156,1.4468789693340594,36.59597,-93.31307666666666,280.06666666666666,983.8666666666667
098,2026-06-30,2026-06-30T11:13:48Z,15.091666666666667,15.091666666666667,19.215333333333334,4.15,44.93333333333333,0.013333333333333332,0.12666666666666665,-0.19666666666666668,NA,7.52,251,240.7,0.11,156,1.4583560152422428,36.59597333333333,-93.31308,280.1333333333333,983.9111111111112
098,2026-06-30,2026-06-30T11:13:51Z,15.187666666666667,15.187666666666667,19.203333333333333,4.1066666666666665,44.46666666666667,0.02,0.17666666666666667,-0.056666666666666664,NA,7.52,250.9,240.73333333333332,0.11,156,1.4676102340773,36.59598,-93.31308666666666,280.3666666666667,983.9555555555555
098,2026-06-30,2026-06-30T11:14:00Z,15.285333333333334,15.285333333333334,19.180666666666667,4.013333333333333,43.46666666666667,0.01,0.16666666666666669,-0.15333333333333335,NA,7.5,251.66666666666666,240.66666666666666,0.11,156,1.4770912720014517,36.59598,-93.3131,281.6333333333333,983.8666666666667
098,2026-06-30,2026-06-30T11:14:03Z,15.465666666666667,15.465666666666667,19.104666666666667,3.986666666666667,43.1,0,0.15333333333333332,-0.24666666666666667,NA,7.496666666666667,252,240.96666666666667,0.11,156.66666666666666,1.4945109780439123,36.59598,-93.3131,281.96666666666664,984
098,2026-06-30,2026-06-30T11:14:06Z,15.549666666666667,15.549666666666667,18.982666666666667,3.9433333333333334,42.53333333333333,0.006666666666666667,0.13,-0.05333333333333334,NA,7.49,252.03333333333333,241.26666666666668,0.11,157,1.5027218290691344,36.59598,-93.31311,282.26666666666665,983.8666666666667
098,2026-06-30,2026-06-30T11:14:09Z,15.677,15.677,18.871333333333332,3.8933333333333335,41.9,0.006666666666666667,0.13666666666666666,-0.29333333333333333,NA,7.486666666666667,252.43333333333334,241.33333333333334,0.11,157,1.5150154236980584,36.59598666666667,-93.31311,282.3666666666667,983.8666666666667
098,2026-06-30,2026-06-30T11:14:12Z,15.787,15.787,18.763,3.856666666666667,41.43333333333333,0.016666666666666666,0.14666666666666667,0.006666666666666668,NA,7.483333333333333,252.43333333333334,241.6,0.11,157,1.5256759208855017,36.59599,-93.31311,282.2,983.8666666666667
098,2026-06-30,2026-06-30T11:14:15Z,15.912666666666667,15.912666666666667,18.697,3.8366666666666664,41.16666666666667,-0.01,0.19666666666666666,-0.25666666666666665,NA,7.49,252.4,241.46666666666667,0.11,157,1.537833424060969,36.59599,-93.31312,282.3666666666667,983.8666666666667
098,2026-06-30,2026-06-30T11:14:18Z,16.00133333333333,16.00133333333333,18.636333333333333,3.84,41.1,0.023333333333333334,0.20333333333333334,-0.18666666666666665,NA,7.49,252.3,241.6,0.11,157,1.546429867537652,36.595996666666665,-93.31312,282.2,983.9111111111112
098,2026-06-30,2026-06-30T11:14:21Z,16.032333333333334,16.032333333333334,18.62,3.83,41.03333333333333,0.006666666666666667,0.14333333333333334,-0.18,NA,7.49,252.1,241.46666666666667,0.11,157,1.5494238795136999,36.596,-93.31312,281.8666666666667,983.9111111111112
098,2026-06-30,2026-06-30T11:14:24Z,16.107,16.107,18.599,3.8266666666666667,40.93333333333333,-0.01,0.13333333333333333,-0.21333333333333332,NA,7.49,252,241.5,0.11,157,1.5566594084558156,36.596,-93.31312,281.8,983.9555555555555
098,2026-06-30,2026-06-30T11:14:27Z,16.274,16.274,18.555666666666667,3.8133333333333335,40.766666666666666,-0.023333333333333334,0.19,-0.056666666666666664,NA,7.486666666666667,252.6,241.56666666666666,0.11,157,1.5728089275993469,36.596,-93.31313,282.06666666666666,983.8666666666667
098,2026-06-30,2026-06-30T11:14:30Z,16.433,16.433,18.49266666666667,3.8066666666666666,40.63333333333333,0,0.21333333333333335,-0.08666666666666667,NA,7.48,252.93333333333334,241.7,0.11,157,1.588164579931047,36.596,-93.31312666666666,281.73333333333335,983.9555555555555
098,2026-06-30,2026-06-30T11:14:33Z,16.565666666666665,16.565666666666665,18.456,3.7966666666666664,40.53333333333333,0.02,0.16,-0.27,NA,7.48,253,241.66666666666666,0.11,157,1.6010479041916168,36.596,-93.31312,282.2,983.8666666666667
098,2026-06-30,2026-06-30T11:14:36Z,16.656333333333333,16.656333333333333,18.407333333333334,3.79,40.36666666666667,0.006666666666666667,0.18,-0.07666666666666667,NA,7.48,253,241.76666666666665,0.11,157,1.6098031210306658,36.596,-93.31313,282.76666666666665,983.9555555555555
098,2026-06-30,2026-06-30T11:14:39Z,16.842666666666666,16.842666666666666,18.288,3.7766666666666664,40.166666666666664,5.776764700274328e-19,0.18,-0.22,NA,7.473333333333334,253.43333333333334,242.03333333333333,0.12,157,1.6278352386136816,36.596,-93.31312666666666,282.9,983.9555555555555
098,2026-06-30,2026-06-30T11:14:42Z,16.984333333333332,16.984333333333332,18.116333333333333,3.76,39.9,-0.02,0.15333333333333332,-0.21666666666666667,NA,7.47,253.8,242.26666666666668,0.12,157.33333333333334,1.6416031573217202,36.596,-93.31312,282.8666666666667,983.8666666666667
098,2026-06-30,2026-06-30T11:14:45Z,17.134,17.134,17.967333333333332,3.74,39.5,0.0033333333333333335,0.18,-0.14333333333333334,NA,7.466666666666667,253.93333333333334,242.4,0.12,157.66666666666666,1.6561422609326801,36.596,-93.31312,282,983.8666666666667
098,2026-06-30,2026-06-30T11:14:48Z,17.292333333333332,17.292333333333332,17.888,3.71,39.1,0.0033333333333333335,0.20666666666666667,-0.3433333333333333,NA,7.46,254.2,242.46666666666667,0.12,158,1.671429867537652,36.596,-93.31312,281.90000000000003,983.9111111111112
098,2026-06-30,2026-06-30T11:14:51Z,17.336666666666666,17.336666666666666,17.847333333333335,3.6866666666666665,38.83333333333333,-0.016666666666666666,0.21666666666666667,-0.07666666666666666,NA,7.46,254.03333333333333,242.6,0.12,158,1.6757167483215387,36.59601,-93.31312,282,983.8666666666667
098,2026-06-30,2026-06-30T11:14:54Z,17.423666666666666,17.423666666666666,17.811666666666667,3.6733333333333333,38.66666666666667,0.0033333333333333327,0.18333333333333335,-0.12000000000000001,NA,7.47,253.8,242.6,0.12,158,1.6841317365269461,36.59601,-93.31312,282.6333333333333,983.8666666666667
098,2026-06-30,2026-06-30T11:14:57Z,17.522333333333332,17.522333333333332,17.745333333333335,3.6666666666666665,38.56666666666667,0.013333333333333334,0.2,0.05666666666666667,NA,7.463333333333333,253.96666666666667,242.6,0.12,158,1.6937261839956452,36.59602,-93.31313,282.8,983.9111111111112
098,2026-06-30,2026-06-30T11:15:00Z,17.619,17.619,17.661666666666665,3.66,38.43333333333333,0.013333333333333334,0.17333333333333334,-0.15,NA,7.46,254.33333333333334,242.76666666666668,0.12,158,1.70307113046634,36.596023333333335,-93.31312,282.26666666666665,983.9111111111112
098,2026-06-30,2026-06-30T11:15:03Z,17.711333333333332,17.711333333333332,17.583666666666666,3.66,38.4,0,0.20333333333333334,-0.09999999999999999,NA,7.45,254.7,242.96666666666667,0.12,158,1.7120531663944838,36.59602,-93.31312333333334,282.26666666666665,983.9111111111112
098,2026-06-30,2026-06-30T11:15:06Z,17.859666666666666,17.859666666666666,17.502333333333333,3.66,38.266666666666666,0.02,0.21333333333333335,0.0033333333333333305,NA,7.45,254.83333333333334,243.06666666666666,0.12,158,1.7264108147341681,36.59602666666667,-93.31313,282.26666666666665,983.8666666666667
098,2026-06-30,2026-06-30T11:15:09Z,17.988666666666667,17.988666666666667,17.401333333333334,3.66,38.2,0.023333333333333334,0.17666666666666667,-0.16666666666666666,NA,7.45,255.16666666666666,243.16666666666666,0.12,158,1.738908546543277,36.59603,-93.31312,282.1,983.8666666666667
098,2026-06-30,2026-06-30T11:15:12Z,18.052333333333333,18.052333333333333,17.348666666666666,3.66,38.2,-0.02,0.14333333333333334,-0.13333333333333333,NA,7.45,254.9,243.23333333333332,0.12,158,1.745055343857739,36.59603,-93.31312,281.7666666666667,983.8666666666667
098,2026-06-30,2026-06-30T11:15:15Z,18.101333333333333,18.101333333333333,17.324333333333332,3.66,38.1,-0.0033333333333333327,0.19,-0.049999999999999996,NA,7.46,254.63333333333333,243.23333333333332,0.12,158,1.7498185447287244,36.59603,-93.31312,281.5,983.9111111111112
098,2026-06-30,2026-06-30T11:15:18Z,18.218,18.218,17.237333333333332,3.6466666666666665,37.96666666666667,-0.006666666666666667,0.16666666666666666,-0.16,NA,7.456666666666667,254.76666666666665,243.5,0.12,158,1.7611368172745419,36.59603,-93.31312666666666,281.6,983.9111111111112
098,2026-06-30,2026-06-30T11:15:21Z,18.327666666666666,18.327666666666666,17.191,3.63,37.733333333333334,-0.0033333333333333335,0.16999999999999998,-0.13333333333333333,NA,7.456666666666667,254.83333333333334,243.73333333333332,0.12,158.33333333333334,1.7717519506441661,36.59602,-93.31313,281.76666666666665,983.9111111111112
098,2026-06-30,2026-06-30T11:15:24Z,18.448,18.448,17.082,3.6,37.36666666666667,-0.006666666666666667,0.13666666666666666,-0.15666666666666668,NA,7.46,254.83333333333334,244.16666666666666,0.12,159,1.7834104518236256,36.596023333333335,-93.31313,281.3,983.9111111111112
098,2026-06-30,2026-06-30T11:15:27Z,18.596666666666668,18.596666666666668,16.983333333333334,3.58,37.06666666666667,-0.026666666666666665,0.20666666666666667,-0.013333333333333334,NA,7.45,255.16666666666666,244.4,0.12,159,1.7978134639811287,36.59603,-93.31312666666666,281.03333333333336,983.8666666666667
098,2026-06-30,2026-06-30T11:15:30Z,18.752666666666666,18.752666666666666,16.91133333333333,3.5366666666666666,36.56666666666667,-0.016666666666666666,0.18,-0.15666666666666668,NA,7.45,255.36666666666667,244.56666666666666,0.12,159,1.8129196153148248,36.59603,-93.31312,280.76666666666665,983.9111111111112
098,2026-06-30,2026-06-30T11:15:33Z,18.864333333333335,18.864333333333335,16.846666666666668,3.493333333333333,36.03333333333333,0.0033333333333333335,0.17,-0.013333333333333332,NA,7.45,255.3,244.63333333333333,0.12,159,1.8237162039557249,36.596023333333335,-93.31312,280.76666666666665,983.9555555555555
098,2026-06-30,2026-06-30T11:15:36Z,18.957,18.957,16.808333333333334,3.46,35.7,0.0033333333333333335,0.14,-0.14333333333333334,NA,7.446666666666667,255.46666666666667,244.63333333333333,0.12,159,1.832720921792778,36.59602,-93.31312,280.6333333333333,983.8666666666667
098,2026-06-30,2026-06-30T11:15:39Z,19.052333333333333,19.052333333333333,16.774,3.4433333333333334,35.46666666666667,0.013333333333333332,0.16,-0.21333333333333335,NA,7.44,255.7,244.66666666666666,0.12,159,1.841907094901107,36.59602,-93.31312,280.5,983.8666666666667
098,2026-06-30,2026-06-30T11:15:42Z,19.080333333333332,19.080333333333332,16.730666666666668,3.4366666666666665,35.36666666666667,-0.0033333333333333335,0.17,-0.11,NA,7.44,255.73333333333332,244.76666666666665,0.12,159,1.844651605879151,36.59603,-93.31312333333334,280.6,983.8666666666667
098,2026-06-30,2026-06-30T11:15:45Z,19.127333333333333,19.127333333333333,16.71666666666667,3.43,35.3,-0.02,0.15666666666666668,-0.1366666666666667,NA,7.44,255.63333333333333,244.7,0.12,159,1.849210669569951,36.59602666666667,-93.31312666666666,280.43333333333334,983.9555555555555
098,2026-06-30,2026-06-30T11:15:48Z,19.206333333333333,19.206333333333333,16.695666666666668,3.4266666666666667,35.233333333333334,-0.016666666666666666,0.20333333333333334,-0.22,NA,7.433333333333334,256.03333333333336,244.7,0.12,159,1.856854472872437,36.59603,-93.31313,280,983.9555555555555
098,2026-06-30,2026-06-30T11:15:51Z,19.315666666666665,19.315666666666665,16.673666666666666,3.4133333333333336,35.1,-0.0033333333333333335,0.24,0.05666666666666667,NA,7.43,256.23333333333335,244.83333333333334,0.12,159,1.8674696062420613,36.59602666666667,-93.31313,279.76666666666665,983.9111111111112
098,2026-06-30,2026-06-30T11:15:54Z,19.438666666666666,19.438666666666666,16.653333333333332,3.3933333333333335,34.9,-0.003333333333333334,0.19666666666666666,-0.20333333333333334,NA,7.433333333333334,256.1,245,0.12,159,1.879354926510615,36.59602,-93.31313,280.0333333333333,984
098,2026-06-30,2026-06-30T11:15:57Z,19.55666666666667,19.55666666666667,16.6,3.3933333333333335,34.83333333333333,-0.02,0.19,-0.17,NA,7.44,255.93333333333334,245,0.12,159,1.890741244783161,36.59602666666667,-93.31313,280.5,983.9111111111112
098,2026-06-30,2026-06-30T11:16:00Z,19.698999999999998,19.698999999999998,16.576666666666664,3.4033333333333333,34.9,-0.03,0.16666666666666669,-0.23333333333333334,NA,7.44,255.96666666666667,244.8,0.12,159,1.90448648158229,36.59603666666667,-93.31313,281.1333333333333,983.9111111111112
098,2026-06-30,2026-06-30T11:16:03Z,19.828333333333333,19.828333333333333,16.501,3.41,34.93333333333333,-0.043333333333333335,0.2,-0.02333333333333333,NA,7.433333333333334,256.3666666666667,244.96666666666667,0.12,159,1.9170295772092178,36.59604,-93.31313,281.3333333333333,983.9111111111112
098,2026-06-30,2026-06-30T11:16:06Z,19.916,19.916,16.410333333333334,3.42,35,0.006666666666666667,0.16666666666666666,-0.31666666666666665,NA,7.43,256.6666666666667,245.16666666666666,0.12,159,1.9255352930502632,36.596043333333334,-93.31313333333334,281.1333333333333,984
098,2026-06-30,2026-06-30T11:16:09Z,19.997,19.997,16.319,3.4333333333333336,35.06666666666667,0.01,0.20666666666666667,-0.22666666666666666,NA,7.43,256.56666666666666,245.4,0.12,160,1.9334059154418435,36.59605,-93.31314,281.6,983.9555555555555
098,2026-06-30,2026-06-30T11:16:12Z,20.03033333333333,20.03033333333333,16.272,3.44,35.1,0.01,0.20333333333333334,-0.01,NA,7.43,256.6,245.43333333333334,0.12,159.66666666666666,1.9366494284158955,36.59605,-93.31313666666667,281.3666666666667,983.9111111111112
098,2026-06-30,2026-06-30T11:16:15Z,20.069666666666667,20.069666666666667,16.229666666666667,3.45,35.1,-0.006666666666666667,0.25666666666666665,-0.11,NA,7.43,256.6333333333333,245.56666666666666,0.12,160,1.940459989112684,36.59605,-93.31313333333334,280.59999999999997,983.8666666666667
098,2026-06-30,2026-06-30T11:16:18Z,20.165333333333333,20.165333333333333,16.179333333333332,3.45,35.1,-0.01,0.21333333333333335,-0.09333333333333334,NA,7.43,256.93333333333334,245.5,0.12,160,1.9497595717655598,36.59605333333333,-93.31313,280.1333333333333,984.0444444444445
098,2026-06-30,2026-06-30T11:16:21Z,20.278333333333332,20.278333333333332,16.120333333333335,3.45,35.06666666666667,-0.023333333333333334,0.16666666666666669,-0.04666666666666667,NA,7.43,256.93333333333334,245.8,0.12,160,1.960714933768826,36.59605,-93.31313,280.1333333333333,983.8666666666667
098,2026-06-30,2026-06-30T11:16:24Z,20.351,20.351,16.052666666666667,3.45,35,-0.023333333333333334,0.18666666666666668,-0.20333333333333334,NA,7.43,256.93333333333334,245.86666666666667,0.12,160,1.9677236436218473,36.59606,-93.31313333333334,280.53333333333336,983.8666666666667
098,2026-06-30,2026-06-30T11:16:27Z,20.43166666666667,20.43166666666667,15.981666666666667,3.45,34.93333333333333,-0.01,0.19333333333333333,-0.11333333333333333,NA,7.433333333333334,256.8666666666667,246.03333333333333,0.12,160,1.9755942660134278,36.59605,-93.31314,280.6666666666667,983.8666666666667
098,2026-06-30,2026-06-30T11:16:30Z,20.499666666666666,20.499666666666666,15.929333333333332,3.45,34.9,0.02,0.18666666666666668,-0.16,NA,7.44,256.8333333333333,246.16666666666666,0.12,160,1.98214933768826,36.59605,-93.31314,280.43333333333334,983.9111111111112
098,2026-06-30,2026-06-30T11:16:33Z,20.548666666666666,20.548666666666666,15.887666666666666,3.44,34.8,-0.006666666666666666,0.22,-0.06666666666666667,NA,7.4366666666666665,256.96666666666664,246.23333333333332,0.12,160,1.986889856650336,36.59605,-93.31313666666667,280.23333333333335,983.8666666666667
098,2026-06-30,2026-06-30T11:16:36Z,20.619,20.619,15.845,3.4366666666666665,34.7,0.03333333333333333,0.24,-0.21666666666666667,NA,7.43,257.3,246.26666666666668,0.12,160,1.9937397931409908,36.59605,-93.31313666666667,280.43333333333334,983.9111111111112
098,2026-06-30,2026-06-30T11:16:39Z,20.74866666666667,20.74866666666667,15.784666666666666,3.43,34.6,-0.023333333333333334,0.16333333333333333,-0.13,NA,7.43,257.3,246.36666666666667,0.12,160,2.0062375249501,36.59605,-93.31313,280.3666666666667,983.9555555555555
098,2026-06-30,2026-06-30T11:16:42Z,20.824333333333332,20.824333333333332,15.722333333333333,3.43,34.6,0.0033333333333333335,0.23666666666666666,-0.19666666666666668,NA,7.43,257.23333333333335,246.53333333333333,0.12,160,2.013609145345672,36.59605,-93.31313,280.06666666666666,983.9555555555555
098,2026-06-30,2026-06-30T11:16:45Z,20.863666666666667,20.863666666666667,15.664,3.44,34.6,0.0033333333333333335,0.21,-0.07666666666666667,NA,7.4366666666666665,257.2,246.5,0.12,160,2.0174650698602794,36.596043333333334,-93.31313,280.1666666666667,983.8666666666667
098,2026-06-30,2026-06-30T11:16:48Z,20.953,20.953,15.586,3.44,34.6,0,0.19333333333333333,-0.06666666666666667,NA,7.43,257.5,246.6,0.12,160,2.026084195245872,36.596043333333334,-93.31313,280.03333333333336,983.9555555555555
098,2026-06-30,2026-06-30T11:16:51Z,21.056333333333335,21.056333333333335,15.522333333333334,3.4566666666666666,34.66666666666667,0.0033333333333333335,0.23333333333333334,-0.16999999999999998,NA,7.43,257.6,246.5,0.12,160,2.036086917074941,36.59604,-93.31312333333334,280.03333333333336,983.8666666666667
098,2026-06-30,2026-06-30T11:16:54Z,21.181666666666665,21.181666666666665,15.461,3.47,34.8,0.02333333333333333,0.19666666666666666,-0.2833333333333333,NA,7.43,257.7,246.83333333333334,0.12,160,2.048244420250408,36.59603333333333,-93.31313,280.43333333333334,983.9111111111112
098,2026-06-30,2026-06-30T11:16:57Z,21.253666666666668,21.253666666666668,15.426,3.466666666666667,34.766666666666666,-0.03333333333333333,0.15666666666666668,-0.09333333333333334,NA,7.43,257.76666666666665,246.93333333333334,0.12,160.33333333333334,2.0552077662856103,36.59602666666667,-93.31312333333334,280.9,983.9111111111112
098,2026-06-30,2026-06-30T11:17:00Z,21.354666666666667,21.354666666666667,15.364666666666666,3.4533333333333336,34.53333333333333,-0.01,0.20666666666666667,-0.23333333333333334,NA,7.43,257.8666666666667,247.26666666666668,0.12,161,2.064983669025585,36.59602666666667,-93.31312,281.2,983.9111111111112
098,2026-06-30,2026-06-30T11:17:03Z,21.494,21.494,15.275666666666666,3.43,34.3,-0.01,0.18,-0.19666666666666668,NA,7.43,258.06666666666666,247.66666666666666,0.12,161,2.07850208673562,36.59603,-93.31312,280.6666666666667,983.9111111111112
098,2026-06-30,2026-06-30T11:17:06Z,21.590333333333334,21.590333333333334,15.200666666666667,3.4166666666666665,34.06666666666667,-0.006666666666666666,0.17333333333333334,-0.28,NA,7.423333333333333,258.1666666666667,247.8,0.12,161,2.0878697151152243,36.59602666666667,-93.31312,280.6333333333333,984
098,2026-06-30,2026-06-30T11:17:09Z,21.725,21.725,15.151666666666667,3.4066666666666667,33.86666666666667,-0.026666666666666665,0.23,-0.13333333333333333,NA,7.43,258.1666666666667,247.76666666666665,0.12,161,2.100866448920341,36.596023333333335,-93.31312,281.43333333333334,984
098,2026-06-30,2026-06-30T11:17:12Z,21.887666666666668,21.887666666666668,15.104666666666667,3.3966666666666665,33.766666666666666,-0.003333333333333334,0.24666666666666667,-0.17666666666666667,NA,7.426666666666667,258.26666666666665,247.9,0.12,161,2.116653057521321,36.59602,-93.31311333333333,281.66666666666663,983.9111111111112
098,2026-06-30,2026-06-30T11:17:15Z,21.981333333333332,21.981333333333332,14.968,3.39,33.6,-0.0033333333333333335,0.22333333333333333,0.1,NA,7.42,258.76666666666665,248.23333333333335,0.12,161,2.125748502994012,36.59602,-93.31310333333333,281.1666666666667,983.9555555555555
098,2026-06-30,2026-06-30T11:17:18Z,22.023666666666667,22.023666666666667,14.889666666666667,3.39,33.56666666666667,-0.013333333333333334,0.24,-0.13333333333333333,NA,7.42,258.8,248.3,0.12,161,2.129853928506623,36.59602,-93.3131,281.26666666666665,983.9111111111112
098,2026-06-30,2026-06-30T11:17:21Z,22.126666666666665,22.126666666666665,14.818,3.3933333333333335,33.56666666666667,-0.023333333333333334,0.24333333333333332,-0.09,NA,7.42,258.8666666666667,248.46666666666667,0.12,161.66666666666666,2.139833968426783,36.59601333333333,-93.3131,280.93333333333334,984
098,2026-06-30,2026-06-30T11:17:24Z,22.209666666666667,22.209666666666667,14.760333333333334,3.4,33.56666666666667,-0.01,0.24333333333333335,-0.24666666666666667,NA,7.42,258.93333333333334,248.43333333333334,0.12,161,2.147863364180729,36.59601,-93.3131,280.4,984
098,2026-06-30,2026-06-30T11:17:27Z,22.332333333333334,22.332333333333334,14.710666666666667,3.4033333333333333,33.6,-0.023333333333333334,0.20666666666666667,-0.36333333333333334,NA,7.42,259,248.6,0.12,162,2.159771366358193,36.59601,-93.3131,280.26666666666665,983.8666666666667
098,2026-06-30,2026-06-30T11:17:30Z,22.437333333333335,22.437333333333335,14.641333333333334,3.4,33.46666666666667,-0.01,0.18333333333333332,-0.19333333333333333,NA,7.42,259.1333333333333,248.76666666666668,0.12,162,2.169932861549628,36.59601,-93.3131,280.96666666666664,983.9111111111112
098,2026-06-30,2026-06-30T11:17:33Z,22.55366666666667,22.55366666666667,14.554,3.3966666666666665,33.4,-0.02,0.24333333333333332,-0.14666666666666667,NA,7.41,259.3333333333333,248.76666666666668,0.12,162,2.181228452186536,36.596,-93.3131,281.8666666666667,983.9555555555555
098,2026-06-30,2026-06-30T11:17:36Z,22.675666666666668,22.675666666666668,14.419333333333332,3.4066666666666667,33.4,0.02333333333333333,0.18666666666666668,-0.22999999999999998,NA,7.41,259.6,249.06666666666666,0.12,162,2.1930457267283616,36.59600666666667,-93.3131,282.8666666666667,983.8666666666667
098,2026-06-30,2026-06-30T11:17:39Z,22.779,22.779,14.362666666666666,3.4133333333333336,33.4,0,0.24000000000000002,-0.14,NA,7.41,259.7,249.33333333333334,0.12,162,2.20307113046634,36.59601333333333,-93.3131,281.93333333333334,984
098,2026-06-30,2026-06-30T11:17:42Z,22.901,22.901,14.340666666666667,3.41,33.36666666666667,-0.03,0.2833333333333333,-0.08666666666666667,NA,7.41,259.6,249.33333333333334,0.12,162,2.214865723099256,36.59601333333333,-93.31310333333333,281.6,983.9111111111112
098,2026-06-30,2026-06-30T11:17:45Z,23.041666666666668,23.041666666666668,14.321666666666667,3.4033333333333333,33.3,-0.023333333333333334,0.22666666666666668,-0.23,NA,7.41,259.6,249.53333333333333,0.12,162,2.2284975503538376,36.59601333333333,-93.31311,281.6666666666667,983.8666666666667
098,2026-06-30,2026-06-30T11:17:48Z,23.07,23.07,14.307,3.3966666666666665,33.2,0,0.23666666666666666,-0.17333333333333334,NA,7.41,259.56666666666666,249.53333333333333,0.12,162,2.2312647432407915,36.59602,-93.31311,280.8666666666667,983.9111111111112
098,2026-06-30,2026-06-30T11:17:51Z,23.143,23.143,14.280333333333333,3.39,33.1,-0.006666666666666666,0.24333333333333335,-0.17,NA,7.41,259.6333333333333,249.53333333333333,0.12,162,2.2383188169116313,36.596023333333335,-93.31311,279.53333333333336,984
098,2026-06-30,2026-06-30T11:17:54Z,23.27166666666667,23.27166666666667,14.259666666666668,3.39,33.1,-0.02,0.23333333333333334,-0.2,NA,7.41,259.6333333333333,249.3,0.12,162,2.250748502994012,36.59604,-93.31311,278.56666666666666,983.9111111111112
098,2026-06-30,2026-06-30T11:17:57Z,23.347666666666665,23.347666666666665,14.223666666666666,3.39,33.1,-0.023333333333333334,0.26,-0.10666666666666666,NA,7.41,259.8333333333333,249.3,0.12,162,2.258142805298494,36.59604,-93.31311333333333,277.6,983.9111111111112
098,2026-06-30,2026-06-30T11:18:00Z,23.436,23.436,14.118666666666668,3.4033333333333333,33.13333333333333,-0.02,0.26666666666666666,-0.19,NA,7.41,260,249.46666666666667,0.12,162,2.2667165668662674,36.59604,-93.31311666666666,277.5333333333333,983.8666666666667
098,2026-06-30,2026-06-30T11:18:03Z,23.53633333333333,23.53633333333333,14.029,3.4266666666666667,33.266666666666666,-0.01,0.26,-0.3433333333333333,NA,7.41,260.1,249.6,0.12,162,2.276447105788423,36.59604,-93.31310666666667,277.3666666666667,983.9555555555555
098,2026-06-30,2026-06-30T11:18:06Z,23.629666666666665,23.629666666666665,13.950666666666667,3.45,33.5,0.006666666666666667,0.22666666666666666,-0.27,NA,7.41,260.3,249.56666666666666,0.12,162,2.2855198693522047,36.596043333333334,-93.3131,277,984
098,2026-06-30,2026-06-30T11:18:09Z,23.735333333333333,23.735333333333333,13.876,3.49,33.8,-0.043333333333333335,0.21,-0.37666666666666665,NA,7.41,260.3666666666667,249.26666666666668,0.12,162,2.2957494102703686,36.59604,-93.3131,276.3,984.0444444444445
098,2026-06-30,2026-06-30T11:18:12Z,23.87,23.87,13.812333333333333,3.5366666666666666,34.2,-0.023333333333333334,0.25,-0.24666666666666667,NA,7.41,260.3,249.13333333333333,0.12,162,2.308791507893304,36.59604,-93.31311,275.7,984.0444444444445
098,2026-06-30,2026-06-30T11:18:15Z,23.945666666666668,23.945666666666668,13.745666666666667,3.5866666666666664,34.63333333333333,-0.02,0.20666666666666667,-0.22333333333333333,NA,7.42,260.3,249.23333333333332,0.12,162,2.316117764471058,36.59603333333333,-93.3131,275.23333333333335,984.0444444444445
098,2026-06-30,2026-06-30T11:18:18Z,23.96666666666667,23.96666666666667,13.690333333333333,3.6333333333333333,35.03333333333333,-0.013333333333333334,0.26,-0.15,NA,7.42,260.26666666666665,249.33333333333334,0.12,162,2.3181818181818183,36.59603,-93.3131,275.2,984.0444444444445
098,2026-06-30,2026-06-30T11:18:21Z,24.034333333333333,24.034333333333333,13.652666666666667,3.67,35.3,-0.013333333333333334,0.26333333333333336,-0.19,NA,7.42,260.3666666666667,249.33333333333334,0.12,162,2.324714207947741,36.59603,-93.3131,274.43333333333334,983.9111111111112
098,2026-06-30,2026-06-30T11:18:24Z,24.171333333333333,24.171333333333333,13.595333333333333,3.7,35.6,-0.02333333333333333,0.26,0.03333333333333333,NA,7.42,260.56666666666666,249.23333333333332,0.12,162,2.3380284884775904,36.59603,-93.3131,274.23333333333335,984
098,2026-06-30,2026-06-30T11:18:27Z,24.269666666666666,24.269666666666666,13.544,3.73,35.9,5.788058472904386e-19,0.26,-0.20333333333333334,NA,7.413333333333333,260.76666666666665,249.1,0.12,162,2.3475095264017423,36.59603666666667,-93.3131,274.23333333333335,983.9111111111112
098,2026-06-30,2026-06-30T11:18:30Z,24.387666666666668,24.387666666666668,13.477,3.7766666666666664,36.266666666666666,-0.01,0.27,-0.28,NA,7.41,261,248.83333333333334,0.12,162,2.358963890401016,36.59603,-93.31309333333334,274.06666666666666,984.0888888888888
098,2026-06-30,2026-06-30T11:18:33Z,24.521333333333335,24.521333333333335,13.387666666666666,3.82,36.6,-0.023333333333333334,0.2833333333333333,-0.16333333333333333,NA,7.41,261.26666666666665,248.73333333333332,0.12,162,2.3719152603883145,36.59603,-93.31309,273.6666666666667,983.9111111111112
098,2026-06-30,2026-06-30T11:18:36Z,24.637333333333334,24.637333333333334,13.332666666666666,3.8566666666666665,36.9,-0.013333333333333334,0.21000000000000002,-0.22666666666666666,NA,7.41,261.46666666666664,248.83333333333334,0.12,162,2.3831201233895847,36.59603,-93.31309,274.1666666666667,983.9111111111112
098,2026-06-30,2026-06-30T11:18:39Z,24.782666666666668,24.782666666666668,13.27,3.89,37.16666666666667,-0.03,0.2866666666666667,-0.08,NA,7.41,261.6,249,0.12,162,2.3972055888223553,36.59603,-93.31309,275.1666666666667,983.9555555555555
098,2026-06-30,2026-06-30T11:18:42Z,24.835333333333335,24.835333333333335,13.224,3.9166666666666665,37.4,-0.03,0.23333333333333334,-0.30333333333333334,NA,7.41,261.7,249.16666666666666,0.12,162,2.402331700235892,36.59603,-93.31309,275.46666666666664,984.0888888888888
098,2026-06-30,2026-06-30T11:18:45Z,24.904666666666667,24.904666666666667,13.181666666666667,3.93,37.5,0.01,0.2966666666666667,-0.09333333333333334,NA,7.41,261.73333333333335,249.6,0.12,162,2.4090682271819994,36.59603666666667,-93.31309,275.6333333333333,983.9555555555555
098,2026-06-30,2026-06-30T11:18:48Z,25.040333333333333,25.040333333333333,13.139333333333333,3.9266666666666667,37.4,-0.006666666666666667,0.26666666666666666,-0.15666666666666668,NA,7.403333333333333,262.2,250,0.12,162.66666666666666,2.4222010524405735,36.59604,-93.31309,276.06666666666666,984.0444444444445
098,2026-06-30,2026-06-30T11:18:51Z,25.213666666666665,25.213666666666665,13.094666666666667,3.91,37.233333333333334,-0.0033333333333333335,0.21666666666666667,-0.09666666666666666,NA,7.3966666666666665,262.6,250.06666666666666,0.12,162.33333333333334,2.4389856650335693,36.59604,-93.31309,276.26666666666665,983.9111111111112
098,2026-06-30,2026-06-30T11:18:54Z,25.374,25.374,12.986666666666666,3.9033333333333333,37.03333333333333,-0.01,0.26666666666666666,-0.32,NA,7.39,262.8333333333333,250.33333333333334,0.12,163,2.4545227726365453,36.59604,-93.31309,276.73333333333335,984
098,2026-06-30,2026-06-30T11:18:57Z,25.53,25.53,12.905666666666667,3.91,37.06666666666667,-0.013333333333333334,0.23,-0.23666666666666666,NA,7.39,263.06666666666666,250.5,0.12,163,2.4696742877880604,36.596043333333334,-93.3131,277.6333333333333,983.9555555555555
098,2026-06-30,2026-06-30T11:19:00Z,25.604333333333333,25.604333333333333,12.863333333333333,3.92,37.13333333333333,-0.006666666666666667,0.3,-0.07333333333333333,NA,7.39,263.1,250.33333333333334,0.12,163,2.4768644529123574,36.59605,-93.31309666666667,277.56666666666666,984.0444444444445
098,2026-06-30,2026-06-30T11:19:03Z,25.705666666666666,25.705666666666666,12.774666666666667,3.93,37.13333333333333,0,0.24333333333333332,-0.18,NA,7.39,263.23333333333335,249.96666666666667,0.12,162.33333333333334,2.486663037561241,36.59605,-93.3131,278.1666666666667,983.8666666666667
098,2026-06-30,2026-06-30T11:19:06Z,25.816333333333333,25.816333333333333,12.655666666666667,3.9766666666666666,37.46666666666667,0,0.2866666666666667,-0.31,NA,7.39,263.43333333333334,249.66666666666666,0.12,162,2.497391580475413,36.59605,-93.3131,278.53333333333336,983.9111111111112
098,2026-06-30,2026-06-30T11:19:09Z,25.856,25.856,12.602,4.02,37.8,-0.02666666666666667,0.29,-0.16333333333333333,NA,7.39,263.43333333333334,249.23333333333335,0.12,162,2.5012475049900202,36.59605,-93.31309666666667,278.43333333333334,984
098,2026-06-30,2026-06-30T11:19:12Z,25.965333333333334,25.965333333333334,12.516333333333334,4.076666666666666,38.3,-0.006666666666666667,0.2833333333333333,-0.23666666666666666,NA,7.39,263.53333333333336,248.1,0.12,161,2.511839956450735,36.59605,-93.31309,278.1,983.8666666666667
098,2026-06-30,2026-06-30T11:19:15Z,26.099333333333334,26.099333333333334,12.424,4.1466666666666665,38.9,-0.023333333333333334,0.25666666666666665,-0.25666666666666665,NA,7.4,263.46666666666664,247.53333333333333,0.12,161,2.5248820540736707,36.59604,-93.31309,278.2,983.9555555555555
098,2026-06-30,2026-06-30T11:19:18Z,26.244,26.244,12.357666666666667,4.22,39.5,-0.026666666666666665,0.26,-0.30666666666666664,NA,7.403333333333333,263.23333333333335,247.03333333333333,0.12,161,2.5388994737797135,36.59604,-93.31309,277.56666666666666,983.9555555555555
098,2026-06-30,2026-06-30T11:19:21Z,26.394333333333332,26.394333333333332,12.262,4.303333333333334,40.2,-0.023333333333333334,0.27,-0.18666666666666668,NA,7.413333333333333,262.8666666666667,247.03333333333333,0.12,161,2.5535066231174013,36.59604,-93.31308333333334,276.56666666666666,984
098,2026-06-30,2026-06-30T11:19:24Z,26.598666666666666,26.598666666666666,12.214333333333332,4.37,40.8,-0.03,0.31333333333333335,-0.23333333333333334,NA,7.423333333333333,262.46666666666664,247,0.12,160.66666666666666,2.573217201959717,36.59603,-93.31308,276.2,984
098,2026-06-30,2026-06-30T11:19:27Z,26.782666666666668,26.782666666666668,12.090666666666667,4.43,41.266666666666666,-0.026666666666666665,0.3,-0.16,NA,7.44,261.73333333333335,246.93333333333334,0.12,160.33333333333334,2.5910905461803666,36.59603,-93.31308,275.6333333333333,983.9111111111112
098,2026-06-30,2026-06-30T11:19:30Z,26.815,26.815,11.973666666666666,4.483333333333333,41.6,-0.02,0.2733333333333333,-0.13999999999999999,NA,7.456666666666667,260.83333333333337,247.4,0.12,161,2.5942660134276903,36.59602666666667,-93.31307333333334,275.3333333333333,984.0444444444445
098,2026-06-30,2026-06-30T11:19:33Z,26.887333333333334,26.887333333333334,11.9,4.52,41.9,-0.03333333333333333,0.2866666666666667,-0.24,NA,7.466666666666667,260.43333333333334,248.26666666666668,0.12,161.33333333333334,2.6012747232807114,36.59602,-93.31307,274.76666666666665,983.9111111111112
098,2026-06-30,2026-06-30T11:19:36Z,26.984666666666666,26.984666666666666,11.855666666666666,4.533333333333333,41.96666666666667,-0.0033333333333333327,0.2866666666666667,-0.37333333333333335,NA,7.47,260.26666666666665,249.2,0.12,162,2.6106877154781345,36.59602,-93.31306333333333,274.3,984
098,2026-06-30,2026-06-30T11:19:39Z,27.091666666666665,27.091666666666665,11.778666666666666,4.523333333333333,41.8,-0.013333333333333334,0.25,-0.16,NA,7.473333333333334,260.1,250.13333333333333,0.12,162.66666666666666,2.621053347849755,36.59602,-93.31306,274.23333333333335,983.8666666666667
098,2026-06-30,2026-06-30T11:19:42Z,27.207666666666668,27.207666666666668,11.664666666666667,4.496666666666667,41.43333333333333,-0.026666666666666665,0.26666666666666666,-0.2533333333333333,NA,7.48,260.06666666666666,250.76666666666668,0.12,163,2.6323262565777537,36.59602,-93.31306,274.26666666666665,983.9111111111112
098,2026-06-30,2026-06-30T11:19:45Z,27.238333333333333,27.238333333333333,11.588666666666667,4.466666666666667,41.1,-0.02333333333333333,0.26333333333333336,-0.28,NA,7.48,259.96666666666664,251.06666666666666,0.12,163,2.635297586644892,36.59602,-93.31306,274.6333333333333,983.9111111111112
098,2026-06-30,2026-06-30T11:19:48Z,27.283666666666665,27.283666666666665,11.559666666666667,4.443333333333333,40.9,-0.02,0.26666666666666666,-0.23333333333333334,NA,7.48,259.7,251.03333333333333,0.12,163,2.639697876973326,36.59602,-93.31306,274.3666666666667,984
098,2026-06-30,2026-06-30T11:19:51Z,27.363666666666667,27.363666666666667,11.536,4.426666666666667,40.66666666666667,-0.01,0.2833333333333333,-0.33333333333333337,NA,7.49,259.53333333333336,251.13333333333333,0.12,163,2.647455089820359,36.59602,-93.31306,274.3333333333333,983.8666666666667
098,2026-06-30,2026-06-30T11:19:54Z,27.45266666666667,27.45266666666667,11.498666666666667,4.416666666666667,40.56666666666667,-0.02,0.30333333333333334,-0.26,NA,7.49,259.3333333333333,251.36666666666667,0.12,163,2.6560968971148613,36.59602,-93.31306,274.43333333333334,983.8666666666667
098,2026-06-30,2026-06-30T11:19:57Z,27.562,27.562,11.468333333333334,4.403333333333333,40.4,-0.006666666666666666,0.26,-0.11,NA,7.493333333333333,259.1666666666667,251.2,0.12,163,2.666666666666667,36.59601333333333,-93.31306,275.06666666666666,984.0444444444445
098,2026-06-30,2026-06-30T11:20:00Z,27.653000000000002,27.653000000000002,11.441666666666666,4.4,40.3,-0.02666666666666667,0.30333333333333334,-0.19,NA,7.5,259.1,251.23333333333335,0.12,163,2.675512611141354,36.59601333333333,-93.31306,275.56666666666666,983.8666666666667
098,2026-06-30,2026-06-30T11:20:03Z,27.697666666666667,27.697666666666667,11.416333333333334,4.4,40.33333333333333,-0.013333333333333334,0.2866666666666667,-0.42333333333333334,NA,7.5,259.1,250.96666666666667,0.12,163,2.6797768100163313,36.59601666666667,-93.31306,275.06666666666666,984
098,2026-06-30,2026-06-30T11:20:06Z,27.774333333333335,27.774333333333335,11.393,4.41,40.4,-0.0033333333333333335,0.2966666666666667,-0.3566666666666667,NA,7.5,259.06666666666666,250.9,0.12,163,2.687239158047541,36.59601,-93.31306,275.73333333333335,984
098,2026-06-30,2026-06-30T11:20:09Z,27.863333333333333,27.863333333333333,11.370333333333333,4.42,40.5,-0.02,0.32,-0.20666666666666667,NA,7.5,259,250.8,0.12,163,2.6958582834331337,36.59601,-93.31306,277.1333333333333,983.9111111111112
098,2026-06-30,2026-06-30T11:20:12Z,27.964333333333332,27.964333333333332,11.338666666666667,4.4366666666666665,40.56666666666667,-0.03666666666666667,0.3433333333333333,-0.33666666666666667,NA,7.5,258.96666666666664,250.76666666666668,0.12,163,2.7056568680820177,36.59601666666667,-93.31306,277.96666666666664,983.9555555555555
098,2026-06-30,2026-06-30T11:20:15Z,28.050666666666665,28.050666666666665,11.283666666666667,4.456666666666667,40.7,-0.05,0.33666666666666667,-0.15,NA,7.506666666666667,258.96666666666664,250.73333333333332,0.12,163,2.7140264924696065,36.59601,-93.31306,277.9,983.9555555555555
098,2026-06-30,2026-06-30T11:20:21Z,28.151,28.151,11.185,4.493333333333333,40.96666666666667,-0.03333333333333333,0.2733333333333334,-0.25,NA,7.51,259,251.03333333333333,0.12,163,2.723711667573943,36.59601,-93.31306,278.1,983.9111111111112
098,2026-06-30,2026-06-30T11:20:24Z,28.208000000000002,28.208000000000002,11.134666666666666,4.506666666666667,41.03333333333333,-0.026666666666666665,0.30333333333333334,-0.22999999999999998,NA,7.51,259,250.8,0.12,163,2.72924605334785,36.59601,-93.31306,278.3666666666667,983.9111111111112
098,2026-06-30,2026-06-30T11:20:27Z,28.32466666666667,28.32466666666667,11.087333333333333,4.526666666666666,41.16666666666667,-0.006666666666666667,0.33666666666666667,-0.16333333333333333,NA,7.51,258.96666666666664,250.83333333333334,0.12,163,2.740587007802577,36.596,-93.31305666666667,277.06666666666666,983.9111111111112
098,2026-06-30,2026-06-30T11:20:30Z,28.393,28.393,11.061333333333334,4.55,41.33333333333333,-0.02,0.27,-0.23333333333333334,NA,7.51,258.96666666666664,250.63333333333333,0.12,163,2.747210125204137,36.596,-93.31305,276.03333333333336,983.9111111111112
098,2026-06-30,2026-06-30T11:20:33Z,28.462,28.462,11.048333333333334,4.57,41.53333333333333,-0.02333333333333333,0.32,-0.27,NA,7.51,258.93333333333334,250.6,0.12,163,2.7539012883324263,36.59600666666667,-93.31305666666667,276.2666666666667,983.9111111111112
098,2026-06-30,2026-06-30T11:20:36Z,28.576,28.576,11.03,4.59,41.7,-0.04,0.2833333333333333,-0.18333333333333335,NA,7.51,259,250.53333333333333,0.12,163,2.7649246960624208,36.59601333333333,-93.31306,276.33333333333337,984
098,2026-06-30,2026-06-30T11:20:39Z,28.650666666666666,28.650666666666666,11.003,4.58,41.6,-0.023333333333333334,0.29,-0.37666666666666665,NA,7.51,259,251.43333333333334,0.12,163.33333333333334,2.7721602250045363,36.59600666666667,-93.31305666666667,276.93333333333334,983.9111111111112
098,2026-06-30,2026-06-30T11:20:42Z,28.724,28.724,10.982333333333333,4.546666666666667,41.233333333333334,-0.04,0.29333333333333333,-0.3433333333333333,NA,7.51,259.1,251.8,0.12,164,2.7792142986753765,36.59601,-93.31305,276.40000000000003,984.0444444444445
098,2026-06-30,2026-06-30T11:20:45Z,28.84166666666667,28.84166666666667,10.957666666666666,4.503333333333333,40.833333333333336,-0.03666666666666667,0.32333333333333336,-0.35333333333333333,NA,7.51,259.1,252.03333333333333,0.12,164,2.7906459807657416,36.59601333333333,-93.31305,275.76666666666665,983.9111111111112
098,2026-06-30,2026-06-30T11:20:48Z,28.968,28.968,10.922333333333334,4.47,40.5,-0.013333333333333332,0.29666666666666663,-0.22,NA,7.51,259.1,252.03333333333333,0.12,164,2.8028715296679367,36.59602,-93.31305666666667,276.56666666666666,984.0444444444445
098,2026-06-30,2026-06-30T11:20:51Z,29.095333333333333,29.095333333333333,10.898333333333333,4.44,40.2,0.0033333333333333335,0.2833333333333333,-0.36333333333333334,NA,7.51,259.1,252.13333333333333,0.12,164,2.8151878062057705,36.59602,-93.31306,277.53333333333336,984
098,2026-06-30,2026-06-30T11:20:54Z,29.134666666666668,29.134666666666668,10.871666666666666,4.423333333333333,40.03333333333333,-0.02,0.3233333333333333,-0.29333333333333333,NA,7.51,259.1,252.03333333333333,0.12,164,2.8189983669025587,36.59601,-93.31305333333333,277.1333333333333,984.0888888888888
098,2026-06-30,2026-06-30T11:20:57Z,29.192,29.192,10.853666666666667,4.42,39.96666666666667,-0.016666666666666666,0.3,-0.23666666666666666,NA,7.51,259.1,251.9,0.12,164,2.8246007984031936,36.596,-93.31305,276.6666666666667,983.8666666666667
098,2026-06-30,2026-06-30T11:21:00Z,29.242666666666665,29.242666666666665,10.837333333333333,4.42,40,-0.006666666666666667,0.3066666666666667,-0.13333333333333333,NA,7.51,259.06666666666666,251.76666666666668,0.12,164,2.829454726909817,36.596,-93.31305,276.6,983.8666666666667
098,2026-06-30,2026-06-30T11:21:03Z,29.338666666666665,29.338666666666665,10.817333333333332,4.43,40.03333333333333,-0.04,0.3433333333333333,-0.28,NA,7.513333333333333,259.1,251.73333333333332,0.12,164,2.8387316276537833,36.595996666666665,-93.31304666666666,275.8666666666667,983.9555555555555
098,2026-06-30,2026-06-30T11:21:06Z,29.375,29.375,10.797666666666666,4.44,40.1,-0.026666666666666665,0.31333333333333335,-0.22999999999999998,NA,7.52,259.03333333333336,251.66666666666666,0.12,164,2.842270005443658,36.59599333333333,-93.31304,274.6666666666667,983.9111111111112
098,2026-06-30,2026-06-30T11:21:09Z,29.45,29.45,10.784333333333333,4.453333333333333,40.2,-0.0033333333333333335,0.3833333333333333,-0.18,NA,7.52,259,251.46666666666667,0.12,163,2.8495735801125024,36.59599,-93.31304,275.6,983.9555555555555
098,2026-06-30,2026-06-30T11:21:12Z,29.506666666666668,29.506666666666668,10.766666666666666,4.47,40.36666666666667,-0.03333333333333333,0.3233333333333333,-0.29,NA,7.52,259,251.26666666666668,0.12,163,2.8550626020685903,36.59599,-93.31304,275.90000000000003,983.8666666666667
098,2026-06-30,2026-06-30T11:21:15Z,29.605666666666668,29.605666666666668,10.739,4.52,40.733333333333334,-0.016666666666666666,0.33333333333333337,-0.25,NA,7.52,259,250.36666666666667,0.12,163,2.864657049537289,36.59599,-93.31304,276.06666666666666,983.9111111111112
098,2026-06-30,2026-06-30T11:21:21Z,29.68766666666667,29.68766666666667,10.714333333333332,4.64,41.8,-0.03,0.30333333333333334,-0.13333333333333333,NA,7.53,259,249.9,0.12,162,2.8725730357466883,36.59599,-93.31304,277.1333333333333,983.8666666666667
098,2026-06-30,2026-06-30T11:21:24Z,29.723666666666666,29.723666666666666,10.705,4.693333333333333,42.3,-0.02,0.28,-0.41333333333333333,NA,7.53,259,249.93333333333334,0.12,162.33333333333334,2.8760887316276538,36.59599,-93.31304,277.46666666666664,984
098,2026-06-30,2026-06-30T11:21:27Z,29.815,29.815,10.692,4.736666666666666,42.7,-0.0033333333333333335,0.36,-0.1,NA,7.53,259,249.86666666666667,0.12,162,2.8848893122845216,36.59599,-93.31304,277.5,983.9111111111112
098,2026-06-30,2026-06-30T11:21:30Z,29.927666666666667,29.927666666666667,10.684,4.78,43.03333333333333,-0.03666666666666667,0.31666666666666665,-0.33666666666666667,NA,7.53,259,249.9,0.12,162,2.895821992378879,36.59599,-93.31303666666666,277.59999999999997,984.0444444444445
098,2026-06-30,2026-06-30T11:21:33Z,30.037333333333333,30.037333333333333,10.676333333333334,4.81,43.3,-0.02,0.36666666666666664,-0.26333333333333336,NA,7.53,259,249.86666666666667,0.12,162,2.906414443839594,36.59598666666667,-93.31303333333334,277.93333333333334,983.9555555555555
098,2026-06-30,2026-06-30T11:21:36Z,30.146333333333335,30.146333333333335,10.662333333333333,4.826666666666667,43.46666666666667,-0.043333333333333335,0.31666666666666665,-0.36666666666666664,NA,7.53,259.03333333333336,250,0.12,163,2.9170068953003083,36.59598,-93.31303,278.1666666666667,983.9555555555555
098,2026-06-30,2026-06-30T11:21:39Z,30.218333333333334,30.218333333333334,10.636,4.846666666666667,43.6,-0.006666666666666667,0.36,-0.25,NA,7.536666666666667,259.1,250.06666666666666,0.12,163,2.9239248775176923,36.59598,-93.31303,278.53333333333336,983.9555555555555
098,2026-06-30,2026-06-30T11:21:42Z,30.311,30.311,10.616,4.8566666666666665,43.7,-0.006666666666666667,0.3333333333333333,-0.2833333333333333,NA,7.54,259.1,250.1,0.12,163,2.932884231536926,36.59597333333333,-93.31303,278.9,983.9555555555555
098,2026-06-30,2026-06-30T11:21:45Z,30.423,30.423,10.595,4.87,43.8,-0.043333333333333335,0.33333333333333337,-0.09666666666666666,NA,7.54,259.1,250.23333333333332,0.12,163,2.9437715478134643,36.59597,-93.31303,278.8333333333333,983.9111111111112
098,2026-06-30,2026-06-30T11:21:48Z,30.526,30.526,10.573666666666668,4.88,43.83333333333333,-0.03666666666666667,0.35333333333333333,-0.3466666666666667,NA,7.54,259.1,250.03333333333333,0.12,162.33333333333334,2.9537742696425333,36.595976666666665,-93.31303,278.43333333333334,984
098,2026-06-30,2026-06-30T11:21:51Z,30.634666666666664,30.634666666666664,10.554,4.906666666666666,44.1,0.01,0.32666666666666666,-0.21333333333333335,NA,7.54,259.1,249.6,0.12,162,2.96427599346761,36.59597,-93.31303,278.73333333333335,984
098,2026-06-30,2026-06-30T11:21:54Z,30.7,30.7,10.544,4.946666666666666,44.43333333333333,-0.01,0.37,-0.33,NA,7.54,259.1,249.4,0.12,162,2.970558882235529,36.59597,-93.31303,279.03333333333336,983.9111111111112
098,2026-06-30,2026-06-30T11:22:03Z,30.732,30.732,10.547666666666666,5.056666666666667,45.36666666666667,-0.03666666666666667,0.31,-0.33,NA,7.55,259.2,249.66666666666666,0.12,162,2.9736889856650337,36.59596,-93.31303,280.1,984.0888888888888
098,2026-06-30,2026-06-30T11:22:06Z,30.776333333333334,30.776333333333334,10.546,5.073333333333333,45.53333333333333,-0.03333333333333333,0.37333333333333335,-0.32,NA,7.55,259.2,249.56666666666666,0.12,162,2.9779758664489204,36.59596,-93.31302333333333,280.2,984
098,2026-06-30,2026-06-30T11:22:09Z,30.817333333333334,30.817333333333334,10.538666666666666,5.09,45.66666666666667,-0.026666666666666665,0.36333333333333334,-0.1,NA,7.55,259.3,249.53333333333333,0.12,162,2.9819225185991654,36.595953333333334,-93.31302,280.03333333333336,983.9111111111112
098,2026-06-30,2026-06-30T11:22:12Z,30.91433333333333,30.91433333333333,10.524666666666667,5.1066666666666665,45.83333333333333,-0.0033333333333333335,0.31666666666666665,-0.2633333333333333,NA,7.55,259.3,249.36666666666667,0.12,162,2.991312828887679,36.59595,-93.31302,279.93333333333334,984.0444444444445
098,2026-06-30,2026-06-30T11:22:15Z,31.003666666666668,31.003666666666668,10.506333333333334,5.126666666666667,46,-0.013333333333333332,0.35333333333333333,-0.33666666666666667,NA,7.55,259.3,249.23333333333332,0.12,162,2.9999546361821814,36.59595,-93.31302666666666,280.03333333333336,983.9555555555555
098,2026-06-30,2026-06-30T11:22:18Z,31.074,31.074,10.481666666666666,5.15,46.2,-0.016666666666666666,0.33,-0.25,NA,7.55,259.3,249.03333333333333,0.12,162,3.0068045726728365,36.59595,-93.31303,280,983.9555555555555
098,2026-06-30,2026-06-30T11:22:21Z,31.145333333333333,31.145333333333333,10.455333333333334,5.18,46.4,0.006666666666666667,0.32666666666666666,-0.16,NA,7.55,259.3,249.13333333333333,0.12,162,3.0137225548902196,36.59594666666667,-93.31303,280.1666666666667,983.9555555555555
098,2026-06-30,2026-06-30T11:22:24Z,31.203666666666667,31.203666666666667,10.442333333333334,5.203333333333333,46.63333333333333,-0.02,0.31,-0.2733333333333333,NA,7.55,259.3,248.96666666666667,0.12,162,3.019347668299764,36.59594,-93.31303,280.2,983.8666666666667
098,2026-06-30,2026-06-30T11:22:27Z,31.311,31.311,10.421333333333333,5.23,46.8,-0.02666666666666667,0.32,-0.15666666666666668,NA,7.55,259.4,248.8,0.12,162,3.029735982580294,36.59594,-93.31303,280.4666666666667,983.9555555555555
098,2026-06-30,2026-06-30T11:22:30Z,31.359333333333336,31.359333333333336,10.407,5.25,47,-0.043333333333333335,0.34,-0.2866666666666667,NA,7.56,259.4,248.8,0.12,162,3.034431137724551,36.59594,-93.31303,280.6,984
098,2026-06-30,2026-06-30T11:22:33Z,31.425333333333334,31.425333333333334,10.396,5.27,47.16666666666667,-0.03666666666666667,0.32666666666666666,-0.34,NA,7.56,259.4,248.73333333333332,0.12,162,3.0408501179459266,36.59594,-93.31303,280.46666666666664,983.8666666666667
098,2026-06-30,2026-06-30T11:22:36Z,31.469,31.469,10.392,5.293333333333333,47.33333333333333,-0.02,0.38333333333333336,-0.31333333333333335,NA,7.56,259.43333333333334,248.73333333333332,0.12,162,3.045023589185266,36.59594,-93.31303,280.76666666666665,983.8666666666667
098,2026-06-30,2026-06-30T11:22:39Z,31.536,31.536,10.381333333333334,5.303333333333333,47.43333333333333,-0.03,0.32666666666666666,-0.11666666666666667,NA,7.56,259.5,248.8,0.12,162,3.0515332970422793,36.595933333333335,-93.31303,281.2,983.9111111111112
098,2026-06-30,2026-06-30T11:22:42Z,31.618333333333332,31.618333333333332,10.366999999999999,5.316666666666666,47.56666666666667,-0.04,0.3566666666666667,-0.2,NA,7.56,259.5,248.86666666666667,0.12,162,3.059517328978407,36.59593,-93.31303,281.3666666666667,983.9111111111112
098,2026-06-30,2026-06-30T11:22:45Z,31.676000000000002,31.676000000000002,10.355333333333334,5.33,47.66666666666667,-0.026666666666666665,0.3433333333333333,-0.25333333333333335,NA,7.56,259.6,248.8,0.12,162,3.065074396661223,36.59593,-93.31302333333333,281.3,983.9555555555555
098,2026-06-30,2026-06-30T11:22:48Z,31.792,31.792,10.318333333333333,5.34,47.7,-0.016666666666666666,0.36333333333333334,-0.3566666666666667,NA,7.56,259.6333333333333,248.9,0.12,162,3.0763246234803123,36.59593,-93.31302,281.3333333333333,983.9111111111112
098,2026-06-30,2026-06-30T11:22:51Z,31.894666666666666,31.894666666666666,10.285,5.34,47.66666666666667,0.01,0.38,-0.30333333333333334,NA,7.56,259.7,249.13333333333333,0.12,162,3.0862366176737437,36.59593,-93.31302,281.1333333333333,984.0444444444445
098,2026-06-30,2026-06-30T11:22:54Z,31.984666666666666,31.984666666666666,10.265666666666666,5.326666666666667,47.5,-0.03,0.32666666666666666,-0.31,NA,7.56,259.8,249.46666666666667,0.12,162,3.094969152603883,36.59593,-93.31302,280.96666666666664,984
098,2026-06-30,2026-06-30T11:22:57Z,32.079,32.079,10.248333333333333,5.3,47.233333333333334,-0.01,0.38333333333333336,-0.26,NA,7.553333333333333,259.8,249.96666666666667,0.12,162,3.1041099618943933,36.59593,-93.31301333333333,280.73333333333335,984
098,2026-06-30,2026-06-30T11:23:00Z,32.190666666666665,32.190666666666665,10.224333333333334,5.273333333333333,47.03333333333333,0.006666666666666667,0.38333333333333336,-0.21,NA,7.556666666666667,259.8333333333333,249.63333333333333,0.12,162,3.114906550535293,36.59593,-93.31301,280.4,983.9111111111112
098,2026-06-30,2026-06-30T11:23:03Z,32.300666666666665,32.300666666666665,10.205,5.273333333333333,47,-0.016666666666666666,0.35000000000000003,-0.20666666666666667,NA,7.56,259.8,249.13333333333333,0.12,162,3.125589729631646,36.59593,-93.31301,280.1,983.9111111111112
098,2026-06-30,2026-06-30T11:23:06Z,32.38466666666667,32.38466666666667,10.187,5.29,47.13333333333333,-0.03333333333333333,0.3433333333333333,-0.44333333333333336,NA,7.56,259.9,249.1,0.12,162,3.1336644892034116,36.59593,-93.31301,280.03333333333336,983.9111111111112
098,2026-06-30,2026-06-30T11:23:09Z,32.507666666666665,32.507666666666665,10.176666666666666,5.3,47.16666666666667,-0.02,0.3466666666666667,-0.23,NA,7.56,259.96666666666664,249.53333333333333,0.12,162,3.1456178551986933,36.59593,-93.31301,280.03333333333336,984
098,2026-06-30,2026-06-30T11:23:12Z,32.57866666666667,32.57866666666667,10.167,5.286666666666667,47.06666666666667,-0.013333333333333334,0.37,-0.3933333333333333,NA,7.556666666666667,260,249.93333333333334,0.12,162,3.1524677916893484,36.59593,-93.31301,280.03333333333336,983.9555555555555
098,2026-06-30,2026-06-30T11:23:15Z,32.64966666666667,32.64966666666667,10.158333333333333,5.26,46.8,-0.016666666666666666,0.3433333333333333,-0.19,NA,7.55,260.1,250.1,0.12,163,3.1593404100889133,36.59593,-93.31301,280,983.9555555555555
098,2026-06-30,2026-06-30T11:23:18Z,32.714666666666666,32.714666666666666,10.151333333333334,5.236666666666667,46.6,-0.013333333333333334,0.35,-0.32,NA,7.55,260.1,250.23333333333332,0.12,163,3.1656459807657416,36.59593,-93.31301,279.96666666666664,983.9555555555555
098,2026-06-30,2026-06-30T11:23:21Z,32.788666666666664,32.788666666666664,10.145333333333333,5.21,46.36666666666667,-0.05,0.3466666666666667,-0.45666666666666667,NA,7.55,260.1666666666667,250.33333333333334,0.12,163,3.172836145890038,36.59593,-93.31301,280.06666666666666,983.9555555555555
098,2026-06-30,2026-06-30T11:23:24Z,32.885,32.885,10.141,5.193333333333333,46.16666666666667,-0.03,0.37333333333333335,-0.2,NA,7.55,260.2,250.26666666666668,0.12,163,3.182158410451824,36.59593,-93.31301,280.1,983.9555555555555
098,2026-06-30,2026-06-30T11:23:27Z,32.94166666666666,32.94166666666666,10.137,5.18,46.06666666666667,-0.01,0.36666666666666664,-0.38666666666666666,NA,7.55,260.2,250.26666666666668,0.12,163,3.187624750499002,36.59592333333333,-93.31301,280.2,984
098,2026-06-30,2026-06-30T11:23:30Z,32.98,32.98,10.126333333333333,5.17,45.96666666666667,-0.03333333333333333,0.31,-0.29333333333333333,NA,7.55,260.3,250.26666666666668,0.12,163,3.1913445835601526,36.59592,-93.31301,280.43333333333334,984
098,2026-06-30,2026-06-30T11:23:33Z,33.04,33.04,10.112,5.156666666666667,45.86666666666667,-0.026666666666666665,0.36333333333333334,-0.08666666666666667,NA,7.55,260.3,250.46666666666667,0.12,163,3.1971511522409726,36.59592,-93.31301,280.5,983.9555555555555
098,2026-06-30,2026-06-30T11:23:36Z,33.154,33.154,10.098333333333333,5.15,45.766666666666666,-0.01,0.39666666666666667,-0.3333333333333333,NA,7.55,260.3666666666667,250.46666666666667,0.12,163,3.208219923788786,36.59592,-93.31301,280.7,984.0888888888888
098,2026-06-30,2026-06-30T11:23:39Z,33.214666666666666,33.214666666666666,10.084,5.1433333333333335,45.7,-0.03666666666666667,0.35333333333333333,-0.38333333333333336,NA,7.55,260.4,250.23333333333332,0.12,163,3.2140945381963344,36.59592,-93.31301,280.9,983.9111111111112
098,2026-06-30,2026-06-30T11:23:42Z,33.30766666666667,33.30766666666667,10.076666666666666,5.153333333333333,45.766666666666666,-0.02666666666666667,0.37,-0.32666666666666666,NA,7.55,260.4,250,0.12,162.66666666666666,3.2230992560333878,36.59592,-93.31302,281.06666666666666,983.9111111111112
098,2026-06-30,2026-06-30T11:23:45Z,33.38466666666667,33.38466666666667,10.067666666666666,5.17,45.93333333333333,-0.013333333333333334,0.36333333333333334,-0.11666666666666667,NA,7.55,260.4,249.63333333333333,0.12,162,3.230516240246779,36.59592,-93.31302,281.1666666666667,984
098,2026-06-30,2026-06-30T11:23:48Z,33.51133333333333,33.51133333333333,10.057666666666666,5.19,46.1,0.006666666666666667,0.38333333333333336,-0.15666666666666668,NA,7.55,260.4,249.33333333333334,0.12,162,3.2427644710578845,36.59591,-93.31302,281.26666666666665,984
098,2026-06-30,2026-06-30T11:23:51Z,33.595666666666666,33.595666666666666,10.045666666666666,5.23,46.4,-0.006666666666666667,0.36333333333333334,-0.33666666666666667,NA,7.56,260.4,248.53333333333333,0.12,161.66666666666666,3.2509299582652877,36.59591,-93.31301666666667,281.23333333333335,984.0444444444445
098,2026-06-30,2026-06-30T11:24:00Z,33.63433333333333,33.63433333333333,10.027000000000001,5.34,47.33333333333333,-0.013333333333333334,0.32666666666666666,-0.3,NA,7.56,260.43333333333334,247.76666666666668,0.12,161,3.2546951551442573,36.59591,-93.31302,280.1333333333333,984.0444444444445
098,2026-06-30,2026-06-30T11:24:03Z,33.69866666666667,33.69866666666667,10.018666666666666,5.363333333333333,47.6,0.006666666666666667,0.3566666666666667,-0.18,NA,7.56,260.5,247.73333333333332,0.12,161,3.260909998185447,36.59591,-93.31302,279.8333333333333,984.0888888888888
098,2026-06-30,2026-06-30T11:24:06Z,33.75566666666667,33.75566666666667,10.008666666666667,5.383333333333333,47.733333333333334,-0.02,0.4066666666666667,-0.27,NA,7.56,260.56666666666666,248.1,0.12,161,3.2664217020504447,36.595913333333336,-93.31302,279.7,984
098,2026-06-30,2026-06-30T11:24:09Z,33.840333333333334,33.840333333333334,9.998,5.4,47.86666666666667,-0.02333333333333333,0.39333333333333337,-0.32,NA,7.56,260.6,247.96666666666667,0.12,161,3.2746325530756666,36.595913333333336,-93.31302,279.8666666666667,983.9111111111112
098,2026-06-30,2026-06-30T11:24:12Z,33.868,33.868,9.988,5.416666666666667,48.03333333333333,0,0.35000000000000003,-0.45333333333333337,NA,7.56,260.6,247.43333333333334,0.12,161,3.2773090183269824,36.59592,-93.31301666666667,279.8,984
098,2026-06-30,2026-06-30T11:24:15Z,33.91166666666667,33.91166666666667,9.984666666666666,5.44,48.2,-0.05,0.38666666666666666,-0.08666666666666667,NA,7.56,260.6,247.13333333333333,0.12,161,3.2815505352930505,36.59592,-93.31301,279.43333333333334,984
098,2026-06-30,2026-06-30T11:24:18Z,33.992,33.992,9.986333333333333,5.456666666666667,48.36666666666667,-0.02666666666666667,0.32666666666666666,-0.26666666666666666,NA,7.56,260.6666666666667,247.2,0.12,161,3.289285066231174,36.59592,-93.31301,279.1,984
098,2026-06-30,2026-06-30T11:24:21Z,34.069,34.069,9.980666666666666,5.473333333333334,48.53333333333333,-0.016666666666666666,0.38333333333333336,-0.21666666666666667,NA,7.56,260.7,247.2,0.12,161,3.2967474142623843,36.59592,-93.31301,278.76666666666665,984.0444444444445
098,2026-06-30,2026-06-30T11:24:24Z,34.12766666666667,34.12766666666667,9.974666666666668,5.493333333333333,48.66666666666667,-0.04,0.3933333333333333,-0.31666666666666665,NA,7.56,260.7,246.96666666666667,0.12,160.66666666666666,3.302417891489748,36.59592,-93.31301,278.73333333333335,983.9111111111112
098,2026-06-30,2026-06-30T11:24:27Z,34.205666666666666,34.205666666666666,9.966,5.506666666666667,48.8,-0.03666666666666667,0.35,-0.3433333333333333,NA,7.56,260.7,246.23333333333332,0.12,160,3.3099936490655053,36.59592,-93.31301,278.8,984.0888888888888
098,2026-06-30,2026-06-30T11:24:30Z,34.31366666666666,34.31366666666666,9.954666666666666,5.523333333333333,48.9,-0.01,0.33666666666666667,-0.2833333333333333,NA,7.5633333333333335,260.7,245.66666666666669,0.12,160,3.3204273271638542,36.59592,-93.31301,278.8666666666667,983.9555555555555
098,2026-06-30,2026-06-30T11:24:33Z,34.37466666666667,34.37466666666667,9.945,5.536666666666667,49.03333333333333,-0.023333333333333334,0.38666666666666666,-0.35000000000000003,NA,7.566666666666666,260.7,245.5,0.12,160,3.326369987298131,36.59592,-93.31301,278.59999999999997,983.9555555555555
098,2026-06-30,2026-06-30T11:24:36Z,34.44166666666666,34.44166666666666,9.939333333333334,5.556666666666667,49.16666666666667,-0.02,0.34,-0.2866666666666667,NA,7.56,260.8,245.83333333333334,0.12,160,3.3328343313373257,36.59592,-93.31301,278.46666666666664,984.0444444444445
098,2026-06-30,2026-06-30T11:24:39Z,34.55166666666667,34.55166666666667,9.933,5.576666666666667,49.36666666666667,-0.006666666666666666,0.36333333333333334,-0.16333333333333333,NA,7.56,260.9,246.36666666666667,0.12,160,3.343494828524769,36.59592,-93.31301,278.6333333333333,984
098,2026-06-30,2026-06-30T11:24:45Z,34.66433333333333,34.66433333333333,9.926333333333334,5.59,49.5,-0.026666666666666665,0.4033333333333333,-0.10333333333333333,NA,7.56,261,247.16666666666666,0.12,161,3.354450190528035,36.59592,-93.31302,278.9,983.9555555555555
098,2026-06-30,2026-06-30T11:24:48Z,34.711333333333336,34.711333333333336,9.925666666666666,5.586666666666667,49.4,-0.023333333333333334,0.37666666666666665,-0.43333333333333335,NA,7.56,261.1,247.5,0.12,161,3.358941208492107,36.59592,-93.31302,279.2,984.0888888888888
098,2026-06-30,2026-06-30T11:24:51Z,34.797333333333334,34.797333333333334,9.920666666666667,5.58,49.4,-0.023333333333333334,0.36,-0.17333333333333334,NA,7.56,261.1666666666667,248.3,0.12,161,3.367265469061876,36.59592,-93.31302,279.7,984
098,2026-06-30,2026-06-30T11:24:54Z,34.88733333333333,34.88733333333333,9.917333333333334,5.566666666666666,49.266666666666666,-0.026666666666666665,0.3433333333333333,-0.3,NA,7.56,261.2,248.63333333333333,0.12,161.66666666666666,3.375998003992016,36.59592,-93.31302,279.76666666666665,984
098,2026-06-30,2026-06-30T11:24:57Z,35.028333333333336,35.028333333333336,9.910666666666666,5.54,49,-0.006666666666666667,0.35000000000000003,-0.29000000000000004,NA,7.56,261.3,249.26666666666668,0.12,162,3.3896525131555073,36.59592,-93.31302,279.6666666666667,984.1333333333333
098,2026-06-30,2026-06-30T11:25:00Z,35.171,35.171,9.899000000000001,5.5,48.63333333333333,-0.0033333333333333335,0.33,-0.3333333333333333,NA,7.56,261.4,249.63333333333333,0.12,162,3.4034204318635455,36.59592,-93.31302,279.6333333333333,984.1333333333333
098,2026-06-30,2026-06-30T11:25:03Z,35.224000000000004,35.224000000000004,9.886333333333333,5.463333333333334,48.3,-0.016666666666666666,0.37666666666666665,-0.23333333333333334,NA,7.56,261.4,249.66666666666666,0.12,162,3.4085692251859916,36.595913333333336,-93.31302,280.2,984
098,2026-06-30,2026-06-30T11:25:06Z,35.248,35.248,9.875666666666666,5.43,48,-0.013333333333333332,0.35000000000000003,-0.33,NA,7.56,261.43333333333334,249.63333333333333,0.12,162,3.410882779894756,36.59591,-93.31302,280.3,984.0888888888888
098,2026-06-30,2026-06-30T11:25:09Z,35.33433333333333,35.33433333333333,9.865,5.41,47.8,-0.02,0.42,-0.21666666666666667,NA,7.56,261.5,249.8,0.12,162,3.419275086191254,36.59592,-93.31302,280.06666666666666,984.1333333333333
098,2026-06-30,2026-06-30T11:25:12Z,35.45033333333333,35.45033333333333,9.852333333333334,5.386666666666667,47.6,0.006666666666666667,0.38,-0.31333333333333335,NA,7.56,261.5,249.66666666666666,0.12,162,3.430479949192524,36.59591666666667,-93.31302,280.1333333333333,984
098,2026-06-30,2026-06-30T11:25:15Z,35.538,35.538,9.836333333333332,5.38,47.5,-0.006666666666666667,0.35666666666666663,-0.12333333333333334,NA,7.56,261.5,249.53333333333333,0.12,162,3.4389403012157502,36.59592,-93.31302,280.3,983.9555555555555
098,2026-06-30,2026-06-30T11:25:18Z,35.598333333333336,35.598333333333336,9.821666666666665,5.3966666666666665,47.63333333333333,-0.0033333333333333335,0.36666666666666664,-0.37333333333333335,NA,7.56,261.6,249.26666666666668,0.12,162,3.444814915623299,36.59591666666667,-93.31302,280.3,983.9555555555555
098,2026-06-30,2026-06-30T11:25:21Z,35.647,35.647,9.813666666666666,5.416666666666667,47.766666666666666,-0.03,0.36,-0.26666666666666666,NA,7.56,261.6,249.26666666666668,0.12,162,3.449510070767556,36.59591666666667,-93.31302,280.1666666666667,983.9555555555555
098,2026-06-30,2026-06-30T11:25:24Z,35.709666666666664,35.709666666666664,9.808,5.43,47.93333333333333,-0.006666666666666667,0.39,-0.3,NA,7.56,261.6,249.06666666666666,0.12,162,3.4556341861731084,36.59592,-93.31302,280.1,984.0888888888888
098,2026-06-30,2026-06-30T11:25:27Z,35.814,35.814,9.802,5.446666666666667,48.06666666666667,5.788058472904386e-19,0.39666666666666667,-0.22666666666666668,NA,7.56,261.6333333333333,249.03333333333333,0.12,162,3.4657276356378155,36.59592,-93.31302333333333,280.23333333333335,984.0444444444445
098,2026-06-30,2026-06-30T11:25:30Z,35.879,35.879,9.793,5.46,48.2,-0.03,0.36666666666666664,-0.22,NA,7.56,261.6666666666667,249.1,0.12,162,3.472010524405734,36.595913333333336,-93.31302,280.3333333333333,983.9555555555555
098,2026-06-30,2026-06-30T11:25:33Z,35.97933333333334,35.97933333333334,9.783666666666667,5.456666666666667,48.16666666666667,-0.026666666666666665,0.35333333333333333,-0.3433333333333333,NA,7.56,261.73333333333335,249.43333333333334,0.12,162,3.4817410633278896,36.59591,-93.31302,280.4,983.9555555555555
098,2026-06-30,2026-06-30T11:25:36Z,36.068,36.068,9.773666666666667,5.44,48,-0.016666666666666666,0.38,-0.08,NA,7.56,261.8,249.86666666666667,0.12,162,3.4902921429867537,36.59591,-93.31301666666667,280.3333333333333,983.9555555555555
098,2026-06-30,2026-06-30T11:25:39Z,36.196666666666665,36.196666666666665,9.760333333333334,5.41,47.7,-0.023333333333333334,0.38,-0.3333333333333333,NA,7.556666666666667,261.8333333333333,250.03333333333333,0.12,162.33333333333334,3.5027218290691344,36.59591666666667,-93.31301,280.2,984
098,2026-06-30,2026-06-30T11:25:45Z,36.29966666666667,36.29966666666667,9.740666666666666,5.36,47.2,-0.016666666666666666,0.39,-0.2833333333333333,NA,7.55,261.9,250.26666666666668,0.12,163,3.5127245508982035,36.59592,-93.31301,280.3666666666667,984.0888888888888
098,2026-06-30,2026-06-30T11:25:48Z,36.354,36.354,9.733,5.336666666666667,47.03333333333333,-0.04666666666666667,0.3666666666666667,-0.3666666666666667,NA,7.55,262,250.26666666666668,0.12,163,3.5180094356741067,36.59591,-93.31301,280.3666666666667,984.0444444444445
098,2026-06-30,2026-06-30T11:25:51Z,36.42133333333334,36.42133333333334,9.725666666666667,5.32,46.83333333333333,-0.01,0.37,-0.27,NA,7.55,262,250.26666666666668,0.12,163,3.52449646162221,36.59591,-93.31301,280.23333333333335,984
098,2026-06-30,2026-06-30T11:25:54Z,36.525999999999996,36.525999999999996,9.717,5.296666666666667,46.6,-0.02,0.37,-0.25333333333333335,NA,7.55,262.06666666666666,250.53333333333333,0.12,163,3.534635274904736,36.59591,-93.31301,280.3333333333333,984.0888888888888
098,2026-06-30,2026-06-30T11:25:57Z,36.60333333333333,36.60333333333333,9.703333333333333,5.27,46.4,-0.013333333333333334,0.39,-0.4033333333333333,NA,7.55,262.1,250.63333333333333,0.12,163,3.5421429867537655,36.59591,-93.31301,280.3,984.0444444444445
098,2026-06-30,2026-06-30T11:26:00Z,36.76433333333333,36.76433333333333,9.685333333333332,5.24,46.1,-0.01,0.37333333333333335,-0.21666666666666667,NA,7.55,262.2,250.76666666666668,0.12,163,3.55772545817456,36.59592,-93.31301,280.23333333333335,983.9555555555555
098,2026-06-30,2026-06-30T11:26:03Z,36.888666666666666,36.888666666666666,9.671333333333333,5.21,45.833333333333336,-0.023333333333333334,0.3333333333333333,-0.2733333333333333,NA,7.546666666666667,262.26666666666665,250.86666666666667,0.12,163,3.569724187987661,36.59592,-93.31301,280.1,983.9111111111112
098,2026-06-30,2026-06-30T11:26:06Z,36.969,36.969,9.656666666666666,5.17,45.46666666666667,-0.02,0.37,-0.37,NA,7.54,262.3,251.43333333333334,0.12,163.33333333333334,3.577526764652513,36.59592,-93.31301,279.90000000000003,984.0444444444445
098,2026-06-30,2026-06-30T11:26:09Z,37.00233333333333,37.00233333333333,9.649999999999999,5.12,44.96666666666667,-0.02666666666666667,0.42,-0.33999999999999997,NA,7.54,262.3666666666667,251.63333333333333,0.12,164,3.580770277626565,36.59592,-93.31301,279.76666666666665,984
098,2026-06-30,2026-06-30T11:26:12Z,37.04,37.04,9.645666666666667,5.06,44.46666666666667,-0.03666666666666667,0.38333333333333336,-0.22333333333333333,NA,7.54,262.4,251.6,0.12,164,3.5844220649609873,36.59592,-93.31301,279.7,984.0444444444445
098,2026-06-30,2026-06-30T11:26:15Z,37.101,37.101,9.643666666666666,5.023333333333333,44.13333333333333,-0.026666666666666665,0.3933333333333333,-0.12333333333333334,NA,7.53,262.46666666666664,251.63333333333333,0.12,164,3.5902739974596263,36.59592,-93.31301,279.26666666666665,984
098,2026-06-30,2026-06-30T11:26:18Z,37.18033333333334,37.18033333333334,9.637333333333332,4.98,43.8,-0.013333333333333334,0.3933333333333333,-0.27,NA,7.53,262.5,251.7,0.12,164,3.597985846488841,36.59592,-93.31301,279.03333333333336,984
098,2026-06-30,2026-06-30T11:26:21Z,37.272666666666666,37.272666666666666,9.629999999999999,4.953333333333333,43.53333333333333,-0.03333333333333333,0.36666666666666664,-0.41333333333333333,NA,7.53,262.56666666666666,251.73333333333332,0.12,164,3.6069225185991654,36.59592,-93.31300333333334,278.76666666666665,983.9555555555555
098,2026-06-30,2026-06-30T11:26:27Z,37.357,37.357,9.613666666666667,4.92,43.2,-0.03666666666666667,0.36333333333333334,-0.08,NA,7.53,262.6333333333333,251.43333333333334,0.12,163,3.6151106877154784,36.59592,-93.313,278.1,983.9111111111112
098,2026-06-30,2026-06-30T11:26:30Z,37.398666666666664,37.398666666666664,9.612666666666666,4.913333333333333,43.16666666666667,-0.02,0.39,-0.21333333333333335,NA,7.53,262.7,251.5,0.12,163,3.6191253855924517,36.59592,-93.313,278.43333333333334,984.0888888888888
098,2026-06-30,2026-06-30T11:26:33Z,37.425666666666665,37.425666666666665,9.614,4.903333333333333,43.1,-0.006666666666666667,0.37,-0.4,NA,7.53,262.7,251.53333333333333,0.12,163.66666666666666,3.6217338051170387,36.59592,-93.313,278.53333333333336,984
098,2026-06-30,2026-06-30T11:26:36Z,37.5,37.5,9.608333333333333,4.8966666666666665,43,-0.023333333333333334,0.36333333333333334,-0.2633333333333333,NA,7.53,262.7,251.43333333333334,0.12,163,3.6289239702413356,36.59592,-93.313,278.6,984.0444444444445
098,2026-06-30,2026-06-30T11:26:39Z,37.59133333333333,37.59133333333333,9.599666666666666,4.89,42.93333333333333,-0.03666666666666667,0.37333333333333335,-0.07666666666666667,NA,7.53,262.8,251.46666666666667,0.12,163,3.637747232807113,36.59592,-93.313,278.6666666666667,983.9555555555555
098,2026-06-30,2026-06-30T11:26:42Z,37.67333333333333,37.67333333333333,9.592666666666666,4.88,42.86666666666667,-0.02,0.3833333333333333,-0.32666666666666666,NA,7.53,262.8,251.33333333333334,0.12,163,3.6457539466521505,36.59592,-93.313,278.6666666666667,984
098,2026-06-30,2026-06-30T11:26:45Z,37.731,37.731,9.577666666666666,4.873333333333333,42.766666666666666,-0.016666666666666666,0.38,-0.23666666666666666,NA,7.53,262.9,251.5,0.12,163,3.6513110143349667,36.595913333333336,-93.313,278.7,984.0444444444445
098,2026-06-30,2026-06-30T11:26:48Z,37.794,37.794,9.563666666666666,4.86,42.63333333333333,-0.04,0.38,-0.24333333333333335,NA,7.53,262.9,251.5,0.12,163,3.6574124478316095,36.59591,-93.313,279.03333333333336,983.9555555555555
098,2026-06-30,2026-06-30T11:26:51Z,37.888,37.888,9.549333333333333,4.85,42.53333333333333,-0.013333333333333334,0.4066666666666667,-0.26333333333333336,NA,7.53,262.9,251.06666666666666,0.12,163,3.66653057521321,36.59591,-93.31301,279.3666666666667,983.9555555555555
098,2026-06-30,2026-06-30T11:26:54Z,37.95,37.95,9.538666666666666,4.85,42.56666666666667,-0.006666666666666667,0.37,-0.23333333333333334,NA,7.53,262.93333333333334,250.8,0.12,163,3.6725412810742153,36.59591,-93.31301,279.6333333333333,983.9111111111112
098,2026-06-30,2026-06-30T11:26:57Z,37.992666666666665,37.992666666666665,9.536333333333333,4.86,42.6,-0.02,0.37,-0.22666666666666666,NA,7.53,263,250.8,0.12,163,3.676624024677917,36.59591,-93.31301,279.8,984
098,2026-06-30,2026-06-30T11:27:00Z,38.08833333333333,38.08833333333333,9.532333333333334,4.863333333333333,42.63333333333333,-0.03333333333333333,0.4066666666666667,-0.2733333333333334,NA,7.526666666666666,263,250.73333333333332,0.12,163,3.6859009254218833,36.59591,-93.31301,279.8333333333333,984
098,2026-06-30,2026-06-30T11:27:06Z,38.207,38.207,9.526,4.866666666666667,42.63333333333333,-0.0033333333333333335,0.35666666666666663,-0.3433333333333333,NA,7.52,263.1,251.1,0.12,163,3.6973552894211577,36.5959,-93.31301666666667,280.1666666666667,984
098,2026-06-30,2026-06-30T11:27:09Z,38.269333333333336,38.269333333333336,9.523333333333333,4.86,42.6,-0.02,0.3333333333333333,-0.34,NA,7.52,263.1666666666667,251.16666666666666,0.12,163,3.7034113590999818,36.5959,-93.31301,279.8666666666667,984.0444444444445
098,2026-06-30,2026-06-30T11:27:12Z,38.359,38.359,9.517333333333333,4.86,42.6,-0.013333333333333332,0.4033333333333333,-0.22666666666666666,NA,7.52,263.2,251.3,0.12,163,3.7120985302123026,36.5959,-93.31301,279.73333333333335,984
098,2026-06-30,2026-06-30T11:27:15Z,38.45333333333333,38.45333333333333,9.506,4.86,42.53333333333333,0.0033333333333333335,0.37333333333333335,-0.33666666666666667,NA,7.52,263.2,251.4,0.12,163,3.721216657593903,36.5959,-93.31301,279.8666666666667,984
098,2026-06-30,2026-06-30T11:27:18Z,38.533,38.533,9.499666666666666,4.8566666666666665,42.5,-0.0033333333333333335,0.4066666666666667,-0.32,NA,7.52,263.2,251.36666666666667,0.12,163,3.728951188532027,36.5959,-93.31301,280.2,984.0444444444445
098,2026-06-30,2026-06-30T11:27:21Z,38.665,38.665,9.489,4.86,42.6,-0.006666666666666667,0.37333333333333335,-0.26666666666666666,NA,7.52,263.26666666666665,251.23333333333332,0.12,163,3.7417211032480493,36.5959,-93.31301,280.56666666666666,984
098,2026-06-30,2026-06-30T11:27:24Z,38.78933333333333,38.78933333333333,9.484,4.87,42.63333333333333,-0.04,0.39,-0.10666666666666667,NA,7.52,263.3,251,0.12,163,3.7537651968789696,36.5959,-93.31301,280.8333333333333,983.9555555555555
098,2026-06-30,2026-06-30T11:27:27Z,38.91,38.91,9.477333333333334,4.876666666666667,42.7,-0.0033333333333333335,0.4,-0.28,NA,7.52,263.3,250.83333333333334,0.12,163,3.7654463799673383,36.5959,-93.31301,280.96666666666664,983.9555555555555
098,2026-06-30,2026-06-30T11:27:30Z,39.028333333333336,39.028333333333336,9.467666666666666,4.886666666666667,42.8,-0.03,0.3566666666666667,-0.24666666666666667,NA,7.52,263.3,250.8,0.12,163,3.7768553801487936,36.5959,-93.31301,281.23333333333335,984.0444444444445
098,2026-06-30,2026-06-30T11:27:33Z,39.11066666666667,39.11066666666667,9.458,4.8966666666666665,42.86666666666667,-0.043333333333333335,0.4,-0.4033333333333333,NA,7.52,263.3,250.86666666666667,0.12,163,3.784839412084921,36.5959,-93.31301,281.3666666666667,984.0444444444445
098,2026-06-30,2026-06-30T11:27:36Z,39.141,39.141,9.451,4.903333333333333,42.9,-0.02,0.42333333333333334,-0.08666666666666667,NA,7.52,263.4,250.93333333333334,0.12,163,3.787833424060969,36.5959,-93.31301,281.3666666666667,984
098,2026-06-30,2026-06-30T11:27:39Z,39.254333333333335,39.254333333333335,9.441333333333333,4.91,42.9,-0.01,0.39333333333333337,-0.31333333333333335,NA,7.52,263.4,250.96666666666667,0.12,163,3.798766104155326,36.5959,-93.31301,281.46666666666664,984.0888888888888
098,2026-06-30,2026-06-30T11:27:42Z,39.397999999999996,39.397999999999996,9.425333333333334,4.91,42.93333333333333,-0.02,0.38666666666666666,-0.24333333333333332,NA,7.52,263.43333333333334,250.7,0.12,163,3.8126474324079114,36.5959,-93.31301,281.56666666666666,983.9555555555555
098,2026-06-30,2026-06-30T11:27:45Z,39.539,39.539,9.412666666666667,4.916666666666667,43,-0.03,0.37,-0.31333333333333335,NA,7.52,263.5,250.76666666666668,0.12,163,3.8263019415714026,36.59590333333333,-93.31301,281.53333333333336,983.9111111111112
098,2026-06-30,2026-06-30T11:27:48Z,39.655,39.655,9.404333333333334,4.92,43,0.006666666666666667,0.3666666666666667,-0.20333333333333334,NA,7.52,263.5,250.83333333333334,0.12,163,3.837597532208311,36.59591,-93.31301,281.53333333333336,984.0444444444445
098,2026-06-30,2026-06-30T11:27:51Z,39.772,39.772,9.401,4.92,43,-0.006666666666666667,0.36666666666666664,-0.26666666666666666,NA,7.52,263.56666666666666,250.93333333333334,0.12,163,3.848915804754128,36.59591,-93.31301333333333,281.43333333333334,983.9555555555555
098,2026-06-30,2026-06-30T11:27:54Z,39.93266666666667,39.93266666666667,9.395666666666667,4.923333333333333,43,-0.03666666666666667,0.4333333333333333,-0.19666666666666666,NA,7.52,263.6,251.06666666666666,0.12,163,3.864407548539285,36.59591,-93.31301,280.9666666666667,984.088888888889
098,2026-06-30,2026-06-30T11:27:57Z,40.02766666666667,40.02766666666667,9.386333333333333,4.92,43,-0.02,0.3566666666666667,-0.27,NA,7.52,263.6,251.03333333333333,0.12,163,3.8736390854654332,36.59591,-93.31301,280.7,984.0444444444445
098,2026-06-30,2026-06-30T11:28:03Z,40.077333333333335,40.077333333333335,9.376333333333333,4.92,43,-0.0033333333333333335,0.36333333333333334,-0.28,NA,7.52,263.7,250.9,0.12,163,3.878424968245328,36.59592,-93.31301,280.1333333333333,984.0444444444445
098,2026-06-30,2026-06-30T11:28:06Z,40.120333333333335,40.120333333333335,9.375666666666666,4.92,43,0.0033333333333333335,0.3333333333333333,-0.29333333333333333,NA,7.52,263.73333333333335,250.73333333333332,0.12,163,3.8826211213935764,36.59592,-93.31301,280.2,984.0444444444445
098,2026-06-30,2026-06-30T11:28:09Z,40.211666666666666,40.211666666666666,9.372666666666667,4.92,43,-0.026666666666666665,0.37333333333333335,-0.41333333333333333,NA,7.52,263.8,250.86666666666667,0.12,163,3.8914217020504447,36.59592,-93.31301,280.23333333333335,983.9555555555555
098,2026-06-30,2026-06-30T11:28:12Z,40.321,40.321,9.368666666666666,4.92,42.9,-0.01,0.41666666666666663,-0.19333333333333333,NA,7.52,263.8,251.03333333333333,0.12,163,3.9019914716022503,36.59592,-93.31301,280.26666666666665,983.9111111111112
098,2026-06-30,2026-06-30T11:28:15Z,40.391,40.391,9.365,4.906666666666667,42.83333333333333,-0.043333333333333335,0.38666666666666666,-0.2733333333333333,NA,7.52,263.8666666666667,251.23333333333332,0.12,163,3.908841408092905,36.59592,-93.31301,280.4,984.1333333333333
098,2026-06-30,2026-06-30T11:28:18Z,40.46066666666667,40.46066666666667,9.363,4.866666666666666,42.46666666666667,-0.04666666666666667,0.36666666666666664,-0.36333333333333334,NA,7.513333333333333,263.9,251.7,0.12,164,3.915532571221194,36.59592,-93.31301,280.53333333333336,984.0444444444445
098,2026-06-30,2026-06-30T11:28:21Z,40.547666666666665,40.547666666666665,9.362666666666666,4.816666666666666,42.06666666666667,-0.03666666666666667,0.41,-0.3066666666666667,NA,7.51,263.93333333333334,251.66666666666666,0.12,164,3.923970241335511,36.59592,-93.31301,280.8333333333333,984
098,2026-06-30,2026-06-30T11:28:24Z,40.61333333333333,40.61333333333333,9.357666666666667,4.776666666666666,41.7,-0.03333333333333333,0.38,-0.2966666666666667,NA,7.51,264,251.7,0.12,164,3.9303438577390675,36.59592,-93.31301666666667,281.0333333333333,984.0444444444445
098,2026-06-30,2026-06-30T11:28:27Z,40.72233333333333,40.72233333333333,9.352,4.74,41.4,-0.03333333333333333,0.37666666666666665,-0.27666666666666667,NA,7.51,264.06666666666666,251.73333333333332,0.12,164,3.940868263473054,36.59592,-93.31302,281.1333333333333,984.0444444444445
098,2026-06-30,2026-06-30T11:28:30Z,40.81633333333333,40.81633333333333,9.347,4.71,41.1,0,0.35,-0.4066666666666667,NA,7.51,264.1,251.86666666666667,0.12,164,3.949963708945745,36.59592,-93.31301666666667,281.1666666666667,983.9555555555555
098,2026-06-30,2026-06-30T11:28:33Z,40.93366666666667,40.93366666666667,9.342333333333332,4.6866666666666665,40.9,-0.006666666666666667,0.36,-0.33666666666666667,NA,7.51,264.1,251.7,0.12,164,3.9613273453093814,36.59592,-93.31301666666667,281.26666666666665,984
098,2026-06-30,2026-06-30T11:28:39Z,40.99633333333333,40.99633333333333,9.337666666666667,4.653333333333333,40.6,-0.006666666666666666,0.4033333333333333,-0.3466666666666667,NA,7.51,264.2,251.83333333333334,0.12,164,3.9673834149882055,36.59592,-93.31301333333333,281.6,984
098,2026-06-30,2026-06-30T11:28:42Z,41.03366666666667,41.03366666666667,9.333333333333334,4.64,40.5,-0.006666666666666667,0.39333333333333337,-0.30333333333333334,NA,7.506666666666667,264.2,251.86666666666667,0.12,164,3.9709898385048086,36.59591,-93.31301,281.7,984
098,2026-06-30,2026-06-30T11:28:45Z,41.137,41.137,9.328666666666667,4.626666666666667,40.36666666666667,-0.016666666666666666,0.4066666666666667,-0.26,NA,7.5,264.23333333333335,251.7,0.12,164,3.9810152422427874,36.59591,-93.31301,281.76666666666665,983.9111111111112
098,2026-06-30,2026-06-30T11:28:48Z,41.191,41.191,9.323666666666666,4.62,40.3,-0.043333333333333335,0.41,-0.24333333333333332,NA,7.5,264.3,251.73333333333332,0.12,164,3.986254763200871,36.59591,-93.31301,281.7,983.9111111111112
098,2026-06-30,2026-06-30T11:28:51Z,41.22666666666667,41.22666666666667,9.320666666666666,4.61,40.233333333333334,-0.04,0.3333333333333333,-0.37333333333333335,NA,7.5,264.3,251.66666666666666,0.12,164,3.989679731446199,36.59591,-93.31301,281.7,984.1333333333333
098,2026-06-30,2026-06-30T11:28:54Z,41.30766666666667,41.30766666666667,9.318,4.61,40.2,-0.01,0.38,-0.45333333333333337,NA,7.5,264.3666666666667,251.53333333333333,0.12,163.66666666666666,3.9975276719288697,36.59591,-93.31301,281.8666666666667,984
098,2026-06-30,2026-06-30T11:28:57Z,41.382,41.382,9.314,4.61,40.2,-0.05,0.36333333333333334,-0.39666666666666667,NA,7.5,264.4,251.6,0.12,164,4.004763200870985,36.59591,-93.31301,282.03333333333336,984
098,2026-06-30,2026-06-30T11:29:00Z,41.461333333333336,41.461333333333336,9.309,4.61,40.2,-0.043333333333333335,0.3933333333333333,-0.20666666666666667,NA,7.5,264.4,251.46666666666667,0.12,163.33333333333334,4.012384322264562,36.59591,-93.31301,281.8333333333333,984.0444444444445
098,2026-06-30,2026-06-30T11:29:03Z,41.51333333333333,41.51333333333333,9.306333333333333,4.61,40.2,-0.03333333333333333,0.39666666666666667,-0.3566666666666667,NA,7.5,264.4,251.4,0.12,163,4.01744238795137,36.59591,-93.31301,281.56666666666666,984.0888888888888
098,2026-06-30,2026-06-30T11:29:06Z,41.620333333333335,41.620333333333335,9.299,4.613333333333333,40.233333333333334,-0.03333333333333333,0.4033333333333333,-0.2833333333333333,NA,7.5,264.4,251.43333333333334,0.12,163,4.02780802032299,36.59591,-93.31301,281.56666666666666,984.0888888888888
098,2026-06-30,2026-06-30T11:29:09Z,41.72933333333333,41.72933333333333,9.293333333333333,4.63,40.36666666666667,-0.04,0.37333333333333335,-0.47333333333333333,NA,7.5,264.43333333333334,251.2,0.12,163,4.038355107965886,36.59591,-93.31301,281.5,983.9555555555555
098,2026-06-30,2026-06-30T11:29:12Z,41.763999999999996,41.763999999999996,9.286,4.66,40.6,-0.02,0.36333333333333334,-0.16333333333333333,NA,7.5,264.5,251.16666666666666,0.12,163,4.041712030484486,36.59591,-93.31301,281.6,983.9111111111112
098,2026-06-30,2026-06-30T11:29:15Z,41.824666666666666,41.824666666666666,9.279333333333334,4.68,40.8,-0.05333333333333333,0.35,-0.32333333333333336,NA,7.5,264.5,250.96666666666667,0.12,163,4.047563962983125,36.59591,-93.31301,281.93333333333334,983.9111111111112
098,2026-06-30,2026-06-30T11:29:18Z,41.95666666666666,41.95666666666666,9.267333333333333,4.71,41.03333333333333,-0.04666666666666667,0.3666666666666667,-0.18,NA,7.506666666666667,264.5,251,0.12,163,4.060379241516967,36.59590666666667,-93.31301,282.1666666666667,984.1333333333333
098,2026-06-30,2026-06-30T11:29:21Z,42.07066666666667,42.07066666666667,9.249666666666666,4.723333333333334,41.16666666666667,-0.04,0.36666666666666664,-0.43,NA,7.51,264.5,251,0.12,163,4.07142533115587,36.5959,-93.31301,282.2,984.0444444444445
098,2026-06-30,2026-06-30T11:29:24Z,42.24333333333333,42.24333333333333,9.232000000000001,4.736666666666667,41.266666666666666,-0.05333333333333334,0.4033333333333333,-0.18,NA,7.51,264.5,250.9,0.12,163,4.088096534204318,36.59591,-93.31301,281.73333333333335,984
098,2026-06-30,2026-06-30T11:29:30Z,42.374,42.374,9.198,4.76,41.4,-0.043333333333333335,0.37666666666666665,-0.32999999999999996,NA,7.51,264.6,250.56666666666666,0.12,163,4.100753039375794,36.59591,-93.31301,281.4,984.088888888889
098,2026-06-30,2026-06-30T11:29:33Z,42.416666666666664,42.416666666666664,9.188666666666666,4.77,41.5,-0.03333333333333333,0.37333333333333335,-0.19,NA,7.51,264.6,250.36666666666667,0.12,163,4.104926510615133,36.59591,-93.31300333333334,280.7,984.0888888888888
098,2026-06-30,2026-06-30T11:29:36Z,42.507333333333335,42.507333333333335,9.181333333333333,4.77,41.5,-0.016666666666666666,0.38333333333333336,-0.3,NA,7.503333333333333,264.6,250.2,0.12,163,4.113704409363092,36.59591,-93.31300333333334,280.4,984
098,2026-06-30,2026-06-30T11:29:39Z,42.61533333333333,42.61533333333333,9.168333333333333,4.78,41.5,-0.02,0.4066666666666667,-0.29333333333333333,NA,7.51,264.6,249.66666666666666,0.12,162,4.124115405552531,36.59591,-93.31300666666667,280.1666666666667,984.088888888889
098,2026-06-30,2026-06-30T11:29:42Z,42.637,42.637,9.159666666666666,4.783333333333333,41.6,-0.01,0.37,-0.24333333333333335,NA,7.51,264.6,249.13333333333333,0.12,162,4.126202141172201,36.59591,-93.313,279.9,984.0444444444445
098,2026-06-30,2026-06-30T11:29:45Z,42.68933333333333,42.68933333333333,9.152666666666667,4.79,41.63333333333333,-0.03333333333333333,0.43666666666666665,-0.26,NA,7.51,264.6,248.73333333333335,0.12,162,4.131305570676828,36.59591,-93.313,279.5333333333333,984.0444444444445
098,2026-06-30,2026-06-30T11:29:48Z,42.85,42.85,9.146333333333333,4.803333333333333,41.733333333333334,-0.03,0.42333333333333334,-0.16333333333333333,NA,7.51,264.6,248.36666666666667,0.12,161,4.1468653601887135,36.59591,-93.313,279.4,983.9555555555555
098,2026-06-30,2026-06-30T11:29:51Z,42.93066666666667,42.93066666666667,9.142333333333333,4.8133333333333335,41.83333333333333,-0.03,0.4,-0.26666666666666666,NA,7.51,264.6,248.1,0.12,161,4.154667936853566,36.59591,-93.313,279.3666666666667,984
098,2026-06-30,2026-06-30T11:29:54Z,43.080333333333336,43.080333333333336,9.135,4.83,41.96666666666667,-0.016666666666666666,0.4,-0.20666666666666667,NA,7.51,264.6,247.53333333333333,0.12,161,4.169184358555616,36.59591,-93.313,279.1333333333333,984
098,2026-06-30,2026-06-30T11:29:57Z,43.23733333333333,43.23733333333333,9.114,4.85,42.1,-0.02,0.44333333333333336,-0.30666666666666664,NA,7.51,264.56666666666666,246.46666666666667,0.12,160,4.1843358737071314,36.59591,-93.313,278.8666666666667,983.9555555555555
098,2026-06-30,2026-06-30T11:30:03Z,43.33866666666667,43.33866666666667,9.044,4.93,42.733333333333334,-0.026666666666666665,0.45,-0.24666666666666667,NA,7.51,264.3333333333333,243.16666666666666,0.12,158,4.194179822173834,36.59592,-93.313,279.0333333333333,984.0444444444445
098,2026-06-30,2026-06-30T11:30:06Z,43.415333333333336,43.415333333333336,9.018333333333333,4.973333333333334,43.1,-0.013333333333333332,0.38666666666666666,-0.35,NA,7.51,264.3,241.96666666666667,0.12,157.33333333333334,4.201642170205044,36.59592,-93.313,279.1333333333333,984.0888888888888
098,2026-06-30,2026-06-30T11:30:09Z,43.50666666666667,43.50666666666667,8.999666666666666,5.02,43.43333333333333,-0.016666666666666666,0.39666666666666667,-0.47333333333333333,NA,7.516666666666667,264.26666666666665,240.73333333333335,0.11,156.66666666666666,4.210420068953003,36.59592,-93.313,278.90000000000003,984
098,2026-06-30,2026-06-30T11:30:12Z,43.612,43.612,8.980666666666666,5.05,43.7,-0.016666666666666666,0.4066666666666667,-0.13666666666666666,NA,7.516666666666667,264.23333333333335,239.93333333333334,0.11,156,4.2206269279622575,36.59592,-93.31300666666667,278.73333333333335,984.0444444444445
098,2026-06-30,2026-06-30T11:30:15Z,43.794,43.794,8.959333333333333,5.076666666666667,43.9,-0.03,0.37,-0.21333333333333335,NA,7.51,264.3,239.3,0.11,155.66666666666666,4.238273453093813,36.59592,-93.31301,278.76666666666665,984.1777777777778
098,2026-06-30,2026-06-30T11:30:18Z,43.964333333333336,43.964333333333336,8.944,5.096666666666667,44.06666666666667,-0.03333333333333333,0.39,-0.45333333333333337,NA,7.51,264.3,239.3,0.11,156,4.254763200870985,36.59592,-93.31301,278.6666666666667,984
098,2026-06-30,2026-06-30T11:30:24Z,44.10366666666667,44.10366666666667,8.926666666666668,5.11,44.2,-0.006666666666666667,0.38666666666666666,-0.08333333333333333,NA,7.51,264.4,239.26666666666665,0.11,155.66666666666666,4.26828161858102,36.59592,-93.31301,278.4,984
098,2026-06-30,2026-06-30T11:30:27Z,44.221666666666664,44.221666666666664,8.916666666666666,5.11,44.2,-0.03333333333333333,0.39,-0.27666666666666667,NA,7.51,264.5,239.33333333333334,0.11,156,4.279667936853566,36.59592,-93.31301,278.3,984.0888888888888
098,2026-06-30,2026-06-30T11:30:30Z,44.273,44.273,8.911333333333333,5.11,44.2,-0.01,0.37,-0.3466666666666667,NA,7.51,264.5,239.36666666666667,0.11,156,4.284657956813645,36.59592,-93.31301,278.3333333333333,983.9555555555555
098,2026-06-30,2026-06-30T11:30:33Z,44.351,44.351,8.905666666666667,5.11,44.2,-0.0033333333333333335,0.42666666666666664,-0.38333333333333336,NA,7.5,264.6,239.33333333333334,0.11,156,4.292211032480494,36.59592,-93.31301,278.56666666666666,984.0444444444445
098,2026-06-30,2026-06-30T11:30:36Z,44.457,44.457,8.897,5.11,44.13333333333333,-0.04,0.38333333333333336,-0.17666666666666667,NA,7.5,264.6,239.33333333333334,0.11,156,4.302463255307567,36.59592333333333,-93.31301666666667,278.8333333333333,984.0444444444445
098,2026-06-30,2026-06-30T11:30:39Z,44.555,44.555,8.877666666666666,5.11,44.1,-0.03333333333333333,0.38666666666666666,-0.23333333333333334,NA,7.5,264.7,239.4,0.11,156,4.311966975140628,36.59593,-93.31301333333333,278.76666666666665,984
098,2026-06-30,2026-06-30T11:30:42Z,44.660666666666664,44.660666666666664,8.863333333333333,5.1066666666666665,44.06666666666667,0.006666666666666667,0.36666666666666664,-0.43666666666666665,NA,7.5,264.73333333333335,239.43333333333334,0.11,156,4.322196516058791,36.59593,-93.31302,278.8333333333333,984
098,2026-06-30,2026-06-30T11:30:45Z,44.730666666666664,44.730666666666664,8.857333333333333,5.1,44,0,0.4033333333333333,-0.3666666666666667,NA,7.5,264.8,239.43333333333334,0.11,156,4.328978406822718,36.59593,-93.31302,279.2,984.0444444444445
098,2026-06-30,2026-06-30T11:30:48Z,44.909666666666666,44.909666666666666,8.852333333333334,5.09,43.9,-0.02333333333333333,0.37666666666666665,-0.19666666666666668,NA,7.5,264.8333333333333,239.66666666666666,0.11,156,4.34633006713845,36.59593,-93.31302,279.3666666666667,984.0888888888888
098,2026-06-30,2026-06-30T11:30:51Z,45.049,45.049,8.851333333333335,5.09,43.9,-0.02,0.39666666666666667,-0.3566666666666667,NA,7.5,264.9,239.73333333333332,0.11,156,4.3597804391217565,36.59593,-93.31302,279.5,984.0444444444445
098,2026-06-30,2026-06-30T11:30:54Z,45.17466666666667,45.17466666666667,8.851,5.09,43.9,-0.026666666666666665,0.3833333333333333,-0.38666666666666666,NA,7.5,264.93333333333334,239.8,0.11,156,4.371937942297224,36.59593,-93.31302,279.6666666666667,984.0444444444445
098,2026-06-30,2026-06-30T11:31:00Z,45.257666666666665,45.257666666666665,8.849666666666666,5.09,43.9,-0.03333333333333333,0.4633333333333333,-0.32333333333333336,NA,7.49,265.06666666666666,240.6,0.11,156,4.379921974233351,36.59593,-93.31303,280.1333333333333,984
098,2026-06-30,2026-06-30T11:31:03Z,45.44133333333333,45.44133333333333,8.837666666666667,5.08,43.83333333333333,-0.0033333333333333335,0.4533333333333333,-0.14,NA,7.49,265.2,241.46666666666667,0.11666666666666667,157,4.397772636545092,36.59593,-93.31303,280.1333333333333,984.0444444444445
098,2026-06-30,2026-06-30T11:31:06Z,45.65833333333333,45.65833333333333,8.827333333333334,5.056666666666667,43.56666666666667,-0.03666666666666667,0.36333333333333334,-0.33666666666666667,NA,7.483333333333333,265.56666666666666,244.73333333333332,0.12,159,4.418776084195246,36.59593,-93.31303,280.1333333333333,984.0444444444445
098,2026-06-30,2026-06-30T11:31:09Z,45.815666666666665,45.815666666666665,8.801,4.986666666666666,42.96666666666667,-0.05666666666666667,0.38333333333333336,-0.31666666666666665,NA,7.48,265.76666666666665,246.53333333333333,0.12,160.33333333333334,4.43397296316458,36.59593,-93.31303,280.3,984.0888888888888
098,2026-06-30,2026-06-30T11:31:12Z,45.958333333333336,45.958333333333336,8.776333333333334,4.89,42.13333333333333,-0.03333333333333333,0.41,-0.2866666666666667,NA,7.47,265.8666666666667,248.23333333333335,0.12,161,4.447808927599347,36.59593,-93.31302,280.23333333333335,984.0444444444445
098,2026-06-30,2026-06-30T11:31:15Z,46.10733333333334,46.10733333333334,8.714666666666668,4.78,41.1,-0.03,0.38333333333333336,-0.22333333333333333,NA,7.47,265.76666666666665,246.76666666666668,0.12,160.33333333333334,4.462257303574669,36.59593,-93.31302,280.1,983.9555555555555
098,2026-06-30,2026-06-30T11:31:18Z,46.20766666666667,46.20766666666667,8.651,4.71,40.5,-0.02,0.3933333333333333,-0.29,NA,7.47,265.7,243.4,0.12,158.33333333333334,4.472010524405734,36.59593,-93.31302,280,984
098,2026-06-30,2026-06-30T11:31:21Z,46.244,46.244,8.636,4.69,40.266666666666666,-0.02,0.42,-0.12666666666666668,NA,7.47,265.7,242.8,0.12,158,4.475526220286699,36.59593,-93.31301666666667,279.59999999999997,984.0444444444445
098,2026-06-30,2026-06-30T11:31:24Z,46.32266666666666,46.32266666666666,8.613,4.676666666666667,40.13333333333333,-0.013333333333333334,0.36,-0.33,NA,7.47,265.7,241.96666666666667,0.12,157,4.4831246597713665,36.59593,-93.31301,279.06666666666666,984.0888888888888
098,2026-06-30,2026-06-30T11:31:27Z,46.47666666666667,46.47666666666667,8.598333333333333,4.67,40.06666666666667,-0.013333333333333334,0.42,-0.25333333333333335,NA,7.463333333333333,265.7,241.26666666666665,0.12,157,4.498049355833787,36.59593,-93.31301,278.8666666666667,984.2222222222223
098,2026-06-30,2026-06-30T11:31:30Z,46.62166666666666,46.62166666666666,8.588666666666667,4.663333333333333,39.96666666666667,-0.01,0.37333333333333335,-0.4266666666666667,NA,7.46,265.7,241.2,0.12,157,4.51204409363092,36.59593,-93.31301,278.6666666666667,983.9111111111112
098,2026-06-30,2026-06-30T11:31:33Z,46.724000000000004,46.724000000000004,8.555666666666667,4.653333333333333,39.86666666666667,-0.03666666666666667,0.44333333333333336,-0.38666666666666666,NA,7.46,265.8,241.13333333333333,0.12,157,4.521956087824351,36.595933333333335,-93.31301,278.6,984
098,2026-06-30,2026-06-30T11:31:36Z,46.747,46.747,8.549333333333333,4.63,39.63333333333333,-0.056666666666666664,0.4033333333333333,-0.3466666666666667,NA,7.456666666666667,265.8666666666667,241.2,0.12,157,4.524224278715297,36.59594,-93.31301,278.73333333333335,984.0444444444445
098,2026-06-30,2026-06-30T11:31:39Z,46.800666666666665,46.800666666666665,8.547666666666666,4.61,39.46666666666667,-0.02,0.3733333333333333,-0.24666666666666667,NA,7.45,265.9,241.4,0.12,157,4.529418435855561,36.595933333333335,-93.31300666666667,278.8,984
098,2026-06-30,2026-06-30T11:31:42Z,46.873666666666665,46.873666666666665,8.536,4.586666666666667,39.266666666666666,-0.01,0.3433333333333333,-0.31333333333333335,NA,7.45,266,241.36666666666667,0.12,157,4.536517873344221,36.59593,-93.313,278.56666666666666,984.0888888888888
098,2026-06-30,2026-06-30T11:31:45Z,46.971,46.971,8.521333333333333,4.566666666666666,39.1,0.0033333333333333335,0.41000000000000003,-0.30666666666666664,NA,7.45,266.03333333333336,241.43333333333334,0.12,157,4.545908183632735,36.59593,-93.313,278.1666666666667,984.0444444444445
098,2026-06-30,2026-06-30T11:31:48Z,47.12466666666667,47.12466666666667,8.517000000000001,4.543333333333333,38.86666666666667,-0.02,0.41333333333333333,-0.4266666666666667,NA,7.44,266.1,241.43333333333334,0.12,157,4.560810197786246,36.59592333333333,-93.313,277.8666666666667,983.9555555555555
098,2026-06-30,2026-06-30T11:31:51Z,47.17,47.17,8.513333333333334,4.523333333333333,38.733333333333334,-0.02,0.41,-0.22666666666666668,NA,7.44,266.1666666666667,241.5,0.12,157,4.56521048811468,36.59592,-93.313,277.73333333333335,984
098,2026-06-30,2026-06-30T11:31:54Z,47.30766666666666,47.30766666666666,8.510333333333334,4.503333333333333,38.53333333333333,-0.01,0.36,-0.31,NA,7.44,266.2,241.5,0.12,157,4.57850208673562,36.59592,-93.313,277.6333333333333,984
098,2026-06-30,2026-06-30T11:32:00Z,47.39433333333333,47.39433333333333,8.498,4.466666666666667,38.233333333333334,-0.03666666666666667,0.4,-0.30666666666666664,NA,7.433333333333334,266.3,241.6,0.12,157,4.586871711123209,36.59591,-93.31299,277.56666666666666,984
098,2026-06-30,2026-06-30T11:32:03Z,47.47366666666667,47.47366666666667,8.492666666666667,4.45,38.06666666666667,-0.03666666666666667,0.42333333333333334,-0.2833333333333333,NA,7.43,266.4,241.73333333333332,0.12,157,4.594560878243513,36.59591,-93.31299,277.56666666666666,984
098,2026-06-30,2026-06-30T11:32:06Z,47.56633333333333,47.56633333333333,8.486333333333333,4.433333333333334,37.9,-0.04,0.37,-0.30666666666666664,NA,7.43,266.43333333333334,241.7,0.12,157,4.603565596080566,36.59591,-93.31299,277.8666666666667,984.088888888889
098,2026-06-30,2026-06-30T11:32:09Z,47.68333333333334,47.68333333333334,8.481666666666667,4.416666666666667,37.766666666666666,-0.013333333333333334,0.38333333333333336,-0.29666666666666663,NA,7.43,266.5,241.8,0.12,157,4.614883868626384,36.59591,-93.31299,278.09999999999997,983.9555555555555
098,2026-06-30,2026-06-30T11:32:12Z,47.841,47.841,8.474,4.3966666666666665,37.56666666666667,-0.03666666666666667,0.4066666666666667,-0.2566666666666667,NA,7.43,266.5,241.73333333333332,0.12,157,4.630148793322446,36.5959,-93.31299,278.26666666666665,984
098,2026-06-30,2026-06-30T11:32:15Z,48.017,48.017,8.462,4.383333333333333,37.43333333333333,-0.0033333333333333327,0.4066666666666667,-0.09666666666666668,NA,7.423333333333333,266.6,241.93333333333334,0.12,157,4.647160225004536,36.5959,-93.31299,278.6666666666667,983.9555555555555
098,2026-06-30,2026-06-30T11:32:18Z,48.16766666666667,48.16766666666667,8.451333333333332,4.363333333333333,37.266666666666666,-0.023333333333333334,0.38333333333333336,-0.22666666666666666,NA,7.42,266.6,241.9,0.12,157,4.661790056251134,36.5959,-93.31299,279.26666666666665,983.9555555555555
098,2026-06-30,2026-06-30T11:32:21Z,48.33,48.33,8.439,4.343333333333333,37.1,-0.03333333333333333,0.41666666666666663,-0.11666666666666667,NA,7.42,266.7,241.96666666666667,0.12,157,4.677463255307567,36.5959,-93.31299,279.56666666666666,983.9111111111112
098,2026-06-30,2026-06-30T11:32:24Z,48.429,48.429,8.430333333333333,4.323333333333333,36.9,-0.013333333333333332,0.42333333333333334,-0.2733333333333333,NA,7.42,266.73333333333335,241.96666666666667,0.12,157,4.687080384685175,36.59589333333333,-93.31299,279.76666666666665,984
098,2026-06-30,2026-06-30T11:32:27Z,48.562999999999995,48.562999999999995,8.424,4.303333333333333,36.733333333333334,-0.03666666666666667,0.37666666666666665,-0.21,NA,7.42,266.8,242.03333333333333,0.12,157,4.700099800399202,36.59589,-93.31299,279.8666666666667,984.0888888888888
098,2026-06-30,2026-06-30T11:32:33Z,48.60633333333333,48.60633333333333,8.413666666666666,4.266666666666667,36.43333333333333,-0.03666666666666667,0.35333333333333333,-0.19333333333333333,NA,7.42,266.8,242.1,0.12,157,4.704205225911813,36.59589,-93.31299666666666,280.26666666666665,984
098,2026-06-30,2026-06-30T11:32:36Z,48.647999999999996,48.647999999999996,8.409666666666666,4.246666666666667,36.266666666666666,-0.03333333333333333,0.3933333333333333,-0.37,NA,7.41,266.9,242.2,0.12,157,4.708287969515514,36.59589,-93.313,280.3666666666667,984.0444444444445
098,2026-06-30,2026-06-30T11:32:39Z,48.74933333333333,48.74933333333333,8.402666666666667,4.23,36.06666666666667,-0.030000000000000002,0.37666666666666665,-0.4166666666666667,NA,7.41,266.9,242.23333333333332,0.12,157,4.718086554164399,36.59589,-93.313,280.3,984.1333333333333
098,2026-06-30,2026-06-30T11:32:42Z,48.919333333333334,48.919333333333334,8.394666666666666,4.216666666666667,35.96666666666667,-0.02,0.3933333333333333,-0.23666666666666666,NA,7.41,267,242.23333333333332,0.12,157,4.734553620032662,36.59589,-93.313,280.3666666666667,984.0444444444445
098,2026-06-30,2026-06-30T11:32:45Z,49.06666666666666,49.06666666666666,8.377666666666666,4.2,35.8,-0.04,0.41,-0.14666666666666667,NA,7.41,267.03333333333336,242.36666666666667,0.12,157.66666666666666,4.7487751769188895,36.59589,-93.313,280.5,984.0444444444445
098,2026-06-30,2026-06-30T11:32:48Z,49.27333333333333,49.27333333333333,8.356666666666666,4.18,35.63333333333333,-0.02,0.3933333333333333,-0.29,NA,7.41,267.1,242.6,0.12,158,4.768848666303756,36.59589,-93.313,280.5,984
098,2026-06-30,2026-06-30T11:32:51Z,49.433,49.433,8.343666666666666,4.156666666666666,35.4,-0.01,0.38666666666666666,-0.13333333333333333,NA,7.403333333333333,267.1333333333333,242.6,0.12,158,4.784227000544366,36.59589,-93.313,280.26666666666665,984.0444444444445
098,2026-06-30,2026-06-30T11:32:54Z,49.54566666666667,49.54566666666667,8.337666666666667,4.13,35.2,-0.05333333333333334,0.4366666666666667,-0.3433333333333333,NA,7.4,267.2,242.7,0.12,158,4.795159680638722,36.5959,-93.313,280.0333333333333,984.0444444444445
098,2026-06-30,2026-06-30T11:32:57Z,49.690333333333335,49.690333333333335,8.335,4.1066666666666665,35,-0.03,0.41,-0.35333333333333333,NA,7.4,267.2,242.7,0.12,158,4.809199782253675,36.5959,-93.313,279.9,983.9111111111112
098,2026-06-30,2026-06-30T11:33:00Z,49.89933333333333,49.89933333333333,8.330333333333334,4.086666666666667,34.8,-0.03,0.38,-0.17666666666666667,NA,7.4,267.3,242.63333333333333,0.12,158,4.829409363091998,36.5959,-93.313,279.96666666666664,984
098,2026-06-30,2026-06-30T11:33:03Z,50.05525,50.05525,8.31925,4.0649999999999995,34.625,-0.035,0.41000000000000003,-0.3725,NA,7.4,267.325,242.625,0.12,158,4.844498502994012,36.5959,-93.313,279.8,984.0333333333333
098,2026-06-30,2026-06-30T11:33:09Z,50.236,50.236,8.293,4.013333333333333,34.13333333333333,-0.04,0.4033333333333333,-0.12333333333333332,NA,7.39,267.43333333333334,243,0.12,158,4.862025948103792,36.59591,-93.313,279.93333333333334,984.0444444444445
098,2026-06-30,2026-06-30T11:33:12Z,50.25933333333333,50.25933333333333,8.281666666666666,3.99,33.93333333333333,-0.026666666666666665,0.42,-0.22999999999999998,NA,7.39,267.5,242.96666666666667,0.12,158,4.864248775176919,36.59591,-93.313,279.9,984.088888888889
098,2026-06-30,2026-06-30T11:33:15Z,50.339666666666666,50.339666666666666,8.272666666666666,3.96,33.7,-0.02666666666666667,0.4766666666666666,-0.34,NA,7.39,267.53333333333336,243.06666666666666,0.12,158,4.872028669932861,36.59591,-93.313,280,984
098,2026-06-30,2026-06-30T11:33:18Z,50.376,50.376,8.266333333333334,3.93,33.4,-0.03333333333333333,0.44333333333333336,-0.38,NA,7.39,267.6,243.16666666666666,0.12,158,4.875567047722736,36.59591,-93.313,280.1,984
098,2026-06-30,2026-06-30T11:33:21Z,50.46933333333333,50.46933333333333,8.263,3.896666666666667,33.1,-0.03,0.43333333333333335,-0.44,NA,7.39,267.6,243.13333333333333,0.12,158,4.884617129377609,36.59591,-93.313,280.03333333333336,983.9111111111112
098,2026-06-30,2026-06-30T11:33:24Z,50.62766666666667,50.62766666666667,8.260666666666667,3.8666666666666667,32.9,-0.03,0.38,-0.25666666666666665,NA,7.38,267.6333333333333,243.03333333333333,0.12,158,4.899927417891489,36.59591,-93.313,279.96666666666664,984.0444444444445
098,2026-06-30,2026-06-30T11:33:27Z,50.74333333333333,50.74333333333333,8.257333333333333,3.84,32.66666666666667,0.0033333333333333335,0.41333333333333333,-0.33,NA,7.38,267.7,243.03333333333333,0.12,158,4.91113228089276,36.59591,-93.313,279.73333333333335,983.9555555555555
098,2026-06-30,2026-06-30T11:33:30Z,50.830333333333336,50.830333333333336,8.256333333333334,3.8166666666666664,32.43333333333333,-0.04,0.37666666666666665,-0.2833333333333333,NA,7.38,267.7,243.2,0.12,158,4.919524587189258,36.59591,-93.313,279.6,984.0444444444445
098,2026-06-30,2026-06-30T11:33:33Z,51.004333333333335,51.004333333333335,8.254,3.7966666666666664,32.266666666666666,-0.026666666666666665,0.4033333333333333,-0.31666666666666665,NA,7.38,267.76666666666665,243.1,0.12,158,4.936377245508982,36.59591,-93.313,279.4,984
098,2026-06-30,2026-06-30T11:33:36Z,51.10766666666667,51.10766666666667,8.252666666666666,3.783333333333333,32.13333333333333,-0.03666666666666667,0.39,-0.32333333333333336,NA,7.38,267.8,243.13333333333333,0.12,158,4.94642533115587,36.59591,-93.313,279.3666666666667,983.8666666666667
098,2026-06-30,2026-06-30T11:33:39Z,51.21033333333333,51.21033333333333,8.251,3.7666666666666666,32.03333333333333,-0.023333333333333334,0.43,-0.38333333333333336,NA,7.373333333333333,267.8,243.06666666666666,0.12,158,4.956337325349302,36.59591,-93.313,279.23333333333335,984.0888888888888
098,2026-06-30,2026-06-30T11:33:42Z,51.338,51.338,8.249666666666666,3.7566666666666664,31.933333333333334,-0.04666666666666667,0.4033333333333333,-0.23666666666666666,NA,7.37,267.8666666666667,243.03333333333333,0.12,158,4.968698965704954,36.59592,-93.313,279.1333333333333,983.9555555555555
098,2026-06-30,2026-06-30T11:33:45Z,51.477000000000004,51.477000000000004,8.246666666666666,3.7433333333333336,31.833333333333332,-0.026666666666666665,0.4066666666666667,-0.30666666666666664,NA,7.37,267.9,243.16666666666666,0.12,158,4.9821720195971695,36.59591666666667,-93.313,279.2,983.9111111111112
098,2026-06-30,2026-06-30T11:33:48Z,51.604,51.604,8.242666666666667,3.73,31.7,-0.02333333333333333,0.4033333333333333,-0.19666666666666668,NA,7.37,267.9,243.16666666666666,0.12,158,4.994420250408274,36.59591,-93.313,278.8333333333333,984
098,2026-06-30,2026-06-30T11:33:51Z,51.713,51.713,8.234333333333334,3.7133333333333334,31.566666666666666,-0.006666666666666667,0.39999999999999997,-0.3066666666666667,NA,7.37,267.93333333333334,243.2,0.12,158,5.005012701868989,36.59591,-93.313,278.9,984
098,2026-06-30,2026-06-30T11:33:54Z,51.844,51.844,8.2283333333333335,3.6966666666666668,31.4,-0.016666666666666666,0.4066666666666667,-0.3666666666666667,NA,7.37,268,243.3,0.12,158,5.017691888949374,36.59591666666667,-93.313,279.03333333333336,984.0444444444445
098,2026-06-30,2026-06-30T11:33:57Z,51.96633333333333,51.96633333333333,8.221333333333334,3.67,31.2,-0.03,0.43,-0.27999999999999997,NA,7.366666666666667,268,243.33333333333334,0.12,158,5.029531845400109,36.59591,-93.313,279.2,984
098,2026-06-30,2026-06-30T11:34:00Z,52.01266666666667,52.01266666666667,8.218333333333334,3.6433333333333335,30.966666666666665,-0.02333333333333333,0.42,-0.26666666666666666,NA,7.36,268.1,243.43333333333334,0.12,158,5.034000181455271,36.59591,-93.313,279.5333333333333,984.1333333333333
098,2026-06-30,2026-06-30T11:34:03Z,52.06966666666667,52.06966666666667,8.218666666666666,3.62,30.733333333333334,-0.02,0.43333333333333335,-0.2,NA,7.36,268.1,243.3,0.12,158,5.039489203411359,36.59591,-93.313,279.8333333333333,984
098,2026-06-30,2026-06-30T11:34:09Z,52.175666666666665,52.175666666666665,8.217666666666666,3.5766666666666667,30.433333333333334,-0.04,0.4166666666666667,-0.19666666666666668,NA,7.36,268.1,243.23333333333332,0.12,158,5.049809471965161,36.59591,-93.313,279.96666666666664,983.9555555555555
098,2026-06-30,2026-06-30T11:34:12Z,52.288666666666664,52.288666666666664,8.216333333333333,3.5633333333333335,30.266666666666666,-0.026666666666666665,0.37666666666666665,-0.3333333333333333,NA,7.36,268.2,243.4,0.12,158,5.060696788241699,36.59591,-93.313,279.9,983.9555555555555
098,2026-06-30,2026-06-30T11:34:15Z,52.394333333333336,52.394333333333336,8.215666666666666,3.55,30.166666666666668,-0.03333333333333333,0.4633333333333333,-0.19333333333333333,NA,7.36,268.2,243.33333333333334,0.12,158,5.070971692977682,36.59591,-93.313,279.93333333333334,984.0888888888888
098,2026-06-30,2026-06-30T11:34:18Z,52.47866666666667,52.47866666666667,8.212,3.5366666666666666,30.033333333333335,-0.02,0.43333333333333335,-0.4366666666666667,NA,7.3533333333333335,268.2,243.4,0.12,158,5.079114498276176,36.59591,-93.313,279.56666666666666,984
098,2026-06-30,2026-06-30T11:34:21Z,52.612,52.612,8.207666666666666,3.5233333333333334,29.933333333333334,-0.026666666666666665,0.41333333333333333,-0.24333333333333332,NA,7.35,268.23333333333335,243.36666666666667,0.12,158,5.091997822536745,36.59591,-93.313,279.1666666666667,984.0888888888888
098,2026-06-30,2026-06-30T11:34:24Z,52.721,52.721,8.206,3.5033333333333334,29.733333333333334,-0.026666666666666665,0.4166666666666667,-0.3666666666666667,NA,7.35,268.3,243.4,0.12,158,5.10259027399746,36.59591,-93.313,279.8333333333333,983.9555555555555
098,2026-06-30,2026-06-30T11:34:27Z,52.90633333333333,52.90633333333333,8.204333333333334,3.4833333333333334,29.566666666666666,-0.03333333333333333,0.4033333333333333,-0.14,NA,7.35,268.3,243.6,0.12,158,5.120486300127019,36.59591,-93.313,279.6333333333333,984
098,2026-06-30,2026-06-30T11:34:33Z,52.99,52.99,8.203,3.4533333333333336,29.3,-0.023333333333333334,0.45666666666666667,-0.29,NA,7.35,268.3333333333333,243.46666666666667,0.12,158,5.128629105425513,36.59591666666667,-93.31298333333334,278.6333333333333,984
098,2026-06-30,2026-06-30T11:34:36Z,53.064,53.064,8.203,3.44,29.2,-0.03333333333333333,0.4533333333333333,-0.39999999999999997,NA,7.35,268.4,243.4,0.12,158,5.1357965886409,36.59591,-93.31299,278.73333333333335,984.1333333333333
098,2026-06-30,2026-06-30T11:34:39Z,53.12433333333333,53.12433333333333,8.202666666666666,3.43,29.133333333333333,-0.04666666666666667,0.43333333333333335,-0.23333333333333334,NA,7.35,268.4,243.5,0.12,158,5.14160315732172,36.59591,-93.31299,278.8666666666667,984.0888888888888
098,2026-06-30,2026-06-30T11:34:42Z,53.20733333333333,53.20733333333333,8.202,3.42,29.033333333333335,-0.016666666666666666,0.43,-0.35666666666666663,NA,7.35,268.4,243.53333333333333,0.12,158,5.149655234984577,36.59591,-93.31299,278.73333333333335,984
098,2026-06-30,2026-06-30T11:34:45Z,53.272666666666666,53.272666666666666,8.201666666666666,3.41,28.966666666666665,-0.03666666666666667,0.43,-0.24333333333333335,NA,7.35,268.4,243.6,0.12,158,5.155983487570314,36.59591,-93.31299,278.3,984.0444444444445
098,2026-06-30,2026-06-30T11:34:48Z,53.311,53.311,8.201,3.4,28.9,-0.02,0.4266666666666667,-0.37,NA,7.35,268.4,243.4,0.12,158,5.159726002540373,36.59591,-93.31299,277.6333333333333,984.0444444444445
098,2026-06-30,2026-06-30T11:34:51Z,53.42366666666667,53.42366666666667,8.200666666666667,3.3933333333333335,28.8,-0.04,0.38666666666666666,-0.24333333333333335,NA,7.34,268.4,243.43333333333334,0.12,158,5.170613318816912,36.59591,-93.31299,277.2,984.0444444444445
098,2026-06-30,2026-06-30T11:34:54Z,53.524,53.524,8.200666666666667,3.39,28.8,-0.023333333333333334,0.4266666666666667,-0.3466666666666667,NA,7.34,268.5,243.46666666666667,0.12,158,5.180343857739068,36.59591,-93.31299666666666,277.26666666666665,984.0888888888888
098,2026-06-30,2026-06-30T11:34:57Z,53.57033333333334,53.57033333333334,8.199666666666666,3.38,28.7,-0.0033333333333333335,0.43,-0.19,NA,7.34,268.5,243.53333333333333,0.12,158,5.18483487570314,36.59591,-93.31299333333334,276.8,984.0444444444445
098,2026-06-30,2026-06-30T11:35:00Z,53.70666666666667,53.70666666666667,8.199333333333334,3.3766666666666665,28.666666666666668,-0.02,0.42,-0.38,NA,7.34,268.5,243.33333333333334,0.12,158,5.197990382870622,36.59591,-93.31299,276.4,984.0444444444445
098,2026-06-30,2026-06-30T11:35:03Z,53.829,53.829,8.198666666666666,3.37,28.6,-0.01,0.45,-0.20666666666666667,NA,7.34,268.5,243.5,0.12,158,5.209830339321357,36.59591,-93.31299,276.8,984
098,2026-06-30,2026-06-30T11:35:09Z,53.875,53.875,8.195333333333334,3.36,28.5,-0.016666666666666666,0.4,-0.13666666666666666,NA,7.34,268.5,243.53333333333333,0.12,158,5.2142986753765195,36.59591666666667,-93.31298666666666,279.5333333333333,983.9555555555555
098,2026-06-30,2026-06-30T11:35:12Z,53.93866666666666,53.93866666666666,8.195,3.35,28.466666666666665,-0.03,0.38,-0.38,NA,7.34,268.53333333333336,243.6,0.12,158,5.220445472690982,36.59592,-93.31298666666666,279.2,983.9555555555555
098,2026-06-30,2026-06-30T11:35:15Z,54.01833333333333,54.01833333333333,8.194,3.3466666666666667,28.4,-0.043333333333333335,0.4266666666666667,-0.25,NA,7.34,268.6,243.6,0.12,158,5.2281346398112865,36.59592333333333,-93.31299,279.1666666666667,984
098,2026-06-30,2026-06-30T11:35:18Z,54.105666666666664,54.105666666666664,8.193333333333333,3.34,28.333333333333332,-0.060000000000000005,0.43666666666666665,-0.2866666666666667,NA,7.34,268.6,243.56666666666666,0.12,158,5.236617673743423,36.59593,-93.31299,279.06666666666666,984.0888888888888
098,2026-06-30,2026-06-30T11:35:21Z,54.172666666666665,54.172666666666665,8.191666666666666,3.3333333333333335,28.3,-0.026666666666666665,0.39,-0.32666666666666666,NA,7.34,268.6,243.56666666666666,0.12,158,5.243104699691526,36.59593,-93.31299,279.5,983.9555555555555
098,2026-06-30,2026-06-30T11:35:24Z,54.283,54.283,8.190333333333333,3.3266666666666667,28.233333333333334,-0.03,0.42333333333333334,-0.21000000000000002,NA,7.34,268.6,243.56666666666666,0.12,158,5.253787878787879,36.59593666666667,-93.31299666666666,279.76666666666665,984
098,2026-06-30,2026-06-30T11:35:33Z,54.45466666666667,54.45466666666667,8.189666666666666,3.3066666666666666,28.066666666666666,-0.02,0.43333333333333335,-0.2,NA,7.34,268.6,243.66666666666666,0.12,158,5.270391036109599,36.59594,-93.313,279.8,984.0444444444445
098,2026-06-30,2026-06-30T11:35:36Z,54.51,54.51,8.188,3.3,28,-0.013333333333333334,0.41333333333333333,-0.29000000000000004,NA,7.34,268.7,243.63333333333333,0.12,158,5.275789330430049,36.59594,-93.31300666666667,279.6,984.0444444444445
098,2026-06-30,2026-06-30T11:35:39Z,54.55466666666667,54.55466666666667,8.188,3.2966666666666664,28,-0.03,0.41,-0.3666666666666667,NA,7.34,268.7,243.7,0.12,158,5.280121575031755,36.59595,-93.31300333333334,279.53333333333336,984.0444444444445
098,2026-06-30,2026-06-30T11:35:42Z,54.61533333333333,54.61533333333333,8.188,3.29,27.9,-0.01,0.43,-0.4033333333333333,NA,7.34,268.7,243.6,0.12,158,5.285928143712575,36.59595,-93.31300666666667,279.7,983.9555555555555
098,2026-06-30,2026-06-30T11:35:45Z,54.74466666666667,54.74466666666667,8.188,3.283333333333333,27.9,-0.03,0.43666666666666665,-0.33333333333333337,NA,7.34,268.7,243.7,0.12,158,5.298448557430594,36.595956666666666,-93.31300333333334,279.76666666666665,983.9555555555555
098,2026-06-30,2026-06-30T11:35:48Z,54.819,54.819,8.188,3.28,27.833333333333332,-0.03,0.41333333333333333,-0.3333333333333333,NA,7.336666666666667,268.7,243.7,0.12,158,5.305684086372709,36.59596,-93.31301,279.56666666666666,984
098,2026-06-30,2026-06-30T11:35:51Z,54.857,54.857,8.188,3.28,27.8,-0.016666666666666666,0.44,-0.38666666666666666,NA,7.33,268.7,243.66666666666666,0.12,158,5.3093358737071314,36.59596333333333,-93.31301666666667,279.23333333333335,983.9111111111112
098,2026-06-30,2026-06-30T11:35:54Z,54.99666666666666,54.99666666666666,8.188333333333334,3.27,27.8,-0.02,0.42,-0.32333333333333336,NA,7.33,268.7,243.66666666666666,0.12,158,5.322899655234984,36.59596666666667,-93.31302,278.9,984
098,2026-06-30,2026-06-30T11:35:57Z,55.080666666666666,55.080666666666666,8.188,3.27,27.8,-0.02,0.3833333333333333,-0.19,NA,7.33,268.7,243.6,0.12,158,5.33099709671566,36.59597,-93.31302,278.9,984.0444444444445
098,2026-06-30,2026-06-30T11:36:03Z,55.10366666666667,55.10366666666667,8.187666666666667,3.263333333333333,27.7,-0.016666666666666666,0.43,-0.27666666666666667,NA,7.33,268.8,243.63333333333333,0.12,158,5.333174559970967,36.59597,-93.31302,278.7,984.0444444444445
098,2026-06-30,2026-06-30T11:36:06Z,55.23266666666667,55.23266666666667,8.186666666666666,3.26,27.7,-0.04,0.39666666666666667,-0.16,NA,7.33,268.8,243.63333333333333,0.12,158,5.345717655597895,36.59597,-93.31302,278.23333333333335,984.0444444444445
098,2026-06-30,2026-06-30T11:36:09Z,55.398,55.398,8.187,3.26,27.7,-0.0033333333333333335,0.4,-0.38,NA,7.33,268.8,243.66666666666666,0.12,158,5.36173108328797,36.59597,-93.31302666666666,277.7,984.0444444444445
098,2026-06-30,2026-06-30T11:36:12Z,55.51533333333333,55.51533333333333,8.186,3.26,27.633333333333333,0.006666666666666666,0.4633333333333333,-0.23333333333333334,NA,7.33,268.8,243.63333333333333,0.12,158,5.373094719651606,36.59597,-93.31303,277.59999999999997,983.9555555555555
098,2026-06-30,2026-06-30T11:36:15Z,55.632666666666665,55.632666666666665,8.184666666666667,3.2533333333333334,27.6,-0.01,0.44666666666666666,-0.32,NA,7.33,268.8,243.76666666666668,0.12,158,5.384412992197423,36.59597,-93.31303,277.73333333333335,984.0444444444445
098,2026-06-30,2026-06-30T11:36:18Z,55.778,55.778,8.184333333333333,3.25,27.6,-0.026666666666666665,0.39666666666666667,-0.20666666666666667,NA,7.33,268.8,243.66666666666666,0.12,158,5.3985211395391035,36.59597,-93.31303333333334,277.23333333333335,983.9555555555555
098,2026-06-30,2026-06-30T11:36:21Z,55.80533333333333,55.80533333333333,8.185666666666666,3.25,27.6,-0.026666666666666665,0.39666666666666667,-0.3233333333333333,NA,7.33,268.8,243.66666666666666,0.12,158,5.40117492288151,36.59597,-93.31304,276.1333333333333,984
098,2026-06-30,2026-06-30T11:36:24Z,55.93266666666667,55.93266666666667,8.185333333333334,3.25,27.566666666666666,-0.016666666666666666,0.42333333333333334,-0.3,NA,7.33,268.8666666666667,243.7,0.12,158,5.413468517510434,36.59597333333333,-93.31304,276.09999999999997,984.0444444444445
098,2026-06-30,2026-06-30T11:36:27Z,56.09866666666667,56.09866666666667,8.185333333333334,3.24,27.5,-0.02,0.43333333333333335,-0.31,NA,7.33,268.9,243.73333333333332,0.12,158,5.429504627109417,36.59598,-93.31304,276.3,984
098,2026-06-30,2026-06-30T11:36:30Z,56.315666666666665,56.315666666666665,8.184666666666667,3.24,27.5,-0.016666666666666666,0.43666666666666665,-0.23333333333333334,NA,7.33,268.9,243.63333333333333,0.12,158,5.450553438577391,36.59598,-93.31304,276.6333333333333,984.088888888889
098,2026-06-30,2026-06-30T11:36:33Z,56.46033333333334,56.46033333333334,8.184333333333333,3.24,27.5,-0.026666666666666665,0.4,-0.38666666666666666,NA,7.33,268.9,243.63333333333333,0.12,158,5.464548176374524,36.59598,-93.31304666666666,276.26666666666665,984
098,2026-06-30,2026-06-30T11:36:36Z,56.55466666666666,56.55466666666666,8.184333333333333,3.24,27.5,-0.02,0.4066666666666667,-0.17,NA,7.33,268.9,243.6,0.12,158,5.473688985665033,36.59598,-93.31304666666666,277.03333333333336,983.9555555555555
098,2026-06-30,2026-06-30T11:36:39Z,56.742666666666665,56.742666666666665,8.184333333333333,3.2333333333333334,27.5,-0.03333333333333333,0.45333333333333337,-0.24333333333333332,NA,7.33,268.9,243.8,0.12,158.33333333333334,5.491879876610415,36.59597333333333,-93.31304,278,983.9555555555555
098,2026-06-30,2026-06-30T11:36:42Z,56.81966666666667,56.81966666666667,8.184,3.23,27.4,-0.043333333333333335,0.43,-0.15,NA,7.33,268.9,243.63333333333333,0.12,158,5.499319542732716,36.59597,-93.31304,277.8333333333333,984.0888888888888
098,2026-06-30,2026-06-30T11:36:45Z,56.85333333333333,56.85333333333333,8.184,3.23,27.4,-0.016666666666666666,0.44666666666666666,-0.16,NA,7.33,268.9,243.76666666666668,0.12,158,5.502563055706768,36.59597,-93.31304,278.4,984.1777777777778
098,2026-06-30,2026-06-30T11:36:48Z,56.963,56.963,8.183,3.23,27.4,-0.02,0.4166666666666667,-0.3466666666666667,NA,7.33,268.9,243.63333333333333,0.12,158,5.513200870985302,36.59597333333333,-93.31304,278.23333333333335,984
098,2026-06-30,2026-06-30T11:36:51Z,57.04233333333333,57.04233333333333,8.182333333333334,3.2266666666666666,27.4,-0.03666666666666667,0.41333333333333333,-0.34,NA,7.33,268.9,243.66666666666666,0.12,158,5.5209127200145165,36.59598,-93.31304,278,984.1333333333333
098,2026-06-30,2026-06-30T11:36:54Z,57.11666666666667,57.11666666666667,8.182666666666666,3.22,27.4,-0.04,0.4266666666666667,-0.3066666666666667,NA,7.33,268.96666666666664,243.63333333333333,0.12,158,5.528057521320995,36.59598,-93.31304,277.2,984
098,2026-06-30,2026-06-30T11:36:57Z,57.24066666666667,57.24066666666667,8.181666666666667,3.22,27.3,-0.06666666666666667,0.44333333333333336,-0.17333333333333334,NA,7.33,269,243.63333333333333,0.12,158,5.5401242968608235,36.59598,-93.31304,276.5333333333333,984
098,2026-06-30,2026-06-30T11:37:00Z,57.297000000000004,57.297000000000004,8.181666666666667,3.22,27.3,-0.03333333333333333,0.41,-0.31,NA,7.33,269,243.66666666666666,0.12,158,5.545567954999092,36.59598,-93.31304,277.2333333333333,983.9555555555555
098,2026-06-30,2026-06-30T11:37:03Z,57.39566666666666,57.39566666666666,8.181,3.22,27.3,-0.0033333333333333335,0.4,-0.2733333333333333,NA,7.33,269,243.63333333333333,0.12,158,5.555094356741063,36.59598,-93.31304,278.3333333333333,984
098,2026-06-30,2026-06-30T11:37:06Z,57.516666666666666,57.516666666666666,8.179,3.21,27.3,-0.030000000000000002,0.43333333333333335,-0.24666666666666667,NA,7.33,269,243.63333333333333,0.12,158,5.5667755398294325,36.59598,-93.31304,279.03333333333336,984
098,2026-06-30,2026-06-30T11:37:09Z,57.605666666666664,57.605666666666664,8.179333333333334,3.21,27.233333333333334,-0.0033333333333333327,0.38,-0.22666666666666668,NA,7.33,269,243.63333333333333,0.12,158,5.575417347123934,36.59598,-93.31304,279.23333333333335,983.9555555555555
098,2026-06-30,2026-06-30T11:37:12Z,57.629,57.629,8.179,3.21,27.2,-0.03333333333333333,0.4066666666666667,-0.3566666666666667,NA,7.32,269,243.66666666666666,0.12,158,5.57766285610597,36.59598,-93.31304,279.26666666666665,983.9555555555555
098,2026-06-30,2026-06-30T11:37:15Z,57.687333333333335,57.687333333333335,8.178,3.21,27.2,-0.043333333333333335,0.42333333333333334,-0.17333333333333334,NA,7.32,269,243.76666666666668,0.12,158,5.583356015242242,36.59598,-93.31304,279.1666666666667,984
098,2026-06-30,2026-06-30T11:37:18Z,57.769,57.769,8.176333333333334,3.2033333333333336,27.2,-0.016666666666666666,0.4266666666666667,-0.3233333333333333,NA,7.32,269.06666666666666,243.63333333333333,0.12,158,5.591249319542733,36.59597333333333,-93.31304333333334,278.7666666666667,983.9111111111112
098,2026-06-30,2026-06-30T11:37:21Z,57.888333333333335,57.888333333333335,8.176333333333334,3.2,27.133333333333333,-0.05,0.38,-0.19666666666666666,NA,7.32,269.1,243.56666666666666,0.12,158,5.602817093086554,36.59597,-93.31304,278.1666666666667,984.0888888888888
098,2026-06-30,2026-06-30T11:37:24Z,58.050666666666665,58.050666666666665,8.175333333333334,3.2,27.1,-0.03666666666666667,0.39,-0.38666666666666666,NA,7.32,269.1,243.73333333333332,0.12,158,5.618490292142987,36.59597,-93.31304,278.3333333333333,984.0444444444445
098,2026-06-30,2026-06-30T11:37:27Z,58.25866666666667,58.25866666666667,8.176,3.19,27.1,-0.0033333333333333335,0.4066666666666667,-0.26,NA,7.32,269.1,243.63333333333333,0.12,158,5.638654509163492,36.59597,-93.31304,278.1333333333333,983.9111111111112
098,2026-06-30,2026-06-30T11:37:30Z,58.358666666666664,58.358666666666664,8.175,3.19,27.1,-0.023333333333333334,0.44666666666666666,-0.37,NA,7.32,269.1,243.76666666666668,0.12,158,5.648339684267828,36.59597,-93.31305666666667,276.3333333333333,984
098,2026-06-30,2026-06-30T11:37:33Z,58.46933333333333,58.46933333333333,8.172666666666666,3.19,27.1,-0.016666666666666666,0.44,-0.2,NA,7.32,269.1,243.76666666666668,0.12,158,5.65902286336418,36.59597,-93.31306,276.03333333333336,983.8666666666667
098,2026-06-30,2026-06-30T11:37:36Z,58.650666666666666,58.650666666666666,8.170333333333334,3.19,27.066666666666666,-0.03333333333333333,0.39,-0.35333333333333333,NA,7.32,269.1,243.8,0.12,158,5.676578660860098,36.59597,-93.31306,276.3,983.9555555555555
098,2026-06-30,2026-06-30T11:37:39Z,58.82033333333333,58.82033333333333,8.164666666666667,3.1833333333333336,27,0,0.39666666666666667,-0.15333333333333332,NA,7.32,269.1,243.8,0.12,158,5.693023044819452,36.59596333333333,-93.31305333333333,276.3333333333333,983.9111111111112
098,2026-06-30,2026-06-30T11:37:42Z,58.94733333333333,58.94733333333333,8.159333333333333,3.1733333333333333,26.9,0.0033333333333333335,0.42333333333333334,-0.37333333333333335,NA,7.32,269.1666666666667,243.86666666666667,0.12,159,5.7052939575394666,36.59596,-93.31306,275.8333333333333,984
098,2026-06-30,2026-06-30T11:37:45Z,59.071,59.071,8.156,3.1633333333333336,26.833333333333332,-0.03333333333333333,0.39333333333333337,-0.21666666666666667,NA,7.32,269.2,243.8,0.12,158,5.717292687352567,36.59597,-93.31306,275.4,984
098,2026-06-30,2026-06-30T11:37:48Z,59.18033333333334,59.18033333333334,8.154666666666666,3.1533333333333333,26.766666666666666,-0.03333333333333333,0.4166666666666667,-0.35333333333333333,NA,7.32,269.2,243.86666666666667,0.12,158.66666666666666,5.727885138813282,36.59597,-93.31306,275.2,984.0444444444445
098,2026-06-30,2026-06-30T11:37:51Z,59.25333333333333,59.25333333333333,8.155,3.1433333333333335,26.7,-0.016666666666666666,0.44666666666666666,-0.41333333333333333,NA,7.32,269.2,243.8,0.12,158.33333333333334,5.734916530575213,36.59597,-93.31306,275.6,984
098,2026-06-30,2026-06-30T11:37:54Z,59.349333333333334,59.349333333333334,8.154333333333334,3.14,26.6,-0.02,0.44666666666666666,-0.4066666666666667,NA,7.32,269.2,243.8,0.12,158,5.74419343131918,36.59597,-93.31305333333333,276,984.0888888888888
098,2026-06-30,2026-06-30T11:37:57Z,59.46333333333333,59.46333333333333,8.153,3.13,26.566666666666666,-0.03666666666666667,0.4,-0.22,NA,7.32,269.2,243.9,0.12,159,5.755239520958083,36.59597,-93.31305,276.09999999999997,984.0444444444445
098,2026-06-30,2026-06-30T11:38:00Z,59.516666666666666,59.516666666666666,8.151,3.13,26.5,-0.02666666666666667,0.43,-0.4366666666666667,NA,7.32,269.2,243.9,0.12,158.66666666666666,5.76041099618944,36.59597,-93.31305,276.53333333333336,984.0444444444445
098,2026-06-30,2026-06-30T11:38:03Z,59.54266666666667,59.54266666666667,8.151,3.13,26.5,-0.03,0.43,-0.32,NA,7.32,269.2,243.9,0.12,158.66666666666666,5.762951369987298,36.59597,-93.31304666666666,275.93333333333334,983.9555555555555
098,2026-06-30,2026-06-30T11:38:06Z,59.61366666666667,59.61366666666667,8.151,3.12,26.5,-0.02,0.42333333333333334,-0.4,NA,7.32,269.23333333333335,243.86666666666667,0.12,158.66666666666666,5.769778624569043,36.59597,-93.31304,276.3,984
098,2026-06-30,2026-06-30T11:38:09Z,59.699999999999996,59.699999999999996,8.150666666666666,3.12,26.466666666666665,-0.04,0.43,-0.32333333333333336,NA,7.32,269.3,243.96666666666667,0.12,159,5.778170930865542,36.59597,-93.31304,276.23333333333335,983.9555555555555
098,2026-06-30,2026-06-30T11:38:12Z,59.76866666666667,59.76866666666667,8.151,3.12,26.4,-0.016666666666666666,0.39999999999999997,-0.41,NA,7.32,269.3,243.86666666666667,0.12,158.66666666666666,5.784794048267103,36.59597,-93.31304,276.23333333333335,983.8666666666667
098,2026-06-30,2026-06-30T11:38:18Z,59.832,59.832,8.150333333333334,3.11,26.4,-0.02,0.44333333333333336,-0.32,NA,7.32,269.3,243.9,0.12,159,5.7909181636726546,36.59597,-93.31303666666666,276.3333333333333,984.0444444444445
098,2026-06-30,2026-06-30T11:38:24Z,59.894999999999996,59.894999999999996,8.149333333333333,3.11,26.4,-0.013333333333333332,0.44,-0.22666666666666666,NA,7.32,269.3,244,0.12,159,5.797064960987116,36.59597,-93.31303333333334,275.76666666666665,984.0888888888888
098,2026-06-30,2026-06-30T11:38:27Z,59.944,59.944,8.149333333333333,3.11,26.4,-0.013333333333333332,0.42333333333333334,-0.25333333333333335,NA,7.32,269.3,243.9,0.12,159,5.801760116131374,36.59597,-93.31303333333334,275.26666666666665,984
098,2026-06-30,2026-06-30T11:38:30Z,60.02133333333333,60.02133333333333,8.148666666666665,3.11,26.3,0,0.44,-0.25666666666666665,NA,7.32,269.3,243.83333333333334,0.12,158.33333333333334,5.809290509889313,36.59597,-93.31303,276.1666666666667,984
098,2026-06-30,2026-06-30T11:38:33Z,60.06366666666666,60.06366666666666,8.148666666666665,3.11,26.3,-0.05666666666666667,0.41333333333333333,-0.21,NA,7.3133333333333335,269.3,243.8,0.12,158,5.813327889675195,36.59597,-93.31303,277,984.0444444444445
098,2026-06-30,2026-06-30T11:38:39Z,60.092999999999996,60.092999999999996,8.149333333333333,3.1033333333333335,26.3,-0.01,0.41333333333333333,-0.16333333333333333,NA,7.31,269.3333333333333,243.9,0.12,159,5.816185810197786,36.59597,-93.31302,277.06666666666666,983.9555555555555
098,2026-06-30,2026-06-30T11:38:42Z,60.12866666666667,60.12866666666667,8.149666666666667,3.1066666666666665,26.3,-0.02333333333333333,0.44,-0.3466666666666667,NA,7.31,269.4,243.96666666666667,0.12,159,5.819656142260933,36.59597,-93.31302,276.9,983.9111111111112
098,2026-06-30,2026-06-30T11:38:48Z,60.18933333333333,60.18933333333333,8.149333333333333,3.1,26.3,-0.05333333333333333,0.39999999999999997,-0.3433333333333333,NA,7.31,269.4,243.86666666666667,0.12,158.33333333333334,5.825553438577391,36.59597,-93.31302,276.56666666666666,984
098,2026-06-30,2026-06-30T11:38:54Z,60.257,60.257,8.149666666666667,3.1,26.3,-0.04,0.4166666666666667,-0.29333333333333333,NA,7.31,269.4,243.83333333333334,0.12,158.33333333333334,5.832085828343314,36.59597,-93.31301333333333,276.46666666666664,984.0444444444445
098,2026-06-30,2026-06-30T11:38:57Z,60.323,60.323,8.149333333333333,3.1,26.3,-0.016666666666666666,0.47,-0.23666666666666666,NA,7.31,269.4,243.86666666666667,0.12,158.33333333333334,5.838459444746871,36.59597,-93.31301,276.43333333333334,984
098,2026-06-30,2026-06-30T11:39:00Z,60.407333333333334,60.407333333333334,8.149,3.1,26.3,-0.02666666666666667,0.4033333333333333,-0.5,NA,7.31,269.4,243.9,0.12,159,5.846624931954274,36.59597,-93.31300666666667,276.03333333333336,984
098,2026-06-30,2026-06-30T11:39:06Z,60.47533333333333,60.47533333333333,8.15,3.1,26.3,-0.043333333333333335,0.4066666666666667,-0.31666666666666665,NA,7.31,269.4,243.9,0.12,159,5.853202685538015,36.59597,-93.313,274.8666666666667,983.9111111111112
098,2026-06-30,2026-06-30T11:39:09Z,60.56433333333333,60.56433333333333,8.15,3.0966666666666667,26.266666666666666,-0.026666666666666665,0.4066666666666667,-0.13333333333333333,NA,7.31,269.4,244.06666666666666,0.12,159,5.861821810923607,36.59597,-93.31300666666667,274.6333333333333,983.9555555555555
098,2026-06-30,2026-06-30T11:39:12Z,60.626333333333335,60.626333333333335,8.15,3.09,26.2,-0.026666666666666665,0.3566666666666667,-0.35333333333333333,NA,7.31,269.5,244.1,0.12,159,5.867809834875703,36.59596666666667,-93.31301,273.5,984
098,2026-06-30,2026-06-30T11:39:15Z,60.66866666666667,60.66866666666667,8.149333333333333,3.09,26.2,-0.03333333333333333,0.4166666666666667,-0.24666666666666667,NA,7.31,269.5,244.2,0.12,159,5.871892578479405,36.59596,-93.31301333333333,273.6666666666667,983.9555555555555
098,2026-06-30,2026-06-30T11:39:18Z,60.772999999999996,60.772999999999996,8.15,3.0866666666666664,26.2,-0.05666666666666667,0.42333333333333334,-0.36666666666666664,NA,7.31,269.5,244.3,0.12,159,5.882031391761931,36.59596,-93.31301,273.26666666666665,983.9555555555555
098,2026-06-30,2026-06-30T11:39:21Z,60.95133333333333,60.95133333333333,8.149,3.08,26.1,0.0033333333333333335,0.41333333333333333,-0.37666666666666665,NA,7.31,269.5,244.5,0.12,159,5.8993150063509345,36.59596,-93.31302,273.43333333333334,984.0444444444445
098,2026-06-30,2026-06-30T11:39:24Z,61.06766666666667,61.06766666666667,8.149,3.08,26.1,-0.023333333333333334,0.44666666666666666,-0.32,NA,7.31,269.5,244.46666666666667,0.12,159,5.910565233170024,36.595956666666666,-93.31302,274,984.0888888888888
098,2026-06-30,2026-06-30T11:39:30Z,61.17066666666667,61.17066666666667,8.149666666666667,3.07,26.033333333333335,-0.013333333333333334,0.42666666666666664,-0.33,NA,7.31,269.5,244.56666666666666,0.12,159,5.920522591181274,36.59596,-93.31302,273.06666666666666,983.9555555555555
098,2026-06-30,2026-06-30T11:39:33Z,61.202666666666666,61.202666666666666,8.149666666666667,3.07,26,-0.03333333333333333,0.41000000000000003,-0.23666666666666666,NA,7.31,269.5,244.4,0.12,159,5.923607330792959,36.59596,-93.31302,273.43333333333334,984.0888888888888
098,2026-06-30,2026-06-30T11:39:39Z,61.26133333333333,61.26133333333333,8.149,3.06,26,-0.006666666666666667,0.44666666666666666,-0.07666666666666666,NA,7.31,269.5,244.46666666666667,0.12,159,5.929323171838142,36.59595,-93.31301,275.2333333333333,983.9555555555555
098,2026-06-30,2026-06-30T11:39:42Z,61.349000000000004,61.349000000000004,8.149666666666667,3.06,26,-0.016666666666666666,0.4333333333333333,-0.31333333333333335,NA,7.31,269.5,244.43333333333334,0.12,159,5.937760841952459,36.59595,-93.31301,276.3333333333333,984
098,2026-06-30,2026-06-30T11:39:45Z,61.443666666666665,61.443666666666665,8.149333333333333,3.06,25.9,-0.023333333333333334,0.44,-0.19,NA,7.31,269.5,244.4,0.12,159,5.946969696969697,36.595953333333334,-93.31300666666667,277.1,984.0888888888888
098,2026-06-30,2026-06-30T11:39:51Z,61.559,61.559,8.148666666666665,3.06,25.9,-0.026666666666666665,0.42333333333333334,-0.2833333333333333,NA,7.31,269.5,244.56666666666666,0.12,159,5.958151878062058,36.59595,-93.31301,278.8666666666667,984
098,2026-06-30,2026-06-30T11:39:54Z,61.595,61.595,8.149,3.0566666666666666,25.9,-0.03,0.4266666666666667,-0.36666666666666664,NA,7.31,269.5,244.36666666666667,0.12,159,5.961622210125204,36.59595,-93.31301,278.1333333333333,984
098,2026-06-30,2026-06-30T11:39:57Z,61.62466666666666,61.62466666666666,8.15,3.05,25.9,-0.03333333333333333,0.4433333333333333,-0.22666666666666668,NA,7.31,269.5,244.4,0.12,159,5.964480130647796,36.59595,-93.31302,277.3666666666667,983.9555555555555
098,2026-06-30,2026-06-30T11:40:00Z,61.69733333333333,61.69733333333333,8.149333333333333,3.05,25.9,-0.026666666666666665,0.43,-0.31666666666666665,NA,7.31,269.5,244.56666666666666,0.12,159,5.971556886227545,36.59595,-93.31302,277.23333333333335,983.9555555555555
098,2026-06-30,2026-06-30T11:40:03Z,61.853,61.853,8.149333333333333,3.05,25.9,-0.02666666666666667,0.42,-0.26666666666666666,NA,7.31,269.5,244.4,0.12,159,5.986572309925603,36.59595,-93.31302333333333,275.43333333333334,983.9555555555555
098,2026-06-30,2026-06-30T11:40:06Z,61.949,61.949,8.149,3.05,25.9,-0.023333333333333334,0.4166666666666667,-0.2733333333333334,NA,7.31,269.56666666666666,244.26666666666668,0.12,159,5.99584921066957,36.59595,-93.31302,276.4666666666667,983.9111111111112
098,2026-06-30,2026-06-30T11:40:09Z,62.029,62.029,8.148,3.05,25.9,-0.03666666666666667,0.42,-0.29333333333333333,NA,7.31,269.6,244.5,0.12,159,6.003606423516604,36.59595,-93.31301666666667,277.3,983.9111111111112
098,2026-06-30,2026-06-30T11:40:12Z,62.175333333333334,62.175333333333334,8.146333333333335,3.05,25.866666666666667,-0.026666666666666665,0.4066666666666667,-0.11666666666666667,NA,7.31,269.6,244.66666666666666,0.12,159,6.017782616585012,36.595953333333334,-93.31301333333333,279,983.9555555555555
098,2026-06-30,2026-06-30T11:40:15Z,62.31933333333333,62.31933333333333,8.146,3.0433333333333334,25.8,-0.02,0.43,-0.33666666666666667,NA,7.31,269.6,244.6,0.12,159,6.031686626746508,36.59596,-93.31302,278.6666666666667,984.0444444444445
098,2026-06-30,2026-06-30T11:40:18Z,62.403666666666666,62.403666666666666,8.145333333333333,3.04,25.766666666666666,-0.01,0.44666666666666666,-0.26666666666666666,NA,7.31,269.6,244.9,0.12,159,6.03989747777173,36.59596,-93.31301666666667,278.53333333333336,983.9111111111112
098,2026-06-30,2026-06-30T11:40:21Z,62.446,62.446,8.144666666666666,3.03,25.7,-0.026666666666666665,0.41666666666666663,-0.24666666666666667,NA,7.31,269.6,244.93333333333334,0.12,159,6.043957539466521,36.59596,-93.31301666666667,277.96666666666664,984.0888888888888
098,2026-06-30,2026-06-30T11:40:24Z,62.526333333333334,62.526333333333334,8.142333333333333,3.03,25.7,-0.023333333333333334,0.4166666666666667,-0.21000000000000002,NA,7.31,269.6,244.93333333333334,0.12,159,6.051760116131374,36.59596,-93.31302,278.3,984.0444444444445
098,2026-06-30,2026-06-30T11:40:27Z,62.58533333333333,62.58533333333333,8.142,3.02,25.6,-0.03333333333333333,0.4,-0.21666666666666667,NA,7.31,269.6,244.93333333333334,0.12,159,6.057453275267647,36.59596,-93.31302,277.7,984
098,2026-06-30,2026-06-30T11:40:30Z,62.69533333333333,62.69533333333333,8.141666666666666,3.013333333333333,25.533333333333335,-0.006666666666666666,0.41,-0.21666666666666665,NA,7.31,269.6,244.83333333333334,0.12,159,6.0681137724550895,36.59596,-93.31302,277.6666666666667,984.0888888888888
098,2026-06-30,2026-06-30T11:40:33Z,62.80566666666667,62.80566666666667,8.141,3.0066666666666664,25.5,-0.013333333333333334,0.42333333333333334,-0.18666666666666668,NA,7.31,269.6,244.93333333333334,0.12,159,6.078796951551443,36.59596,-93.31302,277.3333333333333,984
098,2026-06-30,2026-06-30T11:40:36Z,62.931666666666665,62.931666666666665,8.139,2.9966666666666666,25.4,-0.026666666666666665,0.41,-0.2633333333333333,NA,7.31,269.6,244.93333333333334,0.12,159,6.09097713663582,36.59596,-93.31302333333333,277.56666666666666,984
098,2026-06-30,2026-06-30T11:40:39Z,62.997,62.997,8.139,2.986666666666667,25.333333333333332,-0.056666666666666664,0.35333333333333333,-0.20333333333333334,NA,7.31,269.6333333333333,245.1,0.12,159,6.097350753039376,36.59596,-93.31303,276.73333333333335,983.9555555555555
098,2026-06-30,2026-06-30T11:40:42Z,63.059333333333335,63.059333333333335,8.139,2.9733333333333336,25.233333333333334,-0.04666666666666667,0.39333333333333337,-0.37,NA,7.31,269.7,245.3,0.12,159.33333333333334,6.103338776991472,36.59596,-93.31303,275.5333333333333,984
098,2026-06-30,2026-06-30T11:40:45Z,63.117666666666665,63.117666666666665,8.139,2.9533333333333336,25.033333333333335,-0.06333333333333334,0.41,-0.32,NA,7.31,269.7,245.43333333333334,0.12,160,6.1089865723099255,36.59596,-93.31303,275.8666666666667,984.0888888888888
098,2026-06-30,2026-06-30T11:40:48Z,63.190333333333335,63.190333333333335,8.138666666666666,2.93,24.833333333333332,-0.02,0.41666666666666663,-0.25,NA,7.31,269.7,245.53333333333333,0.12,160,6.116040645980766,36.59596,-93.31303,276.06666666666666,984.088888888889
098,2026-06-30,2026-06-30T11:40:51Z,63.26433333333333,63.26433333333333,8.139,2.91,24.666666666666668,-0.023333333333333334,0.4166666666666667,-0.20666666666666667,NA,7.31,269.76666666666665,245.66666666666666,0.12,160,6.123208129196153,36.59597,-93.31303,276.1666666666667,984
098,2026-06-30,2026-06-30T11:40:54Z,63.40166666666667,63.40166666666667,8.138666666666666,2.8866666666666667,24.466666666666665,-0.03666666666666667,0.3933333333333333,-0.24,NA,7.31,269.8,245.63333333333333,0.12,160,6.1364997278170925,36.59597,-93.31303,276.1666666666667,984.0444444444445
098,2026-06-30,2026-06-30T11:40:57Z,63.43333333333334,63.43333333333334,8.139,2.8666666666666667,24.333333333333332,-0.05,0.4,-0.3433333333333333,NA,7.31,269.8,245.73333333333332,0.12,160,6.139539103610961,36.59597,-93.31303,276.06666666666666,984.0888888888888
098,2026-06-30,2026-06-30T11:41:00Z,63.47566666666667,63.47566666666667,8.138333333333334,2.8566666666666665,24.2,-0.043333333333333335,0.4033333333333333,-0.4066666666666667,NA,7.31,269.8,245.66666666666666,0.12,160,6.143667211032481,36.59597,-93.31303,275.1666666666667,984.0888888888888
098,2026-06-30,2026-06-30T11:41:03Z,63.59233333333333,63.59233333333333,8.138666666666666,2.8433333333333333,24.1,-0.04666666666666667,0.42666666666666664,-0.2866666666666667,NA,7.3,269.8,245.66666666666666,0.12,160,6.154940119760479,36.59597,-93.31303,274.96666666666664,984.0888888888888
098,2026-06-30,2026-06-30T11:41:06Z,63.622,63.622,8.139,2.8333333333333335,24,-0.013333333333333332,0.39666666666666667,-0.31666666666666665,NA,7.3,269.8,245.8,0.12,160,6.157843404100889,36.59597,-93.31303,275.1,984
098,2026-06-30,2026-06-30T11:41:09Z,63.660666666666664,63.660666666666664,8.139,2.8233333333333333,23.933333333333334,0.016666666666666666,0.38666666666666666,-0.32,NA,7.3,269.8,245.56666666666666,0.12,160,6.1615632371620395,36.59597,-93.31303,275.8333333333333,984
098,2026-06-30,2026-06-30T11:41:12Z,63.724333333333334,63.724333333333334,8.139,2.8133333333333335,23.866666666666667,-0.05,0.4266666666666667,-0.2633333333333333,NA,7.3,269.8,245.66666666666666,0.12,160,6.167732716385411,36.59597,-93.31303,276,983.9555555555555
098,2026-06-30,2026-06-30T11:41:15Z,63.81466666666667,63.81466666666667,8.139,2.81,23.8,-0.05,0.36666666666666664,-0.39999999999999997,NA,7.3,269.8,245.76666666666668,0.12,160,6.176465251315551,36.59597,-93.31303,276.23333333333335,984
098,2026-06-30,2026-06-30T11:41:18Z,63.861000000000004,63.861000000000004,8.139,2.8033333333333332,23.8,-0.016666666666666666,0.41333333333333333,-0.22333333333333333,NA,7.3,269.8,245.7,0.12,160,6.180978951188532,36.59597,-93.31303,276.56666666666666,984.1333333333333
098,2026-06-30,2026-06-30T11:41:21Z,63.903333333333336,63.903333333333336,8.139,2.8,23.7,-0.03,0.39666666666666667,-0.42333333333333334,NA,7.3,269.8,245.73333333333332,0.12,160,6.185061694792234,36.59597,-93.31303,275.9666666666667,984.0888888888888
098,2026-06-30,2026-06-30T11:41:24Z,64.05933333333333,64.05933333333333,8.138666666666666,2.79,23.666666666666668,-0.016666666666666666,0.41,-0.25666666666666665,NA,7.3,269.8,245.7,0.12,160,6.200213209943749,36.59597,-93.31303,276.3333333333333,984.088888888889
098,2026-06-30,2026-06-30T11:41:27Z,64.11166666666666,64.11166666666666,8.137333333333334,2.7866666666666666,23.6,-0.043333333333333335,0.41333333333333333,-0.4666666666666667,NA,7.3,269.8333333333333,245.83333333333334,0.12,160,6.205271275630557,36.59597,-93.31303,276.8666666666667,984.0888888888888
098,2026-06-30,2026-06-30T11:41:30Z,64.15233333333333,64.15233333333333,8.136333333333333,2.7733333333333334,23.533333333333335,-0.056666666666666664,0.39999999999999997,-0.08666666666666667,NA,7.3,269.9,245.93333333333334,0.12,160,6.209172563962983,36.59597,-93.31303,276.93333333333334,984.0888888888888
098,2026-06-30,2026-06-30T11:41:36Z,64.201,64.201,8.136,2.7466666666666666,23.3,-0.016666666666666666,0.42333333333333334,-0.15333333333333335,NA,7.3,269.9,246.06666666666666,0.12,160,6.21386771910724,36.59597,-93.31302666666666,277.6333333333333,984.0444444444445
098,2026-06-30,2026-06-30T11:41:39Z,64.24766666666667,64.24766666666667,8.135666666666665,2.7333333333333334,23.166666666666668,-0.023333333333333334,0.38333333333333336,-0.3333333333333333,NA,7.3,269.9,246.2,0.12,160,6.218426782798041,36.59597,-93.31302,277.5,984.0444444444445
098,2026-06-30,2026-06-30T11:41:42Z,64.29933333333334,64.29933333333334,8.136,2.716666666666667,23.033333333333335,-0.03333333333333333,0.43666666666666665,-0.24333333333333335,NA,7.3,269.9,246.16666666666666,0.12,160,6.223394120849211,36.59597,-93.31302,277.03333333333336,984
098,2026-06-30,2026-06-30T11:41:45Z,64.37066666666666,64.37066666666666,8.136,2.7066666666666666,22.933333333333334,-0.02666666666666667,0.44666666666666666,-0.38,NA,7.3,269.9,246.06666666666666,0.12,160,6.230289421157685,36.59597,-93.31302,276.53333333333336,984
098,2026-06-30,2026-06-30T11:41:48Z,64.422,64.422,8.135333333333334,2.7,22.9,-0.02,0.41,-0.2866666666666667,NA,7.3,269.9,246.13333333333333,0.12,160,6.235234077299946,36.59597,-93.31301333333333,276.73333333333335,984
098,2026-06-30,2026-06-30T11:41:51Z,64.503,64.503,8.134333333333334,2.69,22.8,-0.03333333333333333,0.42,-0.3933333333333333,NA,7.3,269.96666666666664,246.13333333333333,0.12,160,6.2430820177826165,36.59597,-93.31301,276.56666666666666,984.0888888888888
098,2026-06-30,2026-06-30T11:41:54Z,64.562,64.562,8.134,2.6766666666666667,22.7,-0.006666666666666667,0.43333333333333335,-0.19,NA,7.3,270,246.5,0.12,160,6.248820540736708,36.59597,-93.31301,276.0333333333333,984.0888888888888
098,2026-06-30,2026-06-30T11:42:03Z,64.61266666666667,64.61266666666667,8.132666666666665,2.6233333333333335,22.233333333333334,-0.026666666666666665,0.4166666666666667,-0.37333333333333335,NA,7.3,270.1666666666667,246.6,0.12,160,6.253697151152242,36.59597,-93.31301666666667,274.56666666666666,984.0888888888888
098,2026-06-30,2026-06-30T11:42:06Z,64.65833333333333,64.65833333333333,8.133,2.6033333333333335,22.066666666666666,-0.02,0.38333333333333336,-0.42,NA,7.3,270.23333333333335,246.66666666666666,0.12,160,6.258142805298494,36.59597,-93.31301,274.6333333333333,983.9111111111112
098,2026-06-30,2026-06-30T11:42:09Z,64.715,64.715,8.132333333333333,2.5866666666666664,21.933333333333334,0.26666666666666666,1.0333333333333334,1.9866666666666666,NA,7.293333333333333,270.3333333333333,246.96666666666667,0.12,160.66666666666666,6.2636318272545815,36.59596666666667,-93.31301,274.6333333333333,984.0444444444445
098,2026-06-30,2026-06-30T11:42:12Z,64.77433333333333,64.77433333333333,8.133,2.563333333333333,21.733333333333334,1.9833333333333334,3.3533333333333335,11.456666666666667,NA,7.29,267.6,247.2,0.12,161,6.269370350208673,36.59596,-93.31300333333334,274.6,984
098,2026-06-30,2026-06-30T11:42:18Z,64.82666666666667,64.82666666666667,8.133333333333333,2.47,20.9,1.35,2.493333333333333,13.173333333333334,NA,7.2700000000000005,186.73333333333335,248.7,0.12,161.66666666666666,6.274428415895482,36.59596,-93.313,275.7,983.9111111111112
098,2026-06-30,2026-06-30T11:42:21Z,64.85533333333333,64.85533333333333,8.133333333333333,2.4033333333333333,20.366666666666667,1.77,2.5366666666666666,13.190000000000001,NA,7.163333333333333,55.9,250.03333333333333,0.12,162.66666666666666,6.2772409726002545,36.59596,-93.313,276.1666666666667,984
098,2026-06-30,2026-06-30T11:42:30Z,64.91666666666667,64.91666666666667,8.135,1.8033333333333332,15.3,3.02,2.84,27.46,NA,7.073333333333333,-41,251.03333333333333,0.12,163,6.283160950825621,36.59596,-93.313,276.53333333333336,984.0888888888888
098,2026-06-30,2026-06-30T11:42:36Z,64.93066666666667,64.93066666666667,8.135666666666665,1.4133333333333333,12.033333333333333,3.4266666666666667,3.4133333333333336,30.613333333333333,NA,7.06,-66.43333333333334,252.6,0.12,164,6.284499183451279,36.59595,-93.313,277.23333333333335,984.0444444444445
098,2026-06-30,2026-06-30T11:42:45Z,64.928,64.928,8.136666666666667,1.1866666666666665,10.1,2.9033333333333333,3.4566666666666666,19.176666666666666,NA,7.08,-85.2,253.73333333333332,0.12,165,6.284249682453275,36.59594333333333,-93.313,278.43333333333334,983.8666666666667
