MULakeNumber,date,dateTime,depth_m,verticalPosition_m,temp_degC,doConcentration_mgpL,doSaturation_percent,chlorophyll_RFU,phycocyaninBGA_RFU,phycoerythrinTAL_RFU,turbidity_FNU,pH,orp_mV,specificConductivity_uSpcm,salinity_psu,tds_mgpL,waterPressure_barA,latitude,longitude,altitude_m,barometerAirHandheld_mbars
149,2026-06-08,2026-06-08T16:02:27Z,0.07350000000000001,0.07350000000000001,26.708,9.190000000000001,114.85,3.025,0.665,3.26,NA,8.76,122.1,239.05,0.11,155.5,0.007110778443113773,38.20717,-92.62513,200.4,988.6666666666666
149,2026-06-08,2026-06-08T16:02:30Z,0.20166666666666666,0.20166666666666666,26.693666666666665,9.636666666666667,120.33333333333333,3.11,0.49,3.6833333333333336,NA,8.77,121.83333333333333,238.56666666666666,0.11,155,0.019461077844311378,38.20717,-92.62512333333333,199.6,988.5333333333333
149,2026-06-08,2026-06-08T16:02:36Z,0.29633333333333334,0.29633333333333334,26.656333333333333,10.316666666666666,128.73333333333335,3.4033333333333333,0.5533333333333333,4.71,NA,8.76,122.33333333333333,238.4,0.11,155,0.02862456904373072,38.207166666666666,-92.62512,200.1,988.6666666666666
149,2026-06-08,2026-06-08T16:02:39Z,0.3463333333333333,0.3463333333333333,26.651333333333334,10.48,130.76666666666665,3.4566666666666666,0.5066666666666667,5.023333333333333,NA,8.76,122.36666666666667,238.4,0.11,155,0.03338776991471602,38.207166666666666,-92.62512,199.43333333333334,988.6666666666666
149,2026-06-08,2026-06-08T16:02:42Z,0.4066666666666667,0.4066666666666667,26.595,10.606666666666667,132.26666666666668,3.56,0.6233333333333333,5.426666666666667,NA,8.756666666666666,122.5,238.53333333333333,0.11,155,0.03923970241335511,38.20716,-92.62513,199.73333333333332,988.5333333333333
149,2026-06-08,2026-06-08T16:02:45Z,0.6783333333333333,0.6783333333333333,26.418666666666667,10.703333333333333,133.06666666666666,3.9033333333333333,0.8166666666666667,5.773333333333333,NA,8.746666666666666,122.83333333333333,238.5,0.11,155,0.06545998911268372,38.20716,-92.62514,200.20000000000002,988.6666666666666
149,2026-06-08,2026-06-08T16:02:48Z,0.8096666666666666,0.8096666666666666,26.356,10.763333333333334,133.63333333333333,3.7866666666666666,0.8866666666666666,5.38,NA,8.74,122.9,238.7,0.11,155,0.0780938123752495,38.20716,-92.62514,200.4,988.5333333333333
149,2026-06-08,2026-06-08T16:02:51Z,0.8823333333333333,0.8823333333333333,26.328666666666667,10.773333333333333,133.63333333333333,3.8866666666666667,1.0133333333333334,5.086666666666667,NA,8.73,123.06666666666666,238.6,0.11,155,0.08514788604608964,38.20716,-92.62514,200.03333333333333,988.6666666666666
149,2026-06-08,2026-06-08T16:02:54Z,0.9323333333333333,0.9323333333333333,26.305666666666667,10.766666666666666,133.5,3.8466666666666667,1.04,4.973333333333334,NA,8.726666666666667,123.2,238.63333333333333,0.11,155,0.08995645073489385,38.20716,-92.62514,200.06666666666666,988.5333333333333
149,2026-06-08,2026-06-08T16:02:57Z,0.988,0.988,26.287,10.736666666666666,133.06666666666666,3.7533333333333334,1.07,5.176666666666667,NA,8.713333333333335,123.46666666666667,238.66666666666666,0.11,155,0.09530938123752496,38.20716,-92.62514,200.26666666666668,988.6222222222221
149,2026-06-08,2026-06-08T16:03:00Z,1.022,1.022,26.276333333333334,10.703333333333333,132.73333333333332,3.68,1.0033333333333334,5.033333333333333,NA,8.703333333333333,123.73333333333333,238.76666666666668,0.11,155,0.0985755761204863,38.20716,-92.62514,200.26666666666665,988.6222222222221
149,2026-06-08,2026-06-08T16:03:03Z,1.0643333333333334,1.0643333333333334,26.267,10.68,132.3,3.6033333333333335,0.9233333333333333,4.5,NA,8.7,123.86666666666667,238.73333333333332,0.11,155,0.10265831972418799,38.20716,-92.62514,200.2,988.6666666666666
149,2026-06-08,2026-06-08T16:03:06Z,1.158,1.158,26.255333333333333,10.66,132.03333333333333,3.47,0.7866666666666666,4.8566666666666665,NA,8.69,123.93333333333334,238.93333333333334,0.11,155,0.11170840137906006,38.20716,-92.62514,199.23333333333332,988.6222222222221
149,2026-06-08,2026-06-08T16:03:09Z,1.2469999999999999,1.2469999999999999,26.245666666666665,10.63,131.66666666666666,3.3933333333333335,0.76,4.6,NA,8.69,123.9,238.93333333333334,0.11,155,0.12032752676465253,38.20716,-92.62514,198.96666666666667,988.5333333333333
149,2026-06-08,2026-06-08T16:03:12Z,1.3186666666666667,1.3186666666666667,26.233,10.606666666666666,131.36666666666667,3.333333333333333,0.5733333333333334,4.23,NA,8.69,123.93333333333334,238.83333333333334,0.11,155,0.12724550898203593,38.207163333333334,-92.62513333333334,198.4,988.6222222222221
149,2026-06-08,2026-06-08T16:03:15Z,1.4053333333333333,1.4053333333333333,26.227,10.58,131.03333333333333,3.26,0.5266666666666667,4.076666666666667,NA,8.69,124.1,238.96666666666667,0.11,155,0.13559245146071494,38.20716,-92.62514,199.79999999999998,988.6666666666666
149,2026-06-08,2026-06-08T16:03:18Z,1.4416666666666667,1.4416666666666667,26.221666666666668,10.553333333333335,130.73333333333332,3.3166666666666664,0.5033333333333334,3.87,NA,8.683333333333334,124.23333333333333,239,0.11,155,0.13906278352386137,38.20716,-92.62514,200,988.6666666666666
149,2026-06-08,2026-06-08T16:03:21Z,1.4753333333333334,1.4753333333333334,26.219333333333335,10.556666666666667,130.7,3.3066666666666666,0.62,4.21,NA,8.68,124.43333333333334,238.8,0.11,155,0.1423289784068227,38.20716,-92.62514,199.9,988.6666666666666
149,2026-06-08,2026-06-08T16:03:24Z,1.5666666666666667,1.5666666666666667,26.217,10.55,130.6,3.35,0.7,4.093333333333334,NA,8.68,124.66666666666667,238.93333333333334,0.11,155,0.1511295590636908,38.20716,-92.62514,199.36666666666667,988.5777777777778
149,2026-06-08,2026-06-08T16:03:27Z,1.6543333333333332,1.6543333333333332,26.211666666666666,10.55,130.56666666666666,3.3966666666666665,0.7,4.02,NA,8.68,124.7,238.83333333333334,0.11,155,0.15961259299582653,38.20716,-92.62513666666666,198.66666666666666,988.7111111111111
149,2026-06-08,2026-06-08T16:03:30Z,1.79,1.79,26.206666666666667,10.55,130.6,3.3566666666666665,0.7333333333333333,3.56,NA,8.68,124.43333333333334,239.06666666666666,0.11,155,0.17267737252767193,38.20716,-92.62513666666666,197.93333333333334,988.6222222222221
149,2026-06-08,2026-06-08T16:03:33Z,1.9020000000000001,1.9020000000000001,26.202666666666666,10.54,130.43333333333334,3.2966666666666664,0.7666666666666667,3.27,NA,8.68,124.4,239,0.11,155,0.18347396116857195,38.207166666666666,-92.62512333333333,196.3,988.6222222222221
149,2026-06-08,2026-06-08T16:03:36Z,2.0073333333333334,2.0073333333333334,26.196666666666665,10.523333333333333,130.23333333333332,3.3366666666666664,0.8566666666666667,3.11,NA,8.68,124.5,238.9,0.11,155,0.19363545636000726,38.20716,-92.62512333333333,196.96666666666667,988.8000000000001
149,2026-06-08,2026-06-08T16:03:39Z,2.065,2.065,26.191666666666666,10.51,130.1,3.32,0.6933333333333334,3.2,NA,8.676666666666666,124.6,238.73333333333332,0.11,155,0.1992152059517329,38.20716,-92.62513,197.46666666666667,988.5777777777778
149,2026-06-08,2026-06-08T16:03:42Z,2.167333333333333,2.167333333333333,26.181666666666665,10.506666666666666,129.96666666666667,3.1766666666666667,0.7433333333333333,3.06,NA,8.666666666666666,124.83333333333333,238.86666666666667,0.11,155,0.2090818363273453,38.207163333333334,-92.62513666666666,197.6,988.7555555555556
149,2026-06-08,2026-06-08T16:03:45Z,2.2520000000000002,2.2520000000000002,26.157666666666668,10.473333333333333,129.56666666666666,3.046666666666667,0.6133333333333333,2.736666666666667,NA,8.65,125,238.96666666666667,0.11,155,0.21727000544365815,38.20716,-92.62514,197.9,988.6666666666666
149,2026-06-08,2026-06-08T16:03:48Z,2.296333333333333,2.296333333333333,26.130333333333333,10.41,128.63333333333333,3.0300000000000002,0.48,2.8666666666666667,NA,8.6466666666666665,125.13333333333333,239.43333333333334,0.11,156,0.22151152240972602,38.20716,-92.62514,198.1,988.6222222222221
149,2026-06-08,2026-06-08T16:03:51Z,2.38,2.38,26.105666666666668,10.34,127.73333333333333,2.9166666666666665,0.4033333333333333,2.7466666666666666,NA,8.633333333333335,125.36666666666667,239.6,0.11,156,0.22960896389040103,38.20716,-92.62514,198.33333333333334,988.5333333333333
149,2026-06-08,2026-06-08T16:03:54Z,2.453,2.453,26.09133333333333,10.263333333333334,126.8,3.0366666666666666,0.4066666666666667,2.123333333333333,NA,8.62,125.43333333333334,239.8,0.11,156,0.2366403556523317,38.207163333333334,-92.62514,198.23333333333332,988.7111111111111
149,2026-06-08,2026-06-08T16:03:57Z,2.509,2.509,26.07766666666667,10.203333333333333,125.96666666666667,2.966666666666667,0.4,2.083333333333333,NA,8.613333333333333,125.46666666666667,239.83333333333334,0.11,156,0.2420386499727817,38.20716,-92.62514,198.06666666666666,988.6666666666666
149,2026-06-08,2026-06-08T16:04:00Z,2.570333333333333,2.570333333333333,26.067333333333334,10.14,125.23333333333333,2.9833333333333334,0.41,2.256666666666667,NA,8.61,125.53333333333333,239.76666666666668,0.11,156,0.24798131010705862,38.20716,-92.62514,197.73333333333332,988.5333333333333
149,2026-06-08,2026-06-08T16:04:03Z,2.6406666666666667,2.6406666666666667,26.066333333333333,10.086666666666666,124.5,2.9533333333333336,0.5066666666666666,2.19,NA,8.61,125.6,239.83333333333334,0.11,156,0.2547858827798948,38.20716,-92.62514,197.7,988.7111111111111
149,2026-06-08,2026-06-08T16:04:06Z,2.7106666666666666,2.7106666666666666,26.06233333333333,10.043333333333333,124.03333333333333,2.9266666666666667,0.49333333333333335,2.42,NA,8.6033333333333335,125.8,239.86666666666667,0.11,156,0.26152240972600255,38.20716,-92.62514,197.93333333333334,988.6222222222221
149,2026-06-08,2026-06-08T16:04:09Z,2.798,2.798,26.041666666666668,10.013333333333334,123.56666666666666,2.9433333333333334,0.6,2.6166666666666667,NA,8.59,125.96666666666667,240.13333333333333,0.11,156,0.2699600798403194,38.20716,-92.62514,197.96666666666667,988.5333333333333
149,2026-06-08,2026-06-08T16:04:12Z,2.864,2.864,26.027333333333335,9.963333333333333,122.93333333333334,3.08,0.63,2.5100000000000002,NA,8.58,126,240.23333333333332,0.11,156,0.2763110143349664,38.20716,-92.62514,198,988.6222222222221
149,2026-06-08,2026-06-08T16:04:15Z,2.9223333333333334,2.9223333333333334,26.019666666666666,9.91,122.26666666666667,3.0433333333333334,0.6033333333333333,2.3066666666666666,NA,8.58,126,240.43333333333334,0.11,156,0.281936127744511,38.20716,-92.62514,197.93333333333334,988.5777777777778
149,2026-06-08,2026-06-08T16:04:18Z,2.982666666666667,2.982666666666667,26.018,9.87,121.7,3.05,0.6166666666666667,2.33,NA,8.576666666666666,126.1,240.16666666666666,0.11,156,0.2877880602431501,38.20716,-92.62514,198.16666666666666,988.6222222222221
149,2026-06-08,2026-06-08T16:04:21Z,3.049,3.049,26.001333333333335,9.836666666666666,121.3,3.0766666666666667,0.57,2.23,NA,8.57,126.13333333333333,240.5,0.11,156,0.2941616766467066,38.20716,-92.62514,198.23333333333335,988.6666666666666
149,2026-06-08,2026-06-08T16:04:24Z,3.1366666666666667,3.1366666666666667,25.996000000000002,9.79,120.73333333333333,2.8633333333333333,0.44333333333333336,2.583333333333333,NA,8.57,126.16666666666667,240.4,0.11,156,0.3026220286699329,38.20716,-92.62514,198.3,988.6666666666666
149,2026-06-08,2026-06-08T16:04:27Z,3.1893333333333334,3.1893333333333334,26.003666666666668,9.763333333333334,120.43333333333334,2.9566666666666666,0.43,3.0033333333333334,NA,8.57,126.26666666666667,240.56666666666666,0.11,156,0.3077027762656505,38.20716,-92.62514,197.9,988.7111111111111
149,2026-06-08,2026-06-08T16:04:30Z,3.2626666666666666,3.2626666666666666,25.996333333333332,9.746666666666666,120.2,2.8166666666666664,0.36666666666666664,2.8733333333333335,NA,8.57,126.26666666666667,240.53333333333333,0.11,156,0.31475684993649067,38.20716,-92.62514,197.83333333333334,988.7111111111111
149,2026-06-08,2026-06-08T16:04:33Z,3.356666666666667,3.356666666666667,25.996,9.736666666666666,120,2.8866666666666667,0.3566666666666667,2.6966666666666668,NA,8.57,126.36666666666667,240.56666666666666,0.11,156,0.3238296135002722,38.20716,-92.62514,197.76666666666668,988.7555555555556
149,2026-06-08,2026-06-08T16:04:36Z,3.455,3.455,25.993,9.72,119.83333333333333,2.9266666666666667,0.36666666666666664,1.9333333333333333,NA,8.56,126.4,240.53333333333333,0.11,156,0.33331065142442384,38.20716,-92.62514,197.3,988.6222222222221
149,2026-06-08,2026-06-08T16:04:39Z,3.5060000000000002,3.5060000000000002,25.987666666666666,9.706666666666667,119.7,2.86,0.41,1.7966666666666666,NA,8.56,126.33333333333333,240.5,0.11,156,0.3382779894755943,38.20716,-92.62514,197.26666666666668,988.7111111111111
149,2026-06-08,2026-06-08T16:04:42Z,3.542333333333333,3.542333333333333,25.986666666666665,9.683333333333334,119.43333333333334,3.07,0.44666666666666666,2.5766666666666667,NA,8.56,126.3,240.46666666666667,0.11,156,0.34177100344765016,38.20716,-92.62514,197.4,988.6666666666666
149,2026-06-08,2026-06-08T16:04:45Z,3.603,3.603,25.986,9.666666666666666,119.16666666666667,2.96,0.44333333333333336,2.3833333333333333,NA,8.56,126.3,240.56666666666666,0.11,156,0.34757757212847035,38.20715,-92.62514,197.33333333333334,988.7111111111111
149,2026-06-08,2026-06-08T16:04:48Z,3.666,3.666,25.979333333333333,9.63,118.73333333333333,2.9466666666666668,0.5,2.5566666666666666,NA,8.56,126.4,240.8,0.11,157,0.35370168753402287,38.20715,-92.62514,197.63333333333333,988.7111111111111
149,2026-06-08,2026-06-08T16:04:51Z,3.7266666666666666,3.7266666666666666,25.960333333333335,9.593333333333334,118.2,2.9766666666666666,0.54,1.7266666666666666,NA,8.546666666666667,126.56666666666666,240.86666666666667,0.11,156.66666666666666,0.3595309381237525,38.20715,-92.62514,197.73333333333332,988.7111111111111
149,2026-06-08,2026-06-08T16:04:54Z,3.7973333333333334,3.7973333333333334,25.939666666666668,9.543333333333333,117.56666666666666,2.8733333333333335,0.54,1.62,NA,8.536666666666665,126.8,240.86666666666667,0.11,157,0.3663581927054981,38.20715,-92.62514,197.66666666666666,988.6666666666666
149,2026-06-08,2026-06-08T16:04:57Z,3.8533333333333335,3.8533333333333335,25.936333333333334,9.49,116.86666666666666,2.9766666666666666,0.6033333333333334,2.5233333333333334,NA,8.53,126.9,241.16666666666666,0.11,157,0.3717564870259481,38.20715,-92.62514,197.46666666666667,988.6666666666666
149,2026-06-08,2026-06-08T16:05:00Z,3.887,3.887,25.932333333333332,9.443333333333333,116.36666666666667,2.9166666666666665,0.5066666666666667,2.1633333333333336,NA,8.526666666666666,126.93333333333334,241.2,0.11,157,0.37502268190890947,38.20715,-92.62514,197.33333333333334,988.6666666666666
149,2026-06-08,2026-06-08T16:05:03Z,3.957,3.957,25.91433333333333,9.386666666666667,115.6,2.8033333333333332,0.48,2.1066666666666665,NA,8.513333333333334,127.1,241.2,0.11,157,0.38173652694610777,38.20715,-92.62514,196.96666666666667,988.6222222222221
149,2026-06-08,2026-06-08T16:05:06Z,4.026666666666666,4.026666666666666,25.892666666666667,9.323333333333334,114.76666666666667,2.63,0.36,1.4133333333333333,NA,8.503333333333334,127.26666666666667,241.33333333333334,0.11,157,0.3885184177100345,38.20715,-92.62514,196.93333333333334,988.7555555555556
149,2026-06-08,2026-06-08T16:05:09Z,4.164666666666667,4.164666666666667,25.878,9.256666666666666,113.9,2.6233333333333335,0.31333333333333335,1.0133333333333334,NA,8.496666666666666,127.4,241.4,0.11,157,0.4018100163309744,38.20715,-92.62514,196.66666666666666,988.6666666666666
149,2026-06-08,2026-06-08T16:05:12Z,4.242,4.242,25.875,9.2,113.16666666666667,2.61,0.26,1.4466666666666668,NA,8.49,127.36666666666667,241.6,0.11,157,0.40924968245327525,38.20715,-92.62514,196.7,988.6222222222221
149,2026-06-08,2026-06-08T16:05:15Z,4.301333333333333,4.301333333333333,25.864333333333335,9.16,112.7,2.493333333333333,0.24666666666666665,0.8266666666666667,NA,8.486666666666666,127.5,241.5,0.11,157,0.4149882054073671,38.20715,-92.62513333333334,196.3,988.6666666666666
149,2026-06-08,2026-06-08T16:05:18Z,4.363333333333333,4.363333333333333,25.85066666666667,9.12,112.16666666666667,2.5,0.22333333333333333,1.1133333333333333,NA,8.48,127.5,241.7,0.11,157,0.42099891126837236,38.20715666666667,-92.62513666666666,196.66666666666666,988.6666666666666
149,2026-06-08,2026-06-08T16:05:21Z,4.41,4.41,25.832666666666668,9.076666666666666,111.56666666666666,2.5366666666666666,0.27666666666666667,0.7366666666666667,NA,8.473333333333334,127.6,241.5,0.11,157,0.42551261114135364,38.20716,-92.62514,196.83333333333334,988.6222222222221
149,2026-06-08,2026-06-08T16:05:24Z,4.447333333333334,4.447333333333334,25.8,9.023333333333333,110.9,2.433333333333333,0.3466666666666667,0.23666666666666666,NA,8.47,127.63333333333333,241.76666666666668,0.11,157,0.42905098893122845,38.20716,-92.62513333333334,197.06666666666666,988.6222222222221
149,2026-06-08,2026-06-08T16:05:27Z,4.516,4.516,25.769,8.963333333333333,110.06666666666666,2.56,0.37,-0.06999999999999999,NA,8.456666666666667,127.7,241.96666666666667,0.11,157,0.43571947015060786,38.20716,-92.62513333333334,197.4,988.5777777777778
149,2026-06-08,2026-06-08T16:05:30Z,4.562333333333333,4.562333333333333,25.711000000000002,8.906666666666666,109.26666666666667,2.42,0.37666666666666665,-0.28,NA,8.446666666666665,127.86666666666667,242.46666666666667,0.11,157.66666666666666,0.4401878062057703,38.20716,-92.62513,198.06666666666666,988.5777777777778
149,2026-06-08,2026-06-08T16:05:33Z,4.629,4.629,25.629333333333335,8.833333333333332,108.23333333333333,2.3166666666666664,0.4033333333333333,-0.8366666666666667,NA,8.413333333333334,128.2,243,0.11,158,0.44662946833605516,38.20716,-92.62513333333334,198.7,988.7111111111111
149,2026-06-08,2026-06-08T16:05:36Z,4.705666666666667,4.705666666666667,25.590333333333334,8.663333333333334,106.06666666666666,2.1666666666666665,0.33,-1.1166666666666667,NA,8.366666666666667,128.6,243.26666666666668,0.11,158,0.4540464525494466,38.20716,-92.62513333333334,199,988.6222222222221
149,2026-06-08,2026-06-08T16:05:39Z,4.799666666666667,4.799666666666667,25.553,8.473333333333333,103.63333333333333,2.0966666666666667,0.29333333333333333,-1.2466666666666666,NA,8.33,128.9,243.33333333333334,0.11,158,0.4631192161132281,38.20716,-92.62513,199.2,988.6222222222221
149,2026-06-08,2026-06-08T16:05:42Z,4.895333333333333,4.895333333333333,25.487333333333332,8.293333333333333,101.36666666666666,2.0166666666666666,0.21333333333333335,-1.47,NA,8.293333333333333,129.36666666666667,243.8,0.11,158.33333333333334,0.47237343494828526,38.20716,-92.62513,199.26666666666668,988.6666666666666
149,2026-06-08,2026-06-08T16:05:45Z,4.977333333333333,4.977333333333333,25.388333333333335,8.126666666666667,99.1,1.95,0.21666666666666667,-2.3066666666666666,NA,8.23,130.03333333333333,244.43333333333334,0.11333333333333333,159,0.4803121030665941,38.20715666666667,-92.62513,199.06666666666666,988.6666666666666
149,2026-06-08,2026-06-08T16:05:51Z,5.043666666666667,5.043666666666667,25.072,7.76,94.16666666666667,1.5466666666666666,0.08333333333333333,-3.3433333333333333,NA,8.116666666666667,131.1,246.46666666666667,0.12,160,0.48673108328796955,38.20716,-92.62513,198.73333333333332,988.5777777777778
149,2026-06-08,2026-06-08T16:05:54Z,5.078,5.078,25.100333333333335,7.58,91.96666666666667,1.4366666666666665,0.07,-3.236666666666667,NA,8.07,131.5,246.43333333333334,0.12,160,0.49001996007984033,38.20716,-92.62513,198.66666666666666,988.7111111111111
149,2026-06-08,2026-06-08T16:05:57Z,5.132,5.132,25.062666666666665,7.3966666666666665,89.66666666666667,1.3266666666666667,0.06333333333333334,-3.8,NA,8.026666666666666,131.9,246.56666666666666,0.12,160,0.4952141172201053,38.20716,-92.62513,198.76666666666668,988.7111111111111
149,2026-06-08,2026-06-08T16:06:00Z,5.204666666666666,5.204666666666666,24.941333333333333,7.21,87.26666666666667,1.2033333333333334,0.06666666666666667,-3.7666666666666666,NA,7.97,132.63333333333333,247.1,0.12,161,0.5022681908909454,38.20716,-92.62513,198.83333333333334,988.6666666666666
149,2026-06-08,2026-06-08T16:06:03Z,5.256333333333333,5.256333333333333,24.795333333333332,7.033333333333333,84.93333333333334,1.08,0.04,-3.8,NA,7.93,133.26666666666668,247.46666666666667,0.12,161,0.5072808927599347,38.20716,-92.62513,198.9,988.6666666666666
149,2026-06-08,2026-06-08T16:06:06Z,5.306,5.306,24.644,6.903333333333333,83.06666666666666,1.0166666666666666,0.04,-4.166666666666666,NA,7.876666666666667,133.76666666666668,248.3,0.12,161,0.5120894574487389,38.20716,-92.62513,199.03333333333333,988.5777777777778
149,2026-06-08,2026-06-08T16:06:09Z,5.348,5.348,24.609666666666666,6.713333333333333,80.7,0.9233333333333333,0.06666666666666667,-4.53,NA,7.823333333333333,134.2,247.96666666666667,0.12,161,0.5161722010524407,38.20716,-92.62513,198.83333333333334,988.7111111111111
149,2026-06-08,2026-06-08T16:06:12Z,5.424,5.424,24.437666666666665,6.543333333333333,78.46666666666667,0.8933333333333333,0.04,-4.126666666666667,NA,7.79,134.63333333333333,248.6,0.12,161.66666666666666,0.5234984576301942,38.20716,-92.62513,198.56666666666666,988.6666666666666
149,2026-06-08,2026-06-08T16:06:15Z,5.482,5.482,24.396,6.39,76.53333333333333,0.9733333333333334,0.016666666666666666,-5.3133333333333335,NA,7.76,134.9,248.63333333333333,0.12,162,0.5291008891308293,38.20716,-92.62513,198.63333333333333,988.6666666666666
149,2026-06-08,2026-06-08T16:06:18Z,5.509333333333333,5.509333333333333,24.360333333333333,6.273333333333333,75.1,0.9299999999999999,0.02666666666666667,-4.983333333333333,NA,7.736666666666667,135.26666666666665,248.73333333333332,0.12,162,0.5317546724732354,38.20716,-92.62513,198.66666666666666,988.6666666666666
149,2026-06-08,2026-06-08T16:06:21Z,5.550666666666666,5.550666666666666,24.342,6.183333333333334,73.96666666666667,0.8766666666666667,0.01,-3.6266666666666665,NA,7.716666666666667,135.46666666666667,248.96666666666667,0.12,162,0.5357466884412992,38.20716,-92.62513,198.7,988.5333333333333
149,2026-06-08,2026-06-08T16:06:24Z,5.626,5.626,24.262333333333334,6.113333333333333,73.03333333333333,0.8133333333333334,0.02,-3.18,NA,7.69,136,249.26666666666665,0.12,162,0.543027581201234,38.20716,-92.62513,198.7,988.7555555555556
149,2026-06-08,2026-06-08T16:06:27Z,5.678,5.678,24.230333333333334,6.036666666666666,72.1,0.8133333333333334,-0.05333333333333334,-3.3866666666666667,NA,7.67,136.3,249.56666666666666,0.12,162,0.5480402830702232,38.20716,-92.62513,198.63333333333333,988.6222222222221
149,2026-06-08,2026-06-08T16:06:30Z,5.737666666666667,5.737666666666667,24.182333333333332,5.986666666666666,71.36666666666667,0.7433333333333333,-0.026666666666666665,-4.8,NA,7.653333333333333,136.53333333333333,249.86666666666667,0.12,162,0.5538241698421339,38.20716,-92.62513,198.76666666666668,988.6222222222221
149,2026-06-08,2026-06-08T16:06:33Z,5.8,5.8,24.164666666666665,5.9366666666666665,70.8,0.7733333333333333,-0.04,-4.74,NA,7.6433333333333335,136.73333333333332,250,0.12,162.33333333333334,0.5598348757031392,38.20716,-92.62513,198.76666666666668,988.5777777777778
149,2026-06-08,2026-06-08T16:06:36Z,5.853,5.853,24.146,5.8933333333333335,70.23333333333333,0.8266666666666667,-0.03,-4.536666666666667,NA,7.633333333333333,136.9,249.96666666666667,0.12,162.33333333333334,0.5649609871166758,38.20716,-92.62513,198.86666666666667,988.7111111111111
149,2026-06-08,2026-06-08T16:06:39Z,5.926333333333333,5.926333333333333,24.124333333333333,5.8533333333333335,69.76666666666667,0.7833333333333333,-0.023333333333333334,-5.75,NA,7.623333333333333,137.1,250.13333333333333,0.12,163,0.57201506078751585,38.20716,-92.62513,198.6,988.6666666666666
149,2026-06-08,2026-06-08T16:06:42Z,5.973,5.973,24.109,5.823333333333333,69.36666666666667,0.8333333333333333,-0.006666666666666667,-5.13,NA,7.613333333333333,137.26666666666668,250.03333333333333,0.12,162.66666666666666,0.5765741244783161,38.20716,-92.62513,198.70000000000002,988.6222222222221
149,2026-06-08,2026-06-08T16:06:45Z,6.0263333333333335,6.0263333333333335,24.107,5.8,69.03333333333333,0.8166666666666667,0.026666666666666665,-4.636666666666667,NA,7.61,137.4,250.26666666666668,0.12,163,0.5817002358918527,38.20716,-92.62513,198.7,988.5777777777778
149,2026-06-08,2026-06-08T16:06:48Z,6.085333333333334,6.085333333333334,24.104666666666667,5.773333333333333,68.76666666666667,0.8066666666666666,0.02666666666666667,-4.5200000000000005,NA,7.6066666666666665,137.56666666666666,250.06666666666666,0.12,163,0.587416076937035,38.20716,-92.62513666666666,198.5,988.5777777777778
149,2026-06-08,2026-06-08T16:06:51Z,6.131333333333333,6.131333333333333,24.107333333333333,5.753333333333333,68.53333333333333,0.8666666666666667,0,-4.806666666666667,NA,7.6,137.66666666666666,250.4,0.12,163,0.591816367265469,38.20716,-92.62514,198.73333333333332,988.5333333333333
149,2026-06-08,2026-06-08T16:06:54Z,6.183,6.183,24.096333333333334,5.743333333333333,68.36666666666667,0.8366666666666667,0.04666666666666667,-4.62,NA,7.596666666666667,137.9,250.43333333333334,0.12,163,0.5968063872255489,38.20716,-92.62514,198.3,988.5777777777778
149,2026-06-08,2026-06-08T16:06:57Z,6.256,6.256,24.073,5.73,68.2,0.8233333333333334,0.04666666666666667,-3.0966666666666667,NA,7.59,138.1,250.4,0.12,163,0.6038831428052985,38.20716,-92.62513666666666,198.70000000000002,988.5333333333333
149,2026-06-08,2026-06-08T16:07:00Z,6.357,6.357,24.062,5.716666666666667,68.03333333333333,0.79,-0.006666666666666665,-2.8666666666666667,NA,7.59,138.23333333333332,250.46666666666667,0.12,163,0.6136136817274542,38.20716,-92.62513,198.86666666666667,988.7111111111111
149,2026-06-08,2026-06-08T16:07:03Z,6.414666666666666,6.414666666666666,24.044666666666668,5.706666666666667,67.86666666666667,0.7866666666666667,0.02666666666666667,-4.28,NA,7.58,138.36666666666667,250.4,0.12,163,0.6191934313191798,38.20716,-92.62513,199.16666666666666,988.6666666666666
149,2026-06-08,2026-06-08T16:07:06Z,6.477,6.477,24.014666666666667,5.6866666666666665,67.66666666666667,0.78,-0.03333333333333333,-3.356666666666667,NA,7.58,138.46666666666667,250.66666666666666,0.12,163,0.6251814552712757,38.20716,-92.62513,199.13333333333333,988.6666666666666
149,2026-06-08,2026-06-08T16:07:09Z,6.541333333333333,6.541333333333333,23.934,5.663333333333333,67.23333333333333,0.7066666666666667,-0.03666666666666667,-3.9,NA,7.573333333333333,138.7,251.13333333333333,0.12,163,0.6314189802213754,38.20716,-92.62513,199.2,988.6666666666666
149,2026-06-08,2026-06-08T16:07:12Z,6.601666666666667,6.601666666666667,23.871,5.63,66.76666666666667,0.7166666666666667,-0.030000000000000002,-5.006666666666667,NA,7.5633333333333335,138.86666666666667,251.33333333333334,0.12,163,0.6372709127200146,38.20716,-92.62513,198.63333333333333,988.6222222222221
149,2026-06-08,2026-06-08T16:07:15Z,6.648666666666666,6.648666666666666,23.829666666666668,5.593333333333334,66.3,0.66,-0.04,-6.07,NA,7.556666666666667,139.06666666666666,251.53333333333333,0.12,163.33333333333334,0.6417846125929958,38.20716,-92.62513,198.4,988.6666666666666
149,2026-06-08,2026-06-08T16:07:18Z,6.668666666666667,6.668666666666667,23.801,5.553333333333333,65.76666666666667,0.72,-0.0033333333333333335,-5.656666666666666,NA,7.55,139.23333333333332,251.46666666666667,0.12,163,0.643735256759209,38.20716,-92.62513,198.6,988.6222222222221
149,2026-06-08,2026-06-08T16:07:21Z,6.718,6.718,23.776,5.516666666666667,65.3,0.6900000000000001,-0.03,-5.026666666666667,NA,7.54,139.4,251.5,0.12,163,0.6485211395391036,38.20716,-92.62513,198.86666666666667,988.6222222222221
149,2026-06-08,2026-06-08T16:07:24Z,6.791333333333333,6.791333333333333,23.724666666666668,5.473333333333334,64.76666666666667,0.7233333333333333,-0.02666666666666667,-5.723333333333334,NA,7.533333333333333,139.6,251.56666666666666,0.12,163.33333333333334,0.6555978951188531,38.20716,-92.62513,199.16666666666666,988.7555555555556
149,2026-06-08,2026-06-08T16:07:27Z,6.8486666666666665,6.8486666666666665,23.678333333333335,5.4366666666666665,64.23333333333333,0.7233333333333333,-0.013333333333333334,-5.226666666666667,NA,7.523333333333333,139.9,251.73333333333332,0.12,164,0.6611322808927599,38.20716,-92.62513,199.33333333333334,988.6666666666666
149,2026-06-08,2026-06-08T16:07:30Z,6.917666666666666,6.917666666666666,23.676,5.3933333333333335,63.7,0.7133333333333333,0.0033333333333333327,-3.3,NA,7.516666666666667,140.06666666666666,251.9,0.12,164,0.6677780802032299,38.20716,-92.62512666666666,199.2,988.6222222222221
149,2026-06-08,2026-06-08T16:07:33Z,6.9863333333333335,6.9863333333333335,23.668333333333333,5.363333333333333,63.36666666666667,0.71,0.023333333333333334,-4.65,NA,7.51,140.23333333333332,252.06666666666666,0.12,164,0.6744238795136999,38.20716,-92.62512,199.23333333333332,988.5777777777778
149,2026-06-08,2026-06-08T16:07:36Z,7.055,7.055,23.629,5.336666666666667,62.96666666666667,0.7166666666666667,0.060000000000000005,-6.1,NA,7.503333333333333,140.5,252.13333333333333,0.12,164,0.6810696788241698,38.20716,-92.62512333333333,199.03333333333333,988.8000000000001
149,2026-06-08,2026-06-08T16:07:39Z,7.1113333333333335,7.1113333333333335,23.604666666666667,5.303333333333334,62.56666666666667,0.7033333333333334,0,-5.17,NA,7.5,140.7,252.5,0.12,164,0.6865360188713482,38.20716,-92.62512,198.6,988.7111111111111
149,2026-06-08,2026-06-08T16:07:42Z,7.151,7.151,23.579,5.28,62.266666666666666,0.63,0.023333333333333334,-4.756666666666667,NA,7.496666666666667,140.73333333333332,252.63333333333333,0.12,164,0.690369261477046,38.20716,-92.62512333333333,198.66666666666666,988.7555555555556
149,2026-06-08,2026-06-08T16:07:45Z,7.25,7.25,23.557333333333332,5.256666666666667,61.96666666666667,0.6633333333333333,-0.02666666666666667,-3.9333333333333336,NA,7.49,140.9,252.83333333333334,0.12,164,0.6999410270368355,38.20716,-92.62513,198.73333333333335,988.6222222222221
149,2026-06-08,2026-06-08T16:07:48Z,7.294666666666667,7.294666666666667,23.552333333333333,5.236666666666667,61.7,0.6466666666666667,-0.03666666666666667,-3.83,NA,7.49,141,252.96666666666667,0.12,164,0.7042505897296316,38.20716,-92.62513,199.03333333333333,988.6666666666666
149,2026-06-08,2026-06-08T16:07:51Z,7.342333333333333,7.342333333333333,23.553333333333335,5.22,61.53333333333333,0.6633333333333333,-0.03333333333333333,-3.9,NA,7.49,141.1,253.06666666666666,0.12,164.33333333333334,0.7088096534204319,38.20716,-92.62513,198.86666666666667,988.7555555555556
149,2026-06-08,2026-06-08T16:07:54Z,7.3740000000000006,7.3740000000000006,23.553333333333335,5.206666666666667,61.36666666666667,0.64,-0.04,-4.516666666666667,NA,7.483333333333333,141.16666666666666,252.96666666666667,0.12,164,0.7118943930321175,38.20716,-92.62513,199,988.7555555555556
149,2026-06-08,2026-06-08T16:07:57Z,7.417666666666666,7.417666666666666,23.547666666666665,5.2,61.266666666666666,0.6333333333333333,-0.06666666666666667,-3.3233333333333333,NA,7.48,141.23333333333332,252.96666666666667,0.12,164,0.716113228089276,38.20716,-92.62513,199,988.6666666666666
149,2026-06-08,2026-06-08T16:08:00Z,7.475,7.475,23.545,5.19,61.16666666666667,0.6333333333333333,-0.13,-4.386666666666667,NA,7.48,141.33333333333334,252.8,0.12,164,0.7216476138631828,38.207166666666666,-92.62513,198.76666666666665,988.6666666666666
149,2026-06-08,2026-06-08T16:08:03Z,7.501666666666667,7.501666666666667,23.534666666666666,5.18,61.1,0.6566666666666667,0.003333333333333332,-3.83,NA,7.48,141.43333333333334,252.7,0.12,164,0.7242106695699511,38.207166666666666,-92.62513,198.66666666666666,988.6222222222221
149,2026-06-08,2026-06-08T16:08:06Z,7.548666666666667,7.548666666666667,23.528,5.18,61.03333333333333,0.67,0.003333333333333334,-3.0266666666666664,NA,7.48,141.5,252.76666666666665,0.12,164,0.7287470513518418,38.20717,-92.62513,198.56666666666666,988.7111111111111
149,2026-06-08,2026-06-08T16:08:09Z,7.570666666666667,7.570666666666667,23.522333333333332,5.18,61,0.6833333333333333,0,-2.5366666666666666,NA,7.48,141.7,252.73333333333335,0.12,164,0.730856468880421,38.20717,-92.62513,198.8,988.7111111111111
149,2026-06-08,2026-06-08T16:08:12Z,7.5953333333333335,7.5953333333333335,23.520666666666667,5.18,61.06666666666667,0.7133333333333333,-0.03333333333333333,-2.6966666666666668,NA,7.473333333333334,141.86666666666667,252.73333333333332,0.12,164,0.7332380693159136,38.207166666666666,-92.62513,198.33333333333334,988.6666666666666
149,2026-06-08,2026-06-08T16:08:15Z,7.638,7.638,23.519,5.18,61.06666666666667,0.65,0.006666666666666667,-3.3933333333333335,NA,7.48,141.8,252.56666666666666,0.12,164,0.7373434948285248,38.20717,-92.62512666666666,197.73333333333332,988.6666666666666
149,2026-06-08,2026-06-08T16:08:18Z,7.696666666666667,7.696666666666667,23.513666666666666,5.18,61,0.6466666666666667,-0.003333333333333334,-5.583333333333333,NA,7.47,141.9,252.56666666666666,0.12,164,0.7430366539647977,38.20717,-92.62512,197.66666666666669,988.6666666666666
149,2026-06-08,2026-06-08T16:08:21Z,7.77,7.77,23.50733333333333,5.166666666666667,60.83333333333333,0.6166666666666667,-0.07333333333333333,-5.733333333333333,NA,7.47,142,252.7,0.12,164,0.7501360914534567,38.20717,-92.62512,197.8,988.6666666666666
149,2026-06-08,2026-06-08T16:08:24Z,7.825666666666667,7.825666666666667,23.504333333333335,5.153333333333333,60.66666666666667,0.6133333333333333,-0.02666666666666667,-5.54,NA,7.47,142.1,252.8,0.12,164,0.7555117038649973,38.20716,-92.62512,197.83333333333334,988.6666666666666
149,2026-06-08,2026-06-08T16:08:27Z,7.918,7.918,23.496333333333332,5.136666666666667,60.5,0.59,-0.04,-5.1866666666666665,NA,7.47,142.2,252.96666666666667,0.12,164,0.7644030121575032,38.20716,-92.62512,197.53333333333333,988.7111111111111
149,2026-06-08,2026-06-08T16:08:30Z,7.9959999999999996,7.9959999999999996,23.490333333333332,5.12,60.3,0.61,-0.09,-4.46,NA,7.47,142.36666666666667,253,0.12,164.33333333333334,0.7719107240065324,38.20716,-92.62512,197.53333333333333,988.7111111111111
149,2026-06-08,2026-06-08T16:08:33Z,8.048333333333334,8.048333333333334,23.486333333333334,5.11,60.2,0.59,-0.05333333333333334,-3.663333333333333,NA,7.47,142.4,252.76666666666668,0.12,164,0.7769687896933406,38.20716,-92.62512,197.83333333333334,988.6666666666666
149,2026-06-08,2026-06-08T16:08:36Z,8.095,8.095,23.481333333333335,5.11,60.13333333333333,0.5933333333333334,-0.07666666666666666,-3.033333333333333,NA,7.463333333333333,142.56666666666666,252.8,0.12,164,0.7815505352930503,38.20716,-92.62512,198.03333333333333,988.7111111111111
149,2026-06-08,2026-06-08T16:08:39Z,8.155333333333333,8.155333333333333,23.472666666666665,5.096666666666667,60,0.66,-0.006666666666666666,-3.37,NA,7.46,142.73333333333332,252.76666666666668,0.12,164,0.7873117401560515,38.20716,-92.62512,197.63333333333333,988.7111111111111
149,2026-06-08,2026-06-08T16:08:42Z,8.233,8.233,23.466,5.086666666666667,59.83333333333333,0.6333333333333333,0.006666666666666667,-2.5833333333333335,NA,7.46,142.9,252.86666666666667,0.12,164,0.7948421339139902,38.20716,-92.62512,197.33333333333334,988.6666666666666
149,2026-06-08,2026-06-08T16:08:45Z,8.313666666666666,8.313666666666666,23.461,5.08,59.733333333333334,0.64,-1.1576116945808772e-18,-2.96,NA,7.46,143,252.8,0.12,164,0.8026220286699328,38.20716,-92.62512,197.2,988.7111111111111
149,2026-06-08,2026-06-08T16:08:48Z,8.386666666666667,8.386666666666667,23.457,5.08,59.733333333333334,0.66,0.02,-2.4766666666666666,NA,7.46,143,252.76666666666668,0.12,164,0.809676102340773,38.20716,-92.62512,197.46666666666667,988.7111111111111
149,2026-06-08,2026-06-08T16:08:51Z,8.428,8.428,23.454666666666665,5.08,59.7,0.66,0.04666666666666667,-2.7533333333333334,NA,7.456666666666667,143.16666666666666,252.83333333333334,0.12,164,0.8136454363999275,38.20716,-92.62512,197.96666666666667,988.5333333333333
149,2026-06-08,2026-06-08T16:08:54Z,8.493666666666666,8.493666666666666,23.450333333333333,5.08,59.7,0.6566666666666667,-0.0033333333333333335,-5.236666666666666,NA,7.453333333333333,143.23333333333332,252.8,0.12,164,0.819973688985665,38.20716,-92.62512333333333,197.93333333333334,988.7555555555556
149,2026-06-08,2026-06-08T16:08:57Z,8.545333333333334,8.545333333333334,23.444666666666667,5.08,59.7,0.6433333333333333,-0.013333333333333332,-5.013333333333334,NA,7.45,143.3,252.7,0.12,164,0.8249637089457449,38.20716,-92.62513,198.16666666666666,988.6222222222221
149,2026-06-08,2026-06-08T16:09:00Z,8.602,8.602,23.437,5.076666666666667,59.7,0.5966666666666667,-0.016666666666666666,-5.863333333333333,NA,7.453333333333333,143.3,252.5,0.12,164,0.8304527309018327,38.20716,-92.62513,198.3,988.6666666666666
149,2026-06-08,2026-06-08T16:09:03Z,8.652333333333333,8.652333333333333,23.424666666666667,5.08,59.7,0.61,-0.043333333333333335,-5.693333333333333,NA,7.456666666666667,143.36666666666667,252.6,0.12,164,0.8353293413173652,38.20716,-92.62513,198.13333333333333,988.7111111111111
149,2026-06-08,2026-06-08T16:09:06Z,8.713333333333333,8.713333333333333,23.417666666666666,5.07,59.63333333333333,0.58,-0.07333333333333333,-6.533333333333333,NA,7.45,143.43333333333334,252.7,0.12,164,0.8412039557249138,38.20716,-92.62513,197.96666666666667,988.6666666666666
149,2026-06-08,2026-06-08T16:09:09Z,8.735666666666667,8.735666666666667,23.415666666666667,5.07,59.6,0.5766666666666667,-0.03666666666666667,-5.863333333333333,NA,7.456666666666667,143.4,252.73333333333332,0.12,164,0.8433814189802213,38.20716,-92.62513,197.96666666666667,988.7555555555556
149,2026-06-08,2026-06-08T16:09:12Z,8.788,8.788,23.413333333333334,5.06,59.5,0.6233333333333333,-0.043333333333333335,-4.673333333333334,NA,7.46,143.4,252.8,0.12,164,0.8484168027581201,38.20716,-92.62513,198.16666666666666,988.7555555555556
149,2026-06-08,2026-06-08T16:09:15Z,8.843333333333334,8.843333333333334,23.407333333333334,5.06,59.46666666666667,0.58,-0.09,-5.1000000000000005,NA,7.46,143.46666666666667,252.73333333333332,0.12,164,0.8537243694429324,38.20716,-92.62513,198.23333333333332,988.7111111111111
149,2026-06-08,2026-06-08T16:09:18Z,8.900666666666666,8.900666666666666,23.38866666666667,5.05,59.33333333333333,0.5833333333333333,-0.03666666666666667,-5.833333333333333,NA,7.46,143.5,252.76666666666668,0.12,164,0.8592814371257484,38.20716,-92.62513,198.06666666666666,988.7111111111111
149,2026-06-08,2026-06-08T16:09:21Z,8.958666666666666,8.958666666666666,23.387333333333334,5.04,59.233333333333334,0.6366666666666667,0.01,-5.203333333333333,NA,7.453333333333333,143.5,252.7,0.12,164,0.8649065505352931,38.20716,-92.62513,197.9,988.6666666666666
149,2026-06-08,2026-06-08T16:09:24Z,8.99,8.99,23.361,5.026666666666666,59,0.64,0.01,-3.5633333333333335,NA,7.45,143.6,252.96666666666667,0.12,164.33333333333334,0.8679232444202504,38.20716,-92.62513,197.83333333333334,988.7111111111111
149,2026-06-08,2026-06-08T16:09:27Z,9.019,9.019,23.323999999999998,5.003333333333333,58.733333333333334,0.6566666666666667,0,-3.24,NA,7.45,143.7,253.06666666666666,0.12,164.33333333333334,0.8707131192161133,38.20716,-92.62513,197.86666666666667,988.7111111111111
149,2026-06-08,2026-06-08T16:09:30Z,9.065666666666667,9.065666666666667,23.301,4.97,58.333333333333336,0.6366666666666667,-0.006666666666666666,-2.466666666666667,NA,7.443333333333333,143.86666666666667,253.16666666666666,0.12,165,0.875249500998004,38.20716,-92.62513,198.03333333333333,988.7111111111111
149,2026-06-08,2026-06-08T16:09:33Z,9.139,9.139,23.289666666666665,4.94,57.93333333333333,0.6266666666666667,-0.03666666666666667,-2.4533333333333336,NA,7.44,144,253.06666666666666,0.12,164.33333333333334,0.8823035746688441,38.20716,-92.62513,198.4,988.7111111111111
149,2026-06-08,2026-06-08T16:09:36Z,9.181333333333333,9.181333333333333,23.285666666666668,4.91,57.6,0.6,-0.03,-3.96,NA,7.44,144,252.96666666666667,0.12,164.33333333333334,0.8864090001814553,38.20716,-92.62513666666666,198.43333333333334,988.7555555555556
149,2026-06-08,2026-06-08T16:09:39Z,9.238333333333333,9.238333333333333,23.276,4.886666666666667,57.3,0.63,-0.06666666666666667,-4.6433333333333335,NA,7.44,144.03333333333333,252.83333333333334,0.12,164,0.891943385955362,38.20716,-92.62514,198.83333333333334,988.6666666666666
149,2026-06-08,2026-06-08T16:09:42Z,9.296666666666667,9.296666666666667,23.267,4.866666666666667,57.06666666666667,0.6133333333333333,-0.04,-4.516666666666667,NA,7.43,144.13333333333333,252.96666666666667,0.12,164,0.8975458174559972,38.20715666666667,-92.62513333333334,198.83333333333334,988.8000000000001
149,2026-06-08,2026-06-08T16:09:45Z,9.360333333333333,9.360333333333333,23.25733333333333,4.85,56.83333333333333,0.6166666666666667,-0.03666666666666667,-5.533333333333333,NA,7.43,144.2,253.03333333333333,0.12,164,0.9036926147704591,38.20715666666667,-92.62513,198.73333333333332,988.7111111111111
149,2026-06-08,2026-06-08T16:09:48Z,9.48,9.48,23.228666666666665,4.83,56.6,0.6,-0.02666666666666667,-5.8966666666666665,NA,7.43,144.2,252.96666666666667,0.12,164.33333333333334,0.9152377064053712,38.20716,-92.62513,198.56666666666666,988.6666666666666
149,2026-06-08,2026-06-08T16:09:51Z,9.583333333333334,9.583333333333334,23.180333333333333,4.803333333333334,56.233333333333334,0.5533333333333333,-0.03333333333333333,-5.323333333333333,NA,7.426666666666667,144.23333333333332,253.16666666666666,0.12,164.66666666666666,0.9252404282344402,38.20716,-92.62513,198.3,988.6666666666666
149,2026-06-08,2026-06-08T16:09:54Z,9.684333333333333,9.684333333333333,23.125,4.76,55.63333333333333,0.5466666666666667,-0.04666666666666667,-5.423333333333333,NA,7.413333333333333,144.7,252.73333333333332,0.12,164,0.9350163309744148,38.20716,-92.62513,198.13333333333333,988.7111111111111
149,2026-06-08,2026-06-08T16:09:57Z,9.782666666666668,9.782666666666668,23.072333333333333,4.706666666666667,55,0.56,-0.05666666666666667,-5.276666666666666,NA,7.406666666666667,144.83333333333334,253.06666666666666,0.12,164.66666666666666,0.9445427327163854,38.20716,-92.62513,198.1,988.7555555555556
149,2026-06-08,2026-06-08T16:10:00Z,9.890666666666666,9.890666666666666,23.034333333333333,4.66,54.4,0.58,-0.05,-4.626666666666667,NA,7.4,144.9,253,0.12,164.33333333333334,0.9549537289058248,38.207166666666666,-92.62514,198.16666666666666,988.7555555555556
149,2026-06-08,2026-06-08T16:10:03Z,9.936,9.936,23.015333333333334,4.613333333333333,53.833333333333336,0.56,0.006666666666666665,-4.75,NA,7.4,144.93333333333334,253.36666666666667,0.12,165,0.9593540192342588,38.207163333333334,-92.62513,197.83333333333331,988.7555555555556
149,2026-06-08,2026-06-08T16:10:06Z,9.996666666666668,9.996666666666668,23.001666666666665,4.58,53.4,0.58,0.01,-5.07,NA,7.3933333333333335,145.1,253.2,0.12,165,0.9652059517328979,38.20716,-92.62513,197.76666666666668,988.8000000000001
149,2026-06-08,2026-06-08T16:10:09Z,10.054666666666668,10.054666666666668,22.996666666666666,4.556666666666667,53.13333333333333,0.6366666666666667,0.03666666666666667,-5.33,NA,7.39,145.06666666666666,253.26666666666668,0.12,165,0.9708083832335329,38.207163333333334,-92.62513,197.6,988.6222222222221
149,2026-06-08,2026-06-08T16:10:12Z,10.114666666666666,10.114666666666666,22.985,4.536666666666667,52.93333333333333,0.58,0.02666666666666667,-5.19,NA,7.39,145.16666666666666,253.23333333333332,0.12,165,0.9766149519143531,38.20717,-92.62513,197.76666666666665,988.6222222222221
149,2026-06-08,2026-06-08T16:10:15Z,10.187666666666667,10.187666666666667,22.988666666666667,4.52,52.733333333333334,0.6166666666666667,0.0033333333333333327,-4.753333333333333,NA,7.39,145.2,253.33333333333334,0.12,165,0.9836690255851933,38.20717,-92.62513,198.13333333333333,988.5777777777778
149,2026-06-08,2026-06-08T16:10:18Z,10.248333333333333,10.248333333333333,23.016,4.51,52.63333333333333,0.59,-0.043333333333333335,-5.296666666666667,NA,7.39,145.26666666666668,253.1,0.12,165,0.9894982761749229,38.20717,-92.62513,198.96666666666667,988.7555555555556
149,2026-06-08,2026-06-08T16:10:21Z,10.314333333333334,10.314333333333334,23.017,4.503333333333333,52.6,0.5533333333333333,-0.043333333333333335,-4.32,NA,7.39,145.23333333333332,253.06666666666666,0.12,164.33333333333334,0.99584921066957,38.20717,-92.62513333333334,199.3,988.7111111111111
149,2026-06-08,2026-06-08T16:10:24Z,10.377666666666666,10.377666666666666,23.023666666666667,4.5,52.56666666666667,0.5666666666666667,-0.08333333333333333,-3.8866666666666667,NA,7.39,145.23333333333332,253.2,0.12,165,1.0019733260751225,38.20717,-92.62513666666666,199.93333333333334,988.7555555555556
149,2026-06-08,2026-06-08T16:10:27Z,10.510666666666667,10.510666666666667,23.006,4.5,52.5,0.55,-0.03666666666666667,-3.9966666666666666,NA,7.39,145.36666666666667,253.26666666666668,0.12,165,1.0148112865178733,38.20717,-92.62513333333334,199.63333333333333,988.6666666666666
149,2026-06-08,2026-06-08T16:10:30Z,10.629999999999999,10.629999999999999,22.954333333333334,4.49,52.333333333333336,0.56,-0.09,-3.6266666666666665,NA,7.386666666666667,145.5,253.5,0.12,165,1.0263563781527854,38.20717,-92.62513,199.6,988.6222222222221
149,2026-06-08,2026-06-08T16:10:33Z,10.763,10.763,22.862333333333332,4.46,51.9,0.56,-0.0033333333333333335,-3.6566666666666667,NA,7.38,145.7,253.26666666666668,0.12,165,1.0392623843222646,38.207166666666666,-92.62513,199.7,988.8000000000001
149,2026-06-08,2026-06-08T16:10:36Z,10.836333333333334,10.836333333333334,22.816000000000003,4.42,51.36666666666667,0.5633333333333334,-0.06,-4.136666666666667,NA,7.37,145.8,253.23333333333332,0.12,164.66666666666666,1.0463164579931046,38.20716,-92.62513,199.2,988.7111111111111
149,2026-06-08,2026-06-08T16:10:39Z,10.872666666666667,10.872666666666667,22.805,4.383333333333333,50.96666666666667,0.5466666666666667,-0.04666666666666666,-4.67,NA,7.37,145.8,253.26666666666668,0.12,165,1.0498094719651605,38.20716,-92.62513,199.43333333333334,988.7111111111111
149,2026-06-08,2026-06-08T16:10:42Z,10.920666666666667,10.920666666666667,22.789333333333335,4.36,50.66666666666667,0.5966666666666667,0.023333333333333334,-5.213333333333334,NA,7.37,145.8,253.23333333333332,0.12,164.66666666666666,1.054481945200508,38.20717,-92.62512666666666,199.4,988.7111111111111
149,2026-06-08,2026-06-08T16:10:45Z,10.984666666666666,10.984666666666666,22.771,4.34,50.4,0.6066666666666667,0.04,-5.423333333333333,NA,7.37,145.83333333333334,253,0.12,164.33333333333334,1.0606967882416984,38.20717,-92.62512,199.33333333333334,988.7555555555556
149,2026-06-08,2026-06-08T16:10:48Z,11.069333333333333,11.069333333333333,22.759333333333334,4.316666666666666,50.13333333333333,0.5866666666666667,-0.02,-4.53,NA,7.363333333333333,145.96666666666667,253.06666666666666,0.12,164.66666666666666,1.0688395935401924,38.20717,-92.62512333333333,199.4,988.7111111111111
149,2026-06-08,2026-06-08T16:10:51Z,11.207,11.207,22.749666666666666,4.3,49.9,0.5866666666666667,-0.006666666666666667,-4.62,NA,7.36,146.03333333333333,253.13333333333333,0.12,164.66666666666666,1.0821085102522228,38.20717,-92.62512666666666,198.86666666666667,988.6222222222223
149,2026-06-08,2026-06-08T16:10:54Z,11.239333333333335,11.239333333333335,22.742333333333335,4.286666666666667,49.766666666666666,0.5766666666666667,-0.06333333333333334,-4.333333333333333,NA,7.36,146.2,253.03333333333333,0.12,164.66666666666666,1.0852839774995464,38.20717,-92.62513,198.46666666666667,988.8000000000001
149,2026-06-08,2026-06-08T16:10:57Z,11.321,11.321,22.727333333333334,4.27,49.53333333333333,0.5633333333333334,0.01,-3.3833333333333333,NA,7.36,146.26666666666668,252.76666666666668,0.12,164,1.093154599891127,38.20717,-92.62512666666666,198.23333333333335,988.7555555555556
149,2026-06-08,2026-06-08T16:11:00Z,11.369,11.369,22.711,4.253333333333333,49.33333333333333,0.5766666666666667,-0.06333333333333332,-3.3033333333333332,NA,7.3533333333333335,146.33333333333334,253,0.12,164,1.0977817093086555,38.20716,-92.62512333333333,198.16666666666669,988.7555555555556
149,2026-06-08,2026-06-08T16:11:03Z,11.431000000000001,11.431000000000001,22.706,4.24,49.16666666666667,0.5333333333333333,-0.02666666666666667,-3.58,NA,7.35,146.4,253.16666666666666,0.12,164.66666666666666,1.1037924151696608,38.20716,-92.62513,198.43333333333334,988.7555555555556
149,2026-06-08,2026-06-08T16:11:06Z,11.470333333333333,11.470333333333333,22.702333333333332,4.223333333333334,48.96666666666667,0.5166666666666667,-0.09,-3.466666666666667,NA,7.35,146.4,253.16666666666666,0.12,164.66666666666666,1.1075802939575394,38.20716,-92.62513,198.46666666666667,988.6666666666666
149,2026-06-08,2026-06-08T16:11:09Z,11.569666666666667,11.569666666666667,22.682666666666666,4.206666666666667,48.8,0.53,-0.07333333333333333,-2.7533333333333334,NA,7.35,146.46666666666667,253.56666666666666,0.12,165,1.117152059517329,38.20716,-92.62513,198.56666666666666,988.7555555555556
149,2026-06-08,2026-06-08T16:11:12Z,11.671333333333333,11.671333333333333,22.683333333333334,4.183333333333334,48.53333333333333,0.5133333333333333,-0.09333333333333334,-3.5433333333333334,NA,7.35,146.5,253.5,0.12,165,1.1269733260751225,38.20716,-92.62513,198.8,988.7555555555556
149,2026-06-08,2026-06-08T16:11:15Z,11.743333333333334,11.743333333333334,22.675666666666665,4.173333333333333,48.36666666666667,0.51,-0.09,-3.1533333333333333,NA,7.35,146.53333333333333,253.5,0.12,165,1.133936672110325,38.20716,-92.62513,198.86666666666667,988.8000000000001
149,2026-06-08,2026-06-08T16:11:18Z,11.808666666666667,11.808666666666667,22.659666666666666,4.156666666666667,48.16666666666667,0.5366666666666667,-0.03666666666666667,-2.8633333333333333,NA,7.35,146.73333333333332,253.46666666666667,0.12,165,1.140242242787153,38.20716,-92.62513,198.96666666666667,988.6666666666666
149,2026-06-08,2026-06-08T16:11:24Z,11.862666666666666,11.862666666666666,22.64,4.12,47.733333333333334,0.55,0.016666666666666666,-3.13,NA,7.34,146.8,253.7,0.12,165,1.1454817637452368,38.20716,-92.62513,199.2,988.7111111111111
149,2026-06-08,2026-06-08T16:11:27Z,11.913666666666668,11.913666666666668,22.630666666666666,4.1033333333333335,47.53333333333333,0.5566666666666666,0.01,-2.966666666666667,NA,7.34,146.8,253.9,0.12,165,1.1504037379785883,38.20716,-92.62513,199.46666666666667,988.6666666666666
149,2026-06-08,2026-06-08T16:11:30Z,11.94,11.94,22.628,4.086666666666667,47.33333333333333,0.5266666666666667,0.013333333333333334,-3.1433333333333335,NA,7.34,146.8,253.76666666666665,0.12,165,1.1529214298675377,38.20715666666667,-92.62513,199.33333333333334,988.7555555555556
149,2026-06-08,2026-06-08T16:11:33Z,11.998,11.998,22.613333333333333,4.073333333333333,47.2,0.55,0.01,-3.166666666666667,NA,7.34,146.8,253.63333333333333,0.12,165,1.1585692251859916,38.20715,-92.62513,199.4,988.8000000000001
149,2026-06-08,2026-06-08T16:11:36Z,12.069666666666667,12.069666666666667,22.595666666666666,4.0633333333333335,47.03333333333333,0.5366666666666667,-0.02666666666666667,-2.816666666666667,NA,7.34,146.8,253.46666666666667,0.12,165,1.165487207403375,38.20715,-92.62513,199.53333333333333,988.7111111111111
149,2026-06-08,2026-06-08T16:11:39Z,12.154333333333334,12.154333333333334,22.577333333333332,4.046666666666667,46.86666666666667,0.55,-0.02666666666666667,-2.8666666666666667,NA,7.34,146.86666666666667,253.43333333333334,0.12,165,1.173630012701869,38.20715,-92.62514,199.7,988.7555555555556
149,2026-06-08,2026-06-08T16:11:42Z,12.177,12.177,22.564333333333334,4.036666666666667,46.66666666666667,0.5166666666666667,-0.09,-3.03,NA,7.34,147,253.66666666666666,0.12,165,1.1758528397749954,38.20715,-92.62513666666666,199.36666666666667,988.7555555555556
149,2026-06-08,2026-06-08T16:11:45Z,12.212,12.212,22.548666666666666,4.023333333333333,46.5,0.5166666666666667,-0.07333333333333333,-3.3333333333333335,NA,7.336666666666667,147.03333333333333,253.23333333333332,0.12,165,1.1792324442025042,38.20715,-92.62513,198.9,988.6666666666666
149,2026-06-08,2026-06-08T16:11:48Z,12.278,12.278,22.541333333333334,4.006666666666667,46.33333333333333,0.54,-0.016666666666666666,-3.3333333333333335,NA,7.33,147.13333333333333,253.5,0.12,165,1.1856060606060606,38.20715,-92.62513666666666,198.76666666666668,988.6666666666666
149,2026-06-08,2026-06-08T16:11:51Z,12.311666666666667,12.311666666666667,22.532333333333334,3.9933333333333336,46.16666666666667,0.5,-0.09,-3.3733333333333335,NA,7.33,147.2,253.3,0.12,165,1.1888495735801126,38.20715,-92.62514,199.03333333333333,988.7111111111111
149,2026-06-08,2026-06-08T16:11:54Z,12.364333333333333,12.364333333333333,22.527666666666665,3.9833333333333334,46.06666666666667,0.5133333333333333,-0.03333333333333333,-3.3366666666666664,NA,7.33,147.2,253.23333333333332,0.12,165,1.1939303211758303,38.20715,-92.62514,198.73333333333332,988.7555555555556
149,2026-06-08,2026-06-08T16:11:57Z,12.436666666666667,12.436666666666667,22.524333333333335,3.9733333333333336,45.93333333333333,0.52,-0.016666666666666666,-3.43,NA,7.33,147.2,253.23333333333332,0.12,165,1.2008936672110326,38.20715666666667,-92.62514,198.6,988.7111111111111
149,2026-06-08,2026-06-08T16:12:00Z,12.475666666666667,12.475666666666667,22.525,3.97,45.86666666666667,0.5266666666666667,0.0033333333333333335,-2.9433333333333334,NA,7.33,147.2,253.1,0.12,164.33333333333334,1.2047042279078206,38.20716,-92.62514,198.5,988.6222222222221
149,2026-06-08,2026-06-08T16:12:03Z,12.522666666666668,12.522666666666668,22.52,3.96,45.8,0.5566666666666668,-0.03,-3.0566666666666666,NA,7.33,147.2,253.26666666666668,0.12,165,1.2092406096897115,38.20716,-92.62514,198.5,988.6666666666666
149,2026-06-08,2026-06-08T16:12:06Z,12.548666666666668,12.548666666666668,22.517,3.9533333333333336,45.7,0.5366666666666667,0.013333333333333334,-3.0566666666666666,NA,7.33,147.2,253.3,0.12,165,1.2117356196697515,38.20716,-92.62514,198.56666666666666,988.6222222222221
149,2026-06-08,2026-06-08T16:12:09Z,12.592333333333332,12.592333333333332,22.514333333333333,3.95,45.63333333333333,0.5233333333333333,0.0033333333333333327,-2.7266666666666666,NA,7.33,147.26666666666668,253.13333333333333,0.12,164.66666666666666,1.2159317728180004,38.20716,-92.62514,198.33333333333334,988.8000000000001
149,2026-06-08,2026-06-08T16:12:12Z,12.641333333333334,12.641333333333334,22.513333333333335,3.94,45.53333333333333,0.57,0.03,-2.0866666666666664,NA,7.323333333333333,147.36666666666667,253.13333333333333,0.12,165,1.220672291780076,38.20716,-92.62514,198.4,988.8000000000001
149,2026-06-08,2026-06-08T16:12:15Z,12.699333333333334,12.699333333333334,22.510666666666665,3.9333333333333336,45.46666666666667,0.5733333333333334,-0.04666666666666667,-2.6833333333333336,NA,7.32,147.6,252.93333333333334,0.12,164.33333333333334,1.2262974051896207,38.20716,-92.62514,198.63333333333333,988.8000000000001
149,2026-06-08,2026-06-08T16:12:18Z,12.788666666666666,12.788666666666666,22.506333333333334,3.93,45.4,0.5166666666666667,-0.023333333333333334,-2.64,NA,7.32,147.6,252.83333333333334,0.12,164,1.2349392124841228,38.20716,-92.62514,198.4,988.7111111111111
149,2026-06-08,2026-06-08T16:12:21Z,12.928333333333333,12.928333333333333,22.497,3.9233333333333333,45.33333333333333,0.5366666666666666,-0.05,-3.243333333333333,NA,7.32,147.66666666666666,252.86666666666667,0.12,164,1.2483895844674286,38.20716,-92.62514,198.33333333333334,988.8000000000001
149,2026-06-08,2026-06-08T16:12:24Z,13.055,13.055,22.48,3.9133333333333336,45.2,0.53,-0.09,-3.3633333333333333,NA,7.32,147.7,252.93333333333334,0.12,164,1.2606604971874433,38.20716,-92.62514,198.26666666666668,988.8000000000001
149,2026-06-08,2026-06-08T16:12:27Z,13.14,13.14,22.475333333333335,3.9,45.06666666666667,0.5,-0.09666666666666666,-3.74,NA,7.32,147.7,253.1,0.12,164.66666666666666,1.2689167120304845,38.20716,-92.62514,197.9,988.8000000000001
149,2026-06-08,2026-06-08T16:12:30Z,13.202333333333334,13.202333333333334,22.472,3.89,44.93333333333333,0.53,-0.07666666666666667,-3.933333333333333,NA,7.32,147.7,252.96666666666667,0.12,164.33333333333334,1.2749047359825805,38.20716,-92.62514,198.33333333333334,988.6666666666666
149,2026-06-08,2026-06-08T16:12:33Z,13.252,13.252,22.470333333333333,3.88,44.8,0.49,-0.03666666666666667,-3.9633333333333334,NA,7.32,147.76666666666668,252.73333333333332,0.12,164,1.2796452549446562,38.20716,-92.62514,198.4,988.8000000000001
149,2026-06-08,2026-06-08T16:12:36Z,13.281333333333334,13.281333333333334,22.465666666666667,3.87,44.66666666666667,0.51,-0.0033333333333333335,-3.8333333333333335,NA,7.3133333333333335,147.8,252.76666666666665,0.12,164,1.2825258573761567,38.20716,-92.62514,198.23333333333335,988.6222222222221
149,2026-06-08,2026-06-08T16:12:39Z,13.330666666666668,13.330666666666668,22.449333333333335,3.86,44.56666666666667,0.5233333333333333,-0.04666666666666667,-4.08,NA,7.31,147.8,252.8,0.12,164,1.2872663763382326,38.20716,-92.62514,198.66666666666666,988.7111111111111
149,2026-06-08,2026-06-08T16:12:42Z,13.428,13.428,22.412,3.8533333333333335,44.43333333333333,0.5166666666666667,-0.006666666666666667,-4.163333333333333,NA,7.31,147.86666666666667,252.9,0.12,164,1.2967020504445654,38.20715666666667,-92.62514,199.1,988.7555555555556
149,2026-06-08,2026-06-08T16:12:45Z,13.511,13.511,22.365666666666666,3.8366666666666664,44.2,0.5266666666666667,0.020000000000000004,-4.97,NA,7.31,147.9,253.13333333333333,0.12,165,1.3047087642896025,38.20715,-92.62514,198.93333333333334,988.7111111111111
149,2026-06-08,2026-06-08T16:12:48Z,13.560333333333332,13.560333333333332,22.34,3.8133333333333335,43.93333333333333,0.5566666666666668,0.02666666666666667,-4.32,NA,7.31,147.9,253.13333333333333,0.12,164.66666666666666,1.3094946470694975,38.20715666666667,-92.62514,198.83333333333334,988.8000000000001
149,2026-06-08,2026-06-08T16:12:51Z,13.672666666666666,13.672666666666666,22.291333333333334,3.79,43.63333333333333,0.5566666666666666,0,-4.776666666666666,NA,7.31,148,252.83333333333334,0.12,164,1.3203592814371257,38.20716,-92.62514,198.83333333333334,988.7555555555556
149,2026-06-08,2026-06-08T16:12:54Z,13.809666666666667,13.809666666666667,22.211666666666666,3.763333333333333,43.266666666666666,0.5766666666666667,0.013333333333333334,-4.25,NA,7.3,148.13333333333333,252.9,0.12,164,1.3335828343313374,38.20716,-92.62514,198.83333333333334,988.7111111111111
149,2026-06-08,2026-06-08T16:12:57Z,13.863333333333333,13.863333333333333,22.207333333333334,3.73,42.86666666666667,0.5366666666666667,-5.788058472904386e-19,-3.4633333333333334,NA,7.3,148.1,252.66666666666666,0.12,164,1.3387996733805119,38.20716,-92.62514,198.63333333333333,988.7555555555556
149,2026-06-08,2026-06-08T16:13:00Z,13.925333333333334,13.925333333333334,22.179333333333332,3.71,42.6,0.5266666666666667,-0.08,-3.3366666666666664,NA,7.3,148.13333333333333,252.7,0.12,164,1.344810379241517,38.20716,-92.62514,198.7,988.8000000000001
149,2026-06-08,2026-06-08T16:13:03Z,14.031,14.031,22.157333333333334,3.69,42.3,0.5133333333333333,-0.02333333333333333,-3.3966666666666665,NA,7.3,148.2,252.86666666666667,0.12,164,1.3550172382507712,38.20716,-92.62514,199,988.8000000000001
149,2026-06-08,2026-06-08T16:13:06Z,14.090666666666667,14.090666666666667,22.147666666666666,3.6633333333333336,42.03333333333333,0.52,-0.05666666666666667,-3.6466666666666665,NA,7.3,148.26666666666668,252.8,0.12,164,1.3607784431137724,38.20716,-92.62514,199.23333333333332,988.7111111111111
149,2026-06-08,2026-06-08T16:13:09Z,14.138,14.138,22.131333333333334,3.6433333333333335,41.8,0.5,-0.07666666666666667,-3.74,NA,7.29,148.43333333333334,252.63333333333333,0.12,164,1.3653375068045728,38.20716,-92.62514,199.2,988.6666666666666
149,2026-06-08,2026-06-08T16:13:12Z,14.204666666666666,14.204666666666666,22.119,3.6266666666666665,41.63333333333333,0.5133333333333333,-0.10333333333333333,-3.916666666666667,NA,7.29,148.53333333333333,252.76666666666668,0.12,164,1.3717791689348575,38.20715,-92.62514,199.7,988.8000000000001
149,2026-06-08,2026-06-08T16:13:15Z,14.306666666666667,14.306666666666667,22.098,3.6133333333333333,41.43333333333333,0.5266666666666667,-0.05333333333333334,-4.88,NA,7.29,148.6,252.8,0.12,164,1.3816684812193794,38.20715,-92.62514,199.7,988.7555555555556
149,2026-06-08,2026-06-08T16:13:18Z,14.382666666666667,14.382666666666667,22.09,3.5966666666666667,41.266666666666666,0.5233333333333333,0.013333333333333334,-5.4399999999999995,NA,7.29,148.63333333333333,252.5,0.12,164,1.388994737797133,38.20715,-92.62514,199.36666666666667,988.7555555555556
149,2026-06-08,2026-06-08T16:13:21Z,14.471,14.471,22.071666666666665,3.5866666666666664,41.13333333333333,0.5566666666666666,-0.016666666666666666,-5.56,NA,7.28,148.8,252.83333333333334,0.12,164,1.3975458174559972,38.20715,-92.62514,199.53333333333333,988.7555555555556
149,2026-06-08,2026-06-08T16:13:24Z,14.538,14.538,22.055666666666667,3.5733333333333333,40.96666666666667,0.5666666666666667,0.01,-4.713333333333334,NA,7.28,148.8,253.03333333333333,0.12,164.33333333333334,1.4040101614951914,38.20715,-92.62514,199.6,988.8000000000001
149,2026-06-08,2026-06-08T16:13:27Z,14.611333333333334,14.611333333333334,22.044999999999998,3.5666666666666664,40.83333333333333,0.56,0.0033333333333333335,-4.966666666666667,NA,7.28,148.8,252.86666666666667,0.12,164,1.4110869170749412,38.20715,-92.62514,199.8,988.7555555555556
149,2026-06-08,2026-06-08T16:13:30Z,14.724,14.724,22.033,3.5566666666666666,40.733333333333334,0.5533333333333333,-0.02666666666666667,-5.553333333333334,NA,7.28,148.86666666666667,252.9,0.12,164,1.4219515514425694,38.20715,-92.62514,199.66666666666666,988.7111111111111
149,2026-06-08,2026-06-08T16:13:33Z,14.812,14.812,22.018666666666665,3.5466666666666664,40.6,0.51,0.0033333333333333335,-5.933333333333334,NA,7.28,148.9,252.63333333333333,0.12,164,1.4304572672836147,38.20715,-92.62514,199.23333333333335,988.7111111111111
149,2026-06-08,2026-06-08T16:13:36Z,14.913,14.913,21.998666666666665,3.533333333333333,40.43333333333333,0.5133333333333333,-0.04,-5.93,NA,7.28,149,252.9,0.12,164,1.4402785338414081,38.20715,-92.62514,199.26666666666665,988.8000000000001
149,2026-06-08,2026-06-08T16:13:39Z,15.009333333333334,15.009333333333334,21.973333333333333,3.5166666666666666,40.233333333333334,0.5033333333333333,-0.05,-6.213333333333333,NA,7.28,149,253,0.12,164.33333333333334,1.4495554345853747,38.20715,-92.62513,199.6,988.7555555555556
149,2026-06-08,2026-06-08T16:13:42Z,15.112666666666666,15.112666666666666,21.954,3.5033333333333334,40.06666666666667,0.49333333333333335,-0.05666666666666667,-5.963333333333333,NA,7.28,149,253.06666666666666,0.12,164.33333333333334,1.459558156414444,38.20715,-92.62513,200.06666666666666,988.8000000000001
149,2026-06-08,2026-06-08T16:13:45Z,15.185,15.185,21.929666666666666,3.4933333333333336,39.9,0.47,-0.05,-5.74,NA,7.276666666666666,149.06666666666666,253.03333333333333,0.12,164.33333333333334,1.4665441843585556,38.20715,-92.62513666666666,200.06666666666666,988.7111111111111
149,2026-06-08,2026-06-08T16:13:48Z,15.290333333333333,15.290333333333333,21.895,3.4766666666666666,39.7,0.49,-0.056666666666666664,-5.283333333333333,NA,7.27,149.13333333333333,253,0.12,164,1.4767283614589004,38.20715,-92.62514,200.66666666666666,988.7555555555556
149,2026-06-08,2026-06-08T16:13:51Z,15.374,15.374,21.86766666666667,3.4566666666666666,39.46666666666667,0.4766666666666667,-0.08666666666666667,-5.816666666666666,NA,7.27,149.2,252.73333333333335,0.12,164,1.484803121030666,38.20715,-92.62513,200.46666666666667,988.8000000000001
149,2026-06-08,2026-06-08T16:13:54Z,15.483666666666666,15.483666666666666,21.845666666666666,3.4433333333333334,39.3,0.47,-0.06,-5.046666666666667,NA,7.27,149.2,252.4,0.12,164,1.495395572491381,38.20714,-92.62514,198.6,988.7555555555556
149,2026-06-08,2026-06-08T16:13:57Z,15.563333333333333,15.563333333333333,21.84,3.43,39.16666666666667,0.5033333333333333,-0.006666666666666666,-5.443333333333333,NA,7.27,149.23333333333332,252.5,0.12,164,1.5031074215205953,38.20713333333333,-92.62514,198.7,988.8000000000001
149,2026-06-08,2026-06-08T16:14:00Z,15.644333333333334,15.644333333333334,21.823,3.42,39.03333333333333,0.4966666666666667,0.006666666666666667,-6.43,NA,7.27,149.3,252.66666666666666,0.12,164,1.5109326800943568,38.20713,-92.62514,198.9,988.7555555555556
149,2026-06-08,2026-06-08T16:14:03Z,15.679666666666666,15.679666666666666,21.793666666666667,3.41,38.86666666666667,0.5333333333333333,-0.01,-6.246666666666666,NA,7.27,149.26666666666668,252.63333333333333,0.12,164,1.5143349664307748,38.20713,-92.62514,199.06666666666666,988.7555555555556
149,2026-06-08,2026-06-08T16:14:06Z,15.701,15.701,21.766333333333332,3.4,38.733333333333334,0.5166666666666667,0.07,-6.916666666666667,NA,7.27,149.23333333333332,252.4,0.12,164,1.516444383959354,38.20713,-92.62514,199.56666666666666,988.7555555555556
149,2026-06-08,2026-06-08T16:14:09Z,15.775666666666666,15.775666666666666,21.738,3.3866666666666667,38.56666666666667,0.5233333333333333,-0.05333333333333333,-6.516666666666667,NA,7.266666666666667,149.33333333333334,252.26666666666668,0.12,164,1.523634549083651,38.20713,-92.62513666666666,199.93333333333334,988.8000000000001
149,2026-06-08,2026-06-08T16:14:12Z,15.805666666666667,15.805666666666667,21.721333333333334,3.37,38.36666666666667,0.52,0.013333333333333334,-6.6466666666666665,NA,7.26,149.4,251.9,0.12,164,1.5265605153329704,38.20713,-92.62513,200.2,988.8000000000001
149,2026-06-08,2026-06-08T16:14:15Z,15.867333333333333,15.867333333333333,21.706,3.3566666666666665,38.233333333333334,0.4766666666666667,-0.016666666666666666,-5.733333333333333,NA,7.26,149.4,252.03333333333333,0.12,164,1.5325258573761569,38.20713,-92.62513,200.5,988.7555555555556
149,2026-06-08,2026-06-08T16:14:18Z,15.909333333333333,15.909333333333333,21.701666666666668,3.35,38.1,0.5333333333333333,-0.02666666666666667,-6.483333333333333,NA,7.26,149.46666666666667,252.03333333333333,0.12,164,1.5365632371620395,38.20713,-92.62513,200.5,988.7555555555556
149,2026-06-08,2026-06-08T16:14:21Z,15.951333333333332,15.951333333333332,21.698333333333334,3.3366666666666664,37.96666666666667,0.5033333333333333,-0.1,-6.473333333333334,NA,7.26,149.5,251.96666666666667,0.12,164,1.540577935039013,38.20713,-92.62513,199.93333333333334,988.7111111111111
149,2026-06-08,2026-06-08T16:14:27Z,16.008333333333333,16.008333333333333,21.677,3.3166666666666664,37.66666666666667,0.4633333333333333,-0.09,-6.1000000000000005,NA,7.26,149.5,251.56666666666666,0.12,163.66666666666666,1.546180366539648,38.20714,-92.62513,199.23333333333332,988.7111111111111
149,2026-06-08,2026-06-08T16:14:30Z,16.044,16.044,21.678333333333335,3.3033333333333332,37.56666666666667,0.49666666666666665,-0.05333333333333334,-5.84,NA,7.26,149.5,251.66666666666666,0.12,164,1.549582652876066,38.20713666666667,-92.62513,199,988.6666666666666
149,2026-06-08,2026-06-08T16:14:33Z,16.09433333333333,16.09433333333333,21.679,3.2966666666666664,37.46666666666667,0.47,-0.060000000000000005,-5.76,NA,7.26,149.5,251.83333333333334,0.12,164,1.5544365813826893,38.20714,-92.62512333333333,198.5,988.7555555555556
149,2026-06-08,2026-06-08T16:14:36Z,16.154333333333334,16.154333333333334,21.678,3.29,37.4,0.47,-0.013333333333333334,-6.326666666666667,NA,7.26,149.5,251.93333333333334,0.12,164,1.5602431500635094,38.20714,-92.62512,198.3,988.7555555555556
149,2026-06-08,2026-06-08T16:14:39Z,16.250666666666667,16.250666666666667,21.678,3.283333333333333,37.33333333333333,0.5133333333333333,-0.01,-6.38,NA,7.26,149.5,251.86666666666667,0.12,164,1.5695427327163853,38.207143333333335,-92.62513,198.33333333333334,988.7111111111111
149,2026-06-08,2026-06-08T16:14:42Z,16.346,16.346,21.666666666666668,3.2766666666666664,37.266666666666666,0.5233333333333333,-0.03,-6.163333333333333,NA,7.26,149.5,251.83333333333334,0.12,164,1.5787515877336236,38.20715,-92.62512,198.5,988.7555555555556
149,2026-06-08,2026-06-08T16:14:45Z,16.531,16.531,21.647333333333332,3.27,37.16666666666667,0.5266666666666667,-0.01,-5.416666666666667,NA,7.26,149.56666666666666,251.73333333333332,0.12,164,1.5966249319542734,38.20715,-92.62512,198.33333333333334,988.7555555555556
149,2026-06-08,2026-06-08T16:14:48Z,16.633,16.633,21.635666666666665,3.26,37.03333333333333,0.49666666666666665,0.02,-5.546666666666667,NA,7.253333333333333,149.63333333333333,251.83333333333334,0.12,164,1.6064915623298857,38.20715,-92.62512,198.1,988.8000000000001
149,2026-06-08,2026-06-08T16:14:51Z,16.705333333333332,16.705333333333332,21.629333333333335,3.25,36.9,0.5499999999999999,-0.05333333333333334,-5.633333333333333,NA,7.25,149.83333333333334,251.66666666666666,0.12,164,1.6134322264561787,38.20715,-92.62512,197.73333333333335,988.7555555555556
149,2026-06-08,2026-06-08T16:14:54Z,16.803,16.803,21.626,3.236666666666667,36.766666666666666,0.5266666666666667,-0.05,-5.233333333333333,NA,7.25,149.9,251.8,0.12,164,1.6228905824714208,38.20715,-92.62512,197.93333333333334,988.7555555555556
149,2026-06-08,2026-06-08T16:14:57Z,16.88,16.88,21.62366666666667,3.23,36.7,0.49666666666666665,0.013333333333333334,-5.42,NA,7.25,149.9,252.03333333333333,0.12,164,1.6303529305026312,38.207143333333335,-92.62511,197.73333333333332,988.7111111111111
149,2026-06-08,2026-06-08T16:15:00Z,16.955000000000002,16.955000000000002,21.614,3.22,36.6,0.51,-0.013333333333333334,-4.663333333333333,NA,7.25,150,251.9,0.12,164,1.6375884594447467,38.20715,-92.62511,197.53333333333333,988.7111111111111
149,2026-06-08,2026-06-08T16:15:03Z,16.992333333333335,16.992333333333335,21.606333333333335,3.2133333333333334,36.5,0.51,-0.02,-4.94,NA,7.25,149.9,251.7,0.12,164,1.64119488296135,38.20715,-92.62511,197.5,988.7555555555556
149,2026-06-08,2026-06-08T16:15:06Z,17.069333333333333,17.069333333333333,21.593333333333334,3.2033333333333336,36.4,0.48666666666666664,-0.03,-4.963333333333333,NA,7.25,149.9,251.46666666666667,0.12,163,1.6486118671747414,38.20714666666667,-92.62511,197,988.7111111111111
149,2026-06-08,2026-06-08T16:15:09Z,17.12366666666667,17.12366666666667,21.576666666666668,3.1966666666666668,36.3,0.5033333333333333,-0.060000000000000005,-5.4,NA,7.25,150,251.43333333333334,0.12,163,1.6538967519506442,38.20714,-92.62511333333333,195.86666666666667,988.7555555555556
149,2026-06-08,2026-06-08T16:15:12Z,17.152333333333335,17.152333333333335,21.563333333333333,3.19,36.2,0.47333333333333333,-0.01,-4.65,NA,7.243333333333333,150.1,251.5,0.12,163.33333333333334,1.6566639448375975,38.20713333333333,-92.62512,195.43333333333334,988.7111111111111
149,2026-06-08,2026-06-08T16:15:15Z,17.21033333333333,17.21033333333333,21.551,3.18,36.06666666666667,0.5133333333333333,-0.03333333333333333,-4.34,NA,7.243333333333333,150.06666666666666,251.5,0.12,163,1.6622663763382326,38.20713,-92.62512,195.56666666666666,988.8000000000001
149,2026-06-08,2026-06-08T16:15:18Z,17.35333333333333,17.35333333333333,21.491,3.17,35.96666666666667,0.49666666666666665,-0.030000000000000002,-4.273333333333333,NA,7.25,150,251.4,0.12,163.33333333333334,1.6761023407729994,38.20713,-92.62512,195.6,988.7111111111111
149,2026-06-08,2026-06-08T16:15:21Z,17.494,17.494,21.411666666666665,3.16,35.7,0.5066666666666667,0.03666666666666667,-4.126666666666666,NA,7.24,150.1,251,0.12,163,1.6897341680275813,38.20713,-92.62512,196.06666666666666,988.7111111111111
149,2026-06-08,2026-06-08T16:15:24Z,17.557333333333332,17.557333333333332,21.369,3.1366666666666667,35.46666666666667,0.5133333333333333,-0.01,-3.87,NA,7.24,150.13333333333333,250.86666666666667,0.12,163,1.695858283433134,38.20713,-92.62512,196.36666666666667,988.7555555555556
149,2026-06-08,2026-06-08T16:15:27Z,17.644000000000002,17.644000000000002,21.325333333333333,3.1166666666666667,35.2,0.52,-0.03333333333333333,-4.023333333333333,NA,7.24,150.2,250.29999999999998,0.12,163,1.7042505897296316,38.20713,-92.62512333333333,197.33333333333334,988.8000000000001
149,2026-06-08,2026-06-08T16:15:30Z,17.693,17.693,21.307333333333332,3.0966666666666667,35,0.52,-0.010000000000000002,-3.6466666666666665,NA,7.24,150.36666666666667,250.16666666666666,0.12,163,1.7089911086917076,38.20713,-92.62512666666666,198.1,988.6666666666666
149,2026-06-08,2026-06-08T16:15:33Z,17.719666666666665,17.719666666666665,21.295333333333332,3.0833333333333335,34.83333333333333,0.5266666666666667,-0.006666666666666667,-3.486666666666667,NA,7.236666666666667,150.4,250.26666666666665,0.12,163,1.7115768463073853,38.20713,-92.62513,198.76666666666668,988.6666666666666
149,2026-06-08,2026-06-08T16:15:36Z,17.752333333333333,17.752333333333333,21.290666666666667,3.0733333333333333,34.7,0.5,-0.016666666666666666,-4.003333333333333,NA,7.23,150.46666666666667,250.33333333333334,0.12,163,1.7147523135547087,38.20713,-92.62513,199.46666666666667,988.6666666666666
149,2026-06-08,2026-06-08T16:15:39Z,17.783333333333335,17.783333333333335,21.286333333333335,3.0633333333333335,34.56666666666667,0.49666666666666665,-0.026666666666666665,-4.216666666666667,NA,7.23,150.5,249.96666666666667,0.12,162.33333333333334,1.7177009617129377,38.20713,-92.62513333333334,199.73333333333332,988.7555555555556
149,2026-06-08,2026-06-08T16:15:42Z,17.812,17.812,21.286,3.0566666666666666,34.5,0.48333333333333334,-0.09,-3.9266666666666667,NA,7.23,150.5,249.9,0.12,162,1.7204454726909817,38.20713,-92.62513333333334,199.43333333333334,988.6222222222221
149,2026-06-08,2026-06-08T16:15:45Z,17.832666666666665,17.832666666666665,21.288,3.05,34.4,0.48333333333333334,-0.11666666666666667,-4.123333333333333,NA,7.23,150.6,250.06666666666666,0.12,162.66666666666666,1.722464162583923,38.20714,-92.62513333333334,199.56666666666666,988.6666666666666
149,2026-06-08,2026-06-08T16:15:48Z,17.873,17.873,21.287,3.05,34.4,0.46,-0.05333333333333334,-4.026666666666666,NA,7.23,150.6,250.1,0.12,163,1.7264108147341681,38.20714,-92.62513333333334,199.66666666666666,988.7111111111111
149,2026-06-08,2026-06-08T16:15:51Z,17.918333333333333,17.918333333333333,21.285,3.04,34.4,0.49666666666666665,-0.02333333333333333,-3.68,NA,7.23,150.6,250.16666666666666,0.12,163,1.7307430593358737,38.20713666666667,-92.62514,200.03333333333333,988.7111111111111
149,2026-06-08,2026-06-08T16:15:54Z,18.002,18.002,21.27,3.04,34.266666666666666,0.49333333333333335,-0.02,-3.8333333333333335,NA,7.23,150.63333333333333,249.83333333333334,0.12,162,1.7388405008165488,38.20713333333333,-92.62514,200.06666666666666,988.8000000000001
149,2026-06-08,2026-06-08T16:15:57Z,18.035333333333334,18.035333333333334,21.255333333333333,3.0266666666666664,34.16666666666667,0.5133333333333333,-0.03333333333333333,-4.003333333333333,NA,7.23,150.7,249.73333333333332,0.12,162,1.7420840137906006,38.20714,-92.62514,199.83333333333334,988.8000000000001
149,2026-06-08,2026-06-08T16:16:00Z,18.088,18.088,21.241999999999997,3.02,34.06666666666667,0.49333333333333335,-0.04666666666666667,-4.386666666666667,NA,7.23,150.73333333333332,249.53333333333333,0.12,162,1.7471874432952277,38.20714,-92.62513333333334,198.93333333333334,988.6666666666666
149,2026-06-08,2026-06-08T16:16:03Z,18.147,18.147,21.238666666666667,3.0166666666666666,34,0.5,-0.016666666666666666,-5.24,NA,7.23,150.83333333333334,249.66666666666666,0.12,162,1.7528579205225912,38.20714,-92.62513,199.4,988.7555555555556
149,2026-06-08,2026-06-08T16:16:06Z,18.218333333333334,18.218333333333334,21.233666666666668,3.01,34,0.49,-0.02333333333333333,-5.3133333333333335,NA,7.23,150.9,249.73333333333335,0.12,162,1.7597759027399746,38.20714,-92.62513,199.26666666666665,988.8000000000001
149,2026-06-08,2026-06-08T16:16:09Z,18.281,18.281,21.228333333333335,3.01,33.9,0.5166666666666667,-0.016666666666666666,-4.376666666666667,NA,7.23,150.9,249.8,0.12,162,1.7658546543277083,38.20714,-92.62513,199.13333333333333,988.8000000000001
149,2026-06-08,2026-06-08T16:16:12Z,18.329,18.329,21.226333333333333,3.01,33.9,0.5,0.016666666666666666,-4.5633333333333335,NA,7.22,151.03333333333333,249.9,0.12,162.33333333333334,1.7704590818363273,38.20714,-92.62513,199.2,988.7111111111111
149,2026-06-08,2026-06-08T16:16:15Z,18.358999999999998,18.358999999999998,21.224,3.01,33.9,0.49,0.02666666666666667,-4.463333333333334,NA,7.22,151.06666666666666,249.70000000000002,0.12,162,1.773339684267828,38.20714,-92.62513,199.23333333333332,988.7555555555556
149,2026-06-08,2026-06-08T16:16:18Z,18.409,18.409,21.223333333333333,3.0066666666666664,33.9,0.4666666666666667,-0.010000000000000002,-3.716666666666667,NA,7.22,151.13333333333333,249.5,0.12,162,1.778193612774451,38.20714,-92.62512666666666,199.16666666666666,988.7555555555556
149,2026-06-08,2026-06-08T16:16:21Z,18.471333333333334,18.471333333333334,21.222333333333335,3,33.9,0.4966666666666667,-0.049999999999999996,-3.9566666666666666,NA,7.22,151.3,249.63333333333333,0.12,162,1.7842043186354564,38.20713333333333,-92.62512,198.86666666666667,988.7111111111111
149,2026-06-08,2026-06-08T16:16:24Z,18.550666666666668,18.550666666666668,21.220333333333333,3.0033333333333334,33.9,0.5233333333333333,-0.043333333333333335,-4.576666666666666,NA,7.22,151.3,249.8,0.12,162,1.7918708038468518,38.20713,-92.62512,198.83333333333334,988.8000000000001
149,2026-06-08,2026-06-08T16:16:27Z,18.685333333333332,18.685333333333332,21.213666666666665,3,33.86666666666667,0.48333333333333334,-0.043333333333333335,-5.443333333333333,NA,7.22,151.36666666666667,249.9,0.12,162,1.8049129014697878,38.20713,-92.62512,198.73333333333335,988.7555555555556
149,2026-06-08,2026-06-08T16:16:30Z,18.772333333333332,18.772333333333332,21.19366666666667,3,33.8,0.47333333333333333,-0.09666666666666666,-6.446666666666666,NA,7.22,151.46666666666667,249.8,0.12,162,1.8133052077662857,38.20713666666667,-92.62512,198.46666666666667,988.7111111111111
149,2026-06-08,2026-06-08T16:16:33Z,18.874666666666666,18.874666666666666,21.146333333333335,3,33.8,0.4766666666666666,-0.08666666666666667,-6.776666666666666,NA,7.22,151.6,250.4,0.12,163,1.823217201959717,38.20713,-92.62512,198.46666666666667,988.7555555555556
149,2026-06-08,2026-06-08T16:16:36Z,18.939,18.939,21.098,3,33.7,0.5066666666666667,-0.06666666666666667,-6.4366666666666665,NA,7.22,151.6,250.53333333333333,0.12,163,1.8294320450009072,38.20713,-92.62512,198.7,988.8000000000001
149,2026-06-08,2026-06-08T16:16:39Z,19.058,19.058,21.053,3,33.7,0.49333333333333335,-0.05333333333333334,-7.176666666666667,NA,7.22,151.6,250.63333333333333,0.12,163,1.8409317728180004,38.20713,-92.62512,198.73333333333335,988.7555555555556
149,2026-06-08,2026-06-08T16:16:42Z,19.130333333333333,19.130333333333333,21.035333333333334,2.99,33.6,0.52,-0.013333333333333336,-6.576666666666666,NA,7.22,151.6,250.7,0.12,163,1.847963164579931,38.20713,-92.62512,198.63333333333333,988.8000000000001
149,2026-06-08,2026-06-08T16:16:45Z,19.236,19.236,21.006999999999998,2.9833333333333334,33.5,0.49333333333333335,0.04,-5.9399999999999995,NA,7.22,151.66666666666666,250.53333333333333,0.12,163,1.8581700235891854,38.20713,-92.62512,198.53333333333333,988.8000000000001
149,2026-06-08,2026-06-08T16:16:48Z,19.324666666666666,19.324666666666666,20.944,2.9766666666666666,33.36666666666667,0.49666666666666665,-0.030000000000000002,-6.293333333333334,NA,7.22,151.93333333333334,250.73333333333335,0.12,163,1.8667437851569588,38.20713,-92.62512,198.4,988.8000000000001
149,2026-06-08,2026-06-08T16:16:51Z,19.376666666666665,19.376666666666665,20.897,2.96,33.2,0.4766666666666667,-0.016666666666666666,-6.516666666666667,NA,7.22,152.2,250.53333333333333,0.12,163,1.8717564870259482,38.20713,-92.62512,198,988.7555555555556
149,2026-06-08,2026-06-08T16:16:54Z,19.397333333333332,19.397333333333332,20.881666666666668,2.9466666666666668,33.03333333333333,0.5133333333333333,-0.026666666666666665,-6.72,NA,7.213333333333333,152.33333333333334,250.23333333333332,0.12,163,1.873797858827799,38.20713,-92.62512,197.7,988.7555555555556
149,2026-06-08,2026-06-08T16:16:57Z,19.453666666666667,19.453666666666667,20.871333333333332,2.9366666666666665,32.86666666666667,0.5133333333333333,-0.05,-5.67,NA,7.21,152.43333333333334,250.3,0.12,163,1.879241516966068,38.20713,-92.62512,197.8,988.7555555555556
149,2026-06-08,2026-06-08T16:17:00Z,19.563,19.563,20.863333333333333,2.9233333333333333,32.733333333333334,0.45666666666666667,-0.07,-6.15,NA,7.21,152.53333333333333,250.2,0.12,163,1.8898112865178733,38.20713,-92.62512,197.43333333333334,988.8000000000001
149,2026-06-08,2026-06-08T16:17:03Z,19.628,19.628,20.855333333333334,2.9166666666666665,32.63333333333333,0.45666666666666667,-0.043333333333333335,-5.866666666666666,NA,7.21,152.73333333333332,250.16666666666666,0.12,163,1.8960261295590637,38.20713,-92.62512,197.3,988.8000000000001
149,2026-06-08,2026-06-08T16:17:06Z,19.696666666666665,19.696666666666665,20.847666666666665,2.91,32.53333333333333,0.44666666666666666,-0.07333333333333333,-5.493333333333333,NA,7.203333333333333,153.03333333333333,250.5,0.12,163,1.9027399745962619,38.20713,-92.62512,197.2,988.7555555555556
149,2026-06-08,2026-06-08T16:17:09Z,19.835333333333335,19.835333333333335,20.83566666666667,2.9033333333333333,32.46666666666667,0.48333333333333334,-0.02666666666666667,-5.956666666666667,NA,7.196666666666667,153.66666666666666,250.53333333333333,0.12,163,1.916076937035021,38.20713,-92.62512,197.33333333333334,988.7111111111111
149,2026-06-08,2026-06-08T16:17:12Z,19.912666666666667,19.912666666666667,20.833000000000002,2.8966666666666665,32.4,0.5166666666666667,-0.03666666666666667,-5.866666666666666,NA,7.17,155.33333333333334,250.7,0.12,163,1.9236300127018688,38.20713,-92.62512,197.16666666666666,988.6666666666666
149,2026-06-08,2026-06-08T16:17:15Z,19.991333333333333,19.991333333333333,20.828666666666667,2.8866666666666667,32.3,0.5166666666666667,-0.04666666666666667,-5.12,NA,7.1433333333333335,156.76666666666668,250.6,0.12,163,1.9312057702776264,38.20712,-92.62512,197.13333333333333,988.7555555555556
149,2026-06-08,2026-06-08T16:17:18Z,20.012333333333334,20.012333333333334,20.827,2.8766666666666665,32.2,0.47,-0.03666666666666667,-4.443333333333333,NA,7.12,158.06666666666666,250.63333333333333,0.12,163,1.9332017782616586,38.20712666666667,-92.62512,197.2,988.8000000000001
149,2026-06-08,2026-06-08T16:17:21Z,20.125666666666667,20.125666666666667,20.824333333333332,2.8666666666666667,32.06666666666667,0.48,-0.02,-4.466666666666667,NA,7.1,159.4,250.7,0.12,163,1.9442025040827435,38.20713,-92.62512,197.1,988.7555555555556
149,2026-06-08,2026-06-08T16:17:24Z,20.186333333333334,20.186333333333334,20.817333333333334,2.86,31.966666666666665,0.47333333333333333,-0.03333333333333333,-4.703333333333333,NA,7.08,160.8,250.83333333333334,0.12,163,1.9500544365813828,38.207123333333335,-92.62512,197.16666666666666,988.8000000000001
149,2026-06-08,2026-06-08T16:17:27Z,20.249666666666666,20.249666666666666,20.815,2.85,31.866666666666667,0.48666666666666664,0.013333333333333334,-4.873333333333333,NA,7.056666666666667,162.16666666666666,250.93333333333334,0.12,163,1.9561785519869352,38.20712,-92.62512,197.2,988.6666666666666
149,2026-06-08,2026-06-08T16:17:30Z,20.314666666666668,20.314666666666668,20.81,2.84,31.766666666666666,0.48666666666666664,-0.006666666666666667,-4.976666666666667,NA,7.04,162.96666666666667,250.9,0.12,163,1.9624387588459447,38.20712,-92.62512,197.16666666666666,988.6666666666666
149,2026-06-08,2026-06-08T16:17:33Z,20.381,20.381,20.794,2.83,31.633333333333333,0.5,0.013333333333333334,-5.43,NA,7.033333333333333,163.46666666666667,251.03333333333333,0.12,163,1.9688577390673199,38.20712,-92.62511,197.06666666666666,988.7111111111111
149,2026-06-08,2026-06-08T16:17:36Z,20.52,20.52,20.758,2.8166666666666664,31.5,0.46,-0.023333333333333334,-5.27,NA,7.026666666666666,164,251.4,0.12,163.33333333333334,1.9822627472328072,38.207123333333335,-92.62511,197.36666666666667,988.7555555555556
149,2026-06-08,2026-06-08T16:17:39Z,20.67,20.67,20.692666666666668,2.796666666666667,31.2,0.49333333333333335,-0.023333333333333334,-5.81,NA,7.02,164.5,251.73333333333332,0.12,164,1.996801850843767,38.20712,-92.62511,197.16666666666666,988.7111111111111
149,2026-06-08,2026-06-08T16:17:42Z,20.754666666666665,20.754666666666665,20.646,2.76,30.8,0.49,-0.05333333333333334,-5.966666666666667,NA,7.013333333333333,164.8,251.76666666666668,0.12,164,2.0049900199600796,38.20712666666667,-92.62511,197.23333333333332,988.8000000000001
149,2026-06-08,2026-06-08T16:17:45Z,20.81,20.81,20.618333333333332,2.73,30.433333333333334,0.44333333333333336,-0.03,-6.616666666666667,NA,7.01,165.1,251.86666666666667,0.12,164,2.01038831428053,38.207123333333335,-92.62511,197.36666666666667,988.7555555555556
149,2026-06-08,2026-06-08T16:17:48Z,20.889,20.889,20.586333333333332,2.7,30.1,0.44,-0.09333333333333334,-6.04,NA,7.01,165.3,251.9,0.12,164,2.018032117583016,38.20713,-92.62511,197.3,988.7555555555556
149,2026-06-08,2026-06-08T16:17:51Z,20.982666666666667,20.982666666666667,20.552333333333333,2.68,29.8,0.4633333333333333,-0.016666666666666666,-6.623333333333333,NA,7,165.7,251.83333333333334,0.12,164,2.0271048811467973,38.207123333333335,-92.62511,197.26666666666665,988.7111111111111
149,2026-06-08,2026-06-08T16:17:54Z,21.058666666666667,21.058666666666667,20.522,2.65,29.5,0.4633333333333333,-0.06333333333333334,-6.073333333333333,NA,6.993333333333333,166.13333333333333,252.03333333333333,0.12,164,2.03447650154237,38.20712,-92.62511,197.23333333333332,988.7111111111111
149,2026-06-08,2026-06-08T16:17:57Z,21.129,21.129,20.479666666666667,2.623333333333333,29.166666666666668,0.49,-0.006666666666666667,-5.483333333333333,NA,6.99,166.46666666666667,252.6,0.12,164,2.041281074215206,38.20712,-92.62511,197.43333333333334,988.7555555555556
149,2026-06-08,2026-06-08T16:18:00Z,21.21366666666667,21.21366666666667,20.415666666666667,2.59,28.733333333333334,0.47,-0.03,-5.006666666666667,NA,6.986666666666667,166.7,253.53333333333333,0.12,165,2.0495146071493378,38.20712,-92.62511,197.4,988.7555555555556
149,2026-06-08,2026-06-08T16:18:03Z,21.27166666666667,21.27166666666667,20.354666666666667,2.55,28.266666666666666,0.45333333333333337,-0.05,-4.12,NA,6.98,166.93333333333334,254.46666666666667,0.12,165.33333333333334,2.0550943567410633,38.20712,-92.62511,197.4,988.7555555555556
149,2026-06-08,2026-06-08T16:18:06Z,21.352333333333334,21.352333333333334,20.311999999999998,2.506666666666667,27.766666666666666,0.45,-0.01,-3.8866666666666667,NA,6.98,167.1,255.13333333333333,0.12,166,2.0628969334059155,38.20712,-92.62511,197.33333333333334,988.8000000000001
149,2026-06-08,2026-06-08T16:18:09Z,21.438,21.438,20.28066666666667,2.4566666666666666,27.2,0.47333333333333333,-0.043333333333333335,-4.826666666666667,NA,6.98,167.2,255.26666666666665,0.12,166,2.0712211939756853,38.20712,-92.62511,197.06666666666666,988.7555555555556
149,2026-06-08,2026-06-08T16:18:12Z,21.503333333333334,21.503333333333334,20.255,2.4166666666666665,26.7,0.45666666666666667,-0.01,-5.926666666666667,NA,6.98,167.2,255.23333333333332,0.12,166,2.0775040827436038,38.20712,-92.62511,196.96666666666667,988.7111111111111
149,2026-06-08,2026-06-08T16:18:15Z,21.623666666666665,21.623666666666665,20.192,2.36,26.1,0.43333333333333335,-0.043333333333333335,-6.386666666666667,NA,6.98,167.33333333333334,255.7,0.12,166,2.0891852658319725,38.20712,-92.62511,196.7,988.7111111111111
149,2026-06-08,2026-06-08T16:18:18Z,21.729333333333333,21.729333333333333,20.159,2.3033333333333332,25.433333333333334,0.4,-0.11666666666666667,-6.31,NA,6.98,167.46666666666667,255.86666666666667,0.12,166,2.0993921248412266,38.20712,-92.62511,196.93333333333334,988.7111111111111
149,2026-06-08,2026-06-08T16:18:21Z,21.803,21.803,20.148,2.2533333333333334,24.866666666666667,0.4033333333333333,-0.07666666666666666,-5.816666666666666,NA,6.976666666666667,167.56666666666666,256.03333333333336,0.12,166.33333333333334,2.1065596080566142,38.20712,-92.62511,196.93333333333334,988.7111111111111
149,2026-06-08,2026-06-08T16:18:24Z,21.856333333333332,21.856333333333332,20.143666666666665,2.21,24.366666666666667,0.4066666666666667,-0.08,-3.8333333333333335,NA,6.97,167.6,256,0.12,166,2.1116857194701506,38.20712,-92.62511,197.16666666666666,988.6666666666666
149,2026-06-08,2026-06-08T16:18:27Z,21.959333333333333,21.959333333333333,20.139,2.18,24,0.4,-0.03333333333333333,-3.8,NA,6.97,167.66666666666666,255.73333333333335,0.12,166,2.1216203955724913,38.20712,-92.62511,197.63333333333333,988.7555555555556
149,2026-06-08,2026-06-08T16:18:30Z,22.040666666666667,22.040666666666667,20.132333333333335,2.1533333333333333,23.733333333333334,0.41,-0.0033333333333333335,-6.753333333333334,NA,6.97,167.8,255.86666666666667,0.12,166,2.1294683360551625,38.20712,-92.62511,197.96666666666667,988.6666666666666
149,2026-06-08,2026-06-08T16:18:33Z,22.112333333333332,22.112333333333332,20.128333333333334,2.13,23.5,0.44333333333333336,-0.06666666666666667,-7.446666666666666,NA,6.97,167.83333333333334,255.9,0.12,166,2.1364090001814553,38.20712,-92.62511,197.96666666666667,988.6222222222221
149,2026-06-08,2026-06-08T16:18:36Z,22.179333333333332,22.179333333333332,20.125333333333334,2.1133333333333333,23.3,0.45666666666666667,-0.006666666666666667,-7.553333333333334,NA,6.97,167.8,256,0.12,166.33333333333334,2.142896026129559,38.20712,-92.62511,198.03333333333333,988.6666666666666
149,2026-06-08,2026-06-08T16:18:42Z,22.238333333333333,22.238333333333333,20.120333333333335,2.0833333333333335,22.966666666666665,0.45,0.016666666666666666,-6.216666666666667,NA,6.966666666666667,167.93333333333334,255.83333333333334,0.12,166,2.148634549083651,38.20712,-92.62511,198.53333333333333,988.6222222222221
149,2026-06-08,2026-06-08T16:18:45Z,22.31866666666667,22.31866666666667,20.104333333333333,2.07,22.833333333333332,0.44,0.013333333333333334,-5.05,NA,6.96,168,256,0.12,166,2.1563690800217747,38.20712,-92.62511,198.4,988.6666666666666
149,2026-06-08,2026-06-08T16:18:48Z,22.379,22.379,20.095666666666666,2.06,22.7,0.44666666666666666,0,-4.373333333333333,NA,6.96,168,256.26666666666665,0.12,167,2.1621983306115045,38.20712666666667,-92.62511,198.33333333333334,988.7111111111111
149,2026-06-08,2026-06-08T16:18:51Z,22.461000000000002,22.461000000000002,20.092333333333332,2.05,22.6,0.44666666666666666,-0.04,-3.6666666666666665,NA,6.96,168,255.96666666666667,0.12,166,2.1701596806387227,38.20713,-92.62511,198.13333333333333,988.6222222222223
149,2026-06-08,2026-06-08T16:18:54Z,22.496333333333332,22.496333333333332,20.094333333333335,2.0433333333333334,22.533333333333335,0.42333333333333334,-0.05,-4.88,NA,6.96,168.1,256.1333333333333,0.12,166.33333333333334,2.1735619669751407,38.20713,-92.62511,197.8,988.6222222222221
149,2026-06-08,2026-06-08T16:18:57Z,22.605666666666668,22.605666666666668,20.093,2.0366666666666666,22.433333333333334,0.4266666666666667,-0.02,-6.25,NA,6.96,168.06666666666666,256.23333333333335,0.12,167,2.1840863727091273,38.20713,-92.62511,197.33333333333334,988.7555555555556
149,2026-06-08,2026-06-08T16:19:00Z,22.717,22.717,20.088,2.0266666666666664,22.366666666666667,0.41666666666666663,-0.07,-6.4799999999999995,NA,6.96,168.06666666666666,256.23333333333335,0.12,167,2.1948829613500274,38.20713,-92.62511,197.23333333333332,988.7111111111111
149,2026-06-08,2026-06-08T16:19:06Z,22.803,22.803,20.065333333333335,2.0033333333333334,22.066666666666666,0.39,-0.07666666666666666,-6.016666666666667,NA,6.96,168.06666666666666,256.1,0.12,166,2.2032072219197967,38.20713,-92.62511,197.5,988.7555555555556
149,2026-06-08,2026-06-08T16:19:09Z,22.890666666666668,22.890666666666668,20.068333333333335,1.99,21.933333333333334,0.43,-0.013333333333333334,-5.77,NA,6.96,168,255.96666666666667,0.12,166,2.2116448920341134,38.20713,-92.62511,196.7,988.7111111111111
149,2026-06-08,2026-06-08T16:19:12Z,22.985666666666667,22.985666666666667,20.068,1.98,21.833333333333332,0.4433333333333333,-0.026666666666666665,-5.333333333333333,NA,6.96,168.1,256.1,0.12,166,2.220853747051352,38.20713,-92.62511,196.56666666666666,988.7111111111111
149,2026-06-08,2026-06-08T16:19:15Z,23.049,23.049,20.073333333333334,1.9766666666666666,21.766666666666666,0.4433333333333333,0.0033333333333333335,-5.113333333333333,NA,6.96,168,256.1333333333333,0.12,166.33333333333334,2.226955180547995,38.20713,-92.62511,196.56666666666666,988.6222222222221
149,2026-06-08,2026-06-08T16:19:18Z,23.098666666666666,23.098666666666666,20.074333333333335,1.97,21.7,0.44,0.0033333333333333335,-5.086666666666666,NA,6.96,168,256.03333333333336,0.12,166,2.2317183814189803,38.20713,-92.62511,196.83333333333334,988.8000000000001
149,2026-06-08,2026-06-08T16:19:21Z,23.165666666666667,23.165666666666667,20.07466666666667,1.97,21.7,0.4433333333333333,0.016666666666666666,-5.0600000000000005,NA,6.96,168.1,255.9,0.12,166,2.238250771184903,38.20713,-92.62511,197.13333333333333,988.7555555555556
149,2026-06-08,2026-06-08T16:19:24Z,23.248,23.248,20.071333333333335,1.9666666666666666,21.7,0.44666666666666666,-0.016666666666666666,-5.756666666666667,NA,6.96,168.1,256.06666666666666,0.12,166.33333333333334,2.246212121212121,38.20713,-92.62511,197.23333333333332,988.8000000000001
149,2026-06-08,2026-06-08T16:19:27Z,23.315666666666665,23.315666666666665,20.069,1.96,21.6,0.4666666666666667,-0.006666666666666666,-6.68,NA,6.953333333333333,168.16666666666666,256.1333333333333,0.12,166.33333333333334,2.2527218290691344,38.20713,-92.62511,197.23333333333332,988.8000000000001
149,2026-06-08,2026-06-08T16:19:30Z,23.381,23.381,20.067666666666668,1.96,21.6,0.4666666666666667,-0.016666666666666666,-6.73,NA,6.95,168.2,255.86666666666667,0.12,166,2.2590047178370534,38.20713,-92.62511666666667,197.23333333333335,988.8000000000001
149,2026-06-08,2026-06-08T16:19:33Z,23.481666666666666,23.481666666666666,20.058666666666667,1.9533333333333334,21.533333333333335,0.4066666666666667,-0.006666666666666667,-5.833333333333333,NA,6.95,168.3,256.23333333333335,0.12,166.66666666666666,2.2687806205770276,38.20713,-92.62512,197.2,988.7111111111111
149,2026-06-08,2026-06-08T16:19:36Z,23.581,23.581,20.049666666666667,1.94,21.366666666666667,0.4433333333333333,-0.026666666666666665,-6.526666666666666,NA,6.95,168.33333333333334,256.1,0.12,166.33333333333334,2.278375068045727,38.20713,-92.62512,197.33333333333334,988.7555555555556
149,2026-06-08,2026-06-08T16:19:39Z,23.726333333333333,23.726333333333333,20.039,1.92,21.2,0.42333333333333334,-0.03333333333333333,-5.943333333333333,NA,6.95,168.43333333333334,255.83333333333334,0.12,166,2.292392487751769,38.20713,-92.62512,197.5,988.7555555555556
149,2026-06-08,2026-06-08T16:19:42Z,23.803,23.803,20.026,1.9033333333333333,20.933333333333334,0.41333333333333333,-0.07333333333333333,-6.3933333333333335,NA,6.943333333333333,168.66666666666666,255.7,0.12,166,2.2998321538740703,38.20713,-92.62512,197.36666666666667,988.7555555555556
149,2026-06-08,2026-06-08T16:19:45Z,23.861,23.861,20.017666666666667,1.88,20.7,0.4166666666666667,-0.05333333333333333,-6.333333333333333,NA,6.94,168.8,255.66666666666666,0.12,166,2.3054572672836144,38.20713,-92.62512,197.7,988.5333333333333
149,2026-06-08,2026-06-08T16:19:48Z,23.908,23.908,20.023333333333333,1.86,20.5,0.44333333333333336,-0.05333333333333334,-5.423333333333333,NA,6.94,168.86666666666667,255.8,0.12,166,2.309970967156596,38.20713,-92.62512,197.96666666666667,988.8000000000001
149,2026-06-08,2026-06-08T16:19:51Z,23.996333333333332,23.996333333333332,20.015333333333334,1.8433333333333335,20.3,0.43666666666666665,-0.056666666666666664,-5.54,NA,6.94,168.7,255.76666666666668,0.12,166,2.31852204681546,38.20713,-92.62512,197.76666666666668,988.7555555555556
149,2026-06-08,2026-06-08T16:19:54Z,24.090666666666667,24.090666666666667,19.992333333333335,1.8233333333333335,20.1,0.42,-0.03333333333333333,-5.953333333333333,NA,6.94,168.6,256.03333333333336,0.12,166,2.3276401741970605,38.20713,-92.62512333333333,198,988.6666666666666
149,2026-06-08,2026-06-08T16:19:57Z,24.154,24.154,19.946666666666665,1.7966666666666666,19.766666666666666,0.43,-0.03666666666666667,-6.34,NA,6.94,168.7,255.73333333333332,0.12,166,2.333809653420432,38.20713,-92.62512,198.13333333333333,988.8000000000001
149,2026-06-08,2026-06-08T16:20:00Z,24.246,24.246,19.916,1.75,19.2,0.45,-0.03666666666666667,-5.39,NA,6.9366666666666665,168.76666666666668,255.46666666666667,0.12,166,2.3427009617129375,38.20713,-92.62512,198.03333333333333,988.7555555555556
149,2026-06-08,2026-06-08T16:20:03Z,24.323,24.323,19.87333333333333,1.7,18.6,0.44333333333333336,-0.03,-5.126666666666667,NA,6.93,168.86666666666667,255.5,0.12,166,2.350140627835239,38.20713,-92.62512,198.03333333333333,988.7111111111111
149,2026-06-08,2026-06-08T16:20:06Z,24.406333333333333,24.406333333333333,19.838,1.6333333333333333,17.9,0.45666666666666667,-0.04,-5.426666666666667,NA,6.93,168.9,255.63333333333333,0.12,166,2.358215387407004,38.20713,-92.62512,197.9,988.6666666666666
149,2026-06-08,2026-06-08T16:20:09Z,24.461,24.461,19.801333333333332,1.58,17.3,0.45666666666666667,-0.03333333333333333,-6.18,NA,6.926666666666667,168.96666666666667,255.76666666666668,0.12,166,2.3635456360007256,38.20713,-92.62512,198.13333333333333,988.7555555555556
149,2026-06-08,2026-06-08T16:20:12Z,24.551,24.551,19.784666666666666,1.5233333333333334,16.7,0.45666666666666667,-0.03666666666666667,-6.95,NA,6.92,169,255.8,0.12,166,2.3722328071130465,38.207123333333335,-92.62511,198.23333333333332,988.7555555555556
149,2026-06-08,2026-06-08T16:20:15Z,24.635,24.635,19.747666666666667,1.47,16.1,0.4633333333333333,-0.05333333333333334,-5.8966666666666665,NA,6.92,169.03333333333333,255.73333333333335,0.12,166,2.380330248593722,38.20712,-92.62511,197.83333333333334,988.8000000000001
149,2026-06-08,2026-06-08T16:20:18Z,24.763,24.763,19.727666666666668,1.41,15.466666666666667,0.44666666666666666,-0.043333333333333335,-5.27,NA,6.916666666666667,169.13333333333333,255.53333333333333,0.12,166,2.392737252767193,38.20712,-92.62511,197.56666666666666,988.7555555555556
149,2026-06-08,2026-06-08T16:20:21Z,24.818,24.818,19.714,1.36,14.866666666666667,0.39999999999999997,-0.05,-5.35,NA,6.91,169.1,255.7,0.12,166,2.3980675013609147,38.20712,-92.62511,197.79999999999998,988.8000000000001
149,2026-06-08,2026-06-08T16:20:24Z,24.899333333333335,24.899333333333335,19.713,1.3166666666666667,14.4,0.41,-0.07666666666666666,-5.683333333333333,NA,6.91,169.1,255.66666666666666,0.12,166,2.4059381237524953,38.20712,-92.62511,198.13333333333333,988.8000000000001
149,2026-06-08,2026-06-08T16:20:27Z,24.961666666666666,24.961666666666666,19.729666666666667,1.2833333333333334,14.066666666666666,0.41666666666666663,-0.04,-5.676666666666667,NA,6.91,169.1,255.73333333333335,0.12,166,2.4119488296135003,38.20712,-92.62511,198.06666666666666,988.6666666666666
149,2026-06-08,2026-06-08T16:20:30Z,25.046333333333333,25.046333333333333,19.732,1.2633333333333334,13.833333333333334,0.42333333333333334,-0.02666666666666667,-5.9366666666666665,NA,6.91,169.1,255.73333333333332,0.12,166,2.4200689530030846,38.207123333333335,-92.62511,197.8,988.7111111111111
149,2026-06-08,2026-06-08T16:20:33Z,25.125333333333334,25.125333333333334,19.718333333333334,1.25,13.666666666666666,0.46,-0.08666666666666667,-5.18,NA,6.91,169.1,255.7,0.12,166,2.4277581201233893,38.20713,-92.62511,197.7,988.7555555555556
149,2026-06-08,2026-06-08T16:20:36Z,25.171,25.171,19.703,1.2266666666666666,13.4,0.42,-0.04,-5.1866666666666665,NA,6.91,169.06666666666666,255.7,0.12,166,2.4322037742696425,38.20712,-92.62511,197.76666666666668,988.8000000000001
149,2026-06-08,2026-06-08T16:20:39Z,25.197,25.197,19.704666666666665,1.2033333333333334,13.2,0.43,-0.006666666666666666,-4.6033333333333335,NA,6.906666666666667,169.1,255.66666666666666,0.12,166,2.434676102340773,38.20712,-92.62511,197.76666666666668,988.8000000000001
149,2026-06-08,2026-06-08T16:20:42Z,25.237333333333336,25.237333333333336,19.709666666666667,1.19,13.033333333333333,0.45,0.0033333333333333335,-4.24,NA,6.9,169.1,255.66666666666666,0.12,166,2.4385547087642894,38.207123333333335,-92.62511,197.63333333333333,988.8000000000001
149,2026-06-08,2026-06-08T16:20:45Z,25.279333333333334,25.279333333333334,19.707,1.18,12.9,0.47,0.016666666666666666,-4.523333333333333,NA,6.9,169,255.7,0.12,166,2.4426374523679915,38.20713,-92.62511,197.76666666666665,988.7111111111111
149,2026-06-08,2026-06-08T16:20:48Z,25.314333333333334,25.314333333333334,19.705,1.17,12.8,0.45666666666666667,-0.060000000000000005,-5.053333333333334,NA,6.9,168.93333333333334,255.9,0.12,166,2.4460170567955,38.20713,-92.62511,197.73333333333335,988.8000000000001
149,2026-06-08,2026-06-08T16:20:51Z,25.346333333333334,25.346333333333334,19.676666666666666,1.1633333333333333,12.7,0.44666666666666666,-0.05,-4.03,NA,6.9,168.96666666666667,255.5,0.12,166,2.449124478316095,38.20713,-92.62511,197.4,988.6666666666666
149,2026-06-08,2026-06-08T16:20:54Z,25.421333333333333,25.421333333333333,19.663,1.14,12.4,0.44,0.030000000000000002,-4.4366666666666665,NA,6.9,169,255.46666666666667,0.12,166,2.456360007258211,38.20713,-92.62511,197.06666666666666,988.7555555555556
149,2026-06-08,2026-06-08T16:20:57Z,25.469333333333335,25.469333333333335,19.654,1.11,12.1,0.4633333333333333,-0.04,-4.223333333333333,NA,6.9,168.96666666666667,255.53333333333333,0.12,166,2.461032480493558,38.20713,-92.62511,197,988.8000000000001
149,2026-06-08,2026-06-08T16:21:00Z,25.537,25.537,19.656333333333333,1.09,11.9,0.45666666666666667,-0.03666666666666667,-4.253333333333333,NA,6.9,168.86666666666667,255.43333333333334,0.12,166,2.467542188350572,38.20713,-92.62511,197,988.7555555555556
149,2026-06-08,2026-06-08T16:21:03Z,25.670666666666666,25.670666666666666,19.663666666666668,1.0766666666666667,11.766666666666667,0.45,-0.07333333333333333,-4.8133333333333335,NA,6.9,168.76666666666668,255.7,0.12,166,2.4804708764289605,38.20713,-92.62511,196.26666666666665,988.7555555555556
149,2026-06-08,2026-06-08T16:21:06Z,25.764666666666667,25.764666666666667,19.647333333333332,1.0666666666666667,11.666666666666666,0.45666666666666667,-0.05,-5.456666666666667,NA,6.9,168.7,255.5,0.12,166,2.48961168571947,38.20713,-92.62511,196.3,988.8000000000001
149,2026-06-08,2026-06-08T16:21:09Z,25.828,25.828,19.639,1.0533333333333335,11.5,0.42666666666666664,-0.06,-5.216666666666667,NA,6.9,168.73333333333332,255.5,0.12,166,2.495645073489385,38.20713,-92.62511,196.56666666666666,988.8000000000001
149,2026-06-08,2026-06-08T16:21:12Z,25.916333333333334,25.916333333333334,19.631,1.0333333333333334,11.3,0.4666666666666667,-0.016666666666666666,-4.023333333333333,NA,6.9,168.7,255.5,0.12,166,2.5042188350571584,38.20712666666667,-92.62511,197.03333333333333,988.8000000000001
149,2026-06-08,2026-06-08T16:21:15Z,26.023666666666667,26.023666666666667,19.624666666666666,1.0166666666666666,11.1,0.4766666666666667,-0.03,-3.31,NA,6.8966666666666665,168.73333333333332,255.36666666666667,0.12,166,2.5146298312465976,38.207123333333335,-92.62511,197.6,988.8000000000001
149,2026-06-08,2026-06-08T16:21:18Z,26.115,26.115,19.62,1.0033333333333334,10.933333333333334,0.4666666666666667,0.013333333333333334,-3.2466666666666666,NA,6.89,168.83333333333334,255.5,0.12,166,2.5234757757212845,38.20713,-92.62511,197.93333333333334,988.7555555555556
149,2026-06-08,2026-06-08T16:21:21Z,26.150666666666666,26.150666666666666,19.617,0.9833333333333333,10.733333333333333,0.43333333333333335,0.060000000000000005,-4.08,NA,6.89,168.86666666666667,255.7,0.12,166,2.5269007439666122,38.207123333333335,-92.62511,198.2,988.7555555555556
149,2026-06-08,2026-06-08T16:21:24Z,26.176333333333332,26.176333333333332,19.614,0.97,10.566666666666666,0.46,0.02,-4.08,NA,6.89,168.76666666666668,255.5,0.12,166,2.5294184358555616,38.20712,-92.62511,198.5,988.8000000000001
149,2026-06-08,2026-06-08T16:21:27Z,26.244666666666667,26.244666666666667,19.609666666666666,0.9566666666666667,10.466666666666667,0.4633333333333333,0.05,-4.16,NA,6.89,168.73333333333332,255.36666666666667,0.12,166,2.535973507530394,38.20712,-92.62511,199.13333333333333,988.7555555555556
149,2026-06-08,2026-06-08T16:21:30Z,26.306,26.306,19.591,0.94,10.3,0.45666666666666667,-0.01,-4.276666666666666,NA,6.89,168.8,255.3,0.12,166,2.54193884957358,38.20712,-92.62511,199.06666666666666,988.7111111111111
149,2026-06-08,2026-06-08T16:21:33Z,26.36466666666667,26.36466666666667,19.578666666666667,0.9133333333333333,10,0.4766666666666666,-0.006666666666666667,-4.386666666666667,NA,6.89,168.8,255.2,0.12,166,2.5476093268009437,38.20712,-92.62511,199.2,988.7555555555556
149,2026-06-08,2026-06-08T16:21:36Z,26.402333333333335,26.402333333333335,19.572666666666667,0.89,9.733333333333333,0.42333333333333334,-0.03,-5.62,NA,6.886666666666667,168.7,255.33333333333334,0.12,166,2.551238432226456,38.20712,-92.62511,199.33333333333334,988.7555555555556
149,2026-06-08,2026-06-08T16:21:39Z,26.463,26.463,19.564666666666668,0.87,9.5,0.47,-0.043333333333333335,-6.7299999999999995,NA,6.88,168.76666666666668,255.36666666666667,0.12,166,2.557067682816186,38.20712,-92.62511,199.5,988.7555555555556
149,2026-06-08,2026-06-08T16:21:42Z,26.555666666666667,26.555666666666667,19.562333333333335,0.8533333333333333,9.266666666666667,0.46,-0.05666666666666667,-6.456666666666666,NA,6.88,168.66666666666666,255.6,0.12,166,2.56604971874433,38.20712,-92.62511333333333,199.56666666666666,988.7555555555556
149,2026-06-08,2026-06-08T16:21:45Z,26.624666666666666,26.624666666666666,19.560333333333332,0.8366666666666667,9.133333333333333,0.42333333333333334,-0.07,-6.423333333333333,NA,6.88,168.6,255.33333333333334,0.12,166,2.572718199963709,38.20712,-92.62512,199.7,988.8000000000001
149,2026-06-08,2026-06-08T16:21:48Z,26.724333333333334,26.724333333333334,19.562666666666665,0.8233333333333333,9,0.42,-0.08666666666666667,-5.923333333333333,NA,6.88,168.6,255.3,0.12,166,2.5823580112502267,38.20712,-92.62512,200.13333333333333,988.8000000000001
149,2026-06-08,2026-06-08T16:21:51Z,26.785666666666668,26.785666666666668,19.561666666666667,0.8166666666666667,8.9,0.42333333333333334,-0.04,-4.74,NA,6.88,168.6,255.16666666666666,0.12,166,2.5882553075666848,38.20712,-92.62512333333333,200.2,988.8000000000001
149,2026-06-08,2026-06-08T16:21:54Z,26.823666666666668,26.823666666666668,19.561333333333334,0.81,8.8,0.45666666666666667,0.01,-4.326666666666666,NA,6.88,168.6,255.23333333333332,0.12,166,2.5919297768100162,38.20712,-92.62512666666666,200.4,988.7555555555556
149,2026-06-08,2026-06-08T16:21:57Z,26.952666666666666,26.952666666666666,19.560666666666666,0.8033333333333333,8.766666666666667,0.4766666666666666,-0.03,-3.28,NA,6.88,168.56666666666666,255.43333333333334,0.12,166,2.6044275086191253,38.20712,-92.62512333333333,200.4,988.7555555555556
149,2026-06-08,2026-06-08T16:22:00Z,27.115000000000002,27.115000000000002,19.54,0.7966666666666667,8.7,0.46,-0.04666666666666667,-3.1166666666666667,NA,6.88,168.5,255.36666666666667,0.12,166,2.6201233895844673,38.20712,-92.62513,200.56666666666666,988.8000000000001
149,2026-06-08,2026-06-08T16:22:03Z,27.276333333333334,27.276333333333334,19.524333333333335,0.7866666666666667,8.566666666666666,0.47333333333333333,-0.03,-3.513333333333333,NA,6.876666666666667,168.53333333333333,255.23333333333335,0.12,166,2.6357058610052624,38.20712,-92.62513,200.3,988.8000000000001
149,2026-06-08,2026-06-08T16:22:06Z,27.464,27.464,19.493666666666666,0.77,8.366666666666667,0.4666666666666667,0.016666666666666666,-4.01,NA,6.87,168.96666666666667,255,0.12,166,2.6538740700417347,38.20712,-92.62513,200.73333333333332,988.8000000000001
149,2026-06-08,2026-06-08T16:22:09Z,27.595,27.595,19.481666666666666,0.7466666666666667,8.166666666666666,0.49,-0.043333333333333335,-3.4233333333333333,NA,6.863333333333333,169.16666666666666,255.06666666666666,0.12,166,2.6665532571221195,38.20712,-92.62513,201.53333333333333,988.7555555555556
149,2026-06-08,2026-06-08T16:22:12Z,27.676333333333332,27.676333333333332,19.493333333333332,0.7333333333333333,8.033333333333333,0.47,-0.05333333333333334,-4.876666666666667,NA,6.86,169.23333333333332,255.3,0.12,166,2.6744238795136996,38.20712,-92.62512333333333,201.16666666666666,988.7555555555556
149,2026-06-08,2026-06-08T16:22:15Z,27.729333333333333,27.729333333333333,19.488333333333333,0.7233333333333333,7.866666666666667,0.45,0.02,-4.796666666666667,NA,6.86,169.3,255.5,0.12,166,2.6795046271094174,38.20712,-92.62512,201.23333333333335,988.8000000000001
149,2026-06-08,2026-06-08T16:22:18Z,27.789333333333335,27.789333333333335,19.484,0.7133333333333333,7.8,0.44333333333333336,-0.03333333333333333,-5.593333333333333,NA,6.86,169.3,255.43333333333334,0.12,166,2.685311195790238,38.20712,-92.62512333333333,201.06666666666666,988.8000000000001
149,2026-06-08,2026-06-08T16:22:21Z,27.89,27.89,19.472333333333335,0.71,7.7,0.42,-0.056666666666666664,-5.566666666666666,NA,6.86,169.4,255.43333333333334,0.12,166,2.6950417347123934,38.20712,-92.62512,201.3,988.8000000000001
149,2026-06-08,2026-06-08T16:22:24Z,28.012666666666668,28.012666666666668,19.456666666666667,0.7,7.6,0.44,-0.03333333333333333,-5.613333333333333,NA,6.86,169.53333333333333,255.33333333333334,0.12,166,2.706904373072038,38.20712,-92.62512,201.43333333333334,988.8000000000001
149,2026-06-08,2026-06-08T16:22:27Z,28.089333333333332,28.089333333333332,19.437666666666665,0.6866666666666666,7.5,0.41000000000000003,-0.043333333333333335,-5.873333333333333,NA,6.86,169.6,255.5,0.12,166,2.7143213572854292,38.20712,-92.62512,201.36666666666667,988.8000000000001
149,2026-06-08,2026-06-08T16:22:30Z,28.250666666666667,28.250666666666667,19.413,0.6733333333333333,7.333333333333333,0.43666666666666665,0.02666666666666667,-6.79,NA,6.86,169.7,255.56666666666666,0.12,166,2.729926510615133,38.20712,-92.62512,201.23333333333335,988.7555555555556
149,2026-06-08,2026-06-08T16:22:33Z,28.296666666666667,28.296666666666667,19.389333333333333,0.66,7.166666666666667,0.4666666666666667,-0.013333333333333336,-6.026666666666666,NA,6.85,169.83333333333334,255.6,0.12,166,2.734349482852477,38.20712,-92.62512,201.33333333333334,988.7555555555556
149,2026-06-08,2026-06-08T16:22:36Z,28.346,28.346,19.360333333333333,0.64,6.933333333333334,0.44,-0.0033333333333333335,-5.233333333333333,NA,6.85,169.96666666666667,255.83333333333334,0.12,166,2.7391807294501906,38.20712,-92.62512,201.26666666666668,988.8000000000001
149,2026-06-08,2026-06-08T16:22:39Z,28.410333333333334,28.410333333333334,19.33866666666667,0.6233333333333333,6.733333333333333,0.4766666666666666,0.07333333333333333,-5.793333333333334,NA,6.85,170.1,255.76666666666668,0.12,166,2.7454409363092,38.20712,-92.62512,201,988.8000000000001
149,2026-06-08,2026-06-08T16:22:42Z,28.500333333333334,28.500333333333334,19.323333333333334,0.6033333333333333,6.566666666666666,0.45666666666666667,-0.02,-5.0633333333333335,NA,6.85,170.1,255.83333333333334,0.12,166,2.7541281074215207,38.20712,-92.62512,201.29999999999998,988.8000000000001
149,2026-06-08,2026-06-08T16:22:45Z,28.593,28.593,19.313666666666666,0.5866666666666667,6.366666666666667,0.5033333333333333,0.03,-4.026666666666666,NA,6.85,170.26666666666668,255.9,0.12,166,2.7630647795318453,38.20711333333333,-92.62511,201.3,988.8000000000001
149,2026-06-08,2026-06-08T16:22:48Z,28.654666666666667,28.654666666666667,19.30966666666667,0.5733333333333333,6.233333333333333,0.4766666666666666,-0.023333333333333334,-3.5433333333333334,NA,6.85,170.2,255.83333333333334,0.12,166,2.769030121575032,38.20711333333333,-92.62511,201.26666666666668,988.7555555555556
149,2026-06-08,2026-06-08T16:22:51Z,28.696,28.696,19.307,0.56,6.1,0.48,-0.02666666666666667,-4.903333333333333,NA,6.85,170.2,256.06666666666666,0.12,166,2.7730221375430957,38.20712,-92.62511666666667,201.13333333333333,988.7555555555556
149,2026-06-08,2026-06-08T16:22:54Z,28.756333333333334,28.756333333333334,19.327666666666666,0.55,6,0.4633333333333333,-0.05,-4.91,NA,6.85,170.2,255.93333333333334,0.12,166,2.7788287062239156,38.20712,-92.62512,200.96666666666667,988.8000000000001
149,2026-06-08,2026-06-08T16:22:57Z,28.915333333333333,28.915333333333333,19.332333333333334,0.5433333333333333,5.9,0.43,-0.026666666666666665,-4.976666666666667,NA,6.85,170.1,255.8,0.12,166,2.7942070404645256,38.20712,-92.62512,200.6,988.7555555555556
149,2026-06-08,2026-06-08T16:23:00Z,29.012666666666668,29.012666666666668,19.265333333333334,0.54,5.866666666666667,0.47333333333333333,-0.03333333333333333,-6.196666666666666,NA,6.85,170.2,256.1666666666667,0.12,166.33333333333334,2.8036200326619487,38.20711,-92.62512,200.16666666666666,988.8000000000001
149,2026-06-08,2026-06-08T16:23:03Z,29.06266666666667,29.06266666666667,19.206333333333333,0.5266666666666667,5.733333333333333,0.4633333333333333,-0.06666666666666667,-5.6033333333333335,NA,6.85,170.43333333333334,256.23333333333335,0.12,166.66666666666666,2.808519324986391,38.20711,-92.62512,199.76666666666668,988.8000000000001
149,2026-06-08,2026-06-08T16:23:06Z,29.143333333333334,29.143333333333334,19.200666666666667,0.51,5.5,0.4166666666666667,-0.07333333333333333,-5.116666666666666,NA,6.85,170.46666666666667,256.1333333333333,0.12,166.33333333333334,2.8162992197423335,38.20711,-92.62511666666667,199.7,988.8000000000001
149,2026-06-08,2026-06-08T16:23:09Z,29.201,29.201,19.158,0.48,5.2,0.44333333333333336,-0.05,-5.753333333333333,NA,6.85,170.5,256.5,0.12,167,2.821924333151878,38.20711,-92.62511,199.66666666666666,988.7111111111111
149,2026-06-08,2026-06-08T16:23:12Z,29.235333333333333,29.235333333333333,19.111,0.45,4.9,0.42333333333333334,-0.01,-5.626666666666667,NA,6.85,170.53333333333333,256.56666666666666,0.12,167,2.825258573761568,38.20711,-92.62511,199.4,988.7555555555556
149,2026-06-08,2026-06-08T16:23:15Z,29.287,29.287,19.086,0.42,4.533333333333333,0.46,0.03666666666666667,-4.9399999999999995,NA,6.85,170.63333333333333,256.3,0.12,167,2.8302485937216475,38.20711,-92.62511,199.53333333333333,988.8000000000001
149,2026-06-08,2026-06-08T16:23:18Z,29.325333333333333,29.325333333333333,19.078333333333333,0.38,4.133333333333333,0.48666666666666664,-0.013333333333333334,-5.403333333333333,NA,6.85,170.66666666666666,256.26666666666665,0.12,167,2.833968426782798,38.20711,-92.62511,199.76666666666668,988.8000000000001
149,2026-06-08,2026-06-08T16:23:24Z,29.370333333333335,29.370333333333335,19.06233333333333,0.33,3.533333333333333,0.49333333333333335,0.0033333333333333335,-4.756666666666667,NA,6.85,170.7,256.3666666666667,0.12,167,2.838300671384504,38.20711,-92.62511,200.23333333333332,988.7555555555556
149,2026-06-08,2026-06-08T16:23:27Z,29.438666666666666,29.438666666666666,19.063,0.30333333333333334,3.3,0.48666666666666664,0.04,-5.06,NA,6.85,170.6,256.59999999999997,0.12,167,2.8449464706949734,38.20711,-92.62511,200.23333333333332,988.8000000000001
149,2026-06-08,2026-06-08T16:23:30Z,29.502333333333333,29.502333333333333,19.058333333333334,0.2833333333333333,3.066666666666667,0.48,-0.0033333333333333327,-5.613333333333333,NA,6.85,170.56666666666666,256.56666666666666,0.12,167,2.851115949918345,38.20711,-92.62511,200.26666666666668,988.8000000000001
149,2026-06-08,2026-06-08T16:23:33Z,29.526333333333334,29.526333333333334,19.060333333333332,0.26666666666666666,2.9,0.4533333333333333,-0.013333333333333334,-5.223333333333334,NA,6.85,170.5,256.23333333333335,0.12,166.66666666666666,2.8534068227182,38.20711,-92.62511,200.3,988.8000000000001
149,2026-06-08,2026-06-08T16:23:36Z,29.600666666666665,29.600666666666665,19.040666666666667,0.25333333333333335,2.7333333333333334,0.43666666666666665,-0.02,-5.253333333333334,NA,6.85,170.56666666666666,256.3,0.12,166.66666666666666,2.860619669751406,38.20711,-92.62511,200.33333333333334,988.7555555555556
149,2026-06-08,2026-06-08T16:23:39Z,29.654,29.654,19.016666666666666,0.23,2.5,0.43666666666666665,-0.016666666666666666,-5.15,NA,6.85,170.5,256.3666666666667,0.12,167,2.8657684630738522,38.20711,-92.62511,200.4,988.8000000000001
149,2026-06-08,2026-06-08T16:23:42Z,29.688666666666666,29.688666666666666,19.009666666666668,0.20666666666666667,2.2333333333333334,0.44333333333333336,-0.03666666666666667,-5.276666666666666,NA,6.85,170.5,256.43333333333334,0.12,167,2.8691253855924517,38.20711,-92.62511666666667,200.53333333333333,988.8000000000001
149,2026-06-08,2026-06-08T16:23:45Z,29.738333333333333,29.738333333333333,19.001,0.19,2.033333333333333,0.4533333333333333,-0.05333333333333334,-5.666666666666667,NA,6.85,170.36666666666667,256.6,0.12,167,2.8739339502812555,38.20711,-92.62512,200.4,988.7555555555556
149,2026-06-08,2026-06-08T16:23:48Z,29.833,29.833,19.012666666666668,0.17333333333333334,1.8666666666666667,0.44333333333333336,-0.006666666666666667,-5.596666666666667,NA,6.85,170.3,256.3666666666667,0.12,167,2.8830747595717656,38.20711,-92.62512,200.36666666666667,988.8000000000001
149,2026-06-08,2026-06-08T16:23:51Z,29.919,29.919,19.015,0.16,1.7666666666666666,0.45,-0.016666666666666666,-6.163333333333333,NA,6.85,170.16666666666666,256.3666666666667,0.12,167,2.8913536563237163,38.20711,-92.62511333333333,200.5,988.8000000000001
149,2026-06-08,2026-06-08T16:23:54Z,29.977666666666668,29.977666666666668,19.028333333333332,0.16,1.7,0.49333333333333335,-0.02333333333333333,-6.136666666666667,NA,6.85,170.06666666666666,256.23333333333335,0.12,167,2.89702413355108,38.20711,-92.62511,200.43333333333334,988.8000000000001
149,2026-06-08,2026-06-08T16:23:57Z,30.06533333333333,30.06533333333333,18.999666666666666,0.15,1.6666666666666667,0.45,0.023333333333333334,-7.043333333333333,NA,6.85,170,256.3,0.12,167,2.9055525313010344,38.20711,-92.62511,200.3,988.8000000000001
149,2026-06-08,2026-06-08T16:24:00Z,30.124666666666666,30.124666666666666,18.97266666666667,0.15,1.6,0.4866666666666667,0.016666666666666666,-6.803333333333334,NA,6.85,170,256.4,0.12,167,2.9112683723462167,38.20711,-92.62511666666667,200.06666666666666,988.7555555555556
149,2026-06-08,2026-06-08T16:24:03Z,30.224,30.224,18.952,0.1366666666666667,1.4666666666666666,0.4766666666666666,0.05,-6.93,NA,6.85,170,256.73333333333335,0.12,167,2.9208855017238253,38.20711,-92.62512,200.03333333333333,988.8000000000001
149,2026-06-08,2026-06-08T16:24:06Z,30.28,30.28,18.927999999999997,0.12333333333333334,1.3333333333333333,0.49,0.006666666666666667,-7.04,NA,6.85,170,256.6,0.12,167,2.9263518417710035,38.20711,-92.62512,200.13333333333333,988.8444444444445
149,2026-06-08,2026-06-08T16:24:09Z,30.349333333333334,30.349333333333334,18.924666666666667,0.10666666666666667,1.1666666666666667,0.45666666666666667,-0.0033333333333333327,-6.993333333333333,NA,6.84,170,256.46666666666664,0.12,167,2.933043004899292,38.20711666666667,-92.62512,200.2,988.8000000000001
149,2026-06-08,2026-06-08T16:24:12Z,30.430666666666667,30.430666666666667,18.902,0.09666666666666666,1.0333333333333334,0.4666666666666667,-0.04,-5.84,NA,6.843333333333333,169.96666666666667,256.3,0.12,167,2.9408455815641443,38.20712,-92.62512,200.36666666666667,988.8000000000001
149,2026-06-08,2026-06-08T16:24:15Z,30.462666666666667,30.462666666666667,18.866,0.08333333333333333,0.9,0.4666666666666667,-0.06666666666666667,-5.203333333333333,NA,6.85,169.8,256.6333333333333,0.12,167,2.944021048811468,38.20712,-92.62512,200.43333333333334,988.8000000000001
149,2026-06-08,2026-06-08T16:24:18Z,30.540666666666667,30.540666666666667,18.841,0.07666666666666667,0.8,0.45,-0.043333333333333335,-4.536666666666666,NA,6.84,169.96666666666667,256.8666666666667,0.12,167,2.951574124478316,38.20712,-92.62512,200.16666666666666,988.8000000000001
149,2026-06-08,2026-06-08T16:24:21Z,30.633333333333333,30.633333333333333,18.829333333333334,0.06666666666666667,0.6666666666666666,0.44,-0.05666666666666667,-4.703333333333333,NA,6.84,170,257.1,0.12,167,2.9605334784975503,38.20712,-92.62512,200,988.7555555555556
149,2026-06-08,2026-06-08T16:24:24Z,30.728666666666665,30.728666666666665,18.821,0.05333333333333334,0.6,0.43333333333333335,-0.05,-4.8566666666666665,NA,6.84,170,256.96666666666664,0.12,167,2.969742333514789,38.20712,-92.62512,199.76666666666668,988.8000000000001
149,2026-06-08,2026-06-08T16:24:27Z,30.839333333333332,30.839333333333332,18.815333333333335,0.05,0.5,0.47333333333333333,-0.016666666666666666,-4.843333333333334,NA,6.843333333333333,169.86666666666667,256.9,0.12,167,2.9804255126111414,38.20712,-92.62512,199.7,988.8000000000001
149,2026-06-08,2026-06-08T16:24:30Z,30.971333333333334,30.971333333333334,18.81,0.04,0.4666666666666667,0.43333333333333335,-0.026666666666666665,-4.743333333333333,NA,6.846666666666667,169.8,256.9,0.12,167,2.993195427327164,38.20712,-92.62512,199.66666666666666,988.8000000000001
149,2026-06-08,2026-06-08T16:24:33Z,31.147333333333332,31.147333333333332,18.804333333333332,0.03666666666666667,0.4,0.47000000000000003,0.0033333333333333335,-4.513333333333334,NA,6.84,169.8,257.0333333333333,0.12,167,3.010206859009254,38.20712,-92.62512,199.73333333333332,988.8000000000001
149,2026-06-08,2026-06-08T16:24:36Z,31.337,31.337,18.801333333333332,0.03,0.3333333333333333,0.45333333333333337,-0.006666666666666667,-5.793333333333334,NA,6.843333333333333,169.73333333333332,257.1333333333333,0.12,167,3.0285565233170026,38.20712,-92.62512,199.8,988.7555555555556
149,2026-06-08,2026-06-08T16:24:39Z,31.499666666666666,31.499666666666666,18.801666666666666,0.03,0.3,0.49333333333333335,0.026666666666666665,-6.013333333333334,NA,6.85,169.63333333333333,257.43333333333334,0.12,167,3.044275086191254,38.20712,-92.62512,199.83333333333334,988.7555555555556
149,2026-06-08,2026-06-08T16:24:42Z,31.658,31.658,18.802333333333333,0.03,0.3,0.5333333333333333,-0.01,-5.7700000000000005,NA,6.846666666666667,169.6,257.26666666666665,0.12,167,3.059608056614045,38.20712,-92.62512,199.8,988.8000000000001
149,2026-06-08,2026-06-08T16:24:45Z,31.762333333333334,31.762333333333334,18.801666666666666,0.026666666666666665,0.3,0.48,0.013333333333333332,-5.640000000000001,NA,6.84,169.56666666666666,257.2,0.12,167,3.0696788241698423,38.20712,-92.62512,199.86666666666667,988.7555555555556
149,2026-06-08,2026-06-08T16:24:48Z,31.866666666666667,31.866666666666667,18.801333333333332,0.02,0.23333333333333334,0.5,0.0033333333333333335,-5.576666666666667,NA,6.85,169.43333333333334,256.93333333333334,0.12,167,3.079772273634549,38.20712,-92.62512,199.86666666666667,988.7555555555556
149,2026-06-08,2026-06-08T16:24:51Z,31.961,31.961,18.801,0.02,0.2,0.48,-5.779588143431843e-19,-5.623333333333333,NA,6.85,169.33333333333334,257.06666666666666,0.12,167,3.0888904010161493,38.20712,-92.62512,199.8,988.7555555555556
149,2026-06-08,2026-06-08T16:24:54Z,32.02733333333333,32.02733333333333,18.804,0.02,0.2,0.4766666666666666,0.006666666666666667,-5.576666666666666,NA,6.85,169.13333333333333,257.06666666666666,0.12,167,3.0953320631464343,38.20711666666667,-92.62512,199.63333333333333,988.8000000000001
149,2026-06-08,2026-06-08T16:24:57Z,32.14033333333333,32.14033333333333,18.805333333333333,0.02,0.2,0.4533333333333333,0.006666666666666667,-6.066666666666666,NA,6.85,169,257.1333333333333,0.12,167,3.1062193794229724,38.20711,-92.62512,199.4,988.8000000000001
149,2026-06-08,2026-06-08T16:25:00Z,32.24,32.24,18.804333333333332,0.02,0.2,0.47333333333333333,-0.060000000000000005,-6.743333333333333,NA,6.85,169,256.96666666666664,0.12,167,3.1158365088005806,38.20711666666667,-92.62512,199.3,988.7111111111111
149,2026-06-08,2026-06-08T16:25:03Z,32.300333333333334,32.300333333333334,18.802666666666667,0.01,0.13333333333333333,0.5866666666666667,-0.020000000000000004,-7.083333333333333,NA,6.85,168.86666666666667,257.0333333333333,0.12,167,3.1216657593903103,38.20712,-92.62512,199.23333333333332,988.7111111111111
149,2026-06-08,2026-06-08T16:25:06Z,32.32066666666667,32.32066666666667,18.799,0.01,0.1,1.4866666666666666,0.5233333333333333,-0.05000000000000009,NA,6.846666666666667,153.6,257.3,0.12,167,3.123639085465433,38.20712,-92.62512,199.03333333333333,988.6666666666666
149,2026-06-08,2026-06-08T16:25:15Z,32.385,32.385,18.796,0.01,0.1,1.8833333333333333,0.5333333333333333,3.526666666666667,NA,6.803333333333333,65.73333333333333,260.1,0.12,169,3.1298312465977136,38.20712,-92.62512,198.76666666666668,988.8000000000001
149,2026-06-08,2026-06-08T16:25:24Z,32.438,32.438,18.798333333333332,0,0,0.8666666666666667,0.7833333333333333,-3.8766666666666665,NA,6.72,-23.9,258.8666666666667,0.12,168,3.13495735801125,38.20712,-92.62512,198.63333333333333,988.8000000000001
149,2026-06-08,2026-06-08T16:25:27Z,32.474333333333334,32.474333333333334,18.797333333333334,0,0,3.11,2.203333333333333,-4.746666666666667,NA,6.706666666666667,-35.766666666666666,258.73333333333335,0.12,168,3.1385184177100345,38.20712,-92.62512,198.26666666666665,988.8000000000001
