MULakeNumber,date,dateTime,depth_m,verticalPosition_m,temp_degC,doConcentration_mgpL,doSaturation_percent,chlorophyll_RFU,phycocyaninBGA_RFU,phycoerythrinTAL_RFU,turbidity_FNU,pH,orp_mV,specificConductivity_uSpcm,salinity_psu,tds_mgpL,waterPressure_barA,latitude,longitude,altitude_m,barometerAirHandheld_mbars
149,2026-05-28,2026-05-28T16:22:09Z,0.02,0.02,23.205000000000002,10.293333333333333,120.6,1.4666666666666668,0.6266666666666667,5.653333333333333,NA,8.1,120.66666666666667,250.7,0.12,163,0.0019506441662130284,38.20644,-92.62486,196.2,991.1555555555555
149,2026-05-28,2026-05-28T16:22:12Z,0.15966666666666668,0.15966666666666668,23.043333333333333,10.046666666666667,117.3,1.05,0.043333333333333335,4.526666666666666,NA,8.056666666666667,120.3,250.66666666666666,0.12,163,0.01537833424060969,38.20644,-92.62486,195.76666666666668,991.1111111111111
149,2026-05-28,2026-05-28T16:22:15Z,0.23433333333333334,0.23433333333333334,23.028333333333332,9.753333333333334,113.83333333333333,1.0666666666666667,0.32333333333333336,4.276666666666666,NA,8.01,120.03333333333333,250.43333333333334,0.12,163,0.022636545091634912,38.20644,-92.62486,195.43333333333334,991.1999999999999
149,2026-05-28,2026-05-28T16:22:18Z,0.327,0.327,22.93,9.51,110.83333333333333,1.0533333333333335,0.4033333333333333,3.9166666666666665,NA,7.943333333333333,119.86666666666667,250.73333333333335,0.12,163,0.03155053529305026,38.20644,-92.62486,195.3,991.1999999999999
149,2026-05-28,2026-05-28T16:22:21Z,0.4756666666666667,0.4756666666666667,22.845333333333333,9.28,107.9,0.7966666666666666,0.09666666666666666,3.716666666666667,NA,7.886666666666667,119.8,250.7,0.12,163,0.04595354745055344,38.206446666666665,-92.62486,195.33333333333334,991.1555555555555
149,2026-05-28,2026-05-28T16:22:24Z,0.573,0.573,22.78633333333333,8.99,104.46666666666667,0.86,0.37666666666666665,3.2933333333333334,NA,7.83,119.8,250.93333333333334,0.12,163,0.055298493921248415,38.20645,-92.62486,195.33333333333334,991.1999999999999
149,2026-05-28,2026-05-28T16:22:27Z,0.6373333333333333,0.6373333333333333,22.752,8.763333333333334,101.76666666666667,0.6966666666666667,0.02333333333333333,2.723333333333333,NA,7.81,119.9,251.13333333333333,0.12,163,0.061536018871348214,38.20645,-92.62486,195.4,991.1999999999999
149,2026-05-28,2026-05-28T16:22:30Z,0.69,0.69,22.661333333333335,8.563333333333334,99.26666666666667,0.6766666666666666,0.22666666666666668,2.6999999999999997,NA,7.766666666666667,119.96666666666667,251.56666666666666,0.12,163.66666666666666,0.06661676646706587,38.20645,-92.62486,195.7,991.1555555555555
149,2026-05-28,2026-05-28T16:22:33Z,0.748,0.748,22.600333333333335,8.343333333333334,96.6,0.6033333333333333,-0.10333333333333335,2.2266666666666666,NA,7.736666666666666,120.03333333333333,251.63333333333333,0.12,163.66666666666666,0.07221919796770096,38.20645,-92.62486,195.93333333333334,991.1555555555555
149,2026-05-28,2026-05-28T16:22:36Z,0.82,0.82,22.537333333333333,8.153333333333334,94.26666666666667,0.6533333333333333,0.18333333333333335,2.336666666666667,NA,7.706666666666667,120.2,251.96666666666667,0.12,164,0.07920522591181274,38.20645333333333,-92.62485333333333,196.06666666666666,991.0666666666666
149,2026-05-28,2026-05-28T16:22:39Z,0.8826666666666667,0.8826666666666667,22.516333333333332,8,92.5,0.6666666666666667,0.20666666666666667,2.146666666666667,NA,7.68,120.4,251.73333333333335,0.12,164,0.08519324986390855,38.20646,-92.62485,195.9,991.1111111111111
149,2026-05-28,2026-05-28T16:22:42Z,0.976,0.976,22.491333333333333,7.866666666666667,90.9,0.5633333333333334,0.03333333333333333,1.8133333333333332,NA,7.656666666666667,120.6,251.56666666666666,0.12,163.33333333333334,0.09428869533659953,38.20646,-92.62485,196,991.1555555555555
149,2026-05-28,2026-05-28T16:22:45Z,1.0243333333333333,1.0243333333333333,22.475,7.766666666666667,89.7,0.6333333333333333,0.2,1.9933333333333334,NA,7.6433333333333335,120.9,251.7,0.12,164,0.09893848666303758,38.20646,-92.62485,196.06666666666666,991.1999999999999
149,2026-05-28,2026-05-28T16:22:48Z,1.091,1.091,22.439333333333334,7.693333333333333,88.8,0.5033333333333333,0.11,1.8333333333333333,NA,7.633333333333333,121.2,251.83333333333334,0.12,164,0.10533478497550354,38.20646,-92.62484333333333,195.9,991.1999999999999
149,2026-05-28,2026-05-28T16:22:51Z,1.159,1.159,22.406,7.63,88,0.6366666666666667,0.28,1.9433333333333331,NA,7.62,121.5,252.1,0.12,164,0.11195790237706406,38.20646,-92.62484,195.96666666666667,991.1555555555555
149,2026-05-28,2026-05-28T16:22:54Z,1.254,1.254,22.385333333333335,7.57,87.23333333333333,0.4966666666666667,-0.07333333333333333,1.7066666666666666,NA,7.61,121.83333333333333,252.06666666666666,0.12,164,0.12109871166757394,38.20646,-92.62484,195.96666666666667,991.1999999999999
149,2026-05-28,2026-05-28T16:22:57Z,1.3363333333333334,1.3363333333333334,22.38233333333333,7.506666666666667,86.53333333333333,0.5533333333333333,0.18666666666666668,1.82,NA,7.6066666666666665,122.26666666666667,252.1,0.12,164,0.12899201596806387,38.20646,-92.62484,196.03333333333333,991.0666666666666
149,2026-05-28,2026-05-28T16:23:00Z,1.4143333333333332,1.4143333333333332,22.33566666666667,7.456666666666667,85.9,0.5633333333333334,0.27,1.6833333333333333,NA,7.6,122.63333333333333,252.23333333333332,0.12,164,0.13656777354382146,38.20646,-92.62484,196.03333333333333,991.0666666666666
149,2026-05-28,2026-05-28T16:23:03Z,1.4756666666666667,1.4756666666666667,22.313333333333333,7.3933333333333335,85.13333333333334,0.51,-0.006666666666666668,1.69,NA,7.593333333333333,123,252.1,0.12,164,0.14246506986027946,38.20646,-92.62483,196,991.1555555555555
149,2026-05-28,2026-05-28T16:23:06Z,1.5243333333333333,1.5243333333333333,22.304666666666666,7.34,84.5,0.5533333333333333,0.31666666666666665,1.53,NA,7.59,123.33333333333333,252.03333333333333,0.12,164,0.14722827073126474,38.20646,-92.62483,196,991.1999999999999
149,2026-05-28,2026-05-28T16:23:09Z,1.665,1.665,22.24233333333333,7.28,83.8,0.43333333333333335,0.05333333333333334,1.4266666666666665,NA,7.576666666666667,123.8,251.76666666666668,0.12,164,0.16076937035020866,38.20646,-92.62483,195.93333333333334,991.1111111111111
149,2026-05-28,2026-05-28T16:23:12Z,1.7613333333333334,1.7613333333333334,22.194666666666667,7.213333333333334,82.86666666666666,0.49333333333333335,0.33666666666666667,1.2933333333333334,NA,7.5633333333333335,124.2,251.1,0.12,163,0.17011431682090367,38.20646333333333,-92.62483,195.73333333333332,991.1555555555555
149,2026-05-28,2026-05-28T16:23:15Z,1.8303333333333334,1.8303333333333334,22.162333333333333,7.126666666666667,81.83333333333333,0.44,0.043333333333333335,1.3633333333333333,NA,7.546666666666667,124.6,250.7,0.12,163,0.17678279804028307,38.20646333333333,-92.62483,195.43333333333334,991.1111111111111
149,2026-05-28,2026-05-28T16:23:18Z,1.896,1.896,22.122666666666667,7.05,80.9,0.5333333333333333,0.30333333333333334,1.3066666666666666,NA,7.54,125.06666666666666,250.43333333333334,0.12,163,0.1831110506260207,38.20646333333333,-92.62483,195.36666666666667,991.1555555555555
149,2026-05-28,2026-05-28T16:23:21Z,1.9646666666666666,1.9646666666666666,22.079,6.99,80.1,0.4166666666666667,-0.006666666666666664,1.25,NA,7.53,125.4,250.23333333333332,0.12,163,0.18971148611867175,38.20647,-92.62483,195.1,991.1999999999999
149,2026-05-28,2026-05-28T16:23:24Z,1.992,1.992,22.063666666666666,6.926666666666667,79.36666666666666,0.39,0.08,1.3333333333333335,NA,7.523333333333333,125.7,249.96666666666667,0.12,162.66666666666666,0.19236526946107785,38.20646666666667,-92.62483,195.06666666666666,991.1555555555555
149,2026-05-28,2026-05-28T16:23:27Z,2.0473333333333334,2.0473333333333334,22.071,6.873333333333333,78.73333333333333,0.48,0.37666666666666665,1.1366666666666667,NA,7.513333333333333,125.96666666666667,249.76666666666668,0.12,162,0.19771819996370893,38.20646,-92.62482,195.13333333333333,991.1555555555555
149,2026-05-28,2026-05-28T16:23:30Z,2.117,2.117,22.065333333333335,6.846666666666667,78.43333333333334,0.42333333333333334,0.12333333333333334,1.0733333333333333,NA,7.51,126.26666666666667,249.7,0.12,162,0.20443204500090728,38.20646666666667,-92.62482,195.16666666666666,991.1555555555555
149,2026-05-28,2026-05-28T16:23:33Z,2.209,2.209,22.035666666666668,6.82,78.06666666666666,0.42,0.17,1.0033333333333334,NA,7.506666666666667,126.6,249.56666666666666,0.12,162,0.2133687171112321,38.20647,-92.62482,195.06666666666666,991.1999999999999
149,2026-05-28,2026-05-28T16:23:36Z,2.299,2.299,21.994333333333334,6.79,77.73333333333333,0.37666666666666665,0.11,1.1433333333333333,NA,7.5,126.9,249.96666666666667,0.12,162.33333333333334,0.22203320631464343,38.20647,-92.62482333333334,195.03333333333333,991.1999999999999
149,2026-05-28,2026-05-28T16:23:39Z,2.376666666666667,2.376666666666667,21.972,6.756666666666667,77.26666666666667,0.37,0.25,1.0566666666666666,NA,7.5,127.26666666666667,250.2,0.12,163,0.22954091816367264,38.20647,-92.62483,194.9,991.1999999999999
149,2026-05-28,2026-05-28T16:23:42Z,2.4766666666666666,2.4766666666666666,21.942,6.73,76.9,0.4266666666666667,0.16666666666666666,1.1666666666666665,NA,7.5,127.5,250.46666666666667,0.12,163,0.23915804754128106,38.20647,-92.62482666666666,195.03333333333333,991.1555555555555
149,2026-05-28,2026-05-28T16:23:45Z,2.5403333333333333,2.5403333333333333,21.925,6.7,76.56666666666666,0.41,0.20333333333333334,1.0533333333333335,NA,7.5,127.8,250.6,0.12,163,0.24530484485574305,38.20647,-92.62482,194.96666666666667,991.1555555555555
149,2026-05-28,2026-05-28T16:23:48Z,2.618333333333333,2.618333333333333,21.913333333333334,6.676666666666667,76.3,0.4166666666666667,0.16333333333333333,0.9666666666666667,NA,7.5,128.1,250.7,0.12,163,0.2528579205225912,38.20647,-92.62482,195.2,991.1999999999999
149,2026-05-28,2026-05-28T16:23:51Z,2.6976666666666667,2.6976666666666667,21.912333333333333,6.656666666666667,76.03333333333333,0.3666666666666667,0.056666666666666664,0.8533333333333334,NA,7.5,128.4,250.73333333333332,0.12,163,0.26050172382507714,38.20647,-92.62482,195.56666666666666,991.1999999999999
149,2026-05-28,2026-05-28T16:23:54Z,2.8023333333333333,2.8023333333333333,21.903333333333332,6.6433333333333335,75.86666666666667,0.49333333333333335,0.3333333333333333,0.9666666666666667,NA,7.5,128.66666666666666,250.86666666666667,0.12,163,0.2706632190165124,38.20647,-92.62482,195.96666666666667,991.1999999999999
149,2026-05-28,2026-05-28T16:23:57Z,2.9486666666666665,2.9486666666666665,21.897333333333332,6.633333333333333,75.73333333333333,0.42333333333333334,0.07333333333333333,1.0366666666666666,NA,7.5,129,250.83333333333334,0.12,163,0.28479404826710214,38.20647,-92.62482,196,991.1999999999999
149,2026-05-28,2026-05-28T16:24:00Z,3.063,3.063,21.873666666666665,6.613333333333333,75.5,0.27666666666666667,0.030000000000000002,0.9199999999999999,NA,7.5,129.3,250.8,0.12,163,0.2957947740881873,38.20647,-92.62482,196.13333333333333,991.1999999999999
149,2026-05-28,2026-05-28T16:24:03Z,3.1776666666666666,3.1776666666666666,21.802333333333333,6.59,75.13333333333333,0.36,0.27,0.79,NA,7.493333333333333,129.63333333333333,250.46666666666667,0.12,163,0.3068862275449102,38.20647,-92.62482,196.2,991.1999999999999
149,2026-05-28,2026-05-28T16:24:06Z,3.2373333333333334,3.2373333333333334,21.781,6.546666666666667,74.63333333333334,0.3,0.13333333333333333,0.8166666666666667,NA,7.49,129.96666666666667,250.06666666666666,0.12,162.66666666666666,0.31264743240791143,38.20647,-92.62482,196.36666666666667,991.1999999999999
149,2026-05-28,2026-05-28T16:24:09Z,3.3826666666666667,3.3826666666666667,21.714,6.51,74.1,0.35,0.23666666666666666,0.62,NA,7.48,130.26666666666668,249.8,0.12,162,0.3266875340228634,38.20647,-92.62482,196.06666666666666,991.1999999999999
149,2026-05-28,2026-05-28T16:24:12Z,3.4833333333333334,3.4833333333333334,21.700666666666667,6.47,73.63333333333333,0.26666666666666666,0.1,0.73,NA,7.48,130.53333333333333,249.63333333333333,0.12,162,0.3364180729450191,38.20647,-92.62481,196.2,991.1999999999999
149,2026-05-28,2026-05-28T16:24:15Z,3.538,3.538,21.692,6.44,73.3,0.35,0.24333333333333335,0.9566666666666667,NA,7.48,130.8,249.66666666666666,0.12,162,0.34165759390310285,38.20648,-92.62481,196.06666666666666,991.1999999999999
149,2026-05-28,2026-05-28T16:24:18Z,3.5816666666666666,3.5816666666666666,21.681,6.42,73,0.3233333333333333,0.09333333333333334,0.6733333333333333,NA,7.48,131.06666666666666,249.8,0.12,162,0.3459217927780802,38.20648,-92.62481,196,991.1555555555555
149,2026-05-28,2026-05-28T16:24:21Z,3.6456666666666666,3.6456666666666666,21.677666666666667,6.406666666666667,72.86666666666667,0.33333333333333337,0.23,0.7,NA,7.48,131.3,249.63333333333333,0.12,162,0.3520912720014517,38.20647,-92.62481,196.06666666666666,991.1555555555555
149,2026-05-28,2026-05-28T16:24:24Z,3.7383333333333333,3.7383333333333333,21.660666666666668,6.39,72.63333333333333,0.2966666666666667,0.13,0.74,NA,7.48,131.53333333333333,249.76666666666668,0.12,162,0.36105062602068594,38.20647,-92.62481,196,991.1999999999999
149,2026-05-28,2026-05-28T16:24:27Z,3.8503333333333334,3.8503333333333334,21.626666666666665,6.373333333333333,72.4,0.30333333333333334,0.27666666666666667,0.6366666666666667,NA,7.48,131.7,249.56666666666666,0.12,162,0.37182453275267646,38.20647,-92.6248,195.86666666666667,991.1999999999999
149,2026-05-28,2026-05-28T16:24:30Z,3.9393333333333334,3.9393333333333334,21.563333333333333,6.35,72.1,0.23,0.06999999999999999,0.5700000000000001,NA,7.473333333333334,131.86666666666667,249.23333333333332,0.12,162,0.3804663400471784,38.20647,-92.6248,195.7,991.1555555555555
149,2026-05-28,2026-05-28T16:24:33Z,4.018666666666666,4.018666666666666,21.544,6.32,71.66666666666667,0.31333333333333335,0.33,0.6333333333333333,NA,7.47,132.06666666666666,249.1,0.12,162,0.3881328252585738,38.20647,-92.6248,195.63333333333333,991.1999999999999
149,2026-05-28,2026-05-28T16:24:36Z,4.112666666666667,4.112666666666667,21.520666666666667,6.28,71.23333333333333,0.24,0.05,0.35333333333333333,NA,7.466666666666667,132.26666666666668,248.86666666666667,0.12,162,0.3972055888223553,38.20647666666667,-92.6248,195.5,991.1999999999999
149,2026-05-28,2026-05-28T16:24:39Z,4.290333333333333,4.290333333333333,21.456,6.243333333333333,70.73333333333333,0.22666666666666666,0.043333333333333335,0.3,NA,7.46,132.5,248.7,0.12,162,0.41437579386681184,38.20647666666667,-92.6248,195.56666666666666,991.1555555555555
149,2026-05-28,2026-05-28T16:24:42Z,4.4013333333333335,4.4013333333333335,21.427333333333333,6.2,70.2,0.36,0.23666666666666666,0.3,NA,7.46,132.73333333333332,248.46666666666667,0.12,161.66666666666666,0.42508165487207406,38.20647,-92.6248,195.53333333333333,991.1555555555555
149,2026-05-28,2026-05-28T16:24:45Z,4.421666666666667,4.421666666666667,21.421666666666667,6.17,69.8,0.2833333333333333,0.12333333333333334,0.24333333333333332,NA,7.453333333333333,133,248.36666666666667,0.12,161.33333333333334,0.4270549809471965,38.20647,-92.6248,195.6,991.1111111111111
149,2026-05-28,2026-05-28T16:24:48Z,4.531333333333333,4.531333333333333,21.407333333333334,6.136666666666667,69.4,0.25,0.09000000000000001,0.25,NA,7.45,133.16666666666666,248.13333333333333,0.12,161,0.43764743240791143,38.20647,-92.62480333333333,195.56666666666666,991.1999999999999
149,2026-05-28,2026-05-28T16:24:51Z,4.609666666666667,4.609666666666667,21.398666666666667,6.113333333333333,69.2,0.2866666666666667,0.09999999999999999,0.2866666666666667,NA,7.45,133.33333333333334,248.33333333333334,0.12,161,0.44524587189257847,38.20647,-92.62481,195.83333333333334,991.1999999999999
149,2026-05-28,2026-05-28T16:24:54Z,4.648333333333333,4.648333333333333,21.383666666666667,6.09,68.9,0.21333333333333332,0.16999999999999998,0.29666666666666663,NA,7.45,133.5,248.3,0.12,161,0.4489657049537289,38.20647,-92.62481,196.06666666666666,991.1999999999999
149,2026-05-28,2026-05-28T16:24:57Z,4.7059999999999995,4.7059999999999995,21.370333333333335,6.073333333333333,68.63333333333333,0.25,0.11666666666666667,0.21333333333333332,NA,7.45,133.7,248.33333333333334,0.12,161,0.4545227726365451,38.20647,-92.62481,196.1,991.1555555555555
149,2026-05-28,2026-05-28T16:25:00Z,4.778333333333333,4.778333333333333,21.360666666666667,6.053333333333333,68.43333333333334,0.23666666666666666,0.24,0.26666666666666666,NA,7.45,133.86666666666667,248.33333333333334,0.12,161,0.4615088005806569,38.20647,-92.62481,196.26666666666668,991.1999999999999
149,2026-05-28,2026-05-28T16:25:03Z,4.825666666666667,4.825666666666667,21.352666666666668,6.043333333333333,68.23333333333333,0.23,0.15,0.37,NA,7.45,134.03333333333333,248.26666666666665,0.12,161,0.466113228089276,38.20647,-92.62481333333334,196.33333333333334,991.1999999999999
149,2026-05-28,2026-05-28T16:25:06Z,4.8486666666666665,4.8486666666666665,21.346,6.03,68.13333333333333,0.27999999999999997,0.17333333333333334,0.31666666666666665,NA,7.45,134.13333333333333,248.46666666666667,0.12,161.66666666666666,0.46831337325349304,38.20647,-92.62482,196.2,991.1555555555555
149,2026-05-28,2026-05-28T16:25:09Z,4.907,4.907,21.335666666666665,6.016666666666667,67.96666666666667,0.27666666666666667,0.16666666666666666,0.24,NA,7.45,134.26666666666668,248.4,0.12,161.33333333333334,0.473961168571947,38.20646333333333,-92.62482,196.03333333333333,991.1999999999999
149,2026-05-28,2026-05-28T16:25:12Z,4.984333333333334,4.984333333333334,21.311333333333334,6.003333333333333,67.76666666666667,0.26,0.14666666666666667,0.19666666666666668,NA,7.446666666666667,134.4,248.43333333333334,0.12,161,0.4814235166031573,38.20646,-92.62482,196.16666666666666,991.1999999999999
149,2026-05-28,2026-05-28T16:25:15Z,5.049,5.049,21.288333333333334,5.986666666666667,67.63333333333333,0.25,0.21000000000000002,0.23333333333333334,NA,7.44,134.5,248.4,0.12,161,0.487706405371076,38.20646,-92.62482,196.23333333333332,991.1999999999999
149,2026-05-28,2026-05-28T16:25:18Z,5.125333333333334,5.125333333333334,21.270333333333333,5.976666666666667,67.4,0.22,0.14,0.26,NA,7.44,134.6,248.43333333333334,0.12,161.33333333333334,0.4950326619488296,38.20646,-92.62482,196.26666666666668,991.0666666666666
149,2026-05-28,2026-05-28T16:25:21Z,5.224,5.224,21.262666666666668,5.956666666666667,67.23333333333333,0.27,0.27666666666666667,0.19,NA,7.44,134.73333333333332,248.33333333333334,0.12,161,0.5046044275086191,38.20646,-92.62482,196.13333333333333,991.1111111111111
149,2026-05-28,2026-05-28T16:25:24Z,5.268,5.268,21.261,5.943333333333333,67.06666666666666,0.21666666666666667,0.06333333333333332,0.18333333333333335,NA,7.44,134.83333333333334,248.4,0.12,161,0.5088232625657776,38.20646,-92.62482,196.23333333333332,991.1555555555555
149,2026-05-28,2026-05-28T16:25:27Z,5.326333333333333,5.326333333333333,21.260666666666665,5.933333333333334,66.93333333333334,0.27,0.25666666666666665,0.29,NA,7.44,134.96666666666667,248.43333333333334,0.12,161.33333333333334,0.5144710578842315,38.20646,-92.62482,196.2,991.1555555555555
149,2026-05-28,2026-05-28T16:25:30Z,5.388333333333334,5.388333333333334,21.257,5.93,66.86666666666667,0.2633333333333333,0.19666666666666668,0.21,NA,7.44,135.06666666666666,248.53333333333333,0.12,162,0.5204363999274179,38.20646,-92.62482,196.26666666666668,991.1555555555555
149,2026-05-28,2026-05-28T16:25:33Z,5.454666666666666,5.454666666666666,21.254,5.92,66.8,0.21333333333333332,0.08333333333333333,0.39,NA,7.44,135.16666666666666,248.5,0.12,161.66666666666666,0.5269007439666122,38.20646,-92.62481,196.36666666666667,991.1111111111111
149,2026-05-28,2026-05-28T16:25:36Z,5.499666666666666,5.499666666666666,21.247666666666667,5.92,66.73333333333333,0.2833333333333333,0.32,0.15666666666666668,NA,7.44,135.3,248.56666666666666,0.12,162,0.5311876247504991,38.20646,-92.62481,196.26666666666668,991.1999999999999
149,2026-05-28,2026-05-28T16:25:39Z,5.610333333333333,5.610333333333333,21.235333333333333,5.91,66.63333333333333,0.23333333333333334,0.20666666666666667,0.08,NA,7.44,135.36666666666667,248.63333333333333,0.12,162,0.5419388495735801,38.20646,-92.62481,196.36666666666667,991.1999999999999
149,2026-05-28,2026-05-28T16:25:42Z,5.714666666666667,5.714666666666667,21.217666666666666,5.906666666666667,66.6,0.21000000000000002,0.06999999999999999,0.12000000000000001,NA,7.44,135.43333333333334,248.76666666666668,0.12,162,0.5520096171293777,38.20645333333333,-92.62481,196.33333333333334,991.1111111111111
149,2026-05-28,2026-05-28T16:25:45Z,5.773666666666667,5.773666666666667,21.216333333333335,5.9,66.5,0.25666666666666665,0.26666666666666666,0.23333333333333334,NA,7.44,135.56666666666666,248.73333333333332,0.12,162,0.5577027762656505,38.20645,-92.62481,196.23333333333332,991.1999999999999
149,2026-05-28,2026-05-28T16:25:48Z,5.845666666666666,5.845666666666666,21.205333333333332,5.8966666666666665,66.4,0.24666666666666667,0.12666666666666668,0.21666666666666667,NA,7.44,135.63333333333333,248.73333333333332,0.12,162,0.5646434403919434,38.20645,-92.62481,196.3,991.1999999999999
149,2026-05-28,2026-05-28T16:25:51Z,5.942,5.942,21.174666666666667,5.886666666666667,66.33333333333333,0.2866666666666667,0.18,0.12000000000000001,NA,7.44,135.8,249,0.12,162,0.5739657049537289,38.20645,-92.62481,196.4,991.1999999999999
149,2026-05-28,2026-05-28T16:25:54Z,5.976666666666667,5.976666666666667,21.161333333333335,5.876666666666667,66.16666666666667,0.2633333333333333,0.10333333333333333,0.18,NA,7.44,135.83333333333334,249,0.12,162,0.5773226274723281,38.20645,-92.62481,196.4,991.1555555555555
149,2026-05-28,2026-05-28T16:25:57Z,6.039666666666666,6.039666666666666,21.111,5.8566666666666665,65.9,0.26333333333333336,0.19999999999999998,0.18666666666666668,NA,7.44,135.93333333333334,249.26666666666668,0.12,162,0.5834013790600616,38.20645,-92.62480333333333,196.5,991.1999999999999
149,2026-05-28,2026-05-28T16:26:00Z,6.116666666666666,6.116666666666666,21.082,5.84,65.63333333333333,0.24666666666666667,0.10666666666666667,0.24666666666666667,NA,7.44,136.06666666666666,249.4,0.12,162,0.5908410451823626,38.20645,-92.6248,196.73333333333332,991.1999999999999
149,2026-05-28,2026-05-28T16:26:03Z,6.192666666666667,6.192666666666667,21.07466666666667,5.823333333333333,65.43333333333334,0.27,0.21,0.28,NA,7.44,136.13333333333333,249.43333333333334,0.12,162,0.5981446198512066,38.206446666666665,-92.6248,196.96666666666667,991.1555555555555
149,2026-05-28,2026-05-28T16:26:06Z,6.246333333333333,6.246333333333333,21.066,5.803333333333333,65.23333333333333,0.23,0.11,0.20333333333333334,NA,7.44,136.23333333333332,249.63333333333333,0.12,162,0.6033614589003811,38.20644,-92.6248,196.8,991.1999999999999
149,2026-05-28,2026-05-28T16:26:09Z,6.338333333333334,6.338333333333334,21.032999999999998,5.786666666666667,65,0.29000000000000004,0.24666666666666667,0.06666666666666667,NA,7.44,136.4,249.46666666666667,0.12,162,0.612252767192887,38.20644,-92.6248,196.56666666666666,991.1555555555555
149,2026-05-28,2026-05-28T16:26:12Z,6.419333333333333,6.419333333333333,20.991666666666667,5.766666666666667,64.7,0.21666666666666667,0.13,0.13666666666666666,NA,7.44,136.5,249.7,0.12,162,0.6200553438577391,38.20644,-92.6248,196.46666666666667,991.1999999999999
149,2026-05-28,2026-05-28T16:26:15Z,6.499333333333333,6.499333333333333,20.949666666666666,5.743333333333333,64.4,0.27999999999999997,0.14,0.20666666666666667,NA,7.44,136.6,249.66666666666666,0.12,162,0.6278125567047722,38.20644,-92.6248,196.3,991.1999999999999
149,2026-05-28,2026-05-28T16:26:18Z,6.534666666666666,6.534666666666666,20.941,5.72,64.1,0.24333333333333335,0.16333333333333333,0.27666666666666667,NA,7.44,136.7,249.7,0.12,162,0.6312602068590093,38.20644,-92.62479333333333,196.16666666666666,991.1999999999999
149,2026-05-28,2026-05-28T16:26:21Z,6.639666666666667,6.639666666666667,20.920666666666666,5.69,63.733333333333334,0.22333333333333333,0.16,0.24666666666666667,NA,7.44,136.76666666666668,249.66666666666666,0.12,162,0.6413990201415352,38.20644,-92.62479,196.3,991.1999999999999
149,2026-05-28,2026-05-28T16:26:24Z,6.699666666666666,6.699666666666666,20.912666666666667,5.663333333333333,63.43333333333333,0.27666666666666667,0.27666666666666667,0.1,NA,7.44,136.83333333333334,249.8,0.12,162,0.647137543095627,38.20644,-92.62479,196.53333333333333,991.1999999999999
149,2026-05-28,2026-05-28T16:26:27Z,6.758,6.758,20.90833333333333,5.6433333333333335,63.233333333333334,0.25,0.11333333333333334,0.23666666666666666,NA,7.44,137.03333333333333,249.83333333333334,0.12,162,0.6528307022318999,38.20644,-92.62479,196.86666666666667,991.1999999999999
149,2026-05-28,2026-05-28T16:26:30Z,6.875333333333334,6.875333333333334,20.915666666666667,5.63,63.1,0.3,0.21333333333333335,0.17666666666666667,NA,7.44,137.13333333333333,249.86666666666667,0.12,162,0.6641489747777173,38.20644,-92.62479,196.96666666666667,991.1999999999999
149,2026-05-28,2026-05-28T16:26:36Z,7.019,7.019,20.912333333333333,5.616666666666667,62.96666666666667,0.2833333333333333,0.14666666666666667,0.19666666666666668,NA,7.44,137.33333333333334,250,0.12,163,0.6780529849392125,38.20643333333333,-92.62479,197.13333333333333,991.1999999999999
149,2026-05-28,2026-05-28T16:26:39Z,7.11,7.11,20.917333333333335,5.61,62.9,0.23333333333333334,0.15333333333333335,0.24333333333333335,NA,7.44,137.46666666666667,250,0.12,162.66666666666666,0.6868082017782616,38.20643,-92.62479,197.56666666666666,991.1999999999999
149,2026-05-28,2026-05-28T16:26:42Z,7.181333333333333,7.181333333333333,20.907333333333334,5.6066666666666665,62.8,0.22333333333333333,0.11666666666666667,0.15333333333333335,NA,7.44,137.6,250,0.12,162.33333333333334,0.6937261839956451,38.20643,-92.62479,197.76666666666668,991.1999999999999
149,2026-05-28,2026-05-28T16:26:45Z,7.263,7.263,20.891333333333332,5.6,62.733333333333334,0.22,0.12666666666666668,0.17333333333333334,NA,7.44,137.66666666666666,250.16666666666666,0.12,163,0.7016421702050444,38.206426666666665,-92.62479,197.36666666666667,991.1999999999999
149,2026-05-28,2026-05-28T16:26:48Z,7.3229999999999995,7.3229999999999995,20.892666666666667,5.596666666666667,62.7,0.2833333333333333,0.14666666666666667,0.17,NA,7.44,137.76666666666668,250.1,0.12,163,0.7073806931591363,38.20642,-92.62479,197.2,991.1999999999999
149,2026-05-28,2026-05-28T16:26:51Z,7.379333333333333,7.379333333333333,20.877666666666666,5.583333333333333,62.5,0.23333333333333334,0.23333333333333334,0.25,NA,7.44,137.83333333333334,250.13333333333333,0.12,163,0.7128243512974052,38.20642,-92.62478666666667,197.3,991.1999999999999
149,2026-05-28,2026-05-28T16:26:54Z,7.456333333333333,7.456333333333333,20.828333333333333,5.57,62.3,0.21,0.09666666666666666,0.3233333333333333,NA,7.44,137.96666666666667,250.1,0.12,163,0.7202640174197061,38.20642,-92.62478,197.2,991.1999999999999
149,2026-05-28,2026-05-28T16:26:57Z,7.519333333333333,7.519333333333333,20.784,5.54,61.9,0.27,0.17333333333333334,0.32,NA,7.4366666666666665,138,250.13333333333333,0.12,163,0.7263881328252586,38.20642,-92.62478,197.06666666666666,991.1999999999999
149,2026-05-28,2026-05-28T16:27:00Z,7.561333333333333,7.561333333333333,20.758666666666667,5.513333333333334,61.6,0.22666666666666666,0.14666666666666667,0.15666666666666668,NA,7.43,138.13333333333333,250.16666666666666,0.12,163,0.7304255126111413,38.20642,-92.62478,196.46666666666667,991.1999999999999
149,2026-05-28,2026-05-28T16:27:03Z,7.643,7.643,20.738,5.483333333333333,61.233333333333334,0.23666666666666666,0.17333333333333334,0.17666666666666667,NA,7.43,138.26666666666668,250.03333333333333,0.12,162.66666666666666,0.7382961350027218,38.20642,-92.62478,195.9,991.1999999999999
149,2026-05-28,2026-05-28T16:27:06Z,7.707333333333334,7.707333333333334,20.727666666666668,5.45,60.86666666666667,0.26666666666666666,0.3466666666666667,0.2,NA,7.43,138.36666666666667,249.9,0.12,162,0.7445336599528217,38.20641333333333,-92.62478,195.7,991.1999999999999
149,2026-05-28,2026-05-28T16:27:09Z,7.8,7.8,20.718666666666667,5.423333333333333,60.53333333333333,0.16,0.08666666666666667,0.22,NA,7.43,138.46666666666667,249.7,0.12,162,0.7535156958809653,38.20641,-92.62478,195.5,991.1999999999999
149,2026-05-28,2026-05-28T16:27:12Z,7.897,7.897,20.717333333333332,5.403333333333333,60.3,0.26333333333333336,0.22666666666666666,0.18333333333333335,NA,7.43,138.53333333333333,249.73333333333332,0.12,162,0.7628379604427509,38.20641,-92.62478,195.1,991.1555555555555
149,2026-05-28,2026-05-28T16:27:15Z,7.967333333333333,7.967333333333333,20.712333333333333,5.386666666666667,60.16666666666667,0.24,0.22,0.13666666666666666,NA,7.43,138.6,249.63333333333333,0.12,162,0.7696652150244965,38.20641,-92.62478,194.66666666666666,991.1555555555555
149,2026-05-28,2026-05-28T16:27:18Z,8.017333333333333,8.017333333333333,20.702333333333332,5.373333333333333,59.96666666666667,0.18666666666666668,0.043333333333333335,0.17,NA,7.43,138.76666666666668,249.83333333333334,0.12,162,0.7744737797133007,38.20641,-92.62478,194.86666666666667,991.1999999999999
149,2026-05-28,2026-05-28T16:27:21Z,8.086,8.086,20.7,5.3533333333333335,59.733333333333334,0.28,0.21333333333333335,0.20666666666666667,NA,7.43,138.9,249.7,0.12,162,0.7811422609326801,38.206406666666666,-92.62478,194.43333333333334,991.1555555555555
149,2026-05-28,2026-05-28T16:27:24Z,8.169,8.169,20.695666666666668,5.34,59.56666666666667,0.3066666666666667,0.22,0.13,NA,7.426666666666667,139.03333333333333,249.7,0.12,162,0.7891489747777173,38.206403333333334,-92.62478,194.56666666666666,991.1555555555555
149,2026-05-28,2026-05-28T16:27:27Z,8.230333333333334,8.230333333333334,20.693333333333335,5.326666666666667,59.43333333333333,0.20666666666666667,0.05,0.06666666666666667,NA,7.42,139.13333333333333,249.6,0.12,162,0.7950462710941752,38.206406666666666,-92.62478,194.16666666666666,991.2444444444444
149,2026-05-28,2026-05-28T16:27:30Z,8.293333333333333,8.293333333333333,20.691333333333333,5.3133333333333335,59.266666666666666,0.22666666666666666,0.12,0.12666666666666668,NA,7.42,139.26666666666668,249.53333333333333,0.12,162,0.8011477045908184,38.20641,-92.62478,194.53333333333333,991.2444444444444
149,2026-05-28,2026-05-28T16:27:33Z,8.354666666666667,8.354666666666667,20.689,5.296666666666667,59.1,0.30666666666666664,0.32333333333333336,0.22999999999999998,NA,7.42,139.4,249.5,0.12,162,0.8070676828161858,38.206406666666666,-92.62477666666666,194.9,991.1999999999999
149,2026-05-28,2026-05-28T16:27:36Z,8.435,8.435,20.683333333333334,5.286666666666667,58.96666666666667,0.22,0.14666666666666667,0.2,NA,7.42,139.43333333333334,249.43333333333334,0.12,162,0.814824895663219,38.2064,-92.62477,195.36666666666667,991.1555555555555
149,2026-05-28,2026-05-28T16:27:45Z,8.499666666666666,8.499666666666666,20.674666666666667,5.243333333333333,58.46666666666667,0.21666666666666667,0.18,0.21333333333333332,NA,7.42,139.76666666666668,249.33333333333334,0.12,162,0.8210851025222282,38.2064,-92.62477,195.96666666666667,991.1999999999999
149,2026-05-28,2026-05-28T16:27:48Z,8.57,8.57,20.673666666666666,5.233333333333333,58.36666666666667,0.26333333333333336,0.22,0.22,NA,7.413333333333333,139.93333333333334,249.3,0.12,162,0.8278896751950644,38.206403333333334,-92.62478,195.3,991.1999999999999
149,2026-05-28,2026-05-28T16:27:51Z,8.660333333333334,8.660333333333334,20.669,5.223333333333334,58.266666666666666,0.23666666666666666,0.16666666666666669,0.17333333333333334,NA,7.41,140.03333333333333,249.23333333333332,0.12,162,0.8366222101252042,38.20641,-92.62478,195.03333333333333,991.1555555555555
149,2026-05-28,2026-05-28T16:27:54Z,8.774666666666667,8.774666666666667,20.663,5.206666666666667,58.03333333333333,0.22,0.12333333333333334,0.16666666666666669,NA,7.41,140.1,249.2,0.12,162,0.8476909816730177,38.20641,-92.62478,194.46666666666667,991.1999999999999
149,2026-05-28,2026-05-28T16:27:57Z,8.814666666666666,8.814666666666666,20.661,5.1866666666666665,57.86666666666667,0.23333333333333334,0.22333333333333333,0.16,NA,7.41,140.2,249.2,0.12,162,0.8515015423698058,38.20641,-92.62478,194.1,991.1999999999999
149,2026-05-28,2026-05-28T16:28:00Z,8.835333333333335,8.835333333333335,20.661,5.18,57.766666666666666,0.22,0.19333333333333333,0.07,NA,7.41,140.3,249.2,0.12,162,0.8535202322627472,38.20641,-92.62478,194.36666666666667,991.1999999999999
149,2026-05-28,2026-05-28T16:28:03Z,8.904333333333334,8.904333333333334,20.660333333333334,5.166666666666667,57.66666666666667,0.24333333333333335,0.27999999999999997,0.18666666666666668,NA,7.41,140.33333333333334,249.16666666666666,0.12,162,0.8601887134821267,38.20641,-92.62478,194.23333333333332,991.1999999999999
149,2026-05-28,2026-05-28T16:28:06Z,8.954,8.954,20.656666666666666,5.16,57.53333333333333,0.20333333333333334,0.11,0.04666666666666667,NA,7.41,140.5,249.1,0.12,162,0.8649745962620214,38.20641,-92.62478,194.13333333333333,991.2444444444444
149,2026-05-28,2026-05-28T16:28:09Z,9.005333333333335,9.005333333333335,20.654,5.16,57.5,0.3,0.2866666666666667,0.16333333333333333,NA,7.41,140.63333333333333,249.3,0.12,162,0.8699419343131919,38.20641,-92.62478,194.76666666666668,991.1999999999999
149,2026-05-28,2026-05-28T16:28:12Z,9.050333333333333,9.050333333333333,20.654,5.15,57.46666666666667,0.19999999999999998,0.05666666666666667,0.016666666666666666,NA,7.41,140.7,249.2,0.12,162,0.874296860823807,38.20641,-92.62478,195.1,991.1999999999999
149,2026-05-28,2026-05-28T16:28:15Z,9.144333333333334,9.144333333333334,20.653333333333332,5.15,57.4,0.2833333333333333,0.22,0.10666666666666667,NA,7.41,140.76666666666668,249.26666666666668,0.12,162,0.8833696243875885,38.20641,-92.62478,194.7,991.1999999999999
149,2026-05-28,2026-05-28T16:28:18Z,9.228,9.228,20.65,5.1433333333333335,57.33333333333333,0.18666666666666668,0.13666666666666666,0.08666666666666667,NA,7.41,140.86666666666667,249.16666666666666,0.12,162,0.8914443839593541,38.20641,-92.62478,194.93333333333334,991.1999999999999
149,2026-05-28,2026-05-28T16:28:21Z,9.296333333333333,9.296333333333333,20.646666666666665,5.14,57.266666666666666,0.24666666666666667,0.2566666666666667,0.13666666666666666,NA,7.41,140.96666666666667,249.1,0.12,162,0.8980448194520051,38.20641,-92.62478,194.7,991.1999999999999
149,2026-05-28,2026-05-28T16:28:24Z,9.365,9.365,20.643,5.126666666666667,57.16666666666667,0.20666666666666667,0.14666666666666667,0.21333333333333335,NA,7.41,141.03333333333333,249.13333333333333,0.12,162,0.904690618762475,38.206406666666666,-92.62478,194.73333333333335,991.1999999999999
149,2026-05-28,2026-05-28T16:28:27Z,9.461333333333334,9.461333333333334,20.637666666666668,5.11,56.93333333333333,0.25333333333333335,0.2,0.2733333333333333,NA,7.406666666666667,141.2,249.06666666666666,0.12,162,0.9139902014153511,38.2064,-92.62478333333334,194.96666666666667,991.1999999999999
149,2026-05-28,2026-05-28T16:28:30Z,9.538333333333334,9.538333333333334,20.632,5.09,56.733333333333334,0.25666666666666665,0.26666666666666666,0.2533333333333333,NA,7.4,141.23333333333332,249.06666666666666,0.12,162,0.921429867537652,38.2064,-92.62479,195.23333333333332,991.1999999999999
149,2026-05-28,2026-05-28T16:28:33Z,9.605333333333334,9.605333333333334,20.629,5.066666666666666,56.46666666666667,0.21000000000000002,0.13333333333333333,0.05,NA,7.4,141.33333333333334,248.9,0.12,162,0.9278942115768464,38.2064,-92.62479,195.8,991.2444444444444
149,2026-05-28,2026-05-28T16:28:36Z,9.716,9.716,20.625666666666667,5.043333333333333,56.2,0.2633333333333333,0.2033333333333333,0.15,NA,7.4,141.4,248.83333333333334,0.12,162,0.9386000725821085,38.2064,-92.62479,195.56666666666666,991.1999999999999
149,2026-05-28,2026-05-28T16:28:39Z,9.823,9.823,20.618,5.023333333333333,55.96666666666667,0.17333333333333334,0.12666666666666665,0.08666666666666667,NA,7.4,141.46666666666667,248.73333333333332,0.12,162,0.9489657049537289,38.2064,-92.62479,195.1,991.1999999999999
149,2026-05-28,2026-05-28T16:28:42Z,9.875333333333334,9.875333333333334,20.613666666666667,5.01,55.8,0.27,0.23666666666666666,0.21,NA,7.4,141.5,248.86666666666667,0.12,162,0.9539784068227183,38.2064,-92.62479,195.46666666666667,991.1999999999999
149,2026-05-28,2026-05-28T16:28:45Z,9.973666666666666,9.973666666666666,20.609,4.993333333333333,55.6,0.21333333333333335,0.14666666666666667,0.1366666666666667,NA,7.4,141.6,248.8,0.12,162,0.9635048085646888,38.20639333333333,-92.62479,195.86666666666667,991.1111111111111
149,2026-05-28,2026-05-28T16:28:48Z,10.025,10.025,20.606666666666666,4.976666666666667,55.43333333333333,0.26,0.2,0.21666666666666667,NA,7.4,141.7,248.66666666666666,0.12,162,0.9684494647069497,38.20639,-92.62479,196.13333333333333,991.1999999999999
149,2026-05-28,2026-05-28T16:28:51Z,10.101666666666667,10.101666666666667,20.605333333333334,4.966666666666667,55.33333333333333,0.23666666666666666,0.18,0.15666666666666668,NA,7.4,141.76666666666668,248.63333333333333,0.12,162,0.9758891308292507,38.20639,-92.62479,196.53333333333333,991.1999999999999
149,2026-05-28,2026-05-28T16:28:54Z,10.195,10.195,20.603333333333335,4.96,55.266666666666666,0.23,0.12666666666666665,0.22666666666666666,NA,7.4,141.83333333333334,248.56666666666666,0.12,162,0.9848938486663038,38.20639,-92.62479,196.73333333333332,991.1999999999999
149,2026-05-28,2026-05-28T16:28:57Z,10.306666666666667,10.306666666666667,20.599,4.96,55.2,0.23333333333333334,0.2733333333333333,0.10666666666666666,NA,7.4,141.9,248.66666666666666,0.12,162,0.9956677553982943,38.20639,-92.62479,196.63333333333333,991.1999999999999
149,2026-05-28,2026-05-28T16:29:00Z,10.340666666666667,10.340666666666667,20.597,4.95,55.16666666666667,0.20333333333333334,0.11666666666666667,0.07333333333333333,NA,7.4,141.96666666666667,248.63333333333333,0.12,162,0.9989566321901652,38.206383333333335,-92.62479,196.6,991.1999999999999
149,2026-05-28,2026-05-28T16:29:03Z,10.395000000000001,10.395000000000001,20.592666666666666,4.95,55.1,0.29,0.29333333333333333,0.17,NA,7.4,142.06666666666666,248.7,0.12,162,1.0041734712393395,38.20638,-92.62479,196.66666666666666,991.1555555555555
149,2026-05-28,2026-05-28T16:29:09Z,10.466,10.466,20.583666666666666,4.95,55.1,0.2566666666666667,0.31,0.08,NA,7.4,142.16666666666666,248.76666666666668,0.12,162,1.0111141353656325,38.20638,-92.62479,196.7,991.1999999999999
149,2026-05-28,2026-05-28T16:29:12Z,10.509,10.509,20.583333333333332,4.956666666666667,55.2,0.23,0.13,0.10666666666666667,NA,7.4,142.23333333333332,248.73333333333332,0.12,162,1.015242242787153,38.20638,-92.62479,196.7,991.1999999999999
149,2026-05-28,2026-05-28T16:29:18Z,10.593,10.593,20.574,4.96,55.2,0.22333333333333333,0.23666666666666666,0.08333333333333334,NA,7.4,142.4,248.93333333333334,0.12,162,1.023339684267828,38.20638,-92.6248,197.06666666666666,991.1999999999999
149,2026-05-28,2026-05-28T16:29:21Z,10.629333333333333,10.629333333333333,20.574,4.96,55.2,0.22666666666666668,0.22,0.14333333333333334,NA,7.4,142.5,248.83333333333334,0.12,162,1.0268326982398839,38.20638,-92.6248,197.23333333333335,991.1555555555555
149,2026-05-28,2026-05-28T16:29:24Z,10.707333333333333,10.707333333333333,20.568,4.96,55.2,0.24000000000000002,0.25,0.15,NA,7.4,142.56666666666666,248.86666666666667,0.12,162,1.0344084558156414,38.20638,-92.6248,197.3,991.1999999999999
149,2026-05-28,2026-05-28T16:29:27Z,10.831333333333333,10.831333333333333,20.546333333333333,4.953333333333333,55.13333333333333,0.17,0.12,0.27,NA,7.4,142.63333333333333,248.9,0.12,162,1.0463618218109236,38.20638,-92.6248,197.4,991.1999999999999
149,2026-05-28,2026-05-28T16:29:30Z,10.977,10.977,20.53333333333333,4.94,54.93333333333333,0.26,0.24,0.13333333333333333,NA,7.4,142.7,248.9,0.12,162,1.0604699691526038,38.20638,-92.6248,197.33333333333334,991.1999999999999
149,2026-05-28,2026-05-28T16:29:36Z,11.093666666666667,11.093666666666667,20.51833333333333,4.903333333333333,54.53333333333333,0.25666666666666665,0.29,0.056666666666666664,NA,7.4,142.76666666666668,248.76666666666668,0.12,162,1.071674832153874,38.20639,-92.6248,197.1,991.1999999999999
149,2026-05-28,2026-05-28T16:29:39Z,11.164333333333333,11.164333333333333,20.516333333333332,4.8933333333333335,54.36666666666667,0.17333333333333334,0.08666666666666667,0.18333333333333335,NA,7.4,142.83333333333334,248.83333333333334,0.12,162,1.0785474505534387,38.20639,-92.6248,197.13333333333333,991.1999999999999
149,2026-05-28,2026-05-28T16:29:42Z,11.215666666666667,11.215666666666667,20.513666666666666,4.88,54.266666666666666,0.27,0.27,0.20666666666666667,NA,7.4,142.9,248.73333333333332,0.12,162,1.0835374705135183,38.20639,-92.6248,197.33333333333334,991.1999999999999
149,2026-05-28,2026-05-28T16:29:45Z,11.293,11.293,20.509,4.87,54.16666666666667,0.22333333333333333,0.06666666666666667,0.23333333333333334,NA,7.4,143,248.7,0.12,162,1.0909771366358194,38.20639,-92.6248,197.43333333333334,991.1999999999999
149,2026-05-28,2026-05-28T16:29:48Z,11.374333333333333,11.374333333333333,20.500333333333334,4.87,54.1,0.26666666666666666,0.26,0.26333333333333336,NA,7.4,143.06666666666666,248.8,0.12,162,1.0988477590273997,38.20639,-92.6248,197.63333333333333,991.2444444444444
149,2026-05-28,2026-05-28T16:29:51Z,11.468333333333332,11.468333333333332,20.496,4.86,54.03333333333333,0.22333333333333333,0.09000000000000001,0.12666666666666668,NA,7.3966666666666665,143.16666666666666,248.9,0.12,162,1.107897840682272,38.20639,-92.6248,197.4,991.1999999999999
149,2026-05-28,2026-05-28T16:29:54Z,11.571,11.571,20.491333333333333,4.86,54,0.24000000000000002,0.22333333333333333,0.09666666666666666,NA,7.39,143.2,248.96666666666667,0.12,162,1.1178551986935221,38.20639,-92.6248,197.13333333333333,991.1999999999999
149,2026-05-28,2026-05-28T16:29:57Z,11.672333333333333,11.672333333333333,20.487333333333332,4.86,54,0.22,0.25333333333333335,0.15666666666666668,NA,7.39,143.3,249,0.12,162,1.1276311014334965,38.20639,-92.6248,197.06666666666666,991.1999999999999
149,2026-05-28,2026-05-28T16:30:00Z,11.735,11.735,20.481666666666666,4.86,54,0.2366666666666667,0.21,0.17333333333333334,NA,7.4,143.3,249.16666666666666,0.12,162,1.1337098530212302,38.20639,-92.6248,196.93333333333334,991.1999999999999
149,2026-05-28,2026-05-28T16:30:03Z,11.813,11.813,20.474333333333334,4.87,54.1,0.25333333333333335,0.21666666666666667,0.11,NA,7.4,143.36666666666667,249.16666666666666,0.12,162,1.141240246779169,38.20639,-92.6248,197.03333333333333,991.1999999999999
149,2026-05-28,2026-05-28T16:30:06Z,11.906666666666666,11.906666666666666,20.467666666666666,4.876666666666667,54.16666666666667,0.27,0.11,0.30333333333333334,NA,7.4,143.46666666666667,249.36666666666667,0.12,162,1.1502676465251316,38.20639,-92.6248,197.03333333333333,991.1555555555555
149,2026-05-28,2026-05-28T16:30:09Z,11.977,11.977,20.463666666666665,4.88,54.2,0.22666666666666668,0.18333333333333332,0.15666666666666668,NA,7.4,143.53333333333333,249.33333333333334,0.12,162,1.1570495372890581,38.20639,-92.6248,196.93333333333334,991.1999999999999
149,2026-05-28,2026-05-28T16:30:12Z,12.048666666666668,12.048666666666668,20.462,4.88,54.2,0.26,0.14666666666666667,0.2533333333333333,NA,7.4,143.6,249.46666666666667,0.12,162,1.1639902014153511,38.20639,-92.6248,197,991.1555555555555
149,2026-05-28,2026-05-28T16:30:15Z,12.101,12.101,20.459,4.88,54.2,0.22333333333333333,0.19,0.16,NA,7.4,143.6,249.56666666666666,0.12,162,1.169070949011069,38.20639,-92.6248,197.06666666666666,991.1999999999999
149,2026-05-28,2026-05-28T16:30:18Z,12.184,12.184,20.45733333333333,4.886666666666667,54.266666666666666,0.21000000000000002,0.16,0.16666666666666666,NA,7.4,143.7,249.53333333333333,0.12,162,1.1770776628561062,38.20639,-92.6248,197.26666666666668,991.1999999999999
149,2026-05-28,2026-05-28T16:30:21Z,12.263666666666667,12.263666666666667,20.451,4.89,54.3,0.18333333333333332,0.16,0.12333333333333334,NA,7.4,143.8,249.66666666666666,0.12,162,1.1847441480675014,38.20639,-92.6248,197.33333333333334,991.1999999999999
149,2026-05-28,2026-05-28T16:30:24Z,12.361333333333333,12.361333333333333,20.424,4.89,54.3,0.2366666666666667,0.25666666666666665,0.15666666666666668,NA,7.4,143.83333333333334,249.86666666666667,0.12,162.33333333333334,1.194225185991653,38.20639,-92.6248,197.3,991.1999999999999
149,2026-05-28,2026-05-28T16:30:27Z,12.471333333333334,12.471333333333334,20.381333333333334,4.89,54.233333333333334,0.2,0.11333333333333333,0.17666666666666667,NA,7.4,143.93333333333334,250.36666666666667,0.12,163,1.204817637452368,38.20639,-92.6248,197.43333333333334,991.1999999999999
149,2026-05-28,2026-05-28T16:30:30Z,12.557,12.557,20.369333333333334,4.886666666666667,54.16666666666667,0.2733333333333333,0.26,0.12666666666666668,NA,7.4,144,250.43333333333334,0.12,163,1.213164579931047,38.20639,-92.6248,197.6,991.1999999999999
149,2026-05-28,2026-05-28T16:30:33Z,12.618666666666666,12.618666666666666,20.349666666666668,4.876666666666667,54,0.21,0.14333333333333334,0.18,NA,7.4,144,250.46666666666667,0.12,163,1.219107240065324,38.20639333333333,-92.6248,197.56666666666666,991.1999999999999
149,2026-05-28,2026-05-28T16:30:36Z,12.716666666666667,12.716666666666667,20.327333333333332,4.84,53.63333333333333,0.25,0.22333333333333333,0.07666666666666666,NA,7.4,144.03333333333333,250.26666666666668,0.12,163,1.2285882779894757,38.2064,-92.62479,197.5,991.1999999999999
149,2026-05-28,2026-05-28T16:30:39Z,12.817,12.817,20.307666666666666,4.803333333333334,53.166666666666664,0.25333333333333335,0.22333333333333333,0.21666666666666667,NA,7.4,144.1,250.1,0.12,162.66666666666666,1.2382734530938124,38.2064,-92.62479,197.83333333333334,991.1999999999999
149,2026-05-28,2026-05-28T16:30:42Z,12.861,12.861,20.298666666666666,4.763333333333333,52.766666666666666,0.19666666666666666,0.12666666666666668,0.12666666666666668,NA,7.3966666666666665,144.16666666666666,249.9,0.12,162,1.2424922881509708,38.20639666666667,-92.62479,197.96666666666667,991.1999999999999
149,2026-05-28,2026-05-28T16:30:45Z,12.912333333333333,12.912333333333333,20.296333333333333,4.733333333333333,52.4,0.2833333333333333,0.33999999999999997,0.14,NA,7.39,144.2,249.9,0.12,162,1.2474823081110507,38.20639,-92.62479333333333,198,991.1999999999999
149,2026-05-28,2026-05-28T16:30:48Z,12.968333333333334,12.968333333333334,20.295333333333335,4.71,52.1,0.20666666666666667,0.10333333333333333,0.19,NA,7.39,144.3,249.7,0.12,162,1.2529032843404102,38.20639,-92.62479333333333,198.06666666666666,991.1999999999999
149,2026-05-28,2026-05-28T16:30:51Z,13.054666666666668,13.054666666666668,20.294333333333334,4.69,51.9,0.2633333333333333,0.23,0.26,NA,7.39,144.36666666666667,249.66666666666666,0.12,162,1.2612275449101797,38.20639666666667,-92.62479,198.1,991.1999999999999
149,2026-05-28,2026-05-28T16:30:54Z,13.147666666666666,13.147666666666666,20.293666666666667,4.673333333333333,51.733333333333334,0.23666666666666666,0.26333333333333336,0.21333333333333332,NA,7.39,144.5,249.43333333333334,0.12,162,1.2702095808383234,38.2064,-92.62479,198.13333333333333,991.1555555555555
149,2026-05-28,2026-05-28T16:30:57Z,13.269,13.269,20.291,4.663333333333333,51.6,0.19666666666666668,0.016666666666666666,0.02,NA,7.39,144.6,249.5,0.12,162,1.2819588096534205,38.20639333333333,-92.62479,198.2,991.1999999999999
149,2026-05-28,2026-05-28T16:31:00Z,13.322666666666667,13.322666666666667,20.290666666666667,4.65,51.46666666666667,0.30333333333333334,0.2733333333333333,0.14,NA,7.39,144.6,249.36666666666667,0.12,162,1.2871076029758666,38.20639,-92.62479,198.43333333333334,991.1999999999999
149,2026-05-28,2026-05-28T16:31:03Z,13.359666666666666,13.359666666666666,20.286,4.64,51.36666666666667,0.23666666666666666,0.043333333333333335,0.08333333333333333,NA,7.39,144.63333333333333,249.4,0.12,162,1.2906686626746509,38.20639333333333,-92.62479,198.46666666666667,991.1999999999999
149,2026-05-28,2026-05-28T16:31:06Z,13.419666666666666,13.419666666666666,20.283666666666665,4.64,51.33333333333333,0.19666666666666668,0.09,0.09666666666666668,NA,7.39,144.76666666666668,249.3,0.12,162,1.2964979132643804,38.2064,-92.62479,198.23333333333332,991.1555555555555
149,2026-05-28,2026-05-28T16:31:12Z,13.502666666666666,13.502666666666666,20.279,4.626666666666667,51.2,0.24,0.15333333333333335,0.09,NA,7.386666666666667,144.93333333333334,249.1,0.12,162,1.3045046271094176,38.2064,-92.62479,197.76666666666665,991.1999999999999
149,2026-05-28,2026-05-28T16:31:15Z,13.626333333333333,13.626333333333333,20.276,4.62,51.13333333333333,0.19666666666666666,0.09333333333333332,0.10666666666666667,NA,7.383333333333333,145,249.13333333333333,0.12,162,1.3164579931046998,38.20639666666667,-92.62479,197.73333333333332,991.1555555555555
149,2026-05-28,2026-05-28T16:31:18Z,13.722333333333333,13.722333333333333,20.274666666666665,4.62,51.1,0.26333333333333336,0.31,0.18,NA,7.39,145.06666666666666,249.03333333333333,0.12,162,1.3257122119397569,38.20639666666667,-92.62479333333333,197.7,991.1999999999999
149,2026-05-28,2026-05-28T16:31:21Z,13.77,13.77,20.274666666666665,4.62,51.1,0.24,0.20666666666666667,0.09666666666666668,NA,7.39,145.1,249.1,0.12,162,1.3303393213572854,38.20639333333333,-92.6248,197.7,991.1999999999999
149,2026-05-28,2026-05-28T16:31:24Z,13.828666666666667,13.828666666666667,20.27433333333333,4.613333333333333,51.1,0.2,0.08333333333333333,0.09,NA,7.39,145.13333333333333,249.06666666666666,0.12,162,1.3360097985846489,38.20639,-92.6248,197.93333333333334,991.1999999999999
149,2026-05-28,2026-05-28T16:31:27Z,13.91,13.91,20.271666666666665,4.616666666666667,51.1,0.26,0.26333333333333336,0.14,NA,7.39,145.2,249.1,0.12,162,1.3438804209762294,38.20639,-92.6248,198.06666666666666,991.1999999999999
149,2026-05-28,2026-05-28T16:31:30Z,13.946,13.946,20.270666666666667,4.61,51,0.23666666666666666,0.24,0.09666666666666666,NA,7.386666666666667,145.3,249,0.12,162,1.3473280711304663,38.20639,-92.6248,198.13333333333333,991.1999999999999
149,2026-05-28,2026-05-28T16:31:33Z,14.015,14.015,20.27,4.61,51,0.20333333333333334,0.12666666666666668,0.07666666666666667,NA,7.38,145.4,249.03333333333333,0.12,162,1.3540192342587551,38.20639333333333,-92.6248,198.26666666666668,991.1999999999999
149,2026-05-28,2026-05-28T16:31:36Z,14.043333333333333,14.043333333333333,20.27,4.61,51,0.18333333333333332,0.11666666666666667,-0.043333333333333335,NA,7.39,145.4,249.1,0.12,162,1.356763745236799,38.2064,-92.6248,198.33333333333334,991.1999999999999
149,2026-05-28,2026-05-28T16:31:39Z,14.078666666666667,14.078666666666667,20.269333333333332,4.61,51,0.28,0.29333333333333333,0.12666666666666668,NA,7.39,145.46666666666667,249.1,0.12,162,1.3601660315732171,38.2064,-92.6248,198.33333333333334,991.1999999999999
149,2026-05-28,2026-05-28T16:31:42Z,14.120666666666667,14.120666666666667,20.267333333333333,4.61,51,0.22666666666666668,0.26666666666666666,0.060000000000000005,NA,7.386666666666667,145.56666666666666,249,0.12,162,1.3642034113591,38.2064,-92.6248,198.26666666666668,991.1999999999999
149,2026-05-28,2026-05-28T16:31:45Z,14.159333333333333,14.159333333333333,20.265666666666664,4.61,51,0.20666666666666667,0.16,0.09,NA,7.386666666666667,145.6,248.86666666666667,0.12,162,1.3679686082380693,38.2064,-92.6248,198.13333333333333,991.1999999999999
149,2026-05-28,2026-05-28T16:31:48Z,14.264999999999999,14.264999999999999,20.259666666666668,4.61,51,0.20333333333333334,0.14666666666666667,0.09999999999999999,NA,7.39,145.7,249,0.12,162,1.3781527853384141,38.20639333333333,-92.6248,197.9,991.1555555555555
149,2026-05-28,2026-05-28T16:31:51Z,14.382,14.382,20.249666666666666,4.61,51,0.2833333333333333,0.33666666666666667,0.19999999999999998,NA,7.39,145.7,248.96666666666667,0.12,162,1.3894937397931408,38.20639,-92.62480666666666,197.93333333333334,991.1555555555555
149,2026-05-28,2026-05-28T16:31:54Z,14.430333333333333,14.430333333333333,20.244333333333334,4.6066666666666665,50.93333333333333,0.25333333333333335,0.25333333333333335,0.10666666666666667,NA,7.38,145.76666666666668,249.03333333333333,0.12,162,1.3941208492106696,38.20639,-92.62481,197.93333333333334,991.1999999999999
149,2026-05-28,2026-05-28T16:31:57Z,14.536,14.536,20.240666666666666,4.59,50.766666666666666,0.16333333333333333,0.18666666666666668,0.15666666666666668,NA,7.38,145.8,249.06666666666666,0.12,162,1.404327708219924,38.20639,-92.6248,197.9,991.1999999999999
149,2026-05-28,2026-05-28T16:32:00Z,14.637333333333332,14.637333333333332,20.238333333333333,4.573333333333333,50.56666666666667,0.19,0.21666666666666667,0.09333333333333334,NA,7.38,145.86666666666667,249.2,0.12,162,1.4141262928688079,38.20639333333333,-92.6248,197.53333333333333,991.1999999999999
149,2026-05-28,2026-05-28T16:32:03Z,14.718666666666667,14.718666666666667,20.236666666666665,4.5633333333333335,50.43333333333333,0.2833333333333333,0.28,0.16,NA,7.38,145.9,249.2,0.12,162,1.4220422790782072,38.20639,-92.6248,197.53333333333333,991.1555555555555
149,2026-05-28,2026-05-28T16:32:06Z,14.795333333333334,14.795333333333334,20.233333333333334,4.553333333333333,50.33333333333333,0.18333333333333332,0.14,0.09666666666666666,NA,7.38,145.96666666666667,249.16666666666666,0.12,162,1.4294138994737797,38.20639,-92.6248,197.56666666666666,991.1999999999999
149,2026-05-28,2026-05-28T16:32:09Z,14.844333333333333,14.844333333333333,20.233666666666668,4.543333333333333,50.233333333333334,0.25,0.26666666666666666,0.21666666666666667,NA,7.38,146,249.2,0.12,162,1.4341317365269461,38.2064,-92.62479666666667,197.5,991.1555555555555
149,2026-05-28,2026-05-28T16:32:12Z,14.923333333333334,14.923333333333334,20.23,4.54,50.16666666666667,0.22,0.15333333333333332,0.09333333333333334,NA,7.38,146.1,249.2,0.12,162,1.441820903647251,38.2064,-92.62479,197.5,991.1999999999999
149,2026-05-28,2026-05-28T16:32:15Z,14.998,14.998,20.22233333333333,4.533333333333333,50.1,0.24333333333333335,0.24666666666666667,0.07666666666666667,NA,7.38,146.16666666666666,249.23333333333332,0.12,162,1.4490110687715478,38.2064,-92.62479,197.46666666666667,991.1999999999999
149,2026-05-28,2026-05-28T16:32:18Z,15.070666666666666,15.070666666666666,20.21033333333333,4.523333333333333,50,0.22666666666666666,0.14666666666666667,0.043333333333333335,NA,7.38,146.2,249.13333333333333,0.12,162,1.4560424605334785,38.2064,-92.62479,197.5,991.1999999999999
149,2026-05-28,2026-05-28T16:32:21Z,15.167666666666666,15.167666666666666,20.198,4.52,49.93333333333333,0.27666666666666667,0.2833333333333333,0.07666666666666666,NA,7.38,146.26666666666668,249.1,0.12,162,1.4654100889130828,38.2064,-92.62479,197.46666666666667,991.1555555555555
149,2026-05-28,2026-05-28T16:32:24Z,15.262,15.262,20.193666666666665,4.513333333333333,49.86666666666667,0.21333333333333335,0.13666666666666666,0.26,NA,7.38,146.3,248.96666666666667,0.12,162,1.4745282162946833,38.2064,-92.62479,197.33333333333334,991.1999999999999
149,2026-05-28,2026-05-28T16:32:27Z,15.289333333333333,15.289333333333333,20.188666666666666,4.51,49.8,0.2566666666666667,0.22666666666666666,0.2866666666666667,NA,7.38,146.4,249,0.12,162,1.4771366358192706,38.2064,-92.62479,197.36666666666667,991.1999999999999
149,2026-05-28,2026-05-28T16:32:30Z,15.347,15.347,20.184,4.51,49.8,0.19,0.13333333333333333,0.17666666666666667,NA,7.38,146.46666666666667,249.06666666666666,0.12,162,1.4827390673199057,38.2064,-92.62479,197.5,991.1999999999999
149,2026-05-28,2026-05-28T16:32:33Z,15.433666666666667,15.433666666666667,20.173666666666666,4.503333333333333,49.733333333333334,0.25333333333333335,0.16666666666666669,0.24000000000000002,NA,7.38,146.5,249,0.12,162,1.491108691707494,38.2064,-92.62479,197.63333333333333,991.1999999999999
149,2026-05-28,2026-05-28T16:32:36Z,15.506,15.506,20.168666666666667,4.493333333333333,49.63333333333333,0.20333333333333334,0.10666666666666666,0.18000000000000002,NA,7.38,146.5,249.1,0.12,162,1.498094719651606,38.2064,-92.62479,197.56666666666666,991.1999999999999
149,2026-05-28,2026-05-28T16:32:39Z,15.574333333333334,15.574333333333334,20.161333333333335,4.483333333333333,49.46666666666667,0.22666666666666668,0.23333333333333334,0.31,NA,7.38,146.56666666666666,249.03333333333333,0.12,162,1.5047178370531664,38.20639666666667,-92.62479,197.7,991.1999999999999
149,2026-05-28,2026-05-28T16:32:42Z,15.595,15.595,20.158666666666665,4.47,49.36666666666667,0.20666666666666667,0.08333333333333334,0.16333333333333333,NA,7.38,146.6,249.1,0.12,162,1.5067138450371984,38.20639,-92.62479,197.66666666666666,991.1999999999999
149,2026-05-28,2026-05-28T16:32:45Z,15.648,15.648,20.157,4.46,49.266666666666666,0.26333333333333336,0.21666666666666667,0.12,NA,7.38,146.76666666666668,249.16666666666666,0.12,162,1.511839956450735,38.20639,-92.62479,197.9,991.1999999999999
149,2026-05-28,2026-05-28T16:32:48Z,15.730333333333334,15.730333333333334,20.151333333333334,4.453333333333333,49.16666666666667,0.21333333333333335,0.09666666666666666,0.05666666666666667,NA,7.38,146.8,249.1,0.12,162,1.5197559426601344,38.20639,-92.62479,198,991.2444444444444
149,2026-05-28,2026-05-28T16:32:51Z,15.802333333333333,15.802333333333333,20.136,4.45,49.1,0.26333333333333336,0.28,0.016666666666666666,NA,7.38,146.83333333333334,249.3,0.12,162,1.526741970604246,38.20639,-92.62479,198.2,991.1999999999999
149,2026-05-28,2026-05-28T16:32:54Z,15.872,15.872,20.11,4.446666666666667,49.03333333333333,0.18333333333333335,0.12666666666666668,0.15666666666666668,NA,7.38,146.93333333333334,249.53333333333333,0.12,162,1.5334784975503537,38.20639,-92.62479,198.36666666666667,991.1999999999999
149,2026-05-28,2026-05-28T16:32:57Z,15.98,15.98,20.096666666666668,4.44,49,0.2633333333333333,0.21666666666666667,0.15333333333333335,NA,7.38,146.96666666666667,249.83333333333334,0.12,162,1.5439348575576122,38.20639,-92.6248,198.46666666666667,991.1555555555555
149,2026-05-28,2026-05-28T16:33:00Z,16.121,16.121,20.087333333333333,4.44,49,0.20666666666666667,0.11,0.023333333333333334,NA,7.38,147.06666666666666,250.03333333333333,0.12,162.66666666666666,1.5575666848121938,38.20639,-92.6248,198.36666666666667,991.1999999999999
149,2026-05-28,2026-05-28T16:33:03Z,16.146333333333335,16.146333333333335,20.089666666666666,4.44,48.96666666666667,0.22666666666666668,0.18666666666666668,0.1,NA,7.38,147.1,249.9,0.12,162,1.559970967156596,38.20639,-92.6248,198.33333333333334,991.1555555555555
149,2026-05-28,2026-05-28T16:33:06Z,16.191666666666666,16.191666666666666,20.09,4.44,48.93333333333333,0.24666666666666667,0.29333333333333333,0.08666666666666667,NA,7.38,147.2,250.06666666666666,0.12,162.66666666666666,1.5643485755761206,38.20639,-92.6248,198.23333333333332,991.1999999999999
149,2026-05-28,2026-05-28T16:33:09Z,16.257,16.257,20.087,4.44,48.96666666666667,0.21,0.18333333333333332,0.11333333333333334,NA,7.38,147.3,249.93333333333334,0.12,162,1.5706995100707675,38.20639,-92.6248,198.36666666666667,991.1999999999999
149,2026-05-28,2026-05-28T16:33:12Z,16.336666666666666,16.336666666666666,20.083,4.446666666666667,49,0.25333333333333335,0.22333333333333333,0.07333333333333333,NA,7.38,147.33333333333334,250.16666666666666,0.12,163,1.578365995282163,38.20639,-92.6248,198.26666666666668,991.1999999999999
149,2026-05-28,2026-05-28T16:33:15Z,16.375333333333334,16.375333333333334,20.087,4.446666666666667,49,0.18666666666666668,0.12666666666666665,0.26,NA,7.38,147.4,250.06666666666666,0.12,163,1.5821085102522228,38.20639,-92.6248,198.46666666666667,991.1999999999999
149,2026-05-28,2026-05-28T16:33:18Z,16.431,16.431,20.090333333333334,4.45,49,0.23666666666666666,0.30666666666666664,0.21,NA,7.38,147.43333333333334,250.1,0.12,163,1.5874841226637635,38.20639,-92.6248,198.8,991.1555555555555
149,2026-05-28,2026-05-28T16:33:21Z,16.461666666666666,16.461666666666666,20.08566666666667,4.45,49,0.23333333333333334,0.14,0.14666666666666667,NA,7.38,147.46666666666667,250.16666666666666,0.12,163,1.5904781346398114,38.20639,-92.6248,199.06666666666666,991.1999999999999
149,2026-05-28,2026-05-28T16:33:24Z,16.513666666666666,16.513666666666666,20.068333333333335,4.45,49,0.23666666666666666,0.22,0.10333333333333333,NA,7.38,147.5,250.23333333333332,0.12,163,1.59551351841771,38.20639,-92.6248,199.33333333333334,991.1999999999999
149,2026-05-28,2026-05-28T16:33:27Z,16.635666666666665,16.635666666666665,20.038,4.45,49,0.22666666666666668,0.11666666666666667,0.15333333333333332,NA,7.38,147.6,250.63333333333333,0.12,163,1.607308111050626,38.20639,-92.6248,199.46666666666667,991.1999999999999
149,2026-05-28,2026-05-28T16:33:30Z,16.753333333333334,16.753333333333334,20.022333333333332,4.45,49,0.22666666666666668,0.10666666666666666,0.060000000000000005,NA,7.38,147.7,251.23333333333332,0.12,163,1.6186717474142622,38.20639,-92.6248,199.7,991.1999999999999
149,2026-05-28,2026-05-28T16:33:33Z,16.874333333333333,16.874333333333333,20.012333333333334,4.45,48.93333333333333,0.21,0.16666666666666666,0.02666666666666667,NA,7.38,147.7,251.56666666666666,0.12,163.66666666666666,1.6303302485937219,38.20639,-92.6248,199.7,991.1999999999999
149,2026-05-28,2026-05-28T16:33:36Z,16.965,16.965,20.009333333333334,4.45,48.9,0.22666666666666668,0.11333333333333333,0.17666666666666667,NA,7.38,147.76666666666668,251.6,0.12,164,1.6391308292505897,38.20639,-92.6248,199.73333333333332,991.1999999999999
149,2026-05-28,2026-05-28T16:33:39Z,17.009,17.009,20.008333333333333,4.45,48.96666666666667,0.24000000000000002,0.29333333333333333,0.043333333333333335,NA,7.38,147.83333333333334,251.6,0.12,164,1.6433723462166576,38.20639,-92.6248,199.8,991.1999999999999
149,2026-05-28,2026-05-28T16:33:42Z,17.038,17.038,20.006333333333334,4.45,48.93333333333333,0.18666666666666668,0.07333333333333333,0.0033333333333333335,NA,7.38,147.93333333333334,251.7,0.12,164,1.64618490292143,38.20639,-92.6248,199.6,991.1999999999999
149,2026-05-28,2026-05-28T16:33:45Z,17.076333333333334,17.076333333333334,20.007333333333335,4.45,48.93333333333333,0.26,0.25,0.06666666666666667,NA,7.38,148,251.7,0.12,164,1.6499047359825803,38.20639,-92.6248,199.7,991.1999999999999
149,2026-05-28,2026-05-28T16:33:48Z,17.119666666666667,17.119666666666667,20.008666666666667,4.45,48.93333333333333,0.22333333333333333,0.16666666666666666,0.08666666666666667,NA,7.38,148.06666666666666,251.66666666666666,0.12,164,1.6540782072219198,38.20639,-92.6248,199.66666666666666,991.1111111111111
149,2026-05-28,2026-05-28T16:33:51Z,17.175666666666665,17.175666666666665,20.009,4.446666666666667,48.9,0.19,0.20333333333333334,0.1,NA,7.38,148.1,251.6,0.12,164,1.6594765015423698,38.206383333333335,-92.6248,199.83333333333334,991.1999999999999
149,2026-05-28,2026-05-28T16:33:54Z,17.200333333333333,17.200333333333333,20.009,4.443333333333333,48.9,0.18,0.16666666666666666,0.06999999999999999,NA,7.38,148.13333333333333,251.66666666666666,0.12,164,1.6618581019778624,38.20638,-92.6248,200.06666666666666,991.1999999999999
149,2026-05-28,2026-05-28T16:33:57Z,17.234,17.234,20.009,4.44,48.9,0.21666666666666667,0.19333333333333336,0,NA,7.38,148.2,251.43333333333334,0.12,163.33333333333334,1.665124296860824,38.20638,-92.6248,200.26666666666668,991.1999999999999
149,2026-05-28,2026-05-28T16:34:00Z,17.305,17.305,20.007333333333335,4.44,48.9,0.25333333333333335,0.20666666666666667,0.05666666666666667,NA,7.38,148.2,251.53333333333333,0.12,163.33333333333334,1.6719969152603884,38.20638,-92.6248,200.2,991.1999999999999
149,2026-05-28,2026-05-28T16:34:03Z,17.383666666666667,17.383666666666667,20.006666666666668,4.44,48.9,0.18666666666666668,0.15333333333333335,0.14666666666666667,NA,7.386666666666667,148.3,251.66666666666666,0.12,164,1.6796180366539648,38.20638,-92.6248,200.03333333333333,991.1555555555555
149,2026-05-28,2026-05-28T16:34:06Z,17.465999999999998,17.465999999999998,20.000666666666667,4.44,48.9,0.23666666666666666,0.27,0.10666666666666667,NA,7.39,148.3,251.8,0.12,164,1.6875340228633642,38.20638,-92.6248,200.06666666666666,991.1111111111111
149,2026-05-28,2026-05-28T16:34:09Z,17.552333333333333,17.552333333333333,19.991,4.446666666666667,48.93333333333333,0.19666666666666668,0.12666666666666668,0.06666666666666667,NA,7.39,148.36666666666667,252.36666666666667,0.12,164,1.6958582834331337,38.20638,-92.6248,200.03333333333333,991.1555555555555
149,2026-05-28,2026-05-28T16:34:12Z,17.623666666666665,17.623666666666665,19.985,4.46,49.06666666666667,0.2566666666666667,0.20666666666666667,0.08666666666666667,NA,7.39,148.4,252.56666666666666,0.12,164,1.702821629468336,38.20638,-92.6248,200.1,991.1999999999999
149,2026-05-28,2026-05-28T16:34:15Z,17.672666666666668,17.672666666666668,19.981,4.463333333333333,49.13333333333333,0.20333333333333334,0.10666666666666666,0.01666666666666667,NA,7.39,148.43333333333334,252.9,0.12,164,1.707516784612593,38.20638,-92.6248,200.16666666666666,991.1999999999999
149,2026-05-28,2026-05-28T16:34:18Z,17.720333333333333,17.720333333333333,19.979666666666667,4.47,49.2,0.16,0.11666666666666667,0.20666666666666667,NA,7.39,148.5,252.96666666666667,0.12,164,1.7121438940301217,38.20638,-92.62479333333333,200.16666666666666,991.2444444444444
149,2026-05-28,2026-05-28T16:34:21Z,17.785666666666668,17.785666666666668,19.978666666666665,4.473333333333334,49.2,0.24333333333333335,0.14333333333333334,0.05333333333333334,NA,7.39,148.6,252.9,0.12,164,1.7184267827980404,38.20638,-92.62479,199.96666666666667,991.1555555555555
149,2026-05-28,2026-05-28T16:34:24Z,17.823666666666668,17.823666666666668,19.977666666666668,4.47,49.2,0.20333333333333334,0.07,0.0033333333333333335,NA,7.39,148.56666666666666,252.96666666666667,0.12,164,1.7221239339502812,38.20638,-92.62479,199.73333333333332,991.1999999999999
149,2026-05-28,2026-05-28T16:34:27Z,17.846,17.846,19.974666666666668,4.476666666666667,49.2,0.23666666666666666,0.26666666666666666,0.04666666666666667,NA,7.39,148.6,252.96666666666667,0.12,164,1.7242787152966794,38.20638,-92.62479,199.93333333333334,991.1555555555555
149,2026-05-28,2026-05-28T16:34:30Z,17.923666666666666,17.923666666666666,19.973333333333333,4.47,49.2,0.19,0.1,0.12666666666666665,NA,7.39,148.63333333333333,253.03333333333333,0.12,164.33333333333334,1.731763745236799,38.20638,-92.62479,199.93333333333334,991.2444444444444
149,2026-05-28,2026-05-28T16:34:33Z,18.082,18.082,19.963666666666665,4.47,49.2,0.22333333333333333,0.2733333333333333,0.13333333333333333,NA,7.39,148.7,252.96666666666667,0.12,164.33333333333334,1.7470513518417712,38.20638,-92.62479,200.16666666666666,991.2444444444444
149,2026-05-28,2026-05-28T16:34:36Z,18.11,18.11,19.955666666666666,4.47,49.1,0.23333333333333334,0.19333333333333333,0.06,NA,7.39,148.76666666666668,253.03333333333333,0.12,164.33333333333334,1.749795862819815,38.20638,-92.6248,199.96666666666667,991.1999999999999
149,2026-05-28,2026-05-28T16:34:39Z,18.163333333333334,18.163333333333334,19.944,4.463333333333333,49.06666666666667,0.27,0.22333333333333333,0.09333333333333334,NA,7.39,148.8,253,0.12,164,1.754944656142261,38.20638,-92.6248,199.83333333333334,991.1999999999999
149,2026-05-28,2026-05-28T16:34:42Z,18.240666666666666,18.240666666666666,19.930666666666667,4.446666666666667,48.86666666666667,0.22333333333333333,0.24333333333333335,0.06,NA,7.39,148.83333333333334,253.1,0.12,164.66666666666666,1.7624523679912902,38.20638,-92.6248,199.9,991.1555555555555
149,2026-05-28,2026-05-28T16:34:45Z,18.295333333333332,18.295333333333332,19.919,4.4366666666666665,48.733333333333334,0.17666666666666667,0.11333333333333334,0.18666666666666668,NA,7.39,148.9,253.13333333333333,0.12,165,1.7677145708582835,38.20638,-92.62479333333333,200.16666666666666,991.1999999999999
149,2026-05-28,2026-05-28T16:34:48Z,18.377333333333333,18.377333333333333,19.90266666666667,4.416666666666667,48.53333333333333,0.24666666666666667,0.25666666666666665,0.13,NA,7.39,149,253.16666666666666,0.12,165,1.7756078751587734,38.20638,-92.62479,200,991.1555555555555
149,2026-05-28,2026-05-28T16:34:51Z,18.456,18.456,19.889333333333333,4.3966666666666665,48.3,0.17,0.1,0.07666666666666666,NA,7.38,149,253.26666666666668,0.12,165,1.7832516784612593,38.20638,-92.62479,199.7,991.1999999999999
149,2026-05-28,2026-05-28T16:34:54Z,18.560333333333332,18.560333333333332,19.882333333333335,4.373333333333333,48,0.23,0.24333333333333335,0.15333333333333335,NA,7.38,149.1,253.16666666666666,0.12,165,1.7932997641081474,38.20638,-92.62479,199.7,991.1999999999999
149,2026-05-28,2026-05-28T16:34:57Z,18.660333333333334,18.660333333333334,19.873666666666665,4.3533333333333335,47.766666666666666,0.19333333333333333,0.15333333333333332,0.17666666666666667,NA,7.38,149.1,253.16666666666666,0.12,165,1.8029622573035746,38.20638,-92.62479,199.83333333333334,991.1999999999999
149,2026-05-28,2026-05-28T16:35:00Z,18.736,18.736,19.868666666666666,4.33,47.53333333333333,0.25,0.28,0.11333333333333333,NA,7.38,149.2,253,0.12,164,1.8103111957902378,38.20637333333333,-92.62479,200.16666666666666,991.1999999999999
149,2026-05-28,2026-05-28T16:35:03Z,18.821666666666665,18.821666666666665,19.867,4.3133333333333335,47.33333333333333,0.17,0.12333333333333334,0.13,NA,7.38,149.23333333333332,253,0.12,164.33333333333334,1.8185900925421883,38.20637,-92.62479,200.43333333333334,991.1555555555555
149,2026-05-28,2026-05-28T16:35:06Z,18.865,18.865,19.859333333333336,4.296666666666667,47.16666666666667,0.24333333333333335,0.23,0.03,NA,7.38,149.26666666666668,253.16666666666666,0.12,164.66666666666666,1.8227635637815278,38.20637,-92.62479,200.46666666666667,991.1999999999999
149,2026-05-28,2026-05-28T16:35:09Z,18.896,18.896,19.851333333333333,4.283333333333333,47.03333333333333,0.20333333333333334,0.2,0.12333333333333334,NA,7.376666666666667,149.3,253.03333333333333,0.12,164,1.8257348938486664,38.20637,-92.62479,200.76666666666668,991.1999999999999
149,2026-05-28,2026-05-28T16:35:12Z,18.931666666666665,18.931666666666665,19.843333333333334,4.263333333333333,46.8,0.20333333333333334,0.18,0.18666666666666665,NA,7.37,149.36666666666667,252.93333333333334,0.12,164,1.8292052259118128,38.20637,-92.62479,200.6,991.1555555555555
149,2026-05-28,2026-05-28T16:35:15Z,18.982666666666667,18.982666666666667,19.837666666666667,4.243333333333333,46.56666666666667,0.23,0.15333333333333332,0.23333333333333334,NA,7.37,149.4,252.86666666666667,0.12,164,1.8341725639629831,38.20637,-92.62479,200.4,991.1999999999999
149,2026-05-28,2026-05-28T16:35:18Z,19.026,19.026,19.836333333333332,4.226666666666667,46.36666666666667,0.19333333333333333,0.12333333333333334,0.08666666666666667,NA,7.37,149.5,252.83333333333334,0.12,164,1.8383233532934131,38.20637,-92.62479,200.3,991.1999999999999
149,2026-05-28,2026-05-28T16:35:21Z,19.106666666666666,19.106666666666666,19.83233333333333,4.216666666666667,46.266666666666666,0.27,0.22666666666666666,0.09666666666666666,NA,7.37,149.5,252.73333333333332,0.12,164,1.8461259299582653,38.20637,-92.62479,200.23333333333335,991.1999999999999
149,2026-05-28,2026-05-28T16:35:24Z,19.214,19.214,19.830333333333332,4.206666666666667,46.13333333333333,0.20666666666666667,0.13666666666666666,0.10333333333333333,NA,7.37,149.56666666666666,252.96666666666667,0.12,164,1.8565142442387952,38.20638,-92.62479,199.9,991.1999999999999
149,2026-05-28,2026-05-28T16:35:27Z,19.246333333333332,19.246333333333332,19.83566666666667,4.2,46.1,0.23666666666666666,0.24333333333333332,0.09333333333333334,NA,7.37,149.66666666666666,252.73333333333332,0.12,164,1.8596443476682998,38.20638,-92.62479,199.83333333333334,991.1999999999999
149,2026-05-28,2026-05-28T16:35:30Z,19.267,19.267,19.833333333333332,4.196666666666667,46,0.21333333333333335,0.12000000000000001,0.19666666666666666,NA,7.37,149.7,252.93333333333334,0.12,164,1.861594991834513,38.20638,-92.62479,199.73333333333332,991.1111111111111
149,2026-05-28,2026-05-28T16:35:33Z,19.294333333333334,19.294333333333334,19.838,4.19,46,0.26,0.25,0.12333333333333334,NA,7.37,149.8,252.83333333333334,0.12,164,1.8642260932680095,38.20638,-92.62479,199.8,991.1999999999999
149,2026-05-28,2026-05-28T16:35:36Z,19.347,19.347,19.826666666666668,4.19,45.96666666666667,0.20333333333333334,0.20666666666666667,0.14,NA,7.37,149.8,252.86666666666667,0.12,164,1.8693295227726365,38.20638,-92.62479,199.7,991.1555555555555
149,2026-05-28,2026-05-28T16:35:39Z,19.413,19.413,19.818,4.183333333333334,45.86666666666667,0.24333333333333335,0.21333333333333332,0.14,NA,7.37,149.86666666666667,252.9,0.12,164,1.875748502994012,38.20638,-92.62479,199.83333333333334,991.1999999999999
149,2026-05-28,2026-05-28T16:35:42Z,19.475,19.475,19.813666666666666,4.173333333333333,45.766666666666666,0.22666666666666668,0.15,0.15666666666666668,NA,7.37,149.9,253,0.12,164,1.8817138450371982,38.20638,-92.62479666666667,199.9,991.1999999999999
149,2026-05-28,2026-05-28T16:35:45Z,19.55366666666667,19.55366666666667,19.809,4.166666666666667,45.66666666666667,0.22333333333333333,0.24333333333333335,0.060000000000000005,NA,7.37,149.9,253,0.12,164,1.8893349664307748,38.20638,-92.6248,200,991.1999999999999
149,2026-05-28,2026-05-28T16:35:48Z,19.614333333333335,19.614333333333335,19.816666666666666,4.16,45.6,0.21666666666666667,0.16,0.18333333333333335,NA,7.37,149.96666666666667,253,0.12,164,1.8951868989294138,38.20638,-92.6248,200,991.1999999999999
149,2026-05-28,2026-05-28T16:35:51Z,19.693,19.693,19.83,4.16,45.6,0.20333333333333334,0.13,0.11666666666666667,NA,7.37,150.03333333333333,252.86666666666667,0.12,164,1.9027626565051714,38.206383333333335,-92.6248,200.06666666666666,991.1999999999999
149,2026-05-28,2026-05-28T16:35:54Z,19.788,19.788,19.827666666666666,4.16,45.63333333333333,0.22666666666666666,0.22,0.11,NA,7.37,150.1,252.93333333333334,0.12,164,1.9119715115224096,38.20639,-92.6248,199.96666666666667,991.1999999999999
149,2026-05-28,2026-05-28T16:35:57Z,19.843333333333334,19.843333333333334,19.826,4.16,45.66666666666667,0.22333333333333333,0.19666666666666666,0.07666666666666666,NA,7.37,150.13333333333333,252.9,0.12,164,1.9173244420250408,38.20639,-92.6248,200,991.1999999999999
149,2026-05-28,2026-05-28T16:36:00Z,19.914,19.914,19.834333333333333,4.17,45.7,0.22333333333333333,0.26,0.08,NA,7.37,150.2,252.9,0.12,164,1.9241290146978771,38.20639,-92.6248,199.96666666666667,991.1555555555555
149,2026-05-28,2026-05-28T16:36:03Z,20.001,20.001,19.836333333333332,4.17,45.7,0.21000000000000002,0.2033333333333333,0.07,NA,7.37,150.23333333333332,252.83333333333334,0.12,164,1.9325213209943748,38.20639,-92.6248,199.9,991.1999999999999
149,2026-05-28,2026-05-28T16:36:06Z,20.090666666666667,20.090666666666667,19.84433333333333,4.17,45.766666666666666,0.21000000000000002,0.27,0.08333333333333333,NA,7.37,150.3,252.6,0.12,164,1.9411858101977864,38.20639,-92.6248,199.9,991.1999999999999
149,2026-05-28,2026-05-28T16:36:09Z,20.166999999999998,20.166999999999998,19.849,4.176666666666667,45.83333333333333,0.21666666666666667,0.17666666666666667,0.04000000000000001,NA,7.37,150.36666666666667,252.66666666666666,0.12,164,1.9485574305933588,38.20639,-92.6248,199.73333333333332,991.1999999999999
149,2026-05-28,2026-05-28T16:36:12Z,20.267666666666667,20.267666666666667,19.850666666666665,4.18,45.9,0.22333333333333333,0.22,0.11333333333333334,NA,7.37,150.4,252.66666666666666,0.12,164,1.9582879695155144,38.20639,-92.6248,199.76666666666668,991.1999999999999
149,2026-05-28,2026-05-28T16:36:15Z,20.362000000000002,20.362000000000002,19.848333333333333,4.19,45.96666666666667,0.24666666666666667,0.16,0.18333333333333335,NA,7.37,150.46666666666667,252.73333333333332,0.12,164,1.9673834149882055,38.20639,-92.62480666666666,199.73333333333332,991.1999999999999
149,2026-05-28,2026-05-28T16:36:18Z,20.43,20.43,19.844666666666665,4.19,46,0.22,0.19,0.06333333333333334,NA,7.37,150.5,252.83333333333334,0.12,164,1.9739838504808565,38.20639,-92.62481,199.1,991.1999999999999
149,2026-05-28,2026-05-28T16:36:21Z,20.5,20.5,19.839333333333332,4.19,46,0.22,0.16,0.21,NA,7.37,150.53333333333333,253,0.12,164,1.9807430593358737,38.20639,-92.62481,199.03333333333333,991.1999999999999
149,2026-05-28,2026-05-28T16:36:24Z,20.678,20.678,19.772333333333332,4.17,45.733333333333334,0.2,0.15666666666666668,0.17,NA,7.37,150.6,253.66666666666666,0.12,165,1.9979813101070587,38.20639,-92.62481,199.03333333333333,991.1999999999999
149,2026-05-28,2026-05-28T16:36:27Z,20.851333333333333,20.851333333333333,19.615,4.116666666666666,45,0.19666666666666666,0.29666666666666663,0.06333333333333334,NA,7.363333333333333,150.6,254.5,0.12,165,2.0148112865178733,38.20639,-92.62481,198.96666666666667,991.1999999999999
149,2026-05-28,2026-05-28T16:36:30Z,20.949666666666666,20.949666666666666,19.575666666666667,4.026666666666666,43.9,0.21,0.18666666666666668,0.09,NA,7.3533333333333335,150.6,254.53333333333333,0.12,165,2.024337688259844,38.20639,-92.62481,198.93333333333334,991.1999999999999
149,2026-05-28,2026-05-28T16:36:33Z,20.975666666666665,20.975666666666665,19.560333333333332,3.93,42.86666666666667,0.23333333333333334,0.25333333333333335,0.14666666666666667,NA,7.35,150.7,254.5,0.12,165,2.026855380148793,38.20639,-92.62481,198.8,991.1999999999999
149,2026-05-28,2026-05-28T16:36:36Z,21.068666666666665,21.068666666666665,19.548666666666666,3.85,42.03333333333333,0.18666666666666668,0.1,0.05,NA,7.35,150.73333333333332,254.5,0.12,165,2.035792052259118,38.20639,-92.62481,198.8,991.1999999999999
149,2026-05-28,2026-05-28T16:36:39Z,21.137666666666668,21.137666666666668,19.536666666666665,3.7933333333333334,41.4,0.27666666666666667,0.2633333333333333,0.02666666666666667,NA,7.35,150.8,254.53333333333333,0.12,165,2.042483215387407,38.20639,-92.62481,198.76666666666665,991.1999999999999
149,2026-05-28,2026-05-28T16:36:42Z,21.235333333333333,21.235333333333333,19.523,3.7466666666666666,40.8,0.18666666666666668,0.08333333333333333,0.09,NA,7.343333333333333,150.9,254.43333333333334,0.12,165,2.05191888949374,38.20639,-92.62481,198.86666666666667,991.1999999999999
149,2026-05-28,2026-05-28T16:36:48Z,21.316333333333333,21.316333333333333,19.46966666666667,3.6466666666666665,39.7,0.21333333333333335,0.13666666666666666,0.056666666666666664,NA,7.34,151,254.33333333333334,0.12,165,2.059766829976411,38.20639,-92.6248,198.93333333333334,991.1555555555555
149,2026-05-28,2026-05-28T16:36:51Z,21.34733333333333,21.34733333333333,19.445333333333334,3.6,39.2,0.23,0.09000000000000001,0.06666666666666667,NA,7.34,151.1,254.3,0.12,165,2.0627835238613685,38.20639,-92.6248,199.29999999999998,991.0666666666666
149,2026-05-28,2026-05-28T16:36:54Z,21.440666666666665,21.440666666666665,19.415333333333333,3.5466666666666664,38.6,0.2733333333333333,0.2,-0.03333333333333333,NA,7.33,151.16666666666666,254.5,0.12,165,2.07185628742515,38.20639,-92.6248,199.4,991.1111111111111
149,2026-05-28,2026-05-28T16:36:57Z,21.514,21.514,19.394666666666666,3.5033333333333334,38.03333333333333,0.2,0.10333333333333333,-0.013333333333333336,NA,7.33,151.23333333333332,254.56666666666666,0.12,165.33333333333334,2.07891036109599,38.20639,-92.62479,199.3,991.1555555555555
149,2026-05-28,2026-05-28T16:37:00Z,21.581666666666667,21.581666666666667,19.358666666666668,3.45,37.5,0.22666666666666668,0.24000000000000002,-0.016666666666666663,NA,7.33,151.3,254.56666666666666,0.12,165,2.085420068953003,38.20639,-92.62479,199.43333333333334,991.1999999999999
149,2026-05-28,2026-05-28T16:37:03Z,21.657,21.657,19.313666666666666,3.39,36.8,0.26,0.33,0.08,NA,7.323333333333333,151.4,254.6,0.12,165.66666666666666,2.0927916893485756,38.20639,-92.62479,199.53333333333333,991.1555555555555
149,2026-05-28,2026-05-28T16:37:06Z,21.764,21.764,19.245333333333335,3.31,35.86666666666667,0.15,0.07,0.06,NA,7.32,151.53333333333333,255.63333333333333,0.12,166,2.103134639811287,38.20639,-92.62479,199.56666666666666,991.1999999999999
149,2026-05-28,2026-05-28T16:37:09Z,21.820666666666668,21.820666666666668,19.200666666666667,3.2233333333333336,34.9,0.18666666666666668,0.22666666666666666,0.07,NA,7.32,151.63333333333333,256.8333333333333,0.12,167,2.1086690255851934,38.20639,-92.62479,199.36666666666667,991.1999999999999
149,2026-05-28,2026-05-28T16:37:12Z,21.874666666666666,21.874666666666666,19.176666666666666,3.15,34.06666666666666,0.25333333333333335,0.30333333333333334,0.03666666666666667,NA,7.32,151.7,257.7,0.12,167.66666666666666,2.113863182725458,38.20639,-92.62479,199.66666666666666,991.1999999999999
149,2026-05-28,2026-05-28T16:37:15Z,21.949333333333335,21.949333333333335,19.146333333333335,3.0833333333333335,33.36666666666667,0.21666666666666667,0.20333333333333334,-0.02,NA,7.31,151.8,258.1666666666667,0.12,168,2.121098711667574,38.20639,-92.62479,199.56666666666666,991.1555555555555
149,2026-05-28,2026-05-28T16:37:18Z,21.996,21.996,19.101333333333333,3.02,32.666666666666664,0.15000000000000002,0.10666666666666667,0.013333333333333336,NA,7.31,151.86666666666667,258.46666666666664,0.12,168,2.1256124115405552,38.20639,-92.62479,199.33333333333334,991.1555555555555
149,2026-05-28,2026-05-28T16:37:21Z,22.085333333333335,22.085333333333335,19.075333333333333,2.96,32,0.25333333333333335,0.2633333333333333,0.006666666666666666,NA,7.31,151.96666666666667,258.3666666666667,0.12,168,2.1342769007439664,38.20639,-92.62479,198.96666666666667,991.1555555555555
149,2026-05-28,2026-05-28T16:37:24Z,22.159333333333333,22.159333333333333,19.054666666666666,2.89,31.233333333333334,0.25333333333333335,0.27,-0.02333333333333333,NA,7.31,152.13333333333333,258.03333333333336,0.12,168,2.1414217020504447,38.20639,-92.62479,198.96666666666667,991.1999999999999
149,2026-05-28,2026-05-28T16:37:27Z,22.251333333333335,22.251333333333335,19.042666666666666,2.83,30.533333333333335,0.18666666666666668,0.21333333333333335,0.09333333333333334,NA,7.306666666666667,152.23333333333332,257.93333333333334,0.12,168,2.1503130103429506,38.20639,-92.62478666666667,199.3,991.1555555555555
149,2026-05-28,2026-05-28T16:37:30Z,22.326,22.326,19.029333333333334,2.77,29.9,0.20666666666666667,0.27,0.11333333333333334,NA,7.3,152.3,257.8333333333333,0.12,168,2.157571221193976,38.20639,-92.62478,199.33333333333334,991.1999999999999
149,2026-05-28,2026-05-28T16:37:33Z,22.401333333333334,22.401333333333334,19.021,2.7233333333333336,29.433333333333334,0.17333333333333334,0.17333333333333334,0.0033333333333333327,NA,7.3,152.43333333333334,257.8666666666667,0.12,168,2.164829432045001,38.20639,-92.62478,199.73333333333332,991.1555555555555
149,2026-05-28,2026-05-28T16:37:36Z,22.464666666666666,22.464666666666666,19.012999999999998,2.6866666666666665,28.96666666666667,0.22666666666666668,0.15333333333333332,0.043333333333333335,NA,7.3,152.53333333333333,257.93333333333334,0.12,168,2.170976229359463,38.20639,-92.62478,199.66666666666666,991.1999999999999
149,2026-05-28,2026-05-28T16:37:39Z,22.573333333333334,22.573333333333334,19.001666666666665,2.65,28.6,0.24666666666666667,0.24000000000000002,0.17666666666666667,NA,7.3,152.7,258.1,0.12,168,2.1814552712756305,38.20639,-92.62478,199.86666666666667,991.1555555555555
149,2026-05-28,2026-05-28T16:37:42Z,22.677,22.677,18.998666666666665,2.62,28.3,0.19333333333333333,0.18,0.06666666666666667,NA,7.29,152.8,258,0.12,168,2.1914806750136093,38.20639,-92.62478,199.93333333333334,991.1999999999999
149,2026-05-28,2026-05-28T16:37:45Z,22.78,22.78,18.997,2.5966666666666667,28,0.23666666666666666,0.24666666666666667,0.05333333333333334,NA,7.29,152.93333333333334,258,0.12,168,2.2014380330248593,38.20639,-92.62478,199.83333333333334,991.1555555555555
149,2026-05-28,2026-05-28T16:37:48Z,22.874,22.874,18.994,2.5766666666666667,27.8,0.16666666666666666,0.17,-0.07333333333333333,NA,7.29,153.03333333333333,258.1666666666667,0.12,168,2.210510796588641,38.20639,-92.62478,199.83333333333334,991.1999999999999
149,2026-05-28,2026-05-28T16:37:51Z,22.98166666666667,22.98166666666667,18.988,2.56,27.6,0.22333333333333333,0.26,0.21333333333333335,NA,7.29,153.16666666666666,258.1333333333333,0.12,168,2.22092179277808,38.20639,-92.62477,199.86666666666667,991.1555555555555
149,2026-05-28,2026-05-28T16:37:54Z,23.052333333333333,23.052333333333333,18.984333333333332,2.5433333333333334,27.433333333333334,0.22,0.10666666666666666,0.04666666666666667,NA,7.29,153.23333333333332,258.3,0.12,168,2.227749047359826,38.20639,-92.62477,199.8,991.1555555555555
149,2026-05-28,2026-05-28T16:38:00Z,23.126666666666665,23.126666666666665,18.983333333333334,2.52,27.166666666666668,0.22333333333333333,0.19,0.10333333333333333,NA,7.29,153.5,258.1666666666667,0.12,168,2.2349618943930323,38.20639,-92.62477666666666,199.6,991.1111111111111
149,2026-05-28,2026-05-28T16:38:03Z,23.16166666666667,23.16166666666667,18.98166666666667,2.51,27.1,0.20333333333333334,0.11,0.10666666666666666,NA,7.29,153.63333333333333,258.1333333333333,0.12,168,2.2383188169116313,38.20639,-92.62478,199.63333333333333,991.1111111111111
149,2026-05-28,2026-05-28T16:38:06Z,23.219333333333335,23.219333333333335,18.981333333333335,2.5033333333333334,27,0.2633333333333333,0.21,0.04666666666666667,NA,7.29,153.73333333333332,258.23333333333335,0.12,168,2.2439212484122666,38.20639,-92.62478,199.53333333333333,991.2444444444444
149,2026-05-28,2026-05-28T16:38:09Z,23.25433333333333,23.25433333333333,18.98,2.4966666666666666,26.9,0.2,0.17333333333333334,0.11666666666666667,NA,7.29,153.86666666666667,258.3333333333333,0.12,168,2.247300852839775,38.20639,-92.62477333333334,199.63333333333333,991.1999999999999
149,2026-05-28,2026-05-28T16:38:12Z,23.296666666666667,23.296666666666667,18.97866666666667,2.49,26.866666666666667,0.20333333333333334,0.15666666666666668,0.07,NA,7.29,154,258.3333333333333,0.12,168,2.251360914534567,38.20639,-92.62477,199.7,991.1999999999999
149,2026-05-28,2026-05-28T16:38:15Z,23.375,23.375,18.974,2.4833333333333334,26.766666666666666,0.19333333333333333,0.19999999999999998,0.08,NA,7.29,154.13333333333333,258.3666666666667,0.12,168,2.258936672110325,38.20639,-92.62477,199.56666666666666,991.1999999999999
149,2026-05-28,2026-05-28T16:38:18Z,23.460333333333335,23.460333333333335,18.969666666666665,2.4733333333333336,26.666666666666668,0.24333333333333335,0.20666666666666667,0.15333333333333332,NA,7.29,154.23333333333332,258.3,0.12,168,2.267238250771185,38.20639,-92.62477,199.6,991.1999999999999
149,2026-05-28,2026-05-28T16:38:21Z,23.554333333333336,23.554333333333336,18.967666666666666,2.466666666666667,26.566666666666666,0.21666666666666667,0.2633333333333333,0.09999999999999999,NA,7.29,154.36666666666667,258.3,0.12,168,2.276288332426057,38.20639,-92.62477,199.56666666666666,991.1999999999999
149,2026-05-28,2026-05-28T16:38:24Z,23.647666666666666,23.647666666666666,18.965333333333334,2.4566666666666666,26.466666666666665,0.14,0.11666666666666667,0.11666666666666667,NA,7.29,154.46666666666667,258.5,0.12,168,2.2853157321720197,38.20639,-92.62478,199.4,991.1999999999999
149,2026-05-28,2026-05-28T16:38:27Z,23.712,23.712,18.955666666666666,2.4466666666666668,26.366666666666667,0.2533333333333333,0.22000000000000003,0.08,NA,7.29,154.6,258.6666666666667,0.12,168,2.29153057521321,38.20639,-92.62478,199.23333333333332,991.1999999999999
149,2026-05-28,2026-05-28T16:38:30Z,23.784666666666666,23.784666666666666,18.952,2.4366666666666665,26.266666666666666,0.20333333333333334,0.12333333333333334,0.043333333333333335,NA,7.29,154.66666666666666,259.06666666666666,0.12,168,2.2985392850662314,38.20639,-92.62478,199.33333333333334,991.1999999999999
149,2026-05-28,2026-05-28T16:38:33Z,23.866666666666667,23.866666666666667,18.947,2.4266666666666667,26.133333333333333,0.23,0.24,0.07666666666666666,NA,7.29,154.76666666666668,259.26666666666665,0.12,168.66666666666666,2.3065006350934496,38.20639,-92.62478,199.36666666666667,991.1999999999999
149,2026-05-28,2026-05-28T16:38:36Z,23.940333333333335,23.940333333333335,18.947333333333333,2.41,26,0.16,0.05666666666666667,0.12666666666666668,NA,7.29,154.83333333333334,259.56666666666666,0.12,169,2.3136000725821084,38.20639,-92.62478,199.63333333333333,991.2444444444444
149,2026-05-28,2026-05-28T16:38:39Z,24.029333333333334,24.029333333333334,18.946666666666665,2.4033333333333333,25.9,0.26,0.2733333333333333,0.03,NA,7.29,155,259.53333333333336,0.12,169,2.322219197967701,38.20639,-92.62478,199.5,991.1999999999999
149,2026-05-28,2026-05-28T16:38:42Z,24.081666666666667,24.081666666666667,18.946,2.3966666666666665,25.833333333333332,0.16666666666666666,0.1,0.030000000000000002,NA,7.29,155.1,259.6333333333333,0.12,169,2.3272545817455996,38.20639,-92.62478,199.73333333333332,991.2444444444444
149,2026-05-28,2026-05-28T16:38:45Z,24.154999999999998,24.154999999999998,18.944,2.39,25.766666666666666,0.23,0.28,0.04,NA,7.29,155.23333333333332,259.6666666666667,0.12,169,2.334354019234259,38.20639,-92.62478,200.13333333333333,991.1999999999999
149,2026-05-28,2026-05-28T16:38:48Z,24.243,24.243,18.938333333333333,2.3833333333333333,25.666666666666668,0.16,0.15000000000000002,0.10666666666666667,NA,7.29,155.3,260,0.12,169,2.342859735075304,38.20639,-92.62478,200.3,991.1555555555555
149,2026-05-28,2026-05-28T16:38:51Z,24.285666666666668,24.285666666666668,18.935,2.3733333333333335,25.533333333333335,0.25,0.24000000000000002,0.013333333333333334,NA,7.29,155.43333333333334,260.06666666666666,0.12,169,2.3469878424968247,38.20639,-92.62478,200.36666666666667,991.1111111111111
149,2026-05-28,2026-05-28T16:38:54Z,24.324666666666666,24.324666666666666,18.933666666666667,2.36,25.466666666666665,0.17666666666666667,0.12333333333333334,0.020000000000000004,NA,7.29,155.5,260.1666666666667,0.12,169,2.350753039375794,38.20639,-92.62478,200.4,991.1999999999999
149,2026-05-28,2026-05-28T16:38:57Z,24.387666666666668,24.387666666666668,18.928666666666665,2.3533333333333335,25.333333333333332,0.25,0.26333333333333336,0.06666666666666667,NA,7.29,155.63333333333333,260.1,0.12,169,2.3568771547813467,38.20639,-92.62478,200.46666666666667,991.1555555555555
149,2026-05-28,2026-05-28T16:39:00Z,24.438666666666666,24.438666666666666,18.926333333333332,2.3433333333333333,25.233333333333334,0.22333333333333333,0.18666666666666668,0.043333333333333335,NA,7.29,155.63333333333333,260.2,0.12,169,2.361753765196879,38.20639,-92.62478,200.43333333333334,991.1999999999999
149,2026-05-28,2026-05-28T16:39:03Z,24.514333333333333,24.514333333333333,18.922333333333334,2.3333333333333335,25.133333333333333,0.16666666666666666,0.10333333333333333,0.06333333333333334,NA,7.29,155.76666666666668,260.06666666666666,0.12,169,2.369102703683542,38.20639,-92.62478666666667,200.6,991.2444444444444
149,2026-05-28,2026-05-28T16:39:06Z,24.600333333333335,24.600333333333335,18.919,2.3266666666666667,25.066666666666666,0.25333333333333335,0.27666666666666667,0.15,NA,7.29,155.9,260.1666666666667,0.12,169,2.3773816004354926,38.20639,-92.62479,200.86666666666667,991.1999999999999
149,2026-05-28,2026-05-28T16:39:09Z,24.701,24.701,18.911333333333335,2.3166666666666664,24.933333333333334,0.14666666666666667,0.07666666666666667,0.13333333333333333,NA,7.29,156,260.1333333333333,0.12,169,2.387112139357648,38.20639,-92.62479,201.13333333333333,991.1999999999999
149,2026-05-28,2026-05-28T16:39:12Z,24.762,24.762,18.903333333333332,2.3033333333333332,24.8,0.24,0.22,0.08666666666666667,NA,7.29,156.1,260.23333333333335,0.12,169,2.3930547994919253,38.20639,-92.62479,201.46666666666667,991.1999999999999
149,2026-05-28,2026-05-28T16:39:15Z,24.851,24.851,18.895666666666667,2.2866666666666666,24.6,0.21666666666666667,0.2833333333333333,0.03,NA,7.29,156.16666666666666,260.3,0.12,169,2.4016512429686085,38.20639,-92.62479,201.56666666666666,991.1555555555555
149,2026-05-28,2026-05-28T16:39:18Z,24.922333333333334,24.922333333333334,18.892,2.2666666666666666,24.4,0.16,0.12333333333333334,0.08,NA,7.29,156.2,260.3,0.12,169,2.4085919070949013,38.20639,-92.62479,201.46666666666667,991.1999999999999
149,2026-05-28,2026-05-28T16:39:21Z,24.986333333333334,24.986333333333334,18.888333333333335,2.2466666666666666,24.2,0.22,0.30333333333333334,0.010000000000000004,NA,7.29,156.33333333333334,260.3333333333333,0.12,169,2.414738704409363,38.20639,-92.62479,201.3,991.1555555555555
149,2026-05-28,2026-05-28T16:39:24Z,25.095,25.095,18.887333333333334,2.2333333333333334,24.033333333333335,0.25,0.23666666666666666,0.05,NA,7.29,156.4,260.3333333333333,0.12,169,2.4252404282344404,38.20639,-92.62479,200.9,991.1555555555555
149,2026-05-28,2026-05-28T16:39:27Z,25.201666666666668,25.201666666666668,18.887,2.22,23.9,0.15666666666666668,0.13333333333333333,0.09,NA,7.29,156.5,260.43333333333334,0.12,169,2.4355380148793326,38.20639,-92.62478333333334,200.83333333333334,991.1555555555555
149,2026-05-28,2026-05-28T16:39:30Z,25.354333333333333,25.354333333333333,18.884,2.2066666666666666,23.766666666666666,0.20333333333333334,0.26,-0.020000000000000004,NA,7.29,156.63333333333333,260.3333333333333,0.12,169,2.450303937579387,38.20639,-92.62478,201.13333333333333,991.1999999999999
149,2026-05-28,2026-05-28T16:39:33Z,25.441666666666666,25.441666666666666,18.879333333333335,2.1966666666666668,23.633333333333333,0.23666666666666666,0.31666666666666665,0.03333333333333333,NA,7.29,156.66666666666666,260.46666666666664,0.12,169,2.4587416076937036,38.20639,-92.62478,201,991.1555555555555
149,2026-05-28,2026-05-28T16:39:36Z,25.579333333333334,25.579333333333334,18.875333333333334,2.19,23.533333333333335,0.14,0.11666666666666667,0.12666666666666668,NA,7.29,156.76666666666668,260.4,0.12,169,2.472055888223553,38.20639,-92.62478,200.53333333333333,991.1999999999999
149,2026-05-28,2026-05-28T16:39:39Z,25.672666666666668,25.672666666666668,18.868,2.18,23.433333333333334,0.19666666666666668,0.17333333333333334,-0.09000000000000001,NA,7.29,156.83333333333334,260.3,0.12,169,2.4810832879695157,38.20639,-92.62478,200.36666666666667,991.1999999999999
149,2026-05-28,2026-05-28T16:39:42Z,25.716666666666665,25.716666666666665,18.86433333333333,2.1666666666666665,23.333333333333332,0.29333333333333333,0.34,0.02666666666666667,NA,7.286666666666667,156.9,260.1,0.12,169,2.4853248049355834,38.20639,-92.62478,200.33333333333334,991.1999999999999
149,2026-05-28,2026-05-28T16:39:45Z,25.767333333333333,25.767333333333333,18.854333333333333,2.16,23.2,0.22,0.22333333333333333,0,NA,7.28,156.96666666666667,259.96666666666664,0.12,169,2.490246779168935,38.20639,-92.62478,200.43333333333334,991.1999999999999
149,2026-05-28,2026-05-28T16:39:48Z,25.858666666666668,25.858666666666668,18.853666666666665,2.1466666666666665,23.066666666666666,0.15,0.08333333333333333,0.09333333333333334,NA,7.28,157.03333333333333,259.8666666666667,0.12,169,2.4990246779168936,38.20639,-92.62478,200.43333333333334,991.1999999999999
149,2026-05-28,2026-05-28T16:39:51Z,25.919666666666668,25.919666666666668,18.846333333333334,2.1366666666666667,22.966666666666665,0.20666666666666667,0.26,0.023333333333333334,NA,7.28,157.1,259.76666666666665,0.12,169,2.5049673380511703,38.20639,-92.62478,200.5,991.1999999999999
149,2026-05-28,2026-05-28T16:39:54Z,25.982333333333333,25.982333333333333,18.845333333333333,2.1233333333333335,22.833333333333332,0.22,0.29000000000000004,0.08666666666666667,NA,7.28,157.13333333333333,259.6333333333333,0.12,169,2.511000725821085,38.20639,-92.62478,200.6,991.1555555555555
149,2026-05-28,2026-05-28T16:39:57Z,26.046333333333333,26.046333333333333,18.841666666666665,2.1133333333333333,22.7,0.11666666666666667,0.09666666666666668,0.06999999999999999,NA,7.28,157.23333333333332,259.53333333333336,0.12,169,2.517192886953366,38.20639,-92.62478,200.6,991.1555555555555
149,2026-05-28,2026-05-28T16:40:03Z,26.11466666666667,26.11466666666667,18.837333333333333,2.09,22.466666666666665,0.27,0.22333333333333333,0.07333333333333333,NA,7.28,157.43333333333334,259.46666666666664,0.12,169,2.5238160043549267,38.20639,-92.62478333333334,201.16666666666666,991.1999999999999
149,2026-05-28,2026-05-28T16:40:06Z,26.174333333333333,26.174333333333333,18.834333333333333,2.08,22.366666666666667,0.29,0.26666666666666666,0.12333333333333334,NA,7.28,157.53333333333333,259.3666666666667,0.12,169,2.5295545273090183,38.20639,-92.62479,201.16666666666666,991.1555555555555
149,2026-05-28,2026-05-28T16:40:09Z,26.241666666666667,26.241666666666667,18.831333333333333,2.07,22.266666666666666,0.16333333333333333,0.08,0.12333333333333334,NA,7.273333333333333,157.6,259.43333333333334,0.12,169,2.53613228089276,38.20639,-92.62479,201.13333333333333,991.1999999999999
149,2026-05-28,2026-05-28T16:40:12Z,26.306333333333335,26.306333333333335,18.828666666666667,2.06,22.166666666666668,0.22666666666666668,0.18666666666666668,0.14,NA,7.27,157.7,259.5,0.12,169,2.542324442025041,38.20639,-92.62479,201.1,991.1999999999999
149,2026-05-28,2026-05-28T16:40:15Z,26.358666666666668,26.358666666666668,18.823333333333334,2.05,22.033333333333335,0.29,0.36,0.07333333333333333,NA,7.27,157.76666666666668,259.56666666666666,0.12,169,2.547427871529668,38.20639,-92.62479,201.06666666666666,991.1999999999999
149,2026-05-28,2026-05-28T16:40:18Z,26.425666666666665,26.425666666666665,18.821,2.04,21.933333333333334,0.19,0.12333333333333334,-0.03333333333333333,NA,7.27,157.9,259.4,0.12,169,2.553824169842134,38.20639,-92.62479,201.29999999999998,991.1111111111111
149,2026-05-28,2026-05-28T16:40:21Z,26.506333333333334,26.506333333333334,18.817,2.033333333333333,21.833333333333332,0.25333333333333335,0.25,0.05333333333333333,NA,7.27,157.9,259.56666666666666,0.12,169,2.5616947922337143,38.20639,-92.62479,201.4,991.1999999999999
149,2026-05-28,2026-05-28T16:40:24Z,26.62,26.62,18.806333333333335,2.0166666666666666,21.666666666666668,0.19,0.10666666666666666,0.11333333333333333,NA,7.27,158.06666666666666,259.53333333333336,0.12,169,2.5726501542369804,38.20639,-92.62479,201.36666666666667,991.1999999999999
149,2026-05-28,2026-05-28T16:40:27Z,26.686,26.686,18.788333333333334,2,21.5,0.2366666666666667,0.25666666666666665,0.09333333333333334,NA,7.27,158.1,259.6666666666667,0.12,169,2.579069134458356,38.20639,-92.62479,201.3,991.1111111111111
149,2026-05-28,2026-05-28T16:40:30Z,26.754666666666665,26.754666666666665,18.769,1.97,21.133333333333333,0.19,0.09666666666666666,0.13,NA,7.27,158.1,259.8,0.12,169,2.585669569951007,38.20639,-92.62479,201.23333333333332,991.1555555555555
149,2026-05-28,2026-05-28T16:40:33Z,26.824666666666666,26.824666666666666,18.760666666666665,1.94,20.8,0.24000000000000002,0.29,0.15,NA,7.27,158.2,259.76666666666665,0.12,169,2.5924968245327524,38.20639,-92.62479,201.33333333333334,991.1999999999999
149,2026-05-28,2026-05-28T16:40:36Z,26.90533333333333,26.90533333333333,18.757,1.9166666666666665,20.566666666666666,0.22666666666666668,0.14333333333333334,0.05666666666666667,NA,7.27,158.26666666666668,259.9,0.12,169,2.600254037379786,38.20639,-92.62479,201.3,991.1999999999999
149,2026-05-28,2026-05-28T16:40:39Z,26.978333333333335,26.978333333333335,18.75433333333333,1.9,20.4,0.24333333333333332,0.24,0.12666666666666665,NA,7.27,158.33333333333334,259.9,0.12,169,2.6073307929595355,38.20639,-92.62479,201.23333333333332,991.1555555555555
149,2026-05-28,2026-05-28T16:40:42Z,27.066666666666666,27.066666666666666,18.746,1.89,20.266666666666666,0.18333333333333335,0.16333333333333333,0.07,NA,7.27,158.4,259.9,0.12,169,2.6158591907094904,38.20639,-92.62479,201.03333333333333,991.1999999999999
149,2026-05-28,2026-05-28T16:40:45Z,27.184666666666665,27.184666666666665,18.728666666666665,1.8766666666666667,20.133333333333333,0.24333333333333335,0.29333333333333333,0.06666666666666667,NA,7.27,158.43333333333334,260.2,0.12,169,2.627290872799855,38.20639,-92.62479,201,991.1999999999999
149,2026-05-28,2026-05-28T16:40:48Z,27.265,27.265,18.718333333333334,1.85,19.833333333333332,0.19666666666666666,0.16666666666666666,0.043333333333333335,NA,7.27,158.56666666666666,260.4666666666667,0.12,169,2.6350254037379788,38.20639,-92.62479,201.1,991.1999999999999
149,2026-05-28,2026-05-28T16:40:51Z,27.32133333333333,27.32133333333333,18.711666666666666,1.82,19.5,0.23333333333333334,0.22666666666666668,0.08,NA,7.27,158.6,260.8333333333333,0.12,170,2.640491743785157,38.20639,-92.62479,201.03333333333333,991.1111111111111
149,2026-05-28,2026-05-28T16:40:54Z,27.39,27.39,18.707333333333334,1.79,19.2,0.2,0.13666666666666666,0.12333333333333334,NA,7.27,158.63333333333333,260.8,0.12,169.33333333333334,2.6471148611867172,38.20639,-92.62479,200.7,991.1555555555555
149,2026-05-28,2026-05-28T16:40:57Z,27.485666666666667,27.485666666666667,18.705,1.77,18.966666666666665,0.23333333333333334,0.2833333333333333,0.07,NA,7.27,158.8,261.1,0.12,170,2.656391761930684,38.20639,-92.62479,200.8,991.1111111111111
149,2026-05-28,2026-05-28T16:41:00Z,27.584333333333333,27.584333333333333,18.701666666666668,1.7533333333333334,18.766666666666666,0.17333333333333334,0.09333333333333334,0.15,NA,7.27,158.8,261,0.12,170,2.665918163672655,38.20639,-92.62479,200.8,991.1555555555555
149,2026-05-28,2026-05-28T16:41:03Z,27.656,27.656,18.695333333333334,1.7366666666666666,18.6,0.25333333333333335,0.25333333333333335,0.1,NA,7.27,158.86666666666667,261.1,0.12,170,2.672858827798948,38.20639,-92.62479,200.73333333333332,991.1999999999999
149,2026-05-28,2026-05-28T16:41:06Z,27.740333333333332,27.740333333333332,18.68433333333333,1.7133333333333334,18.4,0.17333333333333334,0.17,0.07666666666666666,NA,7.27,158.93333333333334,261.1333333333333,0.12,170,2.6810016330974418,38.20639,-92.62478333333334,200.63333333333333,991.1999999999999
149,2026-05-28,2026-05-28T16:41:09Z,27.817,27.817,18.681666666666665,1.69,18.1,0.2733333333333333,0.27,0.15,NA,7.27,159.06666666666666,261.1666666666667,0.12,170,2.6884412992197424,38.20639,-92.62478,200.53333333333333,991.1999999999999
149,2026-05-28,2026-05-28T16:41:12Z,27.925,27.925,18.670333333333332,1.6666666666666665,17.866666666666667,0.21,0.15,-0.016666666666666666,NA,7.27,159.16666666666666,261.1,0.12,170,2.698874977318091,38.20639,-92.62478,200.5,991.1999999999999
149,2026-05-28,2026-05-28T16:41:15Z,28.023666666666667,28.023666666666667,18.664666666666665,1.6466666666666665,17.666666666666668,0.20666666666666667,0.21333333333333335,0.05666666666666667,NA,7.27,159.3,260.9,0.12,170,2.708424060968971,38.20639,-92.62478,200.23333333333332,991.1999999999999
149,2026-05-28,2026-05-28T16:41:18Z,28.138,28.138,18.657333333333334,1.6333333333333333,17.466666666666665,0.20333333333333334,0.25,0.17,NA,7.26,159.3,260.9,0.12,170,2.719447468698966,38.20639,-92.62478,200.16666666666666,991.1555555555555
149,2026-05-28,2026-05-28T16:41:21Z,28.179333333333332,28.179333333333332,18.654,1.62,17.333333333333332,0.15000000000000002,0.17666666666666667,0.060000000000000005,NA,7.26,159.4,260.76666666666665,0.12,169.33333333333334,2.7234394846670296,38.20639,-92.62478,200.3,991.1999999999999
149,2026-05-28,2026-05-28T16:41:24Z,28.273333333333333,28.273333333333333,18.648333333333333,1.6066666666666667,17.233333333333334,0.21666666666666667,0.26666666666666666,0.08666666666666667,NA,7.26,159.46666666666667,260.7,0.12,169,2.73255761204863,38.20639,-92.62478,200.43333333333334,991.1555555555555
149,2026-05-28,2026-05-28T16:41:27Z,28.326999999999998,28.326999999999998,18.641666666666666,1.5933333333333335,17.066666666666666,0.17333333333333334,0.10333333333333333,0.05,NA,7.26,159.53333333333333,260.6,0.12,169,2.7377290872799853,38.20639,-92.62478,200.3,991.1555555555555
149,2026-05-28,2026-05-28T16:41:30Z,28.419333333333334,28.419333333333334,18.618333333333332,1.5766666666666667,16.9,0.23,0.2833333333333333,0.06333333333333334,NA,7.26,159.6,260.56666666666666,0.12,169,2.7466884412992196,38.20639,-92.62478,199.96666666666667,991.1111111111111
149,2026-05-28,2026-05-28T16:41:33Z,28.470666666666666,28.470666666666666,18.594,1.55,16.566666666666666,0.19333333333333333,0.11,0.16333333333333333,NA,7.26,159.66666666666666,260.6666666666667,0.12,169,2.75165577935039,38.20639,-92.62477,199.73333333333332,991.1111111111111
149,2026-05-28,2026-05-28T16:41:36Z,28.567,28.567,18.571666666666665,1.5133333333333334,16.2,0.22666666666666668,0.2566666666666667,0.13666666666666666,NA,7.26,159.7,260.6333333333333,0.12,169,2.760978043912176,38.20639,-92.62477,199.6,991.1999999999999
149,2026-05-28,2026-05-28T16:41:39Z,28.632666666666665,28.632666666666665,18.559333333333335,1.48,15.8,0.17666666666666667,0.14,0.05333333333333333,NA,7.26,159.8,260.8333333333333,0.12,169.66666666666666,2.767328978406823,38.20639,-92.62477,199.53333333333333,991.1999999999999
149,2026-05-28,2026-05-28T16:41:42Z,28.708000000000002,28.708000000000002,18.545666666666666,1.44,15.433333333333334,0.21666666666666667,0.22666666666666668,0.12333333333333334,NA,7.256666666666667,159.86666666666667,260.96666666666664,0.12,170,2.7745645073489382,38.20639,-92.62477,199.5,991.1999999999999
149,2026-05-28,2026-05-28T16:41:48Z,28.761,28.761,18.423,1.3133333333333335,13.966666666666667,0.20666666666666667,0.17,0.01333333333333333,NA,7.25,160.03333333333333,261.6,0.12,170,2.7797586644892034,38.20639,-92.62477,199.8,991.1555555555555
149,2026-05-28,2026-05-28T16:41:51Z,28.814666666666668,28.814666666666668,18.330333333333336,1.2,12.766666666666667,0.22666666666666666,0.27,0.17666666666666667,NA,7.25,160.1,261.73333333333335,0.12,170,2.784998185447287,38.20639,-92.62477,199.93333333333334,991.1555555555555
149,2026-05-28,2026-05-28T16:41:54Z,28.906,28.906,18.290333333333333,1.0866666666666667,11.533333333333333,0.16333333333333333,0.13666666666666666,0.06999999999999999,NA,7.243333333333333,160.16666666666666,261.6333333333333,0.12,170,2.793889493739793,38.20639666666667,-92.62477,199.93333333333334,991.1111111111111
149,2026-05-28,2026-05-28T16:41:57Z,28.989,28.989,18.267333333333333,1.0033333333333334,10.666666666666666,0.24000000000000002,0.3,0.16666666666666666,NA,7.24,160.3,261.3666666666667,0.12,170,2.8019415714026494,38.2064,-92.62477,200.13333333333333,991.1999999999999
149,2026-05-28,2026-05-28T16:42:00Z,29.032666666666668,29.032666666666668,18.243666666666666,0.94,9.966666666666667,0.17333333333333334,0.15333333333333332,-0.03333333333333333,NA,7.24,160.33333333333334,261.06666666666666,0.12,170,2.8061150426419887,38.2064,-92.62477,200,991.1999999999999
149,2026-05-28,2026-05-28T16:42:03Z,29.09433333333333,29.09433333333333,18.225,0.8833333333333333,9.366666666666667,0.17666666666666667,0.18666666666666668,0.03,NA,7.24,160.4,261.03333333333336,0.12,170,2.8121484304119035,38.20639,-92.62477,200.03333333333333,991.1999999999999
149,2026-05-28,2026-05-28T16:42:06Z,29.147666666666666,29.147666666666666,18.222666666666665,0.8333333333333333,8.866666666666667,0.19666666666666668,0.16333333333333333,0.11,NA,7.24,160.53333333333333,260.8666666666667,0.12,170,2.81727454182544,38.20639,-92.62477,200.16666666666666,991.1999999999999
149,2026-05-28,2026-05-28T16:42:09Z,29.186666666666667,29.186666666666667,18.216,0.8,8.5,0.16,0.14333333333333334,0.19,NA,7.24,160.6,260.8,0.12,169.66666666666666,2.821062420613319,38.20639,-92.62477,200.23333333333332,991.1999999999999
149,2026-05-28,2026-05-28T16:42:12Z,29.226666666666667,29.226666666666667,18.213,0.77,8.2,0.21000000000000002,0.21333333333333335,0.056666666666666664,NA,7.24,160.7,260.7,0.12,169.33333333333334,2.824918345127926,38.20639,-92.62477,200.66666666666666,991.1111111111111
149,2026-05-28,2026-05-28T16:42:15Z,29.278666666666666,29.278666666666666,18.208666666666666,0.7433333333333333,7.9,0.18666666666666668,0.12333333333333334,0.08666666666666667,NA,7.24,160.8,260.7,0.12,169,2.8299537289058248,38.20639666666667,-92.62477,200.73333333333332,991.1999999999999
149,2026-05-28,2026-05-28T16:42:18Z,29.348,29.348,18.203,0.7233333333333333,7.7,0.22,0.26666666666666666,0.13666666666666666,NA,7.24,160.96666666666667,260.53333333333336,0.12,169,2.836667573943023,38.20639666666667,-92.62477,200.76666666666665,991.1111111111111
149,2026-05-28,2026-05-28T16:42:21Z,29.389,29.389,18.195,0.7066666666666667,7.466666666666667,0.19333333333333333,0.18333333333333335,0.14,NA,7.24,161.03333333333333,260.6666666666667,0.12,169,2.840614226093268,38.20639,-92.62477,200.76666666666668,991.1555555555555
149,2026-05-28,2026-05-28T16:42:24Z,29.472666666666665,29.472666666666665,18.17866666666667,0.69,7.3,0.20666666666666667,0.15333333333333335,0.11333333333333333,NA,7.24,161.13333333333333,260.7,0.12,169,2.8487343494828528,38.20639,-92.62477,201.1,991.1555555555555
149,2026-05-28,2026-05-28T16:42:27Z,29.549,29.549,18.154,0.67,7.1,0.2,0.22666666666666666,0.060000000000000005,NA,7.233333333333333,161.2,260.8666666666667,0.12,170,2.8560832879695153,38.20639,-92.62476666666666,201.23333333333332,991.1999999999999
149,2026-05-28,2026-05-28T16:42:30Z,29.618666666666666,29.618666666666666,18.135,0.64,6.8,0.17333333333333334,0.19666666666666666,0.15,NA,7.23,161.3,261,0.12,170,2.8628198149156234,38.20639,-92.62476,201.86666666666667,991.1999999999999
149,2026-05-28,2026-05-28T16:42:33Z,29.686666666666667,29.686666666666667,18.101333333333333,0.61,6.433333333333334,0.21666666666666667,0.3333333333333333,0.02666666666666667,NA,7.23,161.4,261.26666666666665,0.12,170,2.8694202504082744,38.20639,-92.62476,202.03333333333333,991.1999999999999
149,2026-05-28,2026-05-28T16:42:36Z,29.743000000000002,29.743000000000002,18.079666666666668,0.5733333333333334,6.066666666666666,0.16999999999999998,0.16333333333333333,0.030000000000000002,NA,7.23,161.53333333333333,261.4,0.12,170,2.8748865904554526,38.20639,-92.62476,202.13333333333333,991.1999999999999
149,2026-05-28,2026-05-28T16:42:39Z,29.824,29.824,18.049333333333333,0.54,5.7,0.22333333333333336,0.24666666666666667,0.05333333333333333,NA,7.23,161.6,261.76666666666665,0.12,170,2.882734530938124,38.20639,-92.62476,202.26666666666668,991.1555555555555
149,2026-05-28,2026-05-28T16:42:42Z,29.907333333333334,29.907333333333334,18.024333333333335,0.5066666666666667,5.366666666666667,0.20333333333333334,0.18333333333333335,0.16,NA,7.23,161.76666666666668,261.93333333333334,0.12,170,2.8908319724187987,38.20639,-92.62476,202.2,991.1999999999999
149,2026-05-28,2026-05-28T16:42:45Z,30.017,30.017,17.981333333333335,0.47,4.966666666666667,0.24,0.20666666666666667,0.07,NA,7.23,161.93333333333334,262.3,0.12333333333333334,170.66666666666666,2.9014471057884235,38.20639,-92.62476,202.03333333333333,991.1555555555555
149,2026-05-28,2026-05-28T16:42:48Z,30.123,30.123,17.958333333333332,0.42,4.466666666666667,0.16666666666666666,0.14333333333333334,0.04,NA,7.23,162,262.6,0.13,171,2.911676646706587,38.20639,-92.62476,202.43333333333334,991.0666666666666
149,2026-05-28,2026-05-28T16:42:51Z,30.253333333333334,30.253333333333334,17.944666666666667,0.37333333333333335,3.9666666666666663,0.18666666666666668,0.16333333333333333,0.15666666666666668,NA,7.23,162.1,262.76666666666665,0.13,171,2.924287788060243,38.20639,-92.62476,202.66666666666666,991.1999999999999
149,2026-05-28,2026-05-28T16:42:54Z,30.35066666666667,30.35066666666667,17.934333333333335,0.34,3.6,0.23,0.22,0.0033333333333333335,NA,7.23,162.26666666666668,263,0.13,171,2.9337007802576665,38.20639,-92.62476,202.2,991.1999999999999
149,2026-05-28,2026-05-28T16:42:57Z,30.496333333333332,30.496333333333332,17.93,0.31,3.2666666666666666,0.14,0.08,0.12333333333333334,NA,7.23,162.36666666666667,262.93333333333334,0.13,171,2.947808927599347,38.20639,-92.62476,201.8,991.1999999999999
149,2026-05-28,2026-05-28T16:43:00Z,30.589333333333332,30.589333333333332,17.927,0.29,3.066666666666667,0.22333333333333333,0.2966666666666667,0.11333333333333334,NA,7.23,162.5,262.96666666666664,0.13,171,2.9567909635274905,38.20639,-92.62476,201.73333333333332,991.1999999999999
149,2026-05-28,2026-05-28T16:43:03Z,30.627666666666666,30.627666666666666,17.925666666666665,0.27,2.833333333333333,0.18,0.16333333333333333,0.14333333333333334,NA,7.23,162.63333333333333,262.96666666666664,0.13,171,2.960510796588641,38.20639,-92.62476,201.4,991.1999999999999
149,2026-05-28,2026-05-28T16:43:06Z,30.697666666666667,30.697666666666667,17.930666666666667,0.25666666666666665,2.7,0.11,0.12666666666666665,0.016666666666666666,NA,7.23,162.73333333333332,263,0.13,171,2.9672700054436585,38.20639,-92.62476,200.8,991.1555555555555
149,2026-05-28,2026-05-28T16:43:09Z,30.776333333333334,30.776333333333334,17.90566666666667,0.25,2.6,0.21666666666666667,0.2733333333333333,0.08666666666666667,NA,7.226666666666667,162.8,263.1,0.13,171,2.974913808746144,38.20639333333333,-92.62476,199.73333333333332,991.1111111111111
149,2026-05-28,2026-05-28T16:43:12Z,30.887666666666668,30.887666666666668,17.895333333333333,0.24333333333333332,2.566666666666667,0.19333333333333333,0.27666666666666667,0.013333333333333336,NA,7.22,162.93333333333334,263.2,0.13,171,2.985642351660316,38.2064,-92.62476,199.13333333333333,991.1999999999999
149,2026-05-28,2026-05-28T16:43:15Z,30.959,30.959,17.904666666666667,0.23,2.433333333333333,0.11,0.12333333333333334,-0.006666666666666667,NA,7.22,163,263.1666666666667,0.13,171,2.9925603338776994,38.2064,-92.62476,198.96666666666667,991.2444444444444
149,2026-05-28,2026-05-28T16:43:18Z,31.042,31.042,17.901333333333334,0.21666666666666667,2.2666666666666666,0.19,0.21666666666666667,-0.06,NA,7.22,163.13333333333333,263.1666666666667,0.13,171,3.000567047722736,38.2064,-92.62476,198.5,991.1999999999999
149,2026-05-28,2026-05-28T16:43:21Z,31.160333333333334,31.160333333333334,17.894666666666666,0.20333333333333334,2.166666666666667,0.24666666666666667,0.29,0.14666666666666667,NA,7.226666666666667,163.26666666666668,263.3666666666667,0.13,171,3.0119987298131012,38.2064,-92.62476,198.16666666666666,991.1999999999999
149,2026-05-28,2026-05-28T16:43:24Z,31.250333333333334,31.250333333333334,17.889,0.19,2.033333333333333,0.16,0.11,0.0033333333333333335,NA,7.22,163.33333333333334,263.3666666666667,0.13,171,3.0207085828343314,38.2064,-92.62476,197.93333333333334,991.1555555555555
149,2026-05-28,2026-05-28T16:43:27Z,31.356333333333332,31.356333333333332,17.883333333333333,0.18333333333333332,1.9333333333333333,0.24000000000000002,0.20666666666666667,0.016666666666666666,NA,7.22,163.46666666666667,263.3666666666667,0.13,171,3.030983487570314,38.2064,-92.62476,198.03333333333333,991.1999999999999
149,2026-05-28,2026-05-28T16:43:30Z,31.432666666666666,31.432666666666666,17.877666666666666,0.17333333333333334,1.8333333333333333,0.18,0.21666666666666665,0.006666666666666665,NA,7.22,163.56666666666666,263.5,0.13,171,3.0383551079658866,38.20639333333333,-92.62476,198.1,991.1555555555555
149,2026-05-28,2026-05-28T16:43:33Z,31.517333333333333,31.517333333333333,17.875333333333334,0.16666666666666669,1.7333333333333334,0.20666666666666667,0.21,0.07333333333333333,NA,7.22,163.66666666666666,263.5,0.13,171,3.04652059517329,38.20639,-92.62476,198.23333333333332,991.1999999999999
149,2026-05-28,2026-05-28T16:43:36Z,31.60366666666667,31.60366666666667,17.875,0.16,1.7,0.14666666666666667,0.14,0.06,NA,7.22,163.83333333333334,263.6,0.13,171,3.0548902195608783,38.20639,-92.62476,198.43333333333334,991.1111111111111
149,2026-05-28,2026-05-28T16:43:39Z,31.722666666666665,31.722666666666665,17.874333333333333,0.15333333333333332,1.6,0.20666666666666667,0.23333333333333334,-0.04666666666666667,NA,7.22,163.93333333333334,263.56666666666666,0.13,171,3.066367265469062,38.20639,-92.62476,198.83333333333334,991.1111111111111
149,2026-05-28,2026-05-28T16:43:42Z,31.860666666666667,31.860666666666667,17.873,0.14666666666666667,1.5333333333333334,0.18,0.09666666666666666,0.049999999999999996,NA,7.22,164.06666666666666,263.6333333333333,0.13,171,3.0797495917256397,38.20639,-92.62475333333333,199.1,991.1999999999999
149,2026-05-28,2026-05-28T16:43:45Z,31.973000000000003,31.973000000000003,17.871666666666666,0.14,1.5,0.26333333333333336,0.31,0.07,NA,7.22,164.2,263.6333333333333,0.13,171,3.090568862275449,38.20639,-92.62475,199.06666666666666,991.1999999999999
149,2026-05-28,2026-05-28T16:43:48Z,32.07833333333333,32.07833333333333,17.872666666666667,0.14,1.4333333333333333,0.17666666666666667,0.17,0.5133333333333333,NA,7.22,164.26666666666668,263.56666666666666,0.13,171,3.100798403193613,38.20639,-92.62475,198.6,991.1999999999999
149,2026-05-28,2026-05-28T16:43:51Z,32.12266666666667,32.12266666666667,17.872,0.1366666666666667,1.4,0.9400000000000001,1.22,5.696666666666666,NA,7.22,164.23333333333332,263.6333333333333,0.13,171,3.1050626020685903,38.20639,-92.62475,197.76666666666668,991.1999999999999
149,2026-05-28,2026-05-28T16:43:54Z,32.175333333333334,32.175333333333334,17.870333333333335,0.13,1.4,1.28,1.75,10.313333333333333,NA,7.22,163.9,263.96666666666664,0.13,171.66666666666666,3.1101206677553983,38.20639,-92.62475,197.53333333333333,991.1999999999999
149,2026-05-28,2026-05-28T16:43:57Z,32.238,32.238,17.869666666666667,0.13,1.4,1.21,1.6266666666666667,7.676666666666667,NA,7.206666666666667,163.66666666666666,265.06666666666666,0.13,172,3.116199419343132,38.20639,-92.62475666666667,197.46666666666667,991.1999999999999
