MULakeNumber,date,dateTime,depth_m,verticalPosition_m,temp_degC,doConcentration_mgpL,doSaturation_percent,chlorophyll_RFU,phycocyaninBGA_RFU,phycoerythrinTAL_RFU,turbidity_FNU,pH,orp_mV,specificConductivity_uSpcm,salinity_psu,tds_mgpL,waterPressure_barA,latitude,longitude,altitude_m,barometerAirHandheld_mbars
149,2026-07-01,2026-07-01T14:33:30Z,0.04733333333333333,0.04733333333333333,30.006333333333334,11.506666666666666,152.3,1.92,0.75,8.143333333333333,NA,8.76,146.16666666666666,245.13333333333333,0.11,159,0.004581745599709672,38.20744,-92.62524,259.76666666666665,991.7333333333333
149,2026-07-01,2026-07-01T14:33:33Z,0.08,0.08,29.996333333333332,11.656666666666666,154.36666666666667,1.8800000000000001,0.72,8.63,NA,8.76,146.4,245.16666666666666,0.11,159,0.007689167120304845,38.20744333333333,-92.62525,259.56666666666666,991.6888888888889
149,2026-07-01,2026-07-01T14:33:36Z,0.13333333333333333,0.13333333333333333,29.988,11.773333333333333,155.8,1.9166666666666665,0.78,8.973333333333333,NA,8.766666666666666,146.23333333333335,245,0.11,159,0.012860642351660316,38.20747333333333,-92.62524333333333,259.4666666666667,991.6444444444444
149,2026-07-01,2026-07-01T14:33:39Z,0.217,0.217,29.992,11.86,157,2,0.7633333333333333,8.583333333333334,NA,8.76,147.06666666666666,244.86666666666667,0.11,159,0.020912720014516422,38.20749333333333,-92.62524,259.8,991.6888888888889
149,2026-07-01,2026-07-01T14:33:42Z,0.284,0.284,29.983,11.93,157.86666666666667,2.1433333333333335,0.83,9.816666666666666,NA,8.766666666666666,147.1,244.73333333333332,0.11,159,0.02737706405371076,38.20749,-92.62524,260.03333333333336,991.6444444444444
149,2026-07-01,2026-07-01T14:33:45Z,0.35033333333333333,0.35033333333333333,29.977,11.983333333333334,158.56666666666666,2.01,0.81,9.963333333333333,NA,8.77,147.33333333333331,244.6,0.11,159,0.033750680457267285,38.20749,-92.62524,259.9666666666667,991.6888888888889
149,2026-07-01,2026-07-01T14:33:48Z,0.42966666666666664,0.42966666666666664,29.979333333333333,12.026666666666666,159.13333333333333,2.106666666666667,0.8566666666666667,9.676666666666668,NA,8.76,148.2,244.5,0.11,159,0.04139448375975322,38.206986666666666,-92.62543,189.03333333333333,991.6888888888889
149,2026-07-01,2026-07-01T14:33:51Z,0.4656666666666667,0.4656666666666667,29.965666666666667,12.07,159.73333333333332,2.1133333333333333,0.8333333333333333,10.423333333333334,NA,8.76,148.66666666666666,244.4,0.11,159,0.0448421339139902,38.20697,-92.62543,190.2,991.6
149,2026-07-01,2026-07-01T14:33:54Z,0.49266666666666664,0.49266666666666664,29.960666666666665,12.116666666666667,160.3,2.28,0.91,10.976666666666667,NA,8.76,149.26666666666668,244.2,0.11,159,0.04751859916530576,38.20698,-92.62543,190.36666666666667,991.6888888888889
149,2026-07-01,2026-07-01T14:33:57Z,0.5166666666666667,0.5166666666666667,29.948,12.15,160.7,2.5033333333333334,0.9433333333333334,10.86,NA,8.756666666666666,149.9,244.1,0.11,159,0.04976410814734168,38.206986666666666,-92.62543333333333,190.96666666666667,991.6
149,2026-07-01,2026-07-01T14:34:00Z,0.5373333333333333,0.5373333333333333,29.928,12.186666666666666,161.13333333333333,2.5533333333333332,0.9666666666666667,11.636666666666667,NA,8.76,150.36666666666667,244,0.11,159,0.051737434222464164,38.207,-92.62544,191.66666666666666,991.6
149,2026-07-01,2026-07-01T14:34:03Z,0.5756666666666667,0.5756666666666667,29.926666666666666,12.226666666666667,161.66666666666666,2.6833333333333336,1.0433333333333334,13.343333333333334,NA,8.76,150.5,243.9,0.11,159,0.055479949192524046,38.20701,-92.62544666666666,191.36666666666667,991.6444444444444
149,2026-07-01,2026-07-01T14:34:06Z,0.613,0.613,29.904333333333334,12.256666666666666,162,2.81,1.0433333333333334,12.813333333333333,NA,8.766666666666666,150.83333333333334,243.86666666666667,0.11,158.66666666666666,0.05904100889130829,38.20701,-92.62545,191.46666666666667,991.6888888888889
149,2026-07-01,2026-07-01T14:34:09Z,0.6566666666666667,0.6566666666666667,29.903666666666666,12.3,162.53333333333333,2.8333333333333335,1.0733333333333333,13.48,NA,8.76,151.36666666666667,243.7,0.11,158,0.06328252585737615,38.20701,-92.62545333333334,191.86666666666667,991.7333333333332
149,2026-07-01,2026-07-01T14:34:12Z,0.691,0.691,29.916,12.34,163.06666666666666,2.81,1.1866666666666665,13.42,NA,8.77,151.63333333333333,243.63333333333333,0.11,158,0.06663944837597532,38.20701,-92.62546,192.26666666666665,991.7333333333332
149,2026-07-01,2026-07-01T14:34:15Z,0.7136666666666667,0.7136666666666667,29.895333333333333,12.36,163.3,2.9,1.1033333333333333,13.203333333333333,NA,8.77,151.9,243.63333333333333,0.11,158,0.06879422972237344,38.20701,-92.62546333333334,193.26666666666668,991.6888888888889
149,2026-07-01,2026-07-01T14:34:18Z,0.7623333333333333,0.7623333333333333,29.883666666666667,12.37,163.46666666666667,2.933333333333333,1.1666666666666665,14.413333333333334,NA,8.77,152.36666666666667,243.56666666666666,0.11,158,0.07344402104881148,38.20701,-92.625470000000007,193.76666666666668,991.6888888888889
149,2026-07-01,2026-07-01T14:34:21Z,0.817,0.817,29.890666666666664,12.39,163.7,2.94,1.14,13.993333333333334,NA,8.763333333333334,153.06666666666666,243.5,0.11,158,0.07870622391580476,38.20701,-92.625470000000007,193.96666666666667,991.7333333333332
149,2026-07-01,2026-07-01T14:34:24Z,0.8376666666666667,0.8376666666666667,29.858,12.4,163.76666666666665,3.0466666666666664,1.2166666666666666,14.02,NA,8.77,153.46666666666667,243.4,0.11,158,0.08072491380874615,38.20701,-92.625470000000007,193.76666666666668,991.6444444444444
149,2026-07-01,2026-07-01T14:34:27Z,0.9056666666666667,0.9056666666666667,29.852666666666668,12.433333333333334,164.13333333333333,3.0833333333333335,1.2333333333333334,14.863333333333333,NA,8.763333333333334,153.96666666666667,243.23333333333332,0.11,158,0.08727998548357829,38.20701,-92.625470000000007,193.86666666666667,991.7333333333332
149,2026-07-01,2026-07-01T14:34:30Z,0.975,0.975,29.851666666666667,12.443333333333333,164.33333333333334,3.033333333333333,1.1966666666666665,14.136666666666667,NA,8.763333333333334,154.63333333333333,243.23333333333332,0.11,158,0.09394846670295773,38.20701,-92.625470000000007,193.83333333333334,991.7333333333332
149,2026-07-01,2026-07-01T14:34:33Z,1.0543333333333333,1.0543333333333333,29.829666666666668,12.46,164.4,3.18,1.2433333333333334,15.516666666666667,NA,8.76,154.96666666666667,243.2,0.11,158,0.10161495191435312,38.20701,-92.625470000000007,193.76666666666668,991.7333333333332
149,2026-07-01,2026-07-01T14:34:36Z,1.1199999999999999,1.1199999999999999,29.814666666666668,12.47,164.5,3.2033333333333336,1.3266666666666667,16.016666666666666,NA,8.763333333333334,155.3,243.16666666666666,0.11,158,0.10792052259118128,38.20701,-92.625470000000007,193.63333333333333,991.6888888888889
149,2026-07-01,2026-07-01T14:34:39Z,1.2023333333333335,1.2023333333333335,29.797666666666665,12.486666666666666,164.73333333333332,3.29,1.33,15.41,NA,8.763333333333334,155.73333333333335,243.1,0.11,158,0.11588187261839956,38.20701,-92.625470000000007,193.9,991.8222222222222
149,2026-07-01,2026-07-01T14:34:42Z,1.2746666666666666,1.2746666666666666,29.801,12.493333333333334,164.8,3.2333333333333334,1.4033333333333333,16.29,NA,8.76,156.5,243.03333333333333,0.11,158,0.12284521865360189,38.20701,-92.625470000000007,193.83333333333334,991.7777777777777
149,2026-07-01,2026-07-01T14:34:45Z,1.342,1.342,29.799,12.5,164.9,3.2566666666666664,1.34,15.763333333333334,NA,8.75,157.46666666666667,243.03333333333333,0.11,158,0.12935492651061514,38.20701,-92.625470000000007,193.86666666666667,991.7333333333332
149,2026-07-01,2026-07-01T14:34:48Z,1.4183333333333332,1.4183333333333332,29.790333333333333,12.51,165,3.2666666666666666,1.2766666666666666,15.736666666666666,NA,8.753333333333334,157.7,243,0.11,158,0.1366811830883687,38.20701,-92.625470000000007,193.93333333333334,991.7333333333332
149,2026-07-01,2026-07-01T14:34:51Z,1.4966666666666666,1.4966666666666666,29.776666666666667,12.516666666666666,165,3.3466666666666667,1.4166666666666667,17.113333333333333,NA,8.76,157.56666666666666,242.93333333333334,0.11,158,0.1442115768463074,38.20701,-92.625470000000007,193.9,991.8666666666667
149,2026-07-01,2026-07-01T14:34:54Z,1.5916666666666666,1.5916666666666666,29.764333333333333,12.52,165.1,3.3266666666666667,1.3466666666666667,15.91,NA,8.766666666666666,157.6,242.9,0.11,158,0.15339774995463618,38.20701,-92.625470000000007,193.83333333333334,991.6444444444444
149,2026-07-01,2026-07-01T14:34:57Z,1.6783333333333332,1.6783333333333332,29.752,12.526666666666666,165.13333333333333,3.36,1.4233333333333333,15.863333333333333,NA,8.763333333333334,158.03333333333333,242.9,0.11,158,0.16176737434222463,38.20702,-92.625470000000007,193.86666666666667,991.7333333333332
149,2026-07-01,2026-07-01T14:35:00Z,1.7656666666666667,1.7656666666666667,29.745666666666665,12.526666666666666,165.13333333333333,3.3733333333333335,1.41,17.093333333333334,NA,8.76,158.63333333333333,242.86666666666667,0.11,158,0.17015968063872255,38.20702,-92.625470000000007,194,991.7777777777778
149,2026-07-01,2026-07-01T14:35:03Z,1.8696666666666666,1.8696666666666666,29.730333333333334,12.536666666666665,165.16666666666666,3.4333333333333336,1.3866666666666667,16.286666666666665,NA,8.756666666666666,159.16666666666666,242.83333333333334,0.11,158,0.1801624024677917,38.20702,-92.625470000000007,194.13333333333333,991.7777777777777
149,2026-07-01,2026-07-01T14:35:06Z,1.9709999999999999,1.9709999999999999,29.722,12.54,165.2,3.3666666666666667,1.44,17.186666666666667,NA,8.753333333333334,159.6,242.83333333333334,0.11,158,0.18996098711667575,38.20702,-92.625470000000007,194.33333333333334,991.6444444444444
149,2026-07-01,2026-07-01T14:35:09Z,2.013333333333333,2.013333333333333,29.715,12.54,165.2,3.3933333333333335,1.41,15.993333333333332,NA,8.756666666666666,159.83333333333334,242.83333333333334,0.11,158,0.19402104881146798,38.20702,-92.625470000000007,194.3,991.7777777777777
149,2026-07-01,2026-07-01T14:35:12Z,2.0846666666666667,2.0846666666666667,29.708333333333332,12.54,165.16666666666666,3.3433333333333333,1.3666666666666667,15.873333333333333,NA,8.76,160.06666666666666,242.83333333333334,0.11,158,0.20091634911994194,38.20702,-92.625470000000007,194.23333333333332,991.7333333333332
149,2026-07-01,2026-07-01T14:35:15Z,2.141,2.141,29.708333333333332,12.536666666666665,165.1,3.4433333333333334,1.42,17.486666666666668,NA,8.76,160.03333333333333,242.83333333333334,0.11,158,0.20636000725821085,38.20702,-92.625470000000007,194.1,991.6888888888889
149,2026-07-01,2026-07-01T14:35:18Z,2.224,2.224,29.704,12.54,165.1,3.3466666666666667,1.3533333333333333,16.333333333333332,NA,8.766666666666666,160.13333333333333,242.86666666666667,0.11,158,0.21432135728542914,38.20702,-92.625470000000007,194.16666666666666,991.6888888888889
149,2026-07-01,2026-07-01T14:35:21Z,2.295,2.295,29.699333333333335,12.523333333333333,164.93333333333334,3.2966666666666664,1.3933333333333333,15.913333333333332,NA,8.763333333333334,160.46666666666667,242.83333333333334,0.11,158,0.22119397568499366,38.20703,-92.625470000000007,194.36666666666667,991.6444444444444
149,2026-07-01,2026-07-01T14:35:24Z,2.3796666666666666,2.3796666666666666,29.698666666666668,12.513333333333334,164.8,3.2766666666666664,1.3666666666666667,16.060000000000002,NA,8.766666666666666,160.66666666666666,242.8,0.11,158,0.22935946289239703,38.20703,-92.625470000000007,194.7,991.7333333333333
149,2026-07-01,2026-07-01T14:35:27Z,2.469333333333333,2.469333333333333,29.699,12.5,164.6,3.27,1.3966666666666665,15.113333333333333,NA,8.76,161.53333333333333,242.7,0.11,158,0.23797858827798948,38.20703,-92.625470000000007,194.7,991.7333333333333
149,2026-07-01,2026-07-01T14:35:30Z,2.5540000000000003,2.5540000000000003,29.699333333333335,12.5,164.6,3.2533333333333334,1.3466666666666667,16.11,NA,8.743333333333334,162.66666666666669,242.8,0.11,158,0.2461213935764834,38.20703,-92.625470000000007,194.6,991.7777777777777
149,2026-07-01,2026-07-01T14:35:33Z,2.6326666666666667,2.6326666666666667,29.701,12.503333333333334,164.66666666666666,3.2333333333333334,1.34,15.063333333333333,NA,8.74,163.23333333333335,242.8,0.11,158,0.2537425149700599,38.20704,-92.625470000000007,194.7,991.6888888888889
149,2026-07-01,2026-07-01T14:35:36Z,2.720333333333333,2.720333333333333,29.702666666666666,12.493333333333334,164.53333333333333,3.2433333333333336,1.2966666666666666,15.086666666666668,NA,8.75,163,242.83333333333334,0.11,158,0.2621801850843767,38.20704,-92.625470000000007,194.83333333333334,991.7333333333332
149,2026-07-01,2026-07-01T14:35:39Z,2.775,2.775,29.701,12.483333333333334,164.4,3.236666666666667,1.32,16.41,NA,8.75,163.16666666666666,242.96666666666667,0.11,158,0.26744238795137,38.20704,-92.62547333333333,194.76666666666668,991.6444444444444
149,2026-07-01,2026-07-01T14:35:42Z,2.8303333333333334,2.8303333333333334,29.701,12.466666666666667,164.16666666666666,3.2333333333333334,1.3166666666666667,15.73,NA,8.76,163,243,0.11,158,0.2727499546361822,38.20704,-92.62548,194.56666666666666,991.7777777777777
149,2026-07-01,2026-07-01T14:35:45Z,2.9066666666666667,2.9066666666666667,29.701333333333334,12.463333333333335,164.13333333333333,3.263333333333333,1.31,14.806666666666667,NA,8.766666666666666,162.8,243,0.11,158,0.28012157503175467,38.20704,-92.62548,194.7,991.6444444444444
149,2026-07-01,2026-07-01T14:35:48Z,2.979,2.979,29.697,12.463333333333335,164.1,3.2666666666666666,1.3966666666666665,16.196666666666665,NA,8.766666666666666,163.16666666666666,243,0.11,158,0.287084921066957,38.20704,-92.62548,194.76666666666665,991.7333333333332
149,2026-07-01,2026-07-01T14:35:51Z,3.051,3.051,29.694,12.466666666666667,164.1,3.283333333333333,1.3766666666666667,15.336666666666666,NA,8.756666666666666,163.96666666666667,242.96666666666667,0.11,158,0.2940482671021593,38.20704,-92.62548,194.86666666666667,991.7777777777777
149,2026-07-01,2026-07-01T14:35:54Z,3.1216666666666666,3.1216666666666666,29.688,12.456666666666667,164,3.25,1.4,16.483333333333334,NA,8.75,164.43333333333334,243,0.11,158,0.3008528397749955,38.20704,-92.62548,194.93333333333334,991.7777777777777
149,2026-07-01,2026-07-01T14:35:57Z,3.2033333333333336,3.2033333333333336,29.668333333333333,12.46,164.03333333333333,3.376666666666667,1.3433333333333335,15.72,NA,8.75,164.8,243,0.11,158,0.3087461440754854,38.20704,-92.62548666666666,194.9,991.7777777777777
149,2026-07-01,2026-07-01T14:36:00Z,3.2676666666666665,3.2676666666666665,29.636,12.466666666666667,164.03333333333333,3.39,1.41,16.7,NA,8.746666666666666,165.4,242.93333333333334,0.11,158,0.3149383052077663,38.20704,-92.62549,194.9,991.7777777777777
149,2026-07-01,2026-07-01T14:36:03Z,3.3486666666666665,3.3486666666666665,29.616333333333333,12.503333333333334,164.43333333333334,3.4566666666666666,1.4766666666666666,16.613333333333333,NA,8.746666666666666,165.9,242.93333333333334,0.11,158,0.32271819996370893,38.20704,-92.62549,194.93333333333334,991.7777777777777
149,2026-07-01,2026-07-01T14:36:06Z,3.4376666666666664,3.4376666666666664,29.582,12.523333333333333,164.6,3.4266666666666667,1.52,16.11,NA,8.74,166.63333333333333,242.8,0.11,158,0.33131464344039196,38.20704,-92.62549,194.8,991.8222222222222
149,2026-07-01,2026-07-01T14:36:09Z,3.52,3.52,29.521,12.54,164.63333333333333,3.32,1.4966666666666666,16.580000000000002,NA,8.723333333333334,167.66666666666666,242.83333333333334,0.11,158,0.3392759934676102,38.20704,-92.62549,194.96666666666667,991.8222222222222
149,2026-07-01,2026-07-01T14:36:12Z,3.595,3.595,29.453666666666667,12.516666666666666,164.1,3.063333333333333,1.3533333333333333,15.036666666666667,NA,8.723333333333334,167.56666666666666,243,0.11,158,0.34653420431863546,38.20704,-92.62549,194.96666666666667,991.7333333333332
149,2026-07-01,2026-07-01T14:36:15Z,3.671,3.671,29.407666666666668,12.446666666666667,163.1,2.96,1.2966666666666666,13.993333333333334,NA,8.71,168.13333333333333,243.16666666666666,0.11,158,0.3538377789874796,38.20704,-92.62549,195.1,991.7777777777778
149,2026-07-01,2026-07-01T14:36:18Z,3.743666666666667,3.743666666666667,29.354666666666667,12.336666666666666,161.46666666666667,2.8833333333333333,1.2066666666666666,14.353333333333333,NA,8.693333333333333,168.5,243.4,0.11,158,0.3608691707494103,38.20705,-92.62549,195.03333333333333,991.8222222222222
149,2026-07-01,2026-07-01T14:36:21Z,3.8423333333333334,3.8423333333333334,29.313,12.153333333333334,158.96666666666667,2.7033333333333336,1.1866666666666665,13.34,NA,8.666666666666666,169.6,243.6,0.11,158,0.370350208673562,38.20704,-92.62549,194.96666666666667,991.8222222222222
149,2026-07-01,2026-07-01T14:36:24Z,3.9246666666666665,3.9246666666666665,29.282333333333334,11.96,156.4,2.6533333333333333,1.0833333333333335,11.723333333333333,NA,8.653333333333334,170.16666666666666,243.8,0.11,158.33333333333334,0.3782888767918708,38.20704,-92.62549,195.26666666666668,991.8222222222222
149,2026-07-01,2026-07-01T14:36:27Z,4.019,4.019,29.272666666666666,11.803333333333333,154.3,2.54,1.0633333333333335,12.476666666666667,NA,8.653333333333334,169.83333333333334,243.86666666666667,0.11,158.66666666666666,0.38740700417347124,38.20704,-92.62549333333334,195.76666666666668,991.7777777777777
149,2026-07-01,2026-07-01T14:36:30Z,4.1146666666666665,4.1146666666666665,29.254666666666665,11.67,152.46666666666667,2.5033333333333334,0.99,11.813333333333333,NA,8.653333333333334,169.9,244.03333333333333,0.11,159,0.39661585919070946,38.20704,-92.62549,195.86666666666667,991.8222222222222
149,2026-07-01,2026-07-01T14:36:33Z,4.204666666666666,4.204666666666666,29.230333333333334,11.513333333333334,150.36666666666667,2.56,0.9533333333333334,11.6,NA,8.633333333333335,170.63333333333333,244.13333333333333,0.11,159,0.40530303030303033,38.20704,-92.6255,196.3,991.8222222222222
149,2026-07-01,2026-07-01T14:36:36Z,4.287333333333334,4.287333333333334,29.216,11.366666666666667,148.46666666666667,2.47,0.9466666666666667,11.953333333333333,NA,8.626666666666667,171.03333333333333,244.4,0.11,159,0.4132643803302486,38.20704,-92.6255,196.73333333333332,991.8222222222222
149,2026-07-01,2026-07-01T14:36:39Z,4.373333333333333,4.373333333333333,29.206333333333333,11.256666666666666,146.96666666666667,2.5233333333333334,0.9266666666666666,11.656666666666666,NA,8.62,171.33333333333334,244.4,0.11,159,0.42156595899110866,38.20704,-92.6255,196.93333333333334,991.8666666666667
149,2026-07-01,2026-07-01T14:36:42Z,4.469333333333333,4.469333333333333,29.19,11.163333333333334,145.73333333333332,2.4166666666666665,0.9733333333333334,12.303333333333333,NA,8.616666666666665,171.46666666666667,244.56666666666666,0.11,159,0.4307974959172564,38.20704,-92.6255,196.93333333333334,991.8222222222222
149,2026-07-01,2026-07-01T14:36:45Z,4.576,4.576,29.171333333333333,11.063333333333333,144.36666666666667,2.38,0.9066666666666667,11.276666666666666,NA,8.613333333333333,171.53333333333333,244.7,0.11,159,0.4410497187443295,38.20704,-92.6255,196.8,991.7333333333333
149,2026-07-01,2026-07-01T14:36:48Z,4.671333333333333,4.671333333333333,29.156666666666666,10.973333333333333,143.16666666666666,2.32,0.8666666666666667,11.42,NA,8.6033333333333335,171.86666666666667,244.76666666666668,0.11,159,0.4502812556704772,38.20704,-92.6255,197,991.8222222222222
149,2026-07-01,2026-07-01T14:36:51Z,4.744666666666666,4.744666666666666,29.042,10.816666666666666,140.86666666666667,2.04,0.8133333333333334,10.22,NA,8.536666666666667,173.53333333333333,245.33333333333334,0.11,159.33333333333334,0.45735801125022685,38.20704,-92.62549,197.1,991.8666666666667
149,2026-07-01,2026-07-01T14:36:54Z,4.8326666666666664,4.8326666666666664,28.839333333333332,10.5,136.26666666666665,1.87,0.6533333333333333,8.556666666666667,NA,8.433333333333334,175.5,246.53333333333333,0.12,160.33333333333334,0.46588640900018147,38.20704,-92.62549,197.1,991.8222222222222
149,2026-07-01,2026-07-01T14:36:57Z,4.9190000000000005,4.9190000000000005,28.674333333333333,10.126666666666667,131.06666666666666,1.76,0.6166666666666667,8.516666666666667,NA,8.33,177.13333333333333,247.43333333333334,0.12,161,0.474210669569951,38.20704,-92.62549666666666,197,991.8222222222222
149,2026-07-01,2026-07-01T14:37:00Z,5.001333333333333,5.001333333333333,28.479333333333333,9.709999999999999,125.2,1.4166666666666667,0.47000000000000003,6.9799999999999995,NA,8.23,178.63333333333333,248.26666666666668,0.12,161.33333333333334,0.48219470150607874,38.20704,-92.6255,197.13333333333333,991.8222222222222
149,2026-07-01,2026-07-01T14:37:03Z,5.102666666666667,5.102666666666667,28.157333333333334,9.18,117.76666666666667,1.21,0.42,4.966666666666667,NA,8.116666666666667,180.73333333333335,249.5,0.12,162,0.49201596806387227,38.20704,-92.6255,196.9,991.8666666666667
149,2026-07-01,2026-07-01T14:37:06Z,5.219666666666667,5.219666666666667,27.977333333333334,8.610000000000001,110.03333333333333,1.0033333333333334,0.35333333333333333,4.6066666666666665,NA,8.033333333333333,182.16666666666666,249.9,0.12,162.33333333333334,0.5033115587007803,38.20704,-92.6255,196.86666666666667,991.8666666666667
149,2026-07-01,2026-07-01T14:37:09Z,5.339666666666667,5.339666666666667,27.857666666666667,8.133333333333333,103.73333333333333,0.9066666666666667,0.3433333333333333,4.45,NA,7.966666666666667,184.16666666666666,250.06666666666666,0.12,163,0.5148566503356923,38.20704,-92.6255,197,991.7333333333333
149,2026-07-01,2026-07-01T14:37:12Z,5.448666666666667,5.448666666666667,27.767,7.803333333333333,99.39999999999999,0.9066666666666667,0.31,3.9566666666666666,NA,7.93,185.16666666666666,250.1,0.12,163,0.5254491017964072,38.20704,-92.6255,196.6,991.8222222222222
149,2026-07-01,2026-07-01T14:37:15Z,5.568333333333333,5.568333333333333,27.69966666666667,7.61,96.7,0.9066666666666667,0.28,3.7166666666666663,NA,7.916666666666667,185.33333333333334,250.16666666666666,0.12,163,0.5369488296135003,38.20704,-92.6255,195.83333333333334,991.7333333333333
149,2026-07-01,2026-07-01T14:37:18Z,5.659666666666666,5.659666666666666,27.674,7.466666666666667,94.9,0.84,0.2833333333333333,3.57,NA,7.903333333333333,185.73333333333332,250.06666666666666,0.12,163,0.5457494102703684,38.20704,-92.6255,195.7,991.8666666666667
149,2026-07-01,2026-07-01T14:37:21Z,5.749,5.749,27.637999999999998,7.363333333333333,93.53333333333333,0.8333333333333334,0.24666666666666667,3.2966666666666664,NA,7.883333333333333,186.4,250.06666666666666,0.12,163,0.5544138994737797,38.20704,-92.6255,196.03333333333333,991.8222222222222
149,2026-07-01,2026-07-01T14:37:24Z,5.848,5.848,27.619,7.276666666666666,92.4,0.8266666666666667,0.32333333333333336,3.9066666666666667,NA,7.87,187.03333333333333,250,0.12,162.66666666666666,0.5639403012157503,38.20704,-92.6255,196.06666666666666,991.8222222222222
149,2026-07-01,2026-07-01T14:37:27Z,5.941666666666666,5.941666666666666,27.571666666666665,7.2,91.4,0.79,0.26666666666666666,3.203333333333333,NA,7.8566666666666665,187.4,250.1,0.12,163,0.5729903828706224,38.20704,-92.6255,195.96666666666667,991.8666666666667
149,2026-07-01,2026-07-01T14:37:30Z,6.025,6.025,27.532333333333334,7.126666666666667,90.36666666666667,0.7966666666666667,0.27666666666666667,3.203333333333333,NA,7.84,188.2,250.06666666666666,0.12,163,0.5810424605334785,38.20704,-92.6255,196.06666666666666,991.7333333333332
149,2026-07-01,2026-07-01T14:37:33Z,6.114,6.114,27.499333333333333,7.07,89.56666666666666,0.7833333333333333,0.26,3.38,NA,7.8133333333333335,189.16666666666666,250.1,0.12,163,0.5896162221012521,38.20704,-92.6255,196.1,991.8222222222222
149,2026-07-01,2026-07-01T14:37:36Z,6.2090000000000005,6.2090000000000005,27.474333333333334,7.026666666666666,89,0.7633333333333333,0.25666666666666665,3.05,NA,7.803333333333333,189.56666666666666,249.96666666666667,0.12,162.33333333333334,0.5988023952095808,38.20704,-92.6255,196.26666666666668,991.8222222222222
149,2026-07-01,2026-07-01T14:37:39Z,6.264666666666667,6.264666666666667,27.455666666666666,6.986666666666666,88.46666666666667,0.74,0.21,3.223333333333333,NA,7.783333333333333,190.63333333333333,249.96666666666667,0.12,162,0.604155325712212,38.20704,-92.62549666666666,195.96666666666667,991.7777777777777
149,2026-07-01,2026-07-01T14:37:42Z,6.316,6.316,27.448333333333334,6.95,87.96666666666667,0.7566666666666667,0.28,3.69,NA,7.78,190.73333333333335,249.9,0.12,162,0.6091226637633823,38.20704,-92.62549,195.76666666666668,991.8666666666667
149,2026-07-01,2026-07-01T14:37:45Z,6.367666666666667,6.367666666666667,27.444666666666667,6.926666666666667,87.7,0.7366666666666667,0.29333333333333333,3.2666666666666666,NA,7.78,190.63333333333333,250,0.12,162.66666666666666,0.6141353656323716,38.20704,-92.62549,195.63333333333333,991.8222222222222
149,2026-07-01,2026-07-01T14:37:48Z,6.433333333333334,6.433333333333334,27.436,6.903333333333333,87.4,0.7766666666666667,0.25,3.2066666666666666,NA,7.78,190.8,249.93333333333334,0.12,162,0.6203955724913809,38.20704,-92.62549,195.46666666666667,991.7333333333332
149,2026-07-01,2026-07-01T14:37:51Z,6.496666666666667,6.496666666666667,27.425,6.886666666666667,87.13333333333333,0.77,0.2566666666666667,3.28,NA,7.776666666666666,191.1,249.9,0.12,162,0.6265196878969335,38.20704,-92.62549,195,991.7777777777778
149,2026-07-01,2026-07-01T14:37:54Z,6.572666666666667,6.572666666666667,27.421,6.87,86.9,0.73,0.25666666666666665,3.453333333333333,NA,7.77,191.5,249.93333333333334,0.12,162,0.633845944474687,38.20705,-92.62548333333334,194.93333333333334,991.8222222222222
149,2026-07-01,2026-07-01T14:37:57Z,6.6723333333333334,6.6723333333333334,27.410333333333334,6.846666666666667,86.6,0.73,0.31,3.5433333333333334,NA,7.76,192,249.96666666666667,0.12,162,0.643440391943386,38.20704333333333,-92.62548,195,991.7777777777777
149,2026-07-01,2026-07-01T14:38:00Z,6.773,6.773,27.403,6.826666666666667,86.3,0.7533333333333333,0.2633333333333333,2.94,NA,7.75,192.4,249.93333333333334,0.12,162,0.6531936127744511,38.20704,-92.62549,194.9,991.8222222222222
149,2026-07-01,2026-07-01T14:38:03Z,6.875666666666667,6.875666666666667,27.398333333333333,6.803333333333333,86.06666666666666,0.6966666666666667,0.23,3.04,NA,7.746666666666667,192.76666666666668,249.9,0.12,162,0.663082925058973,38.20704,-92.62549,194.9,991.8666666666667
149,2026-07-01,2026-07-01T14:38:06Z,6.969333333333333,6.969333333333333,27.394666666666666,6.786666666666667,85.83333333333333,0.75,0.19666666666666668,3.216666666666667,NA,7.74,193.03333333333333,249.93333333333334,0.12,162,0.6721330067138451,38.20704,-92.62549,195.03333333333333,991.8666666666667
149,2026-07-01,2026-07-01T14:38:09Z,7.062,7.062,27.392333333333333,6.776666666666666,85.66666666666667,0.7566666666666667,0.27,2.93,NA,7.74,193.16666666666666,249.96666666666667,0.12,162,0.6810696788241698,38.20704,-92.62549,195.03333333333333,991.8222222222222
149,2026-07-01,2026-07-01T14:38:12Z,7.173666666666667,7.173666666666667,27.383,6.763333333333333,85.5,0.74,0.27999999999999997,2.9633333333333334,NA,7.73,193.76666666666668,249.9,0.12,162,0.6918209036472509,38.20704,-92.62549,195.1,991.8666666666667
149,2026-07-01,2026-07-01T14:38:15Z,7.288666666666667,7.288666666666667,27.36466666666667,6.74,85.2,0.7,0.31333333333333335,3.28,NA,7.72,194.36666666666667,249.83333333333334,0.12,162,0.7029577209217928,38.20704,-92.62549,194.79999999999998,991.8666666666667
149,2026-07-01,2026-07-01T14:38:18Z,7.364,7.364,27.35666666666667,6.72,84.9,0.7066666666666667,0.24000000000000002,2.9066666666666667,NA,7.72,194.06666666666666,249.93333333333334,0.12,162,0.7102386136817276,38.20704,-92.62549,194.53333333333333,991.8666666666667
149,2026-07-01,2026-07-01T14:38:21Z,7.465333333333334,7.465333333333334,27.33566666666667,6.696666666666666,84.56666666666666,0.6933333333333334,0.2966666666666667,2.75,NA,7.716666666666667,194.43333333333334,249.93333333333334,0.12,162,0.7199918345127926,38.20704,-92.62549,194.66666666666666,991.7777777777777
149,2026-07-01,2026-07-01T14:38:24Z,7.538,7.538,27.315,6.67,84.23333333333333,0.6466666666666667,0.30333333333333334,2.683333333333333,NA,7.706666666666667,195,249.9,0.12,162,0.7269778624569044,38.20704,-92.62549,194.7,991.7777777777777
149,2026-07-01,2026-07-01T14:38:27Z,7.613333333333333,7.613333333333333,27.294666666666668,6.636666666666667,83.73333333333333,0.7133333333333334,0.26666666666666666,2.38,NA,7.693333333333333,195.56666666666666,249.93333333333334,0.12,162,0.7342814371257486,38.20704,-92.62549,194.63333333333333,991.8222222222222
149,2026-07-01,2026-07-01T14:38:30Z,7.705666666666667,7.705666666666667,27.27766666666667,6.6,83.26666666666667,0.66,0.3,2.9033333333333333,NA,7.69,195.73333333333332,249.96666666666667,0.12,162,0.7431954273271638,38.20704,-92.62549,194.53333333333333,991.7777777777777
149,2026-07-01,2026-07-01T14:38:33Z,7.799666666666667,7.799666666666667,27.269333333333332,6.57,82.93333333333334,0.6233333333333333,0.24666666666666667,2.7233333333333336,NA,7.683333333333334,196.16666666666666,250,0.12,163,0.7522455089820359,38.20704,-92.62549,194.5,991.8666666666667
149,2026-07-01,2026-07-01T14:38:36Z,7.851,7.851,27.264,6.546666666666667,82.6,0.6066666666666667,0.26,2.776666666666667,NA,7.68,196.26666666666668,249.9,0.12,162,0.7572355289421158,38.20704,-92.62549,194.56666666666666,991.8222222222222
149,2026-07-01,2026-07-01T14:38:39Z,7.950666666666667,7.950666666666667,27.261666666666667,6.526666666666666,82.33333333333333,0.6433333333333333,0.30333333333333334,2.7066666666666666,NA,7.69,195.83333333333334,250,0.12,162.33333333333334,0.7667846125929958,38.20704,-92.62549,194.56666666666666,991.8666666666667
149,2026-07-01,2026-07-01T14:38:42Z,8.053,8.053,27.261666666666667,6.513333333333333,82.16666666666667,0.6666666666666667,0.23666666666666666,2.4633333333333334,NA,7.7,195.63333333333333,250.03333333333333,0.12,163,0.7766966067864272,38.20704,-92.62549,194.43333333333334,991.8666666666667
149,2026-07-01,2026-07-01T14:38:45Z,8.178666666666667,8.178666666666667,27.258,6.496666666666667,82,0.65,0.2833333333333333,2.5566666666666666,NA,7.696666666666667,195.73333333333332,250.06666666666666,0.12,162.66666666666666,0.7887407004173471,38.20704,-92.62548333333334,194.5,991.8222222222222
149,2026-07-01,2026-07-01T14:38:48Z,8.323666666666668,8.323666666666668,27.253666666666668,6.49,81.83333333333333,0.59,0.23666666666666666,2.336666666666667,NA,7.69,196.2,249.9,0.12,162,0.8027808020322991,38.20704,-92.62548,194.7,991.8666666666667
149,2026-07-01,2026-07-01T14:38:51Z,8.422666666666666,8.422666666666666,27.252333333333333,6.476666666666667,81.73333333333333,0.6233333333333333,0.22999999999999998,2.2800000000000002,NA,7.69,196.2,249.86666666666667,0.12,162,0.8123525675920885,38.20704,-92.62548666666666,194.8,991.8222222222222
149,2026-07-01,2026-07-01T14:38:54Z,8.462,8.462,27.25133333333333,6.47,81.6,0.6233333333333333,0.25666666666666665,2.5900000000000003,NA,7.693333333333333,196.33333333333334,250,0.12,162.33333333333334,0.816072400653239,38.20704,-92.62548,195.03333333333333,991.8222222222222
149,2026-07-01,2026-07-01T14:38:57Z,8.59,8.59,27.248,6.463333333333333,81.53333333333333,0.6,0.26,2.04,NA,7.666666666666667,197.7,249.96666666666667,0.12,162,0.8284794048267102,38.20703,-92.62548,195.13333333333333,991.8666666666667
149,2026-07-01,2026-07-01T14:39:00Z,8.718333333333334,8.718333333333334,27.247,6.45,81.4,0.61,0.29333333333333333,2.29,NA,7.67,197.5,249.9,0.12,162,0.840863727091272,38.20703,-92.62548,195.2,991.8666666666667
149,2026-07-01,2026-07-01T14:39:03Z,8.845666666666666,8.845666666666666,27.244333333333334,6.446666666666667,81.26666666666667,0.6266666666666667,0.2733333333333333,2.5733333333333333,NA,7.68,197.06666666666666,249.93333333333334,0.12,162,0.8531346398112866,38.20703,-92.62548,195.4,991.8222222222222
149,2026-07-01,2026-07-01T14:39:06Z,8.948333333333334,8.948333333333334,27.231666666666666,6.433333333333334,81.13333333333333,0.5966666666666667,0.22,2.23,NA,7.69,196.86666666666667,250,0.12,162.33333333333334,0.8630466340047178,38.20703,-92.62548,195.6,991.8666666666667
149,2026-07-01,2026-07-01T14:39:09Z,9.081,9.081,27.199333333333335,6.416666666666667,80.9,0.56,0.24,2.05,NA,7.683333333333334,196.96666666666667,249.93333333333334,0.12,162,0.8758392306296497,38.20703,-92.62548,195.46666666666667,991.7777777777777
149,2026-07-01,2026-07-01T14:39:12Z,9.213,9.213,27.188,6.39,80.5,0.5833333333333334,0.21333333333333335,2.5033333333333334,NA,7.676666666666667,197.33333333333334,249.96666666666667,0.12,162.33333333333334,0.8885637815278534,38.207033333333335,-92.62548,195.23333333333335,991.8666666666667
149,2026-07-01,2026-07-01T14:39:15Z,9.298666666666666,9.298666666666666,27.183666666666667,6.37,80.2,0.5533333333333333,0.24333333333333335,2.62,NA,7.67,197.66666666666666,249.93333333333334,0.12,162,0.8968199963708946,38.20704,-92.62548,195.16666666666666,991.8666666666667
149,2026-07-01,2026-07-01T14:39:18Z,9.373666666666667,9.373666666666667,27.172666666666668,6.346666666666667,79.9,0.5533333333333333,0.24333333333333335,2.12,NA,7.67,197.56666666666666,250,0.12,162.66666666666666,0.9041008891308293,38.20704,-92.62548,195.1,991.8666666666667
149,2026-07-01,2026-07-01T14:39:21Z,9.460666666666667,9.460666666666667,27.156333333333333,6.323333333333333,79.63333333333333,0.5166666666666667,0.19333333333333333,1.82,NA,7.67,197.6,249.93333333333334,0.12,162.33333333333334,0.9124478316095083,38.20703666666667,-92.62548,195.1,991.8222222222222
149,2026-07-01,2026-07-01T14:39:24Z,9.537333333333333,9.537333333333333,27.132666666666665,6.31,79.43333333333334,0.5266666666666667,0.24,2.09,NA,7.68,197.53333333333333,250.1,0.12,163,0.9198421339139902,38.207033333333335,-92.62548,195.46666666666667,991.7777777777777
149,2026-07-01,2026-07-01T14:39:27Z,9.612333333333334,9.612333333333334,27.119666666666667,6.276666666666666,79,0.6,0.28,2.1833333333333336,NA,7.673333333333333,197.63333333333333,250.03333333333333,0.12,162.33333333333334,0.9271003447650155,38.20704,-92.62548,195.46666666666667,991.7777777777777
149,2026-07-01,2026-07-01T14:39:30Z,9.704666666666666,9.704666666666666,27.109666666666666,6.24,78.56666666666666,0.54,0.2833333333333333,1.6933333333333334,NA,7.663333333333333,198.06666666666666,250.03333333333333,0.12,163,0.9360370168753402,38.207033333333335,-92.62548,195.83333333333334,991.8666666666667
149,2026-07-01,2026-07-01T14:39:33Z,9.811,9.811,27.104333333333333,6.21,78.2,0.5766666666666667,0.24333333333333332,2.18,NA,7.656666666666667,198.46666666666667,250,0.12,162.33333333333334,0.9462892397024134,38.20703666666667,-92.62548,196.2,991.7777777777777
149,2026-07-01,2026-07-01T14:39:36Z,9.940666666666667,9.940666666666667,27.091,6.19,77.9,0.52,0.19666666666666666,1.8933333333333333,NA,7.66,198.33333333333334,249.9,0.12,162,0.9587869715115225,38.20703,-92.62548,196.4,991.8222222222222
149,2026-07-01,2026-07-01T14:39:39Z,10.077333333333334,10.077333333333334,27.084,6.17,77.6,0.5633333333333334,0.21333333333333335,2.2466666666666666,NA,7.66,198.3,249.96666666666667,0.12,162,0.971965160587915,38.20703,-92.62548,196.6,991.8666666666667
149,2026-07-01,2026-07-01T14:39:42Z,10.172,10.172,27.075666666666667,6.15,77.3,0.52,0.25,1.79,NA,7.656666666666667,198.4,249.96666666666667,0.12,162.66666666666666,0.9811059698784249,38.20703,-92.62548,196.66666666666666,991.8222222222222
149,2026-07-01,2026-07-01T14:39:45Z,10.221333333333334,10.221333333333334,27.067,6.13,77,0.5266666666666667,0.23,2.17,NA,7.64,199.3,250,0.12,162.33333333333334,0.9858691707494103,38.20703,-92.62548,196.83333333333334,991.8666666666667
149,2026-07-01,2026-07-01T14:39:48Z,10.325666666666667,10.325666666666667,27.063333333333333,6.1,76.66666666666667,0.5566666666666666,0.21666666666666667,2.04,NA,7.63,199.8,250,0.12,162.33333333333334,0.9959399383052078,38.20702,-92.62548,196.9,991.8666666666667
149,2026-07-01,2026-07-01T14:39:51Z,10.464333333333334,10.464333333333334,27.053,6.08,76.4,0.59,0.20333333333333334,2.0566666666666666,NA,7.63,199.6,250,0.12,163,1.0092769007439666,38.20702,-92.62548,196.79999999999998,991.8666666666667
149,2026-07-01,2026-07-01T14:39:54Z,10.577333333333334,10.577333333333334,27.00766666666667,6.036666666666666,75.8,0.49666666666666665,0.23,1.9366666666666665,NA,7.626666666666667,199.76666666666668,250.13333333333333,0.12,163,1.0202322627472329,38.20703,-92.62548,197.1,991.8666666666667
149,2026-07-01,2026-07-01T14:39:57Z,10.660666666666666,10.660666666666666,26.959333333333333,5.963333333333333,74.83333333333334,0.45666666666666667,0.18333333333333332,1.5999999999999999,NA,7.613333333333333,200.23333333333332,250.13333333333333,0.12,163,1.0282616585011795,38.20702666666667,-92.62548,197,991.8666666666667
149,2026-07-01,2026-07-01T14:40:00Z,10.752,10.752,26.929333333333336,5.886666666666667,73.8,0.4533333333333333,0.20333333333333334,1.79,NA,7.593333333333333,200.96666666666667,250.13333333333333,0.12,163,1.037084921066957,38.20703,-92.62548,197.23333333333332,991.8222222222222
149,2026-07-01,2026-07-01T14:40:03Z,10.852333333333334,10.852333333333334,26.901666666666667,5.82,72.96666666666667,0.47333333333333333,0.21333333333333335,1.4266666666666667,NA,7.58,201.26666666666668,250.13333333333333,0.12,163,1.046792778080203,38.20703,-92.62548,197.26666666666668,991.8222222222222
149,2026-07-01,2026-07-01T14:40:06Z,10.950333333333333,10.950333333333333,26.874,5.766666666666667,72.23333333333333,0.44666666666666666,0.18666666666666668,1.5333333333333334,NA,7.58,201.3,250.06666666666666,0.12,162.66666666666666,1.0562284521865362,38.20703,-92.62548,197.26666666666668,991.8666666666667
149,2026-07-01,2026-07-01T14:40:09Z,11.067333333333334,11.067333333333334,26.856,5.71,71.53333333333333,0.44333333333333336,0.18,1.6,NA,7.57,201.4,250.06666666666666,0.12,163,1.067524042823444,38.20703,-92.62548,197.06666666666666,991.8222222222222
149,2026-07-01,2026-07-01T14:40:12Z,11.181,11.181,26.833000000000002,5.666666666666667,70.96666666666667,0.45,0.20666666666666667,1.1133333333333333,NA,7.57,201.3,250.13333333333333,0.12,163,1.0784567229178008,38.207033333333335,-92.62548,196.83333333333334,991.8666666666667
149,2026-07-01,2026-07-01T14:40:15Z,11.250666666666667,11.250666666666667,26.793,5.62,70.3,0.43333333333333335,0.23,1.7,NA,7.57,201.23333333333332,250.1,0.12,163,1.0852386136817274,38.20704,-92.62548,196.56666666666666,991.8666666666667
149,2026-07-01,2026-07-01T14:40:18Z,11.301666666666666,11.301666666666666,26.772333333333332,5.5633333333333335,69.56666666666666,0.4066666666666667,0.20333333333333334,1.5766666666666667,NA,7.57,201.16666666666666,250.13333333333333,0.12,163,1.0901605879150789,38.20704,-92.62548,196.56666666666666,991.8222222222222
149,2026-07-01,2026-07-01T14:40:21Z,11.342333333333334,11.342333333333334,26.757333333333335,5.513333333333334,68.96666666666667,0.4366666666666667,0.23,1.4866666666666666,NA,7.57,201.13333333333333,250.03333333333333,0.12,163,1.094107240065324,38.20704,-92.62548,196.5,991.8666666666667
149,2026-07-01,2026-07-01T14:40:24Z,11.402000000000001,11.402000000000001,26.718666666666667,5.456666666666667,68.16666666666667,0.4166666666666667,0.20666666666666667,1.65,NA,7.56,201.6,250.2,0.12,163,1.0998457630194156,38.20704,-92.62548666666666,196.66666666666666,991.8222222222222
149,2026-07-01,2026-07-01T14:40:27Z,11.524666666666667,11.524666666666667,26.676666666666666,5.383333333333334,67.23333333333333,0.3933333333333333,0.22333333333333333,1.2466666666666666,NA,7.546666666666667,201.96666666666667,250.2,0.12,163,1.1116857194701506,38.20704,-92.62549,196.83333333333334,991.8222222222222
149,2026-07-01,2026-07-01T14:40:30Z,11.669333333333332,11.669333333333332,26.619,5.306666666666667,66.16666666666667,0.36333333333333334,0.18666666666666668,0.87,NA,7.54,202.1,250.3,0.12,163,1.1256577753583743,38.20704,-92.62549,196.66666666666666,991.8666666666667
149,2026-07-01,2026-07-01T14:40:33Z,11.822000000000001,11.822000000000001,26.564,5.21,64.9,0.36333333333333334,0.17,1.2466666666666666,NA,7.526666666666666,202.46666666666667,250.23333333333332,0.12,163,1.140401016149519,38.20704,-92.62549,196.53333333333333,991.8222222222222
149,2026-07-01,2026-07-01T14:40:36Z,11.966333333333333,11.966333333333333,26.544,5.11,63.666666666666664,0.3433333333333333,0.14666666666666667,1.0833333333333333,NA,7.513333333333333,203.1,250.1,0.12,163,1.1543050263110144,38.20704,-92.62549,196.63333333333333,991.8666666666667
149,2026-07-01,2026-07-01T14:40:39Z,12.144333333333334,12.144333333333334,26.527333333333335,5.036666666666666,62.7,0.3433333333333333,0.13,0.8033333333333333,NA,7.5,203.36666666666667,250.13333333333333,0.12,163,1.1715205951732899,38.20704,-92.62549,196.4,991.7333333333332
149,2026-07-01,2026-07-01T14:40:42Z,12.319333333333333,12.319333333333333,26.445999999999998,4.97,61.8,0.29333333333333333,0.11666666666666667,0.7366666666666667,NA,7.5,203.36666666666667,250.3,0.12,163,1.1883959354019236,38.20703,-92.62549,195.9,991.7777777777777
149,2026-07-01,2026-07-01T14:40:45Z,12.424,12.424,26.343666666666667,4.85,60.166666666666664,0.2966666666666667,0.20333333333333334,0.92,NA,7.5,203.33333333333334,250.36666666666667,0.12,163,1.1985574305933588,38.20703,-92.62549,195.73333333333332,991.8222222222222
149,2026-07-01,2026-07-01T14:40:48Z,12.468,12.468,26.313,4.726666666666667,58.63333333333333,0.31333333333333335,0.14,0.69,NA,7.49,203.3,250.3,0.12,163,1.2027989475594265,38.20703,-92.62549,195.96666666666667,991.8222222222222
149,2026-07-01,2026-07-01T14:40:51Z,12.548666666666666,12.548666666666666,26.264,4.616666666666667,57.16666666666667,0.29,0.12666666666666668,0.45666666666666667,NA,7.483333333333333,203.53333333333333,250.3,0.12,163,1.2106242061331882,38.20703,-92.62549,195.66666666666666,991.8666666666667
149,2026-07-01,2026-07-01T14:40:54Z,12.627666666666666,12.627666666666666,26.160666666666668,4.48,55.46666666666667,0.26666666666666666,0.11666666666666667,0.5666666666666667,NA,7.473333333333334,203.9,250.33333333333334,0.12,163,1.2182680094356741,38.20703666666667,-92.62549,195.7,991.8222222222222
149,2026-07-01,2026-07-01T14:40:57Z,12.713000000000001,12.713000000000001,26.05,4.31,53.266666666666666,0.2566666666666667,0.17333333333333334,0.6933333333333334,NA,7.463333333333333,204.1,250.43333333333334,0.12,163,1.2265242242787153,38.20704,-92.62548666666666,195.73333333333332,991.8222222222222
149,2026-07-01,2026-07-01T14:41:00Z,12.808,12.808,25.958333333333332,4.113333333333333,50.699999999999996,0.24,0.15,0.3833333333333333,NA,7.45,204.4,250.46666666666667,0.12,163,1.2357330792959538,38.20704,-92.62548666666666,195.70000000000002,991.6888888888889
149,2026-07-01,2026-07-01T14:41:03Z,12.907,12.907,25.894333333333332,3.9433333333333334,48.56666666666666,0.26,0.14666666666666667,0.6766666666666666,NA,7.44,204.6,250.46666666666667,0.12,163,1.2452821629468336,38.20704,-92.62549,196.03333333333333,991.8666666666667
149,2026-07-01,2026-07-01T14:41:06Z,12.985333333333333,12.985333333333333,25.832666666666668,3.7866666666666666,46.53333333333333,0.25666666666666665,0.15666666666666668,0.2966666666666667,NA,7.42,205.36666666666667,250.4,0.12,163,1.2528806024315007,38.20704,-92.62549,195.96666666666667,991.8222222222222
149,2026-07-01,2026-07-01T14:41:09Z,13.125666666666666,13.125666666666666,25.792666666666666,3.6333333333333333,44.63333333333333,0.26666666666666666,0.12333333333333334,0.66,NA,7.4,205.93333333333334,250.33333333333334,0.12,163,1.2664670658682635,38.20704,-92.62549,195.96666666666667,991.8666666666667
149,2026-07-01,2026-07-01T14:41:12Z,13.264666666666667,13.264666666666667,25.764666666666667,3.5166666666666666,43.2,0.28,0.1,0.43333333333333335,NA,7.4,205.76666666666668,250.23333333333332,0.12,163,1.2798493921248413,38.20704,-92.62549,196.1,991.8666666666667
149,2026-07-01,2026-07-01T14:41:15Z,13.402000000000001,13.402000000000001,25.743,3.43,42.06666666666667,0.25666666666666665,0.09333333333333334,0.41666666666666663,NA,7.4,205.63333333333333,250.33333333333334,0.12,163,1.2930956269279623,38.20704,-92.62549,196.26666666666668,991.7777777777777
149,2026-07-01,2026-07-01T14:41:18Z,13.49,13.49,25.715666666666667,3.3466666666666667,41.06666666666667,0.24666666666666667,0.10666666666666666,0.49333333333333335,NA,7.3933333333333335,205.7,250.23333333333332,0.12,163,1.301578660860098,38.20704,-92.6255,196.1,991.8222222222222
149,2026-07-01,2026-07-01T14:41:21Z,13.620333333333333,13.620333333333333,25.685,3.27,40.1,0.23666666666666666,0.12000000000000001,0.49666666666666665,NA,7.386666666666667,205.96666666666667,250.3,0.12,163,1.3141898022137544,38.20704,-92.6255,196.3,991.8666666666667
149,2026-07-01,2026-07-01T14:41:24Z,13.770666666666667,13.770666666666667,25.661333333333335,3.2,39.266666666666666,0.26,0.09333333333333334,0.7133333333333333,NA,7.38,206,250.23333333333332,0.12,163,1.3287289058247143,38.20704,-92.6255,196.6,991.8222222222222
149,2026-07-01,2026-07-01T14:41:27Z,13.91,13.91,25.645,3.1433333333333335,38.53333333333333,0.2566666666666667,0.11666666666666667,0.2533333333333333,NA,7.38,205.9,250.23333333333332,0.12,163,1.3421339139902015,38.20704,-92.6255,196.63333333333333,991.8666666666667
149,2026-07-01,2026-07-01T14:41:30Z,13.95,13.95,25.636333333333333,3.0933333333333333,37.9,0.22666666666666668,0.11,0.47000000000000003,NA,7.38,205.43333333333334,250.1,0.12,163,1.346057884231537,38.20704,-92.6255,196.5,991.8666666666667
149,2026-07-01,2026-07-01T14:41:33Z,13.985333333333333,13.985333333333333,25.631333333333334,3.05,37.4,0.20666666666666667,0.13,0.5533333333333333,NA,7.38,205.3,250.13333333333333,0.12,163,1.3494148067501361,38.20704,-92.6255,196.5,991.8666666666667
149,2026-07-01,2026-07-01T14:41:36Z,14.047666666666666,14.047666666666666,25.627333333333333,3.03,37.1,0.24333333333333332,0.11,0.16333333333333333,NA,7.37,205.56666666666666,250.06666666666666,0.12,163,1.3554255126111414,38.20704,-92.6255,196.36666666666667,991.8666666666667
149,2026-07-01,2026-07-01T14:41:39Z,14.110333333333333,14.110333333333333,25.618,3.0066666666666664,36.83333333333333,0.22666666666666666,0.14333333333333334,0.10333333333333333,NA,7.37,205.43333333333334,250.16666666666666,0.12,163,1.361504264198875,38.20704,-92.6255,196,991.8222222222222
149,2026-07-01,2026-07-01T14:41:42Z,14.169666666666666,14.169666666666666,25.611333333333334,2.9933333333333336,36.63333333333333,0.24666666666666667,0.14,0.41,NA,7.376666666666667,205.2,250.13333333333333,0.12,163,1.3672201052440573,38.20704,-92.6255,195.93333333333334,991.7777777777777
149,2026-07-01,2026-07-01T14:41:45Z,14.235,14.235,25.605333333333334,2.9766666666666666,36.43333333333333,0.24666666666666667,0.12666666666666668,0.45333333333333337,NA,7.38,205,250.1,0.12,162.66666666666666,1.3735483578297951,38.20704333333333,-92.6255,195.86666666666667,991.7777777777777
149,2026-07-01,2026-07-01T14:41:51Z,14.274,14.274,25.598,2.9433333333333334,36,0.22,0.11333333333333334,0.32,NA,7.376666666666667,204.93333333333334,250.06666666666666,0.12,162.66666666666666,1.3772908727998547,38.20705,-92.62551,196.16666666666666,991.8666666666667
149,2026-07-01,2026-07-01T14:41:54Z,14.337,14.337,25.593333333333334,2.9266666666666667,35.8,0.23666666666666666,0.13,0.3666666666666667,NA,7.37,205.26666666666665,249.96666666666667,0.12,162.33333333333334,1.3833923062964981,38.20705,-92.62551333333333,196.2,991.8666666666667
149,2026-07-01,2026-07-01T14:41:57Z,14.425333333333333,14.425333333333333,25.585666666666665,2.91,35.63333333333333,0.22666666666666668,0.15,0.13,NA,7.37,205.36666666666667,249.93333333333334,0.12,162,1.3918980221375432,38.20705,-92.62552,196.03333333333333,991.8666666666667
149,2026-07-01,2026-07-01T14:42:00Z,14.523666666666667,14.523666666666667,25.563333333333333,2.89,35.4,0.24666666666666667,0.13,0.36333333333333334,NA,7.36,205.56666666666666,249.9,0.12,162,1.4014244238795137,38.20705,-92.62552,196,991.8222222222222
149,2026-07-01,2026-07-01T14:42:03Z,14.601666666666667,14.601666666666667,25.551,2.86,35,0.22,0.19333333333333333,0.21333333333333335,NA,7.36,205.53333333333333,249.9,0.12,162,1.408932135728543,38.20705,-92.62552,196.16666666666666,991.7777777777777
149,2026-07-01,2026-07-01T14:42:06Z,14.714666666666666,14.714666666666666,25.539333333333335,2.84,34.7,0.21333333333333335,0.19666666666666666,0.38666666666666666,NA,7.36,205.7,249.76666666666668,0.12,162,1.4198648158228997,38.20705,-92.62552,196.4,991.8666666666667
149,2026-07-01,2026-07-01T14:42:09Z,14.782,14.782,25.527666666666665,2.81,34.4,0.26333333333333336,0.11333333333333333,0.19666666666666668,NA,7.35,206.36666666666667,249.7,0.12,162,1.426374523679913,38.20704666666667,-92.62552,196.5,991.8222222222222
149,2026-07-01,2026-07-01T14:42:12Z,14.871333333333332,14.871333333333332,25.518,2.79,34.1,0.21666666666666667,0.10333333333333333,0.39,NA,7.34,206.9,249.7,0.12,162,1.4349936490655055,38.20704,-92.62552,196.93333333333334,991.8666666666667
149,2026-07-01,2026-07-01T14:42:15Z,15.004333333333333,15.004333333333333,25.510666666666665,2.7666666666666666,33.8,0.21,0.13333333333333333,0.30666666666666664,NA,7.33,207.36666666666667,249.7,0.12,162,1.4478089275993469,38.20704,-92.62552333333333,197.2,991.8222222222222
149,2026-07-01,2026-07-01T14:42:18Z,15.141666666666667,15.141666666666667,25.504,2.7466666666666666,33.56666666666667,0.23666666666666666,0.10333333333333333,0.22,NA,7.33,207.26666666666665,249.73333333333332,0.12,162,1.4611005262202867,38.20704,-92.62552,197.06666666666666,991.8222222222222
149,2026-07-01,2026-07-01T14:42:21Z,15.262,15.262,25.496666666666666,2.73,33.36666666666667,0.23333333333333334,0.14666666666666667,0.39333333333333337,NA,7.3133333333333335,207.86666666666667,249.66666666666666,0.12,162,1.4726909816730176,38.20704,-92.62552,197.03333333333333,991.8222222222222
149,2026-07-01,2026-07-01T14:42:24Z,15.36,15.36,25.492333333333335,2.7133333333333334,33.13333333333333,0.22333333333333333,0.09666666666666666,0.060000000000000005,NA,7.3133333333333335,208.06666666666666,249.73333333333332,0.12,162,1.48214933768826,38.20704,-92.62552,196.93333333333334,991.8666666666667
149,2026-07-01,2026-07-01T14:42:27Z,15.482333333333333,15.482333333333333,25.49,2.6966666666666668,32.96666666666667,0.21666666666666667,0.11333333333333333,0.44333333333333336,NA,7.316666666666666,207.86666666666667,249.66666666666666,0.12,162,1.4939666122300852,38.20704,-92.62552,196.83333333333334,991.9111111111112
149,2026-07-01,2026-07-01T14:42:30Z,15.564666666666668,15.564666666666668,25.485,2.6866666666666665,32.83333333333333,0.22333333333333333,0.11333333333333334,0.19,NA,7.323333333333333,207.4,249.7,0.12,162,1.5018599165305753,38.20704666666667,-92.62552,197.13333333333333,991.8666666666667
149,2026-07-01,2026-07-01T14:42:33Z,15.704333333333333,15.704333333333333,25.473333333333333,2.6766666666666667,32.66666666666667,0.22,0.09666666666666666,0.33,NA,7.33,207.03333333333333,249.7,0.12,162,1.5153783342406097,38.20705,-92.62553,197.53333333333333,991.8666666666667
149,2026-07-01,2026-07-01T14:42:39Z,15.781,15.781,25.458,2.6366666666666667,32.2,0.23,0.1,0.21333333333333332,NA,7.34,206.56666666666666,249.6,0.12,162,1.5227726365450918,38.20705,-92.62553,197.83333333333334,991.8666666666667
149,2026-07-01,2026-07-01T14:42:42Z,15.805,15.805,25.456666666666667,2.6233333333333335,32.03333333333333,0.21,0.12333333333333334,0.3433333333333333,NA,7.34,206.5,249.66666666666666,0.12,162,1.5251088731627653,38.20704333333333,-92.62553,197.9,991.8666666666667
149,2026-07-01,2026-07-01T14:42:45Z,15.853666666666667,15.853666666666667,25.454666666666665,2.6066666666666665,31.866666666666667,0.21666666666666667,0.10333333333333333,0.34,NA,7.34,206.46666666666667,249.7,0.12,162,1.5298040283070222,38.20705,-92.62553,197.7,991.8666666666667
149,2026-07-01,2026-07-01T14:42:48Z,15.910666666666666,15.910666666666666,25.452666666666666,2.5966666666666667,31.733333333333334,0.23,0.14333333333333334,0.13666666666666666,NA,7.34,206.63333333333333,249.8,0.12,162,1.5352930502631101,38.20705,-92.62553,197.76666666666668,991.8666666666667
149,2026-07-01,2026-07-01T14:42:51Z,15.983,15.983,25.446666666666665,2.59,31.6,0.22666666666666666,0.14333333333333334,0.3233333333333333,NA,7.34,206.76666666666668,249.7,0.12,162,1.542233714389403,38.20705,-92.62553,197.46666666666667,991.8666666666667
149,2026-07-01,2026-07-01T14:42:54Z,16.07133333333333,16.07133333333333,25.440333333333335,2.58,31.5,0.22333333333333333,0.13333333333333333,0.31,NA,7.34,206.6,249.7,0.12,162,1.5508074759571766,38.20705,-92.62553,197.46666666666667,991.8666666666667
149,2026-07-01,2026-07-01T14:42:57Z,16.158333333333335,16.158333333333335,25.43733333333333,2.57,31.4,0.25333333333333335,0.11666666666666667,0.10333333333333333,NA,7.34,206.6,249.7,0.12,162,1.559177100344765,38.20705,-92.62553,197.53333333333333,991.8666666666667
149,2026-07-01,2026-07-01T14:43:00Z,16.24,16.24,25.433333333333334,2.5633333333333335,31.266666666666666,0.23,0.13,0.05333333333333333,NA,7.34,206.6,249.73333333333332,0.12,162,1.5670930865541643,38.20705,-92.62553,197.46666666666667,991.9111111111112
149,2026-07-01,2026-07-01T14:43:03Z,16.328333333333333,16.328333333333333,25.419333333333334,2.5533333333333332,31.166666666666668,0.22333333333333333,0.16666666666666666,0.30666666666666664,NA,7.34,206.53333333333333,249.66666666666666,0.12,162,1.5756214843041192,38.207053333333334,-92.62552,197.3,991.8222222222222
149,2026-07-01,2026-07-01T14:43:06Z,16.423333333333332,16.423333333333332,25.394333333333332,2.5366666666666666,30.966666666666665,0.22333333333333333,0.12666666666666668,0.44,NA,7.34,206.6,249.63333333333333,0.12,162,1.584762293594629,38.20706,-92.62552,197.2,991.8666666666667
149,2026-07-01,2026-07-01T14:43:09Z,16.499333333333333,16.499333333333333,25.375,2.5166666666666666,30.7,0.24333333333333335,0.14,0.12,NA,7.34,206.63333333333333,249.46666666666667,0.12,162,1.5921565958991108,38.20706,-92.62552,197.3,991.7777777777777
149,2026-07-01,2026-07-01T14:43:12Z,16.585,16.585,25.364,2.49,30.4,0.20666666666666667,0.12333333333333334,0.2,NA,7.33,206.76666666666668,249.33333333333334,0.12,162,1.6003901288332425,38.20706,-92.62552,197.16666666666666,991.8666666666667
149,2026-07-01,2026-07-01T14:43:15Z,16.675,16.675,25.353,2.4633333333333334,30,0.23,0.12666666666666668,0.42333333333333334,NA,7.33,206.93333333333334,249.3,0.12,162,1.609099981854473,38.20706,-92.62552,197.23333333333332,991.7777777777777
149,2026-07-01,2026-07-01T14:43:18Z,16.763333333333335,16.763333333333335,25.338333333333335,2.44,29.7,0.22999999999999998,0.13,0.33999999999999997,NA,7.3133333333333335,207.76666666666668,249.26666666666668,0.12,162,1.6176283796044275,38.20706,-92.62552,197.16666666666666,991.7777777777777
149,2026-07-01,2026-07-01T14:43:21Z,16.840333333333334,16.840333333333334,25.324333333333335,2.41,29.366666666666667,0.22666666666666668,0.16,0.12333333333333334,NA,7.31,207.66666666666666,249.23333333333332,0.12,162,1.6250680457267286,38.20706,-92.62552,196.56666666666666,991.8666666666667
149,2026-07-01,2026-07-01T14:43:24Z,16.906333333333333,16.906333333333333,25.316666666666666,2.38,28.933333333333334,0.23333333333333334,0.16333333333333333,0.25,NA,7.31,207.7,249.26666666666668,0.12,162,1.631441662130285,38.207053333333334,-92.62552,196.53333333333333,991.8666666666667
149,2026-07-01,2026-07-01T14:43:27Z,16.988666666666667,16.988666666666667,25.311,2.3533333333333335,28.633333333333333,0.23333333333333334,0.15666666666666668,0.4766666666666667,NA,7.306666666666667,208,249.2,0.12,162,1.6393803302485936,38.20705,-92.62552,196.66666666666666,991.8666666666667
149,2026-07-01,2026-07-01T14:43:30Z,17.063666666666666,17.063666666666666,25.306,2.3333333333333335,28.4,0.19333333333333333,0.14,0.17666666666666667,NA,7.3,208.13333333333333,249.2,0.12,162,1.6465931772818,38.20705,-92.62552,197.13333333333333,991.8222222222222
149,2026-07-01,2026-07-01T14:43:33Z,17.13566666666667,17.13566666666667,25.3,2.3166666666666664,28.233333333333334,0.23666666666666666,0.14,0.49333333333333335,NA,7.3,208.1,249.16666666666666,0.12,162,1.6535565233170022,38.207053333333334,-92.62552,197.2,991.8666666666667
149,2026-07-01,2026-07-01T14:43:36Z,17.243333333333332,17.243333333333332,25.291666666666668,2.3033333333333332,28.033333333333335,0.25,0.13,0.16,NA,7.306666666666667,207.86666666666667,249.13333333333333,0.12,162,1.6639675195064416,38.20706,-92.62552,197.23333333333335,991.8666666666667
149,2026-07-01,2026-07-01T14:43:39Z,17.331,17.331,25.287,2.2866666666666666,27.833333333333332,0.23666666666666666,0.11666666666666667,0.2533333333333333,NA,7.31,207.63333333333333,249.13333333333333,0.12,162,1.6724505534385774,38.20706,-92.62552,197.63333333333333,991.8222222222222
149,2026-07-01,2026-07-01T14:43:42Z,17.406,17.406,25.279,2.2666666666666666,27.6,0.21666666666666667,0.1,0.2366666666666667,NA,7.306666666666667,207.76666666666668,249.1,0.12,162,1.6796634004717836,38.20706,-92.62552,197.83333333333334,991.8666666666667
149,2026-07-01,2026-07-01T14:43:45Z,17.48933333333333,17.48933333333333,25.271666666666665,2.24,27.3,0.23333333333333334,0.14666666666666667,0.44,NA,7.3,208.03333333333333,249.13333333333333,0.12,162,1.6876927962257304,38.20706,-92.62552,198,991.7777777777777
149,2026-07-01,2026-07-01T14:43:48Z,17.555,17.555,25.263,2.216666666666667,27,0.20333333333333334,0.12666666666666668,0.26333333333333336,NA,7.3,208.03333333333333,249.13333333333333,0.12,162,1.694021048811468,38.20706,-92.62552,198.13333333333333,991.7333333333332
149,2026-07-01,2026-07-01T14:43:51Z,17.584333333333333,17.584333333333333,25.259,2.1966666666666668,26.733333333333334,0.22333333333333333,0.15333333333333335,0.30333333333333334,NA,7.3,207.73333333333332,249.1,0.12,162,1.6969016512429687,38.20706,-92.62552,198.1,991.7777777777777
149,2026-07-01,2026-07-01T14:43:54Z,17.65,17.65,25.252,2.1833333333333336,26.533333333333335,0.23333333333333334,0.14333333333333334,0.20333333333333334,NA,7.31,207.53333333333333,249.06666666666666,0.12,162,1.7032525857376157,38.20706,-92.62552,198.16666666666666,991.8222222222222
149,2026-07-01,2026-07-01T14:43:57Z,17.722666666666665,17.722666666666665,25.241,2.1633333333333336,26.3,0.23666666666666666,0.14666666666666667,0.07666666666666667,NA,7.303333333333333,207.66666666666666,249,0.12,162,1.7102612955906369,38.20706,-92.62552,198.13333333333333,991.8666666666667
149,2026-07-01,2026-07-01T14:44:00Z,17.801333333333332,17.801333333333332,25.227,2.14,26,0.20666666666666667,0.13333333333333333,0.36333333333333334,NA,7.3,207.73333333333332,249,0.12,162,1.7178370531663945,38.20706,-92.62552,198.3,991.8222222222222
149,2026-07-01,2026-07-01T14:44:03Z,17.841333333333335,17.841333333333335,25.219333333333335,2.11,25.7,0.22,0.08,0.2,NA,7.3,207.8,248.96666666666667,0.12,162,1.7216929776810017,38.20706,-92.62552,198.5,991.7333333333332
149,2026-07-01,2026-07-01T14:44:06Z,17.931,17.931,25.215333333333334,2.0866666666666664,25.333333333333332,0.26333333333333336,0.16333333333333333,0.45,NA,7.3,207.73333333333332,249,0.12,162,1.730357466884413,38.20706,-92.62552,198.9,991.7333333333332
149,2026-07-01,2026-07-01T14:44:09Z,18.029,18.029,25.214,2.0666666666666664,25.1,0.23666666666666666,0.13,0.03333333333333334,NA,7.293333333333333,208,249.03333333333333,0.12,162,1.739793140990746,38.20706,-92.62552,198.76666666666668,991.7777777777777
149,2026-07-01,2026-07-01T14:44:12Z,18.110333333333333,18.110333333333333,25.215666666666667,2.05,24.933333333333334,0.24666666666666667,0.1366666666666667,0.3833333333333333,NA,7.29,208.3,248.83333333333334,0.12,162,1.7476637633823262,38.20706,-92.62552,198.7,991.7777777777777
149,2026-07-01,2026-07-01T14:44:15Z,18.205333333333332,18.205333333333332,25.213,2.0366666666666666,24.766666666666666,0.23333333333333334,0.13666666666666666,0.31,NA,7.29,208.16666666666666,248.93333333333334,0.12,162,1.7568045726728363,38.20706,-92.62552,198.83333333333334,991.7777777777777
149,2026-07-01,2026-07-01T14:44:18Z,18.300666666666668,18.300666666666668,25.207666666666668,2.0266666666666664,24.633333333333333,0.21,0.08333333333333334,0.030000000000000002,NA,7.29,208,248.9,0.12,162,1.7660361095989838,38.20707,-92.62552,198.6,991.8222222222222
149,2026-07-01,2026-07-01T14:44:21Z,18.374,18.374,25.202333333333332,2.013333333333333,24.466666666666665,0.21666666666666667,0.16,0.4666666666666667,NA,7.29,207.9,248.9,0.12,162,1.7731355470876429,38.20707,-92.62552,198.26666666666668,991.8666666666667
149,2026-07-01,2026-07-01T14:44:24Z,18.439333333333334,18.439333333333334,25.193666666666665,1.9966666666666666,24.266666666666666,0.22333333333333333,0.14,0.12,NA,7.29,207.86666666666667,248.9,0.12,162,1.7794184358555618,38.20707,-92.62552333333333,197.79999999999998,991.7777777777777
149,2026-07-01,2026-07-01T14:44:27Z,18.528666666666666,18.528666666666666,25.167333333333332,1.97,23.96666666666667,0.21666666666666667,0.12666666666666668,0.36333333333333334,NA,7.273333333333333,208.66666666666669,248.93333333333334,0.12,162,1.788037561241154,38.20706333333333,-92.62553,197.46666666666667,991.8666666666667
149,2026-07-01,2026-07-01T14:44:30Z,18.577333333333332,18.577333333333332,25.15233333333333,1.94,23.566666666666666,0.22333333333333333,0.13666666666666666,0.29333333333333333,NA,7.28,208.66666666666666,248.9,0.12,162,1.792732716385411,38.20706,-92.62553,197.46666666666667,991.8222222222222
149,2026-07-01,2026-07-01T14:44:33Z,18.601333333333333,18.601333333333333,25.148333333333333,1.91,23.2,0.21333333333333335,0.12666666666666668,0.19333333333333333,NA,7.28,208.4,248.96666666666667,0.12,162,1.795091634911994,38.20706,-92.62553,197.33333333333334,991.8222222222222
149,2026-07-01,2026-07-01T14:44:36Z,18.682666666666666,18.682666666666666,25.115,1.8866666666666667,22.866666666666667,0.21666666666666667,0.13,0.3233333333333333,NA,7.276666666666666,208.66666666666666,248.96666666666667,0.12,162,1.802939575394665,38.20706,-92.62553,197.13333333333333,991.8666666666667
149,2026-07-01,2026-07-01T14:44:39Z,18.736666666666668,18.736666666666668,25.061666666666667,1.8233333333333335,22.1,0.20333333333333334,0.06666666666666667,0.09666666666666666,NA,7.256666666666667,209.66666666666669,248.63333333333333,0.12,162,1.8081564144438396,38.20706,-92.62553,197.16666666666666,991.7777777777777
149,2026-07-01,2026-07-01T14:44:42Z,18.833333333333332,18.833333333333332,25.023333333333333,1.76,21.266666666666666,0.21666666666666667,0.07333333333333333,0.3,NA,7.256666666666667,209.53333333333333,248.7,0.12,162,1.8175013609145345,38.20706,-92.62553,197.3,991.8222222222222
149,2026-07-01,2026-07-01T14:44:45Z,18.963333333333335,18.963333333333335,25.005,1.7,20.6,0.25,0.15666666666666668,0.32,NA,7.26,209.36666666666667,248.63333333333333,0.12,162,1.8300898203592815,38.20706,-92.62553,197.13333333333333,991.7777777777777
149,2026-07-01,2026-07-01T14:44:48Z,19.046666666666667,19.046666666666667,24.986333333333334,1.64,19.866666666666667,0.24666666666666667,0.11333333333333333,0.13,NA,7.26,209.1,248.53333333333333,0.12,162,1.838119216113228,38.207056666666666,-92.62553,197.23333333333335,991.7777777777777
149,2026-07-01,2026-07-01T14:44:51Z,19.148,19.148,24.97566666666667,1.5866666666666667,19.2,0.24,0.15333333333333335,0.44333333333333336,NA,7.266666666666667,208.7,248.56666666666666,0.12,162,1.8479178007621122,38.20706,-92.62553,197.26666666666668,991.8222222222222
149,2026-07-01,2026-07-01T14:44:54Z,19.233666666666668,19.233666666666668,24.970000000000002,1.54,18.633333333333333,0.23,0.14666666666666667,0.2866666666666667,NA,7.27,208.53333333333333,248.53333333333333,0.12,161.66666666666666,1.8561966975140627,38.20706,-92.62553,197.4,991.8222222222222
149,2026-07-01,2026-07-01T14:44:57Z,19.348333333333333,19.348333333333333,24.953666666666667,1.4966666666666666,18.1,0.19333333333333333,0.04666666666666667,0.06999999999999999,NA,7.27,208.5,248.36666666666667,0.12,161,1.8672654690618762,38.207056666666666,-92.62553,197.43333333333334,991.8666666666667
149,2026-07-01,2026-07-01T14:45:00Z,19.447666666666667,19.447666666666667,24.93733333333333,1.45,17.5,0.21666666666666667,0.16666666666666669,0.4766666666666667,NA,7.27,208.43333333333334,248.43333333333334,0.12,161.33333333333334,1.8768825984394846,38.20705,-92.62553,197.3,991.8222222222222
149,2026-07-01,2026-07-01T14:45:03Z,19.545333333333335,19.545333333333335,24.934666666666665,1.4033333333333333,16.933333333333334,0.23,0.13333333333333333,0.17666666666666667,NA,7.266666666666667,208.36666666666667,248.3,0.12,161,1.8862729087279986,38.20705,-92.62553,197.43333333333334,991.8666666666667
149,2026-07-01,2026-07-01T14:45:06Z,19.583,19.583,24.933333333333334,1.3633333333333335,16.5,0.22333333333333333,0.1,0.04666666666666666,NA,7.26,208.36666666666667,248.36666666666667,0.12,161,1.88994737797133,38.20705,-92.62553,197.53333333333333,991.8222222222222
149,2026-07-01,2026-07-01T14:45:09Z,19.647000000000002,19.647000000000002,24.933,1.34,16.2,0.21,0.13999999999999999,0.56,NA,7.263333333333333,208.26666666666668,248.26666666666668,0.12,161,1.896094175285792,38.20705,-92.62553,197.63333333333333,991.8666666666667
149,2026-07-01,2026-07-01T14:45:12Z,19.7,19.7,24.933,1.3233333333333335,16,0.19666666666666666,0.17,0.42333333333333334,NA,7.27,208,248.3,0.12,161,1.9012202866993286,38.20705,-92.62553,197.6,991.8666666666667
149,2026-07-01,2026-07-01T14:45:15Z,19.733666666666664,19.733666666666664,24.931333333333335,1.3066666666666666,15.833333333333334,0.21666666666666667,0.13333333333333333,0.16666666666666666,NA,7.27,208.03333333333333,248.36666666666667,0.12,161.33333333333334,1.9044411177644711,38.20705,-92.62553,197.26666666666665,991.8666666666667
149,2026-07-01,2026-07-01T14:45:18Z,19.849,19.849,24.928,1.2966666666666666,15.666666666666666,0.22333333333333333,0.13,0.18666666666666668,NA,7.266666666666667,208,248.26666666666668,0.12,161,1.9156006169479223,38.20705,-92.62553,196.93333333333334,991.8222222222222
149,2026-07-01,2026-07-01T14:45:21Z,19.932333333333332,19.932333333333332,24.922,1.2766666666666666,15.466666666666667,0.20666666666666667,0.17666666666666667,0.32666666666666666,NA,7.263333333333333,208.26666666666668,248.2,0.12,161,1.9236526946107784,38.20705,-92.62553,196.6,991.7333333333332
149,2026-07-01,2026-07-01T14:45:24Z,20.006666666666668,20.006666666666668,24.918,1.2633333333333334,15.266666666666667,0.20333333333333334,0.10333333333333333,0.043333333333333335,NA,7.253333333333333,208.46666666666667,248.2,0.12,161,1.930820177826166,38.20705,-92.62552333333333,196.33333333333334,991.8222222222222
149,2026-07-01,2026-07-01T14:45:33Z,20.084333333333333,20.084333333333333,24.916,1.25,15.1,0.22,0.14333333333333334,0.45666666666666667,NA,7.266666666666667,207.7,248.06666666666666,0.12,161,1.9382825258573764,38.20706,-92.62553,196.93333333333334,991.8222222222222
149,2026-07-01,2026-07-01T14:45:36Z,20.137,20.137,24.914,1.2433333333333334,15.033333333333333,0.21,0.18666666666666668,0.12333333333333334,NA,7.27,207.6,248.1,0.12,161,1.9433859553620032,38.20706,-92.62553,196.96666666666667,991.8666666666667
149,2026-07-01,2026-07-01T14:45:39Z,20.207666666666668,20.207666666666668,24.906666666666666,1.2433333333333334,15.033333333333333,0.20666666666666667,0.20333333333333334,0.15333333333333332,NA,7.266666666666667,207.63333333333333,247.83333333333334,0.12,161,1.9501905280348395,38.20706,-92.62553,196.86666666666667,991.8222222222222
149,2026-07-01,2026-07-01T14:45:42Z,20.26,20.26,24.884666666666664,1.26,15.233333333333333,0.19,0.08666666666666667,0.48333333333333334,NA,7.26,207.83333333333334,247.4,0.12,161,1.955271275630557,38.207056666666666,-92.62553,196.9,991.8666666666667
149,2026-07-01,2026-07-01T14:45:45Z,20.332333333333334,20.332333333333334,24.809666666666665,1.2833333333333334,15.5,0.24333333333333335,0.19,0.42,NA,7.246666666666667,208.5,246.43333333333334,0.12,160,1.9622799854835784,38.207053333333334,-92.62553,197,991.8222222222222
149,2026-07-01,2026-07-01T14:45:48Z,20.413,20.413,24.778333333333332,1.26,15.2,0.26,0.15,0.02333333333333333,NA,7.24,208.83333333333334,246,0.12,160,1.9701052440573399,38.20706,-92.62553,196.93333333333334,991.8222222222222
149,2026-07-01,2026-07-01T14:45:51Z,20.479666666666667,20.479666666666667,24.759999999999998,1.22,14.766666666666667,0.24000000000000002,0.1,0.04333333333333334,NA,7.226666666666667,209.33333333333334,246.16666666666666,0.12,160,1.9765695880965342,38.20706,-92.62553,196.86666666666667,991.8222222222222
149,2026-07-01,2026-07-01T14:45:54Z,20.570333333333334,20.570333333333334,24.743333333333332,1.1533333333333333,13.9,0.25,0.12333333333333334,0.34,NA,7.23,209.2,246.56666666666666,0.12,160,1.985302123026674,38.20706,-92.62553,196.63333333333333,991.8222222222222
149,2026-07-01,2026-07-01T14:45:57Z,20.654333333333334,20.654333333333334,24.735333333333333,1.09,13.133333333333333,0.22,0.12333333333333334,0.41,NA,7.223333333333334,209.26666666666668,247.06666666666666,0.12,160.66666666666666,1.9934449283251678,38.20706,-92.62553,196.43333333333334,991.7333333333332
149,2026-07-01,2026-07-01T14:46:00Z,20.759666666666668,20.759666666666668,24.728,1.03,12.433333333333334,0.22333333333333333,0.11666666666666667,0.17333333333333334,NA,7.23,208.96666666666667,247.46666666666667,0.12,161,2.003606423516603,38.20706,-92.62553,196.53333333333333,991.7777777777777
149,2026-07-01,2026-07-01T14:46:03Z,20.87,20.87,24.704333333333334,0.9733333333333333,11.7,0.22,0.15333333333333335,0.16333333333333333,NA,7.23,208.96666666666667,247.73333333333332,0.12,161,2.0142896026129558,38.20706,-92.62553,196.66666666666666,991.8666666666667
149,2026-07-01,2026-07-01T14:46:06Z,20.947333333333333,20.947333333333333,24.664,0.9066666666666667,10.866666666666667,0.18666666666666668,0.16333333333333333,0.4066666666666667,NA,7.23,208.8,248.06666666666666,0.12,161,2.021729268735257,38.20706,-92.62553,196.8,991.8666666666667
149,2026-07-01,2026-07-01T14:46:09Z,21.035,21.035,24.634333333333334,0.8333333333333334,10.033333333333333,0.21333333333333332,0.16333333333333333,-0.016666666666666673,NA,7.223333333333334,209,248.36666666666667,0.12,161.33333333333334,2.0302123026673926,38.20706,-92.62554,196.6,991.8666666666667
149,2026-07-01,2026-07-01T14:46:12Z,21.150333333333332,21.150333333333332,24.593333333333334,0.7633333333333333,9.2,0.22333333333333333,0.16,0.43,NA,7.22,209.2,248.46666666666667,0.12,161.66666666666666,2.0413491199419345,38.20706,-92.62553666666666,196.43333333333334,991.7777777777777
149,2026-07-01,2026-07-01T14:46:15Z,21.262,21.262,24.552,0.7,8.433333333333334,0.24,0.09666666666666666,0.1433333333333333,NA,7.22,208.86666666666667,248.4,0.12,161,2.052145708582834,38.20706,-92.62553,196.4,991.8222222222222
149,2026-07-01,2026-07-01T14:46:18Z,21.362666666666666,21.362666666666666,24.46333333333333,0.63,7.566666666666666,0.21000000000000002,0.12666666666666668,0.13666666666666666,NA,7.216666666666667,209.1,248.26666666666665,0.12,161,2.0618989294138994,38.20706,-92.62553,196.83333333333334,991.8666666666667
149,2026-07-01,2026-07-01T14:46:21Z,21.493333333333332,21.493333333333332,24.349333333333334,0.52,6.233333333333333,0.23666666666666666,0.12666666666666668,0.27,NA,7.21,209.5,248,0.12,161,2.0746234803121033,38.20706,-92.62553,197.06666666666666,991.8222222222222
149,2026-07-01,2026-07-01T14:46:24Z,21.555333333333333,21.555333333333333,24.300666666666668,0.42333333333333334,5.066666666666666,0.24,0.14,0.3833333333333333,NA,7.21,209.2,247.86666666666667,0.12,161,2.080611504264199,38.20706,-92.62553,197.2,991.8222222222222
149,2026-07-01,2026-07-01T14:46:27Z,21.668666666666667,21.668666666666667,24.269333333333332,0.35,4.166666666666667,0.22333333333333333,0.1,0.33666666666666667,NA,7.213333333333333,208.83333333333334,247.63333333333333,0.12,161,2.0915441843585554,38.20706,-92.62553,197.3,991.7777777777777
149,2026-07-01,2026-07-01T14:46:30Z,21.787333333333333,21.787333333333333,24.252333333333333,0.29333333333333333,3.5,0.22666666666666666,0.13666666666666666,0.08,NA,7.21,208.9,247.6,0.12,161,2.1030212302667395,38.20706,-92.62553,197.3,991.8222222222222
149,2026-07-01,2026-07-01T14:46:33Z,21.885333333333335,21.885333333333335,24.221,0.25,2.966666666666667,0.23,0.16333333333333333,0.49666666666666665,NA,7.206666666666667,209.1,247.4,0.12,161,2.1125249500998007,38.20706,-92.62553,197.36666666666667,991.8222222222222
149,2026-07-01,2026-07-01T14:46:36Z,21.98,21.98,24.166,0.21,2.533333333333333,0.21000000000000002,0.11,0.13666666666666666,NA,7.2,209.46666666666667,247.23333333333332,0.12,161,2.1216884412992196,38.20706,-92.62553,197.4,991.8222222222222
149,2026-07-01,2026-07-01T14:46:39Z,22.093666666666667,22.093666666666667,24.123,0.19,2.2666666666666666,0.23333333333333334,0.16333333333333333,0.47000000000000003,NA,7.206666666666667,208.9,247.06666666666666,0.12,161,2.1326664852113955,38.20706,-92.62553,197.5,991.8666666666667
149,2026-07-01,2026-07-01T14:46:42Z,22.192333333333334,22.192333333333334,24.118,0.17333333333333334,2.066666666666667,0.24333333333333332,0.13666666666666666,0.21666666666666667,NA,7.213333333333333,208.43333333333334,246.7,0.12,160,2.1421702050444567,38.20706,-92.62553,197.63333333333333,991.8222222222222
149,2026-07-01,2026-07-01T14:46:45Z,22.322666666666667,22.322666666666667,24.084666666666667,0.15666666666666668,1.9,0.23666666666666666,0.14,0.38,NA,7.22,208,246,0.12,160,2.1547586644892034,38.20706,-92.62553,197.66666666666666,991.8222222222222
149,2026-07-01,2026-07-01T14:46:48Z,22.403333333333332,22.403333333333332,24.068666666666665,0.15,1.7666666666666666,0.22666666666666668,0.18333333333333332,0.36,NA,7.22,207.7,245.26666666666668,0.12,159,2.1626066049718746,38.20706,-92.62553,197.46666666666667,991.8666666666667
149,2026-07-01,2026-07-01T14:46:51Z,22.463666666666665,22.463666666666665,24.056666666666665,0.14,1.6666666666666667,0.23,0.18666666666666668,0.11333333333333334,NA,7.22,207.6,244.7,0.12,159,2.168435855561604,38.20706,-92.62553,197.16666666666666,991.7777777777777
149,2026-07-01,2026-07-01T14:46:54Z,22.523333333333333,22.523333333333333,24.049333333333333,0.13,1.5666666666666667,0.23666666666666666,0.15,0.5233333333333333,NA,7.216666666666667,207.6,244.46666666666667,0.12,159,2.174174378515696,38.20706,-92.62553,196.93333333333334,991.8222222222222
149,2026-07-01,2026-07-01T14:46:57Z,22.571666666666665,22.571666666666665,24.046,0.12333333333333334,1.5,0.23666666666666666,0.18,0.21,NA,7.216666666666667,207.46666666666667,244.4,0.12,159,2.178824169842134,38.20706,-92.62553,196.9,991.8222222222222
149,2026-07-01,2026-07-01T14:47:00Z,22.631333333333334,22.631333333333334,24.041666666666668,0.12,1.4333333333333333,0.28,0.19333333333333333,0.6666666666666666,NA,7.22,207.13333333333333,244.3,0.12,159,2.184608056614045,38.20706666666667,-92.62553,196.73333333333332,991.7333333333332
149,2026-07-01,2026-07-01T14:47:03Z,22.709666666666667,22.709666666666667,24.033,0.11666666666666667,1.4,0.2733333333333334,0.21333333333333332,0.4266666666666667,NA,7.22,206.9,244.26666666666668,0.12,159,2.192161132280893,38.20707,-92.62553,196.6,991.8222222222222
149,2026-07-01,2026-07-01T14:47:06Z,22.786,22.786,24.03033333333333,0.11,1.3,0.26333333333333336,0.16333333333333333,0.11333333333333333,NA,7.22,206.8,244.13333333333333,0.12,159,2.199555434585375,38.20707,-92.62553,196.46666666666667,991.7777777777777
149,2026-07-01,2026-07-01T14:47:09Z,22.844666666666665,22.844666666666665,24.023666666666667,0.11,1.3,0.2833333333333333,0.16,0.42333333333333334,NA,7.216666666666667,206.93333333333334,244.1,0.12,159,2.205225911812738,38.20707,-92.62553,196.43333333333334,991.7777777777777
149,2026-07-01,2026-07-01T14:47:12Z,22.959,22.959,24.014666666666667,0.10666666666666667,1.2666666666666666,0.27,0.13,0.26666666666666666,NA,7.203333333333333,207.43333333333334,243.86666666666667,0.11333333333333333,158.66666666666666,2.2162720014516424,38.20707,-92.62553666666666,196.53333333333333,991.6888888888889
149,2026-07-01,2026-07-01T14:47:15Z,23.082666666666668,23.082666666666668,24.01,0.1,1.2,0.24666666666666667,0.16,0.17,NA,7.206666666666667,207.23333333333332,243.73333333333332,0.11,158,2.228202685538015,38.20707,-92.62554,196.7,991.6888888888889
149,2026-07-01,2026-07-01T14:47:18Z,23.156,23.156,24.005333333333333,0.1,1.2,0.25333333333333335,0.15,0.4633333333333333,NA,7.21,206.93333333333334,243.6,0.11,158,2.2353021230266736,38.20707,-92.62554,196.7,991.7777777777777
149,2026-07-01,2026-07-01T14:47:21Z,23.225666666666665,23.225666666666665,24,0.1,1.2,0.24666666666666667,0.20666666666666667,0.3666666666666667,NA,7.21,206.76666666666668,243.56666666666666,0.11,158,2.2420159680638725,38.20707,-92.62554,196.76666666666668,991.7777777777777
149,2026-07-01,2026-07-01T14:47:24Z,23.342,23.342,23.996,0.10333333333333333,1.2,0.26666666666666666,0.14333333333333334,0.049999999999999996,NA,7.21,206.66666666666666,243.33333333333334,0.11,158,2.253243512974052,38.20707,-92.62554,196.6,991.6888888888889
149,2026-07-01,2026-07-01T14:47:27Z,23.447,23.447,23.992333333333335,0.11,1.3,0.25,0.14666666666666667,0.27666666666666667,NA,7.21,206.56666666666666,243.23333333333332,0.11,158,2.2633823262565778,38.20707,-92.62554,196.7,991.7777777777777
149,2026-07-01,2026-07-01T14:47:30Z,23.561,23.561,23.992,0.11,1.3,0.26,0.19333333333333333,0.49,NA,7.206666666666667,206.56666666666666,243.23333333333332,0.11,158,2.274383052077663,38.20707,-92.62554,196.9,991.6888888888889
149,2026-07-01,2026-07-01T14:47:33Z,23.654999999999998,23.654999999999998,23.989666666666665,0.11,1.3,0.25,0.14666666666666667,0.5466666666666666,NA,7.2,206.9,243.13333333333333,0.11,158,2.283433133732535,38.20707,-92.62554,196.7,991.7333333333332
149,2026-07-01,2026-07-01T14:47:36Z,23.706,23.706,23.986,0.11,1.3,0.23333333333333334,0.13333333333333333,0.24666666666666667,NA,7.2,206.53333333333333,243.13333333333333,0.11,158,2.2883551079658866,38.20707,-92.62554,196.8,991.7777777777778
149,2026-07-01,2026-07-01T14:47:39Z,23.776,23.776,23.97266666666667,0.11,1.3,0.23333333333333334,0.16,0.27666666666666667,NA,7.2,206.4,243.06666666666666,0.11,158,2.2951369987298134,38.20707,-92.62555,196.9,991.6888888888889
149,2026-07-01,2026-07-01T14:47:42Z,23.851666666666667,23.851666666666667,23.94366666666667,0.11,1.3,0.24666666666666667,0.13666666666666666,0.5033333333333333,NA,7.2,206.26666666666668,242.73333333333332,0.11,158,2.3024632553075666,38.20707,-92.62555,196.86666666666667,991.7333333333332
149,2026-07-01,2026-07-01T14:47:45Z,23.98,23.98,23.93466666666667,0.11,1.3,0.24,0.14333333333333334,0.16666666666666666,NA,7.2,206,242.66666666666666,0.11,158,2.314870259481038,38.20707,-92.62555,197.03333333333333,991.7777777777777
149,2026-07-01,2026-07-01T14:47:48Z,24.093,24.093,23.918,0.11,1.3,0.24,0.17,0.45666666666666667,NA,7.196666666666667,206.33333333333334,242.66666666666666,0.11,158,2.3258029395753947,38.20707,-92.62555,197.26666666666668,991.7777777777777
149,2026-07-01,2026-07-01T14:47:51Z,24.185,24.185,23.892666666666667,0.10666666666666667,1.2666666666666666,0.24333333333333335,0.17,0.05,NA,7.196666666666667,206.2,242.56666666666666,0.11,158,2.3346488840500816,38.20707,-92.62555,197.43333333333334,991.7777777777777
149,2026-07-01,2026-07-01T14:47:54Z,24.320666666666668,24.320666666666668,23.866666666666667,0.1,1.2,0.25666666666666665,0.16,0.3333333333333333,NA,7.2,206.03333333333333,242.53333333333333,0.11,158,2.3477817093086553,38.20707,-92.62555,197.6,991.8222222222222
149,2026-07-01,2026-07-01T14:47:57Z,24.465,24.465,23.842,0.09333333333333334,1.1,0.26666666666666666,0.09000000000000001,0.3333333333333333,NA,7.2,206.03333333333333,242.66666666666666,0.11,158,2.3617310832879697,38.20707,-92.62556,197.6,991.8222222222222
149,2026-07-01,2026-07-01T14:48:00Z,24.574333333333332,24.574333333333332,23.831666666666667,0.09,1.0333333333333334,0.26333333333333336,0.18,0.3066666666666667,NA,7.2,205.8,242.8,0.11,158,2.372300852839775,38.20707,-92.62556,197.6,991.8222222222222
149,2026-07-01,2026-07-01T14:48:03Z,24.677333333333333,24.677333333333333,23.829,0.08333333333333333,1,0.25,0.16,0.5066666666666667,NA,7.2,205.5,242.8,0.11,158,2.3822582108510253,38.20707,-92.62556,197.26666666666665,991.8222222222222
149,2026-07-01,2026-07-01T14:48:06Z,24.803333333333335,24.803333333333335,23.823,0.08,0.9666666666666667,0.24666666666666667,0.17,0.33,NA,7.2,205.36666666666667,242.8,0.11,158,2.3944157140264926,38.20707,-92.62556,197.06666666666666,991.7333333333332
149,2026-07-01,2026-07-01T14:48:09Z,24.882666666666665,24.882666666666665,23.813333333333333,0.08,0.9,0.25333333333333335,0.17666666666666667,0.44,NA,7.2,205.36666666666667,242.83333333333334,0.11,158,2.402036835420069,38.20707,-92.62556,197.23333333333332,991.7333333333332
149,2026-07-01,2026-07-01T14:48:12Z,24.957,24.957,23.808333333333334,0.07333333333333333,0.9,0.24,0.15333333333333335,0.04,NA,7.2,205.3,242.8,0.11,158,2.4092950462710943,38.20707,-92.62556,197.2,991.7777777777777
149,2026-07-01,2026-07-01T14:48:15Z,24.992333333333335,24.992333333333335,23.807666666666666,0.07,0.8333333333333334,0.25,0.13333333333333333,0.63,NA,7.2,205.36666666666667,242.8,0.11,158,2.4126519687896932,38.20707,-92.62556,197.16666666666666,991.7777777777778
149,2026-07-01,2026-07-01T14:48:18Z,25.018,25.018,23.808,0.07,0.8,0.2833333333333333,0.15666666666666668,0.27,NA,7.193333333333333,205.4,242.76666666666668,0.11,158,2.4151923425875523,38.20707,-92.62556,197.16666666666666,991.7333333333333
149,2026-07-01,2026-07-01T14:48:21Z,25.100666666666665,25.100666666666665,23.803666666666665,0.07,0.8,0.23333333333333334,0.20666666666666667,0.49,NA,7.196666666666667,205.2,242.9,0.11,158,2.423131010705861,38.20707,-92.62556,197.23333333333332,991.6888888888889
149,2026-07-01,2026-07-01T14:48:24Z,25.190666666666665,25.190666666666665,23.795666666666666,0.07,0.8,0.25333333333333335,0.12333333333333334,0.21666666666666667,NA,7.2,204.9,242.93333333333334,0.11,158,2.4318635456360007,38.20707,-92.62556,197.26666666666668,991.7777777777777
149,2026-07-01,2026-07-01T14:48:27Z,25.257,25.257,23.790333333333333,0.07,0.8,0.26666666666666666,0.15,0.38,NA,7.2,204.6,243,0.11,158,2.438214480130648,38.20707,-92.62556,197.26666666666668,991.7777777777777
149,2026-07-01,2026-07-01T14:48:30Z,25.33866666666667,25.33866666666667,23.786666666666665,0.06333333333333334,0.8,0.26,0.18666666666666668,0.59,NA,7.206666666666667,204.3,243.06666666666666,0.11,158,2.446107784431138,38.20707,-92.62556,197.26666666666668,991.8222222222222
149,2026-07-01,2026-07-01T14:48:33Z,25.438333333333333,25.438333333333333,23.781666666666666,0.06,0.7666666666666667,0.2633333333333333,0.16666666666666669,0.31,NA,7.21,204.16666666666666,243.2,0.11,158,2.455724913808746,38.20707,-92.62556,197.3,991.8222222222222
149,2026-07-01,2026-07-01T14:48:36Z,25.524333333333335,25.524333333333335,23.779,0.06,0.7,0.2866666666666667,0.16999999999999998,0.5833333333333334,NA,7.21,203.9,243.23333333333332,0.11,158,2.464026492469606,38.20707,-92.62556,197.2,991.7777777777777
149,2026-07-01,2026-07-01T14:48:39Z,25.631333333333334,25.631333333333334,23.776333333333334,0.06,0.7,0.24666666666666667,0.19,0.04,NA,7.21,203.8,243.2,0.11,158,2.4743921248412266,38.20707,-92.62556,197.06666666666666,991.8222222222222
149,2026-07-01,2026-07-01T14:48:42Z,25.772666666666666,25.772666666666666,23.773666666666667,0.06,0.7,0.24666666666666667,0.21333333333333332,0.5800000000000001,NA,7.203333333333333,203.83333333333334,243.16666666666666,0.11,158,2.488046634004718,38.20707,-92.62556,196.93333333333334,991.8222222222222
149,2026-07-01,2026-07-01T14:48:45Z,25.910666666666668,25.910666666666668,23.768333333333334,0.06,0.7,0.29,0.12666666666666668,0.37,NA,7.2,203.76666666666668,243.16666666666666,0.11,158,2.501360914534567,38.20707,-92.62556,196.7,991.8222222222222
149,2026-07-01,2026-07-01T14:48:48Z,26.036,26.036,23.76033333333333,0.06,0.7,0.26,0.15333333333333332,0.22999999999999998,NA,7.2,203.7,243.2,0.11,158,2.5134276900743964,38.20706666666667,-92.62556,196.6,991.8222222222222
149,2026-07-01,2026-07-01T14:48:51Z,26.133666666666667,26.133666666666667,23.746333333333332,0.06,0.7,0.26666666666666666,0.16,0.5966666666666667,NA,7.2,203.6,242.93333333333334,0.11,158,2.5228860460896385,38.20706,-92.62556,196.63333333333333,991.7777777777777
149,2026-07-01,2026-07-01T14:48:54Z,26.214333333333332,26.214333333333332,23.728666666666665,0.06,0.7,0.23,0.16666666666666669,0.15,NA,7.2,203.46666666666667,242.9,0.11,158,2.530665940845582,38.20706,-92.62556,196.56666666666666,991.7777777777777
149,2026-07-01,2026-07-01T14:48:57Z,26.317666666666668,26.317666666666668,23.716,0.056666666666666664,0.6666666666666666,0.26333333333333336,0.18666666666666668,0.43333333333333335,NA,7.2,203.2,242.8,0.11,158,2.54069134458356,38.20706333333333,-92.62556,196.56666666666666,991.7333333333333
149,2026-07-01,2026-07-01T14:49:00Z,26.404,26.404,23.708333333333332,0.05,0.6,0.27666666666666667,0.21333333333333335,0.41666666666666663,NA,7.2,203.13333333333333,242.8,0.11,158,2.54901560515333,38.20707,-92.62556,196.53333333333333,991.8666666666667
149,2026-07-01,2026-07-01T14:49:03Z,26.456,26.456,23.701333333333334,0.05,0.6,0.26666666666666666,0.19333333333333333,0.16666666666666666,NA,7.19,203.33333333333334,242.83333333333334,0.11,158,2.5540509889312286,38.20707,-92.62556,196.46666666666667,991.7777777777777
149,2026-07-01,2026-07-01T14:49:06Z,26.549666666666667,26.549666666666667,23.697,0.05,0.6,0.27,0.15,0.61,NA,7.1866666666666665,203.33333333333334,242.9,0.11,158,2.56312375249501,38.20707,-92.62556,196.36666666666667,991.8666666666667
149,2026-07-01,2026-07-01T14:49:09Z,26.641666666666666,26.641666666666666,23.692,0.05,0.6,0.25666666666666665,0.17333333333333334,0.22,NA,7.183333333333334,203.23333333333332,243.06666666666666,0.11,158,2.5719470150607875,38.20707,-92.62556,196.23333333333332,991.8666666666667
149,2026-07-01,2026-07-01T14:49:12Z,26.688333333333333,26.688333333333333,23.647666666666666,0.05,0.6,0.27666666666666667,0.18666666666666668,0.23666666666666666,NA,7.19,202.66666666666666,243.66666666666666,0.11333333333333333,158.33333333333334,2.5764833968426784,38.20707,-92.62556,196.03333333333333,991.8666666666667
149,2026-07-01,2026-07-01T14:49:15Z,26.81,26.81,23.518,0.05,0.6,0.29,0.17,0.71,NA,7.19,202,244.5,0.12,159,2.588323353293413,38.20707,-92.62556,195.86666666666667,991.8666666666667
149,2026-07-01,2026-07-01T14:49:18Z,26.88233333333333,26.88233333333333,23.379333333333335,0.05,0.6,0.27,0.13666666666666666,0.2966666666666667,NA,7.18,201.3,243.63333333333333,0.11333333333333333,158.33333333333334,2.5954001088731626,38.20706333333333,-92.62556,195.76666666666668,991.8222222222222
149,2026-07-01,2026-07-01T14:49:24Z,26.924333333333333,26.924333333333333,23.248333333333335,0.04666666666666667,0.5,0.2733333333333333,0.19666666666666668,0.6733333333333333,NA,7.17,197.7,242.4,0.11,157.66666666666666,2.5995282162946833,38.20706,-92.62556,195.8,991.8666666666667
149,2026-07-01,2026-07-01T14:49:27Z,26.986,26.986,23.21633333333333,0.04,0.5,0.2733333333333334,0.18666666666666668,0.27666666666666667,NA,7.163333333333333,195.76666666666668,242,0.11,157,2.6055389221556884,38.20706,-92.62556,195.83333333333334,991.8222222222222
149,2026-07-01,2026-07-01T14:49:30Z,27.050666666666668,27.050666666666668,23.206666666666667,0.04,0.5,0.25666666666666665,0.24,0.29333333333333333,NA,7.163333333333333,193.46666666666667,241.8,0.11,157,2.6117764471057883,38.20706,-92.62556,195.93333333333334,991.8222222222222
149,2026-07-01,2026-07-01T14:49:33Z,27.133,27.133,23.209999999999997,0.04,0.5,0.2866666666666667,0.2833333333333333,0.7033333333333334,NA,7.17,191.1,241.8,0.11,157,2.619715115224097,38.20706,-92.62556,195.93333333333334,991.7777777777777
149,2026-07-01,2026-07-01T14:49:36Z,27.22533333333333,27.22533333333333,23.165,0.04,0.5,0.2633333333333333,0.21,0.6133333333333333,NA,7.17,189,241.3,0.11,157,2.628651787334422,38.20706,-92.62556,195.76666666666668,991.8666666666667
149,2026-07-01,2026-07-01T14:49:39Z,27.33566666666667,27.33566666666667,23.103333333333335,0.04,0.5,0.26666666666666666,0.21000000000000002,0.14333333333333334,NA,7.17,186.96666666666667,240.33333333333334,0.11,156,2.639334966430775,38.20706,-92.62556,195.83333333333334,991.7777777777777
149,2026-07-01,2026-07-01T14:49:42Z,27.413,27.413,23.055666666666667,0.04,0.5,0.29666666666666663,0.21666666666666667,0.30333333333333334,NA,7.17,184.9,239.66666666666666,0.11,156,2.6468199963708945,38.20706,-92.62556,195.76666666666668,991.8666666666667
149,2026-07-01,2026-07-01T14:49:45Z,27.434,27.434,22.998333333333335,0.04,0.5,0.2833333333333333,0.18,0.7466666666666667,NA,7.17,182.5,239.23333333333332,0.11,155.33333333333334,2.648884050081655,38.20706,-92.62556,195.8,991.8666666666667
149,2026-07-01,2026-07-01T14:49:48Z,27.473333333333333,27.473333333333333,22.983,0.04,0.5,0.3,0.14333333333333334,0.5966666666666667,NA,7.17,179.9,239.1,0.11,155,2.6527172926873526,38.20706,-92.62556,195.9,991.8222222222222
149,2026-07-01,2026-07-01T14:49:51Z,27.525,27.525,22.957,0.04,0.5,0.29333333333333333,0.18,0.18666666666666668,NA,7.17,177.86666666666667,239.03333333333333,0.11,155,2.657729994556342,38.20706,-92.62556,195.96666666666667,991.8222222222222
149,2026-07-01,2026-07-01T14:49:54Z,27.575,27.575,22.942,0.04,0.5,0.27,0.18333333333333332,0.77,NA,7.17,174.96666666666667,239.03333333333333,0.11,155,2.6625612411540556,38.20706,-92.62556,195.96666666666667,991.8222222222222
149,2026-07-01,2026-07-01T14:49:57Z,27.600333333333335,27.600333333333335,22.936666666666667,0.04,0.5,0.27,0.16666666666666666,0.4166666666666667,NA,7.17,172.2,238.96666666666667,0.11,155,2.6649882054073672,38.20706,-92.62555333333333,195.8,991.8666666666667
149,2026-07-01,2026-07-01T14:50:00Z,27.644666666666666,27.644666666666666,22.928,0.04,0.4666666666666667,0.2866666666666667,0.19999999999999998,0.6066666666666667,NA,7.17,169.13333333333333,239.16666666666666,0.11,155.33333333333334,2.669275086191254,38.20706,-92.62555,195.8,991.8222222222222
149,2026-07-01,2026-07-01T14:50:03Z,27.689999999999998,27.689999999999998,22.909666666666666,0.04,0.4,0.28,0.24,0.4166666666666667,NA,7.166666666666667,165.43333333333334,239.4,0.11,156,2.6736980584285974,38.20706,-92.62555,195.83333333333334,991.8666666666667
149,2026-07-01,2026-07-01T14:50:06Z,27.748333333333335,27.748333333333335,22.893666666666668,0.04,0.4,0.27666666666666667,0.26,0.44666666666666666,NA,7.16,161.66666666666666,239.26666666666668,0.11,155.66666666666666,2.679323171838142,38.20706,-92.62555,196.06666666666666,991.8666666666667
149,2026-07-01,2026-07-01T14:50:09Z,27.815666666666665,27.815666666666665,22.866666666666667,0.04,0.4,0.29333333333333333,0.18,0.4766666666666667,NA,7.153333333333333,157.73333333333332,238.83333333333334,0.11,155,2.6858101977862456,38.20706,-92.62555,196.23333333333332,991.8666666666667
149,2026-07-01,2026-07-01T14:50:12Z,27.955666666666666,27.955666666666666,22.822333333333333,0.03333333333333333,0.4,0.30666666666666664,0.24666666666666667,0.54,NA,7.15,154.1,238.23333333333332,0.11,155,2.699373979314099,38.20706,-92.62555,196.2,991.8666666666667
149,2026-07-01,2026-07-01T14:50:15Z,28.068333333333335,28.068333333333335,22.764,0.03,0.4,0.2866666666666667,0.22666666666666666,0.48333333333333334,NA,7.15,150.63333333333333,238,0.11,155,2.710306659408456,38.20706,-92.62555,196.23333333333332,991.8666666666667
149,2026-07-01,2026-07-01T14:50:18Z,28.222666666666665,28.222666666666665,22.732,0.03,0.4,0.29,0.24,0.31,NA,7.15,147.1,237.36666666666667,0.11,154,2.7252313554708762,38.20706,-92.62555,196.2,991.7777777777778
149,2026-07-01,2026-07-01T14:50:21Z,28.386666666666667,28.386666666666667,22.683,0.03,0.4,0.26666666666666666,0.22333333333333333,0.54,NA,7.15,143.66666666666666,237.1,0.11,154,2.741108691707494,38.20706,-92.62554333333334,196,991.8666666666667
149,2026-07-01,2026-07-01T14:50:24Z,28.520333333333333,28.520333333333333,22.546,0.03,0.4,0.26333333333333336,0.21333333333333332,0.36333333333333334,NA,7.15,140.53333333333333,236.5,0.11,154,2.754082743603702,38.20706,-92.62554,195.86666666666667,991.8666666666667
149,2026-07-01,2026-07-01T14:50:27Z,28.632,28.632,22.47533333333333,0.03,0.4,0.29666666666666663,0.20666666666666667,0.6233333333333333,NA,7.1466666666666665,136.33333333333334,236.5,0.11,154,2.7648793322446017,38.20706,-92.62554,196.06666666666666,991.7777777777777
149,2026-07-01,2026-07-01T14:50:30Z,28.736333333333334,28.736333333333334,22.46366666666667,0.03,0.4,0.2833333333333333,0.22333333333333333,0.4766666666666667,NA,7.133333333333333,133.33333333333334,236.63333333333333,0.11,154,2.774995463618218,38.20706,-92.62554,196.06666666666666,991.8222222222222
149,2026-07-01,2026-07-01T14:50:33Z,28.851,28.851,22.453333333333333,0.03,0.4,0.30666666666666664,0.24666666666666667,0.31666666666666665,NA,7.123333333333333,129.83333333333334,236.6,0.11,154,2.7860642351660316,38.20706,-92.62554,196.03333333333333,991.8666666666667
149,2026-07-01,2026-07-01T14:50:39Z,28.978,28.978,22.400666666666666,0.03,0.3666666666666667,0.27666666666666667,0.22666666666666668,0.38,NA,7.123333333333333,120.93333333333334,237.13333333333333,0.11,154,2.7984031936127742,38.20706,-92.62554,196.3,991.7777777777777
149,2026-07-01,2026-07-01T14:50:42Z,29.008666666666667,29.008666666666667,22.384,0.03,0.3,0.26666666666666666,0.21333333333333335,0.5700000000000001,NA,7.13,116.73333333333333,237.36666666666667,0.11,154,2.801351841771004,38.20706,-92.62554,196.6,991.7777777777777
149,2026-07-01,2026-07-01T14:50:45Z,29.048000000000002,29.048000000000002,22.354666666666667,0.03,0.3,0.28,0.23666666666666666,0.54,NA,7.123333333333333,112.33333333333333,237.8,0.11,155,2.8051624024677917,38.20706,-92.62553,196.76666666666668,991.7777777777777
149,2026-07-01,2026-07-01T14:50:48Z,29.092333333333332,29.092333333333332,22.307,0.03,0.3,0.3,0.22333333333333333,0.23666666666666666,NA,7.123333333333333,107.4,238.06666666666666,0.11,155,2.8094946470694975,38.20706,-92.62553,197.03333333333333,991.7333333333332
149,2026-07-01,2026-07-01T14:50:51Z,29.116666666666667,29.116666666666667,22.256666666666668,0.03,0.3,0.29333333333333333,0.23666666666666666,0.21666666666666665,NA,7.133333333333333,103.26666666666667,238.33333333333334,0.11,155,2.8118989294138994,38.20706,-92.62553,197.16666666666666,991.8222222222222
149,2026-07-01,2026-07-01T14:50:54Z,29.172666666666668,29.172666666666668,22.204333333333334,0.03,0.3,0.31666666666666665,0.17,0.7666666666666667,NA,7.14,99.23333333333333,238.36666666666667,0.11,155,2.8172972237343497,38.20706,-92.62553,197.03333333333333,991.8222222222222
149,2026-07-01,2026-07-01T14:50:57Z,29.231333333333335,29.231333333333335,22.186333333333334,0.03,0.3,0.29,0.24666666666666667,0.6933333333333334,NA,7.14,94.76666666666667,238.16666666666666,0.11,155,2.822990382870622,38.20706,-92.62553,197.16666666666666,991.8222222222222
149,2026-07-01,2026-07-01T14:51:00Z,29.304,29.304,22.153333333333332,0.03,0.3,0.27666666666666667,0.23,0.25666666666666665,NA,7.14,90.23333333333333,238.13333333333333,0.11,155,2.829976410814734,38.20706,-92.62553,197.43333333333334,991.6888888888889
149,2026-07-01,2026-07-01T14:51:03Z,29.355666666666668,29.355666666666668,22.107333333333333,0.03,0.3,0.2966666666666667,0.19666666666666668,0.53,NA,7.14,85.63333333333334,237.93333333333334,0.11,155,2.835057158410452,38.20706,-92.62553,197.23333333333332,991.8666666666667
149,2026-07-01,2026-07-01T14:51:06Z,29.396,29.396,22.083,0.026666666666666665,0.3,0.28,0.28,0.5333333333333333,NA,7.14,81.53333333333333,237.86666666666667,0.11,155,2.838958446742878,38.20707,-92.62553,197.4,991.8666666666667
149,2026-07-01,2026-07-01T14:51:09Z,29.454,29.454,22.068,0.023333333333333334,0.3,0.2866666666666667,0.21666666666666667,0.4633333333333333,NA,7.14,77.76666666666667,237.7,0.11,154.33333333333334,2.8445835601524223,38.20707,-92.62553,197.46666666666667,991.7777777777777
149,2026-07-01,2026-07-01T14:51:12Z,29.547,29.547,22.041333333333334,0.02,0.3,0.2833333333333333,0.20666666666666667,0.48666666666666664,NA,7.133333333333333,73.93333333333334,237.53333333333333,0.11,154,2.8535655960805664,38.20707,-92.62553,197.23333333333332,991.8666666666667
149,2026-07-01,2026-07-01T14:51:15Z,29.59733333333333,29.59733333333333,22.03633333333333,0.02,0.3,0.31,0.22666666666666666,0.5566666666666666,NA,7.14,70.06666666666666,237.43333333333334,0.11,154,2.858442206496099,38.20706333333333,-92.62553,197.1,991.8666666666667
149,2026-07-01,2026-07-01T14:51:18Z,29.641333333333332,29.641333333333332,22.031,0.02,0.3,0.3,0.2,0.59,NA,7.14,66.73333333333333,237.4,0.11,154,2.862706405371076,38.20706,-92.62553,197.26666666666668,991.8222222222222
149,2026-07-01,2026-07-01T14:51:21Z,29.738333333333333,29.738333333333333,22.026,0.02,0.3,0.28,0.25333333333333335,0.26,NA,7.133333333333333,63.599999999999994,237.4,0.11,154,2.87209671565959,38.20706,-92.62553,197.43333333333334,991.7777777777777
149,2026-07-01,2026-07-01T14:51:24Z,29.84466666666667,29.84466666666667,22.024666666666665,0.02,0.3,0.30333333333333334,0.2833333333333333,0.5666666666666667,NA,7.123333333333333,60.3,237.4,0.11,154,2.8823262565777537,38.20706,-92.62553,197.53333333333333,991.7777777777777
149,2026-07-01,2026-07-01T14:51:27Z,29.947333333333333,29.947333333333333,22.022666666666666,0.02,0.3,0.27666666666666667,0.24333333333333335,0.25666666666666665,NA,7.13,56.666666666666664,237.46666666666667,0.11,154,2.8922609326800948,38.20706,-92.62553,197.3,991.7777777777777
149,2026-07-01,2026-07-01T14:51:30Z,30.013,30.013,22.020333333333333,0.02,0.3,0.3066666666666667,0.26666666666666666,0.5966666666666667,NA,7.13,53.53333333333333,237.36666666666667,0.11,154,2.898589185265832,38.20706,-92.62553,197.1,991.7777777777777
149,2026-07-01,2026-07-01T14:51:33Z,30.044999999999998,30.044999999999998,22.020666666666667,0.02,0.23333333333333334,0.29333333333333333,0.18666666666666668,0.22666666666666666,NA,7.133333333333333,50.6,237.4,0.11,154,2.901673924877518,38.20706,-92.62553,196.83333333333334,991.7777777777777
149,2026-07-01,2026-07-01T14:51:36Z,30.119333333333334,30.119333333333334,22.018333333333334,0.02,0.2,0.27,0.22999999999999998,0.44666666666666666,NA,7.14,47.83333333333333,237.36666666666667,0.11,154,2.908864090001815,38.20706,-92.62553,196.6,991.7777777777777
149,2026-07-01,2026-07-01T14:51:39Z,30.205333333333332,30.205333333333332,22.016666666666666,0.02,0.2,0.29333333333333333,0.22666666666666668,0.6266666666666667,NA,7.14,45.1,237.5,0.11,154,2.917188350571584,38.20706,-92.62553,196.43333333333334,991.8222222222222
149,2026-07-01,2026-07-01T14:51:42Z,30.294666666666664,30.294666666666664,22.01,0.02,0.2,0.2833333333333333,0.21,0.13,NA,7.14,42.9,237.4,0.11,154,2.9258074759571766,38.20706,-92.62553,196.56666666666666,991.7777777777777
149,2026-07-01,2026-07-01T14:51:45Z,30.382666666666665,30.382666666666665,22.005333333333333,0.02,0.2,0.2966666666666667,0.19333333333333333,0.66,NA,7.14,40.833333333333336,237.46666666666667,0.11,154,2.9343358737071314,38.20706333333333,-92.62553,196.73333333333332,991.7333333333332
149,2026-07-01,2026-07-01T14:51:48Z,30.526666666666667,30.526666666666667,21.995,0.02,0.2,0.31333333333333335,0.23666666666666666,0.3466666666666667,NA,7.133333333333333,39.13333333333333,237.43333333333334,0.11,154,2.9481945200508077,38.20707,-92.62553,196.66666666666666,991.8222222222222
149,2026-07-01,2026-07-01T14:51:51Z,30.671666666666667,30.671666666666667,21.968,0.02,0.2,0.2833333333333333,0.25,0.37333333333333335,NA,7.13,37.43333333333333,237.5,0.11,154,2.962257303574669,38.20707,-92.62553,196.56666666666666,991.7777777777777
149,2026-07-01,2026-07-01T14:51:54Z,30.776,30.776,21.941666666666666,0.02,0.2,0.2866666666666667,0.23,0.6633333333333333,NA,7.13,35.46666666666667,237.6,0.11,154,2.9723280711304665,38.20707,-92.62554,196.46666666666667,991.7333333333332
149,2026-07-01,2026-07-01T14:51:57Z,30.910333333333334,30.910333333333334,21.918666666666667,0.02,0.2,0.29000000000000004,0.25333333333333335,0.6433333333333333,NA,7.123333333333333,33.333333333333336,237.66666666666666,0.11,154.33333333333334,2.9853248049355834,38.20707,-92.62554,196.43333333333334,991.7333333333332
149,2026-07-01,2026-07-01T14:52:00Z,31.044,31.044,21.873,0.02,0.2,0.2733333333333333,0.26,0.11333333333333334,NA,7.113333333333333,31.233333333333334,238.13333333333333,0.11,155,2.9982761749228817,38.20707,-92.62554,196.33333333333334,991.7777777777777
149,2026-07-01,2026-07-01T14:52:09Z,31.160666666666668,31.160666666666668,21.803666666666665,0.02,0.2,0.29,0.23333333333333334,0.56,NA,7.1066666666666665,24.366666666666667,238.66666666666666,0.11,155,3.0096171293776086,38.20707,-92.62554,196.3,991.7777777777778
149,2026-07-01,2026-07-01T14:52:12Z,31.236,31.236,21.777333333333335,0.02,0.2,0.27666666666666667,0.20333333333333334,0.23333333333333334,NA,7.1066666666666665,21.966666666666665,238.93333333333334,0.11,155,3.016898022137543,38.20707,-92.62554,196.3,991.8222222222222
149,2026-07-01,2026-07-01T14:52:15Z,31.266,31.266,21.772666666666666,0.02,0.2,0.27,0.21666666666666667,0.33666666666666667,NA,7.11,19.866666666666667,239,0.11,155,3.0198013064779534,38.20707,-92.62554,196.36666666666667,991.8666666666667
149,2026-07-01,2026-07-01T14:52:18Z,31.28933333333333,31.28933333333333,21.760666666666665,0.02,0.2,0.26,0.22666666666666666,0.7266666666666667,NA,7.1033333333333335,18.066666666666666,239.1,0.11,155,3.022046815459989,38.20707,-92.62554,196.43333333333334,991.8666666666667
149,2026-07-01,2026-07-01T14:52:21Z,31.376333333333335,31.376333333333335,21.740333333333332,0.02,0.2,0.2833333333333333,0.22,0.2,NA,7.11,16.033333333333335,239.26666666666668,0.11,155.66666666666666,3.0304618036653967,38.20707,-92.62555,196.4,991.8666666666667
149,2026-07-01,2026-07-01T14:52:24Z,31.455666666666666,31.455666666666666,21.731666666666666,0.02,0.2,0.2866666666666667,0.24333333333333335,0.6233333333333333,NA,7.12,14.3,239.36666666666667,0.11,156,3.038128288876792,38.20707,-92.62555,196.4,991.7777777777778
149,2026-07-01,2026-07-01T14:52:27Z,31.507333333333335,31.507333333333335,21.727,0.02,0.2,0.2833333333333333,0.24333333333333335,0.31666666666666665,NA,7.126666666666667,12.6,239.36666666666667,0.11,156,3.043140990745781,38.20707,-92.62555,196.53333333333333,991.8222222222222
149,2026-07-01,2026-07-01T14:52:30Z,31.602666666666668,31.602666666666668,21.725,0.02,0.2,0.2833333333333333,0.23666666666666666,0.6033333333333333,NA,7.13,11.033333333333333,239.53333333333333,0.11,156,3.05232716385411,38.20707,-92.62555,196.73333333333332,991.7333333333332
149,2026-07-01,2026-07-01T14:52:33Z,31.708333333333332,31.708333333333332,21.739333333333335,0.02,0.2,0.27,0.24333333333333335,0.48,NA,7.13,9.366666666666667,239.43333333333334,0.11,156,3.0625340228633644,38.20707,-92.62555,196.7,991.7333333333333
149,2026-07-01,2026-07-01T14:52:36Z,31.761333333333333,31.761333333333333,21.731333333333332,0.02,0.2,0.31,0.26,0.5700000000000001,NA,7.13,7.766666666666667,239.4,0.11,156,3.0676828161858105,38.20707,-92.62555,196.8,991.8222222222222
149,2026-07-01,2026-07-01T14:52:39Z,31.828,31.828,21.733,0.02,0.2,0.29333333333333333,0.24333333333333335,0.52,NA,7.13,6.233333333333333,239.46666666666667,0.11,156,3.074124478316095,38.20707,-92.62555,196.76666666666668,991.7777777777777
149,2026-07-01,2026-07-01T14:52:42Z,31.901333333333334,31.901333333333334,21.734,0.013333333333333334,0.2,0.29666666666666663,0.26666666666666666,0.3466666666666667,NA,7.13,4.6,239.43333333333334,0.11,156,3.081201233895845,38.20707,-92.62555,196.63333333333333,991.7777777777777
149,2026-07-01,2026-07-01T14:52:45Z,31.924,31.924,21.724666666666668,0.01,0.2,0.26,0.25666666666666665,0.5233333333333333,NA,7.123333333333333,3.466666666666667,239.46666666666667,0.11,156,3.083378697151152,38.20707,-92.62555,196.5,991.7777777777777
149,2026-07-01,2026-07-01T14:52:48Z,31.974666666666668,31.974666666666668,21.719333333333335,0.01,0.2,0.2733333333333334,0.27,0.37666666666666665,NA,7.12,2,239.5,0.11,156,3.0882779894755945,38.20707,-92.62555,196.4,991.8666666666667
149,2026-07-01,2026-07-01T14:52:51Z,32.059333333333335,32.059333333333335,21.721333333333334,0.01,0.2,0.2833333333333333,0.20333333333333334,0.55,NA,7.12,0.6,239.46666666666667,0.11,156,3.096466158591907,38.20707,-92.62555,196.3,991.8222222222222
149,2026-07-01,2026-07-01T14:52:54Z,32.144,32.144,21.724333333333334,0.01,0.2,0.2866666666666667,0.21333333333333335,0.32,NA,7.126666666666667,-0.7,239.43333333333334,0.11,156,3.104586281981492,38.20707,-92.62555,196.13333333333333,991.8222222222222
149,2026-07-01,2026-07-01T14:52:57Z,32.230666666666664,32.230666666666664,21.722666666666665,0.01,0.2,0.29,0.27,0.61,NA,7.126666666666667,-1.8333333333333333,239.46666666666667,0.11,156,3.1130012701868988,38.20707,-92.62555666666667,195.86666666666667,991.7777777777777
149,2026-07-01,2026-07-01T14:53:00Z,32.37566666666667,32.37566666666667,21.724,0.01,0.2,0.2733333333333333,0.21666666666666667,0.27,NA,7.13,-3.1,239.5,0.11,156,3.126996007984032,38.20707,-92.62555,195.86666666666667,991.7777777777777
149,2026-07-01,2026-07-01T14:53:03Z,32.528,32.528,21.725333333333335,0.01,0.16666666666666669,0.27,0.26,0.5833333333333334,NA,7.13,-4.166666666666666,239.5,0.11,156,3.141693884957358,38.20707,-92.62556,195.86666666666667,991.8666666666667
149,2026-07-01,2026-07-01T14:53:06Z,32.666333333333334,32.666333333333334,21.720666666666666,0.01,0.13333333333333333,0.29333333333333333,0.27,0.35000000000000003,NA,7.13,-5.033333333333333,239.4,0.11,156,3.155076211213936,38.20707,-92.62556,195.96666666666667,991.8222222222222
149,2026-07-01,2026-07-01T14:53:09Z,32.806333333333335,32.806333333333335,21.718333333333334,0.01,0.13333333333333333,0.3,0.25333333333333335,0.5366666666666666,NA,7.126666666666667,-5.9,239.46666666666667,0.11,156,3.1685719470150606,38.20707,-92.62556,195.93333333333334,991.8222222222222
149,2026-07-01,2026-07-01T14:53:12Z,32.94533333333333,32.94533333333333,21.718,0.01,0.1,0.29,0.27,0.5,NA,7.12,-6.466666666666667,239.43333333333334,0.11,156,3.182022318998367,38.20707,-92.62556,195.86666666666667,991.8222222222222
149,2026-07-01,2026-07-01T14:53:18Z,33.06466666666667,33.06466666666667,21.718666666666667,0.01,0.16666666666666669,0.32666666666666666,0.36666666666666664,0.9533333333333334,NA,7.126666666666667,-8.133333333333333,239.56666666666666,0.11,156,3.193590092542188,38.20707,-92.62556,195.7,991.8222222222222
149,2026-07-01,2026-07-01T14:53:21Z,33.11866666666667,33.11866666666667,21.717666666666666,0.013333333333333334,0.2,0.3466666666666667,0.41666666666666663,0.39,NA,7.13,-8.6,239.56666666666666,0.11,156,3.1987842496824532,38.20707,-92.62556,195.63333333333333,991.8666666666667
149,2026-07-01,2026-07-01T14:53:24Z,33.19166666666667,33.19166666666667,21.715333333333334,0.02,0.2,0.4366666666666667,0.5233333333333333,1.0166666666666666,NA,7.14,-10.2,239.6,0.11,156,3.2058383233532934,38.20707,-92.62556,195.7,991.8222222222222
149,2026-07-01,2026-07-01T14:53:27Z,33.23466666666666,33.23466666666666,21.683666666666667,0.02,0.2,1.7533333333333334,2.1866666666666665,0.72,NA,7.14,-12.1,239.86666666666667,0.11,156,3.209989112683724,38.20707,-92.62556,196,991.8222222222222
149,2026-07-01,2026-07-01T14:53:30Z,33.26133333333333,33.26133333333333,21.659666666666666,0.02,0.23333333333333334,2.276666666666667,3.3133333333333335,0.5933333333333333,NA,7.14,-13.166666666666666,239.93333333333334,0.11,156,3.212597532208311,38.20707,-92.62556,196.2,991.8222222222222
