Kor MEASUREMENT DATA FILE EXPORT,,,,,,,,,,,,,,,,,,,,,,,,,,,,,
,,,,,,,,,,,,,,,,,,,,,,,,,,,,,
FILE CREATED:,10/27/2025 23:43,,,,,,,,,,,,,,,,,,,,,,,,,,,,
,,,,,,,,,,,,,,,,,,,,,,,,,,,,,
MEAN VALUE:,,,,,0.38,10.76,738.5,0.43,0.6,201.9,253.3,165,0.12,257,7.735,7.743,10.995,55.3,5.32,56.7,37.89799,-90.64298,275.7,106.4,NA,-72,11.7,0,14.714
STANDARD DEVIATION:,,,,,0.58,14.45,0,0.49,0.61,4.4,24.9,16,0.01,25.8,4.297,4.296,6.112,38.4,3.65,39.4,0.00001,0.00001,1.8,105.9,0.38,22.2,0,0,3.653
,,,,,,,,,,,,,,,,,,,,,,,,,,,,,
SENSOR SERIAL NUMBER:,,,,,22A101507,24D104467,17E100519,22A101507,24D104467,22B101636,22B101636,22B101636,22B101636,22B101636,17K104869,17K104869,17K104869,23L102121,23L102121,23L102121,17E100519,17E100519,17E100519,23L103548,23L103548,23L103548,17E100519,17E100519,22B101636
TIME (HH:MM:SS),DATE (MM/DD/YYYY),FILE NAME,SITE NAME,FAULT CODE,TAL PC RFU,TAL PE RFU,BAROMETER MMHG,CHLOROPHYLL RFU,CHLOROPHYLL RFU,COND µS/CM,SPCOND µS/CM,TDS MG/L,SAL PSU,NLF COND µS/CM,DEPTH M,VERTICAL POSITION M,PRESSURE PSI A,ODO % SAT,ODO MG/L,ODO % CB,GPS LATITUDE °,GPS LONGITUDE °,ALTITUDE M,ORP MV,PH,PH MV,CABLE PWR V,BATTERY V,TEMP °C
12:56:54 PM,10/27/2025,251027-124437-112.bin,112,0,1.03,22.52,738.4,0.7,0.76,213.2,311.6,203,0.15,317.1,15.04,15.023,21.391,0.9,0.1,0.9,37.89797,-90.64297,273.2,-139,7.35,-46.7,11.7,0,8.462
12:56:53 PM,10/27/2025,251027-124437-112.bin,112,0,1.07,22.79,738.4,0.68,0.74,213.1,311.5,202,0.15,317,15.041,15.029,21.391,0.9,0.1,0.9,37.89797,-90.64297,273.4,-139,7.35,-46.8,11.7,0,8.461
12:56:52 PM,10/27/2025,251027-124437-112.bin,112,0,1.02,23.24,738.6,0.64,0.76,213,311.4,202,0.15,316.8,15.04,15.036,21.39,0.9,0.1,0.9,37.89797,-90.64297,273.4,-138.9,7.35,-46.8,11.7,0,8.461
12:56:51 PM,10/27/2025,251027-124437-112.bin,112,0,0.99,23.26,738.6,0.54,0.75,213.1,311.6,203,0.15,317,15.039,15.03,21.389,0.9,0.1,0.9,37.89797,-90.64297,273.4,-138.8,7.35,-46.8,11.7,0,8.461
12:56:50 PM,10/27/2025,251027-124437-112.bin,112,0,0.97,23.55,738.5,0.49,0.78,213,311.4,202,0.15,316.8,15.037,15.056,21.386,0.9,0.1,0.9,37.89797,-90.64297,273.5,-138.7,7.35,-46.8,11.7,0,8.462
12:56:49 PM,10/27/2025,251027-124437-112.bin,112,0,0.99,23.43,738.4,0.55,0.77,213,311.3,202,0.15,316.7,15.031,15.041,21.377,0.9,0.11,0.9,37.89797,-90.64297,273.5,-138.7,7.35,-46.8,11.7,0,8.463
12:56:48 PM,10/27/2025,251027-124437-112.bin,112,0,1.02,23.05,738.4,0.59,0.74,213,311.3,202,0.15,316.7,15.039,15.03,21.389,0.9,0.11,1,37.89797,-90.64297,273.6,-138.6,7.35,-46.8,11.7,0,8.462
12:56:47 PM,10/27/2025,251027-124437-112.bin,112,0,1.04,23.57,738.4,0.59,0.8,213,311.3,202,0.15,316.8,15.054,15.053,21.41,1,0.11,1,37.89797,-90.64297,273.7,-138.5,7.35,-46.8,11.7,0,8.462
12:56:46 PM,10/27/2025,251027-124437-112.bin,112,0,1.02,24.07,738.5,0.61,0.86,213,311.3,202,0.15,316.8,15.034,15.021,21.382,1,0.11,1,37.89797,-90.64297,273.8,-138.4,7.35,-46.7,11.7,0,8.461
12:56:45 PM,10/27/2025,251027-124437-112.bin,112,0,0.96,24.3,738.4,0.58,0.9,212.9,311.2,202,0.15,316.7,15.009,14.991,21.347,1,0.11,1,37.89797,-90.64297,273.8,-138.3,7.35,-46.7,11.7,0,8.46
12:56:44 PM,10/27/2025,251027-124437-112.bin,112,0,0.94,24.32,738.4,0.54,0.88,212.8,311.1,202,0.15,316.5,15.051,15.048,21.406,1,0.11,1,37.89797,-90.64297,273.9,-138.2,7.35,-46.7,11.7,0,8.459
12:56:43 PM,10/27/2025,251027-124437-112.bin,112,0,0.98,24.62,738.6,0.58,0.81,212.8,311.1,202,0.15,316.5,15.051,15.069,21.406,1,0.11,1,37.89797,-90.64297,274,-138.1,7.35,-46.6,11.7,0,8.458
12:56:42 PM,10/27/2025,251027-124437-112.bin,112,0,1.03,24.61,738.6,0.61,0.79,213,311.4,202,0.15,316.9,15.007,15.011,21.343,1,0.11,1,37.89797,-90.64297,274.1,-138,7.35,-46.6,11.7,0,8.457
12:56:41 PM,10/27/2025,251027-124437-112.bin,112,0,1.07,23.82,738.5,0.64,0.78,213,311.4,202,0.15,316.9,15.005,14.984,21.341,1,0.11,1,37.89797,-90.64297,274,-138,7.35,-46.6,11.7,0,8.455
12:56:40 PM,10/27/2025,251027-124437-112.bin,112,0,1.08,22.99,738.5,0.68,0.74,213.1,311.5,202,0.15,317,15.048,15.045,21.402,1,0.12,1,37.89797,-90.64297,274.1,-137.9,7.35,-46.6,11.7,0,8.454
12:56:39 PM,10/27/2025,251027-124437-112.bin,112,0,1.01,22.39,738.6,0.68,0.75,213.2,311.7,203,0.15,317.2,15.028,15.065,21.374,1,0.12,1,37.89797,-90.64297,274,-137.8,7.35,-46.6,11.7,0,8.453
12:56:38 PM,10/27/2025,251027-124437-112.bin,112,0,0.94,22.16,738.6,0.67,0.75,213.1,311.6,203,0.15,317,15.025,15.001,21.369,1,0.12,1.1,37.89797,-90.64297,274.1,-137.8,7.35,-46.6,11.7,0,8.452
12:56:37 PM,10/27/2025,251027-124437-112.bin,112,0,0.92,22.03,738.5,0.65,0.77,213,311.5,202,0.15,316.9,15.022,14.98,21.365,1.1,0.12,1.1,37.89797,-90.64297,274.2,-137.7,7.35,-46.5,11.7,0,8.452
12:56:36 PM,10/27/2025,251027-124437-112.bin,112,0,0.9,22.01,738.5,0.59,0.82,213,311.5,202,0.15,316.9,15.021,15.004,21.363,1.1,0.12,1.1,37.89797,-90.64297,274.2,-137.6,7.34,-46.5,11.7,0,8.452
12:56:35 PM,10/27/2025,251027-124437-112.bin,112,0,0.93,22.16,738.6,0.61,0.8,213,311.4,202,0.15,316.8,15.017,15.041,21.358,1.1,0.13,1.1,37.89797,-90.64297,274.2,-137.5,7.34,-46.5,11.7,0,8.451
12:56:34 PM,10/27/2025,251027-124437-112.bin,112,0,0.94,22.08,738.5,0.71,0.75,213,311.5,202,0.15,316.9,15.013,14.992,21.352,1.1,0.13,1.1,37.89797,-90.64297,274.1,-137.4,7.34,-46.5,11.7,0,8.451
12:56:33 PM,10/27/2025,251027-124437-112.bin,112,0,1,22.3,738.4,0.77,0.79,213.1,311.5,202,0.15,317,15.001,14.988,21.335,1.1,0.13,1.1,37.89797,-90.64297,274.2,-137.3,7.34,-46.5,11.7,0,8.451
12:56:32 PM,10/27/2025,251027-124437-112.bin,112,0,1.02,23.22,738.5,0.67,0.96,213,311.4,202,0.15,316.9,15.003,15.02,21.337,1.1,0.13,1.1,37.89797,-90.64297,274.2,-137.2,7.34,-46.4,11.7,0,8.452
12:56:31 PM,10/27/2025,251027-124437-112.bin,112,0,0.96,23.45,738.5,0.58,1,213,311.4,202,0.15,316.9,14.975,14.974,21.298,1.1,0.13,1.1,37.89797,-90.64297,274.2,-137.1,7.34,-46.4,11.7,0,8.452
12:56:30 PM,10/27/2025,251027-124437-112.bin,112,0,0.9,23.04,738.6,0.6,0.95,213,311.4,202,0.15,316.9,14.986,14.968,21.314,1.1,0.13,1.1,37.89797,-90.64297,274.2,-137,7.34,-46.4,11.7,0,8.451
12:56:29 PM,10/27/2025,251027-124437-112.bin,112,0,0.86,23.29,738.5,0.58,0.97,213.1,311.6,203,0.15,317.1,14.977,14.964,21.301,1.1,0.13,1.1,37.89797,-90.64297,274.2,-136.9,7.34,-46.3,11.7,0,8.451
12:56:28 PM,10/27/2025,251027-124437-112.bin,112,0,0.83,23.16,738.5,0.62,0.92,213,311.5,202,0.15,316.9,14.972,14.992,21.294,1.1,0.13,1.1,37.89797,-90.64297,274.2,-136.8,7.34,-46.3,11.7,0,8.454
12:56:27 PM,10/27/2025,251027-124437-112.bin,112,0,0.78,22.95,738.5,0.6,1.03,212.9,311.3,202,0.15,316.7,14.96,14.979,21.276,1.1,0.13,1.1,37.89797,-90.64297,274.2,-136.6,7.34,-46.2,11.7,0,8.458
12:56:26 PM,10/27/2025,251027-124437-112.bin,112,0,0.81,23.06,738.6,0.51,1.2,213,311.3,202,0.15,316.8,14.955,14.943,21.269,1.1,0.13,1.1,37.89797,-90.64297,274.3,-136.4,7.34,-46.2,11.7,0,8.462
12:56:25 PM,10/27/2025,251027-124437-112.bin,112,0,0.81,23.8,738.6,0.47,1.28,213,311.3,202,0.15,316.8,14.946,14.942,21.256,1.1,0.13,1.1,37.89797,-90.64297,274.3,-136.2,7.34,-46.1,11.7,0,8.461
12:56:24 PM,10/27/2025,251027-124437-112.bin,112,0,0.82,26.41,738.5,0.5,1.42,213,311.4,202,0.15,316.8,14.943,14.954,21.253,1.1,0.13,1.1,37.89797,-90.64297,274.3,-135.9,7.34,-46.1,11.7,0,8.46
12:56:23 PM,10/27/2025,251027-124437-112.bin,112,0,0.86,25.74,738.4,0.55,1.31,213.2,311.6,203,0.15,317,14.935,14.938,21.241,1.1,0.13,1.1,37.89797,-90.64297,274.4,-135.6,7.34,-46,11.7,0,8.464
12:56:22 PM,10/27/2025,251027-124437-112.bin,112,0,1.03,22.89,738.5,0.69,0.94,213.2,311.7,203,0.15,317.1,14.927,14.923,21.23,1.1,0.13,1.1,37.89797,-90.64297,274.4,-135.4,7.34,-45.9,11.7,0,8.468
12:56:21 PM,10/27/2025,251027-124437-112.bin,112,0,1.02,22.55,738.5,0.86,0.79,213.1,311.5,202,0.15,316.9,14.933,14.953,21.238,1.1,0.13,1.1,37.89797,-90.64297,274.4,-135.2,7.33,-45.9,11.7,0,8.467
12:56:20 PM,10/27/2025,251027-124437-112.bin,112,0,0.83,23.13,738.5,0.73,0.9,212.8,311.1,202,0.15,316.5,14.898,14.914,21.189,1.1,0.13,1.2,37.89797,-90.64297,274.5,-135,7.33,-45.9,11.7,0,8.466
12:56:19 PM,10/27/2025,251027-124437-112.bin,112,0,0.76,23.75,738.5,0.55,0.94,212.5,310.6,202,0.15,316,14.855,14.85,21.127,1.1,0.13,1.2,37.89797,-90.64297,274.5,-134.7,7.33,-45.9,11.7,0,8.465
12:56:18 PM,10/27/2025,251027-124437-112.bin,112,0,0.88,23.89,738.5,0.64,0.93,212.3,310.4,202,0.15,315.8,14.906,14.898,21.2,1.1,0.13,1.1,37.89797,-90.64297,274.5,-134.1,7.33,-45.9,11.7,0,8.459
12:56:17 PM,10/27/2025,251027-124437-112.bin,112,0,0.98,23.43,738.6,0.62,0.92,212,309.7,201,0.15,315.1,14.872,14.887,21.151,1.1,0.13,1.2,37.89797,-90.64297,274.5,-133.5,7.34,-46,11.7,0,8.47
12:56:16 PM,10/27/2025,251027-124437-112.bin,112,0,0.91,23.03,738.6,0.51,0.85,211.5,308.9,201,0.15,314.3,14.841,14.849,21.108,1.1,0.13,1.2,37.89797,-90.64297,274.4,-132.9,7.34,-46.1,11.7,0,8.498
12:56:15 PM,10/27/2025,251027-124437-112.bin,112,0,0.87,23.07,738.5,0.54,0.78,211.4,308.6,201,0.15,314,14.774,14.773,21.012,1.1,0.13,1.2,37.89797,-90.64297,274.3,-132.4,7.34,-46,11.7,0,8.508
12:56:14 PM,10/27/2025,251027-124437-112.bin,112,0,0.8,23.28,738.5,0.53,0.81,211.6,308.9,201,0.15,314.4,14.782,14.797,21.023,1.1,0.13,1.2,37.89797,-90.64297,274.2,-132.1,7.34,-46,11.7,0,8.507
12:56:13 PM,10/27/2025,251027-124437-112.bin,112,0,0.7,30.5,738.5,0.44,1.29,211.6,309,201,0.15,314.4,14.748,14.789,20.975,1.1,0.13,1.2,37.89797,-90.64297,274.1,-131.9,7.34,-46,11.7,0,8.501
12:56:12 PM,10/27/2025,251027-124437-112.bin,112,0,0.64,40.39,738.6,0.37,2.47,211.4,308.6,201,0.15,314,14.732,14.715,20.953,1.1,0.13,1.2,37.89797,-90.64297,274.1,-131.7,7.34,-46,11.7,0,8.501
12:56:11 PM,10/27/2025,251027-124437-112.bin,112,0,0.57,32.61,738.5,0.35,1.94,211.4,308.7,201,0.15,314.1,14.712,14.695,20.924,1.2,0.14,1.2,37.89797,-90.64297,274,-131.4,7.34,-46,11.7,0,8.5
12:56:10 PM,10/27/2025,251027-124437-112.bin,112,0,0.49,21.63,738.6,0.3,0.62,211.4,308.7,201,0.15,314.1,14.711,14.733,20.922,1.2,0.13,1.2,37.89797,-90.64297,273.9,-131.1,7.33,-45.9,11.7,0,8.501
12:56:09 PM,10/27/2025,251027-124437-112.bin,112,0,0.5,21.57,738.5,0.29,0.62,211.3,308.5,201,0.15,313.9,14.693,14.712,20.897,1.1,0.13,1.2,37.89797,-90.64297,273.9,-130.8,7.33,-45.9,11.7,0,8.504
12:56:08 PM,10/27/2025,251027-124437-112.bin,112,0,0.47,21.61,738.4,0.29,0.62,211.3,308.4,200,0.15,313.8,14.666,14.658,20.859,1.2,0.14,1.2,37.89797,-90.64297,273.8,-130.4,7.33,-45.9,11.7,0,8.505
12:56:07 PM,10/27/2025,251027-124437-112.bin,112,0,0.5,21.78,738.5,0.26,0.65,211.1,308.2,200,0.15,313.6,14.636,14.63,20.816,1.2,0.14,1.2,37.89797,-90.64297,273.8,-130.1,7.33,-45.8,11.7,0,8.508
12:56:06 PM,10/27/2025,251027-124437-112.bin,112,0,0.51,22.18,738.6,0.27,0.66,211,308,200,0.15,313.4,14.62,14.644,20.793,1.2,0.14,1.2,37.89797,-90.64297,273.8,-129.7,7.33,-45.7,11.7,0,8.511
12:56:05 PM,10/27/2025,251027-124437-112.bin,112,0,0.52,22.08,738.5,0.3,0.65,210.9,307.8,200,0.15,313.2,14.594,14.608,20.756,1.2,0.14,1.2,37.89797,-90.64297,273.7,-129.3,7.33,-45.7,11.7,0,8.515
12:56:04 PM,10/27/2025,251027-124437-112.bin,112,0,0.56,21.87,738.6,0.33,0.6,210.5,307.2,200,0.15,312.6,14.57,14.564,20.722,1.2,0.14,1.3,37.89797,-90.64297,273.7,-128.7,7.33,-45.6,11.7,0,8.522
12:56:03 PM,10/27/2025,251027-124437-112.bin,112,0,0.55,21.88,738.6,0.37,0.57,210.3,306.9,199,0.15,312.2,14.537,14.562,20.674,1.2,0.14,1.3,37.89797,-90.64297,273.7,-128.2,7.33,-45.6,11.7,0,8.527
12:56:02 PM,10/27/2025,251027-124437-112.bin,112,0,0.58,21.82,738.4,0.36,0.56,210,306.4,199,0.15,311.8,14.5,14.529,20.622,1.2,0.14,1.3,37.89797,-90.64297,273.7,-127.7,7.33,-45.5,11.7,0,8.532
12:56:01 PM,10/27/2025,251027-124437-112.bin,112,0,0.57,21.76,738.6,0.31,0.56,209.8,306,199,0.15,311.4,14.473,14.47,20.584,1.2,0.14,1.3,37.89797,-90.64297,273.7,-127.1,7.33,-45.5,11.7,0,8.537
12:56:00 PM,10/27/2025,251027-124437-112.bin,112,0,0.6,22.09,738.6,0.32,0.6,209.7,305.9,199,0.15,311.3,14.446,14.444,20.545,1.2,0.15,1.3,37.89797,-90.64297,273.7,-126.6,7.33,-45.4,11.7,0,8.541
12:55:59 PM,10/27/2025,251027-124437-112.bin,112,0,0.62,22.19,738.6,0.33,0.58,209.7,305.8,199,0.15,311.1,14.414,14.438,20.499,1.2,0.14,1.3,37.89797,-90.64297,273.6,-126.1,7.32,-45.4,11.7,0,8.545
12:55:58 PM,10/27/2025,251027-124437-112.bin,112,0,0.56,21.92,738.5,0.33,0.56,209.6,305.6,199,0.15,311,14.38,14.403,20.452,1.3,0.15,1.3,37.89797,-90.64297,273.5,-125.5,7.32,-45.3,11.7,0,8.549
12:55:57 PM,10/27/2025,251027-124437-112.bin,112,0,0.55,21.96,738.5,0.33,0.6,209.5,305.4,199,0.15,310.8,14.361,14.353,20.425,1.3,0.15,1.3,37.89797,-90.64297,273.4,-124.9,7.32,-45.2,11.7,0,8.553
12:55:56 PM,10/27/2025,251027-124437-112.bin,112,0,0.58,22.04,738.5,0.3,0.63,209.4,305.4,198,0.15,310.7,14.341,14.338,20.397,1.3,0.15,1.3,37.89797,-90.64297,273.3,-124.4,7.32,-45.1,11.7,0,8.555
12:55:55 PM,10/27/2025,251027-124437-112.bin,112,0,0.59,22.26,738.5,0.3,0.62,209.4,305.3,198,0.15,310.7,14.312,14.332,20.354,1.3,0.15,1.3,37.89797,-90.64297,273.3,-123.9,7.32,-45,11.7,0,8.556
12:55:54 PM,10/27/2025,251027-124437-112.bin,112,0,0.65,22.43,738.5,0.33,0.6,209.4,305.2,198,0.15,310.6,14.263,14.281,20.286,1.3,0.15,1.3,37.89797,-90.64297,273.2,-123.4,7.32,-45,11.7,0,8.559
12:55:53 PM,10/27/2025,251027-124437-112.bin,112,0,0.71,22.32,738.5,0.34,0.58,209.1,304.8,198,0.15,310.1,14.256,14.253,20.275,1.3,0.15,1.4,37.89797,-90.64297,273.3,-122.9,7.32,-44.9,11.7,0,8.563
12:55:52 PM,10/27/2025,251027-124437-112.bin,112,0,0.75,22.4,738.6,0.37,0.56,208.8,304.3,198,0.15,309.6,14.233,14.254,20.243,1.3,0.15,1.3,37.89798,-90.64297,273.2,-122.4,7.32,-44.9,11.7,0,8.57
12:55:51 PM,10/27/2025,251027-124437-112.bin,112,0,0.76,22.32,738.5,0.43,0.57,208.8,304.2,198,0.15,309.5,14.18,14.199,20.167,1.3,0.15,1.4,37.89798,-90.64297,273.2,-121.9,7.32,-44.8,11.7,0,8.573
12:55:50 PM,10/27/2025,251027-124437-112.bin,112,0,0.74,22.54,738.4,0.4,0.6,208.4,303.7,197,0.15,309,14.117,14.125,20.078,1.3,0.16,1.4,37.89798,-90.64297,273.2,-121.4,7.31,-44.8,11.7,0,8.578
12:55:49 PM,10/27/2025,251027-124437-112.bin,112,0,0.76,22.86,738.6,0.36,0.67,208.1,303,197,0.15,308.3,14.125,14.13,20.089,1.3,0.16,1.4,37.89798,-90.64297,273.2,-121,7.31,-44.7,11.7,0,8.591
12:55:48 PM,10/27/2025,251027-124437-112.bin,112,0,0.84,22.82,738.5,0.37,0.71,207.6,302.2,196,0.14,307.5,14.101,14.128,20.054,1.3,0.16,1.4,37.89798,-90.64297,273.1,-120.4,7.31,-44.7,11.7,0,8.608
12:55:47 PM,10/27/2025,251027-124437-112.bin,112,0,0.92,22.84,738.5,0.41,0.68,207.1,301.4,196,0.14,306.7,14.045,14.047,19.975,1.4,0.16,1.4,37.89798,-90.64297,273.1,-119.9,7.31,-44.6,11.7,0,8.629
12:55:46 PM,10/27/2025,251027-124437-112.bin,112,0,0.93,23.09,738.6,0.43,0.64,206.9,301,196,0.14,306.2,13.993,13.981,19.901,1.4,0.16,1.4,37.89798,-90.64297,273.2,-119.4,7.31,-44.5,11.7,0,8.644
12:55:45 PM,10/27/2025,251027-124437-112.bin,112,0,0.91,23.52,738.5,0.45,0.64,206.8,300.7,195,0.14,305.9,14.006,14.011,19.92,1.4,0.16,1.4,37.89798,-90.64297,273.2,-118.8,7.31,-44.5,11.7,0,8.654
12:55:44 PM,10/27/2025,251027-124437-112.bin,112,0,0.91,23.77,738.5,0.42,0.62,206.6,300.4,195,0.14,305.6,13.965,13.995,19.861,1.4,0.16,1.4,37.89798,-90.64297,273.2,-118.3,7.31,-44.5,11.7,0,8.659
12:55:43 PM,10/27/2025,251027-124437-112.bin,112,0,0.9,23.91,738.5,0.41,0.68,206.5,300.1,195,0.14,305.4,13.949,13.934,19.838,1.4,0.16,1.4,37.89798,-90.64297,273.2,-117.7,7.31,-44.5,11.7,0,8.66
12:55:42 PM,10/27/2025,251027-124437-112.bin,112,0,0.93,23.74,738.5,0.42,0.75,206.2,299.8,195,0.14,305.1,13.92,13.91,19.797,1.4,0.16,1.4,37.89798,-90.64297,273,-117.2,7.31,-44.4,11.7,0,8.656
12:55:41 PM,10/27/2025,251027-124437-112.bin,112,0,1.01,23.61,738.5,0.46,0.68,206.1,299.6,195,0.14,304.8,13.907,13.939,19.778,1.4,0.17,1.5,37.89798,-90.64297,273,-116.8,7.31,-44.3,11.7,0,8.656
12:55:40 PM,10/27/2025,251027-124437-112.bin,112,0,1.05,23.79,738.5,0.5,0.65,205.9,299.2,194,0.14,304.5,13.89,13.92,19.754,1.4,0.17,1.5,37.89798,-90.64297,273.1,-116.6,7.3,-44.2,11.7,0,8.669
12:55:39 PM,10/27/2025,251027-124437-112.bin,112,0,0.99,24.22,738.5,0.46,0.68,205.6,298.6,194,0.14,303.9,13.867,13.856,19.722,1.4,0.17,1.5,37.89798,-90.64297,273.2,-116.2,7.3,-44.2,11.7,0,8.691
12:55:38 PM,10/27/2025,251027-124437-112.bin,112,0,1.03,24.49,738.5,0.45,0.69,205.2,297.8,194,0.14,303.1,13.833,13.822,19.673,1.5,0.17,1.5,37.89798,-90.64297,273.2,-115.7,7.3,-44.1,11.7,0,8.707
12:55:37 PM,10/27/2025,251027-124437-112.bin,112,0,1.12,24.31,738.5,0.46,0.72,204.9,297.4,193,0.14,302.6,13.832,13.851,19.672,1.5,0.17,1.5,37.89798,-90.64297,273.4,-115.3,7.3,-44.1,11.7,0,8.722
12:55:36 PM,10/27/2025,251027-124437-112.bin,112,0,1.07,24.08,738.5,0.5,0.71,204.7,296.9,193,0.14,302.1,13.779,13.819,19.597,1.5,0.17,1.5,37.89798,-90.64297,273.5,-114.7,7.3,-44,11.7,0,8.744
12:55:35 PM,10/27/2025,251027-124437-112.bin,112,0,1.1,24.22,738.6,0.51,0.65,204.3,296.2,193,0.14,301.4,13.746,13.742,19.549,1.5,0.18,1.5,37.89798,-90.64297,273.6,-114.1,7.3,-44,11.7,0,8.758
12:55:34 PM,10/27/2025,251027-124437-112.bin,112,0,1.14,24.29,738.5,0.52,0.63,204,295.7,192,0.14,300.9,13.705,13.704,19.491,1.5,0.18,1.6,37.89798,-90.64297,273.7,-113.4,7.3,-43.9,11.7,0,8.768
12:55:33 PM,10/27/2025,251027-124437-112.bin,112,0,1.13,24.42,738.5,0.52,0.66,203.9,295.4,192,0.14,300.6,13.687,13.718,19.466,1.5,0.18,1.6,37.89798,-90.64297,273.8,-112.9,7.3,-43.9,11.7,0,8.778
12:55:32 PM,10/27/2025,251027-124437-112.bin,112,0,1.18,24.56,738.5,0.52,0.71,203.9,295.3,192,0.14,300.5,13.666,13.686,19.435,1.5,0.18,1.6,37.89798,-90.64297,273.9,-112.4,7.3,-43.8,11.7,0,8.791
12:55:31 PM,10/27/2025,251027-124437-112.bin,112,0,1.2,24.58,738.5,0.54,0.74,203.7,295,192,0.14,300.1,13.648,13.64,19.41,1.6,0.18,1.6,37.89798,-90.64297,273.9,-111.9,7.3,-43.7,11.7,0,8.795
12:55:30 PM,10/27/2025,251027-124437-112.bin,112,0,1.17,24.67,738.6,0.53,0.7,203.6,294.8,192,0.14,300,13.623,13.615,19.375,1.6,0.18,1.6,37.89798,-90.64297,274,-111.5,7.29,-43.7,11.7,0,8.799
12:55:29 PM,10/27/2025,251027-124437-112.bin,112,0,1.19,24.82,738.5,0.49,0.68,203.5,294.6,191,0.14,299.8,13.599,13.625,19.34,1.6,0.18,1.6,37.89798,-90.64297,274.2,-110.8,7.29,-43.6,11.7,0,8.808
12:55:28 PM,10/27/2025,251027-124437-112.bin,112,0,1.21,25.04,738.5,0.52,0.71,203.2,294.1,191,0.14,299.3,13.57,13.599,19.299,1.6,0.18,1.6,37.89798,-90.64297,274.2,-110.2,7.29,-43.6,11.7,0,8.823
12:55:27 PM,10/27/2025,251027-124437-112.bin,112,0,1.22,24.87,738.6,0.54,0.68,203,293.6,191,0.14,298.8,13.545,13.54,19.263,1.6,0.19,1.6,37.89798,-90.64297,274.6,-109.8,7.29,-43.6,11.7,0,8.832
12:55:26 PM,10/27/2025,251027-124437-112.bin,112,0,1.24,24.83,738.5,0.54,0.68,202.9,293.5,191,0.14,298.6,13.505,13.509,19.207,1.6,0.19,1.7,37.89798,-90.64297,274.7,-109.1,7.29,-43.5,11.7,0,8.843
12:55:25 PM,10/27/2025,251027-124437-112.bin,112,0,1.23,24.94,738.5,0.55,0.68,202.8,293.2,191,0.14,298.4,13.47,13.498,19.156,1.6,0.19,1.7,37.89798,-90.64297,274.6,-108.5,7.29,-43.5,11.7,0,8.856
12:55:24 PM,10/27/2025,251027-124437-112.bin,112,0,1.29,24.85,738.6,0.56,0.66,202.8,293.1,191,0.14,298.3,13.45,13.444,19.129,1.6,0.19,1.7,37.89798,-90.64297,274.6,-107.9,7.29,-43.4,11.7,0,8.866
12:55:23 PM,10/27/2025,251027-124437-112.bin,112,0,1.34,24.77,738.5,0.55,0.7,202.6,292.7,190,0.14,297.9,13.428,13.432,19.098,1.7,0.19,1.7,37.89798,-90.64297,274.7,-107.3,7.29,-43.4,11.7,0,8.872
12:55:22 PM,10/27/2025,251027-124437-112.bin,112,0,1.33,24.69,738.6,0.6,0.7,202.2,292.2,190,0.14,297.4,13.392,13.408,19.046,1.7,0.19,1.7,37.89798,-90.64297,274.7,-106.6,7.29,-43.3,11.7,0,8.874
12:55:21 PM,10/27/2025,251027-124437-112.bin,112,0,1.3,24.76,738.5,0.64,0.69,201.9,291.6,190,0.14,296.8,13.337,13.349,18.967,1.7,0.19,1.7,37.89798,-90.64297,274.6,-105.9,7.29,-43.3,11.7,0,8.894
12:55:20 PM,10/27/2025,251027-124437-112.bin,112,0,1.29,24.75,738.6,0.62,0.68,201.6,290.9,189,0.14,296,13.338,13.337,18.969,1.7,0.2,1.8,37.89798,-90.64297,274.5,-105.1,7.29,-43.3,11.7,0,8.922
12:55:19 PM,10/27/2025,251027-124437-112.bin,112,0,1.28,24.61,738.5,0.57,0.65,201.4,290.6,189,0.14,295.7,13.335,13.357,18.965,1.7,0.2,1.8,37.89798,-90.64297,274.4,-104.5,7.29,-43.2,11.7,0,8.933
12:55:18 PM,10/27/2025,251027-124437-112.bin,112,0,1.29,24.79,738.5,0.57,0.69,201,289.9,188,0.14,295,13.276,13.287,18.88,1.7,0.2,1.8,37.89798,-90.64297,274.3,-103.9,7.29,-43.1,11.7,0,8.935
12:55:17 PM,10/27/2025,251027-124437-112.bin,112,0,1.37,24.91,738.5,0.58,0.74,200.6,289.3,188,0.14,294.4,13.271,13.242,18.874,1.7,0.2,1.8,37.89798,-90.64297,274.2,-103.2,7.28,-43.1,11.7,0,8.95
12:55:16 PM,10/27/2025,251027-124437-112.bin,112,0,1.37,24.93,738.6,0.57,0.68,200.3,288.6,188,0.14,293.7,13.265,13.269,18.865,1.7,0.2,1.8,37.89798,-90.64297,274.3,-102.6,7.28,-43,11.7,0,8.973
12:55:15 PM,10/27/2025,251027-124437-112.bin,112,0,1.35,24.9,738.5,0.59,0.65,200.1,288.3,187,0.14,293.4,13.23,13.261,18.816,1.8,0.2,1.8,37.89798,-90.64297,274.4,-102,7.28,-43,11.7,0,8.987
12:55:14 PM,10/27/2025,251027-124437-112.bin,112,0,1.32,24.72,738.5,0.59,0.66,199.9,287.9,187,0.14,293,13.222,13.219,18.803,1.8,0.2,1.8,37.89798,-90.64297,274.5,-101.2,7.28,-42.9,11.7,0,8.99
12:55:13 PM,10/27/2025,251027-124437-112.bin,112,0,1.28,24.72,738.5,0.56,0.67,199.8,287.6,187,0.14,292.7,13.174,13.177,18.735,1.8,0.21,1.8,37.89798,-90.64297,274.6,-100.1,7.28,-42.8,11.7,0,9.01
12:55:12 PM,10/27/2025,251027-124437-112.bin,112,0,1.28,24.76,738.6,0.6,0.69,199.8,287.4,187,0.14,292.5,13.189,13.192,18.757,1.8,0.21,1.8,37.89798,-90.64297,274.5,-99,7.28,-42.7,11.7,0,9.03
12:55:11 PM,10/27/2025,251027-124437-112.bin,112,0,1.31,24.64,738.4,0.61,0.67,199.8,287.3,187,0.14,292.4,13.164,13.194,18.721,1.8,0.21,1.8,37.89798,-90.64297,274.5,-97.6,7.28,-42.6,11.7,0,9.045
12:55:10 PM,10/27/2025,251027-124437-112.bin,112,0,1.33,24.76,738.5,0.56,0.69,199.6,287,187,0.14,292.1,13.124,13.12,18.664,1.8,0.21,1.9,37.89798,-90.64297,274.5,-96.6,7.27,-42.5,11.7,0,9.06
12:55:09 PM,10/27/2025,251027-124437-112.bin,112,0,1.31,24.85,738.6,0.55,0.73,199.5,286.7,186,0.14,291.7,13.075,13.067,18.595,1.9,0.21,1.9,37.89798,-90.64297,274.5,-95.6,7.27,-42.3,11.7,0,9.073
12:55:08 PM,10/27/2025,251027-124437-112.bin,112,0,1.31,24.89,738.6,0.57,0.75,199.3,286.4,186,0.14,291.5,13.087,13.092,18.612,1.9,0.22,1.9,37.89798,-90.64297,274.5,-94.6,7.27,-42.2,11.7,0,9.083
12:55:07 PM,10/27/2025,251027-124437-112.bin,112,0,1.29,25.11,738.4,0.61,0.75,199.4,286.5,186,0.14,291.6,13.059,13.09,18.572,1.9,0.22,1.9,37.89798,-90.64297,274.6,-93.6,7.27,-42.1,11.7,0,9.09
12:55:06 PM,10/27/2025,251027-124437-112.bin,112,0,1.29,25.13,738.5,0.63,0.73,199.5,286.5,186,0.14,291.6,13.041,13.029,18.547,1.9,0.22,1.9,37.89798,-90.64297,274.6,-92.7,7.27,-42.1,11.7,0,9.092
12:55:05 PM,10/27/2025,251027-124437-112.bin,112,0,1.31,25.23,738.4,0.63,0.77,199.4,286.5,186,0.14,291.5,13.02,13.003,18.516,1.9,0.22,2,37.89798,-90.64297,274.7,-91.3,7.26,-42,11.7,0,9.086
12:55:04 PM,10/27/2025,251027-124437-112.bin,112,0,1.29,25.11,738.5,0.58,0.76,199.3,286.5,186,0.14,291.5,13.004,13.032,18.494,1.9,0.22,2,37.89798,-90.64297,274.7,-90,7.26,-41.9,11.7,0,9.069
12:55:03 PM,10/27/2025,251027-124437-112.bin,112,0,1.22,24.82,738.5,0.57,0.72,199.1,286.2,186,0.14,291.2,12.98,13.003,18.46,1.9,0.22,2,37.89798,-90.64297,274.8,-88.6,7.26,-41.7,11.7,0,9.069
12:55:02 PM,10/27/2025,251027-124437-112.bin,112,0,1.22,24.8,738.5,0.58,0.73,198.9,285.7,186,0.14,290.8,12.952,12.946,18.419,2,0.22,2,37.89798,-90.64297,274.9,-87.3,7.26,-41.6,11.7,0,9.084
12:55:01 PM,10/27/2025,251027-124437-112.bin,112,0,1.29,24.84,738.5,0.54,0.73,198.6,285.2,185,0.14,290.2,12.907,12.91,18.356,2,0.23,2,37.89798,-90.64297,274.8,-86.1,7.26,-41.6,11.7,0,9.1
12:55:00 PM,10/27/2025,251027-124437-112.bin,112,0,1.3,24.91,738.5,0.54,0.75,198.3,284.7,185,0.14,289.8,12.881,12.914,18.318,2,0.23,2,37.89798,-90.64297,274.9,-83.9,7.26,-41.5,11.7,0,9.116
12:54:59 PM,10/27/2025,251027-124437-112.bin,112,0,1.22,24.86,738.6,0.57,0.79,198.2,284.4,185,0.14,289.4,12.859,12.882,18.288,2,0.23,2,37.89798,-90.64297,274.9,-82,7.25,-41.4,11.7,0,9.126
12:54:58 PM,10/27/2025,251027-124437-112.bin,112,0,1.16,24.93,738.6,0.56,0.77,198,284.1,185,0.14,289.1,12.842,12.836,18.263,2,0.23,2.1,37.89798,-90.64297,275,-80.1,7.25,-41.3,11.7,0,9.14
12:54:57 PM,10/27/2025,251027-124437-112.bin,112,0,1.16,25.37,738.5,0.57,0.8,197.7,283.5,184,0.14,288.5,12.814,12.808,18.224,2,0.23,2.1,37.89798,-90.64297,275,-78,7.25,-41.2,11.7,0,9.154
12:54:56 PM,10/27/2025,251027-124437-112.bin,112,0,1.16,25.42,738.5,0.57,0.84,197.2,282.7,184,0.14,287.6,12.789,12.811,18.187,2,0.23,2.1,37.89798,-90.64297,275,-76.4,7.25,-41.2,11.7,0,9.164
12:54:55 PM,10/27/2025,251027-124437-112.bin,112,0,1.15,25.01,738.5,0.59,0.8,197,282.3,183,0.14,287.3,12.778,12.775,18.173,2,0.24,2.1,37.89798,-90.64297,275,-74.3,7.25,-41.1,11.7,0,9.185
12:54:54 PM,10/27/2025,251027-124437-112.bin,112,0,1.15,25.16,738.5,0.6,0.79,196.9,281.8,183,0.14,286.8,12.763,12.783,18.15,2.1,0.24,2.1,37.89798,-90.64297,275,-72.6,7.25,-41.1,11.7,0,9.226
12:54:53 PM,10/27/2025,251027-124437-112.bin,112,0,1.17,25.62,738.5,0.6,0.87,196.7,281.2,183,0.13,286.2,12.721,12.743,18.091,2.1,0.24,2.2,37.89798,-90.64297,274.9,-71.3,7.25,-41.1,11.7,0,9.262
12:54:52 PM,10/27/2025,251027-124437-112.bin,112,0,1.23,25.95,738.5,0.68,0.92,196.3,280.3,182,0.13,285.2,12.686,12.71,18.04,2.1,0.24,2.2,37.89798,-90.64297,274.9,-68.7,7.25,-41.2,11.7,0,9.304
12:54:51 PM,10/27/2025,251027-124437-112.bin,112,0,1.29,26.84,738.4,0.82,0.98,196,279.5,182,0.13,284.4,12.669,12.669,18.017,2.1,0.24,2.2,37.89798,-90.64297,274.7,-65.3,7.25,-41.3,11.7,0,9.353
12:54:50 PM,10/27/2025,251027-124437-112.bin,112,0,1.34,27.96,738.5,0.92,1.12,195.4,278.4,181,0.13,283.4,12.654,12.685,17.995,2.2,0.25,2.2,37.89798,-90.64297,274.7,-61.8,7.25,-41.3,11.7,0,9.392
12:54:49 PM,10/27/2025,251027-124437-112.bin,112,0,1.34,28.12,738.5,0.92,1.19,195.3,278.1,181,0.13,283,12.607,12.622,17.929,2.2,0.25,2.2,37.89798,-90.64297,274.6,-58,7.25,-41.2,11.7,0,9.425
12:54:48 PM,10/27/2025,251027-124437-112.bin,112,0,1.36,29.07,738.5,0.99,1.28,195.2,277.8,181,0.13,282.7,12.558,12.559,17.859,2.2,0.25,2.2,37.89798,-90.64297,274.4,-53.5,7.25,-41.2,11.7,0,9.434
12:54:47 PM,10/27/2025,251027-124437-112.bin,112,0,1.52,30.09,738.5,1.19,1.43,195.1,277.6,180,0.13,282.5,12.565,12.562,17.869,2.2,0.25,2.2,37.89798,-90.64297,274.5,-50,7.25,-41.2,11.7,0,9.44
12:54:46 PM,10/27/2025,251027-124437-112.bin,112,0,1.52,29.55,738.5,1.31,1.43,194.9,277.3,180,0.13,282.2,12.555,12.586,17.855,2.2,0.25,2.3,37.89798,-90.64297,274.4,-45.9,7.25,-41.1,11.7,0,9.445
12:54:45 PM,10/27/2025,251027-124437-112.bin,112,0,1.48,28.73,738.6,1.3,1.3,194.7,276.9,180,0.13,281.8,12.516,12.526,17.799,2.2,0.26,2.3,37.89798,-90.64297,274.3,-41.8,7.25,-41,11.7,0,9.463
12:54:44 PM,10/27/2025,251027-124437-112.bin,112,0,1.49,29.26,738.5,1.24,1.28,194.7,276.7,180,0.13,281.6,12.475,12.46,17.74,2.3,0.26,2.3,37.89798,-90.64297,274.3,-37.6,7.25,-41,11.7,0,9.485
12:54:43 PM,10/27/2025,251027-124437-112.bin,112,0,1.49,30.2,738.5,1.27,1.41,194.7,276.7,180,0.13,281.6,12.489,12.489,17.761,2.3,0.26,2.3,37.89798,-90.64297,274.3,-33.4,7.25,-40.9,11.7,0,9.487
12:54:42 PM,10/27/2025,251027-124437-112.bin,112,0,1.48,30.72,738.5,1.25,1.43,194.7,276.6,180,0.13,281.5,12.48,12.503,17.747,2.3,0.26,2.3,37.89798,-90.64297,274.3,-28.8,7.25,-40.9,11.7,0,9.495
12:54:41 PM,10/27/2025,251027-124437-112.bin,112,0,1.45,31.02,738.4,1.3,1.47,194.6,276.5,180,0.13,281.4,12.44,12.439,17.691,2.3,0.26,2.4,37.89798,-90.64297,274.2,-26.9,7.25,-40.9,11.7,0,9.501
12:54:40 PM,10/27/2025,251027-124437-112.bin,112,0,1.47,31.64,738.6,1.36,1.57,194.6,276.4,180,0.13,281.3,12.399,12.388,17.632,2.3,0.26,2.4,37.89798,-90.64297,274.2,-23.2,7.24,-40.9,11.7,0,9.503
12:54:39 PM,10/27/2025,251027-124437-112.bin,112,0,1.44,31.96,738.4,1.26,1.6,194.7,276.5,180,0.13,281.4,12.417,12.423,17.659,2.3,0.27,2.4,37.89798,-90.64297,274.1,-18.5,7.24,-40.9,11.7,0,9.504
12:54:38 PM,10/27/2025,251027-124437-112.bin,112,0,1.41,32.01,738.5,1.23,1.58,194.7,276.5,180,0.13,281.4,12.385,12.423,17.613,2.4,0.27,2.4,37.89798,-90.64297,274.1,-12,7.24,-40.9,11.7,0,9.503
12:54:37 PM,10/27/2025,251027-124437-112.bin,112,0,1.39,31.39,738.5,1.27,1.49,194.6,276.5,180,0.13,281.4,12.354,12.351,17.569,2.4,0.27,2.4,37.89798,-90.64297,274.1,-1.9,7.24,-40.9,11.7,0,9.5
12:54:36 PM,10/27/2025,251027-124437-112.bin,112,0,1.32,30.7,738.5,1.21,1.46,194.6,276.5,180,0.13,281.4,12.326,12.326,17.529,2.4,0.27,2.5,37.89798,-90.64297,274,0.9,7.24,-40.8,11.7,0,9.493
12:54:35 PM,10/27/2025,251027-124437-112.bin,112,0,1.3,31.14,738.5,1.17,1.53,194.5,276.3,180,0.13,281.1,12.325,12.338,17.528,2.4,0.28,2.5,37.89798,-90.64297,273.9,6.9,7.24,-40.8,11.7,0,9.499
12:54:34 PM,10/27/2025,251027-124437-112.bin,112,0,1.32,32.09,738.5,1.23,1.65,194.3,275.9,179,0.13,280.7,12.286,12.31,17.471,2.5,0.28,2.5,37.89798,-90.64297,273.8,14.5,7.25,-40.9,11.7,0,9.517
12:54:33 PM,10/27/2025,251027-124437-112.bin,112,0,1.31,32.9,738.5,1.36,1.72,194.2,275.7,179,0.13,280.5,12.266,12.258,17.443,2.5,0.28,2.5,37.89798,-90.64297,273.8,27.9,7.25,-40.9,11.7,0,9.522
12:54:32 PM,10/27/2025,251027-124437-112.bin,112,0,1.27,33.26,738.5,1.34,1.79,194,275.5,179,0.13,280.3,12.237,12.25,17.402,2.5,0.29,2.6,37.89798,-90.64297,273.8,31.3,7.25,-40.9,11.7,0,9.515
12:54:31 PM,10/27/2025,251027-124437-112.bin,112,0,1.21,32.39,738.5,1.3,1.66,194,275.5,179,0.13,280.4,12.212,12.229,17.366,2.5,0.29,2.6,37.89798,-90.64297,273.7,39.7,7.25,-41,11.7,0,9.515
12:54:30 PM,10/27/2025,251027-124437-112.bin,112,0,1.25,31.73,738.4,1.39,1.55,194,275.4,179,0.13,280.3,12.193,12.185,17.34,2.5,0.29,2.6,37.89799,-90.64297,273.7,49,7.25,-41.1,11.7,0,9.525
12:54:29 PM,10/27/2025,251027-124437-112.bin,112,0,1.38,31.96,738.5,1.49,1.61,193.9,275.2,179,0.13,280,12.167,12.164,17.303,2.6,0.29,2.6,37.89799,-90.64297,273.8,64.1,7.25,-41.2,11.7,0,9.531
12:54:28 PM,10/27/2025,251027-124437-112.bin,112,0,1.43,32.18,738.5,1.57,1.68,193.5,274.7,179,0.13,279.5,12.142,12.132,17.268,2.6,0.3,2.7,37.89799,-90.64297,273.8,72.8,7.25,-41.3,11.7,0,9.536
12:54:27 PM,10/27/2025,251027-124437-112.bin,112,0,1.32,32.15,738.5,1.5,1.63,193.4,274.4,178,0.13,279.2,12.128,12.146,17.247,2.6,0.3,2.7,37.89799,-90.64297,273.8,84.7,7.25,-41.4,11.7,0,9.542
12:54:26 PM,10/27/2025,251027-124437-112.bin,112,0,1.24,32.33,738.6,1.46,1.6,193.4,274.3,178,0.13,279.1,12.115,12.105,17.228,2.7,0.3,2.7,37.89799,-90.64297,273.8,99.2,7.26,-41.5,11.7,0,9.552
12:54:25 PM,10/27/2025,251027-124437-112.bin,112,0,1.25,32.37,738.5,1.44,1.67,193.3,274.1,178,0.13,278.9,12.098,12.092,17.204,2.7,0.3,2.7,37.89799,-90.64297,274,108.7,7.26,-41.7,11.7,0,9.569
12:54:24 PM,10/27/2025,251027-124437-112.bin,112,0,1.32,32.49,738.5,1.53,1.7,193.1,273.7,178,0.13,278.5,12.069,12.064,17.164,2.7,0.31,2.8,37.89799,-90.64298,274.1,119.9,7.26,-41.9,11.7,0,9.58
12:54:23 PM,10/27/2025,251027-124437-112.bin,112,0,1.38,33.1,738.5,1.64,1.7,192.9,273.3,178,0.13,278.1,12.052,12.068,17.139,2.7,0.31,2.8,37.89799,-90.64298,274.2,134.5,7.27,-42.1,11.7,0,9.605
12:54:22 PM,10/27/2025,251027-124437-112.bin,112,0,1.43,33.78,738.5,1.7,1.72,192.8,272.8,177,0.13,277.6,12.03,12.036,17.107,2.7,0.31,2.8,37.89799,-90.64298,274.2,147.5,7.27,-42.2,11.7,0,9.64
12:54:21 PM,10/27/2025,251027-124437-112.bin,112,0,1.48,34.64,738.6,1.77,1.89,192.6,272.5,177,0.13,277.3,12.002,12.006,17.068,2.8,0.31,2.8,37.89799,-90.64298,274.2,162.4,7.27,-42.3,11.7,0,9.658
12:54:20 PM,10/27/2025,251027-124437-112.bin,112,0,1.43,35.58,738.5,1.74,2.02,192.4,272,177,0.13,276.8,11.965,11.963,17.014,2.8,0.32,2.9,37.89799,-90.64298,274.2,166.3,7.27,-42.5,11.7,0,9.681
12:54:19 PM,10/27/2025,251027-124437-112.bin,112,0,1.49,36.58,738.5,1.87,2.11,192.2,271.6,177,0.13,276.4,11.948,11.971,16.991,2.8,0.32,2.9,37.89799,-90.64298,274.1,170,7.28,-42.7,11.7,0,9.699
12:54:18 PM,10/27/2025,251027-124437-112.bin,112,0,1.61,37.71,738.6,2,2.18,192.1,271.3,176,0.13,276.1,11.933,11.944,16.97,2.9,0.33,2.9,37.89799,-90.64298,274,172.8,7.28,-42.7,11.7,0,9.706
12:54:17 PM,10/27/2025,251027-124437-112.bin,112,0,1.69,39.19,738.5,2.02,2.3,191.9,270.8,176,0.13,275.6,11.909,11.913,16.935,2.9,0.33,3,37.898,-90.64298,274.1,174.8,7.28,-42.7,11.7,0,9.735
12:54:16 PM,10/27/2025,251027-124437-112.bin,112,0,1.7,40.89,738.5,2.01,2.38,191.7,270.5,176,0.13,275.3,11.894,11.911,16.915,2.9,0.33,3,37.898,-90.64298,274.2,176,7.28,-42.8,11.7,0,9.76
12:54:15 PM,10/27/2025,251027-124437-112.bin,112,0,1.67,41.42,738.5,1.99,2.33,191.7,270.3,176,0.13,275.1,11.83,11.839,16.823,3,0.34,3,37.898,-90.64298,274.3,176.3,7.28,-42.8,11.7,0,9.778
12:54:14 PM,10/27/2025,251027-124437-112.bin,112,0,1.62,41.37,738.5,1.99,2.4,191.7,270.1,176,0.13,274.9,11.845,11.852,16.844,3,0.34,3.1,37.898,-90.64298,274.5,176.5,7.28,-42.9,11.7,0,9.807
12:54:13 PM,10/27/2025,251027-124437-112.bin,112,0,1.59,41.25,738.6,2,2.48,191.8,269.9,175,0.13,274.7,11.825,11.847,16.815,3,0.34,3.1,37.898,-90.64299,274.6,176.8,7.28,-42.9,11.7,0,9.84
12:54:12 PM,10/27/2025,251027-124437-112.bin,112,0,1.59,40.96,738.5,1.98,2.45,191.8,269.5,175,0.13,274.3,11.767,11.78,16.734,3,0.34,3.1,37.898,-90.64298,274.6,177.1,7.28,-42.9,11.7,0,9.914
12:54:11 PM,10/27/2025,251027-124437-112.bin,112,0,1.59,41.32,738.6,1.98,2.56,191.8,268.9,175,0.13,273.7,11.775,11.763,16.745,3.1,0.35,3.1,37.898,-90.64298,274.8,177.4,7.28,-42.9,11.7,0,9.98
12:54:10 PM,10/27/2025,251027-124437-112.bin,112,0,1.52,42.1,738.4,1.93,2.69,191.8,268.9,175,0.13,273.7,11.773,11.774,16.741,3.1,0.35,3.2,37.898,-90.64298,274.9,177.7,7.28,-42.9,11.7,0,9.987
12:54:09 PM,10/27/2025,251027-124437-112.bin,112,0,1.41,42.67,738.5,1.86,2.7,191.8,268.9,175,0.13,273.7,11.746,11.779,16.703,3.1,0.35,3.2,37.898,-90.64298,274.9,177.9,7.28,-42.9,11.7,0,9.984
12:54:08 PM,10/27/2025,251027-124437-112.bin,112,0,1.41,42.13,738.5,1.9,2.64,191.7,268.8,175,0.13,273.5,11.725,11.714,16.673,3.2,0.36,3.2,37.898,-90.64298,274.8,178.2,7.28,-42.8,11.7,0,9.986
12:54:07 PM,10/27/2025,251027-124437-112.bin,112,0,1.42,41.31,738.5,1.87,2.55,191.7,268.6,175,0.13,273.3,11.694,11.674,16.629,3.2,0.36,3.3,37.898,-90.64298,274.8,178.5,7.28,-42.8,11.7,0,10.004
12:54:06 PM,10/27/2025,251027-124437-112.bin,112,0,1.32,40.37,738.5,1.72,2.43,191.7,268.4,174,0.13,273.1,11.681,11.673,16.611,3.2,0.36,3.3,37.898,-90.64298,274.8,178.7,7.28,-42.8,11.7,0,10.044
12:54:05 PM,10/27/2025,251027-124437-112.bin,112,0,1.25,40.54,738.5,1.64,2.51,191.9,268.4,174,0.13,273.2,11.651,11.684,16.567,3.2,0.36,3.3,37.89801,-90.64298,274.8,179,7.28,-42.8,11.7,0,10.067
12:54:04 PM,10/27/2025,251027-124437-112.bin,112,0,1.28,40.09,738.5,1.64,2.51,192,268.5,175,0.13,273.3,11.624,11.617,16.529,3.3,0.37,3.3,37.89801,-90.64298,274.8,179.2,7.28,-42.7,11.7,0,10.077
12:54:03 PM,10/27/2025,251027-124437-112.bin,112,0,1.33,38.54,738.5,1.69,2.33,191.9,268.1,174,0.13,272.8,11.594,11.583,16.487,3.3,0.37,3.4,37.89801,-90.64298,274.8,179.5,7.28,-42.7,11.7,0,10.109
12:54:02 PM,10/27/2025,251027-124437-112.bin,112,0,1.28,38.19,738.5,1.63,2.29,192,267.8,174,0.13,272.6,11.578,11.601,16.464,3.4,0.38,3.4,37.89801,-90.64298,274.7,179.7,7.28,-42.7,11.7,0,10.166
12:54:01 PM,10/27/2025,251027-124437-112.bin,112,0,1.17,37.7,738.5,1.5,2.22,192.2,267.8,174,0.13,272.6,11.547,11.571,16.42,3.4,0.38,3.5,37.89801,-90.64298,274.7,180,7.28,-42.8,11.7,0,10.206
12:54:00 PM,10/27/2025,251027-124437-112.bin,112,0,1.17,36.31,738.6,1.51,2.11,192.2,267.6,174,0.13,272.3,11.531,11.551,16.397,3.5,0.39,3.5,37.89801,-90.64299,274.8,180.2,7.28,-42.8,11.7,0,10.242
12:53:59 PM,10/27/2025,251027-124437-112.bin,112,0,1.15,35.42,738.5,1.49,2.01,192.1,267.2,174,0.13,271.9,11.514,11.511,16.372,3.5,0.39,3.6,37.89801,-90.64299,274.8,180.4,7.28,-42.8,11.7,0,10.282
12:53:58 PM,10/27/2025,251027-124437-112.bin,112,0,1.09,35.4,738.6,1.45,1.93,191.9,266.9,173,0.13,271.6,11.49,11.493,16.338,3.5,0.4,3.6,37.89801,-90.64299,274.9,180.6,7.28,-42.7,11.7,0,10.291
12:53:57 PM,10/27/2025,251027-124437-112.bin,112,0,1.2,35.2,738.6,1.55,1.92,192.1,267,174,0.13,271.7,11.47,11.48,16.311,3.6,0.4,3.7,37.89801,-90.64299,274.8,180.6,7.28,-42.7,11.7,0,10.306
12:53:56 PM,10/27/2025,251027-124437-112.bin,112,0,1.19,34.33,738.5,1.54,1.86,192.2,266.7,173,0.13,271.5,11.452,11.449,16.284,3.6,0.4,3.7,37.89801,-90.64299,274.6,180.7,7.28,-42.7,11.7,0,10.362
12:53:55 PM,10/27/2025,251027-124437-112.bin,112,0,1.03,32.87,738.5,1.37,1.77,192.2,266.4,173,0.13,271.1,11.433,11.43,16.258,3.7,0.41,3.8,37.89801,-90.64299,274.6,180.7,7.28,-42.7,11.7,0,10.409
12:53:54 PM,10/27/2025,251027-124437-112.bin,112,0,0.98,32.88,738.5,1.23,1.81,192.3,266.5,173,0.13,271.2,11.408,11.424,16.222,3.7,0.42,3.8,37.89801,-90.64299,274.7,180.7,7.28,-42.7,11.7,0,10.421
12:53:53 PM,10/27/2025,251027-124437-112.bin,112,0,0.98,33.99,738.5,1.22,1.87,192.5,266.5,173,0.13,271.2,11.346,11.359,16.133,3.8,0.42,3.9,37.89801,-90.64299,274.8,180.7,7.28,-42.7,11.7,0,10.454
12:53:52 PM,10/27/2025,251027-124437-112.bin,112,0,0.97,33,738.5,1.26,1.78,192.7,266.5,173,0.13,271.2,11.345,11.344,16.132,3.9,0.43,4,37.89801,-90.64299,274.9,180.6,7.28,-42.7,11.7,0,10.495
12:53:51 PM,10/27/2025,251027-124437-112.bin,112,0,0.98,31.98,738.6,1.23,1.69,193,266.6,173,0.13,271.3,11.337,11.363,16.12,3.9,0.44,4,37.89801,-90.64299,274.9,180.6,7.28,-42.7,11.7,0,10.544
12:53:50 PM,10/27/2025,251027-124437-112.bin,112,0,1.01,33.93,738.6,1.18,1.76,193.1,266.5,173,0.13,271.2,11.293,11.308,16.057,4,0.44,4.1,37.89801,-90.64298,275.1,180.6,7.27,-42.6,11.7,0,10.588
12:53:49 PM,10/27/2025,251027-124437-112.bin,112,0,0.92,33.59,738.6,1.15,1.79,193.2,266.2,173,0.13,270.9,11.243,11.23,15.986,4,0.45,4.1,37.89801,-90.64299,275,180.6,7.27,-42.6,11.7,0,10.633
12:53:48 PM,10/27/2025,251027-124437-112.bin,112,0,0.89,30.91,738.5,1.12,1.6,193.2,265.9,173,0.13,270.6,11.249,11.247,15.995,4.1,0.45,4.2,37.89801,-90.64298,275.4,180.6,7.27,-42.6,11.7,0,10.676
12:53:47 PM,10/27/2025,251027-124437-112.bin,112,0,0.98,30.61,738.6,1.12,1.45,193.3,265.9,173,0.13,270.6,11.236,11.26,15.977,4.2,0.46,4.3,37.89801,-90.64299,275.3,180.6,7.27,-42.5,11.7,0,10.699
12:53:46 PM,10/27/2025,251027-124437-112.bin,112,0,1.05,33.06,738.6,1.14,1.57,193.5,266.1,173,0.13,270.8,11.164,11.182,15.875,4.2,0.47,4.3,37.89801,-90.64299,275.3,180.6,7.27,-42.5,11.7,0,10.723
12:53:45 PM,10/27/2025,251027-124437-112.bin,112,0,1.06,33.9,738.5,1.12,1.58,193.6,266.1,173,0.13,270.8,11.139,11.13,15.838,4.3,0.48,4.4,37.89801,-90.64299,275.3,180.6,7.27,-42.4,11.7,0,10.731
12:53:44 PM,10/27/2025,251027-124437-112.bin,112,0,0.99,32.71,738.6,1.13,1.49,193.6,266,173,0.13,270.7,11.147,11.155,15.851,4.4,0.48,4.5,37.89801,-90.64299,275.4,180.6,7.27,-42.4,11.7,0,10.757
12:53:43 PM,10/27/2025,251027-124437-112.bin,112,0,1.11,32.76,738.6,1.19,1.55,193.9,266.1,173,0.13,270.8,11.11,11.148,15.797,4.4,0.49,4.5,37.89801,-90.64299,275.2,180.6,7.27,-42.4,11.7,0,10.781
12:53:42 PM,10/27/2025,251027-124437-112.bin,112,0,1.19,33.76,738.5,1.28,1.73,194,266.2,173,0.13,270.9,11.082,11.075,15.758,4.5,0.5,4.6,37.89801,-90.64299,274.9,180.6,7.27,-42.3,11.7,0,10.793
12:53:41 PM,10/27/2025,251027-124437-112.bin,112,0,1.07,33.66,738.5,1.18,1.68,194.1,266.1,173,0.13,270.8,11.045,11.042,15.705,4.6,0.51,4.7,37.89801,-90.64299,275.1,180.5,7.27,-42.3,11.7,0,10.818
12:53:40 PM,10/27/2025,251027-124437-112.bin,112,0,1.09,31.84,738.5,1.13,1.45,194.2,265.8,173,0.13,270.5,11.037,11.06,15.694,4.6,0.51,4.8,37.89801,-90.64299,275,180.5,7.27,-42.3,11.7,0,10.886
12:53:39 PM,10/27/2025,251027-124437-112.bin,112,0,1.1,31.42,738.6,1.12,1.43,194.4,265.8,173,0.13,270.5,11.005,11.042,15.648,4.7,0.52,4.8,37.89801,-90.64299,275,180.4,7.27,-42.2,11.7,0,10.934
12:53:38 PM,10/27/2025,251027-124437-112.bin,112,0,1,32.56,738.5,1.06,1.49,194.6,265.7,173,0.13,270.4,10.983,10.976,15.616,4.8,0.53,4.9,37.89801,-90.64299,275,180.3,7.27,-42.2,11.7,0,10.994
12:53:37 PM,10/27/2025,251027-124437-112.bin,112,0,1.01,34.07,738.5,1.13,1.55,194.9,265.5,173,0.13,270.1,10.953,10.949,15.574,4.9,0.54,5,37.89801,-90.64299,275.6,180.3,7.27,-42.2,11.7,0,11.08
12:53:36 PM,10/27/2025,251027-124437-112.bin,112,0,1.06,35.43,738.5,1.14,1.55,195,265.3,172,0.13,270,10.935,10.958,15.549,5,0.55,5.1,37.89801,-90.64299,275.9,180.3,7.27,-42.1,11.7,0,11.127
12:53:35 PM,10/27/2025,251027-124437-112.bin,112,0,1.15,35.11,738.5,1.26,1.58,195,265.2,172,0.13,269.8,10.916,10.916,15.521,5.1,0.56,5.2,37.89801,-90.64299,276,180.2,7.27,-42.1,11.7,0,11.147
12:53:34 PM,10/27/2025,251027-124437-112.bin,112,0,1.25,34.08,738.6,1.33,1.61,195.1,265.2,172,0.13,269.9,10.901,10.895,15.5,5.2,0.57,5.3,37.89801,-90.64299,276.1,180.1,7.27,-42.1,11.7,0,11.154
12:53:33 PM,10/27/2025,251027-124437-112.bin,112,0,1.28,33.72,738.5,1.23,1.55,195.2,265.2,172,0.13,269.9,10.88,10.9,15.47,5.3,0.58,5.4,37.89801,-90.64299,276.4,180.1,7.26,-42.1,11.7,0,11.174
12:53:32 PM,10/27/2025,251027-124437-112.bin,112,0,1.32,34.08,738.4,1.3,1.47,195.2,265,172,0.13,269.6,10.857,10.885,15.437,5.3,0.58,5.5,37.89801,-90.64299,276.6,180.1,7.26,-42.1,11.7,0,11.214
12:53:31 PM,10/27/2025,251027-124437-112.bin,112,0,1.3,34.22,738.6,1.32,1.54,195.3,264.9,172,0.13,269.6,10.835,10.829,15.405,5.4,0.59,5.6,37.89801,-90.64299,276.4,180.1,7.26,-42,11.7,0,11.246
12:53:30 PM,10/27/2025,251027-124437-112.bin,112,0,1.28,34.69,738.5,1.26,1.53,195.5,265,172,0.13,269.7,10.823,10.817,15.388,5.5,0.6,5.6,37.89801,-90.64299,276.3,180.1,7.26,-42,11.7,0,11.26
12:53:29 PM,10/27/2025,251027-124437-112.bin,112,0,1.32,33.86,738.6,1.26,1.44,195.8,265.1,172,0.13,269.7,10.799,10.82,15.354,5.6,0.62,5.8,37.89801,-90.64299,275.5,180,7.26,-41.9,11.7,0,11.318
12:53:28 PM,10/27/2025,251027-124437-112.bin,112,0,1.31,33.29,738.6,1.27,1.53,196.1,264.9,172,0.13,269.5,10.773,10.794,15.318,5.7,0.62,5.9,37.898,-90.64299,275.3,179.9,7.26,-41.9,11.7,0,11.392
12:53:27 PM,10/27/2025,251027-124437-112.bin,112,0,1.35,34.72,738.6,1.3,1.5,196.3,264.7,172,0.13,269.3,10.752,10.773,15.288,5.8,0.64,6,37.898,-90.643,275.1,179.9,7.26,-41.8,11.7,0,11.469
12:53:26 PM,10/27/2025,251027-124437-112.bin,112,0,1.43,36.64,738.5,1.31,1.49,196.4,264.5,172,0.13,269.1,10.731,10.731,15.257,5.9,0.65,6.1,37.898,-90.643,274.8,179.8,7.26,-41.7,11.7,0,11.521
12:53:25 PM,10/27/2025,251027-124437-112.bin,112,0,1.45,37.17,738.5,1.33,1.53,196.4,264.3,172,0.13,268.9,10.707,10.725,15.223,6.1,0.66,6.2,37.898,-90.643,274.6,179.8,7.26,-41.7,11.7,0,11.551
12:53:24 PM,10/27/2025,251027-124437-112.bin,112,0,1.51,36.15,738.4,1.39,1.4,196.4,264.2,172,0.13,268.8,10.676,10.695,15.179,6.2,0.67,6.3,37.898,-90.64299,274.4,179.7,7.26,-41.6,11.7,0,11.556
12:53:23 PM,10/27/2025,251027-124437-112.bin,112,0,1.57,36.45,738.6,1.37,1.32,196.4,264.2,172,0.13,268.9,10.668,10.662,15.167,6.3,0.69,6.5,37.898,-90.64299,274.6,179.7,7.25,-41.5,11.7,0,11.552
12:53:22 PM,10/27/2025,251027-124437-112.bin,112,0,1.52,37.18,738.5,1.3,1.37,196.3,264.2,172,0.13,268.8,10.66,10.662,15.156,6.5,0.71,6.6,37.898,-90.64299,274.2,179.7,7.25,-41.4,11.7,0,11.549
12:53:21 PM,10/27/2025,251027-124437-112.bin,112,0,1.46,37.79,738.6,1.27,1.46,196.3,264,172,0.13,268.6,10.635,10.649,15.121,6.6,0.72,6.8,37.898,-90.64299,274.6,179.6,7.25,-41.3,11.7,0,11.559
12:53:20 PM,10/27/2025,251027-124437-112.bin,112,0,1.45,37.27,738.4,1.21,1.44,196.2,263.7,171,0.13,268.3,10.6,10.61,15.071,6.7,0.73,6.9,37.898,-90.64299,274.5,179.5,7.25,-41.2,11.7,0,11.593
12:53:19 PM,10/27/2025,251027-124437-112.bin,112,0,1.41,35.99,738.5,1.18,1.37,196.3,263.6,171,0.13,268.2,10.615,10.619,15.092,6.9,0.74,7,37.898,-90.64299,274.6,179.4,7.25,-41.1,11.7,0,11.631
12:53:18 PM,10/27/2025,251027-124437-112.bin,112,0,1.43,36.79,738.5,1.12,1.39,196.6,263.6,171,0.13,268.2,10.588,10.615,15.054,7,0.76,7.2,37.898,-90.64299,274.7,179.3,7.25,-41,11.7,0,11.689
12:53:17 PM,10/27/2025,251027-124437-112.bin,112,0,1.5,39.49,738.5,1.02,1.4,197,263.7,171,0.13,268.3,10.502,10.518,14.931,7.2,0.78,7.4,37.898,-90.64299,274.8,179.1,7.24,-40.9,11.7,0,11.756
12:53:16 PM,10/27/2025,251027-124437-112.bin,112,0,1.49,40.78,738.5,1.06,1.42,197.4,264,172,0.13,268.6,10.481,10.473,14.902,7.3,0.79,7.5,37.898,-90.64299,275.1,178.9,7.24,-40.8,11.7,0,11.797
12:53:15 PM,10/27/2025,251027-124437-112.bin,112,0,1.46,39.22,738.5,1.09,1.37,197.8,263.9,172,0.13,268.4,10.495,10.501,14.921,7.5,0.81,7.7,37.898,-90.64299,275.3,178.7,7.24,-40.7,11.7,0,11.873
12:53:14 PM,10/27/2025,251027-124437-112.bin,112,0,1.43,38.53,738.5,1.11,1.33,197.8,263.6,171,0.13,268.2,10.462,10.498,14.874,7.7,0.83,7.9,37.89801,-90.64299,275.5,178.3,7.24,-40.7,11.7,0,11.934
12:53:13 PM,10/27/2025,251027-124437-112.bin,112,0,1.4,38.87,738.5,1.07,1.42,197.9,263.5,171,0.13,268,10.434,10.428,14.835,7.9,0.85,8.1,37.89801,-90.64299,275.3,177.9,7.24,-40.7,11.7,0,11.964
12:53:12 PM,10/27/2025,251027-124437-112.bin,112,0,1.37,39.09,738.4,0.98,1.43,198.1,263.6,171,0.13,268.1,10.383,10.384,14.762,8.1,0.87,8.3,37.89801,-90.64299,275.3,177.5,7.24,-40.7,11.7,0,12
12:53:11 PM,10/27/2025,251027-124437-112.bin,112,0,1.42,39.67,738.5,1.04,1.44,198.4,263.3,171,0.13,267.8,10.394,10.401,14.777,8.3,0.89,8.5,37.89801,-90.64298,275.4,176.9,7.24,-40.7,11.7,0,12.079
12:53:10 PM,10/27/2025,251027-124437-112.bin,112,0,1.44,39.55,738.6,1.06,1.51,198.4,262.3,171,0.13,266.8,10.363,10.397,14.732,8.5,0.91,8.7,37.89801,-90.64298,275.4,176.3,7.24,-40.8,11.7,0,12.231
12:53:09 PM,10/27/2025,251027-124437-112.bin,112,0,1.43,39.43,738.6,1.12,1.49,198.3,261.4,170,0.13,265.9,10.348,10.335,14.712,8.8,0.94,9,37.89801,-90.64299,275.7,175.7,7.25,-41.1,11.7,0,12.355
12:53:08 PM,10/27/2025,251027-124437-112.bin,112,0,1.46,39.06,738.4,1.19,1.41,198.3,261.2,170,0.12,265.7,10.319,10.312,14.67,8.9,0.95,9.2,37.89801,-90.64299,275.8,175.3,7.25,-41.1,11.7,0,12.387
12:53:07 PM,10/27/2025,251027-124437-112.bin,112,0,1.42,38.65,738.5,1.15,1.43,198.4,261.1,170,0.12,265.6,10.318,10.335,14.669,9.2,0.98,9.5,37.89801,-90.64298,276.1,175,7.25,-41.2,11.7,0,12.413
12:53:06 PM,10/27/2025,251027-124437-112.bin,112,0,1.38,38.27,738.5,1.09,1.46,198.6,261.3,170,0.13,265.8,10.283,10.322,14.619,9.5,1.01,9.7,37.89801,-90.64298,276.4,174.7,7.25,-41.3,11.7,0,12.435
12:53:05 PM,10/27/2025,251027-124437-112.bin,112,0,1.3,36.82,738.5,1.06,1.35,198.9,261.2,170,0.12,265.6,10.266,10.256,14.594,9.7,1.04,10,37.89801,-90.64298,276.4,174.5,7.25,-41.4,11.7,0,12.509
12:53:04 PM,10/27/2025,251027-124437-112.bin,112,0,1.28,34.61,738.5,1.02,1.21,199.4,260.9,170,0.12,265.4,10.24,10.257,14.558,10,1.06,10.3,37.89801,-90.64298,276.5,174.2,7.25,-41.5,11.7,0,12.647
12:53:03 PM,10/27/2025,251027-124437-112.bin,112,0,1.32,33.6,738.5,0.98,1.16,199.7,261.1,170,0.12,265.6,10.223,10.246,14.533,10.3,1.09,10.6,37.89801,-90.64298,276.3,174,7.25,-41.5,11.7,0,12.69
12:53:02 PM,10/27/2025,251027-124437-112.bin,112,0,1.23,32.29,738.5,0.98,1.14,200.3,261.6,170,0.13,266,10.198,10.227,14.498,10.6,1.12,10.8,37.89801,-90.64298,276.4,173.8,7.26,-41.7,11.7,0,12.727
12:53:01 PM,10/27/2025,251027-124437-112.bin,112,0,1.14,30.86,738.5,0.92,1.13,200.5,261.5,170,0.13,265.9,10.18,10.173,14.471,10.9,1.15,11.2,37.89801,-90.64299,276,173.6,7.26,-41.8,11.7,0,12.798
12:53:00 PM,10/27/2025,251027-124437-112.bin,112,0,1.12,30.48,738.5,0.85,1.1,200.6,261.4,170,0.13,265.8,10.163,10.157,14.448,11.2,1.18,11.5,37.89801,-90.64299,275.9,173.5,7.26,-41.9,11.7,0,12.818
12:52:59 PM,10/27/2025,251027-124437-112.bin,112,0,1.08,30.09,738.6,0.9,1.01,200.7,261.6,170,0.13,266,10.148,10.17,14.426,11.6,1.22,11.9,37.89801,-90.64299,275.1,173.4,7.26,-42,11.7,0,12.811
12:52:58 PM,10/27/2025,251027-124437-112.bin,112,0,1.08,29.54,738.5,0.94,0.94,201.3,262.3,171,0.13,266.8,10.127,10.15,14.396,11.9,1.26,12.2,37.898,-90.64299,274.5,173.3,7.26,-42.1,11.7,0,12.818
12:52:57 PM,10/27/2025,251027-124437-112.bin,112,0,1.05,29.02,738.5,0.96,0.94,201.8,262.7,171,0.13,267.1,10.111,10.108,14.373,12.3,1.3,12.6,37.898,-90.64299,274.1,173.2,7.27,-42.2,11.7,0,12.863
12:52:56 PM,10/27/2025,251027-124437-112.bin,112,0,1.09,28.89,738.5,0.99,0.92,201.9,262.5,171,0.13,266.9,10.092,10.111,14.346,12.7,1.34,13,37.898,-90.643,273.5,173.1,7.27,-42.3,11.7,0,12.914
12:52:55 PM,10/27/2025,251027-124437-112.bin,112,0,1.12,28.87,738.5,0.95,0.91,202,262.1,170,0.13,266.5,10.072,10.086,14.317,13.1,1.38,13.4,37.898,-90.643,273.1,173.1,7.27,-42.4,11.7,0,12.998
12:52:54 PM,10/27/2025,251027-124437-112.bin,112,0,1.04,29.16,738.5,0.87,0.93,202.2,261.6,170,0.13,265.9,10.063,10.061,14.306,13.5,1.42,13.8,37.898,-90.643,272.8,173,7.27,-42.5,11.7,0,13.102
12:52:53 PM,10/27/2025,251027-124437-112.bin,112,0,1.04,29.66,738.6,0.86,1,202.5,261.7,170,0.13,266.1,10.05,10.066,14.286,14,1.47,14.3,37.898,-90.643,272.7,172.9,7.27,-42.6,11.7,0,13.149
12:52:52 PM,10/27/2025,251027-124437-112.bin,112,0,1.1,30.26,738.5,0.99,1.08,202.8,262.1,170,0.13,266.5,10.016,10.029,14.238,14.5,1.52,14.8,37.898,-90.643,272.6,172.8,7.27,-42.7,11.7,0,13.153
12:52:51 PM,10/27/2025,251027-124437-112.bin,112,0,1.16,30.59,738.5,1.11,1.07,203.1,262.4,171,0.13,266.8,9.978,9.985,14.184,14.9,1.56,15.3,37.898,-90.643,272.5,172.7,7.28,-42.8,11.7,0,13.171
12:52:50 PM,10/27/2025,251027-124437-112.bin,112,0,1.16,30.79,738.4,1.08,1.04,203.5,262.5,171,0.13,266.9,9.985,9.983,14.194,15.5,1.62,15.9,37.898,-90.64301,272.1,172.5,7.28,-43,11.7,0,13.238
12:52:49 PM,10/27/2025,251027-124437-112.bin,112,0,1.15,31.32,738.6,1,0.99,204.1,262.2,170,0.13,266.5,9.985,10.008,14.193,16,1.67,16.4,37.89799,-90.64301,271.4,172.4,7.28,-43.1,11.7,0,13.372
12:52:48 PM,10/27/2025,251027-124437-112.bin,112,0,1.16,32.98,738.6,1.09,1.29,204.2,261.7,170,0.13,266,9.966,9.97,14.166,16.4,1.7,16.8,37.89799,-90.64301,271.4,172.3,7.28,-43.3,11.7,0,13.503
12:52:47 PM,10/27/2025,251027-124437-112.bin,112,0,1.14,34.74,738.4,1.14,1.73,204.3,261.8,170,0.13,266,9.922,9.935,14.103,16.9,1.76,17.4,37.89799,-90.64301,271,172.1,7.29,-43.5,11.7,0,13.508
12:52:46 PM,10/27/2025,251027-124437-112.bin,112,0,1.09,35.84,738.4,1.15,1.85,204.4,262,170,0.13,266.3,9.929,9.928,14.114,17.5,1.82,18,37.89799,-90.64301,271.2,171.9,7.29,-43.7,11.7,0,13.49
12:52:45 PM,10/27/2025,251027-124437-112.bin,112,0,1.08,33.75,738.5,1.29,1.7,204.6,261.7,170,0.13,266,9.909,9.947,14.085,18.3,1.9,18.7,37.898,-90.643,271.4,171.7,7.29,-43.9,11.7,0,13.56
12:52:44 PM,10/27/2025,251027-124437-112.bin,112,0,1.11,30.65,738.5,1.45,1.63,204.7,261.1,170,0.12,265.4,9.889,9.893,14.057,18.8,1.95,19.2,37.898,-90.643,271.5,171.5,7.3,-44,11.7,0,13.683
12:52:43 PM,10/27/2025,251027-124437-112.bin,112,0,1.1,30.48,738.6,1.53,1.69,204.7,260.7,169,0.12,264.9,9.856,9.844,14.009,19.3,2,19.8,37.898,-90.64301,271.1,171.3,7.3,-44.2,11.7,0,13.742
12:52:42 PM,10/27/2025,251027-124437-112.bin,112,0,1.06,31.39,738.5,1.69,1.84,205.1,260.3,169,0.12,264.5,9.857,9.878,14.011,20.1,2.08,20.6,37.898,-90.64301,271.4,171.1,7.3,-44.4,11.7,0,13.884
12:52:41 PM,10/27/2025,251027-124437-112.bin,112,0,1.12,31.46,738.5,2,2.08,205.8,261.4,170,0.12,265.6,9.839,9.867,13.985,20.8,2.15,21.3,37.898,-90.64301,270.4,171,7.3,-44.5,11.7,0,13.876
12:52:40 PM,10/27/2025,251027-124437-112.bin,112,0,1.23,31.54,738.4,2.36,2.32,205.9,262.1,170,0.13,266.4,9.828,9.812,13.97,21.7,2.24,22.2,37.898,-90.64301,270.1,170.9,7.31,-44.8,11.7,0,13.77
12:52:39 PM,10/27/2025,251027-124437-112.bin,112,0,1.25,32.44,738.6,2.46,2.71,205.9,261.6,170,0.13,265.8,9.809,9.788,13.943,22.6,2.33,23.1,37.89799,-90.64301,269.9,170.8,7.31,-45,11.7,0,13.852
12:52:38 PM,10/27/2025,251027-124437-112.bin,112,0,1.14,31.59,738.5,2.26,2.92,205.9,261.1,170,0.12,265.3,9.799,9.825,13.929,23.2,2.4,23.8,37.89799,-90.64301,269.5,170.7,7.32,-45.3,11.7,0,13.926
12:52:37 PM,10/27/2025,251027-124437-112.bin,112,0,0.98,29.62,738.5,2.08,2.86,206.1,261,170,0.12,265.2,9.78,9.811,13.902,24,2.48,24.7,37.89799,-90.64301,269.1,170.6,7.32,-45.6,11.7,0,13.991
12:52:36 PM,10/27/2025,251027-124437-112.bin,112,0,0.97,28.58,738.5,2.18,2.85,206.1,260.8,170,0.12,265,9.758,9.751,13.869,24.9,2.57,25.6,37.89799,-90.64301,269.3,170.5,7.33,-45.8,11.7,0,14.014
12:52:35 PM,10/27/2025,251027-124437-112.bin,112,0,0.82,27.03,738.6,1.66,2.43,206.2,260.2,169,0.12,264.4,9.73,9.73,13.83,25.8,2.64,26.4,37.89799,-90.64301,269.1,170.3,7.33,-46.2,11.7,0,14.122
12:52:34 PM,10/27/2025,251027-124437-112.bin,112,0,0.71,25.16,738.6,1.11,2,206.6,259.2,169,0.12,263.3,9.714,9.741,13.806,26.7,2.73,27.4,37.89799,-90.64301,268.8,170.2,7.34,-46.6,11.7,0,14.344
12:52:33 PM,10/27/2025,251027-124437-112.bin,112,0,0.58,24.16,738.5,0.81,1.76,206.6,258.1,168,0.12,262.1,9.696,9.717,13.781,27.5,2.79,28.2,37.89799,-90.64301,268.5,170.1,7.35,-46.9,11.7,0,14.566
12:52:32 PM,10/27/2025,251027-124437-112.bin,112,0,0.35,22.77,738.5,0.47,1.43,206.8,256.9,167,0.12,260.9,9.686,9.675,13.765,28.6,2.89,29.3,37.89799,-90.64301,269,170,7.35,-47.3,11.7,0,14.764
12:52:31 PM,10/27/2025,251027-124437-112.bin,112,0,0.29,21.81,738.5,0.44,1.33,206.8,256.6,167,0.12,260.5,9.671,9.664,13.745,29.7,3,30.4,37.89799,-90.64301,269,169.9,7.36,-47.6,11.7,0,14.833
12:52:30 PM,10/27/2025,251027-124437-112.bin,112,0,0.35,20.05,738.5,0.48,1.07,206.6,256.1,166,0.12,260.1,9.662,9.677,13.731,31,3.14,31.8,37.898,-90.64301,269.7,169.7,7.36,-48,11.7,0,14.86
12:52:29 PM,10/27/2025,251027-124437-112.bin,112,0,0.36,17.34,738.6,0.52,0.71,206.5,255.9,166,0.12,259.8,9.654,9.67,13.719,32.4,3.27,33.2,37.898,-90.64301,270,169.6,7.37,-48.4,11.7,0,14.902
12:52:28 PM,10/27/2025,251027-124437-112.bin,112,0,0.34,15.41,738.6,0.48,0.57,206.6,255.4,166,0.12,259.3,9.638,9.635,13.697,34,3.43,34.9,37.898,-90.64301,270.5,169.4,7.38,-48.9,11.7,0,14.98
12:52:27 PM,10/27/2025,251027-124437-112.bin,112,0,0.29,15.09,738.5,0.38,0.61,206.5,255.1,166,0.12,259,9.611,9.615,13.659,35.6,3.58,36.5,37.898,-90.64301,270.6,169.2,7.39,-49.6,11.7,0,15.017
12:52:26 PM,10/27/2025,251027-124437-112.bin,112,0,0.25,15.75,738.5,0.36,0.62,206.3,254.8,166,0.12,258.7,9.599,9.613,13.641,37.6,3.78,38.5,37.89801,-90.64301,271,169,7.4,-50.2,11.7,0,15.029
12:52:25 PM,10/27/2025,251027-124437-112.bin,112,0,0.22,16.16,738.5,0.41,0.59,206.2,254.5,165,0.12,258.3,9.59,9.585,13.629,39.5,3.97,40.5,37.89801,-90.64301,271.4,168.8,7.41,-50.8,11.7,0,15.057
12:52:24 PM,10/27/2025,251027-124437-112.bin,112,0,0.21,16.22,738.5,0.4,0.62,206.2,254.4,165,0.12,258.3,9.569,9.57,13.598,41.8,4.2,42.8,37.89801,-90.64301,272.3,168.5,7.42,-51.5,11.7,0,15.081
12:52:23 PM,10/27/2025,251027-124437-112.bin,112,0,0.17,15.52,738.5,0.41,0.62,206.2,254.4,165,0.12,258.2,9.546,9.559,13.566,43.9,4.41,45,37.89801,-90.64301,273.2,168.3,7.44,-52.3,11.7,0,15.073
12:52:22 PM,10/27/2025,251027-124437-112.bin,112,0,0.16,15.48,738.4,0.44,0.62,206.1,254,165,0.12,257.8,9.509,9.516,13.514,46.3,4.65,47.5,37.89802,-90.64301,273.8,168,7.45,-53,11.7,0,15.121
12:52:21 PM,10/27/2025,251027-124437-112.bin,112,0,0.16,15.05,738.5,0.4,0.59,206,252.7,164,0.12,256.5,9.513,9.513,13.519,48.4,4.84,49.7,37.89803,-90.64301,274.5,167.7,7.46,-53.7,11.7,0,15.29
12:52:20 PM,10/27/2025,251027-124437-112.bin,112,0,0.15,13.22,738.5,0.35,0.54,205.9,251.5,163,0.12,255.2,9.503,9.529,13.504,50.9,5.08,52.2,37.89803,-90.64301,275,167.5,7.47,-54.3,11.7,0,15.493
12:52:19 PM,10/27/2025,251027-124437-112.bin,112,0,0.12,11.52,738.5,0.3,0.42,205.6,250.8,163,0.12,254.5,9.47,9.484,13.457,53.2,5.29,54.5,37.89803,-90.64301,274.8,167.2,7.49,-55.1,11.7,0,15.561
12:52:18 PM,10/27/2025,251027-124437-112.bin,112,0,0.06,10.22,738.5,0.23,0.34,205.6,250.4,163,0.12,254.1,9.44,9.439,13.414,55.8,5.55,57.3,37.89803,-90.643,275.6,166.9,7.5,-56,11.7,0,15.624
12:52:17 PM,10/27/2025,251027-124437-112.bin,112,0,0.04,10.04,738.5,0.17,0.36,205.4,250.2,163,0.12,253.8,9.436,9.442,13.409,58.5,5.82,60,37.89803,-90.643,275.2,166.7,7.52,-57,11.7,0,15.636
12:52:16 PM,10/27/2025,251027-124437-112.bin,112,0,0.06,9.61,738.5,0.26,0.39,205.1,250,163,0.12,253.7,9.423,9.44,13.391,61.9,6.16,63.5,37.89803,-90.643,275.6,166.3,7.54,-58.1,11.7,0,15.581
12:52:15 PM,10/27/2025,251027-124437-112.bin,112,0,0.06,8.92,738.5,0.32,0.39,204.7,250,163,0.12,253.7,9.389,9.402,13.342,64.7,6.45,66.4,37.89803,-90.643,276.1,166,7.56,-59.3,11.7,0,15.515
12:52:14 PM,10/27/2025,251027-124437-112.bin,112,0,0.04,9.83,738.5,0.25,0.4,204.6,250,162,0.12,253.7,9.357,9.345,13.297,67.8,6.75,69.5,37.89803,-90.643,275.9,165.6,7.58,-60.7,11.7,0,15.495
12:52:13 PM,10/27/2025,251027-124437-112.bin,112,0,0.06,9.6,738.5,0.19,0.38,204.3,249.2,162,0.12,252.9,9.364,9.363,13.307,69.6,6.93,71.4,37.89803,-90.643,276.2,165.3,7.61,-62.2,11.7,0,15.553
12:52:12 PM,10/27/2025,251027-124437-112.bin,112,0,0.05,8.18,738.6,0.18,0.27,203.9,247.5,161,0.12,251.1,9.36,9.384,13.301,71.5,7.08,73.3,37.89803,-90.64299,276.3,164.8,7.64,-64,11.7,0,15.733
12:52:11 PM,10/27/2025,251027-124437-112.bin,112,0,0.04,7.86,738.5,0.16,0.23,203.6,246.2,160,0.12,249.7,9.322,9.335,13.245,73.1,7.21,75,37.89803,-90.643,276,164.3,7.67,-66.1,11.7,0,15.951
12:52:10 PM,10/27/2025,251027-124437-112.bin,112,0,-0.01,7.45,738.5,0.15,0.24,203.3,244.9,159,0.12,248.4,9.287,9.278,13.196,75.2,7.4,77.2,37.89803,-90.643,275.1,163.7,7.71,-68.4,11.7,0,16.105
12:52:09 PM,10/27/2025,251027-124437-112.bin,112,0,-0.06,6.29,738.6,0.14,0.26,203.1,244.5,159,0.12,247.9,9.304,9.307,13.22,76.7,7.54,78.6,37.89804,-90.643,275.5,163.1,7.76,-71.4,11.7,0,16.141
12:52:08 PM,10/27/2025,251027-124437-112.bin,112,0,-0.01,6.13,738.6,0.17,0.29,202.8,243.7,158,0.12,247.1,9.279,9.312,13.184,77.9,7.65,79.9,37.89803,-90.64301,275.1,162.2,7.81,-74.1,11.7,0,16.199
12:52:07 PM,10/27/2025,251027-124437-112.bin,112,0,-0.01,7.28,738.6,0.13,0.32,202.6,243.2,158,0.12,246.6,9.256,9.249,13.152,78.9,7.73,80.9,37.89803,-90.643,275.3,161.2,7.86,-77.1,11.7,0,16.288
12:52:06 PM,10/27/2025,251027-124437-112.bin,112,0,-0.04,7.51,738.5,0.1,0.27,202.6,242.9,158,0.12,246.3,9.228,9.213,13.112,79.8,7.81,81.8,37.89803,-90.64301,274.7,160.6,7.9,-79.5,11.7,0,16.309
12:52:05 PM,10/27/2025,251027-124437-112.bin,112,0,-0.05,6.04,738.5,0.08,0.18,202.5,242,157,0.12,245.3,9.23,9.242,13.113,80.4,7.84,82.5,37.89803,-90.64301,274.1,160.3,7.92,-80.8,11.7,0,16.439
12:52:04 PM,10/27/2025,251027-124437-112.bin,112,0,-0.1,3.61,738.4,0.06,0.18,202.2,240.9,157,0.11,244.1,9.189,9.218,13.056,81.1,7.89,83.1,37.89802,-90.643,274.3,159.9,7.95,-82.2,11.7,0,16.588
12:52:03 PM,10/27/2025,251027-124437-112.bin,112,0,-0.13,1.97,738.5,0.08,0.18,202,240.5,156,0.11,243.8,9.167,9.16,13.024,81.5,7.94,83.6,37.89802,-90.643,274.3,159.5,7.97,-83.6,11.7,0,16.622
12:52:02 PM,10/27/2025,251027-124437-112.bin,112,0,-0.06,1.65,738.6,0.1,0.22,202,240.4,156,0.11,243.6,9.138,9.135,12.983,81.8,7.96,83.9,37.89802,-90.643,274.6,159.1,8,-85.1,11.7,0,16.634
12:52:01 PM,10/27/2025,251027-124437-112.bin,112,0,-0.06,1.6,738.5,0.11,0.24,202,240,156,0.11,243.2,9.126,9.15,12.965,82.1,7.97,84.2,37.89802,-90.643,274.6,158.9,8.01,-85.9,11.7,0,16.698
12:52:00 PM,10/27/2025,251027-124437-112.bin,112,0,-0.07,1.39,738.5,0.15,0.23,201.9,239.3,156,0.11,242.4,9.096,9.123,12.922,82.1,7.95,84.2,37.89802,-90.64301,274.1,158.6,8.02,-86.3,11.7,0,16.828
12:51:59 PM,10/27/2025,251027-124437-112.bin,112,0,-0.05,1.06,738.5,0.16,0.22,201.9,238.1,155,0.11,241.2,9.079,9.072,12.898,82.2,7.92,84.3,37.89802,-90.64301,273.7,158.4,8.02,-86.8,11.7,0,17.013
12:51:58 PM,10/27/2025,251027-124437-112.bin,112,0,-0.09,0.56,738.5,0.11,0.18,201.9,237.5,154,0.11,240.5,9.058,9.054,12.868,82.6,7.95,84.7,37.89802,-90.64301,274.3,158.2,8.03,-87,11.7,0,17.166
12:51:57 PM,10/27/2025,251027-124437-112.bin,112,0,-0.06,0.17,738.4,0.06,0.16,201.9,237.3,154,0.11,240.4,9.041,9.065,12.844,82.8,7.97,84.9,37.89802,-90.64301,274.5,158.1,8.03,-87.2,11.7,0,17.18
12:51:56 PM,10/27/2025,251027-124437-112.bin,112,0,-0.07,-0.19,738.6,0.09,0.17,202,237.4,154,0.11,240.4,9.02,9.031,12.814,82.9,7.98,85,37.89802,-90.643,275.2,158.1,8.04,-87.4,11.7,0,17.186
12:51:55 PM,10/27/2025,251027-124437-112.bin,112,0,-0.06,-0.27,738.6,0.1,0.16,202.1,237.4,154,0.11,240.5,9.007,9.014,12.795,83,7.98,85.1,37.89802,-90.643,275.3,157.9,8.04,-87.7,11.7,0,17.2
12:51:54 PM,10/27/2025,251027-124437-112.bin,112,0,-0.02,-0.26,738.6,0.06,0.15,202.1,237.2,154,0.11,240.3,8.971,8.969,12.745,83.2,7.99,85.3,37.89802,-90.64301,274.9,157.8,8.04,-87.9,11.7,0,17.235
12:51:53 PM,10/27/2025,251027-124437-112.bin,112,0,-0.08,-0.24,738.5,0.07,0.13,201.9,236.9,154,0.11,239.9,8.95,8.968,12.715,83.2,7.99,85.3,37.89802,-90.64301,275,157.8,8.05,-88.1,11.7,0,17.274
12:51:52 PM,10/27/2025,251027-124437-112.bin,112,0,-0.1,-0.29,738.5,0.1,0.13,201.8,236.5,154,0.11,239.5,8.931,8.953,12.688,83.3,7.99,85.4,37.89802,-90.64301,275.5,157.7,8.05,-88.3,11.7,0,17.329
12:51:51 PM,10/27/2025,251027-124437-112.bin,112,0,-0.06,-0.29,738.6,0.1,0.16,201.9,236.4,154,0.11,239.4,8.922,8.92,12.674,83.4,7.99,85.5,37.89802,-90.643,275.7,157.7,8.05,-88.4,11.7,0,17.35
12:51:50 PM,10/27/2025,251027-124437-112.bin,112,0,-0.05,-0.27,738.6,0.11,0.18,201.9,236.4,154,0.11,239.3,8.896,8.898,12.637,83.5,8,85.6,37.89803,-90.643,277.3,157.6,8.05,-88.5,11.7,0,17.357
12:51:49 PM,10/27/2025,251027-124437-112.bin,112,0,-0.08,-0.25,738.4,0.13,0.21,201.9,236.4,154,0.11,239.3,8.882,8.899,12.618,83.6,8.01,85.7,37.89803,-90.643,277.9,157.6,8.05,-88.6,11.7,0,17.362
12:51:48 PM,10/27/2025,251027-124437-112.bin,112,0,-0.06,-0.09,738.6,0.14,0.31,202,236.5,154,0.11,239.5,8.878,8.882,12.611,83.7,8.02,85.8,37.89803,-90.64299,278.5,157.6,8.06,-88.6,11.7,0,17.364
12:51:47 PM,10/27/2025,251027-124437-112.bin,112,0,-0.05,-0.13,738.5,0.11,0.29,202,236.4,154,0.11,239.4,8.854,8.865,12.578,83.8,8.03,85.9,37.89802,-90.64299,278.5,157.5,8.06,-88.8,11.7,0,17.365
12:51:46 PM,10/27/2025,251027-124437-112.bin,112,0,-0.04,-0.25,738.5,0.08,0.21,201.9,236.4,154,0.11,239.4,8.84,8.857,12.558,83.9,8.04,86,37.89802,-90.64299,278.2,157.5,8.06,-88.9,11.7,0,17.363
12:51:45 PM,10/27/2025,251027-124437-112.bin,112,0,-0.05,-0.25,738.5,0.09,0.21,201.9,236.3,154,0.11,239.3,8.798,8.81,12.499,83.9,8.05,86.1,37.89802,-90.64299,278.3,157.4,8.06,-89.1,11.7,0,17.364
12:51:44 PM,10/27/2025,251027-124437-112.bin,112,0,-0.08,-0.27,738.4,0.09,0.2,201.8,236.2,154,0.11,239.2,8.783,8.778,12.478,84,8.05,86.1,37.89802,-90.64299,278.3,157.3,8.07,-89.3,11.7,0,17.368
12:51:43 PM,10/27/2025,251027-124437-112.bin,112,0,-0.05,-0.27,738.4,0.08,0.23,201.9,236.3,154,0.11,239.2,8.778,8.802,12.47,84,8.05,86.2,37.89802,-90.64299,278.5,157.2,8.07,-89.5,11.7,0,17.376
12:51:42 PM,10/27/2025,251027-124437-112.bin,112,0,-0.01,-0.27,738.5,0.08,0.23,201.8,236.2,154,0.11,239.1,8.727,8.746,12.398,84,8.05,86.2,37.89802,-90.64299,278.3,157.2,8.07,-89.6,11.7,0,17.39
12:51:41 PM,10/27/2025,251027-124437-112.bin,112,0,-0.04,-0.24,738.4,0.1,0.21,201.9,236.1,153,0.11,239.1,8.713,8.708,12.377,84.1,8.05,86.2,37.89801,-90.64299,277.7,157.2,8.07,-89.6,11.7,0,17.413
12:51:40 PM,10/27/2025,251027-124437-112.bin,112,0,-0.13,-0.27,738.5,0.11,0.18,202,236.2,154,0.11,239.2,8.68,8.681,12.331,84.1,8.05,86.2,37.89802,-90.64299,277.9,157.1,8.07,-89.6,11.7,0,17.422
12:51:39 PM,10/27/2025,251027-124437-112.bin,112,0,-0.06,-0.38,738.4,0.11,0.15,202,236.2,154,0.11,239.1,8.663,8.689,12.306,84.1,8.05,86.2,37.89801,-90.64299,277.4,157.1,8.07,-89.6,11.7,0,17.422
12:51:38 PM,10/27/2025,251027-124437-112.bin,112,0,-0.06,-0.37,738.5,0.16,0.18,201.9,236.1,153,0.11,239.1,8.641,8.662,12.276,84.1,8.05,86.3,37.89801,-90.64299,277.4,157.1,8.07,-89.6,11.7,0,17.422
12:51:37 PM,10/27/2025,251027-124437-112.bin,112,0,-0.11,-0.27,738.5,0.17,0.14,201.9,236.1,153,0.11,239.1,8.628,8.618,12.256,84.1,8.05,86.2,37.89801,-90.64299,277.1,157.1,8.07,-89.6,11.7,0,17.422
12:51:36 PM,10/27/2025,251027-124437-112.bin,112,0,-0.03,-0.22,738.6,0.13,0.14,202.1,236.3,154,0.11,239.3,8.605,8.601,12.225,84.1,8.05,86.2,37.89801,-90.64299,276.6,157.1,8.07,-89.6,11.7,0,17.422
12:51:35 PM,10/27/2025,251027-124437-112.bin,112,0,0.01,-0.14,738.6,0.13,0.21,202.1,236.3,154,0.11,239.3,8.589,8.608,12.201,84.1,8.06,86.3,37.89801,-90.64299,276.4,157,8.07,-89.6,11.7,0,17.421
12:51:34 PM,10/27/2025,251027-124437-112.bin,112,0,-0.04,-0.21,738.5,0.1,0.24,202,236.2,154,0.11,239.1,8.57,8.593,12.174,84.2,8.06,86.3,37.89801,-90.64299,276.1,157,8.07,-89.6,11.7,0,17.42
12:51:33 PM,10/27/2025,251027-124437-112.bin,112,0,-0.05,-0.31,738.5,0.08,0.21,201.9,236.1,153,0.11,239,8.536,8.527,12.126,84.2,8.06,86.3,37.89801,-90.64299,276.4,157,8.07,-89.6,11.7,0,17.42
12:51:32 PM,10/27/2025,251027-124437-112.bin,112,0,-0.05,-0.14,738.5,0.11,0.16,202,236.2,154,0.11,239.2,8.526,8.529,12.112,84.2,8.06,86.3,37.89801,-90.64299,276,157,8.07,-89.6,11.7,0,17.42
12:51:31 PM,10/27/2025,251027-124437-112.bin,112,0,-0.06,-0.16,738.5,0.15,0.17,202.1,236.3,154,0.11,239.3,8.512,8.523,12.092,84.2,8.06,86.3,37.89801,-90.64299,275.6,157,8.07,-89.6,11.7,0,17.421
12:51:30 PM,10/27/2025,251027-124437-112.bin,112,0,-0.08,-0.31,738.4,0.12,0.18,202.2,236.4,154,0.11,239.4,8.509,8.527,12.087,84.2,8.06,86.3,37.89801,-90.64299,275.3,156.9,8.07,-89.6,11.7,0,17.424
12:51:29 PM,10/27/2025,251027-124437-112.bin,112,0,-0.05,-0.31,738.5,0.11,0.17,202.3,236.5,154,0.11,239.5,8.496,8.495,12.069,84.1,8.06,86.3,37.89801,-90.64299,275,156.9,8.07,-89.7,11.7,0,17.424
12:51:28 PM,10/27/2025,251027-124437-112.bin,112,0,-0.01,-0.3,738.6,0.13,0.15,202.3,236.5,154,0.11,239.4,8.48,8.494,12.047,84.2,8.06,86.3,37.89801,-90.64299,275,156.9,8.07,-89.7,11.7,0,17.422
12:51:27 PM,10/27/2025,251027-124437-112.bin,112,0,-0.03,-0.32,738.5,0.13,0.2,202.2,236.4,154,0.11,239.4,8.463,8.461,12.023,84.2,8.06,86.3,37.89801,-90.64299,274.9,156.8,8.07,-89.7,11.6,0,17.423
12:51:26 PM,10/27/2025,251027-124437-112.bin,112,0,-0.04,-0.18,738.6,0.14,0.22,202.1,236.3,154,0.11,239.3,8.448,8.445,12.001,84.2,8.06,86.3,37.89801,-90.64299,274.9,156.8,8.07,-89.7,11.6,0,17.426
12:51:25 PM,10/27/2025,251027-124437-112.bin,112,0,-0.02,-0.07,738.4,0.16,0.21,202.2,236.4,154,0.11,239.3,8.434,8.431,11.981,84.2,8.06,86.3,37.89801,-90.64299,274.8,156.8,8.07,-89.7,11.6,0,17.426
12:51:24 PM,10/27/2025,251027-124437-112.bin,112,0,-0.06,-0.13,738.5,0.14,0.19,202.1,236.3,154,0.11,239.3,8.414,8.427,11.952,84.2,8.06,86.3,37.898,-90.64299,274.7,156.7,8.07,-89.7,11.6,0,17.427
12:51:23 PM,10/27/2025,251027-124437-112.bin,112,0,-0.08,-0.2,738.5,0.06,0.18,201.9,236.1,153,0.11,239,8.378,8.384,11.902,84.2,8.06,86.4,37.898,-90.64299,274.7,156.7,8.07,-89.7,11.6,0,17.425
12:51:22 PM,10/27/2025,251027-124437-112.bin,112,0,-0.02,-0.13,738.5,0.08,0.21,202,236.2,153,0.11,239.1,8.385,8.382,11.912,84.2,8.06,86.4,37.898,-90.64299,274.8,156.7,8.07,-89.7,11.6,0,17.424
12:51:21 PM,10/27/2025,251027-124437-112.bin,112,0,-0.02,-0.11,738.4,0.12,0.24,202.1,236.3,154,0.11,239.3,8.385,8.396,11.911,84.3,8.07,86.4,37.898,-90.64299,274.8,156.7,8.07,-89.7,11.6,0,17.423
12:51:20 PM,10/27/2025,251027-124437-112.bin,112,0,-0.02,-0.21,738.5,0.07,0.32,202.2,236.4,154,0.11,239.3,8.361,8.369,11.877,84.3,8.07,86.4,37.898,-90.64299,274.9,156.6,8.07,-89.7,11.6,0,17.422
12:51:19 PM,10/27/2025,251027-124437-112.bin,112,0,-0.01,-0.15,738.5,0.11,0.31,202.1,236.3,154,0.11,239.3,8.323,8.323,11.824,84.2,8.06,86.3,37.898,-90.64299,275,156.6,8.07,-89.8,11.6,0,17.423
12:51:18 PM,10/27/2025,251027-124437-112.bin,112,0,0,-0.23,738.5,0.14,0.18,202.2,236.3,154,0.11,239.3,8.326,8.326,11.828,84.2,8.07,86.4,37.898,-90.64299,275,156.6,8.08,-89.8,11.6,0,17.424
12:51:17 PM,10/27/2025,251027-124437-112.bin,112,0,0,-0.26,738.5,0.14,0.16,202.1,236.3,154,0.11,239.2,8.318,8.341,11.816,84.3,8.07,86.4,37.898,-90.64299,274.8,156.5,8.08,-89.8,11.7,0,17.426
12:51:16 PM,10/27/2025,251027-124437-112.bin,112,0,0.02,-0.04,738.5,0.14,0.24,202,236.2,154,0.11,239.2,8.266,8.276,11.742,84.2,8.06,86.4,37.898,-90.64299,274.8,156.5,8.08,-89.9,11.7,0,17.426
12:51:15 PM,10/27/2025,251027-124437-112.bin,112,0,0.03,-0.09,738.4,0.12,0.24,202,236.1,153,0.11,239.1,8.25,8.24,11.719,84.2,8.06,86.3,37.898,-90.64299,274.7,156.5,8.08,-89.9,11.7,0,17.426
12:51:14 PM,10/27/2025,251027-124437-112.bin,112,0,-0.02,-0.33,738.5,0.08,0.17,202,236.1,153,0.11,239.1,8.267,8.27,11.743,84.2,8.07,86.4,37.89799,-90.64299,274.5,156.5,8.08,-89.9,11.7,0,17.426
12:51:13 PM,10/27/2025,251027-124437-112.bin,112,0,-0.01,-0.31,738.5,0.09,0.17,202,236.1,153,0.11,239.1,8.237,8.272,11.701,84.3,8.07,86.4,37.89799,-90.64299,274.4,156.5,8.08,-89.9,11.7,0,17.424
12:51:12 PM,10/27/2025,251027-124437-112.bin,112,0,-0.01,-0.25,738.5,0.13,0.25,201.8,236,153,0.11,238.9,8.219,8.21,11.676,84.3,8.07,86.4,37.89799,-90.64298,274.4,156.4,8.08,-89.9,11.7,0,17.424
12:51:11 PM,10/27/2025,251027-124437-112.bin,112,0,-0.02,-0.27,738.5,0.11,0.21,201.9,236.1,153,0.11,239,8.193,8.187,11.639,84.3,8.07,86.4,37.89799,-90.64298,274,156.4,8.08,-89.9,11.7,0,17.422
12:51:10 PM,10/27/2025,251027-124437-112.bin,112,0,-0.03,-0.27,738.4,0.09,0.12,202.2,236.4,154,0.11,239.3,8.193,8.205,11.639,84.3,8.07,86.4,37.89799,-90.64299,273.8,156.4,8.08,-89.9,11.7,0,17.423
12:51:09 PM,10/27/2025,251027-124437-112.bin,112,0,-0.02,-0.34,738.4,0.08,0.18,202.1,236.3,154,0.11,239.3,8.164,8.187,11.598,84.2,8.07,86.4,37.89799,-90.64298,273.9,156.4,8.08,-89.9,11.7,0,17.424
12:51:08 PM,10/27/2025,251027-124437-112.bin,112,0,-0.03,-0.3,738.5,0.1,0.19,202,236.2,154,0.11,239.1,8.142,8.138,11.566,84.3,8.07,86.4,37.89799,-90.64298,274,156.4,8.08,-89.9,11.7,0,17.424
12:51:07 PM,10/27/2025,251027-124437-112.bin,112,0,-0.07,-0.29,738.4,0.13,0.2,201.9,236.1,153,0.11,239,8.121,8.136,11.536,84.3,8.07,86.4,37.89799,-90.64298,273.9,156.4,8.08,-89.9,11.7,0,17.426
12:51:06 PM,10/27/2025,251027-124437-112.bin,112,0,-0.07,-0.38,738.5,0.12,0.23,201.9,236.1,153,0.11,239,8.105,8.122,11.513,84.3,8.07,86.4,37.89799,-90.64298,273.7,156.4,8.08,-89.9,11.7,0,17.428
12:51:05 PM,10/27/2025,251027-124437-112.bin,112,0,-0.1,-0.44,738.5,0.14,0.2,201.9,236,153,0.11,239,8.078,8.081,11.475,84.3,8.07,86.4,37.89799,-90.64298,273.9,156.4,8.08,-89.9,11.7,0,17.432
12:51:04 PM,10/27/2025,251027-124437-112.bin,112,0,-0.05,-0.24,738.5,0.11,0.19,201.9,236,153,0.11,238.9,8.059,8.055,11.448,84.2,8.06,86.4,37.89799,-90.64298,274.2,156.3,8.08,-89.9,11.7,0,17.433
12:51:03 PM,10/27/2025,251027-124437-112.bin,112,0,0.02,-0.08,738.5,0.08,0.23,201.9,236,153,0.11,239,8.029,8.05,11.406,84.3,8.07,86.4,37.89799,-90.64298,274.6,156.3,8.08,-89.9,11.7,0,17.434
12:51:02 PM,10/27/2025,251027-124437-112.bin,112,0,-0.01,-0.12,738.5,0.1,0.26,201.9,236,153,0.11,239,8.006,8.03,11.373,84.3,8.07,86.4,37.89799,-90.64298,275.2,156.3,8.08,-89.9,11.7,0,17.433
12:51:01 PM,10/27/2025,251027-124437-112.bin,112,0,0.02,-0.07,738.5,0.13,0.24,201.9,236,153,0.11,239,7.988,8.008,11.348,84.3,8.07,86.5,37.89799,-90.64298,275.3,156.3,8.08,-89.9,11.7,0,17.433
12:51:00 PM,10/27/2025,251027-124437-112.bin,112,0,0.01,-0.14,738.5,0.14,0.22,202,236.1,153,0.11,239,7.971,7.963,11.323,84.3,8.07,86.4,37.89799,-90.64298,275.5,156.3,8.08,-89.9,11.7,0,17.433
12:50:59 PM,10/27/2025,251027-124437-112.bin,112,0,-0.01,-0.21,738.5,0.16,0.2,202,236.1,153,0.11,239.1,7.95,7.945,11.293,84.3,8.07,86.5,37.89799,-90.64298,275.9,156.3,8.08,-89.9,11.7,0,17.434
12:50:58 PM,10/27/2025,251027-124437-112.bin,112,0,0,-0.22,738.5,0.18,0.22,202,236.2,153,0.11,239.1,7.936,7.954,11.273,84.3,8.07,86.5,37.89799,-90.64298,276,156.2,8.08,-89.9,11.7,0,17.434
12:50:57 PM,10/27/2025,251027-124437-112.bin,112,0,-0.02,-0.04,738.5,0.16,0.24,202,236.1,153,0.11,239.1,7.918,7.94,11.248,84.3,8.07,86.5,37.89799,-90.64298,276.3,156.2,8.08,-89.9,11.7,0,17.434
12:50:56 PM,10/27/2025,251027-124437-112.bin,112,0,-0.02,-0.01,738.5,0.1,0.19,202.1,236.3,154,0.11,239.2,7.896,7.897,11.216,84.4,8.08,86.5,37.89799,-90.64298,276.1,156.2,8.08,-89.9,11.7,0,17.434
12:50:55 PM,10/27/2025,251027-124437-112.bin,112,0,-0.06,-0.3,738.5,0.07,0.17,202.2,236.3,154,0.11,239.3,7.87,7.887,11.18,84.3,8.07,86.5,37.89799,-90.64297,276,156.2,8.08,-89.9,11.7,0,17.435
12:50:54 PM,10/27/2025,251027-124437-112.bin,112,0,-0.04,-0.34,738.6,0.17,0.22,202.1,236.2,154,0.11,239.1,7.842,7.863,11.14,84.3,8.07,86.5,37.89799,-90.64297,276.2,156.1,8.08,-89.9,11.7,0,17.435
12:50:53 PM,10/27/2025,251027-124437-112.bin,112,0,-0.02,-0.18,738.4,0.2,0.26,202,236.1,153,0.11,239.1,7.825,7.825,11.117,84.4,8.08,86.5,37.89799,-90.64297,276.1,156.1,8.08,-89.9,11.7,0,17.435
12:50:52 PM,10/27/2025,251027-124437-112.bin,112,0,-0.03,-0.2,738.4,0.13,0.24,202,236.1,153,0.11,239,7.808,7.822,11.092,84.4,8.08,86.6,37.89799,-90.64297,276.6,156.1,8.08,-90,11.7,0,17.435
12:50:51 PM,10/27/2025,251027-124437-112.bin,112,0,-0.03,-0.32,738.4,0.11,0.25,202,236.1,153,0.11,239.1,7.766,7.777,11.032,84.3,8.07,86.5,37.89799,-90.64297,276.6,156.1,8.08,-90,11.7,0,17.434
12:50:50 PM,10/27/2025,251027-124437-112.bin,112,0,-0.04,-0.28,738.5,0.09,0.23,202,236.1,153,0.11,239.1,7.742,7.749,10.998,84.4,8.07,86.5,37.89799,-90.64297,276.4,156,8.08,-90,11.7,0,17.435
12:50:49 PM,10/27/2025,251027-124437-112.bin,112,0,-0.07,-0.31,738.4,0.1,0.21,202,236.1,153,0.11,239,7.751,7.757,11.011,84.4,8.08,86.6,37.89799,-90.64298,276.2,156,8.08,-90,11.7,0,17.435
12:50:48 PM,10/27/2025,251027-124437-112.bin,112,0,-0.09,-0.31,738.5,0.12,0.26,202,236.2,153,0.11,239.1,7.734,7.752,10.986,84.4,8.08,86.6,37.89799,-90.64298,275.9,156,8.08,-90,11.7,0,17.435
12:50:47 PM,10/27/2025,251027-124437-112.bin,112,0,0,-0.24,738.5,0.15,0.24,202.2,236.3,154,0.11,239.3,7.677,7.69,10.906,84.4,8.08,86.6,37.89799,-90.64298,275.8,156,8.08,-90,11.7,0,17.435
12:50:46 PM,10/27/2025,251027-124437-112.bin,112,0,0.01,-0.22,738.5,0.11,0.23,202.3,236.4,154,0.11,239.4,7.665,7.653,10.888,84.4,8.08,86.5,37.89799,-90.64298,275.7,156,8.08,-90,11.7,0,17.435
12:50:45 PM,10/27/2025,251027-124437-112.bin,112,0,-0.05,-0.03,738.5,0.09,0.22,202.3,236.5,154,0.11,239.4,7.675,7.683,10.903,84.4,8.08,86.6,37.89799,-90.64298,275.8,155.9,8.08,-90,11.7,0,17.435
12:50:44 PM,10/27/2025,251027-124437-112.bin,112,0,-0.05,-0.03,738.5,0.13,0.23,202.3,236.5,154,0.11,239.4,7.642,7.675,10.855,84.4,8.08,86.6,37.89799,-90.64298,275.5,155.9,8.08,-90,11.7,0,17.435
12:50:43 PM,10/27/2025,251027-124437-112.bin,112,0,-0.04,-0.24,738.5,0.12,0.24,202.2,236.3,154,0.11,239.3,7.634,7.618,10.844,84.4,8.08,86.5,37.89799,-90.64298,275.4,155.9,8.08,-90,11.7,0,17.436
12:50:42 PM,10/27/2025,251027-124437-112.bin,112,0,-0.02,-0.21,738.4,0.11,0.24,201.9,236,153,0.11,239,7.619,7.6,10.823,84.4,8.08,86.6,37.89799,-90.64298,275.8,155.9,8.08,-90,11.7,0,17.436
12:50:41 PM,10/27/2025,251027-124437-112.bin,112,0,-0.02,-0.11,738.5,0.13,0.3,201.9,236,153,0.11,238.9,7.611,7.634,10.813,84.4,8.08,86.6,37.89799,-90.64298,276,155.9,8.08,-90,11.7,0,17.436
12:50:40 PM,10/27/2025,251027-124437-112.bin,112,0,-0.06,-0.24,738.5,0.14,0.29,202,236.1,153,0.11,239.1,7.597,7.621,10.792,84.4,8.08,86.6,37.89799,-90.64298,276.1,155.8,8.08,-90,11.7,0,17.435
12:50:39 PM,10/27/2025,251027-124437-112.bin,112,0,-0.05,-0.36,738.5,0.13,0.27,202.1,236.2,154,0.11,239.1,7.576,7.57,10.762,84.4,8.08,86.6,37.89799,-90.64298,276.2,155.8,8.08,-90,11.7,0,17.436
12:50:38 PM,10/27/2025,251027-124437-112.bin,112,0,-0.01,-0.36,738.5,0.16,0.24,202.1,236.3,154,0.11,239.2,7.552,7.536,10.728,84.4,8.08,86.6,37.89799,-90.64298,275.9,155.8,8.08,-90,11.7,0,17.436
12:50:37 PM,10/27/2025,251027-124437-112.bin,112,0,-0.02,-0.37,738.5,0.14,0.17,202.2,236.3,154,0.11,239.3,7.555,7.565,10.733,84.4,8.08,86.5,37.89799,-90.64298,276.4,155.8,8.08,-90,11.7,0,17.435
12:50:36 PM,10/27/2025,251027-124437-112.bin,112,0,-0.08,-0.37,738.5,0.08,0.16,202.1,236.2,154,0.11,239.2,7.524,7.561,10.688,84.4,8.08,86.6,37.89799,-90.64298,276.7,155.8,8.08,-90,11.7,0,17.436
12:50:35 PM,10/27/2025,251027-124437-112.bin,112,0,-0.1,-0.25,738.4,0.08,0.22,202,236.1,153,0.11,239.1,7.504,7.497,10.66,84.5,8.08,86.6,37.89799,-90.64298,276.7,155.8,8.08,-90,11.7,0,17.437
12:50:34 PM,10/27/2025,251027-124437-112.bin,112,0,-0.07,-0.14,738.4,0.12,0.23,202,236.1,153,0.11,239.1,7.48,7.476,10.626,84.4,8.08,86.6,37.89799,-90.64298,277,155.7,8.08,-90,11.7,0,17.437
12:50:33 PM,10/27/2025,251027-124437-112.bin,112,0,-0.08,-0.13,738.5,0.12,0.25,202,236.1,153,0.11,239.1,7.474,7.494,10.618,84.5,8.08,86.6,37.89799,-90.64298,277.1,155.7,8.08,-90,11.7,0,17.437
12:50:32 PM,10/27/2025,251027-124437-112.bin,112,0,-0.06,-0.21,738.4,0.1,0.23,202,236.1,153,0.11,239.1,7.454,7.475,10.588,84.5,8.08,86.6,37.89799,-90.64298,277.4,155.7,8.08,-90,11.7,0,17.437
12:50:31 PM,10/27/2025,251027-124437-112.bin,112,0,-0.07,-0.27,738.5,0.11,0.26,202,236.1,153,0.11,239,7.437,7.429,10.565,84.5,8.09,86.6,37.89799,-90.64298,277.5,155.7,8.08,-90,11.7,0,17.437
12:50:30 PM,10/27/2025,251027-124437-112.bin,112,0,-0.02,-0.17,738.5,0.11,0.32,202,236.1,153,0.11,239,7.405,7.407,10.519,84.5,8.08,86.6,37.89799,-90.64298,277.3,155.7,8.08,-90,11.7,0,17.437
12:50:29 PM,10/27/2025,251027-124437-112.bin,112,0,-0.02,-0.19,738.5,0.17,0.32,201.9,236,153,0.11,239,7.394,7.417,10.503,84.5,8.08,86.6,37.89799,-90.64299,277.2,155.7,8.08,-90,11.7,0,17.437
12:50:28 PM,10/27/2025,251027-124437-112.bin,112,0,-0.07,-0.21,738.5,0.17,0.33,201.9,236,153,0.11,239,7.375,7.396,10.477,84.5,8.08,86.6,37.89799,-90.64299,277.3,155.6,8.08,-90,11.7,0,17.437
12:50:27 PM,10/27/2025,251027-124437-112.bin,112,0,-0.03,-0.18,738.6,0.13,0.3,202.1,236.2,154,0.11,239.1,7.35,7.353,10.442,84.5,8.09,86.6,37.89799,-90.64299,277.6,155.6,8.08,-90,11.7,0,17.437
12:50:26 PM,10/27/2025,251027-124437-112.bin,112,0,-0.03,-0.24,738.5,0.13,0.28,202,236.1,153,0.11,239,7.333,7.329,10.417,84.5,8.09,86.6,37.898,-90.64299,277.3,155.6,8.08,-90,11.7,0,17.437
12:50:25 PM,10/27/2025,251027-124437-112.bin,112,0,-0.04,-0.26,738.6,0.14,0.26,201.8,235.8,153,0.11,238.8,7.306,7.33,10.379,84.5,8.08,86.6,37.898,-90.64299,277.3,155.6,8.08,-90,11.7,0,17.437
12:50:24 PM,10/27/2025,251027-124437-112.bin,112,0,-0.04,-0.25,738.5,0.14,0.23,201.7,235.8,153,0.11,238.7,7.297,7.293,10.365,84.5,8.08,86.6,37.898,-90.64299,277,155.5,8.08,-90,11.7,0,17.437
12:50:23 PM,10/27/2025,251027-124437-112.bin,112,0,-0.01,0.24,738.4,0.12,0.26,201.8,235.9,153,0.11,238.8,7.285,7.29,10.349,84.5,8.09,86.7,37.898,-90.64299,276.8,155.5,8.08,-90,11.7,0,17.437
12:50:22 PM,10/27/2025,251027-124437-112.bin,112,0,-0.02,0.53,738.5,0.11,0.25,201.9,236,153,0.11,239,7.253,7.266,10.304,84.5,8.09,86.7,37.898,-90.64299,276.9,155.5,8.08,-90,11.7,0,17.437
12:50:21 PM,10/27/2025,251027-124437-112.bin,112,0,-0.08,0.05,738.5,0.14,0.17,202,236.1,153,0.11,239,7.213,7.222,10.247,84.5,8.09,86.7,37.898,-90.64299,276.9,155.5,8.08,-90,11.7,0,17.437
12:50:20 PM,10/27/2025,251027-124437-112.bin,112,0,-0.06,-0.21,738.6,0.13,0.21,201.9,236,153,0.11,238.9,7.213,7.211,10.247,84.5,8.09,86.7,37.898,-90.64299,277.2,155.5,8.08,-90,11.7,0,17.437
12:50:19 PM,10/27/2025,251027-124437-112.bin,112,0,-0.07,-0.23,738.4,0.11,0.23,202,236.1,153,0.11,239.1,7.2,7.212,10.229,84.5,8.09,86.6,37.898,-90.64299,277,155.5,8.08,-90,11.7,0,17.437
12:50:18 PM,10/27/2025,251027-124437-112.bin,112,0,-0.06,-0.19,738.5,0.15,0.3,202.1,236.2,154,0.11,239.2,7.155,7.164,10.164,84.5,8.09,86.6,37.898,-90.64299,277.1,155.4,8.08,-90,11.7,0,17.436
12:50:17 PM,10/27/2025,251027-124437-112.bin,112,0,-0.05,-0.2,738.6,0.16,0.33,202.1,236.3,154,0.11,239.2,7.132,7.138,10.132,84.5,8.09,86.6,37.89799,-90.64299,277.2,155.4,8.08,-90,11.7,0,17.437
12:50:16 PM,10/27/2025,251027-124437-112.bin,112,0,-0.04,-0.3,738.5,0.16,0.25,202.1,236.2,154,0.11,239.2,7.132,7.134,10.132,84.5,8.09,86.7,37.89799,-90.64299,277.2,155.4,8.08,-90,11.7,0,17.437
12:50:15 PM,10/27/2025,251027-124437-112.bin,112,0,-0.08,-0.36,738.5,0.14,0.22,202.1,236.2,154,0.11,239.1,7.125,7.138,10.122,84.5,8.09,86.6,37.89799,-90.64299,277.2,155.4,8.08,-90,11.7,0,17.437
12:50:14 PM,10/27/2025,251027-124437-112.bin,112,0,-0.11,-0.35,738.5,0.13,0.2,202.2,236.3,154,0.11,239.3,7.092,7.099,10.075,84.5,8.08,86.6,37.89799,-90.64299,277,155.4,8.08,-89.9,11.7,0,17.436
12:50:13 PM,10/27/2025,251027-124437-112.bin,112,0,-0.12,-0.36,738.5,0.12,0.2,202.2,236.4,154,0.11,239.3,7.051,7.046,10.017,84.5,8.09,86.6,37.89799,-90.64299,277,155.4,8.08,-89.9,11.7,0,17.436
12:50:12 PM,10/27/2025,251027-124437-112.bin,112,0,-0.12,-0.37,738.5,0.11,0.23,202.2,236.4,154,0.11,239.3,7.052,7.051,10.018,84.5,8.09,86.7,37.89799,-90.64299,276.6,155.4,8.08,-90,11.7,0,17.436
12:50:11 PM,10/27/2025,251027-124437-112.bin,112,0,-0.09,-0.32,738.5,0.13,0.22,202.2,236.3,154,0.11,239.3,7.045,7.062,10.007,84.6,8.09,86.7,37.89799,-90.64299,276.8,155.4,8.08,-89.9,11.7,0,17.436
12:50:10 PM,10/27/2025,251027-124437-112.bin,112,0,-0.06,-0.26,738.5,0.14,0.14,202.1,236.2,154,0.11,239.2,7.009,7.015,9.957,84.5,8.09,86.7,37.89799,-90.64299,277,155.4,8.08,-89.9,11.7,0,17.436
12:50:09 PM,10/27/2025,251027-124437-112.bin,112,0,-0.01,-0.22,738.5,0.11,0.17,202,236.1,153,0.11,239.1,6.994,6.979,9.936,84.5,8.09,86.6,37.89799,-90.64298,277.2,155.3,8.08,-89.9,11.7,0,17.436
12:50:08 PM,10/27/2025,251027-124437-112.bin,112,0,-0.06,-0.19,738.5,0.13,0.29,202.1,236.2,154,0.11,239.2,6.981,7.004,9.917,84.5,8.09,86.6,37.89799,-90.64298,277.2,155.3,8.08,-89.9,11.7,0,17.436
12:50:07 PM,10/27/2025,251027-124437-112.bin,112,0,-0.1,-0.1,738.4,0.13,0.27,202,236.1,153,0.11,239.1,6.96,6.988,9.888,84.5,8.09,86.7,37.89799,-90.64298,277.2,155.3,8.08,-89.9,11.7,0,17.437
12:50:06 PM,10/27/2025,251027-124437-112.bin,112,0,-0.06,-0.2,738.6,0.15,0.25,202.1,236.2,154,0.11,239.2,6.927,6.938,9.84,84.5,8.09,86.7,37.89799,-90.64298,277.1,155.3,8.08,-89.9,11.7,0,17.436
12:50:05 PM,10/27/2025,251027-124437-112.bin,112,0,-0.02,-0.3,738.5,0.16,0.26,202.2,236.3,154,0.11,239.3,6.895,6.888,9.795,84.5,8.09,86.7,37.89799,-90.64298,277.1,155.3,8.08,-89.9,11.7,0,17.436
12:50:04 PM,10/27/2025,251027-124437-112.bin,112,0,-0.04,-0.24,738.5,0.13,0.23,202.1,236.2,154,0.11,239.2,6.876,6.899,9.768,84.5,8.09,86.7,37.89799,-90.64299,277,155.3,8.08,-89.9,11.7,0,17.436
12:50:03 PM,10/27/2025,251027-124437-112.bin,112,0,-0.08,-0.11,738.4,0.18,0.22,202.1,236.3,154,0.11,239.2,6.852,6.875,9.734,84.5,8.09,86.7,37.89799,-90.64299,277,155.2,8.08,-89.9,11.7,0,17.436
12:50:02 PM,10/27/2025,251027-124437-112.bin,112,0,-0.13,-0.15,738.6,0.15,0.22,202.2,236.3,154,0.11,239.3,6.831,6.828,9.704,84.6,8.09,86.7,37.89799,-90.64299,277.1,155.2,8.08,-89.9,11.7,0,17.436
12:50:01 PM,10/27/2025,251027-124437-112.bin,112,0,-0.14,-0.06,738.5,0.09,0.22,202.1,236.2,154,0.11,239.2,6.803,6.802,9.664,84.6,8.1,86.7,37.89799,-90.64299,277.1,155.2,8.08,-89.9,11.7,0,17.436
12:50:00 PM,10/27/2025,251027-124437-112.bin,112,0,-0.09,-0.21,738.5,0.1,0.23,202,236.2,154,0.11,239.1,6.787,6.81,9.641,84.5,8.09,86.7,37.89798,-90.64298,277.2,155.2,8.08,-89.9,11.7,0,17.436
12:49:59 PM,10/27/2025,251027-124437-112.bin,112,0,-0.02,-0.27,738.5,0.12,0.24,202,236.1,153,0.11,239.1,6.772,6.789,9.62,84.6,8.09,86.7,37.89798,-90.64298,277.2,155.2,8.08,-89.9,11.7,0,17.436
12:49:58 PM,10/27/2025,251027-124437-112.bin,112,0,0,-0.11,738.5,0.13,0.27,202,236.1,153,0.11,239,6.75,6.749,9.588,84.5,8.09,86.7,37.89798,-90.64298,277.3,155.2,8.08,-89.9,11.7,0,17.436
12:49:57 PM,10/27/2025,251027-124437-112.bin,112,0,-0.07,-0.06,738.5,0.11,0.23,202,236,153,0.11,239,6.714,6.716,9.538,84.5,8.09,86.7,37.89798,-90.64298,277.5,155.1,8.08,-89.9,11.7,0,17.437
12:49:56 PM,10/27/2025,251027-124437-112.bin,112,0,-0.09,-0.03,738.4,0.13,0.24,202,236.1,153,0.11,239,6.69,6.714,9.503,84.6,8.1,86.8,37.89798,-90.64298,277.5,155.1,8.08,-89.9,11.7,0,17.437
12:49:55 PM,10/27/2025,251027-124437-112.bin,112,0,-0.11,-0.03,738.5,0.15,0.29,201.9,236,153,0.11,238.9,6.676,6.689,9.483,84.6,8.1,86.8,37.89798,-90.64298,277.5,155.1,8.08,-89.9,11.7,0,17.436
12:49:54 PM,10/27/2025,251027-124437-112.bin,112,0,-0.1,-0.22,738.4,0.12,0.27,201.9,235.9,153,0.11,238.9,6.654,6.666,9.452,84.6,8.1,86.7,37.89798,-90.64298,277.7,155.1,8.08,-90,11.7,0,17.437
12:49:53 PM,10/27/2025,251027-124437-112.bin,112,0,0.04,-0.35,738.5,0.13,0.22,202,236.1,153,0.11,239,6.623,6.636,9.408,84.5,8.09,86.7,37.89798,-90.64298,277.8,155,8.08,-90,11.7,0,17.438
12:49:52 PM,10/27/2025,251027-124437-112.bin,112,0,0.03,-0.33,738.5,0.17,0.23,201.9,235.9,153,0.11,238.9,6.588,6.599,9.358,84.5,8.09,86.7,37.89798,-90.64298,277.9,155,8.08,-90,11.7,0,17.437
12:49:51 PM,10/27/2025,251027-124437-112.bin,112,0,-0.08,-0.26,738.4,0.2,0.19,201.8,235.9,153,0.11,238.8,6.595,6.601,9.368,84.6,8.09,86.7,37.89798,-90.64298,278,155,8.08,-89.9,11.7,0,17.436
12:49:50 PM,10/27/2025,251027-124437-112.bin,112,0,-0.04,-0.25,738.5,0.16,0.19,201.9,236,153,0.11,238.9,6.575,6.6,9.341,84.6,8.1,86.7,37.89799,-90.64298,278.3,155,8.08,-90,11.7,0,17.437
12:49:49 PM,10/27/2025,251027-124437-112.bin,112,0,0.01,-0.27,738.6,0.28,0.22,201.9,236,153,0.11,238.9,6.542,6.553,9.293,84.6,8.1,86.8,37.89799,-90.64298,278.3,155,8.08,-90,11.7,0,17.437
12:49:48 PM,10/27/2025,251027-124437-112.bin,112,0,-0.04,-0.26,738.5,0.28,0.18,201.9,236,153,0.11,239,6.514,6.518,9.254,84.6,8.1,86.8,37.89799,-90.64298,278.5,155,8.08,-90,11.7,0,17.437
12:49:47 PM,10/27/2025,251027-124437-112.bin,112,0,-0.09,-0.2,738.4,0.12,0.23,202,236.1,153,0.11,239.1,6.521,6.518,9.264,84.6,8.1,86.8,37.89799,-90.64297,278.6,155,8.08,-89.9,11.7,0,17.437
12:49:46 PM,10/27/2025,251027-124437-112.bin,112,0,-0.09,-0.13,738.5,0.11,0.21,202,236.1,153,0.11,239,6.518,6.529,9.259,84.6,8.09,86.7,37.89799,-90.64297,278.6,154.9,8.08,-89.9,11.7,0,17.437
12:49:45 PM,10/27/2025,251027-124437-112.bin,112,0,-0.1,-0.15,738.5,0.09,0.19,201.9,236,153,0.11,239,6.49,6.501,9.219,84.6,8.1,86.8,37.89799,-90.64297,278.4,154.9,8.08,-89.9,11.7,0,17.436
12:49:44 PM,10/27/2025,251027-124437-112.bin,112,0,-0.08,-0.1,738.4,0.11,0.28,202,236.1,153,0.11,239.1,6.458,6.456,9.174,84.6,8.1,86.8,37.89798,-90.64297,278.5,154.9,8.08,-89.9,11.7,0,17.436
12:49:43 PM,10/27/2025,251027-124437-112.bin,112,0,-0.05,-0.1,738.5,0.13,0.28,202,236.2,154,0.11,239.1,6.469,6.466,9.19,84.7,8.1,86.8,37.89798,-90.64297,278.4,154.9,8.08,-89.9,11.7,0,17.436
12:49:42 PM,10/27/2025,251027-124437-112.bin,112,0,-0.04,-0.19,738.5,0.13,0.29,202.1,236.2,154,0.11,239.1,6.474,6.493,9.196,84.6,8.1,86.8,37.89798,-90.64297,278.4,154.9,8.08,-89.9,11.7,0,17.437
12:49:41 PM,10/27/2025,251027-124437-112.bin,112,0,-0.05,-0.34,738.4,0.14,0.25,202,236.1,153,0.11,239,6.435,6.449,9.142,84.5,8.09,86.7,37.89799,-90.64297,278.4,154.8,8.08,-89.9,11.7,0,17.437
12:49:40 PM,10/27/2025,251027-124437-112.bin,112,0,-0.07,-0.39,738.5,0.12,0.16,202,236.1,153,0.11,239,6.405,6.399,9.099,84.6,8.09,86.7,37.89799,-90.64297,278.3,154.8,8.08,-89.9,11.7,0,17.436
12:49:39 PM,10/27/2025,251027-124437-112.bin,112,0,-0.05,-0.3,738.5,0.08,0.17,202,236.1,153,0.11,239,6.417,6.421,9.115,84.6,8.1,86.8,37.89799,-90.64297,278.3,154.8,8.08,-89.9,11.7,0,17.436
12:49:38 PM,10/27/2025,251027-124437-112.bin,112,0,-0.04,-0.3,738.4,0.11,0.24,202,236.1,153,0.11,239,6.399,6.42,9.09,84.6,8.1,86.8,37.89799,-90.64297,278.3,154.8,8.08,-89.9,11.7,0,17.437
12:49:37 PM,10/27/2025,251027-124437-112.bin,112,0,-0.02,-0.29,738.5,0.1,0.22,202,236.1,153,0.11,239.1,6.367,6.368,9.045,84.6,8.1,86.7,37.89799,-90.64297,278.3,154.8,8.08,-89.9,11.7,0,17.437
12:49:36 PM,10/27/2025,251027-124437-112.bin,112,0,-0.05,-0.32,738.6,0.12,0.2,202.1,236.2,154,0.11,239.2,6.356,6.35,9.029,84.6,8.1,86.8,37.89799,-90.64297,278.2,154.8,8.08,-89.9,11.7,0,17.436
12:49:35 PM,10/27/2025,251027-124437-112.bin,112,0,-0.06,-0.3,738.5,0.39,0.29,202.1,236.2,154,0.11,239.2,6.348,6.358,9.017,84.7,8.11,86.9,37.89799,-90.64297,278.3,154.8,8.08,-89.9,11.7,0,17.435
12:49:34 PM,10/27/2025,251027-124437-112.bin,112,0,-0.06,-0.28,738.5,0.39,0.28,202,236.1,153,0.11,239.1,6.317,6.34,8.973,84.7,8.11,86.8,37.89799,-90.64297,278.4,154.8,8.08,-89.9,11.7,0,17.436
12:49:33 PM,10/27/2025,251027-124437-112.bin,112,0,-0.05,-0.25,738.5,0.14,0.21,202,236.2,154,0.11,239.1,6.302,6.292,8.953,84.7,8.1,86.8,37.89798,-90.64297,278.4,154.8,8.08,-89.9,11.7,0,17.436
12:49:32 PM,10/27/2025,251027-124437-112.bin,112,0,-0.05,-0.17,738.5,0.15,0.19,202.1,236.3,154,0.11,239.2,6.279,6.266,8.92,84.7,8.11,86.9,37.89798,-90.64297,278.3,154.7,8.08,-89.9,11.7,0,17.436
12:49:31 PM,10/27/2025,251027-124437-112.bin,112,0,-0.07,-0.13,738.5,0.17,0.19,202.1,236.2,154,0.11,239.1,6.271,6.268,8.909,84.7,8.11,86.8,37.89799,-90.64297,278.3,154.7,8.08,-89.9,11.7,0,17.436
12:49:30 PM,10/27/2025,251027-124437-112.bin,112,0,-0.08,-0.1,738.5,0.16,0.25,202,236.1,153,0.11,239.1,6.252,6.274,8.882,84.6,8.1,86.8,37.89799,-90.64297,278.1,154.7,8.08,-89.9,11.7,0,17.437
12:49:29 PM,10/27/2025,251027-124437-112.bin,112,0,-0.07,-0.08,738.6,0.15,0.26,202.2,236.3,154,0.11,239.2,6.236,6.23,8.858,84.6,8.1,86.8,37.89799,-90.64297,278.1,154.7,8.08,-89.8,11.7,0,17.437
12:49:28 PM,10/27/2025,251027-124437-112.bin,112,0,-0.03,-0.14,738.5,0.11,0.23,202.2,236.3,154,0.11,239.3,6.203,6.205,8.812,84.6,8.1,86.8,37.89799,-90.64297,277.9,154.7,8.08,-89.8,11.7,0,17.437
12:49:27 PM,10/27/2025,251027-124437-112.bin,112,0,-0.03,-0.28,738.4,0.09,0.2,202.1,236.2,154,0.11,239.2,6.19,6.21,8.793,84.7,8.1,86.8,37.89799,-90.64297,277.8,154.7,8.08,-89.8,11.7,0,17.438
12:49:26 PM,10/27/2025,251027-124437-112.bin,112,0,-0.04,-0.2,738.5,0.13,0.2,202,236.1,153,0.11,239,6.171,6.173,8.767,84.7,8.1,86.8,37.89799,-90.64297,277.8,154.7,8.08,-89.8,11.7,0,17.438
12:49:25 PM,10/27/2025,251027-124437-112.bin,112,0,-0.04,-0.19,738.5,0.13,0.21,202,236.1,153,0.11,239.1,6.152,6.146,8.739,84.6,8.1,86.8,37.89798,-90.64297,277.7,154.7,8.08,-89.8,11.7,0,17.437
12:49:24 PM,10/27/2025,251027-124437-112.bin,112,0,-0.05,0.05,738.6,0.15,0.25,202.1,236.2,154,0.11,239.2,6.128,6.126,8.705,84.6,8.1,86.8,37.89799,-90.64297,277.8,154.7,8.08,-89.8,11.7,0,17.437
12:49:23 PM,10/27/2025,251027-124437-112.bin,112,0,-0.04,0,738.6,0.14,0.25,202,236.1,153,0.11,239,6.115,6.131,8.687,84.7,8.11,86.8,37.89799,-90.64297,277.7,154.6,8.08,-89.8,11.7,0,17.436
12:49:22 PM,10/27/2025,251027-124437-112.bin,112,0,-0.06,-0.31,738.6,0.11,0.23,201.8,235.9,153,0.11,238.8,6.091,6.095,8.652,84.7,8.11,86.9,37.89799,-90.64297,277.5,154.6,8.07,-89.8,11.7,0,17.437
12:49:21 PM,10/27/2025,251027-124437-112.bin,112,0,-0.09,-0.28,738.4,0.14,0.23,202,236.1,153,0.11,239.1,6.088,6.093,8.649,84.7,8.11,86.8,37.89799,-90.64297,277.5,154.6,8.07,-89.8,11.7,0,17.437
12:49:20 PM,10/27/2025,251027-124437-112.bin,112,0,-0.09,-0.35,738.5,0.14,0.18,202.1,236.2,154,0.11,239.2,6.087,6.097,8.647,84.7,8.1,86.8,37.89799,-90.64297,277.4,154.6,8.07,-89.8,11.7,0,17.437
12:49:19 PM,10/27/2025,251027-124437-112.bin,112,0,-0.06,-0.36,738.5,0.11,0.19,202.1,236.2,154,0.11,239.2,6.054,6.069,8.601,84.7,8.1,86.8,37.89799,-90.64297,277.3,154.6,8.07,-89.8,11.7,0,17.437
12:49:18 PM,10/27/2025,251027-124437-112.bin,112,0,-0.07,-0.33,738.6,0.14,0.22,202.1,236.2,154,0.11,239.2,6.034,6.037,8.572,84.7,8.1,86.8,37.89799,-90.64297,277.4,154.6,8.07,-89.8,11.7,0,17.437
12:49:17 PM,10/27/2025,251027-124437-112.bin,112,0,-0.09,-0.18,738.5,0.15,0.21,202,236.1,153,0.11,239,6.02,6.02,8.552,84.7,8.1,86.8,37.89799,-90.64297,277.2,154.6,8.07,-89.7,11.7,0,17.437
12:49:16 PM,10/27/2025,251027-124437-112.bin,112,0,-0.02,-0.05,738.5,0.11,0.27,201.9,236,153,0.11,239,6.006,6.024,8.532,84.7,8.11,86.9,37.89799,-90.64297,277.2,154.6,8.07,-89.7,11.7,0,17.437
12:49:15 PM,10/27/2025,251027-124437-112.bin,112,0,-0.02,-0.18,738.5,0.1,0.29,201.9,236,153,0.11,238.9,5.964,5.97,8.472,84.7,8.11,86.9,37.89799,-90.64297,277.3,154.6,8.07,-89.8,11.7,0,17.437
12:49:14 PM,10/27/2025,251027-124437-112.bin,112,0,-0.04,-0.24,738.6,0.15,0.24,201.7,235.8,153,0.11,238.7,5.935,5.924,8.431,84.7,8.11,86.9,37.89799,-90.64297,277.2,154.6,8.07,-89.7,11.7,0,17.437
12:49:13 PM,10/27/2025,251027-124437-112.bin,112,0,-0.05,-0.07,738.4,0.15,0.27,201.7,235.7,153,0.11,238.7,5.939,5.95,8.437,84.7,8.11,86.9,37.89799,-90.64297,277.2,154.6,8.07,-89.7,11.7,0,17.437
12:49:12 PM,10/27/2025,251027-124437-112.bin,112,0,-0.05,-0.05,738.5,0.16,0.34,201.8,235.9,153,0.11,238.9,5.909,5.939,8.395,84.7,8.1,86.8,37.89799,-90.64297,276.9,154.5,8.07,-89.7,11.7,0,17.437
12:49:11 PM,10/27/2025,251027-124437-112.bin,112,0,0.02,-0.23,738.6,0.18,0.33,201.9,236,153,0.11,239,5.886,5.881,8.362,84.7,8.11,86.9,37.89799,-90.64297,276.8,154.5,8.07,-89.7,11.7,0,17.438
12:49:10 PM,10/27/2025,251027-124437-112.bin,112,0,0,-0.31,738.5,0.18,0.26,202,236.1,153,0.11,239.1,5.853,5.847,8.315,84.8,8.12,87,37.89799,-90.64297,277.1,154.5,8.07,-89.7,11.7,0,17.439
12:49:09 PM,10/27/2025,251027-124437-112.bin,112,0,-0.05,-0.28,738.5,0.17,0.21,201.9,236,153,0.11,239,5.841,5.861,8.297,84.8,8.11,86.9,37.89799,-90.64297,277.2,154.5,8.07,-89.7,11.7,0,17.44
12:49:08 PM,10/27/2025,251027-124437-112.bin,112,0,0.02,-0.26,738.6,0.14,0.2,201.8,235.8,153,0.11,238.8,5.817,5.839,8.263,84.7,8.11,86.9,37.89799,-90.64297,276.8,154.5,8.07,-89.7,11.7,0,17.439
12:49:07 PM,10/27/2025,251027-124437-112.bin,112,0,-0.01,-0.16,738.5,0.13,0.22,201.8,235.9,153,0.11,238.8,5.799,5.794,8.238,84.7,8.11,86.9,37.89799,-90.64297,276.3,154.5,8.07,-89.7,11.6,0,17.438
12:49:06 PM,10/27/2025,251027-124437-112.bin,112,0,-0.04,-0.18,738.5,0.12,0.23,201.8,235.9,153,0.11,238.9,5.772,5.771,8.199,84.7,8.11,86.8,37.89799,-90.64297,275.7,154.5,8.07,-89.7,11.6,0,17.438
12:49:05 PM,10/27/2025,251027-124437-112.bin,112,0,-0.01,-0.26,738.5,0.11,0.2,201.7,235.8,153,0.11,238.7,5.758,5.778,8.179,84.7,8.11,86.9,37.89799,-90.64297,275.7,154.5,8.07,-89.6,11.6,0,17.438
12:49:04 PM,10/27/2025,251027-124437-112.bin,112,0,-0.01,-0.26,738.4,0.13,0.15,201.8,235.9,153,0.11,238.8,5.734,5.756,8.146,84.7,8.1,86.8,37.89799,-90.64297,275.6,154.4,8.07,-89.7,11.6,0,17.437
12:49:03 PM,10/27/2025,251027-124437-112.bin,112,0,0,-0.28,738.6,0.13,0.19,201.9,236,153,0.11,239,5.716,5.716,8.12,84.7,8.1,86.8,37.89799,-90.64297,276.2,154.4,8.07,-89.7,11.6,0,17.438
12:49:02 PM,10/27/2025,251027-124437-112.bin,112,0,-0.02,-0.23,738.6,0.19,0.27,202,236.1,153,0.11,239,5.692,5.707,8.085,84.7,8.11,86.8,37.89799,-90.64297,276,154.4,8.07,-89.7,11.6,0,17.438
12:49:01 PM,10/27/2025,251027-124437-112.bin,112,0,-0.05,-0.16,738.5,0.21,0.23,202,236.1,153,0.11,239,5.676,5.697,8.063,84.7,8.11,86.9,37.89799,-90.64297,276.1,154.4,8.07,-89.7,11.6,0,17.438
12:49:00 PM,10/27/2025,251027-124437-112.bin,112,0,-0.08,-0.23,738.6,0.15,0.21,201.9,236,153,0.11,239,5.653,5.672,8.03,84.7,8.11,86.9,37.89799,-90.64297,276.3,154.3,8.07,-89.7,11.6,0,17.438
12:48:59 PM,10/27/2025,251027-124437-112.bin,112,0,-0.04,-0.34,738.5,0.14,0.23,202,236.1,153,0.11,239,5.633,5.632,8.002,84.8,8.11,86.9,37.89799,-90.64297,276.3,154.3,8.07,-89.8,11.6,0,17.438
12:48:58 PM,10/27/2025,251027-124437-112.bin,112,0,-0.03,-0.36,738.5,0.13,0.22,202,236.1,153,0.11,239.1,5.605,5.604,7.962,84.8,8.11,86.9,37.89799,-90.64297,276.3,154.2,8.08,-89.8,11.6,0,17.437
12:48:57 PM,10/27/2025,251027-124437-112.bin,112,0,-0.07,-0.35,738.6,0.14,0.24,202,236.1,153,0.11,239,5.585,5.605,7.934,84.8,8.11,86.9,37.89799,-90.64297,276.3,154.2,8.07,-89.8,11.7,0,17.438
12:48:56 PM,10/27/2025,251027-124437-112.bin,112,0,0.03,0,738.5,0.15,0.29,202.1,236.2,154,0.11,239.2,5.573,5.587,7.916,84.8,8.12,87,37.89799,-90.64297,276.3,154.1,8.08,-89.8,11.7,0,17.438
12:48:55 PM,10/27/2025,251027-124437-112.bin,112,0,0.03,0.06,738.5,0.13,0.26,202.2,236.3,154,0.11,239.3,5.549,5.56,7.883,84.7,8.11,86.9,37.89799,-90.64297,276.2,154.1,8.08,-89.9,11.7,0,17.438
12:48:54 PM,10/27/2025,251027-124437-112.bin,112,0,-0.07,-0.3,738.6,0.13,0.21,202.1,236.2,154,0.11,239.2,5.52,5.531,7.842,84.7,8.11,86.9,37.89799,-90.64297,276.4,154.1,8.08,-89.9,11.7,0,17.438
12:48:53 PM,10/27/2025,251027-124437-112.bin,112,0,-0.03,-0.28,738.5,0.11,0.2,202.1,236.2,154,0.11,239.1,5.486,5.49,7.793,84.8,8.12,86.9,37.89799,-90.64297,275.9,154.1,8.08,-89.9,11.7,0,17.439
12:48:52 PM,10/27/2025,251027-124437-112.bin,112,0,-0.02,-0.26,738.5,0.14,0.22,202,236.1,153,0.11,239,5.484,5.485,7.791,84.7,8.11,86.9,37.89799,-90.64297,275.8,154,8.08,-89.9,11.7,0,17.439
12:48:51 PM,10/27/2025,251027-124437-112.bin,112,0,-0.04,-0.25,738.4,0.13,0.23,202,236.1,153,0.11,239,5.465,5.481,7.763,84.8,8.11,86.9,37.89799,-90.64297,275.5,154,8.08,-89.9,11.7,0,17.44
12:48:50 PM,10/27/2025,251027-124437-112.bin,112,0,-0.06,0,738.6,0.12,0.26,202.1,236.2,154,0.11,239.1,5.44,5.448,7.727,84.8,8.12,87,37.89799,-90.64297,275.4,154,8.08,-90,11.7,0,17.44
12:48:49 PM,10/27/2025,251027-124437-112.bin,112,0,-0.05,-0.05,738.6,0.12,0.35,202.1,236.2,154,0.11,239.2,5.398,5.408,7.668,84.8,8.12,87,37.89799,-90.64297,275.3,153.9,8.08,-89.9,11.7,0,17.439
12:48:48 PM,10/27/2025,251027-124437-112.bin,112,0,-0.03,-0.26,738.5,0.12,0.32,202,236.1,153,0.11,239.1,5.396,5.398,7.666,84.8,8.11,86.9,37.89799,-90.64297,275.2,153.9,8.08,-89.9,11.7,0,17.439
12:48:47 PM,10/27/2025,251027-124437-112.bin,112,0,-0.04,-0.25,738.4,0.12,0.22,201.9,236,153,0.11,238.9,5.392,5.41,7.66,84.8,8.11,86.9,37.89799,-90.64297,275.3,153.9,8.08,-89.9,11.7,0,17.438
12:48:46 PM,10/27/2025,251027-124437-112.bin,112,0,-0.04,-0.26,738.5,0.12,0.2,202,236.1,153,0.11,239,5.358,5.373,7.611,84.8,8.12,87,37.898,-90.64297,275.2,153.8,8.08,-89.9,11.7,0,17.439
12:48:45 PM,10/27/2025,251027-124437-112.bin,112,0,0.07,-0.37,738.5,0.14,0.23,202.1,236.2,154,0.11,239.1,5.319,5.329,7.556,84.9,8.12,87,37.898,-90.64297,275,153.8,8.08,-89.9,11.7,0,17.439
12:48:45 PM,10/27/2025,251027-124437-112.bin,112,0,-0.01,-0.37,738.4,0.14,0.2,202.1,236.2,154,0.11,239.1,5.321,5.318,7.558,84.9,8.12,87,37.898,-90.64297,275.2,153.8,8.08,-89.9,11.7,0,17.439
12:48:44 PM,10/27/2025,251027-124437-112.bin,112,0,0.04,-0.3,738.5,0.14,0.21,202,236.1,153,0.11,239.1,5.29,5.317,7.515,84.9,8.12,87,37.898,-90.64297,274.9,153.8,8.08,-89.9,11.7,0,17.439
12:48:43 PM,10/27/2025,251027-124437-112.bin,112,0,-0.02,-0.17,738.4,0.15,0.18,202,236.1,153,0.11,239.1,5.258,5.255,7.47,84.9,8.12,87,37.89799,-90.64297,274.6,153.8,8.08,-90,11.7,0,17.439
12:48:42 PM,10/27/2025,251027-124437-112.bin,112,0,0.01,-0.14,738.5,0.14,0.22,202.1,236.2,154,0.11,239.2,5.221,5.227,7.417,84.9,8.12,87,37.89799,-90.64297,274.8,153.8,8.08,-90,11.7,0,17.44
12:48:41 PM,10/27/2025,251027-124437-112.bin,112,0,0.04,-0.26,738.4,0.11,0.22,202,236.1,153,0.11,239,5.221,5.232,7.417,84.9,8.13,87.1,37.89799,-90.64297,274.7,153.8,8.08,-89.9,11.7,0,17.44
12:48:40 PM,10/27/2025,251027-124437-112.bin,112,0,0.01,-0.24,738.4,0.1,0.18,201.8,235.8,153,0.11,238.7,5.194,5.222,7.379,84.9,8.12,87,37.898,-90.64297,274.7,153.8,8.08,-89.9,11.7,0,17.439
12:48:39 PM,10/27/2025,251027-124437-112.bin,112,0,-0.04,-0.15,738.5,0.1,0.18,201.8,235.8,153,0.11,238.8,5.17,5.169,7.344,84.9,8.12,87,37.898,-90.64297,275,153.8,8.08,-89.9,11.7,0,17.44
12:48:38 PM,10/27/2025,251027-124437-112.bin,112,0,0.01,-0.15,738.5,0.08,0.18,201.8,235.8,153,0.11,238.8,5.151,5.14,7.317,84.9,8.12,87,37.898,-90.64297,275.1,153.7,8.08,-89.9,11.7,0,17.441
12:48:37 PM,10/27/2025,251027-124437-112.bin,112,0,0.03,-0.23,738.5,0.11,0.2,201.8,235.8,153,0.11,238.8,5.145,5.158,7.309,84.9,8.12,87,37.89801,-90.64298,275.4,153.7,8.08,-89.9,11.7,0,17.44
12:48:36 PM,10/27/2025,251027-124437-112.bin,112,0,-0.01,-0.18,738.5,0.16,0.22,201.8,235.9,153,0.11,238.8,5.106,5.139,7.253,84.9,8.13,87.1,37.89801,-90.64298,275.7,153.7,8.08,-89.9,11.7,0,17.439
12:48:35 PM,10/27/2025,251027-124437-112.bin,112,0,-0.06,-0.23,738.6,0.14,0.21,201.8,235.8,153,0.11,238.8,5.084,5.081,7.223,84.9,8.12,87,37.89802,-90.64299,275.8,153.7,8.08,-89.9,11.7,0,17.44
12:48:34 PM,10/27/2025,251027-124437-112.bin,112,0,-0.08,-0.3,738.4,0.13,0.27,201.8,235.9,153,0.11,238.8,5.057,5.054,7.184,84.9,8.12,87,37.89802,-90.64299,275.9,153.7,8.08,-89.9,11.7,0,17.44
12:48:33 PM,10/27/2025,251027-124437-112.bin,112,0,-0.04,-0.16,738.4,0.13,0.33,201.8,235.9,153,0.11,238.8,5.045,5.067,7.167,84.9,8.13,87.1,37.89802,-90.64299,275.9,153.7,8.08,-89.9,11.7,0,17.439
12:48:32 PM,10/27/2025,251027-124437-112.bin,112,0,-0.01,-0.06,738.4,0.14,0.32,201.8,235.9,153,0.11,238.8,5.02,5.042,7.132,84.9,8.13,87.1,37.89802,-90.64299,276,153.6,8.08,-89.9,11.7,0,17.439
12:48:31 PM,10/27/2025,251027-124437-112.bin,112,0,0.02,-0.13,738.6,0.13,0.23,201.8,235.9,153,0.11,238.9,5.003,5,7.108,84.9,8.12,87,37.89802,-90.64299,276,153.6,8.08,-89.9,11.7,0,17.44
12:48:30 PM,10/27/2025,251027-124437-112.bin,112,0,0,-0.14,738.5,0.11,0.18,201.9,235.9,153,0.11,238.9,4.981,4.981,7.076,84.9,8.13,87.1,37.89802,-90.64299,275.9,153.6,8.08,-89.9,11.7,0,17.44
12:48:29 PM,10/27/2025,251027-124437-112.bin,112,0,-0.01,-0.16,738.4,0.12,0.21,201.9,235.9,153,0.11,238.9,4.966,4.982,7.054,84.9,8.13,87.1,37.89802,-90.64299,276,153.6,8.08,-89.9,11.7,0,17.439
12:48:28 PM,10/27/2025,251027-124437-112.bin,112,0,-0.01,-0.18,738.4,0.12,0.2,201.9,236,153,0.11,238.9,4.948,4.967,7.029,84.9,8.12,87,37.89802,-90.64299,276.1,153.6,8.08,-89.9,11.7,0,17.439
12:48:27 PM,10/27/2025,251027-124437-112.bin,112,0,-0.04,-0.06,738.4,0.13,0.2,202,236.1,153,0.11,239.1,4.927,4.926,6.999,84.9,8.13,87.1,37.89802,-90.64299,276.1,153.6,8.08,-89.9,11.7,0,17.44
12:48:26 PM,10/27/2025,251027-124437-112.bin,112,0,-0.06,-0.21,738.5,0.14,0.25,202,236.1,153,0.11,239.1,4.905,4.903,6.969,85,8.13,87.1,37.89802,-90.64299,276.1,153.6,8.08,-89.9,11.7,0,17.44
12:48:25 PM,10/27/2025,251027-124437-112.bin,112,0,-0.06,-0.32,738.4,0.15,0.25,202,236.1,153,0.11,239,4.892,4.904,6.949,84.9,8.13,87.1,37.89802,-90.64299,276.1,153.6,8.08,-89.9,11.7,0,17.439
12:48:24 PM,10/27/2025,251027-124437-112.bin,112,0,-0.06,-0.16,738.4,0.18,0.2,201.9,236,153,0.11,239,4.869,4.879,6.917,84.9,8.12,87,37.89802,-90.64299,276.1,153.5,8.08,-89.9,11.7,0,17.439
12:48:23 PM,10/27/2025,251027-124437-112.bin,112,0,-0.09,-0.15,738.5,0.15,0.19,201.9,236,153,0.11,239,4.845,4.843,6.882,84.8,8.12,87,37.89802,-90.64299,276.1,153.5,8.08,-89.9,11.7,0,17.439
12:48:22 PM,10/27/2025,251027-124437-112.bin,112,0,-0.06,-0.28,738.5,0.13,0.19,202,236.1,153,0.11,239,4.808,4.818,6.829,84.9,8.13,87.1,37.89802,-90.64299,276.2,153.5,8.08,-89.9,11.7,0,17.439
12:48:21 PM,10/27/2025,251027-124437-112.bin,112,0,0,-0.28,738.5,0.14,0.24,202,236.1,153,0.11,239,4.78,4.789,6.791,85,8.13,87.1,37.89802,-90.64299,276.4,153.5,8.08,-89.9,11.7,0,17.44
12:48:20 PM,10/27/2025,251027-124437-112.bin,112,0,-0.02,-0.23,738.4,0.12,0.29,201.9,236,153,0.11,238.9,4.783,4.792,6.795,85,8.13,87.2,37.89802,-90.643,276.9,153.4,8.08,-89.9,11.7,0,17.44
12:48:19 PM,10/27/2025,251027-124437-112.bin,112,0,-0.04,-0.16,738.4,0.13,0.27,201.9,236,153,0.11,239,4.762,4.782,6.765,85,8.13,87.1,37.89802,-90.643,277,153.4,8.08,-89.9,11.7,0,17.439
12:48:18 PM,10/27/2025,251027-124437-112.bin,112,0,-0.07,-0.26,738.5,0.11,0.23,202,236.1,153,0.11,239.1,4.706,4.721,6.686,85,8.13,87.2,37.89802,-90.643,277,153.4,8.08,-89.9,11.7,0,17.439
12:48:17 PM,10/27/2025,251027-124437-112.bin,112,0,-0.09,-0.34,738.4,0.11,0.23,202,236.1,153,0.11,239,4.683,4.679,6.652,85,8.14,87.2,37.89802,-90.643,277,153.4,8.08,-89.9,11.7,0,17.439
12:48:16 PM,10/27/2025,251027-124437-112.bin,112,0,-0.12,-0.19,738.4,0.16,0.26,201.9,236,153,0.11,239,4.683,4.691,6.653,85,8.13,87.1,37.89802,-90.643,277.1,153.4,8.08,-89.9,11.7,0,17.44
12:48:15 PM,10/27/2025,251027-124437-112.bin,112,0,-0.17,-0.2,738.4,0.18,0.22,202,236.1,153,0.11,239,4.648,4.679,6.603,85,8.13,87.1,37.89802,-90.643,276.9,153.4,8.08,-89.9,11.7,0,17.44
12:48:14 PM,10/27/2025,251027-124437-112.bin,112,0,-0.1,-0.25,738.4,0.12,0.19,202,236.1,153,0.11,239.1,4.604,4.604,6.54,84.9,8.13,87.1,37.89802,-90.643,276.8,153.3,8.08,-89.9,11.7,0,17.439
12:48:13 PM,10/27/2025,251027-124437-112.bin,112,0,-0.05,-0.27,738.4,0.12,0.2,202,236.1,153,0.11,239,4.593,4.581,6.524,85,8.14,87.2,37.89802,-90.643,276.5,153.3,8.08,-89.9,11.7,0,17.439
12:48:12 PM,10/27/2025,251027-124437-112.bin,112,0,-0.07,-0.15,738.5,0.13,0.27,201.9,236,153,0.11,239,4.589,4.602,6.52,85,8.14,87.2,37.89802,-90.643,276.5,153.3,8.08,-89.9,11.7,0,17.439
12:48:11 PM,10/27/2025,251027-124437-112.bin,112,0,-0.1,-0.13,738.4,0.09,0.3,201.9,236,153,0.11,238.9,4.554,4.584,6.47,85,8.14,87.2,37.89802,-90.643,276.7,153.3,8.08,-89.9,11.7,0,17.439
12:48:10 PM,10/27/2025,251027-124437-112.bin,112,0,-0.07,-0.2,738.4,0.08,0.22,201.9,236,153,0.11,238.9,4.534,4.529,6.44,85,8.13,87.1,37.89802,-90.643,276.7,153.3,8.08,-89.9,11.7,0,17.439
12:48:09 PM,10/27/2025,251027-124437-112.bin,112,0,-0.04,-0.15,738.4,0.08,0.21,201.9,235.9,153,0.11,238.9,4.506,4.498,6.401,85,8.13,87.1,37.89802,-90.64301,276.6,153.2,8.08,-89.9,11.7,0,17.439
12:48:08 PM,10/27/2025,251027-124437-112.bin,112,0,-0.04,-0.2,738.4,0.1,0.2,201.8,235.9,153,0.11,238.8,4.503,4.516,6.396,85,8.13,87.1,37.89802,-90.64301,276.4,153.2,8.08,-89.9,11.7,0,17.439
12:48:07 PM,10/27/2025,251027-124437-112.bin,112,0,-0.02,-0.23,738.5,0.14,0.14,201.8,235.9,153,0.11,238.8,4.466,4.498,6.344,85,8.14,87.2,37.89801,-90.64301,275.7,153.2,8.08,-89.9,11.7,0,17.44
12:48:06 PM,10/27/2025,251027-124437-112.bin,112,0,-0.06,-0.08,738.4,0.15,0.29,201.9,236,153,0.11,238.9,4.442,4.438,6.311,85,8.13,87.1,37.89801,-90.64301,275.9,153.2,8.08,-89.9,11.7,0,17.44
12:48:05 PM,10/27/2025,251027-124437-112.bin,112,0,-0.12,0.01,738.5,0.13,0.36,202,236.1,153,0.11,239,4.42,4.409,6.279,85,8.14,87.2,37.89801,-90.64301,275.8,153.2,8.08,-89.9,11.7,0,17.44
12:48:04 PM,10/27/2025,251027-124437-112.bin,112,0,-0.1,-0.11,738.4,0.14,0.22,202,236.1,153,0.11,239,4.42,4.433,6.279,85,8.14,87.2,37.89801,-90.64301,276,153.1,8.08,-89.9,11.7,0,17.44
12:48:03 PM,10/27/2025,251027-124437-112.bin,112,0,-0.1,-0.17,738.4,0.17,0.2,201.8,235.9,153,0.11,238.9,4.386,4.409,6.23,85,8.14,87.2,37.89801,-90.64301,275.8,153.1,8.08,-89.9,11.7,0,17.439
12:48:02 PM,10/27/2025,251027-124437-112.bin,112,0,-0.08,-0.1,738.5,0.13,0.27,201.8,235.8,153,0.11,238.8,4.371,4.365,6.209,85,8.14,87.2,37.89801,-90.64301,275.8,153.1,8.08,-89.9,11.7,0,17.438
12:48:01 PM,10/27/2025,251027-124437-112.bin,112,0,-0.06,-0.23,738.5,0.12,0.25,201.7,235.8,153,0.11,238.7,4.352,4.347,6.182,85,8.14,87.2,37.89801,-90.64301,275.8,153.1,8.08,-89.8,11.7,0,17.438
12:48:00 PM,10/27/2025,251027-124437-112.bin,112,0,-0.09,-0.21,738.4,0.15,0.22,201.8,235.9,153,0.11,238.8,4.345,4.364,6.172,85,8.14,87.2,37.89801,-90.64301,275.8,153.1,8.08,-89.9,11.7,0,17.439
12:47:59 PM,10/27/2025,251027-124437-112.bin,112,0,-0.1,-0.17,738.4,0.19,0.28,201.8,235.9,153,0.11,238.9,4.331,4.346,6.152,85.1,8.14,87.2,37.89801,-90.64301,276,153.1,8.08,-89.9,11.7,0,17.439
12:47:58 PM,10/27/2025,251027-124437-112.bin,112,0,-0.05,-0.28,738.5,0.18,0.3,201.9,236,153,0.11,239,4.313,4.314,6.128,85.1,8.14,87.2,37.89801,-90.64301,276.4,153.1,8.08,-89.9,11.7,0,17.438
12:47:57 PM,10/27/2025,251027-124437-112.bin,112,0,-0.05,-0.31,738.4,0.12,0.22,201.9,236,153,0.11,238.9,4.289,4.289,6.093,85,8.14,87.2,37.89801,-90.64301,276.8,153,8.08,-89.9,11.7,0,17.438
12:47:56 PM,10/27/2025,251027-124437-112.bin,112,0,-0.07,-0.32,738.4,0.09,0.19,201.7,235.8,153,0.11,238.7,4.276,4.292,6.074,85,8.14,87.2,37.89801,-90.64301,276.9,153,8.08,-89.8,11.7,0,17.439
12:47:55 PM,10/27/2025,251027-124437-112.bin,112,0,-0.04,-0.32,738.4,0.12,0.17,201.7,235.8,153,0.11,238.7,4.266,4.28,6.06,85.1,8.14,87.2,37.89801,-90.64301,276.4,153,8.08,-89.9,11.7,0,17.439
12:47:54 PM,10/27/2025,251027-124437-112.bin,112,0,-0.01,-0.4,738.5,0.2,0.18,201.8,235.9,153,0.11,238.8,4.251,4.254,6.038,85.1,8.14,87.2,37.89801,-90.64301,276.8,153,8.08,-89.8,11.7,0,17.438
12:47:53 PM,10/27/2025,251027-124437-112.bin,112,0,-0.02,-0.51,738.5,0.18,0.19,201.8,235.9,153,0.11,238.8,4.227,4.242,6.005,85,8.14,87.2,37.89801,-90.64301,277.5,153,8.08,-89.8,11.7,0,17.439
12:47:52 PM,10/27/2025,251027-124437-112.bin,112,0,-0.03,-0.48,738.5,0.14,0.19,201.9,236,153,0.11,239,4.208,4.224,5.978,85,8.14,87.2,37.89801,-90.64301,277,153,8.08,-89.8,11.7,0,17.439
12:47:51 PM,10/27/2025,251027-124437-112.bin,112,0,-0.01,-0.37,738.5,0.13,0.17,202,236.1,153,0.11,239,4.197,4.198,5.962,85,8.14,87.2,37.89801,-90.64301,277.3,153,8.08,-89.8,11.7,0,17.44
12:47:50 PM,10/27/2025,251027-124437-112.bin,112,0,-0.02,-0.24,738.4,0.13,0.18,202,236.1,153,0.11,239,4.185,4.203,5.945,85.1,8.14,87.2,37.89801,-90.64301,277.8,152.9,8.08,-89.8,11.7,0,17.441
12:47:49 PM,10/27/2025,251027-124437-112.bin,112,0,0,-0.16,738.4,0.13,0.2,202,236.1,153,0.11,239.1,4.155,4.17,5.903,85,8.14,87.2,37.89801,-90.64301,277.8,152.9,8.08,-89.8,11.7,0,17.44
12:47:48 PM,10/27/2025,251027-124437-112.bin,112,0,0.02,-0.06,738.4,0.13,0.19,202,236.1,153,0.11,239.1,4.131,4.145,5.868,84.9,8.13,87.1,37.89801,-90.64301,277.7,152.9,8.08,-89.8,11.7,0,17.44
12:47:47 PM,10/27/2025,251027-124437-112.bin,112,0,0.02,0.16,738.4,0.14,0.19,201.9,236,153,0.11,238.9,4.123,4.121,5.857,85,8.13,87.1,37.89801,-90.64301,277.5,152.9,8.07,-89.8,11.7,0,17.44
12:47:46 PM,10/27/2025,251027-124437-112.bin,112,0,-0.02,0.02,738.4,0.14,0.22,201.9,236,153,0.11,238.9,4.121,4.128,5.854,85,8.14,87.2,37.898,-90.64301,277,152.9,8.07,-89.8,11.7,0,17.439
12:47:45 PM,10/27/2025,251027-124437-112.bin,112,0,-0.01,-0.35,738.5,0.12,0.22,202,236.1,153,0.11,239,4.096,4.106,5.818,85.1,8.14,87.2,37.898,-90.64301,276.6,152.9,8.07,-89.8,11.7,0,17.438
12:47:44 PM,10/27/2025,251027-124437-112.bin,112,0,-0.05,-0.1,738.4,0.11,0.27,201.9,236,153,0.11,239,4.064,4.055,5.773,85,8.14,87.2,37.898,-90.64301,276.7,152.9,8.07,-89.8,11.7,0,17.439
12:47:43 PM,10/27/2025,251027-124437-112.bin,112,0,-0.05,-0.04,738.4,0.13,0.31,202,236,153,0.11,239,4.061,4.066,5.769,85,8.14,87.2,37.898,-90.643,277,152.8,8.07,-89.8,11.7,0,17.438
12:47:42 PM,10/27/2025,251027-124437-112.bin,112,0,-0.03,-0.22,738.4,0.11,0.3,202,236.1,153,0.11,239.1,4.047,4.068,5.749,85,8.14,87.2,37.898,-90.643,277.3,152.8,8.07,-89.8,11.7,0,17.438
12:47:41 PM,10/27/2025,251027-124437-112.bin,112,0,-0.04,-0.26,738.5,0.12,0.27,202.1,236.2,154,0.11,239.1,4.02,4.029,5.71,85.1,8.14,87.2,37.898,-90.643,277.1,152.8,8.07,-89.8,11.7,0,17.439
12:47:40 PM,10/27/2025,251027-124437-112.bin,112,0,-0.06,-0.36,738.5,0.16,0.24,202,236.1,153,0.11,239.1,3.997,3.986,5.678,85.1,8.14,87.2,37.898,-90.643,277.2,152.7,8.08,-89.8,11.7,0,17.439
12:47:39 PM,10/27/2025,251027-124437-112.bin,112,0,-0.08,-0.48,738.4,0.16,0.18,202.1,236.2,154,0.11,239.2,3.981,3.997,5.655,85.1,8.14,87.3,37.898,-90.643,277.3,152.7,8.07,-89.8,11.7,0,17.44
12:47:38 PM,10/27/2025,251027-124437-112.bin,112,0,-0.1,-0.25,738.5,0.12,0.17,202.1,236.2,154,0.11,239.2,3.969,3.988,5.638,85,8.14,87.2,37.898,-90.643,277.5,152.7,8.07,-89.8,11.7,0,17.441
12:47:37 PM,10/27/2025,251027-124437-112.bin,112,0,-0.1,-0.09,738.4,0.15,0.23,202,236.1,153,0.11,239.1,3.945,3.943,5.604,85.1,8.14,87.3,37.898,-90.643,277.7,152.7,8.07,-89.8,11.7,0,17.441
12:47:36 PM,10/27/2025,251027-124437-112.bin,112,0,-0.09,-0.25,738.4,0.16,0.26,202,236.1,153,0.11,239,3.924,3.911,5.575,85,8.14,87.2,37.898,-90.643,277.6,152.7,8.07,-89.8,11.7,0,17.44
12:47:35 PM,10/27/2025,251027-124437-112.bin,112,0,-0.05,-0.33,738.4,0.14,0.26,202.1,236.2,154,0.11,239.1,3.927,3.936,5.578,85,8.14,87.2,37.898,-90.643,277.8,152.6,8.07,-89.8,11.7,0,17.441
12:47:34 PM,10/27/2025,251027-124437-112.bin,112,0,-0.04,-0.19,738.5,0.12,0.23,202,236.1,153,0.11,239,3.903,3.929,5.545,85,8.14,87.2,37.898,-90.643,277.8,152.6,8.07,-89.8,11.7,0,17.441
12:47:33 PM,10/27/2025,251027-124437-112.bin,112,0,-0.05,-0.19,738.5,0.12,0.2,201.9,235.9,153,0.11,238.9,3.886,3.882,5.521,85.1,8.14,87.2,37.898,-90.643,277.8,152.6,8.07,-89.8,11.7,0,17.441
12:47:32 PM,10/27/2025,251027-124437-112.bin,112,0,-0.06,-0.28,738.4,0.18,0.22,201.9,236,153,0.11,239,3.854,3.853,5.474,85.1,8.14,87.3,37.898,-90.643,277.4,152.6,8.07,-89.8,11.7,0,17.442
12:47:31 PM,10/27/2025,251027-124437-112.bin,112,0,-0.07,-0.37,738.4,0.17,0.24,201.9,236,153,0.11,238.9,3.844,3.864,5.46,85,8.14,87.2,37.898,-90.643,277.5,152.6,8.07,-89.8,11.7,0,17.441
12:47:30 PM,10/27/2025,251027-124437-112.bin,112,0,-0.05,-0.35,738.5,0.15,0.19,201.9,235.9,153,0.11,238.9,3.828,3.844,5.438,85,8.14,87.2,37.89799,-90.643,277.4,152.6,8.07,-89.8,11.7,0,17.441
12:47:29 PM,10/27/2025,251027-124437-112.bin,112,0,-0.05,-0.24,738.4,0.17,0.17,201.8,235.8,153,0.11,238.8,3.816,3.812,5.42,85.1,8.14,87.2,37.89799,-90.643,277.3,152.5,8.07,-89.8,11.7,0,17.441
12:47:28 PM,10/27/2025,251027-124437-112.bin,112,0,-0.04,-0.31,738.5,0.15,0.17,201.8,235.9,153,0.11,238.8,3.796,3.794,5.393,85.1,8.14,87.3,37.89799,-90.64299,277.3,152.5,8.07,-89.8,11.7,0,17.441
12:47:27 PM,10/27/2025,251027-124437-112.bin,112,0,-0.01,-0.39,738.4,0.13,0.16,201.8,235.8,153,0.11,238.8,3.784,3.799,5.375,85.1,8.14,87.2,37.89799,-90.64299,277.3,152.5,8.07,-89.8,11.7,0,17.442
12:47:26 PM,10/27/2025,251027-124437-112.bin,112,0,0.01,-0.31,738.5,0.18,0.19,201.8,235.8,153,0.11,238.8,3.775,3.774,5.363,85.1,8.14,87.2,37.89799,-90.64299,277.3,152.5,8.07,-89.8,11.7,0,17.442
12:47:25 PM,10/27/2025,251027-124437-112.bin,112,0,0,-0.26,738.4,0.2,0.22,201.8,235.8,153,0.11,238.8,3.751,3.759,5.328,85.1,8.14,87.3,37.89799,-90.643,277,152.5,8.07,-89.8,11.7,0,17.442
12:47:24 PM,10/27/2025,251027-124437-112.bin,112,0,-0.01,-0.38,738.5,0.12,0.19,201.8,235.8,153,0.11,238.8,3.709,3.712,5.268,85.1,8.15,87.3,37.89799,-90.643,277.1,152.5,8.07,-89.8,11.7,0,17.442
12:47:23 PM,10/27/2025,251027-124437-112.bin,112,0,-0.01,-0.31,738.4,0.11,0.19,201.8,235.8,153,0.11,238.8,3.685,3.693,5.235,85.1,8.14,87.3,37.89799,-90.643,276.9,152.4,8.07,-89.8,11.7,0,17.442
12:47:22 PM,10/27/2025,251027-124437-112.bin,112,0,-0.04,-0.23,738.5,0.15,0.23,201.8,235.8,153,0.11,238.8,3.687,3.694,5.237,85.1,8.14,87.3,37.89799,-90.643,276.8,152.4,8.07,-89.8,11.7,0,17.442
12:47:21 PM,10/27/2025,251027-124437-112.bin,112,0,-0.03,-0.33,738.4,0.14,0.2,201.8,235.8,153,0.11,238.8,3.667,3.678,5.209,85.1,8.15,87.3,37.89799,-90.643,276.9,152.4,8.07,-89.8,11.7,0,17.441
12:47:20 PM,10/27/2025,251027-124437-112.bin,112,0,-0.01,-0.3,738.4,0.11,0.19,201.8,235.8,153,0.11,238.7,3.634,3.647,5.162,85.1,8.15,87.3,37.89799,-90.643,276.9,152.4,8.07,-89.8,11.7,0,17.442
12:47:19 PM,10/27/2025,251027-124437-112.bin,112,0,-0.01,-0.29,738.5,0.12,0.2,201.8,235.8,153,0.11,238.7,3.594,3.606,5.105,85.1,8.14,87.3,37.89799,-90.643,277,152.3,8.07,-89.8,11.7,0,17.442
12:47:18 PM,10/27/2025,251027-124437-112.bin,112,0,-0.04,-0.31,738.5,0.15,0.2,201.9,236,153,0.11,238.9,3.588,3.588,5.097,85.1,8.15,87.3,37.89799,-90.643,277.2,152.3,8.07,-89.8,11.7,0,17.443
12:47:17 PM,10/27/2025,251027-124437-112.bin,112,0,-0.07,-0.17,738.4,0.16,0.19,201.9,236,153,0.11,238.9,3.57,3.585,5.071,85.1,8.15,87.3,37.89799,-90.643,277.3,152.3,8.07,-89.8,11.7,0,17.443
12:47:16 PM,10/27/2025,251027-124437-112.bin,112,0,-0.08,-0.05,738.4,0.14,0.27,201.8,235.8,153,0.11,238.8,3.539,3.548,5.027,85.1,8.15,87.3,37.89799,-90.643,277.3,152.3,8.07,-89.8,11.7,0,17.444
12:47:15 PM,10/27/2025,251027-124437-112.bin,112,0,-0.02,-0.22,738.4,0.13,0.27,201.8,235.9,153,0.11,238.8,3.502,3.502,4.975,85.1,8.15,87.3,37.89799,-90.64299,277.5,152.3,8.07,-89.8,11.7,0,17.444
12:47:14 PM,10/27/2025,251027-124437-112.bin,112,0,-0.03,-0.37,738.4,0.12,0.17,202,236,153,0.11,239,3.503,3.503,4.976,85.1,8.15,87.3,37.89799,-90.64299,277.4,152.3,8.07,-89.8,11.7,0,17.443
12:47:13 PM,10/27/2025,251027-124437-112.bin,112,0,-0.06,-0.43,738.5,0.11,0.19,201.9,236,153,0.11,238.9,3.489,3.507,4.957,85.1,8.15,87.3,37.89799,-90.64299,277.5,152.2,8.07,-89.8,11.7,0,17.444
12:47:12 PM,10/27/2025,251027-124437-112.bin,112,0,-0.07,-0.45,738.5,0.12,0.2,201.9,235.9,153,0.11,238.8,3.463,3.49,4.919,85.1,8.15,87.3,37.89799,-90.64299,277.3,152.2,8.08,-89.8,11.7,0,17.444
12:47:11 PM,10/27/2025,251027-124437-112.bin,112,0,-0.01,-0.31,738.4,0.15,0.14,201.8,235.8,153,0.11,238.8,3.421,3.415,4.86,85.1,8.15,87.3,37.89799,-90.64299,277.3,152.2,8.08,-89.8,11.7,0,17.444
12:47:10 PM,10/27/2025,251027-124437-112.bin,112,0,0.04,-0.24,738.5,0.16,0.17,201.9,235.9,153,0.11,238.9,3.42,3.42,4.859,85.1,8.14,87.3,37.89799,-90.64299,277.3,152.1,8.08,-89.8,11.7,0,17.443
12:47:09 PM,10/27/2025,251027-124437-112.bin,112,0,0,-0.18,738.6,0.1,0.2,201.9,236,153,0.11,238.9,3.404,3.422,4.835,85.1,8.15,87.3,37.89799,-90.64299,277.2,152.1,8.08,-89.8,11.7,0,17.442
12:47:08 PM,10/27/2025,251027-124437-112.bin,112,0,0.04,-0.11,738.5,0.08,0.25,201.9,235.9,153,0.11,238.9,3.367,3.371,4.783,85.1,8.15,87.3,37.89799,-90.64299,277.4,152.1,8.08,-89.8,11.7,0,17.442
12:47:07 PM,10/27/2025,251027-124437-112.bin,112,0,-0.01,-0.21,738.4,0.12,0.29,201.9,235.9,153,0.11,238.9,3.353,3.35,4.764,85.2,8.15,87.4,37.89799,-90.64299,277.4,152.1,8.08,-89.9,11.7,0,17.443
12:47:06 PM,10/27/2025,251027-124437-112.bin,112,0,-0.02,-0.32,738.4,0.13,0.24,201.9,236,153,0.11,238.9,3.339,3.345,4.743,85.2,8.15,87.4,37.89799,-90.64299,277.4,152.1,8.08,-89.8,11.7,0,17.444
12:47:05 PM,10/27/2025,251027-124437-112.bin,112,0,0.04,-0.37,738.5,0.14,0.24,201.9,236,153,0.11,238.9,3.314,3.329,4.708,85.2,8.15,87.3,37.89799,-90.64299,277.4,152,8.08,-89.8,11.7,0,17.444
12:47:04 PM,10/27/2025,251027-124437-112.bin,112,0,-0.01,-0.21,738.4,0.14,0.23,201.9,236,153,0.11,239,3.287,3.284,4.669,85.1,8.15,87.3,37.89799,-90.64299,277.5,152,8.08,-89.8,11.7,0,17.443
12:47:03 PM,10/27/2025,251027-124437-112.bin,112,0,0.05,-0.19,738.5,0.12,0.21,202,236.1,153,0.11,239.1,3.259,3.252,4.63,85.1,8.15,87.3,37.89799,-90.64299,277.4,152,8.08,-89.8,11.7,0,17.443
12:47:02 PM,10/27/2025,251027-124437-112.bin,112,0,0.02,-0.31,738.4,0.11,0.2,201.9,236,153,0.11,238.9,3.247,3.25,4.613,85.2,8.15,87.3,37.89799,-90.64299,277.3,152,8.08,-89.8,11.7,0,17.444
12:47:01 PM,10/27/2025,251027-124437-112.bin,112,0,-0.05,-0.28,738.6,0.09,0.16,201.9,235.9,153,0.11,238.9,3.232,3.245,4.591,85.2,8.15,87.4,37.89799,-90.64299,277.2,152,8.08,-89.8,11.7,0,17.443
12:47:00 PM,10/27/2025,251027-124437-112.bin,112,0,0,-0.17,738.4,0.11,0.15,201.8,235.9,153,0.11,238.8,3.218,3.217,4.572,85.2,8.15,87.3,37.89799,-90.64299,277.2,151.9,8.08,-89.8,11.7,0,17.443
12:46:59 PM,10/27/2025,251027-124437-112.bin,112,0,-0.05,-0.11,738.5,0.14,0.17,201.9,235.9,153,0.11,238.9,3.196,3.198,4.54,85.2,8.16,87.4,37.89799,-90.64299,277.1,151.9,8.08,-89.8,11.7,0,17.443
12:46:58 PM,10/27/2025,251027-124437-112.bin,112,0,-0.1,-0.13,738.4,0.11,0.19,202,236.1,153,0.11,239,3.165,3.166,4.496,85.3,8.16,87.4,37.89799,-90.64299,277.1,151.9,8.08,-89.8,11.7,0,17.443
12:46:57 PM,10/27/2025,251027-124437-112.bin,112,0,-0.04,-0.3,738.5,0.12,0.16,202,236,153,0.11,239,3.142,3.159,4.463,85.2,8.16,87.4,37.89799,-90.64299,276.9,151.9,8.08,-89.8,11.7,0,17.443
12:46:56 PM,10/27/2025,251027-124437-112.bin,112,0,0,-0.23,738.5,0.14,0.17,201.8,235.9,153,0.11,238.8,3.12,3.128,4.432,85.2,8.16,87.4,37.89799,-90.64299,276.8,151.9,8.08,-89.8,11.7,0,17.443
12:46:55 PM,10/27/2025,251027-124437-112.bin,112,0,0,0.02,738.5,0.15,0.23,201.8,235.9,153,0.11,238.8,3.101,3.104,4.405,85.3,8.16,87.4,37.89799,-90.64299,276.8,151.9,8.08,-89.8,11.7,0,17.443
12:46:54 PM,10/27/2025,251027-124437-112.bin,112,0,-0.04,-0.05,738.4,0.17,0.26,201.9,236,153,0.11,238.9,3.078,3.092,4.372,85.2,8.16,87.4,37.89799,-90.64299,276.8,151.8,8.08,-89.8,11.7,0,17.442
12:46:53 PM,10/27/2025,251027-124437-112.bin,112,0,-0.02,-0.13,738.5,0.15,0.27,202,236,153,0.11,239,3.058,3.071,4.344,85.3,8.16,87.4,37.89799,-90.64299,276.7,151.8,8.08,-89.8,11.7,0,17.443
12:46:52 PM,10/27/2025,251027-124437-112.bin,112,0,0.02,-0.19,738.4,0.12,0.27,202,236.1,153,0.11,239,3.046,3.046,4.326,85.3,8.16,87.5,37.89799,-90.64299,276.7,151.8,8.08,-89.8,11.7,0,17.444
12:46:51 PM,10/27/2025,251027-124437-112.bin,112,0,-0.01,-0.18,738.4,0.15,0.35,202,236,153,0.11,239,3.033,3.043,4.308,85.2,8.16,87.4,37.89799,-90.64299,276.6,151.8,8.07,-89.8,11.7,0,17.444
12:46:50 PM,10/27/2025,251027-124437-112.bin,112,0,-0.02,-0.2,738.4,0.19,0.33,201.9,235.9,153,0.11,238.9,3.007,3.016,4.271,85.3,8.16,87.4,37.89799,-90.64299,276.6,151.8,8.07,-89.8,11.7,0,17.444
12:46:49 PM,10/27/2025,251027-124437-112.bin,112,0,-0.06,-0.04,738.5,0.16,0.22,201.9,235.9,153,0.11,238.9,2.968,2.972,4.217,85.3,8.16,87.4,37.89799,-90.64299,276.5,151.7,8.07,-89.8,11.7,0,17.443
12:46:48 PM,10/27/2025,251027-124437-112.bin,112,0,-0.08,-0.06,738.4,0.16,0.23,201.8,235.8,153,0.11,238.7,2.971,2.97,4.221,85.2,8.16,87.4,37.89799,-90.64299,276.4,151.7,8.07,-89.8,11.7,0,17.443
12:46:47 PM,10/27/2025,251027-124437-112.bin,112,0,0,-0.3,738.5,0.18,0.22,201.7,235.7,153,0.11,238.7,2.969,2.984,4.217,85.2,8.16,87.4,37.89799,-90.64298,276.4,151.7,8.07,-89.8,11.7,0,17.443
12:46:46 PM,10/27/2025,251027-124437-112.bin,112,0,0.03,-0.1,738.5,0.16,0.19,201.8,235.8,153,0.11,238.8,2.94,2.948,4.176,85.3,8.16,87.4,37.89799,-90.64298,276.5,151.7,8.07,-89.8,11.7,0,17.442
12:46:45 PM,10/27/2025,251027-124437-112.bin,112,0,0.01,-0.1,738.5,0.17,0.21,201.8,235.8,153,0.11,238.7,2.909,2.904,4.132,85.3,8.16,87.5,37.89799,-90.64298,276.6,151.7,8.07,-89.8,11.7,0,17.442
12:46:44 PM,10/27/2025,251027-124437-112.bin,112,0,-0.02,0.45,738.5,0.14,0.24,201.8,235.8,153,0.11,238.8,2.909,2.918,4.132,85.3,8.16,87.5,37.89799,-90.64298,276.6,151.6,8.07,-89.8,11.7,0,17.444
12:46:43 PM,10/27/2025,251027-124437-112.bin,112,0,0.1,0.4,738.5,0.13,0.23,201.8,235.9,153,0.11,238.8,2.894,2.913,4.111,85.3,8.16,87.4,37.89799,-90.64298,276.6,151.6,8.07,-89.8,11.7,0,17.444
12:46:42 PM,10/27/2025,251027-124437-112.bin,112,0,0.09,-0.32,738.4,0.12,0.18,201.7,235.7,153,0.11,238.7,2.874,2.872,4.083,85.3,8.16,87.5,37.89799,-90.64298,276.7,151.6,8.07,-89.8,11.7,0,17.443
12:46:41 PM,10/27/2025,251027-124437-112.bin,112,0,0.06,-0.28,738.6,0.09,0.18,201.7,235.7,153,0.11,238.6,2.846,2.849,4.044,85.3,8.16,87.5,37.89799,-90.64298,276.7,151.6,8.07,-89.8,11.7,0,17.443
12:46:40 PM,10/27/2025,251027-124437-112.bin,112,0,-0.02,-0.26,738.5,0.12,0.19,201.8,235.8,153,0.11,238.8,2.827,2.845,4.015,85.3,8.16,87.4,37.89799,-90.64298,276.6,151.6,8.07,-89.7,11.7,0,17.442
12:46:39 PM,10/27/2025,251027-124437-112.bin,112,0,-0.07,-0.2,738.5,0.12,0.17,201.8,235.8,153,0.11,238.8,2.803,2.826,3.982,85.3,8.16,87.5,37.89799,-90.64298,276.7,151.6,8.07,-89.8,11.7,0,17.442
12:46:38 PM,10/27/2025,251027-124437-112.bin,112,0,-0.06,-0.25,738.5,0.13,0.19,201.7,235.7,153,0.11,238.7,2.776,2.778,3.944,85.3,8.17,87.5,37.89799,-90.64298,276.6,151.6,8.07,-89.7,11.7,0,17.442
12:46:37 PM,10/27/2025,251027-124437-112.bin,112,0,-0.05,-0.36,738.4,0.11,0.23,201.6,235.6,153,0.11,238.6,2.754,2.748,3.912,85.3,8.17,87.5,37.89799,-90.64298,276.6,151.6,8.07,-89.7,11.7,0,17.442
12:46:36 PM,10/27/2025,251027-124437-112.bin,112,0,-0.04,-0.26,738.5,0.11,0.23,201.7,235.7,153,0.11,238.6,2.748,2.757,3.903,85.3,8.17,87.5,37.89799,-90.64298,276.7,151.5,8.07,-89.7,11.7,0,17.443
12:46:35 PM,10/27/2025,251027-124437-112.bin,112,0,-0.02,-0.14,738.5,0.15,0.17,201.7,235.7,153,0.11,238.7,2.715,2.739,3.856,85.4,8.17,87.5,37.89799,-90.64298,276.7,151.5,8.07,-89.7,11.7,0,17.442
12:46:34 PM,10/27/2025,251027-124437-112.bin,112,0,-0.02,-0.23,738.4,0.16,0.14,201.7,235.7,153,0.11,238.6,2.694,2.692,3.827,85.3,8.17,87.5,37.89799,-90.64298,276.7,151.5,8.07,-89.7,11.7,0,17.443
12:46:33 PM,10/27/2025,251027-124437-112.bin,112,0,-0.07,-0.08,738.4,0.17,0.15,201.7,235.7,153,0.11,238.7,2.665,2.666,3.786,85.3,8.17,87.5,37.89799,-90.64298,276.7,151.5,8.07,-89.7,11.7,0,17.444
12:46:32 PM,10/27/2025,251027-124437-112.bin,112,0,-0.01,-0.17,738.5,0.12,0.2,201.7,235.7,153,0.11,238.7,2.646,2.65,3.759,85.4,8.17,87.6,37.89799,-90.64298,276.8,151.5,8.07,-89.7,11.7,0,17.444
12:46:31 PM,10/27/2025,251027-124437-112.bin,112,0,0.04,-0.37,738.5,0.08,0.18,201.8,235.8,153,0.11,238.8,2.631,2.646,3.738,85.4,8.17,87.6,37.89799,-90.64298,276.8,151.4,8.07,-89.7,11.7,0,17.443
12:46:30 PM,10/27/2025,251027-124437-112.bin,112,0,-0.01,-0.36,738.5,0.08,0.13,201.8,235.9,153,0.11,238.8,2.607,2.609,3.703,85.4,8.17,87.6,37.89799,-90.64298,276.9,151.4,8.07,-89.7,11.7,0,17.442
12:46:29 PM,10/27/2025,251027-124437-112.bin,112,0,0,-0.4,738.4,0.08,0.16,201.8,235.9,153,0.11,238.8,2.573,2.576,3.655,85.4,8.17,87.5,37.89799,-90.64298,276.9,151.4,8.07,-89.7,11.7,0,17.442
12:46:28 PM,10/27/2025,251027-124437-112.bin,112,0,-0.03,-0.42,738.5,0.08,0.2,201.8,235.9,153,0.11,238.8,2.558,2.571,3.633,85.3,8.17,87.5,37.89799,-90.64298,277,151.4,8.07,-89.8,11.7,0,17.443
12:46:27 PM,10/27/2025,251027-124437-112.bin,112,0,-0.08,-0.38,738.5,0.08,0.16,201.8,235.9,153,0.11,238.8,2.551,2.56,3.623,85.3,8.17,87.5,37.89799,-90.64299,277,151.4,8.07,-89.7,11.7,0,17.443
12:46:26 PM,10/27/2025,251027-124437-112.bin,112,0,-0.01,-0.31,738.4,0.09,0.15,201.9,235.9,153,0.11,238.9,2.529,2.542,3.592,85.4,8.17,87.6,37.89799,-90.64299,277.1,151.3,8.07,-89.7,11.7,0,17.443
12:46:25 PM,10/27/2025,251027-124437-112.bin,112,0,0.02,-0.33,738.5,0.07,0.18,201.9,235.9,153,0.11,238.9,2.495,2.5,3.545,85.3,8.17,87.5,37.89799,-90.64299,277.2,151.3,8.07,-89.8,11.7,0,17.443
12:46:24 PM,10/27/2025,251027-124437-112.bin,112,0,-0.02,-0.34,738.5,0.09,0.16,201.8,235.8,153,0.11,238.8,2.471,2.479,3.51,85.3,8.17,87.5,37.89799,-90.64299,277.3,151.3,8.07,-89.8,11.7,0,17.443
12:46:23 PM,10/27/2025,251027-124437-112.bin,112,0,-0.07,-0.38,738.5,0.14,0.16,201.8,235.8,153,0.11,238.7,2.466,2.469,3.504,85.4,8.17,87.6,37.89799,-90.64299,277.4,151.3,8.07,-89.8,11.7,0,17.443
12:46:22 PM,10/27/2025,251027-124437-112.bin,112,0,-0.09,-0.34,738.4,0.13,0.17,201.8,235.9,153,0.11,238.8,2.447,2.459,3.476,85.4,8.17,87.6,37.89799,-90.64299,277.3,151.2,8.07,-89.8,11.7,0,17.443
12:46:21 PM,10/27/2025,251027-124437-112.bin,112,0,-0.08,-0.25,738.4,0.1,0.17,201.9,235.9,153,0.11,238.9,2.422,2.431,3.44,85.4,8.17,87.6,37.89799,-90.64299,277.4,151.2,8.08,-89.8,11.7,0,17.443
12:46:20 PM,10/27/2025,251027-124437-112.bin,112,0,-0.04,-0.21,738.5,0.09,0.19,201.9,236,153,0.11,238.9,2.385,2.395,3.388,85.5,8.18,87.6,37.89799,-90.64299,277.5,151.2,8.08,-89.8,11.7,0,17.443
12:46:19 PM,10/27/2025,251027-124437-112.bin,112,0,-0.06,-0.25,738.6,0.12,0.22,202,236.1,153,0.11,239,2.375,2.379,3.373,85.5,8.18,87.7,37.89799,-90.64299,277.6,151.1,8.08,-89.8,11.7,0,17.443
12:46:18 PM,10/27/2025,251027-124437-112.bin,112,0,-0.08,-0.36,738.5,0.13,0.19,202,236.1,153,0.11,239,2.355,2.368,3.346,85.5,8.18,87.6,37.89799,-90.64299,277.6,151.1,8.08,-89.8,11.7,0,17.443
12:46:17 PM,10/27/2025,251027-124437-112.bin,112,0,-0.05,-0.34,738.4,0.07,0.2,202,236.1,153,0.11,239.1,2.322,2.329,3.298,85.4,8.17,87.6,37.89799,-90.64299,277.7,151.1,8.08,-89.8,11.7,0,17.442
12:46:16 PM,10/27/2025,251027-124437-112.bin,112,0,-0.05,-0.22,738.5,0.08,0.2,201.9,236,153,0.11,238.9,2.306,2.303,3.276,85.4,8.18,87.6,37.89799,-90.643,277.6,151.1,8.08,-89.8,11.7,0,17.442
12:46:15 PM,10/27/2025,251027-124437-112.bin,112,0,-0.04,-0.24,738.4,0.09,0.18,201.8,235.9,153,0.11,238.8,2.31,2.315,3.281,85.5,8.18,87.6,37.89799,-90.64299,277.5,151.1,8.08,-89.8,11.7,0,17.442
12:46:14 PM,10/27/2025,251027-124437-112.bin,112,0,-0.05,-0.29,738.5,0.11,0.18,201.8,235.8,153,0.11,238.8,2.29,2.31,3.253,85.5,8.18,87.7,37.89799,-90.64299,277.5,151.1,8.08,-89.8,11.7,0,17.441
12:46:13 PM,10/27/2025,251027-124437-112.bin,112,0,-0.04,-0.25,738.5,0.12,0.16,201.9,236,153,0.11,239,2.264,2.264,3.216,85.5,8.18,87.7,37.89799,-90.64299,277.5,151,8.08,-89.8,11.7,0,17.441
12:46:12 PM,10/27/2025,251027-124437-112.bin,112,0,-0.05,-0.22,738.5,0.07,0.2,202,236.1,153,0.11,239.1,2.255,2.247,3.204,85.6,8.19,87.7,37.89799,-90.64299,277.4,151,8.07,-89.8,11.7,0,17.44
12:46:11 PM,10/27/2025,251027-124437-112.bin,112,0,-0.04,-0.28,738.5,0.11,0.2,202,236.1,153,0.11,239,2.26,2.268,3.211,85.5,8.19,87.7,37.89799,-90.64299,277.5,151,8.07,-89.8,11.7,0,17.44
12:46:10 PM,10/27/2025,251027-124437-112.bin,112,0,-0.03,-0.23,738.5,0.22,0.26,201.9,236,153,0.11,239,2.245,2.264,3.189,85.6,8.19,87.8,37.898,-90.64299,277.4,151,8.07,-89.8,11.7,0,17.441
12:46:09 PM,10/27/2025,251027-124437-112.bin,112,0,-0.09,-0.08,738.5,0.2,0.29,201.8,235.9,153,0.11,238.8,2.224,2.222,3.159,85.6,8.19,87.8,37.898,-90.64299,277.5,151,8.07,-89.8,11.7,0,17.442
12:46:08 PM,10/27/2025,251027-124437-112.bin,112,0,-0.08,-0.08,738.5,0.13,0.25,201.8,235.8,153,0.11,238.7,2.201,2.193,3.127,85.6,8.2,87.8,37.898,-90.64299,277.5,151,8.07,-89.8,11.7,0,17.441
12:46:07 PM,10/27/2025,251027-124437-112.bin,112,0,-0.07,-0.18,738.5,0.09,0.24,201.8,235.9,153,0.11,238.8,2.201,2.21,3.127,85.7,8.2,87.8,37.898,-90.64299,277.6,150.9,8.07,-89.8,11.7,0,17.44
12:46:06 PM,10/27/2025,251027-124437-112.bin,112,0,-0.06,-0.28,738.5,0.09,0.18,201.7,235.8,153,0.11,238.7,2.179,2.202,3.095,85.7,8.2,87.8,37.898,-90.643,277.5,150.9,8.07,-89.8,11.7,0,17.439
12:46:05 PM,10/27/2025,251027-124437-112.bin,112,0,-0.09,-0.3,738.5,0.14,0.17,201.6,235.7,153,0.11,238.6,2.167,2.159,3.079,85.7,8.2,87.9,37.898,-90.643,277.5,150.9,8.07,-89.8,11.7,0,17.44
12:46:04 PM,10/27/2025,251027-124437-112.bin,112,0,-0.05,0.47,738.5,0.14,0.28,201.7,235.8,153,0.11,238.7,2.149,2.142,3.052,85.7,8.2,87.9,37.898,-90.643,277.5,150.9,8.07,-89.8,11.7,0,17.44
12:46:03 PM,10/27/2025,251027-124437-112.bin,112,0,-0.01,0.45,738.5,0.08,0.32,201.6,235.7,153,0.11,238.6,2.146,2.158,3.049,85.7,8.2,87.9,37.898,-90.643,277.5,150.9,8.07,-89.8,11.7,0,17.439
12:46:02 PM,10/27/2025,251027-124437-112.bin,112,0,-0.04,-0.29,738.5,0.1,0.23,201.6,235.6,153,0.11,238.6,2.123,2.143,3.016,85.6,8.2,87.8,37.898,-90.643,277.6,150.9,8.07,-89.8,11.7,0,17.439
12:46:01 PM,10/27/2025,251027-124437-112.bin,112,0,-0.07,-0.31,738.4,0.14,0.17,201.5,235.5,153,0.11,238.5,2.104,2.104,2.989,85.7,8.2,87.9,37.898,-90.643,277.5,150.8,8.07,-89.8,11.7,0,17.44
12:46:00 PM,10/27/2025,251027-124437-112.bin,112,0,-0.09,-0.16,738.5,0.1,0.23,201.6,235.6,153,0.11,238.5,2.079,2.081,2.954,85.7,8.2,87.9,37.898,-90.643,277.5,150.8,8.07,-89.7,11.7,0,17.44
12:45:59 PM,10/27/2025,251027-124437-112.bin,112,0,-0.1,-0.1,738.5,0.07,0.22,201.7,235.7,153,0.11,238.6,2.076,2.085,2.948,85.7,8.2,87.9,37.898,-90.643,277.4,150.8,8.07,-89.7,11.7,0,17.44
12:45:58 PM,10/27/2025,251027-124437-112.bin,112,0,-0.09,-0.17,738.5,0.06,0.22,201.5,235.5,153,0.11,238.5,2.047,2.075,2.908,85.7,8.2,87.9,37.89801,-90.643,277.4,150.8,8.07,-89.7,11.7,0,17.439
12:45:57 PM,10/27/2025,251027-124437-112.bin,112,0,-0.05,-0.08,738.5,0.06,0.22,201.4,235.4,153,0.11,238.4,2.021,2.022,2.871,85.8,8.21,88,37.89801,-90.643,277.2,150.8,8.07,-89.7,11.7,0,17.439
12:45:56 PM,10/27/2025,251027-124437-112.bin,112,0,-0.04,-0.09,738.5,0.12,0.17,201.4,235.4,153,0.11,238.3,1.999,1.997,2.839,85.7,8.2,87.9,37.89801,-90.643,277.2,150.8,8.07,-89.7,11.7,0,17.438
12:45:55 PM,10/27/2025,251027-124437-112.bin,112,0,-0.09,-0.25,738.6,0.17,0.2,201.5,235.5,153,0.11,238.4,1.985,1.998,2.82,85.7,8.2,87.9,37.89801,-90.643,277.1,150.7,8.07,-89.7,11.7,0,17.438
12:45:54 PM,10/27/2025,251027-124437-112.bin,112,0,-0.1,-0.28,738.5,0.17,0.25,201.6,235.6,153,0.11,238.6,1.969,1.979,2.797,85.7,8.21,87.9,37.89801,-90.643,277.1,150.7,8.07,-89.7,11.7,0,17.438
12:45:53 PM,10/27/2025,251027-124437-112.bin,112,0,-0.1,-0.14,738.5,0.15,0.2,201.6,235.6,153,0.11,238.5,1.954,1.953,2.776,85.8,8.21,87.9,37.89801,-90.64301,277.1,150.7,8.07,-89.7,11.7,0,17.438
12:45:52 PM,10/27/2025,251027-124437-112.bin,112,0,-0.14,-0.22,738.5,0.14,0.16,201.6,235.6,153,0.11,238.6,1.934,1.946,2.748,85.7,8.21,87.9,37.89801,-90.64301,277.1,150.7,8.07,-89.7,11.7,0,17.438
12:45:51 PM,10/27/2025,251027-124437-112.bin,112,0,-0.08,-0.25,738.5,0.14,0.21,201.7,235.8,153,0.11,238.7,1.903,1.908,2.703,85.8,8.21,87.9,37.89801,-90.64301,277.1,150.7,8.07,-89.7,11.7,0,17.439
12:45:50 PM,10/27/2025,251027-124437-112.bin,112,0,-0.01,-0.27,738.5,0.13,0.2,201.7,235.8,153,0.11,238.7,1.903,1.901,2.704,85.8,8.21,87.9,37.89801,-90.64301,277.1,150.7,8.07,-89.7,11.7,0,17.438
12:45:49 PM,10/27/2025,251027-124437-112.bin,112,0,-0.04,-0.29,738.5,0.15,0.24,201.7,235.7,153,0.11,238.7,1.887,1.896,2.681,85.7,8.21,87.9,37.89801,-90.64301,277.1,150.7,8.07,-89.7,11.7,0,17.438
12:45:48 PM,10/27/2025,251027-124437-112.bin,112,0,-0.07,-0.11,738.6,0.13,0.27,201.7,235.7,153,0.11,238.7,1.852,1.862,2.631,85.8,8.21,88,37.89801,-90.64301,277.1,150.6,8.07,-89.7,11.7,0,17.437
12:45:47 PM,10/27/2025,251027-124437-112.bin,112,0,-0.04,-0.22,738.5,0.13,0.25,201.6,235.6,153,0.11,238.5,1.823,1.822,2.589,85.8,8.21,88,37.89801,-90.64301,277.2,150.6,8.07,-89.7,11.7,0,17.436
12:45:46 PM,10/27/2025,251027-124437-112.bin,112,0,-0.01,-0.39,738.6,0.14,0.21,201.5,235.5,153,0.11,238.5,1.814,1.816,2.577,85.8,8.21,88,37.89801,-90.64301,277.1,150.6,8.07,-89.6,11.7,0,17.435
12:45:45 PM,10/27/2025,251027-124437-112.bin,112,0,-0.03,-0.28,738.5,0.13,0.19,201.7,235.7,153,0.11,238.7,1.79,1.805,2.543,85.8,8.21,88,37.89801,-90.64301,277.1,150.6,8.07,-89.6,11.7,0,17.434
12:45:44 PM,10/27/2025,251027-124437-112.bin,112,0,-0.09,-0.25,738.5,0.1,0.19,201.7,235.8,153,0.11,238.8,1.764,1.771,2.505,85.7,8.21,87.9,37.89801,-90.64301,277.1,150.6,8.07,-89.6,11.7,0,17.433
12:45:43 PM,10/27/2025,251027-124437-112.bin,112,0,-0.05,-0.23,738.5,0.14,0.22,201.7,235.8,153,0.11,238.7,1.74,1.732,2.472,85.8,8.21,88,37.89801,-90.64301,276.9,150.6,8.07,-89.6,11.7,0,17.434
12:45:42 PM,10/27/2025,251027-124437-112.bin,112,0,0,-0.28,738.4,0.18,0.22,201.8,235.9,153,0.11,238.8,1.736,1.74,2.466,85.8,8.21,88,37.89801,-90.64301,276.8,150.6,8.07,-89.6,11.7,0,17.434
12:45:41 PM,10/27/2025,251027-124437-112.bin,112,0,-0.03,-0.33,738.5,0.14,0.24,201.9,236,153,0.11,239,1.717,1.739,2.44,85.8,8.21,88,37.89801,-90.64301,276.7,150.5,8.07,-89.6,11.7,0,17.435
12:45:40 PM,10/27/2025,251027-124437-112.bin,112,0,-0.03,-0.22,738.5,0.1,0.22,201.8,235.9,153,0.11,238.9,1.686,1.686,2.395,85.8,8.21,88,37.89801,-90.64301,276.7,150.5,8.07,-89.6,11.7,0,17.434
12:45:39 PM,10/27/2025,251027-124437-112.bin,112,0,0.06,-0.28,738.5,0.08,0.21,201.7,235.8,153,0.11,238.7,1.676,1.668,2.381,85.7,8.21,87.9,37.89801,-90.64301,276.8,150.5,8.07,-89.5,11.7,0,17.434
12:45:38 PM,10/27/2025,251027-124437-112.bin,112,0,0.03,-0.35,738.4,0.1,0.22,201.7,235.7,153,0.11,238.7,1.673,1.683,2.377,85.8,8.21,88,37.89801,-90.64301,276.9,150.5,8.07,-89.5,11.7,0,17.434
12:45:37 PM,10/27/2025,251027-124437-112.bin,112,0,-0.04,-0.31,738.4,0.12,0.21,201.6,235.6,153,0.11,238.6,1.643,1.667,2.334,85.8,8.21,88,37.89801,-90.64301,276.9,150.5,8.07,-89.6,11.7,0,17.434
12:45:36 PM,10/27/2025,251027-124437-112.bin,112,0,-0.05,-0.22,738.5,0.13,0.23,201.6,235.6,153,0.11,238.5,1.616,1.618,2.296,85.8,8.21,88,37.89801,-90.64301,277,150.4,8.07,-89.6,11.7,0,17.435
12:45:35 PM,10/27/2025,251027-124437-112.bin,112,0,-0.05,-0.24,738.5,0.13,0.2,201.6,235.6,153,0.11,238.6,1.588,1.584,2.256,85.8,8.22,88,37.89801,-90.64301,277,150.4,8.07,-89.5,11.7,0,17.434
12:45:34 PM,10/27/2025,251027-124437-112.bin,112,0,-0.03,-0.36,738.4,0.12,0.18,201.5,235.6,153,0.11,238.5,1.585,1.593,2.251,85.8,8.22,88,37.89801,-90.64301,277.2,150.4,8.07,-89.5,11.7,0,17.434
12:45:33 PM,10/27/2025,251027-124437-112.bin,112,0,-0.07,-0.3,738.4,0.13,0.19,201.6,235.7,153,0.11,238.6,1.56,1.583,2.215,85.9,8.22,88,37.89801,-90.64301,277.2,150.4,8.07,-89.5,11.7,0,17.435
12:45:32 PM,10/27/2025,251027-124437-112.bin,112,0,-0.04,-0.18,738.4,0.12,0.18,201.7,235.7,153,0.11,238.7,1.546,1.542,2.197,85.9,8.22,88,37.898,-90.64301,277.4,150.4,8.07,-89.5,11.7,0,17.436
12:45:31 PM,10/27/2025,251027-124437-112.bin,112,0,-0.12,-0.26,738.5,0.14,0.21,201.6,235.7,153,0.11,238.6,1.524,1.525,2.165,85.8,8.22,88,37.898,-90.64301,277.5,150.4,8.07,-89.5,11.7,0,17.436
12:45:30 PM,10/27/2025,251027-124437-112.bin,112,0,-0.13,-0.3,738.5,0.14,0.24,201.7,235.7,153,0.11,238.7,1.508,1.522,2.143,85.8,8.22,88,37.898,-90.64301,277.6,150.3,8.07,-89.5,11.7,0,17.437
12:45:29 PM,10/27/2025,251027-124437-112.bin,112,0,-0.05,-0.24,738.4,0.12,0.16,201.7,235.7,153,0.11,238.7,1.492,1.504,2.119,85.8,8.21,88,37.898,-90.64301,277.9,150.3,8.07,-89.5,11.7,0,17.438
12:45:28 PM,10/27/2025,251027-124437-112.bin,112,0,-0.01,-0.24,738.4,0.14,0.15,201.6,235.7,153,0.11,238.6,1.475,1.474,2.095,85.8,8.21,88,37.898,-90.643,277.8,150.3,8.07,-89.5,11.7,0,17.439
12:45:27 PM,10/27/2025,251027-124437-112.bin,112,0,0,-0.19,738.4,0.12,0.22,201.5,235.6,153,0.11,238.5,1.451,1.451,2.061,85.8,8.21,88,37.898,-90.643,277.8,150.3,8.07,-89.5,11.7,0,17.44
12:45:26 PM,10/27/2025,251027-124437-112.bin,112,0,-0.04,-0.17,738.4,0.11,0.2,201.4,235.4,153,0.11,238.3,1.436,1.447,2.04,85.8,8.21,88,37.898,-90.643,277.8,150.3,8.07,-89.5,11.7,0,17.441
12:45:25 PM,10/27/2025,251027-124437-112.bin,112,0,-0.08,-0.22,738.4,0.11,0.17,201.5,235.5,153,0.11,238.4,1.421,1.432,2.019,85.8,8.21,88,37.898,-90.643,277.7,150.2,8.07,-89.5,11.7,0,17.441
12:45:24 PM,10/27/2025,251027-124437-112.bin,112,0,-0.07,-0.24,738.4,0.11,0.18,201.5,235.5,153,0.11,238.4,1.403,1.404,1.993,85.8,8.21,88,37.898,-90.643,277.5,150.2,8.07,-89.5,11.7,0,17.441
12:45:23 PM,10/27/2025,251027-124437-112.bin,112,0,-0.04,-0.22,738.5,0.1,0.17,201.4,235.4,153,0.11,238.4,1.381,1.394,1.962,85.9,8.22,88.1,37.898,-90.643,277.5,150.2,8.07,-89.5,11.7,0,17.44
12:45:22 PM,10/27/2025,251027-124437-112.bin,112,0,-0.05,-0.28,738.4,0.11,0.14,201.5,235.5,153,0.11,238.4,1.359,1.374,1.93,85.9,8.22,88.1,37.898,-90.643,277.6,150.2,8.07,-89.5,11.7,0,17.439
12:45:21 PM,10/27/2025,251027-124437-112.bin,112,0,0,-0.13,738.4,0.12,0.13,201.5,235.5,153,0.11,238.5,1.342,1.358,1.906,85.9,8.22,88.1,37.898,-90.643,277.5,150.2,8.07,-89.5,11.7,0,17.438
12:45:20 PM,10/27/2025,251027-124437-112.bin,112,0,0,-0.2,738.4,0.14,0.2,201.5,235.5,153,0.11,238.5,1.326,1.327,1.884,85.9,8.22,88.1,37.898,-90.643,277.5,150.2,8.07,-89.4,11.7,0,17.436
12:45:19 PM,10/27/2025,251027-124437-112.bin,112,0,-0.07,-0.31,738.4,0.14,0.27,201.6,235.6,153,0.11,238.5,1.304,1.314,1.853,85.9,8.22,88.1,37.898,-90.643,277.4,150.2,8.07,-89.4,11.7,0,17.437
12:45:18 PM,10/27/2025,251027-124437-112.bin,112,0,-0.06,-0.26,738.4,0.13,0.21,201.5,235.6,153,0.11,238.5,1.273,1.278,1.808,85.9,8.22,88.1,37.898,-90.643,277.4,150.1,8.07,-89.4,11.7,0,17.438
12:45:17 PM,10/27/2025,251027-124437-112.bin,112,0,-0.02,-0.2,738.5,0.16,0.19,201.4,235.4,153,0.11,238.3,1.268,1.268,1.802,85.9,8.22,88.1,37.898,-90.643,277.4,150.1,8.07,-89.4,11.7,0,17.438
12:45:16 PM,10/27/2025,251027-124437-112.bin,112,0,0,-0.2,738.4,0.17,0.2,201.4,235.4,153,0.11,238.3,1.25,1.254,1.775,86,8.23,88.2,37.898,-90.64299,277.4,150.1,8.07,-89.4,11.7,0,17.439
12:45:15 PM,10/27/2025,251027-124437-112.bin,112,0,0.01,-0.23,738.4,0.12,0.23,201.4,235.4,153,0.11,238.3,1.231,1.239,1.749,86,8.23,88.2,37.89799,-90.64299,277.4,150,8.07,-89.4,11.7,0,17.439
12:45:14 PM,10/27/2025,251027-124437-112.bin,112,0,-0.04,-0.25,738.4,0.09,0.24,201.4,235.4,153,0.11,238.4,1.19,1.2,1.691,86,8.23,88.1,37.89799,-90.64299,277.4,150,8.07,-89.4,11.7,0,17.439
12:45:13 PM,10/27/2025,251027-124437-112.bin,112,0,-0.06,-0.27,738.5,0.13,0.25,201.6,235.6,153,0.11,238.5,1.187,1.187,1.686,86,8.23,88.2,37.89799,-90.64299,277.5,150,8.07,-89.4,11.7,0,17.439
12:45:12 PM,10/27/2025,251027-124437-112.bin,112,0,-0.05,-0.3,738.5,0.19,0.25,201.6,235.6,153,0.11,238.6,1.168,1.186,1.659,86,8.23,88.2,37.89799,-90.64299,277.6,150,8.07,-89.4,11.7,0,17.439
12:45:11 PM,10/27/2025,251027-124437-112.bin,112,0,-0.04,-0.23,738.4,0.18,0.21,201.6,235.6,153,0.11,238.6,1.127,1.139,1.601,86,8.24,88.2,37.89799,-90.64299,277.6,150,8.07,-89.4,11.7,0,17.439
12:45:10 PM,10/27/2025,251027-124437-112.bin,112,0,-0.02,-0.23,738.4,0.15,0.21,201.6,235.6,153,0.11,238.5,1.097,1.094,1.558,86,8.23,88.2,37.89799,-90.64299,277.5,149.9,8.07,-89.3,11.7,0,17.438
12:45:09 PM,10/27/2025,251027-124437-112.bin,112,0,-0.06,-0.28,738.4,0.14,0.25,201.5,235.6,153,0.11,238.5,1.096,1.095,1.557,86.1,8.24,88.3,37.89799,-90.64299,277.4,149.9,8.07,-89.3,11.7,0,17.438
12:45:08 PM,10/27/2025,251027-124437-112.bin,112,0,-0.06,-0.25,738.4,0.17,0.23,201.5,235.6,153,0.11,238.5,1.084,1.1,1.54,86.1,8.24,88.3,37.89799,-90.643,277.4,149.9,8.07,-89.3,11.7,0,17.438
12:45:07 PM,10/27/2025,251027-124437-112.bin,112,0,-0.01,-0.36,738.4,0.17,0.16,201.5,235.6,153,0.11,238.5,1.049,1.056,1.49,86.1,8.24,88.3,37.89799,-90.643,277.4,149.9,8.07,-89.3,11.7,0,17.437
12:45:06 PM,10/27/2025,251027-124437-112.bin,112,0,0,-0.37,738.4,0.16,0.16,201.6,235.6,153,0.11,238.5,1.019,1.014,1.447,86.1,8.24,88.3,37.89799,-90.643,277.3,149.9,8.07,-89.3,11.7,0,17.437
12:45:05 PM,10/27/2025,251027-124437-112.bin,112,0,0.02,-0.34,738.4,0.16,0.2,201.6,235.6,153,0.11,238.6,1.016,1.022,1.443,86.1,8.24,88.3,37.89799,-90.643,277.2,149.9,8.07,-89.2,11.7,0,17.439
12:45:04 PM,10/27/2025,251027-124437-112.bin,112,0,0.01,-0.42,738.5,0.16,0.18,201.6,235.6,153,0.11,238.5,0.982,1.005,1.395,86.2,8.25,88.4,37.89799,-90.643,277.2,149.9,8.07,-89.2,11.7,0,17.438
12:45:03 PM,10/27/2025,251027-124437-112.bin,112,0,-0.04,-0.39,738.5,0.14,0.21,201.6,235.6,153,0.11,238.6,0.952,0.958,1.353,86.2,8.25,88.4,37.89799,-90.643,277,149.9,8.07,-89.2,11.7,0,17.436
12:45:02 PM,10/27/2025,251027-124437-112.bin,112,0,-0.04,-0.31,738.4,0.14,0.21,201.7,235.8,153,0.11,238.7,0.922,0.921,1.31,86.2,8.25,88.4,37.89799,-90.643,277.2,149.9,8.06,-89.2,11.7,0,17.435
12:45:01 PM,10/27/2025,251027-124437-112.bin,112,0,-0.02,-0.34,738.5,0.14,0.16,201.7,235.8,153,0.11,238.8,0.906,0.923,1.286,86.2,8.26,88.4,37.898,-90.643,277.1,149.8,8.06,-89.2,11.7,0,17.433
12:45:00 PM,10/27/2025,251027-124437-112.bin,112,0,-0.06,-0.36,738.4,0.14,0.16,201.7,235.7,153,0.11,238.7,0.869,0.894,1.235,86.3,8.26,88.5,37.898,-90.643,277.1,149.8,8.06,-89.2,11.7,0,17.431
12:44:59 PM,10/27/2025,251027-124437-112.bin,112,0,-0.03,-0.42,738.5,0.14,0.19,201.6,235.7,153,0.11,238.6,0.845,0.845,1.201,86.3,8.26,88.5,37.898,-90.643,277.2,149.8,8.06,-89.2,11.7,0,17.432
12:44:58 PM,10/27/2025,251027-124437-112.bin,112,0,-0.02,-0.33,738.4,0.1,0.21,201.6,235.7,153,0.11,238.7,0.807,0.814,1.146,86.3,8.26,88.5,37.898,-90.643,277,149.7,8.06,-89.2,11.7,0,17.431
12:44:57 PM,10/27/2025,251027-124437-112.bin,112,0,-0.05,-0.28,738.4,0.09,0.23,201.7,235.7,153,0.11,238.7,0.788,0.806,1.119,86.3,8.26,88.5,37.898,-90.643,276.9,149.7,8.06,-89.1,11.7,0,17.43
12:44:56 PM,10/27/2025,251027-124437-112.bin,112,0,-0.01,-0.37,738.4,0.1,0.23,201.6,235.6,153,0.11,238.6,0.751,0.774,1.067,86.3,8.27,88.5,37.89801,-90.643,276.8,149.7,8.06,-89.1,11.7,0,17.43
12:44:55 PM,10/27/2025,251027-124437-112.bin,112,0,0.03,-0.37,738.5,0.09,0.22,201.6,235.7,153,0.11,238.6,0.699,0.719,0.992,86.4,8.27,88.6,37.89801,-90.643,276.8,149.7,8.06,-89.1,11.7,0,17.43
12:44:54 PM,10/27/2025,251027-124437-112.bin,112,0,0.03,-0.3,738.4,0.12,0.25,201.7,235.8,153,0.11,238.8,0.612,0.637,0.869,86.5,8.28,88.7,37.89801,-90.643,276.7,149.7,8.06,-89.1,11.7,0,17.43
12:44:53 PM,10/27/2025,251027-124437-112.bin,112,0,0.03,-0.31,738.5,0.14,0.2,201.8,236,153,0.11,238.9,0.54,0.565,0.766,86.5,8.28,88.7,37.89801,-90.643,277,149.7,8.06,-89.1,11.7,0,17.427
12:44:52 PM,10/27/2025,251027-124437-112.bin,112,0,0.06,-0.43,738.4,0.14,0.17,201.8,235.9,153,0.11,238.8,0.525,0.523,0.746,86.6,8.29,88.8,37.89801,-90.643,276.9,149.6,8.06,-89.1,11.7,0,17.425
12:44:51 PM,10/27/2025,251027-124437-112.bin,112,0,0.02,-0.33,738.5,0.17,0.23,201.7,235.8,153,0.11,238.7,0.528,0.534,0.751,86.6,8.29,88.8,37.89801,-90.643,277,149.6,8.06,-89.1,11.7,0,17.429
12:44:50 PM,10/27/2025,251027-124437-112.bin,112,0,-0.07,-0.27,738.4,0.15,0.24,201.7,235.8,153,0.11,238.7,0.482,0.491,0.684,86.6,8.29,88.8,37.89801,-90.643,277,149.6,8.06,-89.1,11.7,0,17.43
12:44:49 PM,10/27/2025,251027-124437-112.bin,112,0,-0.04,-0.29,738.4,0.12,0.2,201.6,235.7,153,0.11,238.7,0.426,0.456,0.605,86.7,8.3,88.9,37.89801,-90.643,277,149.6,8.06,-89.1,11.7,0,17.429
12:44:48 PM,10/27/2025,251027-124437-112.bin,112,0,-0.02,-0.27,738.5,0.11,0.22,201.7,235.8,153,0.11,238.7,0.373,0.395,0.53,86.8,8.31,89.1,37.89801,-90.643,276.9,149.5,8.06,-89.1,11.7,0,17.428
12:44:47 PM,10/27/2025,251027-124437-112.bin,112,0,-0.06,-0.22,738.5,0.11,0.2,201.6,235.7,153,0.11,238.7,0.342,0.35,0.485,86.9,8.32,89.1,37.89801,-90.643,276.9,149.5,8.06,-89.1,11.7,0,17.426
12:44:46 PM,10/27/2025,251027-124437-112.bin,112,0,-0.05,-0.26,738.4,0.13,0.17,201.5,235.6,153,0.11,238.6,0.27,0.296,0.383,86.9,8.33,89.2,37.89801,-90.643,277,149.4,8.06,-89.1,11.7,0,17.422
12:44:45 PM,10/27/2025,251027-124437-112.bin,112,0,-0.04,-0.38,738.4,0.14,0.17,201.4,235.4,153,0.11,238.4,0.235,0.232,0.333,87,8.33,89.2,37.89801,-90.643,276.9,149.4,8.06,-89.1,11.7,0,17.422
12:44:44 PM,10/27/2025,251027-124437-112.bin,112,0,-0.08,-0.35,738.4,0.12,0.18,201.3,235.4,153,0.11,238.4,0.216,0.223,0.307,87.1,8.34,89.4,37.89801,-90.643,276.9,149.4,8.06,-89.1,11.7,0,17.421
12:44:43 PM,10/27/2025,251027-124437-112.bin,112,0,-0.08,0.21,738.5,0.11,0.16,201.5,235.6,153,0.11,238.6,0.178,0.202,0.252,87.3,8.36,89.5,37.89801,-90.643,276.9,149.3,8.06,-89.1,11.7,0,17.414
12:44:42 PM,10/27/2025,251027-124437-112.bin,112,0,-0.06,0.23,738.4,0.11,0.2,201.4,235.6,153,0.11,238.6,0.1,0.141,0.141,87.3,8.37,89.6,37.89802,-90.643,276.8,149.3,8.06,-89.1,11.7,0,17.409
12:44:41 PM,10/27/2025,251027-124437-112.bin,112,0,-0.08,-0.4,738.5,0.11,0.19,201.3,235.5,153,0.11,238.4,0.054,0.052,0.077,87.4,8.37,89.6,37.89802,-90.643,276.8,149.2,8.06,-89.2,11.7,0,17.406
12:44:40 PM,10/27/2025,251027-124437-112.bin,112,0,-0.09,-0.36,738.4,0.11,0.12,201.2,235.3,153,0.11,238.3,0.012,0.021,0.017,87.4,8.37,89.6,37.89802,-90.643,276.8,149.1,8.06,-89.2,11.7,0,17.403
12:44:39 PM,10/27/2025,251027-124437-112.bin,112,0,-0.08,-0.33,738.4,0.12,0.13,201,235.2,153,0.11,238.1,0.011,0.016,0.015,87.4,8.38,89.7,37.89802,-90.643,276.8,149.1,8.06,-89.2,11.7,0,17.402
12:44:38 PM,10/27/2025,251027-124437-112.bin,112,0,-0.04,-0.33,738.4,0.12,0.19,201,235.2,153,0.11,238.1,-0.001,0.016,-0.001,87.5,8.38,89.7,37.89802,-90.643,276.9,149.1,8.06,-89.1,11.7,0,17.4
