MULakeNumber,date,dateTime,depth_m,temp_degC,doConcentration_mgpL,doSaturation_percent,chlorophyll_RFU,phycocyaninBGA_RFU,phycoerythrinTAL_RFU,turbidity_FNU,salinity_psu,specificConductivity_uSpcm,tds_mgpL,orp_mV,pH,latitude,longitude,altitude_m,barometerAirHandheld_mbars
088,2026-02-03,2026-02-03 11:50:54,0.08800000000000001,2.2653333333333334,13.303333333333333,96.86666666666666,0.49,-0.04333333333333333,1.0366666666666666,NA,0.09,186.76666666666665,121.33333333333331,183.3,7.976666666666667,39.66319,-92.99525,226.86666666666667,996.5333333333332
088,2026-02-03,2026-02-03 11:50:57,0.13733333333333334,2.334333333333334,13.443333333333332,98.06666666666666,0.5966666666666667,-0.03,1.3133333333333337,NA,0.09,186.33333333333337,121,183.3,7.96,39.66319,-92.99525,227.03333333333333,996.5333333333332
088,2026-02-03,2026-02-03 11:51:00,0.188,2.6990000000000003,13.346666666666668,98.36666666666667,0.7566666666666667,0.02333333333333333,1.21,NA,0.09,184.26666666666665,120,183.36666666666667,7.943333333333333,39.66319,-92.99525,227.53333333333333,996.4888888888888
088,2026-02-03,2026-02-03 11:51:03,0.222,2.713333333333334,13.25,97.76666666666668,0.8633333333333333,-0.02333333333333333,1.4233333333333331,NA,0.09,184.26666666666665,120,183.63333333333333,7.926666666666667,39.66319,-92.99525,227.93333333333337,996.4444444444443
088,2026-02-03,2026-02-03 11:51:06,0.25366666666666665,2.7193333333333336,13.263333333333334,97.76666666666668,0.94,-0.04333333333333333,1.7533333333333334,NA,0.09,184.36666666666667,120,183.73333333333332,7.92,39.66319,-92.99525,228.26666666666665,996.4888888888888
088,2026-02-03,2026-02-03 11:51:09,0.29033333333333333,2.859,13.143333333333333,97.3,0.9133333333333332,0,1.94,NA,0.09,183.76666666666668,119.33333333333331,183.86666666666667,7.906666666666667,39.66319,-92.99525,228.6,996.5777777777778
088,2026-02-03,2026-02-03 11:51:12,0.33666666666666667,2.9266666666666667,13.086666666666666,97.06666666666666,0.9866666666666668,0.03666666666666667,2.193333333333334,NA,0.09,183.66666666666663,119,184.03333333333333,7.9,39.66319,-92.99525,228.93333333333337,996.4444444444443
088,2026-02-03,2026-02-03 11:51:15,0.37366666666666665,2.977666666666667,13.046666666666669,96.9,0.9666666666666668,0.04,2.166666666666667,NA,0.09,183.43333333333337,119,184.16666666666663,7.886666666666667,39.66319,-92.99525,229.26666666666665,996.4444444444443
088,2026-02-03,2026-02-03 11:51:18,0.415,3.054,13.006666666666666,96.8,0.9933333333333332,0.01333333333333333,2.19,NA,0.09,183.3,119,184.26666666666668,7.876666666666667,39.66319,-92.99525,229.56666666666663,996.4888888888888
088,2026-02-03,2026-02-03 11:51:21,0.446,3.068,12.97,96.53333333333332,1.09,0.01,2.4166666666666665,NA,0.09,183.33333333333337,119,184.43333333333337,7.863333333333333,39.66319,-92.99525,230.16666666666663,996.4444444444443
088,2026-02-03,2026-02-03 11:51:24,0.4916666666666667,3.1006666666666667,12.93,96.36666666666667,1.0033333333333334,-0.03333333333333333,2.3533333333333335,NA,0.09,183.16666666666663,119,184.53333333333333,7.856666666666667,39.66319,-92.99525,230.73333333333335,996.4888888888888
088,2026-02-03,2026-02-03 11:51:27,0.5243333333333333,3.1093333333333333,12.9,96.13333333333333,1.1833333333333331,0.02,2.58,NA,0.09,183.4,119,184.66666666666663,7.846666666666667,39.66319,-92.99525,230.93333333333337,996.5333333333332
088,2026-02-03,2026-02-03 11:51:30,0.5476666666666667,3.124,12.863333333333332,95.9,1.1166666666666667,0.06666666666666667,2.6833333333333336,NA,0.09,183.43333333333337,119,184.86666666666667,7.833333333333333,39.66319,-92.99525,230.63333333333333,996.5333333333332
088,2026-02-03,2026-02-03 11:51:33,0.5756666666666667,3.127333333333333,12.833333333333334,95.73333333333332,1.3033333333333337,0.09,2.513333333333333,NA,0.09,183.46666666666667,119,185.06666666666663,7.82,39.66319,-92.99525,230.5,996.4888888888888
088,2026-02-03,2026-02-03 11:51:36,0.6606666666666667,3.1333333333333333,12.816666666666666,95.56666666666666,1.2166666666666666,0.04333333333333333,2.603333333333333,NA,0.09,183.6,119,185.23333333333332,7.81,39.66319,-92.99525,230.6,996.5333333333332
088,2026-02-03,2026-02-03 11:51:39,0.6993333333333334,3.1376666666666666,12.79,95.4,1.37,-0.01333333333333333,2.9299999999999997,NA,0.09,183.43333333333337,119,185.43333333333337,7.8,39.66319,-92.99525,230.6,996.4444444444443
088,2026-02-03,2026-02-03 11:51:42,0.7546666666666667,3.139333333333333,12.766666666666666,95.26666666666668,1.47,0.01666666666666666,3.0733333333333333,NA,0.09,183.5,119,185.63333333333333,7.786666666666667,39.66319,-92.99525,230.4,996.4444444444443
088,2026-02-03,2026-02-03 11:51:45,0.7933333333333333,3.139333333333333,12.746666666666666,95.1,1.61,0.08,3.5,NA,0.09,183.43333333333337,119,185.7,7.786666666666667,39.66319,-92.99525,229.9,996.4
088,2026-02-03,2026-02-03 11:51:48,0.855,3.142333333333333,12.726666666666668,94.96666666666668,1.6566666666666665,0.08,3.7,NA,0.09,183.4,119,185.73333333333332,7.78,39.66319,-92.99525,229.46666666666667,996.4444444444443
088,2026-02-03,2026-02-03 11:51:51,0.9193333333333332,3.1456666666666666,12.713333333333336,94.83333333333331,1.97,0.17,4.026666666666666,NA,0.09,183.53333333333333,119,185.86666666666667,7.773333333333333,39.66319,-92.99525,229.16666666666663,996.4
088,2026-02-03,2026-02-03 11:51:54,0.974,3.144,12.696666666666664,94.73333333333332,2.2333333333333334,0.19666666666666663,4.903333333333333,NA,0.09,183.63333333333333,119,185.96666666666667,7.77,39.66319,-92.99525,228.83333333333337,996.4
088,2026-02-03,2026-02-03 11:51:57,0.9983333333333332,3.1439999999999997,12.686666666666666,94.66666666666669,2.033333333333333,0.12333333333333334,4.859999999999999,NA,0.09,183.56666666666663,119,186.06666666666663,7.76,39.66319,-92.99525,228.56666666666663,996.4444444444443
088,2026-02-03,2026-02-03 11:52:00,1.04,3.146333333333333,12.676666666666666,94.6,2.4366666666666665,0.10333333333333332,4.386666666666667,NA,0.09,183.6,119,186.16666666666663,7.76,39.66319,-92.99525,228.43333333333337,996.4444444444443
088,2026-02-03,2026-02-03 11:52:03,1.0996666666666668,3.143,12.67,94.5,2.56,0.13333333333333333,4.8999999999999995,NA,0.09,183.56666666666663,119,186.3,7.753333333333333,39.66319,-92.99525,228.26666666666668,996.4444444444443
088,2026-02-03,2026-02-03 11:52:06,1.157333333333333,3.1416666666666666,12.666666666666666,94.5,2.456666666666667,0.18,4.92,NA,0.09,183.66666666666663,119,186.36666666666667,7.75,39.66319,-92.99525,228.4,996.4888888888888
088,2026-02-03,2026-02-03 11:52:09,1.228,3.143,12.656666666666666,94.43333333333334,2.61,0.19666666666666663,5.01,NA,0.09,183.66666666666663,119,186.46666666666667,7.746666666666667,39.66319,-92.99525,228.3,996.5333333333332
088,2026-02-03,2026-02-03 11:52:12,1.272,3.143,12.65,94.4,2.48,0.16,5.363333333333333,NA,0.09,183.56666666666663,119,186.53333333333333,7.74,39.66319,-92.99525,228.2,996.4444444444443
088,2026-02-03,2026-02-03 11:52:15,1.334666666666667,3.1426666666666665,12.643333333333334,94.3,2.5,0.11333333333333334,5.29,NA,0.09,183.56666666666663,119,186.73333333333332,7.733333333333333,39.66318666666667,-92.99525,227.96666666666667,996.4444444444443
088,2026-02-03,2026-02-03 11:52:18,1.413,3.142,12.633333333333336,94.3,2.5033333333333334,0.08333333333333333,5.276666666666666,NA,0.09,183.6,119,186.86666666666667,7.73,39.66318,-92.99525,227.43333333333337,996.4444444444443
088,2026-02-03,2026-02-03 11:52:21,1.4593333333333334,3.143,12.63,94.23333333333332,2.6566666666666667,0.14333333333333334,5.58,NA,0.09,183.66666666666663,119,186.96666666666667,7.723333333333334,39.66318,-92.99525,227.4,996.4444444444443
088,2026-02-03,2026-02-03 11:52:27,1.4996666666666667,3.1446666666666667,12.61,94.06666666666666,2.4066666666666667,0.20333333333333337,5.203333333333333,NA,0.09,183.4,119,187.16666666666663,7.713333333333333,39.66318,-92.99525,227.93333333333337,996.4888888888888
088,2026-02-03,2026-02-03 11:52:33,1.5676666666666668,3.144,12.59,93.9,2.556666666666666,0.11666666666666668,5.0200000000000005,NA,0.09,183.56666666666663,119,187.36666666666667,7.71,39.66319,-92.99525,228.33333333333337,996.4444444444443
088,2026-02-03,2026-02-03 11:52:36,1.624,3.1426666666666665,12.58,93.83333333333331,2.393333333333333,0.07333333333333333,5.41,NA,0.09,183.43333333333337,119,187.46666666666667,7.703333333333333,39.66318666666667,-92.99525,228.5,996.5333333333332
088,2026-02-03,2026-02-03 11:52:39,1.6873333333333334,3.142333333333333,12.566666666666666,93.76666666666668,2.2933333333333334,0.10333333333333332,5.306666666666667,NA,0.09,183.63333333333333,119,187.6,7.7,39.66318,-92.99525,228.7,996.4888888888888
088,2026-02-03,2026-02-03 11:52:42,1.739,3.143666666666667,12.546666666666669,93.6,2.166666666666667,0.16333333333333333,5.543333333333333,NA,0.09,183.63333333333333,119,187.66666666666663,7.7,39.66318,-92.99525,228.7,996.5333333333332
088,2026-02-03,2026-02-03 11:52:45,1.7946666666666666,3.144,12.53,93.5,2.3033333333333332,0.17666666666666667,5.006666666666667,NA,0.09,183.76666666666668,119,187.8,7.69,39.66318,-92.99525,228.73333333333332,996.5333333333332
088,2026-02-03,2026-02-03 11:52:48,1.871,3.143333333333333,12.516666666666666,93.36666666666667,2.2,0.1,5.003333333333334,NA,0.09,183.66666666666663,119,187.86666666666667,7.69,39.66318333333333,-92.99525,228.56666666666663,996.5333333333332
088,2026-02-03,2026-02-03 11:52:51,1.931,3.143333333333333,12.5,93.3,2.3833333333333333,0.09666666666666666,5.043333333333334,NA,0.09,183.63333333333333,119,188,7.686666666666667,39.66318,-92.99525,228.36666666666667,996.4444444444443
088,2026-02-03,2026-02-03 11:52:54,1.9803333333333333,3.1426666666666665,12.486666666666666,93.16666666666669,2.473333333333333,0.1,5.403333333333333,NA,0.09,183.46666666666667,119,188.06666666666663,7.68,39.66318,-92.99525,228.4,996.5333333333332
088,2026-02-03,2026-02-03 11:52:57,2.0103333333333335,3.1446666666666667,12.463333333333336,92.96666666666668,2.41,0.17666666666666667,4.746666666666667,NA,0.09,183.6,119,188.13333333333333,7.68,39.66319,-92.99525,228.56666666666663,996.4888888888888
088,2026-02-03,2026-02-03 11:53:00,2.042333333333333,3.145,12.443333333333332,92.83333333333331,2.6166666666666667,0.17666666666666667,5.333333333333333,NA,0.09,183.63333333333333,119,188.23333333333332,7.68,39.66319,-92.99525,228.83333333333337,996.4888888888888
088,2026-02-03,2026-02-03 11:53:03,2.095666666666667,3.143,12.43,92.76666666666668,2.463333333333334,0.14333333333333334,5.13,NA,0.09,183.66666666666663,119,188.3,7.67,39.66319,-92.99525,229.1,996.4444444444443
088,2026-02-03,2026-02-03 11:53:06,2.1586666666666665,3.142333333333333,12.416666666666666,92.6,2.3666666666666667,0.12333333333333334,5.166666666666667,NA,0.09,183.46666666666667,119,188.33333333333337,7.67,39.66319,-92.99525,229.4,996.4888888888888
088,2026-02-03,2026-02-03 11:53:09,2.189,3.143,12.406666666666666,92.6,2.2933333333333334,0.06,5.506666666666667,NA,0.09,183.6,119,188.43333333333337,7.67,39.66319,-92.99525,229.43333333333337,996.4444444444443
088,2026-02-03,2026-02-03 11:53:12,2.222,3.142333333333333,12.406666666666666,92.6,2.11,0.02333333333333333,5.6066666666666665,NA,0.09,183.76666666666668,119,188.5,7.67,39.66319,-92.99525,229.56666666666663,996.4888888888888
088,2026-02-03,2026-02-03 11:53:15,2.27,3.142,12.41,92.6,2.1966666666666668,0.06,5.233333333333333,NA,0.09,183.63333333333333,119,188.53333333333333,7.67,39.66319,-92.99525,229.26666666666668,996.4888888888888
088,2026-02-03,2026-02-03 11:53:18,2.310666666666666,3.143,12.416666666666666,92.6,2.01,0.04666666666666667,5.276666666666667,NA,0.09,183.6,119,188.6,7.66,39.66319,-92.99525,229.16666666666663,996.4444444444443
088,2026-02-03,2026-02-03 11:53:21,2.3666666666666667,3.143666666666667,12.42,92.6,2.3666666666666667,0.10333333333333332,5.21,NA,0.09,183.76666666666668,119,188.66666666666663,7.66,39.66319,-92.99525,229.43333333333337,996.4
088,2026-02-03,2026-02-03 11:53:24,2.411666666666666,3.143,12.42,92.7,2.2933333333333334,0.12666666666666668,5.486666666666666,NA,0.09,183.73333333333332,119,188.7,7.66,39.66319,-92.99525,229.5,996.4
088,2026-02-03,2026-02-03 11:53:27,2.4673333333333334,3.143666666666667,12.423333333333334,92.7,2.2733333333333334,0.08333333333333333,5.256666666666667,NA,0.09,183.76666666666668,119,188.86666666666667,7.66,39.66319,-92.99525,229.46666666666667,996.4444444444443
088,2026-02-03,2026-02-03 11:53:30,2.510666666666667,3.143333333333333,12.43,92.76666666666668,2.2066666666666666,0.03666666666666667,5.473333333333334,NA,0.09,183.53333333333333,119,188.9,7.66,39.66319,-92.99525,229.13333333333333,996.4444444444443
088,2026-02-03,2026-02-03 11:53:33,2.5469999999999997,3.143666666666667,12.436666666666666,92.8,1.78,-0.1,6.126666666666667,NA,0.09,183.5,119,188.93333333333337,7.653333333333333,39.66319,-92.99525,228.9,996.4444444444443
088,2026-02-03,2026-02-03 11:53:36,2.610333333333333,3.143333333333333,12.44,92.8,1.7433333333333334,-0.04,5.553333333333334,NA,0.09,183.66666666666663,119,189,7.65,39.66319,-92.99525,229,996.4888888888888
088,2026-02-03,2026-02-03 11:53:45,2.693,3.145,12.436666666666666,92.76666666666668,1.9666666666666663,-0.03333333333333333,4.953333333333333,NA,0.09,183.66666666666663,119,189.2,7.65,39.66319,-92.99525,228.7,996.4888888888888
088,2026-02-03,2026-02-03 11:53:48,2.740666666666667,3.145,12.416666666666666,92.66666666666669,1.84,-0.09333333333333334,6.153333333333333,NA,0.09,183.76666666666668,119,189.3,7.646666666666667,39.66319,-92.99525,228.46666666666667,996.4888888888888
088,2026-02-03,2026-02-03 11:53:51,2.779333333333333,3.145,12.406666666666666,92.6,1.7133333333333334,-0.07666666666666666,5.823333333333333,NA,0.09,183.66666666666663,119,189.36666666666667,7.64,39.66319,-92.99525,228.23333333333332,996.4888888888888
088,2026-02-03,2026-02-03 11:53:54,2.828,3.145,12.396666666666668,92.5,1.8766666666666667,-0.06,5.21,NA,0.09,183.6,119,189.43333333333337,7.64,39.66319,-92.99525,228.33333333333337,996.4888888888888
088,2026-02-03,2026-02-03 11:53:57,2.8523333333333336,3.1456666666666666,12.39,92.46666666666668,2.1166666666666667,0.04,5.6033333333333335,NA,0.09,183.6,119,189.56666666666663,7.64,39.66319,-92.99525,228.43333333333337,996.4888888888888
088,2026-02-03,2026-02-03 11:54:00,2.8813333333333335,3.144,12.39,92.4,2.1066666666666665,0.04666666666666667,6.586666666666667,NA,0.09,183.63333333333333,119,189.6,7.64,39.66319,-92.99525,229.03333333333333,996.4
088,2026-02-03,2026-02-03 11:54:03,2.937666666666667,3.143,12.386666666666668,92.4,1.88,-0.00666666666666666,6.04,NA,0.09,183.5,119,189.7,7.63,39.66319,-92.99525,229.06666666666663,996.4
088,2026-02-03,2026-02-03 11:54:06,2.9813333333333336,3.1426666666666665,12.393333333333334,92.46666666666668,1.81,-0.05333333333333333,5.473333333333333,NA,0.09,183.66666666666663,119,189.76666666666668,7.63,39.66319,-92.99525,229.5,996.4444444444443
088,2026-02-03,2026-02-03 11:54:09,3.0126666666666666,3.143,12.4,92.53333333333332,1.99,-0.06666666666666667,6.056666666666667,NA,0.09,183.63333333333333,119,189.83333333333337,7.63,39.66319,-92.99525,230.2,996.4888888888888
088,2026-02-03,2026-02-03 11:54:12,3.0420000000000003,3.143,12.41,92.6,1.8966666666666667,-0.04333333333333333,6.163333333333333,NA,0.09,183.46666666666667,119,189.9,7.63,39.66319,-92.99525,230.1,996.4
088,2026-02-03,2026-02-03 11:54:15,3.084,3.143,12.42,92.66666666666669,2.15,-0.01333333333333333,6.113333333333333,NA,0.09,183.46666666666667,119,189.9,7.63,39.66319,-92.99525,230.03333333333333,996.4888888888888
088,2026-02-03,2026-02-03 11:54:18,3.128,3.143,12.423333333333334,92.7,1.9466666666666663,-0.02333333333333333,6.096666666666667,NA,0.09,183.63333333333333,119,189.96666666666667,7.623333333333333,39.66319,-92.99525,230.3,996.4888888888888
088,2026-02-03,2026-02-03 11:54:21,3.172,3.142333333333333,12.433333333333334,92.8,1.99,0.03333333333333333,6.79,NA,0.09,183.63333333333333,119,190,7.62,39.66319,-92.99525,229.7,996.4888888888888
088,2026-02-03,2026-02-03 11:54:27,3.232666666666667,3.143333333333333,12.44,92.8,1.8,-0.03,5.993333333333333,NA,0.09,183.53333333333333,119,190.16666666666663,7.62,39.66319,-92.99525,228.13333333333333,996.4444444444443
088,2026-02-03,2026-02-03 11:54:30,3.2573333333333334,3.144,12.446666666666664,92.9,1.8733333333333333,-0.06,6.3966666666666665,NA,0.09,183.5,119,190.2,7.62,39.66319,-92.99525,228.1,996.5777777777778
088,2026-02-03,2026-02-03 11:54:33,3.3146666666666667,3.144,12.45,92.9,1.78,-0.09333333333333334,5.216666666666667,NA,0.09,183.56666666666663,119,190.2,7.62,39.66319,-92.99525,228.53333333333333,996.4888888888888
088,2026-02-03,2026-02-03 11:54:36,3.373,3.143333333333333,12.46,92.93333333333334,1.88,-0.07,5.963333333333333,NA,0.09,183.56666666666663,119,190.2,7.62,39.66319,-92.99525,229,996.4888888888888
088,2026-02-03,2026-02-03 11:54:39,3.4073333333333333,3.1446666666666667,12.46,93,1.86,-0.01666666666666666,6.08,NA,0.09,183.43333333333337,119,190.2,7.62,39.66319,-92.99525,229,996.4888888888888
088,2026-02-03,2026-02-03 11:54:42,3.4753333333333334,3.1456666666666666,12.463333333333336,93,1.9233333333333331,0.01666666666666666,5.703333333333333,NA,0.09,183.43333333333337,119,190.2,7.62,39.66319,-92.99525,228.76666666666668,996.4888888888888
088,2026-02-03,2026-02-03 11:54:45,3.5443333333333333,3.146333333333333,12.463333333333336,93,1.8266666666666669,0.01666666666666666,5.336666666666667,NA,0.09,183.46666666666667,119,190.2,7.62,39.66319,-92.99525,228.6,996.4444444444443
088,2026-02-03,2026-02-03 11:54:48,3.6223333333333336,3.1483333333333334,12.47,93,1.76,-0.00666666666666666,5.57,NA,0.09,183.46666666666667,119,190.2,7.616666666666667,39.66319,-92.99525,228.73333333333332,996.4444444444443
088,2026-02-03,2026-02-03 11:54:51,3.681666666666666,3.1486666666666667,12.466666666666669,93,1.82,-0.03333333333333333,5.7,NA,0.09,183.4,119,190.1,7.62,39.66319,-92.99525,228.76666666666668,996.4888888888888
088,2026-02-03,2026-02-03 11:54:54,3.740666666666667,3.15,12.47,93.1,1.7433333333333334,-0.09666666666666666,5.6466666666666665,NA,0.09,183.43333333333337,119,190.1,7.62,39.66319,-92.99525,229.13333333333333,996.5777777777778
088,2026-02-03,2026-02-03 11:54:57,3.818666666666666,3.150333333333333,12.47,93.03333333333332,1.7766666666666666,-0.08,6.08,NA,0.09,183.46666666666667,119,190,7.62,39.66319,-92.99525,229.66666666666663,996.5333333333332
088,2026-02-03,2026-02-03 11:55:00,3.889666666666667,3.1506666666666665,12.473333333333334,93.1,1.7433333333333334,-0.11,5.9,NA,0.09,183.53333333333333,119,190,7.62,39.66319,-92.99525,230,996.622222222222
088,2026-02-03,2026-02-03 11:55:03,3.9483333333333337,3.154,12.476666666666668,93.1,1.6966666666666668,-0.02,4.803333333333334,NA,0.09,183.43333333333337,119,190,7.62,39.66319,-92.99525,230.36666666666667,996.4888888888888
088,2026-02-03,2026-02-03 11:55:06,4.0103333333333335,3.154333333333333,12.48,93.13333333333333,1.59,-0.06666666666666667,4.716666666666667,NA,0.09,183.43333333333337,119,190,7.62,39.66319,-92.99525,230.46666666666667,996.4888888888888
088,2026-02-03,2026-02-03 11:55:09,4.056333333333333,3.158333333333333,12.48,93.16666666666669,1.6866666666666668,0,4.92,NA,0.09,183.46666666666667,119,190,7.62,39.66319,-92.99525,230.33333333333337,996.5777777777778
088,2026-02-03,2026-02-03 11:55:12,4.084333333333333,3.163666666666667,12.473333333333334,93.1,1.6033333333333333,-0.02,4.963333333333333,NA,0.09,183.53333333333333,119,190.06666666666663,7.61,39.66319,-92.99525,230.26666666666665,996.4444444444443
088,2026-02-03,2026-02-03 11:55:15,4.133333333333334,3.173,12.446666666666667,92.93333333333334,1.596666666666667,-0.05,4.3966666666666665,NA,0.09,183.4,119,190.16666666666663,7.61,39.66319333333333,-92.99525,229.7,996.4
088,2026-02-03,2026-02-03 11:55:18,4.181666666666667,3.182,12.386666666666668,92.5,1.4333333333333331,-0.08333333333333333,3.7066666666666666,NA,0.09,183.43333333333337,119,190.26666666666668,7.61,39.66319,-92.99525,229.16666666666663,996.3555555555556
088,2026-02-03,2026-02-03 11:55:21,4.232333333333333,3.1910000000000003,12.303333333333333,91.9,1.3833333333333333,-0.12,3.48,NA,0.09,183.26666666666668,119,190.36666666666667,7.603333333333333,39.66319,-92.99525,228.66666666666663,996.4
088,2026-02-03,2026-02-03 11:55:24,4.292,3.195,12.18,91,0.9733333333333334,-0.17333333333333334,2.806666666666666,NA,0.09,183.43333333333337,119,190.5,7.6,39.66319,-92.99525,228.93333333333337,996.3555555555556
088,2026-02-03,2026-02-03 11:55:27,4.386,3.2016666666666667,12.04,89.96666666666667,1.08,-0.15666666666666668,2.9566666666666666,NA,0.09,183.43333333333337,119,190.66666666666663,7.593333333333333,39.66319,-92.99525,229.03333333333333,996.3555555555556
088,2026-02-03,2026-02-03 11:55:30,4.426666666666667,3.203,11.88,88.76666666666667,0.8033333333333333,-0.18333333333333332,3.1866666666666665,NA,0.09,183.36666666666667,119,190.83333333333337,7.586666666666667,39.66319,-92.99525,228.86666666666667,996.4444444444443
088,2026-02-03,2026-02-03 11:55:33,4.502,3.2116666666666664,11.71,87.53333333333333,0.7866666666666666,-0.14,2.3266666666666667,NA,0.09,183.43333333333337,119,190.96666666666667,7.58,39.66319,-92.99525,228.86666666666667,996.5333333333332
088,2026-02-03,2026-02-03 11:55:36,4.562333333333333,3.2216666666666667,11.53,86.16666666666667,0.9033333333333332,-0.14,2.88,NA,0.09,183.6,119,191.16666666666663,7.57,39.66319666666667,-92.99525,228.86666666666667,996.4888888888888
088,2026-02-03,2026-02-03 11:55:39,4.649333333333333,3.243666666666667,11.353333333333332,84.96666666666667,0.7966666666666666,-0.18,2.486666666666667,NA,0.09,183.56666666666663,119,191.33333333333337,7.566666666666666,39.6632,-92.99525,228.93333333333337,996.4
088,2026-02-03,2026-02-03 11:55:42,4.706,3.249,11.19,83.76666666666667,0.7533333333333333,-0.20333333333333337,2.213333333333334,NA,0.09,183.5,119,191.5,7.56,39.6632,-92.99525,229.1,996.4444444444443
088,2026-02-03,2026-02-03 11:55:45,4.739,3.255,11.023333333333332,82.46666666666667,0.84,-0.19666666666666668,2.1133333333333333,NA,0.09,183.6,119,191.6,7.55,39.66319666666667,-92.99525,229.03333333333333,996.5333333333332
088,2026-02-03,2026-02-03 11:55:48,4.797666666666666,3.268666666666667,10.866666666666667,81.33333333333333,0.8633333333333333,-0.18333333333333332,2.486666666666667,NA,0.09,183.73333333333332,119,191.7,7.55,39.66319,-92.99525,228.7,996.5333333333332
088,2026-02-03,2026-02-03 11:55:51,4.852666666666667,3.2776666666666667,10.73,80.36666666666666,0.5966666666666667,-0.21,2.533333333333333,NA,0.09,183.83333333333337,119.33333333333331,191.83333333333337,7.543333333333333,39.66319,-92.99525,228.36666666666667,996.4888888888888
088,2026-02-03,2026-02-03 11:55:54,4.926666666666667,3.2783333333333333,10.616666666666667,79.5,0.75,-0.18,2.6233333333333335,NA,0.09,183.8,119,191.96666666666667,7.54,39.66319,-92.99526,227.9,996.5333333333332
088,2026-02-03,2026-02-03 11:55:57,4.983333333333333,3.2836666666666665,10.503333333333334,78.66666666666667,0.65,-0.16333333333333333,2.19,NA,0.09,183.7,119,192.06666666666663,7.536666666666667,39.66319,-92.99526,227.76666666666665,996.4444444444443
088,2026-02-03,2026-02-03 11:56:00,5.080666666666667,3.29,10.396666666666668,77.86666666666666,0.7033333333333334,-0.14,2.1033333333333335,NA,0.09,183.9,119.66666666666669,192.16666666666663,7.53,39.66319,-92.99526,227.4,996.5333333333332
088,2026-02-03,2026-02-03 11:56:03,5.124666666666666,3.295,10.303333333333333,77.2,0.6533333333333333,-0.18,2.05,NA,0.09,184.03333333333333,120,192.2,7.523333333333333,39.66319,-92.99526,227.4,996.4444444444443
088,2026-02-03,2026-02-03 11:56:06,5.171333333333333,3.3023333333333333,10.21,76.5,0.8533333333333334,-0.18333333333333335,2.48,NA,0.09,183.9,120,192.2,7.52,39.66319,-92.99526,227.7,996.4444444444443
088,2026-02-03,2026-02-03 11:56:09,5.216666666666667,3.313,10.126666666666669,75.9,0.7100000000000001,-0.20333333333333337,1.7533333333333334,NA,0.09,183.8,119.33333333333331,192.2,7.52,39.66318333333333,-92.99525,227.7,996.4888888888888
088,2026-02-03,2026-02-03 11:56:12,5.257,3.3163333333333336,10.046666666666669,75.3,0.5733333333333334,-0.23666666666666664,1.6666666666666663,NA,0.09,183.9,120,192.2,7.513333333333333,39.66318,-92.99525,227.7,996.4888888888888
088,2026-02-03,2026-02-03 11:56:15,5.331,3.338,9.97,74.8,0.5599999999999999,-0.21666666666666667,1.4966666666666666,NA,0.09,184.06666666666663,120,192.2,7.51,39.66318,-92.99525,226.96666666666667,996.4444444444443
088,2026-02-03,2026-02-03 11:56:18,5.452,3.344,9.886666666666668,74.16666666666667,0.5733333333333334,-0.22333333333333333,2.0533333333333332,NA,0.09,184.16666666666663,120,192.26666666666668,7.51,39.66318,-92.99525,227,996.4444444444443
088,2026-02-03,2026-02-03 11:56:21,5.512333333333333,3.344666666666667,9.813333333333333,73.6,0.5666666666666667,-0.23333333333333336,1.8333333333333333,NA,0.09,184.3,120,192.26666666666668,7.51,39.663176666666665,-92.99525666666666,226.66666666666669,996.4
088,2026-02-03,2026-02-03 11:56:24,5.54,3.335666666666667,9.746666666666666,73.1,0.8966666666666667,-0.18666666666666668,2.6466666666666665,NA,0.09,184.26666666666668,120,192.2,7.503333333333333,39.66317,-92.99526,226.3,996.4
088,2026-02-03,2026-02-03 11:56:27,5.596333333333333,3.3313333333333333,9.676666666666666,72.56666666666666,0.7,-0.16666666666666669,2.1766666666666667,NA,0.09,184.26666666666668,120,192.2,7.5,39.663176666666665,-92.99525,227.6,996.4888888888888
088,2026-02-03,2026-02-03 11:56:33,5.66,3.3493333333333335,9.56,71.73333333333333,0.5233333333333333,-0.24666666666666667,1.7,NA,0.09,184.3,120,192.2,7.5,39.66318,-92.99525,227.83333333333337,996.5777777777778
088,2026-02-03,2026-02-03 11:56:36,5.7843333333333335,3.3636666666666666,9.513333333333334,71.4,0.44666666666666666,-0.23666666666666664,1.4233333333333331,NA,0.09,184.36666666666667,120,192.26666666666668,7.493333333333333,39.66318,-92.99525,228.36666666666667,996.4444444444443
088,2026-02-03,2026-02-03 11:56:39,5.8726666666666665,3.362,9.466666666666669,71.06666666666666,0.3833333333333333,-0.22333333333333333,1.5133333333333332,NA,0.09,184.43333333333337,120,192.4,7.49,39.66318,-92.99525,228.5,996.4888888888888
088,2026-02-03,2026-02-03 11:56:42,5.923,3.3596666666666666,9.42,70.7,0.5033333333333333,-0.18666666666666668,2.0633333333333335,NA,0.09,184.63333333333333,120,192.4,7.483333333333333,39.66318,-92.99525,228.6,996.4444444444443
088,2026-02-03,2026-02-03 11:56:45,5.979666666666667,3.362,9.38,70.4,0.5,-0.19,1.8133333333333332,NA,0.09,184.53333333333333,120,192.4,7.48,39.66318,-92.99525,227.8,996.4444444444443
088,2026-02-03,2026-02-03 11:56:48,6.063666666666666,3.363,9.34,70.1,0.6133333333333334,-0.17333333333333334,1.7766666666666666,NA,0.09,184.4,120,192.53333333333333,7.476666666666667,39.66318,-92.99525,227.46666666666667,996.4888888888888
088,2026-02-03,2026-02-03 11:56:51,6.133666666666667,3.362,9.306666666666668,69.83333333333333,0.43666666666666665,-0.18000000000000002,1.836666666666667,NA,0.09,184.56666666666663,120,192.56666666666663,7.47,39.66318,-92.99525666666666,227.23333333333335,996.4444444444443
088,2026-02-03,2026-02-03 11:56:54,6.179333333333333,3.364,9.276666666666666,69.6,0.57,-0.18333333333333335,2.22,NA,0.09,184.46666666666667,120,192.6,7.47,39.66317333333333,-92.99526,226.8,996.4444444444443
088,2026-02-03,2026-02-03 11:56:57,6.224333333333333,3.3726666666666665,9.246666666666666,69.4,0.39666666666666667,-0.21666666666666667,1.5433333333333332,NA,0.09,184.36666666666667,120,192.6,7.47,39.66317333333333,-92.99526,226.36666666666667,996.5333333333332
088,2026-02-03,2026-02-03 11:57:00,6.287,3.399,9.21,69.2,0.38666666666666666,-0.23333333333333336,1.6033333333333333,NA,0.09,184.2,120,192.53333333333333,7.47,39.66318,-92.99526,226.16666666666663,996.5333333333332
088,2026-02-03,2026-02-03 11:57:03,6.371333333333333,3.408333333333333,9.19,69.03333333333333,0.3766666666666667,-0.21333333333333335,0.99,NA,0.09,184.56666666666663,120,192.63333333333333,7.463333333333333,39.66318,-92.99525666666666,226.5,996.4888888888888
088,2026-02-03,2026-02-03 11:57:06,6.433666666666666,3.4223333333333334,9.1466666666666665,68.73333333333333,0.3566666666666667,-0.23,1.1733333333333331,NA,0.09,184.73333333333335,120,192.7,7.46,39.66318,-92.99526,226.26666666666668,996.5333333333332
088,2026-02-03,2026-02-03 11:57:09,6.478,3.425333333333333,9.1,68.4,0.36,-0.20333333333333337,1.1866666666666663,NA,0.09,184.93333333333337,120,192.76666666666668,7.46,39.66318,-92.99525666666666,226.3,996.5333333333332
088,2026-02-03,2026-02-03 11:57:12,6.5329999999999995,3.427,9.056666666666668,68.1,0.33666666666666667,-0.19666666666666663,0.9633333333333334,NA,0.09,184.93333333333337,120,192.8,7.46,39.66318,-92.99525,226.56666666666663,996.5777777777778
088,2026-02-03,2026-02-03 11:57:15,6.592333333333333,3.4286666666666665,9.006666666666666,67.7,0.33,-0.20333333333333337,1.3533333333333333,NA,0.09,185,120,192.73333333333332,7.45,39.66317333333333,-92.99525333333334,227.56666666666663,996.622222222222
088,2026-02-03,2026-02-03 11:57:18,6.648333333333333,3.4283333333333332,8.966666666666667,67.4,0.35333333333333333,-0.19666666666666668,1.2133333333333334,NA,0.09,185.06666666666663,120,192.76666666666668,7.45,39.66317,-92.99525,227.7,996.5333333333332
088,2026-02-03,2026-02-03 11:57:21,6.702,3.427666666666666,8.93,67.13333333333333,0.3433333333333333,-0.21,0.96,NA,0.09,185.06666666666663,120,192.7,7.45,39.66317,-92.99525,228.56666666666663,996.6666666666666
088,2026-02-03,2026-02-03 11:57:24,6.753333333333333,3.427666666666666,8.893333333333334,66.9,0.33,-0.23333333333333336,1.0766666666666669,NA,0.09,184.93333333333337,120,192.76666666666668,7.45,39.66317,-92.99525,228.8,996.622222222222
088,2026-02-03,2026-02-03 11:57:27,6.810333333333333,3.4306666666666668,8.87,66.66666666666667,0.26666666666666666,-0.23666666666666664,0.8266666666666667,NA,0.09,184.96666666666667,120,192.73333333333332,7.45,39.66318,-92.99525,229.1,996.622222222222
088,2026-02-03,2026-02-03 11:57:30,6.8566666666666665,3.433,8.84,66.43333333333334,0.37333333333333335,-0.23,0.9733333333333332,NA,0.09,185.13333333333333,120,192.8,7.446666666666667,39.66318,-92.99525,229.43333333333337,996.5777777777778
088,2026-02-03,2026-02-03 11:57:33,6.928333333333334,3.437,8.813333333333334,66.26666666666667,0.45666666666666667,-0.21666666666666667,1.21,NA,0.09,185.06666666666663,120,192.8,7.44,39.66318,-92.99525,229.53333333333333,996.622222222222
088,2026-02-03,2026-02-03 11:57:36,7.022,3.443,8.79,66.1,0.33,-0.22333333333333333,0.8166666666666667,NA,0.09,185.03333333333333,120,192.86666666666667,7.44,39.66318,-92.99525,229.4,996.622222222222
088,2026-02-03,2026-02-03 11:57:39,7.09,3.4446666666666665,8.766666666666666,65.93333333333334,0.31666666666666665,-0.22666666666666668,0.87,NA,0.09,185.03333333333333,120,192.9,7.44,39.66318,-92.99525,228.9,996.5777777777778
088,2026-02-03,2026-02-03 11:57:42,7.1513333333333335,3.4543333333333335,8.74,65.73333333333333,0.24333333333333332,-0.23,1.3266666666666669,NA,0.09,185.06666666666663,120,192.9,7.44,39.66318,-92.99525,228.73333333333332,996.5777777777778
088,2026-02-03,2026-02-03 11:57:45,7.239,3.457333333333333,8.71,65.53333333333333,0.2733333333333333,-0.22333333333333333,0.8933333333333333,NA,0.09,185.2,120,192.9,7.436666666666667,39.66318,-92.99525,228.73333333333332,996.5333333333332
088,2026-02-03,2026-02-03 11:57:48,7.316,3.459,8.68,65.33333333333333,0.26,-0.24,0.7866666666666666,NA,0.09,185.23333333333332,120,192.96666666666667,7.43,39.66318,-92.99525,228.8,996.5777777777778
088,2026-02-03,2026-02-03 11:57:51,7.371666666666667,3.4603333333333333,8.66,65.16666666666667,0.22666666666666663,-0.25,0.75,NA,0.09,185.2,120,193,7.43,39.66318,-92.99525,228.53333333333333,996.5777777777778
088,2026-02-03,2026-02-03 11:57:54,7.456333333333333,3.461333333333333,8.633333333333335,64.96666666666667,0.27666666666666667,-0.22,0.63,NA,0.09,185.43333333333337,120.66666666666669,193,7.43,39.66318,-92.99525,228.33333333333337,996.4888888888888
088,2026-02-03,2026-02-03 11:57:57,7.544333333333333,3.467,8.613333333333333,64.8,0.27,-0.22666666666666663,0.6933333333333334,NA,0.09,185.36666666666667,120.33333333333331,193,7.43,39.66318,-92.99525,228.1,996.4888888888888
088,2026-02-03,2026-02-03 11:58:00,7.594666666666666,3.474,8.59,64.66666666666667,0.3,-0.21666666666666667,0.5866666666666667,NA,0.09,185.46666666666667,121,193,7.43,39.66318,-92.99525,228.1,996.622222222222
088,2026-02-03,2026-02-03 11:58:03,7.644333333333333,3.4863333333333335,8.56,64.46666666666667,0.27,-0.19333333333333333,0.7466666666666667,NA,0.09,185.26666666666665,120.33333333333331,193.03333333333333,7.423333333333333,39.66318,-92.99525,228,996.5333333333332
088,2026-02-17,2026-02-17 11:39:45,0.01266666666666666,6.057666666666667,11.226666666666668,90.4,1.086666666666667,0.01,1.83,NA,0.08,176.66666666666669,115,262.73333333333335,8.1466666666666665,39.663243333333334,-92.99525,233.53333333333333,977.0666666666666
088,2026-02-17,2026-02-17 11:39:48,0.099,6.050333333333334,11.31,91.03333333333332,1.1966666666666663,0.00666666666666666,1.9533333333333336,NA,0.08,175.56666666666666,114.33333333333331,263.8333333333333,8.08,39.66325,-92.99525,233.06666666666663,977.0666666666666
088,2026-02-17,2026-02-17 11:39:51,0.137,6.069,11.386666666666668,91.66666666666669,1.4966666666666666,0.01333333333333333,2.3333333333333335,NA,0.08,175.46666666666667,114,264.5,8.03,39.66325,-92.99525,232.46666666666667,977.1555555555556
088,2026-02-17,2026-02-17 11:39:54,0.16166666666666665,6.055666666666666,11.426666666666666,92,1.5833333333333333,0.07,2.5233333333333334,NA,0.08,175.53333333333333,114,265.3,7.993333333333333,39.66325333333333,-92.99525,232.2,977.0666666666666
088,2026-02-17,2026-02-17 11:39:57,0.191,6.0263333333333335,11.496666666666666,92.46666666666668,1.596666666666667,0.08333333333333333,2.813333333333333,NA,0.08,175.6,114,266,7.95,39.66326,-92.99525,231.36666666666667,977.0666666666666
088,2026-02-17,2026-02-17 11:40:00,0.21866666666666668,6.035666666666667,11.54,92.8,1.6933333333333334,0.04333333333333333,2.9066666666666667,NA,0.08,175.7,114,266.53333333333336,7.913333333333333,39.66326,-92.99525,231.66666666666663,977.0666666666666
088,2026-02-17,2026-02-17 11:40:03,0.242,5.984333333333333,11.573333333333334,93,1.73,0.03666666666666667,2.966666666666667,NA,0.08,175.26666666666665,114,267.4,7.873333333333333,39.66326,-92.99525,231.06666666666663,977.0666666666666
088,2026-02-17,2026-02-17 11:40:06,0.2703333333333333,5.978,11.61,93.23333333333332,1.75,0.01333333333333333,3.0733333333333333,NA,0.08,175.26666666666668,114,268.1,7.833333333333333,39.66326,-92.99525,229.8,977.0666666666666
088,2026-02-17,2026-02-17 11:40:09,0.30266666666666664,5.967333333333333,11.636666666666668,93.46666666666668,1.7733333333333334,0.06,3.1399999999999997,NA,0.08,175.16666666666666,114,268.73333333333335,7.8,39.66326,-92.99525,229.8,977.0666666666666
088,2026-02-17,2026-02-17 11:40:12,0.3486666666666667,5.949,11.656666666666666,93.6,1.903333333333333,0.11,3.493333333333333,NA,0.08,175.03333333333333,114,269.26666666666665,7.773333333333333,39.66326,-92.99525,230.1,977.0666666666666
088,2026-02-17,2026-02-17 11:40:15,0.38466666666666666,5.933,11.676666666666666,93.7,2.02,0.14,3.46,NA,0.08,174.93333333333334,114,269.76666666666665,7.75,39.66326,-92.99525,229.83333333333337,977.0666666666666
088,2026-02-17,2026-02-17 11:40:27,0.45766666666666667,5.925333333333334,11.73,94.1,2.8266666666666667,0.17666666666666667,4.983333333333333,NA,0.08,175.16666666666666,114,271.4666666666667,7.676666666666667,39.66327,-92.99526,228.7,977.0666666666666
088,2026-02-17,2026-02-17 11:40:30,0.482,5.929666666666667,11.73,94.1,2.96,0.21333333333333332,5.0633333333333335,NA,0.08,175.16666666666666,114,271.93333333333334,7.666666666666667,39.66327,-92.99526,228.63333333333333,977.0222222222222
088,2026-02-17,2026-02-17 11:40:33,0.5266666666666667,5.927333333333333,11.74,94.2,2.92,0.19,4.506666666666667,NA,0.08,175.2,114,272.3,7.653333333333333,39.66327,-92.99526,229,977.0666666666666
088,2026-02-17,2026-02-17 11:40:36,0.56,5.938,11.746666666666666,94.26666666666668,2.83,0.13,4.273333333333333,NA,0.08,175.26666666666668,114,272.7,7.643333333333333,39.66327,-92.99526,229.16666666666663,977.1111111111112
088,2026-02-17,2026-02-17 11:40:42,0.601,5.933,11.76,94.4,2.806666666666666,0.11666666666666668,5.2,NA,0.08,175.36666666666667,114,273.4666666666667,7.613333333333333,39.66327,-92.99526,229.26666666666668,977.0666666666666
088,2026-02-17,2026-02-17 11:40:45,0.6243333333333333,5.926333333333333,11.77,94.4,2.9066666666666667,0.18,5.34,NA,0.08,175.3,114,273.8333333333333,7.603333333333333,39.66327,-92.99526,229.53333333333333,977.1555555555556
088,2026-02-17,2026-02-17 11:41:00,0.705,5.942,11.783333333333331,94.56666666666666,3.006666666666667,0.11,5.193333333333333,NA,0.08,175.33333333333334,114,275.3666666666667,7.55,39.66327,-92.99527,229.66666666666663,977.0666666666666
088,2026-02-17,2026-02-17 11:41:03,0.7263333333333333,5.945333333333333,11.79,94.6,3.0733333333333333,0.19666666666666668,4.823333333333333,NA,0.08,175.3,114,275.6333333333333,7.54,39.66327,-92.99527,229.6,977.0666666666666
088,2026-02-17,2026-02-17 11:41:06,0.7473333333333333,5.946,11.79,94.6,2.9133333333333336,0.23666666666666664,5.246666666666667,NA,0.08,175.4,114,275.9,7.533333333333333,39.66327,-92.99527,229.5,977.0666666666666
088,2026-02-17,2026-02-17 11:41:09,0.7743333333333333,5.945333333333333,11.796666666666669,94.7,3.1566666666666667,0.24,5.513333333333334,NA,0.08,175.3,114,276.1333333333333,7.526666666666666,39.66327,-92.99527,229.6,977.0666666666666
088,2026-02-17,2026-02-17 11:41:12,0.8026666666666666,5.946,11.8,94.7,3.0533333333333332,0.16666666666666669,5.493333333333333,NA,0.08,175.43333333333334,114,276.3666666666667,7.52,39.66327,-92.99527,229.66666666666663,977.0222222222222
088,2026-02-17,2026-02-17 11:41:15,0.829,5.946,11.81,94.73333333333332,3.1,0.10666666666666667,5.663333333333333,NA,0.08,175.5,114,276.6,7.51,39.66327,-92.99527,229.46666666666667,977.0666666666666
088,2026-02-17,2026-02-17 11:41:21,0.8643333333333333,5.95,11.813333333333334,94.83333333333331,3.2966666666666664,0.2066666666666667,5.873333333333333,NA,0.08,175.5,114,277.06666666666666,7.5,39.66327,-92.99527,230.23333333333332,976.9777777777778
088,2026-02-17,2026-02-17 11:41:24,0.8883333333333333,5.948333333333333,11.81,94.8,3.356666666666667,0.26666666666666666,5.706666666666667,NA,0.08,175.56666666666666,114,277.26666666666665,7.49,39.66327,-92.99526333333334,230.6,977.0222222222222
088,2026-02-17,2026-02-17 11:41:27,0.9183333333333332,5.945666666666667,11.82,94.83333333333331,3.3766666666666665,0.24666666666666667,6.013333333333334,NA,0.08,175.56666666666666,114,277.5,7.49,39.66326333333333,-92.99526,231.06666666666663,977.0666666666666
088,2026-02-17,2026-02-17 11:41:33,0.9663333333333332,5.943,11.823333333333334,94.9,3.3366666666666664,0.13333333333333333,6.0200000000000005,NA,0.08,175.56666666666666,114,277.8666666666667,7.476666666666667,39.66326,-92.99526,231.76666666666668,977.0666666666666
088,2026-02-17,2026-02-17 11:41:36,0.9933333333333332,5.9383333333333335,11.83,94.9,3.223333333333333,0.15666666666666668,5.79,NA,0.08,175.56666666666666,114,278.06666666666666,7.47,39.66326,-92.99526,231.7,976.9777777777778
088,2026-02-17,2026-02-17 11:41:39,1.026,5.933666666666666,11.83,94.9,3.3133333333333335,0.21,5.816666666666666,NA,0.08,175.6,114,278.23333333333335,7.46,39.66326,-92.99525,231.73333333333335,977.0666666666666
088,2026-02-17,2026-02-17 11:41:42,1.055,5.944333333333334,11.82,94.9,3.3466666666666667,0.23666666666666664,5.55,NA,0.08,175.63333333333333,114,278.5,7.453333333333333,39.66326,-92.99525,231.6,977.0222222222222
088,2026-02-17,2026-02-17 11:41:48,1.1083333333333334,5.934666666666667,11.82,94.86666666666667,3.313333333333333,0.21,5.4366666666666665,NA,0.08,175.63333333333333,114,278.96666666666664,7.44,39.66326,-92.99525,231.6,977.0666666666666
088,2026-02-17,2026-02-17 11:41:54,1.1586666666666667,5.922,11.83,94.9,3.336666666666667,0.10666666666666666,5.97,NA,0.08,175.56666666666666,114,279.4,7.423333333333333,39.66327,-92.99525,231.36666666666667,976.9333333333334
088,2026-02-17,2026-02-17 11:41:57,1.192,5.9206666666666665,11.83,94.9,3.42,0.15666666666666668,6.093333333333334,NA,0.08,175.66666666666666,114,279.6,7.416666666666667,39.66327,-92.99525,231.03333333333333,976.9333333333334
088,2026-02-17,2026-02-17 11:42:00,1.22,5.926,11.83,94.9,3.3533333333333335,0.22333333333333333,5.776666666666666,NA,0.08,175.56666666666666,114,279.8,7.41,39.66327666666667,-92.99525,230.9,976.9333333333334
088,2026-02-17,2026-02-17 11:42:03,1.2426666666666668,5.932333333333333,11.83,94.9,3.3766666666666665,0.26666666666666666,5.756666666666667,NA,0.08,175.66666666666666,114,279.96666666666664,7.406666666666667,39.66328,-92.99525,231.1,976.9333333333334
088,2026-02-17,2026-02-17 11:42:06,1.266,5.932666666666666,11.833333333333334,94.93333333333334,3.336666666666667,0.23666666666666664,5.87,NA,0.08,175.7,114,280.1333333333333,7.4,39.66328,-92.99525,231.16666666666663,977.0222222222222
088,2026-02-17,2026-02-17 11:42:09,1.3143333333333334,5.922,11.84,95,3.443333333333334,0.2,6.113333333333333,NA,0.08,175.7,114,280.26666666666665,7.393333333333333,39.66327333333333,-92.99525,231.5,976.9777777777778
088,2026-02-17,2026-02-17 11:42:12,1.3383333333333334,5.918666666666667,11.84,94.96666666666668,3.4566666666666666,0.18333333333333335,5.923333333333334,NA,0.08,175.76666666666668,114,280.43333333333334,7.39,39.66327,-92.99525,231.8,976.9777777777778
088,2026-02-17,2026-02-17 11:42:15,1.3726666666666667,5.918333333333334,11.84,94.93333333333334,3.48,0.22,6.026666666666666,NA,0.08,175.66666666666666,114,280.6333333333333,7.383333333333333,39.66327,-92.99525,232.06666666666663,976.9333333333334
088,2026-02-17,2026-02-17 11:42:18,1.3996666666666666,5.924666666666667,11.833333333333334,94.9,3.493333333333333,0.26666666666666666,5.94,NA,0.08,175.66666666666666,114,280.8,7.38,39.66326333333333,-92.99525,231.93333333333337,976.8888888888888
088,2026-02-17,2026-02-17 11:42:21,1.43,5.925,11.836666666666666,94.93333333333334,3.443333333333334,0.2733333333333333,5.8966666666666665,NA,0.08,175.63333333333333,114,280.96666666666664,7.37,39.66326,-92.99526,231.6,976.8888888888888
088,2026-02-17,2026-02-17 11:42:24,1.4673333333333334,5.922666666666666,11.833333333333334,94.9,3.3833333333333333,0.23,6.17,NA,0.08,175.6,114,281.2,7.366666666666667,39.66326,-92.99526,231.46666666666667,976.8888888888888
088,2026-02-17,2026-02-17 11:42:27,1.5236666666666667,5.918333333333333,11.83,94.86666666666667,3.4033333333333333,0.23,6.006666666666667,NA,0.08,175.56666666666666,114,281.43333333333334,7.36,39.66325333333333,-92.99526666666668,231.3,976.9333333333334
088,2026-02-17,2026-02-17 11:42:30,1.584,5.902,11.83,94.8,3.39,0.15333333333333335,5.986666666666666,NA,0.08,175.73333333333335,114,281.7,7.35,39.66325,-92.99527,231.06666666666663,976.9333333333334
088,2026-02-17,2026-02-17 11:42:33,1.6133333333333333,5.898333333333333,11.83,94.83333333333331,3.45,0.17333333333333334,6.496666666666666,NA,0.08,175.56666666666666,114,281.8666666666667,7.346666666666667,39.66325,-92.99527,230.96666666666667,976.9333333333334
088,2026-02-17,2026-02-17 11:42:36,1.645333333333333,5.888,11.83,94.8,3.556666666666666,0.26,6.25,NA,0.08,175.7,114,282.03333333333336,7.34,39.66325,-92.99527,230.7,976.9333333333334
088,2026-02-17,2026-02-17 11:42:39,1.6793333333333331,5.886333333333333,11.83,94.8,3.5666666666666664,0.2833333333333333,6.326666666666666,NA,0.08,175.6,114,282.1333333333333,7.34,39.66325,-92.99527,230.43333333333337,976.8888888888888
088,2026-02-17,2026-02-17 11:42:42,1.7073333333333334,5.892,11.82,94.8,3.8233333333333337,0.2566666666666667,6.7700000000000005,NA,0.08,175.73333333333332,114,282.26666666666665,7.34,39.66325,-92.99527,230.46666666666667,976.9333333333334
088,2026-02-17,2026-02-17 11:42:45,1.739,5.891666666666667,11.82,94.73333333333332,3.56,0.20333333333333337,6.473333333333333,NA,0.08,175.7,114,282.3666666666667,7.34,39.66325,-92.99527,230.66666666666663,976.8444444444444
088,2026-02-17,2026-02-17 11:42:48,1.7796666666666667,5.889,11.82,94.7,3.5466666666666664,0.14666666666666667,6.246666666666666,NA,0.08,175.76666666666668,114,282.46666666666664,7.33,39.66325,-92.99526333333334,230.43333333333337,976.8888888888888
088,2026-02-17,2026-02-17 11:42:51,1.81,5.873333333333333,11.83,94.8,3.5533333333333332,0.21,6.3500000000000005,NA,0.08,175.7,114,282.56666666666666,7.33,39.66325,-92.99526,230.46666666666667,976.8444444444444
088,2026-02-17,2026-02-17 11:42:54,1.837,5.889333333333333,11.82,94.73333333333332,3.693333333333334,0.2866666666666667,6.03,NA,0.08,175.63333333333333,114,282.6666666666667,7.33,39.66325,-92.99526666666668,230.16666666666663,976.8888888888888
088,2026-02-17,2026-02-17 11:42:57,1.8596666666666664,5.886666666666667,11.813333333333334,94.66666666666669,3.7266666666666666,0.2633333333333333,6.09,NA,0.08,175.7,114,282.76666666666665,7.33,39.66325,-92.99526333333334,229.93333333333337,976.8
088,2026-02-17,2026-02-17 11:43:00,1.9103333333333332,5.8806666666666665,11.82,94.7,3.5766666666666667,0.22,6,NA,0.08,175.76666666666668,114,282.8666666666667,7.326666666666667,39.66325,-92.99526,230.06666666666663,976.8
088,2026-02-17,2026-02-17 11:43:03,1.9543333333333333,5.887,11.81,94.7,3.36,0.15,6.093333333333333,NA,0.08,175.7,114,282.93333333333334,7.32,39.66325,-92.99525333333334,230.33333333333337,976.8444444444444
088,2026-02-17,2026-02-17 11:43:06,1.995,5.890333333333333,11.81,94.66666666666669,3.43,0.16,5.803333333333333,NA,0.08,175.6,114,283.03333333333336,7.32,39.66325,-92.99525,230.23333333333332,976.7111111111112
088,2026-02-17,2026-02-17 11:43:09,2.0153333333333334,5.892666666666667,11.81,94.7,3.44,0.21666666666666667,5.783333333333333,NA,0.08,175.7,114,283.1333333333333,7.32,39.66325,-92.99525,230.16666666666663,976.7555555555556
088,2026-02-17,2026-02-17 11:43:12,2.046,5.89,11.81,94.7,3.5666666666666664,0.26333333333333336,5.623333333333333,NA,0.08,175.73333333333332,114,283.3333333333333,7.31,39.66326,-92.99525,230.23333333333335,976.6666666666666
088,2026-02-17,2026-02-17 11:43:15,2.0976666666666666,5.889,11.816666666666666,94.7,3.4333333333333336,0.2833333333333333,6.03,NA,0.08,175.66666666666666,114,283.46666666666664,7.31,39.66326,-92.99525,230.16666666666663,976.7111111111112
088,2026-02-17,2026-02-17 11:43:18,2.150333333333333,5.886,11.806666666666668,94.63333333333333,3.536666666666666,0.25333333333333335,6.073333333333333,NA,0.08,175.53333333333333,114,283.6666666666667,7.3,39.66326,-92.99525,229.66666666666663,976.7555555555556
088,2026-02-17,2026-02-17 11:43:21,2.1763333333333335,5.867666666666667,11.816666666666666,94.63333333333333,3.58,0.2,6.12,NA,0.08,175.73333333333332,114,283.8,7.3,39.66327,-92.99525,229.6,976.9333333333334
088,2026-02-17,2026-02-17 11:43:24,2.2036666666666664,5.858,11.82,94.63333333333333,3.4266666666666667,0.16,6.183333333333334,NA,0.08,175.7,114,283.9,7.293333333333333,39.66327,-92.99525,229.63333333333333,976.8888888888888
088,2026-02-17,2026-02-17 11:43:30,2.2423333333333333,5.852,11.81,94.6,3.626666666666667,0.20333333333333337,5.65,NA,0.08,175.93333333333334,114,284.1333333333333,7.29,39.66327,-92.99525,229.86666666666667,976.7555555555556
088,2026-02-17,2026-02-17 11:43:33,2.277,5.851666666666667,11.81,94.56666666666666,3.6533333333333338,0.2733333333333334,5.586666666666667,NA,0.08,175.7,114,284.2,7.29,39.66327,-92.99525,229.73333333333332,976.6666666666666
088,2026-02-17,2026-02-17 11:43:36,2.3116666666666665,5.854666666666667,11.81,94.6,3.64,0.2533333333333333,5.6899999999999995,NA,0.08,175.7,114,284.3,7.29,39.66327,-92.99525,229.8,976.7111111111112
088,2026-02-17,2026-02-17 11:43:39,2.337,5.8486666666666665,11.81,94.6,3.6133333333333337,0.23666666666666664,6.9366666666666665,NA,0.08,175.66666666666666,114,284.4,7.286666666666667,39.66327,-92.99525,229.96666666666667,976.7111111111112
088,2026-02-17,2026-02-17 11:43:42,2.357666666666667,5.846666666666667,11.81,94.56666666666666,3.3433333333333333,0.13666666666666666,6.41,NA,0.08,175.8,114,284.5,7.28,39.66327,-92.99525,230.16666666666663,976.6666666666666
088,2026-02-17,2026-02-17 11:43:45,2.381,5.851333333333334,11.803333333333336,94.5,3.29,0.16666666666666666,6.376666666666667,NA,0.08,175.9,114,284.5,7.28,39.66327,-92.99525,230.16666666666663,976.6666666666666
088,2026-02-17,2026-02-17 11:43:48,2.4016666666666664,5.869,11.803333333333336,94.56666666666666,3.263333333333333,0.26333333333333336,6.38,NA,0.08,175.66666666666666,114,284.56666666666666,7.28,39.66327666666667,-92.99525,230.23333333333332,976.7555555555556
088,2026-02-17,2026-02-17 11:43:51,2.425,5.873666666666667,11.806666666666668,94.6,3.46,0.27666666666666667,6.013333333333334,NA,0.08,175.63333333333333,114,284.7,7.28,39.66328,-92.99525,230.3,976.7555555555556
088,2026-02-17,2026-02-17 11:43:54,2.4490000000000003,5.873666666666667,11.8,94.6,3.493333333333333,0.24,6.16,NA,0.08,175.6,114,284.7,7.276666666666666,39.66328,-92.99525,230.63333333333333,976.8444444444444
088,2026-02-17,2026-02-17 11:43:57,2.4833333333333334,5.87,11.81,94.6,3.66,0.21333333333333335,6.1466666666666665,NA,0.08,175.7,114,284.8333333333333,7.27,39.66327,-92.99525,230.5,976.6666666666666
088,2026-02-17,2026-02-17 11:44:03,2.515,5.861666666666666,11.81,94.6,3.33,0.19,6.483333333333333,NA,0.08,175.83333333333334,114,285.03333333333336,7.27,39.66327,-92.99525,230.66666666666663,976.6666666666666
088,2026-02-17,2026-02-17 11:44:06,2.536,5.867333333333333,11.81,94.6,3.2466666666666666,0.25333333333333335,6.536666666666667,NA,0.08,175.7,114,285.1333333333333,7.27,39.663266666666665,-92.99525666666666,230.46666666666667,976.6666666666666
088,2026-02-17,2026-02-17 11:44:09,2.562666666666667,5.866333333333333,11.81,94.6,3.3666666666666667,0.23666666666666664,5.956666666666667,NA,0.08,175.76666666666668,114,285.2,7.263333333333333,39.66326333333333,-92.99526,230.13333333333333,976.6666666666666
088,2026-02-17,2026-02-17 11:44:12,2.612,5.865666666666667,11.81,94.6,3.38,0.22,5.7,NA,0.08,175.86666666666667,114,285.26666666666665,7.26,39.66327,-92.99526666666668,229.9,976.6666666666666
088,2026-02-17,2026-02-17 11:44:15,2.6486666666666667,5.862333333333333,11.803333333333336,94.6,3.443333333333334,0.14333333333333334,6.406666666666666,NA,0.08,175.86666666666667,114,285.4,7.26,39.66327,-92.99527,229.8,976.7111111111112
088,2026-02-17,2026-02-17 11:44:18,2.6686666666666667,5.862333333333334,11.81,94.6,3.48,0.14,6.513333333333334,NA,0.08,175.76666666666668,114,285.43333333333334,7.26,39.66326333333333,-92.99527,229.93333333333337,976.7111111111112
088,2026-02-17,2026-02-17 11:44:21,2.7096666666666667,5.864,11.81,94.6,3.7066666666666666,0.24666666666666667,6.933333333333334,NA,0.08,175.53333333333333,114,285.56666666666666,7.256666666666667,39.66326,-92.99527,230.33333333333337,976.6666666666666
088,2026-02-17,2026-02-17 11:44:24,2.768,5.866666666666666,11.806666666666668,94.56666666666666,3.6,0.2966666666666667,6.956666666666667,NA,0.08,175.66666666666666,114,285.6666666666667,7.25,39.66326,-92.99527,230.6,976.622222222222
088,2026-02-17,2026-02-17 11:44:27,2.8186666666666667,5.871666666666667,11.813333333333334,94.6,3.6366666666666663,0.29333333333333333,7.223333333333334,NA,0.08,175.86666666666667,114,285.7,7.25,39.66326,-92.99527,230.8,976.6666666666666
088,2026-02-17,2026-02-17 11:44:30,2.8666666666666667,5.882333333333333,11.81,94.6,3.59,0.20333333333333337,6.113333333333333,NA,0.08,175.63333333333333,114,285.76666666666665,7.25,39.66326,-92.99527,230.46666666666667,976.6666666666666
088,2026-02-17,2026-02-17 11:44:33,2.906,5.890333333333333,11.81,94.6,3.443333333333334,0.16666666666666666,6.016666666666667,NA,0.08,175.63333333333333,114,285.8666666666667,7.25,39.66325,-92.99527,230.43333333333337,976.7111111111112
088,2026-02-17,2026-02-17 11:44:39,2.9643333333333333,5.871666666666667,11.816666666666666,94.66666666666669,3.73,0.32666666666666666,7.16,NA,0.08,175.7,114,286.03333333333336,7.25,39.66325,-92.99527,230.36666666666667,976.6666666666666
088,2026-02-17,2026-02-17 11:44:42,3.0016666666666665,5.869666666666667,11.81,94.6,3.5066666666666664,0.28,6.096666666666667,NA,0.08,175.73333333333332,114,286.1333333333333,7.25,39.66325,-92.99526,230.36666666666667,976.622222222222
088,2026-02-17,2026-02-17 11:44:45,3.0556666666666668,5.868,11.81,94.6,3.48,0.22333333333333333,5.8999999999999995,NA,0.08,175.9,114,286.23333333333335,7.243333333333333,39.66325,-92.99526,230.4,976.622222222222
088,2026-02-17,2026-02-17 11:44:48,3.107,5.862,11.813333333333334,94.6,3.24,0.14666666666666667,6.47,NA,0.08,175.93333333333334,114,286.3333333333333,7.24,39.66325,-92.99526,230.73333333333335,976.6666666666666
088,2026-02-17,2026-02-17 11:44:51,3.1546666666666665,5.863333333333333,11.81,94.6,3.4466666666666668,0.12,5.8566666666666665,NA,0.08,175.7,114,286.4,7.24,39.66326,-92.99525333333334,230.6,976.6666666666666
088,2026-02-17,2026-02-17 11:44:54,3.1983333333333333,5.859,11.81,94.6,3.6266666666666665,0.18,5.886666666666667,NA,0.08,175.76666666666668,114,286.5,7.24,39.66326,-92.99525,230.46666666666667,976.622222222222
088,2026-02-17,2026-02-17 11:44:57,3.244666666666667,5.857,11.81,94.6,3.533333333333333,0.21333333333333335,6.0633333333333335,NA,0.08,175.93333333333334,114,286.6,7.24,39.66326,-92.99525,230.4,976.6666666666666
088,2026-02-17,2026-02-17 11:45:00,3.2856666666666667,5.857,11.81,94.6,3.58,0.25,6.743333333333333,NA,0.08,175.8,114,286.6333333333333,7.24,39.66326,-92.99525,230.63333333333333,976.622222222222
088,2026-02-17,2026-02-17 11:45:03,3.336,5.857333333333333,11.806666666666668,94.5,3.53,0.24666666666666667,7.07,NA,0.08,175.76666666666668,114,286.7,7.23,39.66326,-92.99525,230.8,976.6666666666666
088,2026-02-17,2026-02-17 11:45:06,3.368,5.854333333333334,11.81,94.53333333333332,3.5833333333333335,0.19,7.1866666666666665,NA,0.08,175.76666666666668,114,286.8,7.23,39.66325333333333,-92.99525,230.9,976.7111111111112
088,2026-02-17,2026-02-17 11:45:09,3.408,5.861,11.806666666666668,94.53333333333332,3.646666666666667,0.19,6.933333333333334,NA,0.08,175.8,114,286.8666666666667,7.23,39.66325,-92.99525,230.36666666666667,976.7111111111112
088,2026-02-17,2026-02-17 11:45:12,3.456,5.865,11.8,94.5,4.076666666666666,0.29,7.643333333333333,NA,0.08,175.83333333333334,114,286.9,7.23,39.66325666666667,-92.99525,230.46666666666667,976.6666666666666
088,2026-02-17,2026-02-17 11:45:15,3.51,5.863333333333333,11.8,94.5,3.95,0.3466666666666667,7.506666666666667,NA,0.08,175.73333333333332,114,287,7.23,39.66326,-92.99525,230.06666666666663,976.6666666666666
088,2026-02-17,2026-02-17 11:45:18,3.562333333333333,5.863333333333333,11.803333333333336,94.53333333333332,3.853333333333333,0.29,6.583333333333333,NA,0.08,175.7,114,287.06666666666666,7.23,39.66326,-92.99525,229.96666666666667,976.6666666666666
088,2026-02-17,2026-02-17 11:45:21,3.602666666666667,5.8613333333333335,11.803333333333336,94.53333333333332,3.71,0.2833333333333333,6.976666666666667,NA,0.08,175.73333333333332,114,287.1333333333333,7.23,39.66326,-92.99525,229.9,976.6666666666666
088,2026-02-17,2026-02-17 11:45:24,3.6506666666666665,5.852,11.8,94.5,3.533333333333333,0.23333333333333336,6.866666666666666,NA,0.08,175.9,114,287.2,7.226666666666667,39.66326,-92.99525,229.53333333333333,976.7555555555556
088,2026-02-17,2026-02-17 11:45:27,3.696,5.843,11.81,94.5,3.4466666666666668,0.17333333333333334,7.793333333333333,NA,0.08,175.93333333333334,114,287.26666666666665,7.22,39.66326,-92.99525,229.16666666666663,976.7111111111112
088,2026-02-17,2026-02-17 11:45:30,3.734,5.834333333333333,11.8,94.46666666666668,3.4066666666666667,0.12,7.926666666666667,NA,0.08,175.83333333333334,114,287.3,7.22,39.66326,-92.99525,229.1,976.6666666666666
088,2026-02-17,2026-02-17 11:45:33,3.764,5.826666666666666,11.803333333333336,94.46666666666668,3.563333333333333,0.17,7.796666666666667,NA,0.08,175.9,114,287.4,7.22,39.66326,-92.99525333333334,229,976.6666666666666
088,2026-02-17,2026-02-17 11:45:36,3.7973333333333334,5.8213333333333335,11.8,94.4,3.6133333333333337,0.25,8.083333333333334,NA,0.08,175.96666666666667,114,287.5,7.22,39.66326,-92.99525,228.96666666666667,976.6666666666666
088,2026-02-17,2026-02-17 11:45:39,3.838,5.7956666666666665,11.803333333333336,94.36666666666667,3.7466666666666666,0.2866666666666667,7.603333333333333,NA,0.08,176,114,287.5,7.22,39.66326,-92.99526,228.86666666666667,976.6666666666666
088,2026-02-17,2026-02-17 11:45:42,3.8793333333333337,5.762666666666667,11.803333333333336,94.3,3.796666666666667,0.32333333333333336,7.693333333333333,NA,0.08,176.2,115,287.6,7.22,39.66326,-92.99526,228.86666666666667,976.6666666666666
088,2026-02-17,2026-02-17 11:45:45,3.904333333333333,5.736000000000001,11.806666666666668,94.23333333333332,3.6,0.21333333333333335,7.123333333333333,NA,0.08,176.23333333333332,114.66666666666669,287.7,7.22,39.66326,-92.99526,228.8,976.7111111111112
088,2026-02-17,2026-02-17 11:45:48,3.9463333333333335,5.760666666666666,11.783333333333331,94.13333333333333,4.056666666666667,0.2966666666666667,6.846666666666667,NA,0.08,176.03333333333333,114.33333333333331,287.76666666666665,7.22,39.66326,-92.99526,228.73333333333332,976.6666666666666
088,2026-02-17,2026-02-17 11:45:51,3.9993333333333334,5.770333333333333,11.773333333333332,94.06666666666666,3.6066666666666665,0.14666666666666667,8.406666666666666,NA,0.08,175.93333333333334,114,287.8,7.213333333333333,39.66326,-92.99526,228.76666666666668,976.6666666666666
088,2026-02-17,2026-02-17 11:45:54,4.0569999999999995,5.762666666666666,11.77,94,3.4566666666666666,0.14666666666666667,7.373333333333333,NA,0.08,175.9,114,287.8666666666667,7.21,39.66326,-92.99527,228.73333333333332,976.6666666666666
088,2026-02-17,2026-02-17 11:46:03,4.109333333333334,5.7669999999999995,11.756666666666666,93.93333333333334,4.13,0.37333333333333335,6.11,NA,0.08,175.8,114,288.03333333333336,7.21,39.66326,-92.99528,227.26666666666665,976.7111111111112
088,2026-02-17,2026-02-17 11:46:06,4.1546666666666665,5.796333333333333,11.756666666666666,94,3.736666666666667,0.25,6.253333333333333,NA,0.08,175.73333333333332,114,288.1,7.21,39.66326,-92.99528,227.83333333333337,976.6666666666666
088,2026-02-17,2026-02-17 11:46:09,4.186333333333334,5.802,11.75,93.96666666666668,3.57,0.24666666666666667,7.65,NA,0.08,175.76666666666668,114,288.2,7.21,39.66326,-92.99528,228.2,976.7111111111112
088,2026-02-17,2026-02-17 11:46:12,4.226333333333334,5.78,11.75,93.93333333333334,3.7066666666666666,0.22,7.523333333333333,NA,0.08,175.93333333333334,114,288.26666666666665,7.203333333333333,39.663266666666665,-92.99528,228.5,976.6666666666666
088,2026-02-17,2026-02-17 11:46:15,4.274,5.773,11.75,93.9,3.9966666666666666,0.22,7.866666666666666,NA,0.08,175.96666666666667,114,288.3,7.2,39.66327,-92.99528,228.66666666666663,976.622222222222
088,2026-02-17,2026-02-17 11:46:18,4.329,5.772,11.75,93.9,4.113333333333333,0.2966666666666667,8.006666666666668,NA,0.08,175.9,114,288.4,7.2,39.663266666666665,-92.99528,228.93333333333337,976.6666666666666
088,2026-02-17,2026-02-17 11:46:21,4.384666666666666,5.770666666666667,11.75,93.9,3.7666666666666666,0.24,8.16,NA,0.08,175.9,114,288.43333333333334,7.2,39.66326,-92.99527666666668,229.06666666666663,976.6666666666666
088,2026-02-17,2026-02-17 11:46:24,4.434666666666667,5.766333333333334,11.75,93.9,3.97,0.29333333333333333,8.356666666666667,NA,0.08,175.93333333333334,114,288.5,7.2,39.66326,-92.99527,228.93333333333337,976.6666666666666
088,2026-02-17,2026-02-17 11:46:27,4.488333333333333,5.764,11.75,93.9,4.109999999999999,0.37666666666666665,6.4799999999999995,NA,0.08,176,114,288.56666666666666,7.2,39.66326,-92.99527,228.96666666666667,976.6666666666666
088,2026-02-17,2026-02-17 11:46:30,4.537,5.762333333333333,11.75,93.86666666666667,3.556666666666666,0.26,7.260000000000001,NA,0.08,175.93333333333334,114,288.6,7.2,39.66326,-92.99527333333332,229,976.7111111111112
088,2026-02-17,2026-02-17 11:46:33,4.582,5.76,11.75,93.83333333333331,3.51,0.21333333333333332,8.573333333333334,NA,0.08,175.86666666666667,114,288.7,7.2,39.66326,-92.99527666666668,228.8,976.7111111111112
088,2026-02-17,2026-02-17 11:46:36,4.623,5.759,11.75,93.8,3.5033333333333334,0.14333333333333334,7.413333333333333,NA,0.08,175.8,114,288.76666666666665,7.196666666666667,39.66326,-92.99528,228.93333333333337,976.5777777777778
088,2026-02-17,2026-02-17 11:46:39,4.655333333333333,5.766,11.74,93.8,3.5666666666666664,0.16666666666666666,5.99,NA,0.08,175.8,114,288.8,7.19,39.66326,-92.99528,228.93333333333337,976.622222222222
088,2026-02-17,2026-02-17 11:46:42,4.699333333333334,5.757,11.74,93.8,3.54,0.2,6.37,NA,0.08,175.93333333333334,114,288.8666666666667,7.19,39.66326333333333,-92.99529,228.66666666666663,976.622222222222
088,2026-02-17,2026-02-17 11:46:45,4.735333333333333,5.745666666666667,11.74,93.76666666666668,3.373333333333333,0.19666666666666663,7.78,NA,0.08,175.73333333333332,114,288.93333333333334,7.19,39.66327,-92.99529,228.7,976.6666666666666
088,2026-02-17,2026-02-17 11:46:48,4.767333333333333,5.749333333333333,11.746666666666666,93.8,3.3666666666666667,0.2733333333333334,7.256666666666667,NA,0.08,175.86666666666667,114,289,7.19,39.66326,-92.99529,228.76666666666668,976.5333333333332
088,2026-02-17,2026-02-17 11:46:51,4.798,5.746333333333333,11.74,93.73333333333332,3.4733333333333336,0.23,6.726666666666667,NA,0.08,175.9,114,289.03333333333336,7.19,39.66327,-92.99529,228.96666666666667,976.622222222222
088,2026-02-17,2026-02-17 11:46:54,4.822333333333333,5.754,11.733333333333334,93.7,3.6266666666666665,0.2833333333333333,5.683333333333334,NA,0.08,175.96666666666667,114,289.1,7.19,39.66327,-92.99529,228.53333333333333,976.622222222222
088,2026-02-17,2026-02-17 11:46:57,4.87,5.753666666666667,11.73,93.7,3.6133333333333337,0.24333333333333337,6.073333333333333,NA,0.08,175.86666666666667,114,289.2,7.1866666666666665,39.66327,-92.99529,228.6,976.622222222222
088,2026-02-17,2026-02-17 11:47:03,4.915,5.772333333333333,11.73,93.76666666666668,3.526666666666667,0.15666666666666668,5.8500000000000005,NA,0.08,175.83333333333334,114,289.3333333333333,7.18,39.66327,-92.99528333333332,229,976.622222222222
088,2026-02-17,2026-02-17 11:47:06,4.952333333333334,5.786,11.73,93.73333333333332,3.5433333333333334,0.17,6.76,NA,0.08,175.9,114,289.4,7.18,39.66327,-92.99528,228.93333333333337,976.6666666666666
088,2026-02-17,2026-02-17 11:47:09,5.02,5.782666666666667,11.73,93.73333333333332,3.5966666666666667,0.27,7.366666666666666,NA,0.08,175.83333333333334,114,289.43333333333334,7.18,39.66327,-92.99528,229.06666666666663,976.6666666666666
088,2026-02-17,2026-02-17 11:47:12,5.064666666666667,5.778333333333333,11.733333333333334,93.73333333333332,3.6433333333333335,0.32333333333333336,6.3533333333333335,NA,0.08,175.76666666666668,114,289.5,7.18,39.66327,-92.99527,229.26666666666668,976.6666666666666
088,2026-02-17,2026-02-17 11:47:15,5.101,5.7796666666666665,11.733333333333334,93.8,3.95,0.34,6.156666666666666,NA,0.08,175.73333333333332,114,289.56666666666666,7.18,39.66327,-92.99527,229.3,976.6666666666666
088,2026-02-17,2026-02-17 11:47:18,5.123666666666667,5.78,11.733333333333334,93.8,3.683333333333333,0.22333333333333333,6.753333333333333,NA,0.08,175.83333333333334,114,289.6,7.18,39.66327,-92.99526,229.46666666666667,976.622222222222
088,2026-02-17,2026-02-17 11:47:21,5.1803333333333335,5.779333333333334,11.736666666666666,93.8,3.6866666666666665,0.18333333333333335,6.066666666666667,NA,0.08,175.9,114,289.6333333333333,7.173333333333333,39.66327,-92.99526,229.56666666666663,976.622222222222
088,2026-02-17,2026-02-17 11:47:24,5.252,5.758333333333334,11.72,93.63333333333333,3.85,0.22,6.296666666666667,NA,0.08,176,114,289.73333333333335,7.17,39.66327,-92.99525333333334,229.8,976.6666666666666
088,2026-02-17,2026-02-17 11:47:27,5.282,5.725666666666666,11.72,93.56666666666666,3.7333333333333334,0.27999999999999997,7,NA,0.08,175.93333333333334,114,289.8,7.17,39.66327,-92.99525,230.06666666666663,976.622222222222
088,2026-02-17,2026-02-17 11:47:30,5.322666666666667,5.682,11.723333333333334,93.46666666666668,3.63,0.32666666666666666,7.67,NA,0.08,176.06666666666666,114,289.8666666666667,7.17,39.66327,-92.99525,230.16666666666663,976.622222222222
088,2026-02-17,2026-02-17 11:47:33,5.360333333333333,5.684666666666667,11.726666666666668,93.46666666666668,3.8166666666666664,0.2733333333333333,7.55,NA,0.08,176.03333333333333,114,289.9,7.17,39.66327,-92.99525,230.16666666666663,976.6666666666666
088,2026-02-17,2026-02-17 11:47:36,5.425,5.6723333333333334,11.713333333333336,93.36666666666667,3.5766666666666667,0.17333333333333334,6.656666666666666,NA,0.08,175.96666666666667,114,290,7.17,39.66327333333333,-92.99525,229.76666666666665,976.622222222222
088,2026-02-17,2026-02-17 11:47:39,5.476333333333333,5.632,11.71,93.23333333333332,3.5966666666666667,0.15666666666666668,6.033333333333333,NA,0.08,176.16666666666666,114.66666666666669,290.1,7.16,39.66328,-92.99525,229.6,976.6666666666666
088,2026-02-17,2026-02-17 11:47:42,5.531,5.584333333333333,11.706666666666669,93.13333333333333,3.6033333333333335,0.23,6.953333333333333,NA,0.08,176.26666666666668,115,290.2,7.16,39.66328,-92.99525,229.33333333333337,976.6666666666666
088,2026-02-17,2026-02-17 11:47:45,5.578,5.5776666666666666,11.7,93,3.8733333333333335,0.3433333333333333,6.63,NA,0.08,176.13333333333333,114.33333333333331,290.3,7.16,39.66328,-92.99525,228.9,976.6666666666666
088,2026-02-17,2026-02-17 11:47:48,5.625666666666667,5.559,11.686666666666666,92.86666666666667,3.463333333333334,0.29,6.343333333333334,NA,0.08,176.26666666666668,115,290.3666666666667,7.16,39.66328,-92.99525666666666,228.9,976.6666666666666
088,2026-02-17,2026-02-17 11:47:51,5.682333333333333,5.568333333333333,11.663333333333334,92.7,3.4499999999999997,0.18333333333333335,6.390000000000001,NA,0.08,176.13333333333333,114.33333333333331,290.43333333333334,7.16,39.66328,-92.99526,229,976.6666666666666
088,2026-02-17,2026-02-17 11:47:54,5.748333333333333,5.566,11.646666666666668,92.56666666666666,3.513333333333333,0.13,6.99,NA,0.08,176,114,290.5,7.16,39.66328,-92.99526,229,976.6666666666666
088,2026-02-17,2026-02-17 11:47:57,5.792,5.567,11.63,92.46666666666668,3.673333333333334,0.2,8.376666666666667,NA,0.08,176.03333333333333,114,290.6,7.15,39.66328,-92.99526,229.16666666666663,976.6666666666666
088,2026-02-17,2026-02-17 11:48:00,5.871,5.566333333333334,11.62,92.33333333333331,4.22,0.35,8.623333333333333,NA,0.08,176.1,114,290.6333333333333,7.15,39.66327,-92.99525666666666,229.2,976.7111111111112
088,2026-02-17,2026-02-17 11:48:03,5.934333333333334,5.565666666666667,11.61,92.3,4.05,0.38666666666666666,8.486666666666666,NA,0.08,175.96666666666667,114,290.7,7.15,39.66327,-92.99525,229.5,976.6666666666666
088,2026-02-17,2026-02-17 11:48:06,5.997,5.558333333333334,11.61,92.23333333333332,3.8433333333333337,0.2833333333333333,7.13,NA,0.08,175.93333333333334,114,290.73333333333335,7.15,39.66327,-92.99525,229.46666666666667,976.6666666666666
088,2026-02-17,2026-02-17 11:48:09,6.045,5.558666666666666,11.6,92.2,3.79,0.23666666666666664,7.05,NA,0.08,175.93333333333334,114,290.8,7.15,39.66327,-92.99525,229.73333333333332,976.7555555555556
088,2026-02-17,2026-02-17 11:48:12,6.103666666666667,5.556,11.596666666666666,92.13333333333333,3.7066666666666666,0.17666666666666667,7.213333333333334,NA,0.08,176.03333333333333,114,290.9,7.15,39.66327,-92.99525,229.83333333333337,976.6666666666666
088,2026-02-17,2026-02-17 11:48:15,6.153,5.557,11.59,92.1,3.713333333333334,0.24333333333333337,7.073333333333333,NA,0.08,176.06666666666666,114,291,7.15,39.66327,-92.99525,229.63333333333333,976.6666666666666
088,2026-02-17,2026-02-17 11:48:18,6.218666666666667,5.553,11.586666666666666,92.03333333333332,4.05,0.4033333333333333,6.24,NA,0.08,176.06666666666666,114.33333333333331,291.06666666666666,7.1433333333333335,39.66327,-92.99525,229.63333333333333,976.6666666666666
088,2026-02-17,2026-02-17 11:48:21,6.266,5.547,11.58,92,3.9533333333333336,0.37666666666666665,6.756666666666667,NA,0.08,175.9,114,291.1333333333333,7.14,39.66327,-92.99525,229.66666666666663,976.6666666666666
088,2026-02-17,2026-02-17 11:48:24,6.303,5.543333333333333,11.573333333333334,91.93333333333334,3.6633333333333336,0.25,7.59,NA,0.08,176.03333333333333,114,291.23333333333335,7.14,39.66327,-92.99525,229.53333333333333,976.7555555555556
088,2026-02-17,2026-02-17 11:48:27,6.336,5.541666666666667,11.57,91.9,3.68,0.19,7.02,NA,0.08,176.03333333333333,114,291.3,7.14,39.66327,-92.99525,229.63333333333333,976.7555555555556
088,2026-02-17,2026-02-17 11:48:30,6.384333333333333,5.540666666666667,11.56,91.8,4.016666666666667,0.21333333333333332,7.486666666666666,NA,0.08,176.03333333333333,114,291.4,7.14,39.66327,-92.99525,229.66666666666663,976.7555555555556
088,2026-02-17,2026-02-17 11:48:33,6.425333333333334,5.540666666666667,11.556666666666668,91.8,4.076666666666666,0.29333333333333333,7.546666666666667,NA,0.08,175.86666666666667,114,291.43333333333334,7.136666666666667,39.66327,-92.99525,229.4,976.7111111111112
088,2026-02-17,2026-02-17 11:48:36,6.458,5.541666666666667,11.55,91.73333333333332,4.1466666666666665,0.3666666666666667,7.840000000000001,NA,0.08,175.86666666666667,114,291.5,7.13,39.66327,-92.99525,229.26666666666668,976.7111111111112
088,2026-02-17,2026-02-17 11:48:39,6.508666666666667,5.544666666666666,11.543333333333331,91.7,3.9866666666666664,0.37333333333333335,8.053333333333333,NA,0.08,176,114,291.6,7.13,39.66327,-92.99525,229.16666666666663,976.6666666666666
088,2026-02-17,2026-02-17 11:48:42,6.559666666666667,5.546,11.54,91.7,3.986666666666667,0.3166666666666667,7.48,NA,0.08,176,114,291.6666666666667,7.13,39.66327,-92.99525,229.3,976.7111111111112
088,2026-02-17,2026-02-17 11:48:45,6.599,5.547,11.54,91.7,3.97,0.29333333333333333,6.293333333333334,NA,0.08,175.93333333333334,114,291.73333333333335,7.13,39.66327,-92.99525,229.23333333333332,976.6666666666666
088,2026-02-17,2026-02-17 11:48:51,6.6513333333333335,5.549333333333333,11.53,91.6,3.9333333333333336,0.29333333333333333,7.61,NA,0.08,175.86666666666667,114,291.9,7.126666666666667,39.66327,-92.99525,229.83333333333337,976.6666666666666
088,2026-02-17,2026-02-17 11:48:54,6.674666666666667,5.545,11.53,91.6,3.63,0.2833333333333333,7.04,NA,0.08,175.83333333333334,114,291.93333333333334,7.12,39.66327666666667,-92.99525,229.8,976.6666666666666
088,2026-02-17,2026-02-17 11:48:57,6.733666666666666,5.5423333333333336,11.53,91.6,3.816666666666667,0.3066666666666667,7.056666666666667,NA,0.08,175.96666666666667,114,292,7.12,39.66328,-92.99525,229.83333333333337,976.6666666666666
088,2026-02-17,2026-02-17 11:49:00,6.770333333333333,5.5456666666666665,11.526666666666666,91.6,4.206666666666667,0.36,5.9366666666666665,NA,0.08,176,114,292.1,7.12,39.66328,-92.99525,230.03333333333333,976.5333333333332
088,2026-02-17,2026-02-17 11:49:03,6.793333333333333,5.546333333333333,11.52,91.5,4.2,0.32,6.293333333333333,NA,0.08,175.83333333333334,114,292.2,7.12,39.66328,-92.99525333333334,230.03333333333333,976.6666666666666
088,2026-02-17,2026-02-17 11:49:06,6.819,5.547666666666667,11.52,91.53333333333332,4.263333333333334,0.3566666666666667,7.99,NA,0.08,176,114,292.23333333333335,7.12,39.66328,-92.99525333333334,230.1,976.4888888888888
088,2026-02-17,2026-02-17 11:49:09,6.845666666666666,5.549333333333333,11.52,91.5,4.003333333333334,0.3233333333333333,8.15,NA,0.08,176.03333333333333,114,292.3333333333333,7.11,39.66328,-92.99526,230.26666666666668,976.622222222222
088,2026-02-17,2026-02-17 11:49:12,6.895666666666666,5.548,11.516666666666666,91.5,3.9,0.31333333333333335,7.026666666666666,NA,0.08,176,114,292.4,7.11,39.66328,-92.99526,229.9,976.5777777777778
088,2026-02-17,2026-02-17 11:49:15,6.9543333333333335,5.546,11.51,91.5,3.7,0.3,7.55,NA,0.08,175.96666666666667,114,292.5,7.11,39.66328,-92.99526,229.96666666666667,976.5777777777778
088,2026-02-17,2026-02-17 11:49:18,6.998666666666667,5.5456666666666665,11.51,91.5,3.8833333333333337,0.30333333333333334,7.69,NA,0.08,175.93333333333334,114,292.6,7.11,39.66328,-92.99526,230.13333333333333,976.5333333333332
088,2026-02-17,2026-02-17 11:49:21,7.025666666666667,5.544,11.51,91.4,3.76,0.16666666666666669,7.776666666666666,NA,0.08,175.86666666666667,114,292.6333333333333,7.11,39.66327,-92.99527,230.4,976.622222222222
088,2026-02-17,2026-02-17 11:49:24,7.073,5.541333333333333,11.51,91.4,3.54,0.16,5.86,NA,0.08,175.9,114,292.7,7.11,39.66327,-92.99527,230.36666666666667,976.6666666666666
088,2026-02-17,2026-02-17 11:49:27,7.10175,5.545,11.505,91.4,3.225,0.1925,7.1625,NA,0.08,175.975,114,292.775,7.1025,39.6632625,-92.99527,230.7,976.6666666666666
088,2026-02-17,2026-02-17 11:49:30,7.145,5.544666666666667,11.5,91.4,3.2266666666666666,0.22,7.2,NA,0.08,175.8,114,292.8,7.1,39.66325666666667,-92.99527,230.93333333333337,976.6666666666666
088,2026-02-17,2026-02-17 11:49:33,7.201,5.540333333333334,11.503333333333334,91.4,3.2033333333333336,0.17333333333333334,7.07,NA,0.08,175.9,114,292.8666666666667,7.1,39.66325,-92.99527,231.46666666666667,976.6666666666666
088,2026-02-17,2026-02-17 11:49:36,7.277666666666667,5.542,11.5,91.4,3.21,0.15333333333333332,7.403333333333333,NA,0.08,176,114,292.9,7.1,39.66325,-92.99527,231.6,976.7111111111112
088,2026-02-17,2026-02-17 11:49:39,7.344666666666667,5.545,11.5,91.4,3.243333333333333,0.11,7.616666666666666,NA,0.08,175.93333333333334,114,292.9,7.1,39.66325,-92.99527,231.7,976.6666666666666
088,2026-02-17,2026-02-17 11:49:42,7.405333333333333,5.545,11.5,91.4,3.5,0.17,8.466666666666667,NA,0.08,175.93333333333334,114,292.96666666666664,7.1,39.66325,-92.99527,231.76666666666668,976.7111111111112
088,2026-02-17,2026-02-17 11:49:45,7.458,5.545,11.5,91.36666666666667,3.89,0.2866666666666667,8.066666666666666,NA,0.08,175.83333333333334,114,293,7.1,39.66325,-92.99526666666668,231.73333333333335,976.6666666666666
088,2026-02-17,2026-02-17 11:49:54,7.499,5.537,11.5,91.3,4.196666666666666,0.31333333333333335,5.333333333333334,NA,0.08,176.03333333333333,114,293.1,7.1,39.66325,-92.99527,231.66666666666663,976.7111111111112
088,2026-02-17,2026-02-17 11:49:57,7.521666666666667,5.535666666666667,11.5,91.3,4.596666666666667,0.4633333333333333,5.0633333333333335,NA,0.08,175.96666666666667,114,293.1,7.1,39.66325666666667,-92.99527,231.76666666666668,976.7555555555556
088,2026-02-17,2026-02-17 11:50:00,7.611333333333333,5.533333333333333,11.49,91.3,4.28,0.42666666666666664,5.266666666666667,NA,0.08,175.96666666666667,114,293.1,7.1,39.66326,-92.99527,231.43333333333337,976.7555555555556
088,2026-02-17,2026-02-17 11:50:03,7.752666666666666,5.531333333333333,11.49,91.23333333333332,4.443333333333333,0.5366666666666666,10.076666666666666,NA,0.08,175.93333333333334,114,293.1,7.096666666666667,39.66326,-92.99527333333332,230.9,976.7111111111112
088,2026-03-19,2026-03-19 11:09:27,0.078,9.851,11.15,98.4,2.27,0.79,8.09,NA,0.09,180.2,117,221.2,8.11,39.66314,-92.99522,230.5,988.2666666666668
088,2026-03-19,2026-03-19 11:09:32,0.151,9.7,11.26,99.2,2.47,0.9,8.56,NA,0.08,177.7,116,223,8.08,39.66314,-92.99521,231.2,988.2666666666668
088,2026-03-19,2026-03-19 11:09:33,0.196,9.666,11.29,99.3,2.51,0.95,8.48,NA,0.08,176.9,115,223.4,8.07,39.66314,-92.99521,231.4,988.2666666666668
088,2026-03-19,2026-03-19 11:09:34,0.229,9.688,11.31,99.5,2.47,0.98,8.58,NA,0.08,176.4,115,223.5,8.07,39.66314,-92.99522,231.3,988.2666666666668
088,2026-03-19,2026-03-19 11:09:35,0.25,9.699,11.33,99.7,2.48,0.96,8.72,NA,0.08,176.4,115,223.8,8.06,39.66314,-92.99522,230.9,988.2666666666668
088,2026-03-19,2026-03-19 11:09:36,0.292,9.678,11.34,99.8,2.51,0.91,8.71,NA,0.08,176.2,115,224.2,8.05,39.66314,-92.99522,230.7,988.1333333333332
088,2026-03-19,2026-03-19 11:09:37,0.361,9.658,11.36,99.9,2.47,0.9,8.63,NA,0.08,176,114,224.6,8.05,39.66314,-92.99522,230.5,988.2666666666668
088,2026-03-19,2026-03-19 11:09:38,0.384,9.664,11.38,100.1,2.55,0.91,8.72,NA,0.08,175.9,114,224.8,8.04,39.66314,-92.99522,230.4,988.2666666666668
088,2026-03-19,2026-03-19 11:09:39,0.449,9.648,11.38,100.1,2.59,0.94,8.91,NA,0.08,175.6,114,225.1,8.04,39.66314,-92.99522,230.6,988.1333333333332
088,2026-03-19,2026-03-19 11:09:40,0.475,9.616,11.38,100,2.59,0.95,9.05,NA,0.08,175.5,114,225.4,8.03,39.66314,-92.99522,230.5,988.2666666666668
088,2026-03-19,2026-03-19 11:09:41,0.503,9.566,11.39,100,2.64,0.96,9.2,NA,0.08,175.7,114,225.9,8.02,39.66314,-92.99522,230.6,988.2666666666668
088,2026-03-19,2026-03-19 11:09:42,0.53,9.402,11.35,99.4,2.63,0.92,8.87,NA,0.08,176.1,114,226,8.02,39.66314,-92.99522,230.5,988.2666666666668
088,2026-03-19,2026-03-19 11:09:43,0.614,9.102,11.39,99.2,2.59,0.87,8.42,NA,0.08,176.4,115,226.3,8.02,39.66314,-92.99522,230.6,988.2666666666668
088,2026-03-19,2026-03-19 11:09:44,0.647,8.974,11.46,99.3,2.52,0.81,8.29,NA,0.08,176.5,115,226.7,8.02,39.66314,-92.99522,230.6,988.2666666666668
088,2026-03-19,2026-03-19 11:09:45,0.683,8.911,11.5,99.4,2.48,0.72,7.95,NA,0.08,176.3,115,227.1,8.01,39.66314,-92.99522,230.5,988.1333333333332
088,2026-03-19,2026-03-19 11:09:46,0.75,8.825,11.48,99.1,2.29,0.62,7.22,NA,0.08,176,114,227.5,8,39.66314,-92.99522,230.4,988.2666666666668
088,2026-03-19,2026-03-19 11:09:47,0.802,8.674,11.47,98.7,2.08,0.57,6.31,NA,0.08,176.2,115,227.9,7.99,39.66314,-92.99522,230.4,988.1333333333332
088,2026-03-19,2026-03-19 11:09:48,0.848,8.588,11.47,98.4,2.01,0.54,5.7,NA,0.08,176.2,115,228.3,7.98,39.66314,-92.99522,230.3,988.1333333333332
088,2026-03-19,2026-03-19 11:09:49,0.893,8.548,11.45,98.1,2.02,0.52,6.27,NA,0.08,176.6,115,228.7,7.97,39.66314,-92.99523,230.2,988.2666666666668
088,2026-03-19,2026-03-19 11:09:50,0.944,8.397,11.43,97.7,1.96,0.53,6.62,NA,0.08,177.2,115,229,7.96,39.66314,-92.99523,230.3,988.1333333333332
088,2026-03-19,2026-03-19 11:09:51,1.01,8.233,11.44,97.3,1.88,0.46,6.18,NA,0.08,177,115,229.4,7.95,39.66314,-92.99522,230.2,988.2666666666668
088,2026-03-19,2026-03-19 11:09:52,1.038,8.24,11.46,97.3,1.9,0.41,5.69,NA,0.08,176.7,115,229.7,7.94,39.66314,-92.99522,230.3,988.1333333333332
088,2026-03-19,2026-03-19 11:09:53,1.104,8.216,11.45,97.3,1.91,0.38,5.37,NA,0.08,176.5,115,229.9,7.93,39.66314,-92.99522,230.4,988.2666666666668
088,2026-03-19,2026-03-19 11:09:54,1.181,8.157,11.37,96.5,1.8,0.4,5.23,NA,0.08,176.4,115,230.3,7.91,39.66314,-92.99523,230.2,988.2666666666668
088,2026-03-19,2026-03-19 11:09:55,1.213,8.024,11.33,96,1.71,0.42,4.92,NA,0.08,176.8,115,230.6,7.9,39.66314,-92.99522,230.3,988.1333333333332
088,2026-03-19,2026-03-19 11:09:56,1.244,7.993,11.32,95.6,1.72,0.38,4.95,NA,0.08,176.7,115,231,7.89,39.66314,-92.99522,230.4,988.1333333333332
088,2026-03-19,2026-03-19 11:09:57,1.271,8.001,11.29,95.4,1.7,0.39,4.95,NA,0.08,176.6,115,231.2,7.88,39.66314,-92.99522,230.3,988.2666666666668
088,2026-03-19,2026-03-19 11:09:58,1.339,7.91,11.24,94.8,1.62,0.4,4.59,NA,0.08,176.5,115,231.2,7.88,39.66313,-92.99522,230.4,988.1333333333332
088,2026-03-19,2026-03-19 11:09:59,1.376,7.804,11.21,94.3,1.59,0.38,4.35,NA,0.08,176.6,115,231.5,7.87,39.66313,-92.99522,230.5,988.2666666666668
088,2026-03-19,2026-03-19 11:10:00,1.433,7.726,11.16,93.7,1.54,0.38,4.31,NA,0.08,176.8,115,231.7,7.86,39.66313,-92.99522,230.6,988.2666666666668
088,2026-03-19,2026-03-19 11:10:01,1.466,7.662,11.12,93.3,1.5,0.38,4.26,NA,0.08,176.9,115,232,7.85,39.66313,-92.99522,230.7,988.1333333333332
088,2026-03-19,2026-03-19 11:10:02,1.52,7.643,11.08,92.8,1.47,0.41,4.45,NA,0.08,176.5,115,232.3,7.84,39.66313,-92.99522,230.4,988.2666666666668
088,2026-03-19,2026-03-19 11:10:03,1.552,7.632,11.05,92.5,1.46,0.36,4.59,NA,0.08,176.1,114,232.6,7.83,39.66313,-92.99522,230.5,988.1333333333332
088,2026-03-19,2026-03-19 11:10:04,1.635,7.609,10.98,91.9,1.51,0.36,4.28,NA,0.08,176.1,114,232.7,7.82,39.66313,-92.99522,230.4,988.1333333333332
088,2026-03-19,2026-03-19 11:10:05,1.658,7.59,10.94,91.5,1.54,0.41,4.35,NA,0.08,176.2,115,233,7.82,39.66313,-92.99522,230.4,988.2666666666668
088,2026-03-19,2026-03-19 11:10:06,1.7,7.592,10.89,91,1.56,0.42,4.84,NA,0.08,176.4,115,233.3,7.81,39.66313,-92.99522,230.4,988.2666666666668
088,2026-03-19,2026-03-19 11:10:07,1.748,7.592,10.85,90.8,1.61,0.42,4.65,NA,0.08,176.4,115,233.5,7.8,39.66313,-92.99522,230.2,988.2666666666668
088,2026-03-19,2026-03-19 11:10:08,1.793,7.566,10.82,90.5,1.56,0.44,4.26,NA,0.08,176.4,115,233.7,7.8,39.66313,-92.99523,230.2,988.1333333333332
088,2026-03-19,2026-03-19 11:10:10,1.845,7.511,10.77,89.9,1.47,0.41,4.07,NA,0.08,176.3,115,234.1,7.78,39.66312,-92.99523,230,988.2666666666668
088,2026-03-19,2026-03-19 11:10:11,1.903,7.507,10.74,89.6,1.42,0.43,4.19,NA,0.08,176.2,115,234.3,7.78,39.66312,-92.99523,229.7,988.1333333333332
088,2026-03-19,2026-03-19 11:10:12,1.929,7.51,10.69,89.2,1.46,0.44,4.25,NA,0.08,176.3,115,234.4,7.77,39.66312,-92.99523,229.9,988.2666666666668
088,2026-03-19,2026-03-19 11:10:14,1.986,7.536,10.61,88.6,1.46,0.41,4.19,NA,0.08,176.1,114,234.8,7.76,39.66311,-92.99523,229.6,988.2666666666668
088,2026-03-19,2026-03-19 11:10:15,2.016,7.535,10.58,88.4,1.47,0.45,4.18,NA,0.08,175.9,114,235,7.75,39.66311,-92.99523,229.5,988.2666666666668
088,2026-03-19,2026-03-19 11:10:16,2.052,7.514,10.55,88.1,1.49,0.47,4.1,NA,0.08,175.9,114,235.2,7.74,39.66311,-92.99523,229.6,988.1333333333332
088,2026-03-19,2026-03-19 11:10:17,2.078,7.499,10.54,87.9,1.48,0.46,3.82,NA,0.08,175.9,114,235.5,7.73,39.66311,-92.99523,229.4,988.2666666666668
088,2026-03-19,2026-03-19 11:10:18,2.14,7.493,10.52,87.8,1.44,0.47,3.79,NA,0.08,175.9,114,235.7,7.73,39.66311,-92.99523,229.4,988.2666666666668
088,2026-03-19,2026-03-19 11:10:19,2.177,7.486,10.51,87.7,1.41,0.49,3.77,NA,0.08,176,114,235.9,7.72,39.66311,-92.99523,229.7,988.2666666666668
088,2026-03-19,2026-03-19 11:10:20,2.222,7.474,10.48,87.4,1.41,0.54,3.73,NA,0.08,176,114,236.1,7.72,39.66311,-92.99523,229.9,988.2666666666668
088,2026-03-19,2026-03-19 11:10:21,2.308,7.466,10.46,87.2,1.4,0.51,3.85,NA,0.08,176,114,236.2,7.71,39.66311,-92.99524,229.9,988.2666666666668
088,2026-03-19,2026-03-19 11:10:22,2.376,7.464,10.45,87.1,1.4,0.47,3.87,NA,0.08,176,114,236.5,7.7,39.66311,-92.99524,229.8,988
088,2026-03-19,2026-03-19 11:10:23,2.422,7.463,10.43,87,1.41,0.49,3.92,NA,0.08,176,114,237,7.69,39.66311,-92.99523,229.8,988.2666666666668
088,2026-03-19,2026-03-19 11:10:24,2.524,7.458,10.41,86.8,1.38,0.5,3.93,NA,0.08,176,114,237.6,7.68,39.66311,-92.99523,230,988.2666666666668
088,2026-03-19,2026-03-19 11:10:25,2.58,7.461,10.4,86.7,1.42,0.5,3.9,NA,0.08,176,114,238.1,7.67,39.66311,-92.99523,229.8,988.2666666666668
088,2026-03-19,2026-03-19 11:10:28,2.676,7.451,10.35,86.3,1.43,0.51,4.34,NA,0.08,176,114,240.1,7.63,39.6631,-92.99522,229.2,988.2666666666668
088,2026-03-19,2026-03-19 11:10:29,2.713,7.453,10.34,86.2,1.39,0.56,4.17,NA,0.08,176.3,115,240.7,7.62,39.6631,-92.99522,228.9,988.2666666666668
088,2026-03-19,2026-03-19 11:10:30,2.767,7.447,10.32,86,1.33,0.53,4.21,NA,0.08,176.3,115,241.2,7.61,39.6631,-92.99522,228.9,988.2666666666668
088,2026-03-19,2026-03-19 11:10:31,2.813,7.444,10.31,85.9,1.37,0.53,4.34,NA,0.08,176.2,115,241.7,7.6,39.6631,-92.99522,228.9,988.1333333333332
088,2026-03-19,2026-03-19 11:10:32,2.866,7.446,10.3,85.8,1.39,0.53,4.25,NA,0.08,176.1,114,242.3,7.59,39.6631,-92.99522,229.1,988.2666666666668
088,2026-03-19,2026-03-19 11:10:33,2.922,7.45,10.28,85.7,1.38,0.5,4.4,NA,0.08,176.1,114,242.8,7.58,39.6631,-92.99522,229,988.2666666666668
088,2026-03-19,2026-03-19 11:10:35,2.995,7.442,10.26,85.5,1.35,0.51,3.77,NA,0.08,176,114,243.6,7.56,39.6631,-92.99523,229.1,988.2666666666668
088,2026-03-19,2026-03-19 11:10:36,3.119,7.427,10.25,85.4,1.32,0.52,3.55,NA,0.08,176.1,114,244,7.55,39.6631,-92.99523,229.1,988
088,2026-03-19,2026-03-19 11:10:37,3.16,7.427,10.25,85.4,1.4,0.52,3.69,NA,0.08,176.2,115,244.3,7.54,39.66309,-92.99523,229,988.1333333333332
088,2026-03-19,2026-03-19 11:10:38,3.194,7.427,10.24,85.3,1.36,0.49,3.79,NA,0.08,176.2,115,244.7,7.53,39.66309,-92.99523,229,988.2666666666668
088,2026-03-19,2026-03-19 11:10:39,3.267,7.418,10.23,85.2,1.34,0.48,3.6,NA,0.08,176.2,115,245.1,7.53,39.66309,-92.99523,229,988.2666666666668
088,2026-03-19,2026-03-19 11:10:40,3.382,7.404,10.21,85,1.35,0.48,3.36,NA,0.08,176.4,115,245.4,7.52,39.66309,-92.99523,228.6,988.2666666666668
088,2026-03-19,2026-03-19 11:10:41,3.447,7.389,10.2,84.9,1.31,0.49,3.3,NA,0.08,176.7,115,245.7,7.51,39.66309,-92.99523,228.5,988.2666666666668
088,2026-03-19,2026-03-19 11:10:42,3.494,7.385,10.19,84.8,1.31,0.48,3.33,NA,0.08,176.7,115,246,7.5,39.66309,-92.99523,228.7,988.2666666666668
088,2026-03-19,2026-03-19 11:10:43,3.54,7.383,10.18,84.7,1.31,0.44,3.28,NA,0.08,176.5,115,246.4,7.5,39.66309,-92.99523,228.8,988.1333333333332
088,2026-03-19,2026-03-19 11:10:44,3.569,7.381,10.16,84.5,1.28,0.48,3.33,NA,0.08,176.5,115,246.6,7.49,39.66309,-92.99523,228.8,988.1333333333332
088,2026-03-19,2026-03-19 11:10:45,3.61,7.378,10.15,84.5,1.25,0.46,3.63,NA,0.08,176.6,115,246.8,7.49,39.66309,-92.99523,228.6,988.2666666666668
088,2026-03-19,2026-03-19 11:10:46,3.666,7.375,10.14,84.3,1.23,0.43,3.84,NA,0.08,176.7,115,247.1,7.48,39.66309,-92.99523,228.2,988.2666666666668
088,2026-03-19,2026-03-19 11:10:47,3.695,7.375,10.13,84.2,1.3,0.49,3.64,NA,0.08,176.7,115,247.3,7.48,39.66309,-92.99523,228.1,988.1333333333332
088,2026-03-19,2026-03-19 11:10:48,3.715,7.378,10.12,84.2,1.35,0.5,3.53,NA,0.08,176.7,115,247.6,7.47,39.66309,-92.99523,227.9,988.2666666666668
088,2026-03-19,2026-03-19 11:10:49,3.812,7.377,10.1,84.1,1.31,0.5,3.73,NA,0.08,176.6,115,247.9,7.47,39.66309,-92.99523,227.9,988.2666666666668
088,2026-03-19,2026-03-19 11:10:50,3.837,7.376,10.09,83.9,1.38,0.47,3.79,NA,0.08,176.6,115,248.2,7.46,39.66309,-92.99523,227.7,988.2666666666668
088,2026-03-19,2026-03-19 11:10:51,3.869,7.376,10.08,83.8,1.37,0.42,3.61,NA,0.08,176.5,115,248.4,7.46,39.66309,-92.99523,227.8,988.2666666666668
088,2026-03-19,2026-03-19 11:10:52,3.919,7.378,10.07,83.7,1.28,0.42,3.54,NA,0.08,176.4,115,248.5,7.45,39.66309,-92.99523,227.8,988.2666666666668
088,2026-03-19,2026-03-19 11:10:53,3.94,7.377,10.06,83.7,1.29,0.43,3.74,NA,0.08,176.5,115,248.7,7.45,39.66309,-92.99523,227.8,988.2666666666668
088,2026-03-19,2026-03-19 11:10:54,3.974,7.378,10.04,83.6,1.35,0.44,3.72,NA,0.08,176.5,115,248.9,7.45,39.66309,-92.99523,227.9,988.1333333333332
088,2026-03-19,2026-03-19 11:10:55,4.008,7.385,10.04,83.5,1.37,0.48,3.79,NA,0.08,176.6,115,249,7.44,39.66309,-92.99523,227.8,988.1333333333332
088,2026-03-19,2026-03-19 11:10:56,4.064,7.384,10.03,83.4,1.42,0.5,3.98,NA,0.08,176.7,115,249.3,7.44,39.66308,-92.99523,227.8,988.1333333333332
088,2026-03-19,2026-03-19 11:10:57,4.098,7.376,10.02,83.3,1.44,0.45,3.8,NA,0.08,176.7,115,249.5,7.43,39.66308,-92.99523,227.7,988.2666666666668
088,2026-03-19,2026-03-19 11:10:58,4.161,7.372,10.01,83.3,1.34,0.44,3.57,NA,0.08,176.7,115,249.7,7.43,39.66308,-92.99523,227.7,988.2666666666668
088,2026-03-19,2026-03-19 11:10:59,4.2,7.368,10,83.2,1.3,0.46,3.4,NA,0.08,176.8,115,249.8,7.43,39.66308,-92.99524,227.6,988.1333333333332
088,2026-03-19,2026-03-19 11:11:00,4.27,7.366,10,83.1,1.31,0.46,3.48,NA,0.08,176.7,115,250,7.42,39.66308,-92.99524,227.6,988.1333333333332
088,2026-03-19,2026-03-19 11:11:02,4.297,7.368,9.98,83,1.27,0.41,3.58,NA,0.08,176.4,115,250.4,7.42,39.66308,-92.99524,227.2,988.2666666666668
088,2026-03-19,2026-03-19 11:11:03,4.551,7.363,9.97,82.9,1.17,0.38,3.35,NA,0.08,176.3,115,250.7,7.41,39.66308,-92.99524,227.2,988.2666666666668
088,2026-03-19,2026-03-19 11:11:04,4.646,7.362,9.97,82.9,1.19,0.42,3.42,NA,0.08,176.4,115,250.9,7.41,39.66308,-92.99524,227.1,988.2666666666668
088,2026-03-19,2026-03-19 11:11:05,4.687,7.363,9.96,82.8,1.24,0.48,3.31,NA,0.08,176.5,115,251,7.4,39.66308,-92.99524,226.9,988.1333333333332
088,2026-03-19,2026-03-19 11:11:06,4.768,7.363,9.96,82.8,1.26,0.46,3.33,NA,0.08,176.6,115,251.2,7.4,39.66308,-92.99525,226.7,988.1333333333332
088,2026-03-19,2026-03-19 11:11:07,4.843,7.364,9.96,82.8,1.35,0.49,3.64,NA,0.08,176.6,115,251.3,7.4,39.66308,-92.99525,226.8,988.2666666666668
088,2026-03-19,2026-03-19 11:11:08,4.879,7.365,9.96,82.8,1.42,0.54,3.95,NA,0.08,176.5,115,251.4,7.4,39.66308,-92.99525,226.7,988.2666666666668
088,2026-03-19,2026-03-19 11:11:09,4.923,7.364,9.95,82.8,1.32,0.52,3.74,NA,0.08,176.5,115,251.5,7.39,39.66308,-92.99525,226.6,988.2666666666668
088,2026-03-19,2026-03-19 11:11:10,4.991,7.363,9.95,82.7,1.32,0.51,3.77,NA,0.08,176.5,115,251.6,7.39,39.66308,-92.99525,226.7,988.2666666666668
088,2026-03-19,2026-03-19 11:11:11,5.051,7.365,9.94,82.7,1.37,0.54,3.95,NA,0.08,176.4,115,251.7,7.39,39.66308,-92.99525,226.7,988.2666666666668
088,2026-03-19,2026-03-19 11:11:12,5.077,7.368,9.94,82.6,1.32,0.57,4.18,NA,0.08,176.4,115,251.8,7.39,39.66308,-92.99525,226.7,988.1333333333332
088,2026-03-19,2026-03-19 11:11:13,5.132,7.368,9.93,82.6,1.31,0.5,3.91,NA,0.08,176.6,115,252,7.39,39.66308,-92.99525,226.7,988.1333333333332
088,2026-03-19,2026-03-19 11:11:14,5.182,7.368,9.93,82.6,1.33,0.45,3.81,NA,0.08,176.6,115,252.1,7.38,39.66308,-92.99525,226.6,988.2666666666668
088,2026-03-19,2026-03-19 11:11:15,5.242,7.367,9.93,82.6,1.33,0.5,3.88,NA,0.08,176.7,115,252.2,7.38,39.66308,-92.99525,226.7,988.2666666666668
088,2026-03-19,2026-03-19 11:11:16,5.3,7.364,9.93,82.5,1.34,0.55,3.67,NA,0.08,176.7,115,252.3,7.38,39.66308,-92.99525,226.7,988.2666666666668
088,2026-03-19,2026-03-19 11:11:17,5.395,7.365,9.92,82.5,1.33,0.54,3.55,NA,0.08,176.5,115,252.4,7.38,39.66307,-92.99525,226.8,988.2666666666668
088,2026-03-19,2026-03-19 11:11:18,5.435,7.364,9.92,82.5,1.35,0.56,3.49,NA,0.08,176.5,115,252.6,7.37,39.66307,-92.99525,226.6,988.1333333333332
088,2026-03-19,2026-03-19 11:11:19,5.508,7.361,9.92,82.5,1.37,0.6,3.65,NA,0.08,176.5,115,252.7,7.37,39.66307,-92.99525,226.5,988.1333333333332
088,2026-03-19,2026-03-19 11:11:20,5.557,7.361,9.92,82.5,1.36,0.6,3.56,NA,0.08,176.5,115,252.8,7.37,39.66307,-92.99525,226.6,988.2666666666668
088,2026-03-19,2026-03-19 11:11:21,5.641,7.361,9.92,82.5,1.37,0.6,3.64,NA,0.08,176.4,115,252.9,7.37,39.66307,-92.99525,226.6,988.1333333333332
088,2026-03-19,2026-03-19 11:11:22,5.703,7.362,9.91,82.4,1.36,0.58,3.8,NA,0.08,176.6,115,253.1,7.36,39.66307,-92.99525,226.8,988.1333333333332
088,2026-03-19,2026-03-19 11:11:23,5.752,7.364,9.91,82.4,1.36,0.56,3.78,NA,0.08,176.5,115,253.2,7.36,39.66307,-92.99525,226.9,988.2666666666668
088,2026-03-19,2026-03-19 11:11:24,5.803,7.365,9.91,82.4,1.35,0.58,3.71,NA,0.08,176.3,115,253.3,7.36,39.66307,-92.99525,226.9,988.2666666666668
088,2026-03-19,2026-03-19 11:11:25,5.838,7.366,9.91,82.4,1.37,0.58,3.62,NA,0.08,176.5,115,253.4,7.36,39.66307,-92.99525,226.9,988.1333333333332
088,2026-03-19,2026-03-19 11:11:27,5.906,7.364,9.91,82.4,1.39,0.59,3.63,NA,0.08,176.7,115,253.6,7.36,39.66307,-92.99525,227.3,988.1333333333332
088,2026-03-19,2026-03-19 11:11:28,5.932,7.363,9.91,82.4,1.4,0.64,3.87,NA,0.08,176.8,115,253.7,7.35,39.66307,-92.99525,227.5,988.2666666666668
088,2026-03-19,2026-03-19 11:11:29,5.957,7.365,9.9,82.4,1.37,0.62,4.09,NA,0.08,176.7,115,253.8,7.35,39.66307,-92.99525,227.3,988.2666666666668
088,2026-03-19,2026-03-19 11:11:30,5.977,7.364,9.9,82.4,1.35,0.59,4.4,NA,0.08,176.6,115,253.9,7.35,39.66307,-92.99525,227.4,988.2666666666668
088,2026-03-19,2026-03-19 11:11:31,6.013,7.362,9.9,82.3,1.32,0.55,4.28,NA,0.08,176.7,115,254,7.35,39.66307,-92.99525,227.4,988.1333333333332
088,2026-03-19,2026-03-19 11:11:32,6.067,7.361,9.89,82.3,1.28,0.53,3.99,NA,0.08,176.7,115,254.1,7.35,39.66307,-92.99525,227.4,988.1333333333332
088,2026-03-19,2026-03-19 11:11:33,6.109,7.36,9.9,82.3,1.27,0.55,3.77,NA,0.08,176.6,115,254.2,7.34,39.66307,-92.99525,227.4,988.1333333333332
088,2026-03-19,2026-03-19 11:11:34,6.134,7.361,9.9,82.3,1.27,0.58,3.76,NA,0.08,176.7,115,254.3,7.34,39.66307,-92.99525,227.5,988.1333333333332
088,2026-03-19,2026-03-19 11:11:35,6.165,7.359,9.9,82.3,1.28,0.58,3.75,NA,0.08,176.7,115,254.4,7.34,39.66307,-92.99525,227.4,988.2666666666668
088,2026-03-19,2026-03-19 11:11:36,6.224,7.357,9.9,82.3,1.29,0.58,3.71,NA,0.08,176.5,115,254.5,7.34,39.66307,-92.99525,227.1,988.2666666666668
088,2026-03-19,2026-03-19 11:11:37,6.268,7.36,9.9,82.3,1.32,0.58,3.71,NA,0.08,176.5,115,254.6,7.34,39.66307,-92.99525,226.9,988.1333333333332
088,2026-03-19,2026-03-19 11:11:38,6.313,7.359,9.89,82.3,1.31,0.58,3.62,NA,0.08,176.5,115,254.7,7.33,39.66307,-92.99525,227,988.2666666666668
088,2026-03-19,2026-03-19 11:11:39,6.341,7.359,9.89,82.3,1.3,0.55,3.53,NA,0.08,176.7,115,254.8,7.33,39.66307,-92.99525,226.9,988.1333333333332
088,2026-03-19,2026-03-19 11:11:40,6.396,7.36,9.89,82.2,1.33,0.54,3.82,NA,0.08,176.6,115,254.9,7.33,39.66307,-92.99525,226.9,988.1333333333332
088,2026-03-19,2026-03-19 11:11:41,6.464,7.361,9.89,82.2,1.33,0.57,3.84,NA,0.08,176.5,115,255,7.33,39.66307,-92.99525,226.6,988.1333333333332
088,2026-03-19,2026-03-19 11:11:42,6.506,7.361,9.89,82.2,1.39,0.57,3.7,NA,0.08,176.6,115,255.1,7.33,39.66307,-92.99526,226.6,988.2666666666668
088,2026-03-19,2026-03-19 11:11:44,6.551,7.36,9.88,82.2,1.41,0.54,3.46,NA,0.08,176.7,115,255.3,7.33,39.66307,-92.99526,226.6,988.2666666666668
088,2026-03-19,2026-03-19 11:11:45,6.654,7.359,9.88,82.2,1.36,0.52,3.47,NA,0.08,176.8,115,255.5,7.32,39.66307,-92.99526,226.5,988.2666666666668
088,2026-03-19,2026-03-19 11:11:46,6.76,7.359,9.88,82.2,1.34,0.5,3.34,NA,0.08,176.8,115,255.6,7.32,39.66307,-92.99526,226.4,988.2666666666668
088,2026-03-19,2026-03-19 11:11:47,6.782,7.36,9.88,82.2,1.35,0.52,3.46,NA,0.08,176.7,115,255.6,7.32,39.66307,-92.99526,226.4,988.1333333333332
088,2026-03-19,2026-03-19 11:11:48,6.844,7.36,9.88,82.2,1.39,0.53,3.45,NA,0.08,176.6,115,255.7,7.32,39.66307,-92.99526,226.3,988.1333333333332
088,2026-03-19,2026-03-19 11:11:49,6.905,7.357,9.88,82.1,1.37,0.53,3.42,NA,0.08,176.7,115,255.8,7.32,39.66307,-92.99526,226.7,988.2666666666668
088,2026-03-19,2026-03-19 11:11:50,6.947,7.356,9.88,82.1,1.41,0.51,3.53,NA,0.08,176.7,115,255.8,7.32,39.66307,-92.99526,227,988.2666666666668
088,2026-03-19,2026-03-19 11:11:51,6.984,7.356,9.88,82.1,1.43,0.51,3.46,NA,0.08,176.6,115,255.9,7.32,39.66307,-92.99526,227.1,988.2666666666668
088,2026-03-19,2026-03-19 11:11:52,7.029,7.356,9.87,82.1,1.43,0.47,3.45,NA,0.08,176.5,115,256,7.32,39.66307,-92.99526,227.2,988.2666666666668
088,2026-03-19,2026-03-19 11:11:53,7.09,7.356,9.87,82.1,1.49,0.5,3.39,NA,0.08,176.5,115,256,7.32,39.66307,-92.99526,227.2,988.1333333333332
088,2026-03-19,2026-03-19 11:11:54,7.136,7.355,9.87,82,1.43,0.54,3.52,NA,0.08,176.6,115,256.1,7.32,39.66307,-92.99526,227.1,988.1333333333332
088,2026-03-19,2026-03-19 11:11:55,7.188,7.355,9.87,82,1.37,0.53,3.61,NA,0.08,176.6,115,256.1,7.32,39.66307,-92.99526,227.4,988.2666666666668
088,2026-03-19,2026-03-19 11:11:56,7.249,7.358,9.87,82,1.36,0.52,3.77,NA,0.08,176.5,115,256.2,7.32,39.66307,-92.99526,227.2,988.2666666666668
088,2026-03-19,2026-03-19 11:11:57,7.299,7.36,9.87,82,1.42,0.52,4.05,NA,0.08,176.5,115,256.3,7.32,39.66307,-92.99526,227,988.2666666666668
088,2026-03-19,2026-03-19 11:11:58,7.365,7.361,9.87,82,1.35,0.52,3.96,NA,0.08,176.5,115,256.4,7.31,39.66306,-92.99526,227.1,988.1333333333332
088,2026-03-19,2026-03-19 11:11:59,7.42,7.362,9.87,82,1.33,0.52,3.85,NA,0.08,176.5,115,256.5,7.31,39.66306,-92.99526,227.3,988.2666666666668
088,2026-03-19,2026-03-19 11:12:00,7.453,7.362,9.87,82,1.42,0.51,4.08,NA,0.08,176.5,115,256.6,7.31,39.66306,-92.99526,227.4,988.1333333333332
088,2026-03-19,2026-03-19 11:12:01,7.515,7.361,9.86,82,1.4,0.5,4.09,NA,0.08,176.5,115,256.6,7.31,39.66306,-92.99526,227.2,988.1333333333332
088,2026-03-19,2026-03-19 11:12:02,7.595,7.361,9.86,82,1.33,0.49,4.1,NA,0.08,176.6,115,256.7,7.31,39.66306,-92.99526,227.1,988.1333333333332
088,2026-03-19,2026-03-19 11:12:03,7.639,7.362,9.87,82.1,1.36,0.5,4.22,NA,0.08,176.6,115,256.7,7.31,39.66306,-92.99525,227.3,988.2666666666668
088,2026-03-19,2026-03-19 11:12:05,7.709,7.363,9.87,82.1,1.4,0.57,4.2,NA,0.08,176.8,115,256.9,7.31,39.66306,-92.99525,227.5,988.2666666666668
088,2026-03-19,2026-03-19 11:12:06,7.757,7.363,9.87,82.1,1.44,0.58,4.4,NA,0.08,176.7,115,256.9,7.31,39.66306,-92.99526,227.5,988.2666666666668
088,2026-03-19,2026-03-19 11:12:07,7.809,7.363,9.87,82.1,1.37,0.55,4.45,NA,0.08,176.6,115,257,7.31,39.66306,-92.99526,227.4,988.2666666666668
088,2026-03-19,2026-03-19 11:12:09,7.9,7.363,9.87,82.1,1.4,0.58,4.4,NA,0.08,176.5,115,257.2,7.31,39.66306,-92.99526,227.4,988.1333333333332
088,2026-03-19,2026-03-19 11:12:10,7.94,7.364,9.87,82.1,1.38,0.6,4.33,NA,0.08,176.4,115,257.2,7.31,39.66306,-92.99526,227.4,988.1333333333332
088,2026-03-19,2026-03-19 11:12:11,7.963,7.364,9.88,82.1,1.41,0.59,4.56,NA,0.08,176.5,115,257.2,7.31,39.66306,-92.99526,227.5,988.2666666666668
088,2026-03-19,2026-03-19 11:12:13,8.04,7.366,9.88,82.1,1.49,0.59,5.01,NA,0.08,176.6,115,257.3,7.3,39.66306,-92.99526,227.5,988.2666666666668
088,2026-03-19,2026-03-19 11:12:18,8.134,7.366,9.88,82.2,1.64,0.86,13.99,NA,0.08,176.5,115,257.6,7.3,39.66306,-92.99526,227.7,988.1333333333332
088,2026-04-14,2026-04-14 10:17:54,0.004,16.88533333333333,9.47,97.8,3.5466666666666664,1.2566666666666666,14.77,NA,0.08,176.96666666666667,115,258.5,7.56,39.66352,-92.99515333333332,238.73333333333335,980.2666666666668
088,2026-04-14,2026-04-14 10:17:57,0.032,16.843999999999998,9.546666666666669,98.5,3.58,1.2133333333333334,14.65,NA,0.08,175.5,114,258.0333333333333,7.59,39.66352,-92.99515,239.16666666666663,980.2666666666668
088,2026-04-14,2026-04-14 10:18:00,0.065,16.813666666666666,9.576666666666666,98.76666666666668,3.5733333333333333,1.18,14.053333333333333,NA,0.08,174.93333333333334,114,257.5333333333333,7.62,39.66354,-92.99514333333332,238.33333333333337,980.3111111111112
088,2026-04-14,2026-04-14 10:18:03,0.10066666666666668,16.786,9.62,99.1,3.4466666666666668,1.1866666666666663,14.323333333333334,NA,0.08,174.6,113.66666666666669,257.3333333333333,7.646666666666667,39.66356,-92.99514666666668,238.1,980.3111111111112
088,2026-04-14,2026-04-14 10:18:06,0.12833333333333333,16.793,9.64,99.33333333333331,3.34,1.1133333333333333,13.683333333333334,NA,0.08,174.66666666666666,114,257.1,7.663333333333333,39.66356333333333,-92.99513,238.6,980.3111111111112
088,2026-04-14,2026-04-14 10:18:09,0.15633333333333332,16.783666666666665,9.653333333333334,99.5,3.3433333333333333,1.2433333333333334,14.06,NA,0.08,174.56666666666666,113.33333333333331,256.9,7.68,39.66354333333333,-92.99512666666666,238.23333333333332,980.2666666666668
088,2026-04-14,2026-04-14 10:18:12,0.204,16.769,9.67,99.63333333333333,3.32,1.1933333333333334,13.97,NA,0.08,174.5,113,256.56666666666666,7.693333333333333,39.66352,-92.99513,238.53333333333333,980.3555555555556
088,2026-04-14,2026-04-14 10:18:15,0.259,16.759,9.683333333333334,99.7,3.283333333333333,1.2366666666666666,14.22,NA,0.08,174.36666666666667,113,256.3,7.706666666666667,39.66349666666667,-92.99513,238.56666666666663,980.3111111111112
088,2026-04-14,2026-04-14 10:18:18,0.2916666666666667,16.751333333333335,9.69,99.8,3.2966666666666664,1.1666666666666663,13.996666666666666,NA,0.08,174.4,113,256.06666666666666,7.72,39.66350666666667,-92.99513,238.63333333333333,980.3555555555556
088,2026-04-14,2026-04-14 10:18:21,0.3396666666666667,16.745,9.69,99.8,3.2733333333333334,1.17,13.816666666666666,NA,0.08,174.5,113,255.86666666666667,7.73,39.66343666666666,-92.99512,239.26666666666668,980.3555555555556
088,2026-04-14,2026-04-14 10:18:24,0.39233333333333337,16.738666666666667,9.696666666666664,99.8,3.2666666666666666,1.1766666666666663,14.08,NA,0.08,174.56666666666666,113.33333333333331,255.7,7.736666666666667,39.66342,-92.99509333333332,238.8,980.2666666666668
088,2026-04-14,2026-04-14 10:18:27,0.43166666666666664,16.743666666666666,9.69,99.73333333333332,3.2666666666666666,1.13,13.87,NA,0.08,174.6,113.66666666666669,255.6,7.74,39.66342,-92.99508333333334,238.76666666666665,980.3111111111112
088,2026-04-14,2026-04-14 10:18:30,0.469,16.734333333333332,9.69,99.7,3.2733333333333334,1.1733333333333331,14.19,NA,0.08,174.6,114,255.46666666666667,7.74,39.66342,-92.99508,238.8,980.3555555555556
088,2026-04-14,2026-04-14 10:18:33,0.518,16.732666666666667,9.69,99.7,3.316666666666667,1.29,14.61,NA,0.08,174.6,113.66666666666669,255.36666666666667,7.743333333333333,39.66342,-92.99507666666666,238.36666666666667,980.2666666666668
088,2026-04-14,2026-04-14 10:18:42,0.566,16.72866666666667,9.69,99.76666666666668,3.1866666666666665,1.25,13.593333333333334,NA,0.08,174.5,113,255.16666666666663,7.753333333333333,39.66343666666667,-92.9951,237.53333333333333,980.3111111111112
088,2026-04-14,2026-04-14 10:18:45,0.6133333333333333,16.731333333333332,9.69,99.76666666666668,3.22,1.28,13.703333333333331,NA,0.08,174.46666666666667,113,255.13333333333333,7.76,39.66343666666667,-92.99509666666668,237.66666666666663,980.3111111111112
088,2026-04-14,2026-04-14 10:18:48,0.6646666666666667,16.732,9.7,99.86666666666667,3.1666666666666665,1.1366666666666667,13.473333333333334,NA,0.08,174.5,113,255.56666666666663,7.75,39.66344,-92.99509333333332,237.9,980.3111111111112
088,2026-04-14,2026-04-14 10:18:51,0.697,16.732666666666667,9.71,99.9,3.1433333333333335,1.1266666666666667,13.226666666666668,NA,0.08,174.46666666666667,113,255.8,7.75,NA,NA,NA,980.3111111111112
088,2026-04-14,2026-04-14 10:18:54,0.7333333333333333,16.733,9.71,99.93333333333334,3.1133333333333333,1.22,13.736666666666666,NA,0.08,174.36666666666667,113,255.8,7.75,NA,NA,NA,980.3555555555556
088,2026-04-14,2026-04-14 10:18:57,0.773,16.72866666666667,9.72,100,3.1433333333333335,1.13,13.316666666666666,NA,0.08,174.53333333333333,113,255.6,7.76,NA,NA,NA,980.2666666666668
088,2026-04-14,2026-04-14 10:19:00,0.8453333333333333,16.733,9.72,100,3.1566666666666667,1.2333333333333334,13.123333333333331,NA,0.08,174.56666666666666,113.33333333333331,255.4,7.77,NA,NA,NA,980.3555555555556
088,2026-04-14,2026-04-14 10:19:03,0.8833333333333333,16.737333333333332,9.713333333333336,100,3.2666666666666666,1.28,13.686666666666667,NA,0.08,174.4,113,255.5,7.77,NA,NA,NA,980.4
088,2026-04-14,2026-04-14 10:19:06,0.9243333333333332,16.738333333333333,9.716666666666669,100.06666666666666,3.19,1.2433333333333334,14.086666666666666,NA,0.08,174.4,113,255.66666666666663,7.77,NA,NA,NA,980.4
088,2026-04-14,2026-04-14 10:19:09,0.951,16.74,9.72,100.06666666666666,3.11,1.18,13.753333333333334,NA,0.08,174.43333333333334,113,255.83333333333337,7.77,NA,NA,NA,980.3555555555556
088,2026-04-14,2026-04-14 10:19:12,1.0106666666666666,16.74,9.716666666666669,100.03333333333332,3.1433333333333335,1.1966666666666663,13.293333333333331,NA,0.08,174.5,113.33333333333331,255.96666666666667,7.77,NA,NA,NA,980.2666666666668
088,2026-04-14,2026-04-14 10:19:15,1.072,16.731666666666666,9.72,100,3.1866666666666665,1.2766666666666666,14.433333333333334,NA,0.08,174.56666666666666,113,256,7.77,NA,NA,NA,980.2666666666668
088,2026-04-14,2026-04-14 10:19:18,1.1056666666666666,16.719,9.716666666666669,100,3.236666666666667,1.2033333333333334,14.326666666666666,NA,0.08,174.56666666666666,113,256,7.77,NA,NA,NA,980.4
088,2026-04-14,2026-04-14 10:19:21,1.1806666666666668,16.709,9.713333333333336,99.93333333333334,3.1066666666666665,1.1466666666666667,13.316666666666666,NA,0.08,174.53333333333333,113.33333333333331,256.06666666666666,7.77,NA,NA,NA,980.2666666666668
088,2026-04-14,2026-04-14 10:19:24,1.233,16.691666666666666,9.706666666666669,99.83333333333331,3.0533333333333332,1.23,12.336666666666666,NA,0.08,174.6,113.33333333333331,256.1666666666667,7.763333333333333,NA,NA,NA,980.2666666666668
088,2026-04-14,2026-04-14 10:19:27,1.2736666666666667,16.686,9.683333333333334,99.6,3.0833333333333335,1.3033333333333337,12.496666666666666,NA,0.08,174.53333333333333,113.33333333333331,255.9,7.77,NA,NA,NA,980.2666666666668
088,2026-04-14,2026-04-14 10:19:30,1.3306666666666669,16.686666666666667,9.67,99.43333333333334,3.1166666666666667,1.2666666666666666,12.726666666666668,NA,0.08,174.53333333333333,113,255.73333333333332,7.77,NA,NA,NA,980.3555555555556
088,2026-04-14,2026-04-14 10:19:33,1.3983333333333334,16.682666666666666,9.653333333333334,99.26666666666668,3.1333333333333333,1.153333333333333,13.206666666666669,NA,0.08,174.6,113,256,7.76,NA,NA,NA,980.2666666666668
088,2026-04-14,2026-04-14 10:19:36,1.471666666666667,16.683999999999997,9.64,99.13333333333333,3.12,1.22,13.056666666666668,NA,0.08,174.53333333333333,113.33333333333331,256.23333333333335,7.76,NA,NA,NA,980.2666666666668
088,2026-04-14,2026-04-14 10:19:39,1.5373333333333334,16.683,9.63,99.06666666666666,3.223333333333333,1.27,13.173333333333334,NA,0.08,174.53333333333333,113.33333333333331,256.3666666666667,7.753333333333333,NA,NA,NA,980.2666666666668
088,2026-04-14,2026-04-14 10:19:42,1.6016666666666666,16.681666666666665,9.626666666666669,99,3.25,1.2033333333333334,12.986666666666666,NA,0.08,174.5,113.33333333333331,256.5,7.75,NA,NA,NA,980.4
088,2026-04-14,2026-04-14 10:19:45,1.6376666666666666,16.669333333333334,9.62,98.93333333333334,3.13,1.25,12.936666666666667,NA,0.08,174.56666666666666,113.33333333333331,256.56666666666666,7.75,NA,NA,NA,980.2666666666668
088,2026-04-14,2026-04-14 10:19:48,1.6796666666666666,16.664333333333335,9.616666666666664,98.86666666666667,3.0933333333333333,1.1833333333333331,13.73,NA,0.08,174.7,113.66666666666669,256.73333333333335,7.743333333333333,NA,NA,NA,980.2666666666668
088,2026-04-14,2026-04-14 10:19:51,1.7456666666666667,16.667,9.596666666666666,98.63333333333333,2.9333333333333336,1.0766666666666669,13.816666666666666,NA,0.08,174.7,113.66666666666669,256.9666666666667,7.74,NA,NA,NA,980.3111111111112
088,2026-04-14,2026-04-14 10:19:54,1.7866666666666666,16.66,9.583333333333334,98.53333333333332,2.87,1.0766666666666669,13.186666666666666,NA,0.08,174.53333333333333,113.33333333333331,257.3,7.73,NA,NA,NA,980.4
088,2026-04-14,2026-04-14 10:19:57,1.8093333333333332,16.65,9.576666666666666,98.43333333333334,2.9133333333333336,1.1833333333333331,13.436666666666666,NA,0.08,174.56666666666666,113,257.46666666666664,7.726666666666667,NA,NA,NA,980.3111111111112
088,2026-04-14,2026-04-14 10:20:00,1.8753333333333333,16.652,9.563333333333334,98.26666666666668,2.8833333333333333,1.1866666666666663,13.656666666666666,NA,0.08,174.63333333333333,114,257.56666666666666,7.72,NA,NA,NA,980.2666666666668
088,2026-04-14,2026-04-14 10:20:06,1.9706666666666668,16.648333333333333,9.536666666666664,97.96666666666668,3.1533333333333333,1.1566666666666667,13.833333333333332,NA,0.08,174.66666666666666,113.66666666666669,257.6,7.72,NA,NA,NA,980.2666666666668
088,2026-04-14,2026-04-14 10:20:09,2.011,16.651,9.526666666666666,97.9,3.05,1.14,13.47,NA,0.08,174.63333333333333,113.33333333333331,257.6,7.72,NA,NA,NA,980.3555555555556
088,2026-04-14,2026-04-14 10:20:12,2.066,16.644666666666666,9.52,97.8,3.1366666666666667,1.2466666666666666,13.613333333333332,NA,0.08,174.53333333333333,113,257.6666666666667,7.72,NA,NA,NA,980.4
088,2026-04-14,2026-04-14 10:20:15,2.1283333333333334,16.633,9.51,97.7,3.0666666666666664,1.1866666666666668,13.533333333333331,NA,0.08,174.66666666666666,114,257.7,7.713333333333333,NA,NA,NA,980.2666666666668
088,2026-04-14,2026-04-14 10:20:18,2.219,16.62666666666667,9.49,97.43333333333334,2.953333333333333,1.04,12.983333333333333,NA,0.08,174.6,113,257.8,7.71,NA,NA,NA,980.3111111111112
088,2026-04-14,2026-04-14 10:20:21,2.3286666666666664,16.626,9.47,97.26666666666668,3,1.0366666666666666,12.36,NA,0.08,174.73333333333332,114,257.8666666666667,7.71,39.66354,-92.995,230.3,980.2666666666668
088,2026-04-14,2026-04-14 10:20:24,2.4586666666666668,16.615666666666666,9.456666666666669,97.13333333333333,3.036666666666666,1.15,12.26,NA,0.08,174.66666666666666,114,258,7.7,39.66354,-92.995,229.43333333333337,980.4
088,2026-04-14,2026-04-14 10:20:27,2.5156666666666667,16.577,9.443333333333332,96.9,2.53,0.93,11.51,NA,0.08,174.7,114,258.03333333333336,7.7,39.66354,-92.99500666666668,229.53333333333333,980.4
088,2026-04-14,2026-04-14 10:20:30,2.537,16.569666666666667,9.413333333333334,96.56666666666666,2.536666666666666,0.8966666666666667,12.28,NA,0.08,174.66666666666666,113.66666666666669,258.1,7.7,39.66354,-92.99501,229.13333333333333,980.3555555555556
088,2026-04-14,2026-04-14 10:20:33,2.622,16.487000000000002,9.37,96,2.486666666666667,0.9133333333333332,10.386666666666668,NA,0.08,175,114,258.23333333333335,7.69,39.66354666666667,-92.99501,228.46666666666667,980.3555555555556
088,2026-04-14,2026-04-14 10:20:36,2.6926666666666668,16.432333333333332,9.31,95.2,1.9833333333333336,0.71,9.713333333333331,NA,0.08,175.06666666666666,114,258.3666666666667,7.683333333333334,39.66355,-92.99502,227.63333333333333,980.3555555555556
088,2026-04-14,2026-04-14 10:20:39,2.754,16.402,9.236666666666666,94.43333333333334,2.14,0.6433333333333333,9.116666666666667,NA,0.08,175.06666666666666,114,258.53333333333336,7.676666666666667,39.66355,-92.99502,227.56666666666663,980.2666666666668
088,2026-04-14,2026-04-14 10:20:42,2.792666666666667,16.394333333333332,9.18,93.8,2.12,0.8033333333333333,9.3,NA,0.08,175.06666666666666,114,258.6666666666667,7.666666666666667,39.66355,-92.99502,227.4,980.3111111111112
088,2026-04-14,2026-04-14 10:20:45,2.877666666666667,16.363333333333333,9.123333333333331,93.23333333333332,1.8266666666666669,0.6133333333333333,8.323333333333334,NA,0.08,174.83333333333334,114,258.9,7.656666666666667,39.663556666666665,-92.99503,227.03333333333333,980.3111111111112
088,2026-04-14,2026-04-14 10:20:48,2.961333333333333,16.278,9.083333333333334,92.63333333333334,1.89,0.6466666666666666,7.433333333333334,NA,0.08,175,114,259.1333333333333,7.646666666666667,39.663556666666665,-92.99503,227.1,980.2666666666668
088,2026-04-14,2026-04-14 10:20:51,3.0233333333333334,16.241333333333333,9.043333333333331,92.16666666666669,1.79,0.6333333333333333,8.753333333333334,NA,0.08,175.2,114,259.23333333333335,7.636666666666667,39.66356,-92.99504,227.06666666666663,980.3111111111112
088,2026-04-14,2026-04-14 10:20:54,3.088333333333334,16.229666666666667,9,91.7,1.8433333333333335,0.64,8.68,NA,0.08,175.26666666666668,114,259.3666666666667,7.63,39.66356,-92.99505,226.83333333333337,980.3111111111112
088,2026-04-14,2026-04-14 10:20:57,3.1526666666666667,16.21,8.96,91.23333333333332,1.9866666666666664,0.6,9.366666666666667,NA,0.08,175,114,259.46666666666664,7.62,39.66356,-92.99506,226.66666666666663,980.3111111111112
088,2026-04-14,2026-04-14 10:21:00,3.203,16.201333333333334,8.926666666666666,90.86666666666667,1.9866666666666664,0.6866666666666666,8.426666666666668,NA,0.08,175,114,259.6333333333333,7.613333333333333,39.66356,-92.99506,226.6,980.2666666666668
088,2026-04-14,2026-04-14 10:21:03,3.226,16.209,8.9,90.6,1.94,0.6833333333333333,8.86,NA,0.08,174.93333333333334,114,259.7,7.61,39.66356,-92.99506,226.73333333333332,980.3555555555556
088,2026-04-14,2026-04-14 10:21:06,3.280333333333333,16.172666666666668,8.88,90.33333333333331,1.9766666666666663,0.63,8.546666666666667,NA,0.08,175.16666666666666,114,259.8333333333333,7.6,39.66356,-92.99506,226.83333333333337,980.3111111111112
088,2026-04-14,2026-04-14 10:21:09,3.3316666666666666,16.115666666666666,8.866666666666665,90.1,1.9733333333333336,0.5333333333333333,8.363333333333333,NA,0.08,175.33333333333334,114,259.96666666666664,7.6,39.66356,-92.99506,226.73333333333335,980.2666666666668
088,2026-04-14,2026-04-14 10:21:12,3.377333333333333,16.096666666666668,8.85,89.9,1.77,0.5433333333333333,7.643333333333333,NA,0.08,175.36666666666667,114,260.1,7.59,39.66356,-92.99506,226.6,980.3111111111112
088,2026-04-14,2026-04-14 10:21:15,3.4346666666666668,16.076,8.823333333333334,89.6,2.0166666666666666,0.71,7.673333333333334,NA,0.08,175.3,114,260.2,7.59,39.66356,-92.99506333333332,226.53333333333333,980.3555555555556
088,2026-04-14,2026-04-14 10:21:18,3.465333333333333,16.061,8.806666666666667,89.36666666666667,2.16,0.7933333333333333,7.64,NA,0.08,175.33333333333334,114,260.3,7.58,39.66356,-92.99507,226.76666666666668,980.3555555555556
088,2026-04-14,2026-04-14 10:21:21,3.516,16.051666666666666,8.786666666666665,89.16666666666667,2.1399999999999997,0.6766666666666666,7.843333333333334,NA,0.08,175.2,114,260.4,7.58,39.66356,-92.99507,226.83333333333337,980.4
088,2026-04-14,2026-04-14 10:21:24,3.5893333333333333,16.040333333333333,8.77,88.96666666666667,1.836666666666667,0.49,7.233333333333333,NA,0.08,175.03333333333333,114,260.53333333333336,7.57,39.66356,-92.99506,226.8,980.4444444444443
088,2026-04-14,2026-04-14 10:21:27,3.6766666666666663,15.990666666666668,8.753333333333334,88.7,1.78,0.6066666666666667,7.1866666666666665,NA,0.08,175.26666666666668,114,260.6333333333333,7.57,39.66356,-92.99506,226.86666666666667,980.2666666666668
088,2026-04-14,2026-04-14 10:21:30,3.744666666666667,15.913,8.746666666666666,88.5,1.6033333333333333,0.56,6.683333333333334,NA,0.08,175.33333333333334,114,260.76666666666665,7.56,39.66355,-92.99504333333334,227.13333333333333,980.3111111111112
088,2026-04-14,2026-04-14 10:21:33,3.772,15.923333333333334,8.73,88.33333333333333,1.52,0.48,6.993333333333333,NA,0.08,175.2,114,260.9,7.56,39.66355,-92.99504,227.46666666666667,980.3111111111112
088,2026-04-14,2026-04-14 10:21:36,3.832,15.903,8.713333333333335,88.13333333333333,1.5,0.57,6.543333333333333,NA,0.08,175.1,114,260.96666666666664,7.55,39.66355,-92.99504,227.63333333333333,980.4444444444443
088,2026-04-14,2026-04-14 10:21:39,3.8953333333333338,15.877333333333333,8.706666666666667,88.06666666666666,1.4433333333333334,0.52,6.243333333333333,NA,0.08,175.33333333333334,114,261.1333333333333,7.546666666666667,39.66355,-92.99505,227.53333333333333,980.3555555555556
088,2026-04-14,2026-04-14 10:21:42,3.9413333333333336,15.879666666666669,8.686666666666666,87.83333333333333,1.57,0.5133333333333334,5.206666666666667,NA,0.08,175.43333333333334,114,261.23333333333335,7.54,39.66355,-92.99505,227.43333333333337,980.3555555555556
088,2026-04-14,2026-04-14 10:21:45,3.9813333333333336,15.875,8.67,87.66666666666667,1.5466666666666666,0.5033333333333334,5.5,NA,0.08,175.26666666666668,114,261.3,7.54,39.66356,-92.99505666666668,227.36666666666667,980.2666666666668
088,2026-04-14,2026-04-14 10:21:48,4.019,15.846666666666666,8.66,87.5,1.4233333333333331,0.5,6.44,NA,0.08,175.23333333333332,114,261.4,7.533333333333333,39.66356,-92.99506,227.1,980.3555555555556
088,2026-04-14,2026-04-14 10:21:51,4.068666666666667,15.789666666666667,8.65,87.3,1.4633333333333334,0.4266666666666667,6.31,NA,0.08,175.4,114,261.53333333333336,7.53,39.66356,-92.99505,227.36666666666667,980.3555555555556
088,2026-04-14,2026-04-14 10:21:54,4.1353333333333335,15.744,8.636666666666667,87.06666666666666,1.41,0.4766666666666667,5.6066666666666665,NA,0.08,175.56666666666666,114,261.6666666666667,7.523333333333333,39.66356,-92.99505,227.56666666666663,980.4
088,2026-04-14,2026-04-14 10:21:57,4.189333333333334,15.720666666666666,8.62,86.83333333333333,1.3866666666666667,0.5033333333333334,5.306666666666667,NA,0.08,175.53333333333333,114,261.76666666666665,7.52,39.66356,-92.99506,227.43333333333337,980.3111111111112
088,2026-04-14,2026-04-14 10:22:06,4.2123333333333335,15.689333333333334,8.55,86.1,1.2866666666666666,0.43666666666666665,5.31,NA,0.08,175.2,114,262.1333333333333,7.5,39.66358,-92.99506,226.76666666666668,980.2666666666668
088,2026-04-14,2026-04-14 10:22:09,4.283666666666667,15.675666666666666,8.523333333333333,85.8,1.2233333333333334,0.33999999999999997,5.0200000000000005,NA,0.08,175.3,114,262.2,7.49,39.66358,-92.99506,226.26666666666668,980.2666666666668
088,2026-04-14,2026-04-14 10:22:21,4.325666666666667,15.642333333333331,8.466666666666667,85.16666666666667,1.2833333333333334,0.5033333333333333,4.676666666666667,NA,0.08,175.26666666666668,114,263,7.466666666666667,39.6636,-92.99503,226.36666666666667,980.3111111111112
088,2026-04-14,2026-04-14 10:22:24,4.3580000000000005,15.659,8.453333333333333,85.06666666666666,1.2566666666666666,0.5366666666666666,4.8100000000000005,NA,0.08,175.03333333333333,114,263.3,7.46,39.66361,-92.99503,227.26666666666668,980.2666666666668
088,2026-04-14,2026-04-14 10:22:27,4.465333333333334,15.641,8.45,85,1.2333333333333334,0.44,4.943333333333333,NA,0.08,175.1,114,263.5,7.45,39.66361,-92.99502,227.3,980.3555555555556
088,2026-04-14,2026-04-14 10:22:30,4.605333333333333,15.604333333333331,8.446666666666665,84.9,1.106666666666667,0.42,4.873333333333333,NA,0.08,175.23333333333332,114,263.76666666666665,7.446666666666667,39.66362,-92.99501,227.16666666666663,980.3111111111112
088,2026-04-14,2026-04-14 10:22:33,4.684,15.574333333333334,8.426666666666666,84.66666666666666,1.143333333333333,0.3566666666666667,4.713333333333333,NA,0.08,175.2,114,263.96666666666664,7.44,39.66362,-92.99501,227.03333333333333,980.2666666666668
088,2026-04-14,2026-04-14 10:22:36,4.749666666666667,15.529,8.41,84.36666666666667,1.15,0.35,4.333333333333333,NA,0.08,175.3,114,264.1,7.43,39.66363,-92.995,226.7,980.3555555555556
088,2026-04-14,2026-04-14 10:22:39,4.857333333333333,15.505666666666666,8.37,83.96666666666667,1.22,0.33,3.89,NA,0.08,175.13333333333333,114,264.23333333333335,7.43,39.66363666666667,-92.99500666666668,226.83333333333337,980.3111111111112
088,2026-04-14,2026-04-14 10:22:42,5.017333333333333,15.479666666666668,8.34,83.6,1.2066666666666666,0.35333333333333333,4.286666666666667,NA,0.08,175.4,114,264.53333333333336,7.42,39.66364,-92.99501,226.73333333333335,980.2666666666668
088,2026-04-14,2026-04-14 10:22:45,5.149333333333334,15.451666666666666,8.306666666666667,83.2,1.2066666666666666,0.4066666666666667,4.323333333333333,NA,0.08,175.26666666666668,114,264.7,7.41,39.66364,-92.99500666666668,226.36666666666667,980.2666666666668
088,2026-04-14,2026-04-14 10:22:48,5.222666666666667,15.420333333333334,8.263333333333334,82.73333333333333,1.2,0.34,3.9133333333333336,NA,0.08,175.56666666666666,114,264.8,7.41,39.66364,-92.99500333333332,226.2,980.3555555555556
088,2026-04-14,2026-04-14 10:22:51,5.283666666666666,15.395333333333332,8.216666666666667,82.2,1.2133333333333334,0.37,3.7666666666666666,NA,0.08,175.53333333333333,114,264.9,7.4,39.66364,-92.995,226.33333333333337,980.2666666666668
088,2026-04-14,2026-04-14 10:22:57,5.366666666666667,15.307333333333334,8.093333333333334,80.83333333333333,1.0133333333333334,0.36,4.14,NA,0.08,175.6,114,265.1666666666667,7.386666666666667,39.66365,-92.995,227.16666666666669,980.3111111111112
088,2026-04-14,2026-04-14 10:23:00,5.427666666666667,15.290333333333333,8.036666666666667,80.23333333333333,0.9866666666666668,0.2966666666666667,3.89,NA,0.08,175.6,114,265.3333333333333,7.38,39.66365666666667,-92.995,228.46666666666667,980.2666666666668
088,2026-04-14,2026-04-14 10:23:03,5.520666666666667,15.234,7.983333333333333,79.6,1.1033333333333335,0.44666666666666666,3.9066666666666663,NA,0.08,175.7,114,265.46666666666664,7.37,39.66366,-92.995,229,980.2666666666668
088,2026-04-14,2026-04-14 10:23:06,5.637666666666666,15.115333333333334,7.9,78.6,1.0833333333333337,0.35333333333333333,3.776666666666667,NA,0.08,175.9,114,265.6666666666667,7.36,39.66366,-92.995,229.2,980.2666666666668
088,2026-04-14,2026-04-14 10:23:09,5.752,15.054333333333332,7.77,77.16666666666667,1.096666666666667,0.3466666666666667,3.78,NA,0.08,176.16666666666666,114.33333333333331,265.9,7.353333333333333,39.66366,-92.995,228.86666666666667,980.2666666666668
088,2026-04-14,2026-04-14 10:23:12,5.888333333333334,15.011333333333331,7.606666666666667,75.5,1.1133333333333333,0.39666666666666667,3.38,NA,0.08,176.2,115,266.1333333333333,7.343333333333333,39.66367,-92.995,228.26666666666668,980.3555555555556
088,2026-04-14,2026-04-14 10:23:15,5.964,14.933666666666666,7.456666666666667,73.9,0.94,0.29333333333333333,2.873333333333333,NA,0.08,176.26666666666668,115,266.3666666666667,7.336666666666667,39.66367,-92.995,228.13333333333333,980.3111111111112
088,2026-04-14,2026-04-14 10:23:18,6.030333333333333,14.805,7.34,72.5,0.9033333333333332,0.3433333333333333,2.9366666666666665,NA,0.08,176.36666666666667,115,266.6,7.33,39.66367,-92.995,227.4,980.4
088,2026-04-14,2026-04-14 10:23:21,6.103,14.753,7.24,71.46666666666667,0.9066666666666668,0.37333333333333335,3.15,NA,0.08,176.16666666666666,114.33333333333331,266.8333333333333,7.323333333333333,39.66367,-92.995,227.06666666666663,980.3111111111112
088,2026-04-14,2026-04-14 10:23:24,6.166,14.739,7.156666666666666,70.63333333333334,0.8466666666666667,0.30333333333333334,3.2,NA,0.08,176.03333333333333,114.33333333333331,266.96666666666664,7.32,39.66367,-92.995,226.9,980.3555555555556
088,2026-04-14,2026-04-14 10:23:27,6.238666666666667,14.656333333333333,7.11,70.03333333333333,0.8333333333333334,0.32333333333333336,3.2333333333333334,NA,0.08,176.33333333333334,115,267.1666666666667,7.31,39.66367,-92.995,226.26666666666665,980.3111111111112
088,2026-04-14,2026-04-14 10:23:30,6.287333333333334,14.626666666666669,7.08,69.63333333333333,0.8166666666666667,0.29,3.3266666666666667,NA,0.08,176,114,267.26666666666665,7.303333333333333,39.66367,-92.99500666666668,226.33333333333337,980.3111111111112
088,2026-04-14,2026-04-14 10:23:33,6.355666666666666,14.608,7.033333333333333,69.23333333333333,0.8099999999999999,0.30333333333333334,2.9,NA,0.08,176.16666666666666,114.66666666666669,267.43333333333334,7.3,39.66368,-92.99501,226.23333333333332,980.2666666666668
088,2026-04-14,2026-04-14 10:23:36,6.399666666666667,14.590666666666666,6.993333333333333,68.76666666666667,0.7733333333333333,0.2733333333333333,3.0233333333333334,NA,0.08,176.16666666666666,114.66666666666669,267.6333333333333,7.29,39.66368,-92.99501,226.5,980.3111111111112
088,2026-04-14,2026-04-14 10:23:39,6.433666666666666,14.557333333333332,6.943333333333333,68.23333333333333,0.8066666666666666,0.33666666666666667,2.88,NA,0.08,176.26666666666668,115,267.8666666666667,7.283333333333333,39.66368,-92.99501,226.9,980.3111111111112
088,2026-04-14,2026-04-14 10:23:42,6.511333333333334,14.536666666666669,6.883333333333334,67.6,0.7833333333333333,0.33,2.9,NA,0.08,176.33333333333334,115,268,7.276666666666666,39.66368,-92.99501,227.16666666666663,980.3555555555556
088,2026-04-14,2026-04-14 10:23:45,6.611,14.521,6.833333333333333,67.1,0.8166666666666667,0.32,3.203333333333333,NA,0.08,176.36666666666667,115,268.26666666666665,7.27,39.663673333333335,-92.99500333333332,227.33333333333337,980.3111111111112
088,2026-04-14,2026-04-14 10:23:48,6.6850000000000005,14.507,6.79,66.63333333333333,0.8133333333333334,0.33,3.09,NA,0.08,176.23333333333332,115,268.5,7.26,39.66367,-92.99501,227.43333333333337,980.3111111111112
088,2026-04-14,2026-04-14 10:23:51,6.732666666666667,14.497333333333334,6.743333333333333,66.2,0.7766666666666666,0.27,3.0666666666666664,NA,0.08,176.3,115,268.8333333333333,7.253333333333333,39.66367666666667,-92.99501,227.56666666666663,980.2666666666668
088,2026-04-14,2026-04-14 10:23:54,6.776,14.475,6.703333333333333,65.76666666666667,0.8166666666666667,0.31333333333333335,2.9566666666666666,NA,0.08,176.26666666666665,115,269.26666666666665,7.243333333333333,39.66368,-92.99502,227.76666666666668,980.2666666666668
088,2026-04-14,2026-04-14 10:23:57,6.859666666666667,14.430333333333332,6.66,65.26666666666667,0.8,0.33666666666666667,3.126666666666667,NA,0.08,176.56666666666666,115,270,7.23,39.66368,-92.99502666666666,227.7,980.2666666666668
088,2026-04-14,2026-04-14 10:24:00,6.922666666666667,14.389666666666669,6.546666666666667,64.1,0.8133333333333334,0.23666666666666664,2.6033333333333335,NA,0.08,176.8,115,271.1,7.213333333333333,39.66368666666667,-92.99503,227.53333333333333,980.3111111111112
088,2026-04-14,2026-04-14 10:24:03,6.9576666666666664,14.339666666666668,6.3933333333333335,62.53333333333333,0.7866666666666667,0.36,2.5966666666666667,NA,0.08,177.26666666666665,115,272.09999999999997,7.193333333333333,39.66369,-92.99503,227.43333333333337,980.3111111111112
111-C2-0042,2026-01-22,2026-01-22 11:16:41,0.273,3.441,12.76,95.9,0.51,0.12,0.88,NA,0.07,156.4,102,162.6,7.84,38.10186,-91.4545,270.6,993.6
111-C2-0042,2026-01-22,2026-01-22 11:16:46,0.349,3.417,12.77,96,0.42,0.11,0.69,NA,0.07,156.7,102,162.7,7.83,38.10187,-91.4545,270.5,993.7333333333332
111-C2-0042,2026-01-22,2026-01-22 11:16:47,0.504,3.391,12.77,95.9,0.43,0.12,0.7,NA,0.07,156.7,102,162.8,7.84,38.10187,-91.4545,270.5,993.8666666666668
111-C2-0042,2026-01-22,2026-01-22 11:16:48,0.56,3.385,12.77,95.9,0.44,0.13,0.57,NA,0.07,156.7,102,162.8,7.83,38.10187,-91.4545,270.6,993.8666666666668
111-C2-0042,2026-01-22,2026-01-22 11:16:49,0.631,3.359,12.76,95.8,0.44,0.05,0.41,NA,0.07,156.8,102,162.9,7.83,38.10187,-91.4545,270.6,993.7333333333332
111-C2-0042,2026-01-22,2026-01-22 11:16:50,0.765,3.328,12.78,95.8,0.47,0.14,0.64,NA,0.07,157,102,162.9,7.83,38.10187,-91.4545,270.8,993.8666666666668
111-C2-0042,2026-01-22,2026-01-22 11:16:51,0.88,3.316,12.78,95.8,0.51,0.09,0.91,NA,0.07,156.9,102,162.9,7.83,38.10187,-91.4545,270.9,993.8666666666668
111-C2-0042,2026-01-22,2026-01-22 11:16:52,0.917,3.316,12.78,95.8,0.62,0.08,0.86,NA,0.07,156.6,102,162.9,7.83,38.10187,-91.4545,271,993.7333333333332
111-C2-0042,2026-01-22,2026-01-22 11:16:53,0.973,3.315,12.78,95.8,0.7,0.13,0.87,NA,0.07,156.6,102,163,7.83,38.10187,-91.4545,271,993.6
111-C2-0042,2026-01-22,2026-01-22 11:16:54,1.053,3.311,12.78,95.8,0.76,0.27,1.13,NA,0.07,156.6,102,163,7.83,38.10187,-91.4545,270.8,993.6
111-C2-0042,2026-01-22,2026-01-22 11:16:55,1.108,3.311,12.78,95.7,0.87,0.27,1.44,NA,0.07,156.7,102,163,7.83,38.10187,-91.4545,270.8,993.7333333333332
111-C2-0042,2026-01-22,2026-01-22 11:16:56,1.16,3.309,12.77,95.7,0.96,0.19,1.64,NA,0.07,156.7,102,163.1,7.83,38.10187,-91.4545,270.9,993.7333333333332
111-C2-0042,2026-01-22,2026-01-22 11:16:57,1.292,3.301,12.76,95.6,1.03,0.24,1.78,NA,0.07,156.7,102,163.1,7.83,38.10187,-91.4545,271.1,993.7333333333332
111-C2-0042,2026-01-22,2026-01-22 11:16:58,1.333,3.296,12.76,95.6,1.19,0.19,1.85,NA,0.07,156.6,102,163.1,7.83,38.10187,-91.45451,271.2,993.8666666666668
111-C2-0042,2026-01-22,2026-01-22 11:16:59,1.411,3.295,12.76,95.5,1.31,0.17,2.09,NA,0.07,156.7,102,163.1,7.83,38.10187,-91.45451,271.2,993.7333333333332
111-C2-0042,2026-01-22,2026-01-22 11:17:00,1.459,3.288,12.76,95.6,1.41,0.18,2.26,NA,0.07,156.8,102,163.2,7.83,38.10187,-91.45451,271.3,993.7333333333332
111-C2-0042,2026-01-22,2026-01-22 11:17:02,1.505,3.294,12.76,95.6,1.6,0.19,2.28,NA,0.07,156.5,102,163.2,7.83,38.10188,-91.45451,271.5,993.7333333333332
111-C2-0042,2026-01-22,2026-01-22 11:17:03,1.586,3.303,12.76,95.6,1.62,0.2,2.33,NA,0.07,156.5,102,163.2,7.83,38.10188,-91.45452,271.6,993.7333333333332
111-C2-0042,2026-01-22,2026-01-22 11:17:06,1.657,3.3,12.75,95.5,1.86,0.25,2.78,NA,0.07,156.8,102,163.3,7.82,38.10188,-91.45453,271.8,993.7333333333332
111-C2-0042,2026-01-22,2026-01-22 11:17:07,1.739,3.297,12.75,95.5,1.92,0.35,2.84,NA,0.07,156.7,102,163.3,7.82,38.10188,-91.45453,271.8,993.6
111-C2-0042,2026-01-22,2026-01-22 11:17:08,1.814,3.304,12.74,95.5,1.87,0.32,3.04,NA,0.07,156.7,102,163.3,7.82,38.10189,-91.45453,271.8,993.7333333333332
111-C2-0042,2026-01-22,2026-01-22 11:17:09,1.922,3.309,12.74,95.5,1.9,0.4,3.12,NA,0.07,156.7,102,163.3,7.82,38.10189,-91.45454,271.9,993.7333333333332
111-C2-0042,2026-01-22,2026-01-22 11:17:10,2.008,3.293,12.74,95.4,2,0.4,3.17,NA,0.07,156.8,102,163.4,7.82,38.10189,-91.45454,272,993.8666666666668
111-C2-0042,2026-01-22,2026-01-22 11:17:11,2.105,3.285,12.74,95.4,2.07,0.34,3.14,NA,0.07,156.7,102,163.5,7.82,38.10189,-91.45454,272,993.8666666666668
111-C2-0042,2026-01-22,2026-01-22 11:17:12,2.205,3.28,12.74,95.4,2.1,0.34,3.28,NA,0.07,156.8,102,163.5,7.82,38.10189,-91.45454,272.1,993.8666666666668
111-C2-0042,2026-01-22,2026-01-22 11:17:13,2.292,3.268,12.74,95.4,2.06,0.38,3.29,NA,0.07,156.9,102,163.6,7.82,38.10189,-91.45454,272.1,993.7333333333332
111-C2-0042,2026-01-22,2026-01-22 11:17:14,2.342,3.265,12.74,95.4,2.07,0.37,3.24,NA,0.07,156.7,102,163.6,7.82,38.10189,-91.45454,272.2,993.8666666666668
111-C2-0042,2026-01-22,2026-01-22 11:17:15,2.429,3.262,12.74,95.3,2.1,0.32,3.25,NA,0.07,156.8,102,163.6,7.82,38.10189,-91.45454,272.3,993.8666666666668
111-C2-0042,2026-01-22,2026-01-22 11:17:16,2.504,3.256,12.74,95.3,2.16,0.33,3.52,NA,0.07,156.9,102,163.6,7.82,38.10189,-91.45454,272.3,993.7333333333332
111-C2-0042,2026-01-22,2026-01-22 11:17:17,2.606,3.256,12.73,95.3,2.2,0.3,3.59,NA,0.07,156.7,102,163.6,7.82,38.1019,-91.45454,272.3,993.8666666666668
111-C2-0042,2026-01-22,2026-01-22 11:17:18,2.702,3.261,12.73,95.3,2.1,0.24,3.58,NA,0.07,156.6,102,163.6,7.82,38.1019,-91.45455,272.2,993.8666666666668
111-C2-0042,2026-01-22,2026-01-22 11:17:19,2.789,3.267,12.72,95.2,2.06,0.31,3.62,NA,0.07,156.6,102,163.6,7.82,38.1019,-91.45455,272.1,993.8666666666668
111-C2-0042,2026-01-22,2026-01-22 11:17:20,2.853,3.268,12.73,95.3,2.16,0.32,3.6,NA,0.07,156.7,102,163.6,7.82,38.1019,-91.45455,271.9,993.8666666666668
111-C2-0042,2026-01-22,2026-01-22 11:17:21,2.969,3.268,12.73,95.3,2.18,0.28,3.41,NA,0.07,156.7,102,163.6,7.82,38.1019,-91.45455,271.9,993.8666666666668
111-C2-0042,2026-01-22,2026-01-22 11:17:22,3.025,3.269,12.73,95.3,2.16,0.34,3.36,NA,0.07,156.7,102,163.7,7.82,38.1019,-91.45455,271.9,994
111-C2-0042,2026-01-22,2026-01-22 11:17:23,3.096,3.268,12.72,95.2,2.21,0.37,3.55,NA,0.07,156.7,102,163.7,7.82,38.1019,-91.45456,271.8,993.8666666666668
111-C2-0042,2026-01-22,2026-01-22 11:17:24,3.166,3.262,12.72,95.2,2.25,0.4,3.8,NA,0.07,156.7,102,163.8,7.82,38.1019,-91.45456,271.9,993.8666666666668
111-C2-0042,2026-01-22,2026-01-22 11:17:25,3.276,3.256,12.72,95.2,2.26,0.38,3.69,NA,0.07,156.6,102,163.8,7.82,38.1019,-91.45456,271.8,994
111-C2-0042,2026-01-22,2026-01-22 11:17:26,3.338,3.249,12.72,95.2,2.22,0.37,3.66,NA,0.07,156.9,102,163.8,7.82,38.1019,-91.45456,271.9,993.8666666666668
111-C2-0042,2026-01-22,2026-01-22 11:17:27,3.41,3.245,12.72,95.2,2.19,0.42,3.77,NA,0.07,157,102,163.8,7.82,38.1019,-91.45456,271.8,993.8666666666668
111-C2-0042,2026-01-22,2026-01-22 11:17:28,3.511,3.244,12.72,95.2,2.2,0.43,3.78,NA,0.07,156.8,102,163.9,7.82,38.10191,-91.45456,271.8,993.8666666666668
111-C2-0042,2026-01-22,2026-01-22 11:17:29,3.598,3.244,12.72,95.2,2.24,0.39,3.71,NA,0.07,156.7,102,163.9,7.82,38.10191,-91.45456,271.8,993.8666666666668
111-C2-0042,2026-01-22,2026-01-22 11:17:30,3.637,3.245,12.72,95.2,2.33,0.48,3.41,NA,0.07,156.8,102,163.9,7.82,38.10191,-91.45456,271.8,993.8666666666668
111-C2-0042,2026-01-22,2026-01-22 11:17:31,3.7,3.248,12.72,95.2,2.39,0.44,3.58,NA,0.07,156.7,102,164,7.82,38.10191,-91.45456,271.8,993.8666666666668
111-C2-0042,2026-01-22,2026-01-22 11:17:32,3.808,3.258,12.72,95.2,2.31,0.4,3.76,NA,0.07,156.7,102,164,7.81,38.10191,-91.45456,271.8,993.8666666666668
111-C2-0042,2026-01-22,2026-01-22 11:17:33,3.877,3.263,12.71,95.1,2.29,0.41,3.61,NA,0.07,156.6,102,164.1,7.81,38.10191,-91.45456,271.8,993.8666666666668
111-C2-0042,2026-01-22,2026-01-22 11:17:34,3.902,3.257,12.71,95.1,2.33,0.41,3.39,NA,0.07,156.4,102,164.1,7.81,38.10191,-91.45456,271.8,993.8666666666668
111-C2-0042,2026-01-22,2026-01-22 11:17:35,3.984,3.256,12.71,95.1,2.43,0.45,3.52,NA,0.07,156.5,102,164.1,7.81,38.10191,-91.45456,271.8,994
111-C2-0042,2026-01-22,2026-01-22 11:17:36,4.059,3.265,12.71,95.1,2.52,0.33,3.77,NA,0.07,156.8,102,164.2,7.81,38.10191,-91.45456,271.8,994
111-C2-0042,2026-01-22,2026-01-22 11:17:37,4.136,3.273,12.7,95.1,2.48,0.33,3.74,NA,0.07,156.7,102,164.3,7.81,38.10191,-91.45456,271.8,993.8666666666668
111-C2-0042,2026-01-22,2026-01-22 11:17:38,4.157,3.286,12.7,95.1,2.51,0.28,3.75,NA,0.07,156.6,102,164.3,7.81,38.1019,-91.45456,271.9,993.8666666666668
111-C2-0042,2026-01-22,2026-01-22 11:17:39,4.191,3.297,12.69,95.1,2.54,0.28,3.5,NA,0.07,156.6,102,164.4,7.81,38.1019,-91.45456,271.9,993.8666666666668
111-C2-0042,2026-01-22,2026-01-22 11:17:40,4.3,3.316,12.69,95.1,2.5,0.28,3.16,NA,0.07,156.6,102,164.4,7.8,38.10191,-91.45456,271.8,993.8666666666668
111-C2-0042,2026-01-22,2026-01-22 11:17:41,4.373,3.334,12.68,95.1,2.51,0.37,3.37,NA,0.07,156.6,102,164.5,7.8,38.10191,-91.45456,271.7,993.8666666666668
111-C2-0042,2026-01-22,2026-01-22 11:17:42,4.415,3.346,12.68,95.1,2.48,0.53,3.69,NA,0.07,156.7,102,164.6,7.8,38.10191,-91.45455,271.7,993.8666666666668
111-C2-0042,2026-01-22,2026-01-22 11:17:43,4.484,3.355,12.66,95,2.52,0.39,3.8,NA,0.07,156.6,102,164.8,7.79,38.10191,-91.45455,271.6,993.8666666666668
111-C2-0042,2026-01-22,2026-01-22 11:17:44,4.595,3.387,12.67,95.1,2.46,0.36,3.59,NA,0.07,156.5,102,164.7,7.79,38.10191,-91.45455,271.5,993.8666666666668
111-C2-0042,2026-01-22,2026-01-22 11:17:45,4.826,3.473,12.68,95.3,2.47,0.35,3.32,NA,0.07,156.5,102,164.7,7.79,38.1019,-91.45455,271.6,993.8666666666668
111-C2-0042,2026-01-22,2026-01-22 11:17:46,4.948,3.518,12.64,95.2,2.55,0.27,3.39,NA,0.07,156.5,102,164.7,7.79,38.1019,-91.45455,272,993.8666666666668
111-C2-0042,2026-01-22,2026-01-22 11:17:47,5.025,3.536,12.62,95.1,2.47,0.3,3.6,NA,0.07,156.6,102,164.8,7.78,38.1019,-91.45455,272.4,993.7333333333332
111-C2-0042,2026-01-22,2026-01-22 11:17:48,5.109,3.543,12.6,95,2.51,0.25,3.78,NA,0.07,156.5,102,164.8,7.78,38.1019,-91.45456,272.6,993.7333333333332
111-C2-0042,2026-01-22,2026-01-22 11:17:50,5.139,3.553,12.58,94.9,2.86,0.45,4.43,NA,0.07,156.3,102,165.1,7.77,38.1019,-91.45456,272.7,993.7333333333332
111-C2-0042,2026-02-27,2026-02-27 12:29:00,0.02666666666666667,7.639,11.353333333333332,95.1,0.27,0.25333333333333335,1.153333333333333,NA,0.08,161.6,105,217.36666666666665,8.203333333333333,38.10154,-91.45451,274.6333333333333,981.1555555555556
111-C2-0042,2026-02-27,2026-02-27 12:29:03,0.23366666666666663,7.426,11.606666666666666,96.7,0.27666666666666667,0.23666666666666664,1.1766666666666663,NA,0.08,160.16666666666666,104,216.36666666666667,8.21,38.10155,-91.45450666666666,274.3333333333333,981.1111111111112
111-C2-0042,2026-02-27,2026-02-27 12:29:06,0.41,7.406666666666666,11.826666666666666,98.4,0.3433333333333333,0.25,1.2766666666666666,NA,0.08,159.56666666666666,104,216.4,8.21,38.10156,-91.45449333333332,273.56666666666666,981.0222222222222
111-C2-0042,2026-02-27,2026-02-27 12:29:12,0.45,7.365,12.066666666666666,100.36666666666666,0.30333333333333334,0.3,1.3,NA,0.08,159.4,104,216.23333333333332,8.2,38.101573333333334,-91.45450333333334,273.6,981.0666666666666
111-C2-0042,2026-02-27,2026-02-27 12:29:15,0.5826666666666667,7.369333333333333,12.146666666666668,101.03333333333332,0.35666666666666663,0.2633333333333333,1.33,NA,0.08,159.23333333333332,103.66666666666669,216.2,8.2,38.10158,-91.45451,272.3666666666667,981.1111111111112
111-C2-0042,2026-02-27,2026-02-27 12:29:18,0.7196666666666667,7.364,12.216666666666669,101.56666666666666,0.3433333333333333,0.26,1.2733333333333334,NA,0.08,159.13333333333333,103,216.2,8.2,38.10158,-91.45451,271.93333333333334,981.0666666666666
111-C2-0042,2026-02-27,2026-02-27 12:29:21,0.7766666666666667,7.369,12.263333333333334,101.96666666666668,0.36,0.31333333333333335,1.2033333333333334,NA,0.08,159.23333333333335,103.66666666666669,216.23333333333332,8.2,38.10158,-91.45451,271.93333333333334,981.0222222222222
111-C2-0042,2026-02-27,2026-02-27 12:29:24,0.844,7.377333333333333,12.303333333333333,102.36666666666667,0.4666666666666667,0.30666666666666664,1.4266666666666667,NA,0.08,159.36666666666667,104,216.33333333333337,8.193333333333333,38.10158,-91.45450333333334,271.6333333333333,981.0222222222222
111-C2-0042,2026-02-27,2026-02-27 12:29:27,0.9316666666666666,7.349666666666667,12.346666666666666,102.7,0.45,0.33666666666666667,1.5933333333333333,NA,0.08,159.36666666666667,104,216.43333333333337,8.19,38.10158,-91.45449666666669,272.0333333333333,981.0222222222222
111-C2-0042,2026-02-27,2026-02-27 12:29:30,1.021,7.344333333333333,12.38,102.9,0.5166666666666667,0.4033333333333333,1.61,NA,0.08,159.36666666666667,104,216.53333333333333,8.19,38.10158,-91.45448666666668,271.8333333333333,980.9333333333334
111-C2-0042,2026-02-27,2026-02-27 12:29:33,1.156,7.334666666666666,12.41,103.13333333333334,0.5133333333333333,0.43,1.5633333333333337,NA,0.08,159.53333333333333,104,216.66666666666663,8.19,38.10158666666667,-91.45448,271.23333333333335,980.9777777777778
111-C2-0042,2026-02-27,2026-02-27 12:29:36,1.264,7.323666666666666,12.43,103.26666666666668,0.5966666666666667,0.48,1.8533333333333333,NA,0.08,159.33333333333334,104,216.9,8.186666666666666,38.10159,-91.45448,270.9,980.9333333333334
111-C2-0042,2026-02-27,2026-02-27 12:29:39,1.342,7.303333333333334,12.46,103.46666666666668,0.6066666666666667,0.4866666666666667,1.8,NA,0.08,159.03333333333333,103,217.06666666666663,8.18,38.10159,-91.45449333333332,271.6,980.9333333333334
111-C2-0042,2026-02-27,2026-02-27 12:29:42,1.393333333333333,7.312666666666667,12.473333333333334,103.63333333333333,0.59,0.4966666666666667,1.63,NA,0.08,158.96666666666667,103,217.26666666666665,8.18,38.10159,-91.45451,271.56666666666666,980.9777777777778
111-C2-0042,2026-02-27,2026-02-27 12:29:45,1.508,7.273,12.486666666666666,103.63333333333333,0.6033333333333333,0.5266666666666667,1.9,NA,0.08,159.03333333333333,103,217.5,8.18,38.10159,-91.45451333333334,272.3333333333333,981.0222222222222
111-C2-0042,2026-02-27,2026-02-27 12:29:48,1.6206666666666667,7.256333333333334,12.506666666666666,103.73333333333332,0.6333333333333333,0.55,2.03,NA,0.08,159,103,217.5,8.18,38.10159,-91.45453,273.8666666666667,980.9333333333334
111-C2-0042,2026-02-27,2026-02-27 12:29:51,1.6906666666666668,7.264,12.52,103.8,0.7266666666666667,0.6,2.036666666666666,NA,0.08,158.93333333333334,103,217.6,8.18,38.10159,-91.45452666666668,273.96666666666664,980.9777777777778
111-C2-0042,2026-02-27,2026-02-27 12:29:54,1.7463333333333333,7.243666666666667,12.52,103.8,0.84,0.6233333333333333,2.16,NA,0.08,159.06666666666666,103,217.73333333333332,8.18,38.10159,-91.45452,273.7,981.0666666666666
111-C2-0042,2026-02-27,2026-02-27 12:29:57,1.7856666666666667,7.242666666666667,12.533333333333331,103.9,0.8233333333333334,0.61,2.183333333333333,NA,0.08,159.33333333333334,104,218,8.17,38.10159,-91.45451,273.90000000000003,980.9777777777778
111-C2-0042,2026-02-27,2026-02-27 12:30:00,1.8576666666666664,7.238,12.536666666666669,103.93333333333334,0.8533333333333333,0.5633333333333334,2.1999999999999997,NA,0.08,159.26666666666668,103.66666666666669,218.1,8.17,38.10159,-91.45451,274.3333333333333,981.0222222222222
111-C2-0042,2026-02-27,2026-02-27 12:30:03,1.965666666666667,7.244,12.553333333333336,104.06666666666666,0.8733333333333333,0.5833333333333333,2.2266666666666666,NA,0.08,159.23333333333332,103.33333333333331,218.13333333333333,8.17,38.10159,-91.45451,274.1333333333333,980.9333333333334
111-C2-0042,2026-02-27,2026-02-27 12:30:06,2.032,7.247333333333334,12.55,104.1,0.85,0.5566666666666666,2.296666666666667,NA,0.08,159.2,103.33333333333331,218.23333333333332,8.17,38.10159,-91.45451,273.4,980.9777777777778
111-C2-0042,2026-02-27,2026-02-27 12:30:09,2.1093333333333333,7.238,12.56,104.1,0.87,0.6,2.2066666666666666,NA,0.08,159.13333333333333,103,218.33333333333337,8.17,38.10159,-91.45451,272.7,981.0222222222222
111-C2-0042,2026-02-27,2026-02-27 12:30:12,2.246,7.227333333333333,12.563333333333334,104.1,0.92,0.5633333333333334,2.43,NA,0.08,159.2,103,218.46666666666667,8.17,38.10159,-91.45450666666666,272.3333333333333,980.9333333333334
111-C2-0042,2026-02-27,2026-02-27 12:30:15,2.3746666666666667,7.225666666666666,12.563333333333334,104.13333333333333,0.9766666666666668,0.51,2.4166666666666665,NA,0.08,159.1,103,218.56666666666663,8.17,38.10159,-91.45450666666666,272.76666666666665,980.9333333333334
111-C2-0042,2026-02-27,2026-02-27 12:30:18,2.4436666666666667,7.218333333333334,12.57,104.1,0.9633333333333332,0.6233333333333333,2.56,NA,0.08,159.13333333333333,103,218.76666666666665,8.17,38.10159,-91.45451333333334,274.03333333333336,980.9333333333334
111-C2-0042,2026-02-27,2026-02-27 12:30:21,2.569,7.211666666666667,12.576666666666666,104.2,1.01,0.72,2.43,NA,0.08,159.1,103,218.96666666666667,8.17,38.1016,-91.45451333333334,274.8333333333333,980.9333333333334
111-C2-0042,2026-02-27,2026-02-27 12:30:24,2.693,7.218666666666667,12.586666666666666,104.3,1.0033333333333334,0.68,2.2733333333333334,NA,0.08,158.96666666666667,103,219.1,8.17,38.101593333333334,-91.45451,275.1666666666667,981.0222222222222
111-C2-0042,2026-02-27,2026-02-27 12:30:33,2.767333333333333,7.218666666666667,12.586666666666666,104.3,1.0333333333333334,0.7733333333333333,2.463333333333334,NA,0.08,159.06666666666666,103,219.56666666666663,8.163333333333334,38.10157,-91.45451,273.96666666666664,980.9777777777778
111-C2-0042,2026-02-27,2026-02-27 12:30:27,2.8056666666666668,7.220666666666666,12.583333333333334,104.3,0.9866666666666668,0.7533333333333333,2.556666666666666,NA,0.08,159.1,103,219.23333333333332,8.17,38.10158333333333,-91.4545,274.46666666666664,981.0666666666666
111-C2-0042,2026-02-27,2026-02-27 12:30:36,2.884333333333333,7.228333333333333,12.593333333333334,104.36666666666667,1.0366666666666666,0.7166666666666667,2.4366666666666665,NA,0.08,159.26666666666668,103.66666666666669,219.6,8.17,38.10156666666667,-91.45452,274,980.8888888888888
111-C2-0042,2026-02-27,2026-02-27 12:30:39,3.1073333333333335,7.217666666666666,12.596666666666666,104.36666666666667,1.1033333333333335,0.89,2.533333333333333,NA,0.08,159.3,104,219.8,8.163333333333334,38.10156,-91.45452,274.1666666666667,980.9333333333334
111-C2-0042,2026-02-27,2026-02-27 12:30:42,3.288,7.188666666666667,12.593333333333334,104.3,1.1466666666666667,0.8,2.6166666666666667,NA,0.08,159.13333333333333,103,220.16666666666663,8.16,38.10156,-91.45452,274.23333333333335,980.9333333333334
111-C2-0042,2026-02-27,2026-02-27 12:30:45,3.386,7.173333333333334,12.61,104.36666666666667,1.1266666666666667,0.8433333333333334,2.6766666666666667,NA,0.08,159.13333333333333,103,220.5,8.16,38.10156,-91.45452,274.73333333333335,980.9333333333334
111-C2-0042,2026-02-27,2026-02-27 12:30:48,3.437,7.171333333333333,12.61,104.36666666666667,1.096666666666667,0.76,2.56,NA,0.08,159.2,103.33333333333331,220.76666666666668,8.156666666666666,38.10156,-91.45452666666668,275.5,980.9333333333334
111-C2-0042,2026-02-27,2026-02-27 12:30:51,3.490333333333333,7.1499999999999995,12.61,104.3,1.096666666666667,0.7933333333333333,2.64,NA,0.08,159.26666666666668,103.66666666666669,221,8.15,38.10156,-91.45451333333334,275.1666666666667,980.9777777777778
111-C2-0042,2026-02-27,2026-02-27 12:30:54,3.545,7.140666666666666,12.61,104.3,1.0733333333333337,0.7833333333333333,2.57,NA,0.08,159.13333333333333,103,221.2,8.15,38.10156,-91.45451,274.8666666666667,980.9333333333334
111-C2-0042,2026-02-27,2026-02-27 12:31:03,3.614333333333333,7.173333333333333,12.603333333333332,104.3,1.0633333333333337,0.77,2.6166666666666667,NA,0.08,159.13333333333333,103,221.83333333333337,8.143333333333334,38.10156,-91.45447,273.93333333333334,980.9333333333334
111-C2-0042,2026-02-27,2026-02-27 12:31:18,3.7623333333333338,7.093333333333334,12.616666666666664,104.23333333333332,1.0633333333333332,0.7633333333333333,2.663333333333333,NA,0.08,159.03333333333333,103,223.3,8.13,38.10154,-91.45452,274.8666666666667,980.9333333333334
111-C2-0042,2026-02-27,2026-02-27 12:31:06,3.777,7.1113333333333335,12.6,104.2,1.07,0.7166666666666667,2.693333333333334,NA,0.08,159.43333333333334,103.66666666666669,222.16666666666663,8.14,38.10156,-91.45446666666666,273.73333333333335,980.9333333333334
111-C2-0042,2026-02-27,2026-02-27 12:31:21,3.9523333333333337,7.100666666666666,12.613333333333332,104.2,1.0933333333333335,0.7866666666666667,2.736666666666667,NA,0.08,159,103,223.66666666666663,8.13,38.10154,-91.45453666666668,275.3666666666667,980.9333333333334
111-C2-0042,2026-02-27,2026-02-27 12:31:24,4.193666666666667,7.055666666666666,12.596666666666666,104,1.15,0.7933333333333333,2.5733333333333333,NA,0.08,159.2,103.33333333333331,224.03333333333333,8.12,38.10154,-91.45454,275.56666666666666,980.9333333333334
111-C2-0042,2026-02-27,2026-02-27 12:31:27,4.49,6.993333333333333,12.613333333333332,103.96666666666668,1.1333333333333333,0.7999999999999999,2.64,NA,0.08,159.13333333333333,103,224.43333333333337,8.12,38.10154,-91.45454,275.46666666666664,980.9333333333334
111-C2-0042,2026-02-27,2026-02-27 12:31:36,4.756666666666667,6.939,12.626666666666669,103.9,1.2366666666666666,0.8333333333333334,2.71,NA,0.08,159.4,104,225.63333333333333,8.1,38.10155666666667,-91.45451666666666,275.06666666666666,980.9333333333334
111-C2-0042,2026-02-27,2026-02-27 12:31:30,4.771333333333334,6.955,12.626666666666669,104,1.1266666666666667,0.82,2.8433333333333333,NA,0.08,159.2,103,224.96666666666667,8.11,38.10154,-91.45454,275.26666666666665,980.9333333333334
111-C2-0042,2026-02-27,2026-02-27 12:31:39,4.826666666666666,6.939333333333333,12.63,103.9,1.153333333333333,0.8,2.67,NA,0.08,159.33333333333334,104,226.06666666666663,8.096666666666666,38.10156666666667,-91.45451,275.1666666666667,980.9333333333334
111-C2-0042,2026-02-27,2026-02-27 12:31:42,4.932666666666666,6.943666666666667,12.623333333333331,103.86666666666667,1.19,0.8333333333333334,2.8533333333333335,NA,0.08,159.23333333333332,103.66666666666669,226.4,8.09,38.10157,-91.45451,275.1,980.9777777777778
111-C2-0042,2026-02-27,2026-02-27 12:31:45,4.979,6.949666666666666,12.623333333333331,103.86666666666667,1.1966666666666663,0.9066666666666666,2.7566666666666664,NA,0.08,159.16666666666666,103,226.8,8.083333333333334,38.101573333333334,-91.45451,274.59999999999997,980.9333333333334
111-C2-0042,2026-02-27,2026-02-27 12:31:48,5.129,6.973333333333334,12.616666666666664,103.86666666666667,1.2433333333333334,0.88,2.8733333333333335,NA,0.08,158.96666666666667,103,227.26666666666668,8.08,38.10158,-91.45451,274.93333333333334,980.9777777777778
111-C2-0042,2026-02-27,2026-02-27 12:31:51,5.25,6.990333333333334,12.6,103.86666666666667,1.2566666666666666,0.8666666666666667,2.89,NA,0.08,159.1,103,227.8,8.07,38.101593333333334,-91.4545,275.1,980.9777777777778
111-C2-0042,2026-02-27,2026-02-27 12:31:54,5.3326666666666664,6.972666666666667,12.606666666666666,103.83333333333334,1.21,0.87,2.643333333333333,NA,0.08,159.16666666666666,103.33333333333331,228.3,8.063333333333334,38.1016,-91.45449,274.8,980.9777777777778
111-C2-0042,2026-02-27,2026-02-27 12:31:57,5.538,6.9559999999999995,12.603333333333332,103.73333333333332,1.17,0.8166666666666667,2.78,NA,0.08,159.13333333333333,103,228.8,8.056666666666667,38.10160333333333,-91.45448666666668,274.5,981.0222222222222
111-C2-0042,2026-02-27,2026-02-27 12:32:00,5.726333333333334,6.921,12.606666666666666,103.7,1.2066666666666666,0.8433333333333333,2.8766666666666665,NA,0.08,159.2,103.33333333333331,229.63333333333333,8.046666666666667,38.10161,-91.45448,274,981.0222222222222
111-C2-0042,2026-02-27,2026-02-27 12:32:03,5.8309999999999995,6.905333333333333,12.62,103.8,1.2166666666666666,0.87,2.816666666666667,NA,0.08,159.36666666666667,104,230.2,8.04,38.101616666666665,-91.45447666666666,273.1666666666667,980.8888888888888
111-C2-0042,2026-02-27,2026-02-27 12:32:06,5.898666666666666,6.925,12.61,103.7,1.2066666666666666,0.8433333333333333,2.79,NA,0.08,159.23333333333332,103.33333333333331,230.36666666666667,8.033333333333333,38.10162333333333,-91.45446,272.2333333333333,980.9777777777778
111-C2-0042,2026-02-27,2026-02-27 12:32:09,5.9736666666666665,6.8886666666666665,12.603333333333332,103.63333333333333,1.2266666666666666,0.85,2.816666666666667,NA,0.08,159.23333333333332,103.66666666666669,230.53333333333333,8.03,38.10163333333333,-91.45446,272.1333333333333,980.9333333333334
111-C2-0042,2026-02-27,2026-02-27 12:32:18,6.137666666666666,6.866333333333333,12.613333333333332,103.6,1.1733333333333331,0.7933333333333333,2.8633333333333333,NA,0.08,159.16666666666666,103,230.8,8.04,38.101643333333335,-91.45448333333334,269.7,981.0666666666666
111-C2-0042,2026-02-27,2026-02-27 12:32:21,6.184666666666667,6.865333333333333,12.613333333333332,103.6,1.1733333333333331,0.8533333333333334,2.75,NA,0.08,159.23333333333332,103.33333333333331,230.8,8.04,38.10165,-91.45449333333332,267.7,981.0666666666666
111-C2-0042,2026-02-27,2026-02-27 12:32:24,6.280333333333333,6.833,12.606666666666666,103.5,1.2166666666666666,0.7866666666666666,2.7333333333333334,NA,0.08,159.4,104,230.86666666666667,8.04,38.10164,-91.45451,269.1333333333333,980.9777777777778
111-C2-0042,2026-02-27,2026-02-27 12:32:27,6.449666666666666,6.787333333333334,12.61,103.43333333333334,1.2766666666666666,0.81,2.8533333333333335,NA,0.08,159.4,104,230.96666666666667,8.04,38.10164,-91.45451,270.3,981.0222222222222
111-C2-0042,2026-02-27,2026-02-27 12:32:30,6.531666666666667,6.675,12.583333333333334,102.93333333333334,1.3633333333333333,0.8033333333333333,3.166666666666667,NA,0.08,159.8,104,231.1,8.04,38.10162666666667,-91.45452,272.46666666666664,981.0222222222222
111-C2-0042,2026-02-27,2026-02-27 12:32:33,6.616,6.546333333333333,12.623333333333331,102.9,1.4233333333333331,0.8666666666666667,3.07,NA,0.08,160.03333333333333,104,231.26666666666668,8.04,38.10162,-91.45453333333332,274.1,981.0222222222222
111-C2-0042,2026-02-27,2026-02-27 12:32:36,6.787,6.422,12.643333333333334,102.73333333333332,1.346666666666667,0.8266666666666667,3.11,NA,0.08,159.63333333333333,104,231.56666666666663,8.033333333333333,38.10162,-91.45454,274.73333333333335,981.0666666666666
111-C2-0042,2026-02-27,2026-02-27 12:32:39,6.876666666666667,6.409,12.62,102.46666666666668,1.39,0.83,3.27,NA,0.08,159.63333333333333,104,231.7,8.02,38.10162,-91.45455,275.2,981.0222222222222
111-C2-0042,2026-02-27,2026-02-27 12:32:42,6.918333333333334,6.380333333333334,12.596666666666666,102.2,1.5166666666666666,0.88,3.1033333333333335,NA,0.08,159.73333333333332,104,231.7,8.02,38.10161,-91.45456,275.8666666666667,981.0222222222222
111-C2-0042,2026-02-27,2026-02-27 12:32:45,7.023,6.351666666666667,12.576666666666666,101.96666666666668,1.4366666666666663,0.9166666666666666,3.12,NA,0.08,159.86666666666667,104,231.83333333333337,8.02,38.10161,-91.45456,275.8,980.9777777777778
111-C2-0042,2026-02-27,2026-02-27 12:32:48,7.17,6.350333333333333,12.553333333333336,101.76666666666668,1.596666666666667,0.94,3.1233333333333335,NA,0.08,159.63333333333333,104,231.9,8.02,38.10161,-91.45457,276.5,981.0222222222222
111-C2-0042,2026-02-27,2026-02-27 12:32:51,7.282666666666667,6.323333333333333,12.54,101.63333333333333,1.43,0.9233333333333332,3.166666666666667,NA,0.08,159.76666666666668,104,231.9,8.016666666666666,38.10161,-91.45457,276.6666666666667,980.9777777777778
111-C2-0042,2026-02-27,2026-02-27 12:32:54,7.405,6.313,12.533333333333331,101.5,1.4633333333333334,0.9466666666666668,3.3333333333333335,NA,0.08,159.56666666666666,104,231.96666666666667,8.01,38.10161,-91.45456333333334,276.93333333333334,980.9777777777778
111-C2-0042,2026-02-27,2026-02-27 12:32:57,7.534,6.302666666666667,12.516666666666666,101.36666666666667,1.6133333333333333,1.086666666666667,3.8366666666666664,NA,0.08,159.5,104,232.13333333333333,8.01,38.10161333333333,-91.45456,276.6,981.0222222222222
111-C2-0042,2026-03-20,2026-03-20 11:33:36,0.033,13.274666666666668,11.026666666666666,105.36666666666667,0.24333333333333337,0.8166666666666667,2.933333333333333,NA,0.07,143.6,93,198.46666666666667,8.133333333333335,38.10157,-91.45453333333332,273.6,981.7333333333332
111-C2-0042,2026-03-20,2026-03-20 11:33:39,0.159,13.187,11.103333333333332,105.9,0.2833333333333333,1,3.01,NA,0.07,143.06666666666666,93,197.93333333333337,8.136666666666667,38.10158333333333,-91.45454,273.6333333333333,981.6444444444444
111-C2-0042,2026-03-20,2026-03-20 11:33:42,0.4656666666666666,13.133333333333333,11.173333333333334,106.4,0.31333333333333335,1.0233333333333334,2.993333333333333,NA,0.07,142.8,93,197.2,8.14,38.10160333333333,-91.45454,273.9,981.6444444444444
111-C2-0042,2026-03-20,2026-03-20 11:33:45,0.6533333333333333,13.110333333333331,11.213333333333331,106.73333333333332,0.36,1.0766666666666669,3.8466666666666662,NA,0.07,142.93333333333334,93,196.6,8.15,38.10162,-91.45454333333332,274.0333333333333,981.7333333333332
111-C2-0042,2026-03-20,2026-03-20 11:33:48,0.7583333333333333,13.028666666666666,11.26,106.96666666666668,0.37666666666666665,1.1733333333333331,4.13,NA,0.07,143.1,93,196.13333333333333,8.15,38.10166,-91.45457,274.3333333333333,981.7333333333332
111-C2-0042,2026-03-20,2026-03-20 11:33:51,0.9003333333333333,12.955333333333334,11.3,107.16666666666669,0.4033333333333333,1.1766666666666667,3.9033333333333338,NA,0.07,142.96666666666667,93,195.9,8.153333333333334,38.10167333333334,-91.45457666666668,274.2,981.7777777777776
111-C2-0042,2026-03-20,2026-03-20 11:33:54,1.036,12.882666666666667,11.316666666666666,107.16666666666666,0.38333333333333336,1.2733333333333334,4.516666666666667,NA,0.07,143.16666666666666,93,195.6,8.16,38.101663333333335,-91.45457,274.06666666666666,981.5555555555557
111-C2-0042,2026-03-20,2026-03-20 11:33:57,1.1466666666666667,12.850666666666667,11.346666666666666,107.36666666666667,0.39333333333333337,1.2033333333333334,4.223333333333334,NA,0.07,143.2,93,195.3,8.16,38.10165,-91.45455,274.06666666666666,981.6
111-C2-0042,2026-03-20,2026-03-20 11:34:00,1.2453333333333334,12.793666666666669,11.356666666666666,107.36666666666667,0.3933333333333333,1.3166666666666669,4.233333333333333,NA,0.07,143,93,195.06666666666663,8.163333333333334,38.10165,-91.45454333333332,273.76666666666665,981.6888888888888
111-C2-0042,2026-03-20,2026-03-20 11:34:03,1.3513333333333333,12.721666666666668,11.39,107.5,0.39,1.2766666666666666,4.496666666666667,NA,0.07,142.93333333333334,93,194.83333333333337,8.17,38.10163333333333,-91.45453666666668,273.9,981.7333333333332
111-C2-0042,2026-03-20,2026-03-20 11:34:06,1.5483333333333331,12.663666666666668,11.41,107.6,0.4033333333333333,1.3666666666666667,4.153333333333333,NA,0.07,142.83333333333334,93,194.86666666666667,8.17,38.10161,-91.45452,274.23333333333335,981.7333333333332
111-C2-0042,2026-03-20,2026-03-20 11:34:09,1.645,12.575666666666669,11.436666666666666,107.56666666666666,0.43666666666666665,1.54,4.276666666666666,NA,0.07,143.2,93,194.93333333333337,8.17,38.10161333333333,-91.45452,274.5,981.6444444444444
111-C2-0042,2026-03-20,2026-03-20 11:34:12,1.7123333333333337,12.491666666666667,11.45,107.5,0.4133333333333334,1.47,4.326666666666667,NA,0.07,143.3,93,194.86666666666667,8.17,38.101616666666665,-91.45451,274.4,981.6888888888888
111-C2-0042,2026-03-20,2026-03-20 11:34:15,1.779,12.403666666666666,11.443333333333332,107.26666666666668,0.42333333333333334,1.5466666666666666,4.6,NA,0.07,143.46666666666667,93,194.83333333333337,8.17,38.10161,-91.45451,274.8666666666667,981.6
111-C2-0042,2026-03-20,2026-03-20 11:34:18,1.8603333333333336,12.191333333333333,11.456666666666669,106.86666666666667,0.4133333333333334,1.24,4.323333333333333,NA,0.07,143.76666666666668,93,194.9,8.163333333333334,38.1016,-91.45451,275.03333333333336,981.7777777777776
111-C2-0042,2026-03-20,2026-03-20 11:34:21,1.909,12.156333333333333,11.436666666666666,106.56666666666666,0.43,1.393333333333333,3.88,NA,0.07,143.36666666666667,93,194.93333333333337,8.1466666666666665,38.101596666666666,-91.45451,274.8666666666667,981.6888888888888
111-C2-0042,2026-03-20,2026-03-20 11:34:24,1.941,12.184666666666669,11.383333333333333,106.1,0.48,1.46,3.83,NA,0.07,143.23333333333332,93,195.1,8.13,38.10158333333334,-91.45451,274.83333333333337,981.8222222222222
111-C2-0042,2026-03-20,2026-03-20 11:34:27,2.0136666666666665,12.129666666666669,11.36,105.8,0.43666666666666665,1.35,3.5500000000000003,NA,0.07,143.23333333333332,93,195.5,8.11,38.101576666666666,-91.45451,274.43333333333334,981.6888888888888
111-C2-0042,2026-03-20,2026-03-20 11:34:30,2.1206666666666667,12.077666666666667,11.333333333333334,105.4,0.4133333333333334,1.23,3.296666666666667,NA,0.07,143.36666666666667,93,195.73333333333332,8.086666666666666,38.10156333333334,-91.45451,274.1666666666667,981.7777777777776
111-C2-0042,2026-03-20,2026-03-20 11:34:33,2.2916666666666665,11.942,11.313333333333334,104.96666666666668,0.38666666666666666,0.85,2.5933333333333333,NA,0.07,143.46666666666667,93,196.3,8.053333333333333,38.10155,-91.45451,274,981.6
111-C2-0042,2026-03-20,2026-03-20 11:34:36,2.3806666666666665,11.816333333333333,11.27,104.23333333333332,0.35333333333333333,0.6333333333333333,2.21,NA,0.07,143.53333333333333,93,196.36666666666667,8.033333333333333,38.10155,-91.45451,274.53333333333336,981.7777777777778
111-C2-0042,2026-03-20,2026-03-20 11:34:39,2.437333333333333,11.695,11.22,103.46666666666668,0.34,0.58,2.2266666666666666,NA,0.07,143.8,93.33333333333331,196.33333333333337,8.016666666666666,38.10154,-91.45451666666666,274.1333333333333,981.7333333333332
111-C2-0042,2026-03-20,2026-03-20 11:34:42,2.4926666666666666,11.647333333333332,11.106666666666667,102.3,0.35,0.6466666666666667,1.88,NA,0.07,143.8,93.66666666666669,196.66666666666663,7.99,38.101526666666665,-91.45451666666666,273.7,981.5555555555557
111-C2-0042,2026-03-20,2026-03-20 11:34:45,2.593,11.599333333333332,10.973333333333333,100.93333333333334,0.35333333333333333,0.8566666666666667,2.3433333333333333,NA,0.07,144.06666666666666,94,197.03333333333333,7.966666666666667,38.10152,-91.45451,273.5,981.7777777777778
111-C2-0042,2026-03-20,2026-03-20 11:34:48,2.6853333333333333,11.597666666666669,10.863333333333332,99.93333333333334,0.36,0.8733333333333334,2.493333333333333,NA,0.07,143.8,93.33333333333331,197.13333333333333,7.95,38.10152,-91.45451,273.1,981.6888888888888
111-C2-0042,2026-03-20,2026-03-20 11:34:51,2.7673333333333336,11.587666666666667,10.79,99.23333333333332,0.37333333333333335,0.97,2.56,NA,0.07,143.5,93,197.2,7.943333333333333,38.10152,-91.45451,272.5333333333333,981.7333333333332
111-C2-0042,2026-03-20,2026-03-20 11:34:54,2.856333333333333,11.583333333333334,10.77,99,0.36666666666666664,0.9933333333333334,2.5866666666666664,NA,0.07,143.3,93,197.2,7.936666666666667,38.10153,-91.45450666666666,272.43333333333334,981.6888888888888
111-C2-0042,2026-03-20,2026-03-20 11:34:57,2.9833333333333334,11.564666666666668,10.75,98.76666666666668,0.39666666666666667,1.106666666666667,2.85,NA,0.07,143.23333333333332,93,197.2,7.93,38.10153,-91.45451,272,981.7333333333332
111-C2-0042,2026-03-20,2026-03-20 11:35:00,3.0796666666666668,11.559,10.736666666666666,98.66666666666669,0.35,0.98,3.09,NA,0.07,143.36666666666667,93,197.13333333333333,7.923333333333333,38.101526666666665,-91.4545,272.3,981.6888888888888
111-C2-0042,2026-03-20,2026-03-20 11:35:03,3.166,11.521,10.726666666666668,98.5,0.36666666666666664,1.1166666666666667,2.796666666666667,NA,0.07,143.5,93,197.2,7.92,38.10151666666667,-91.4545,272.3,981.8222222222222
111-C2-0042,2026-03-20,2026-03-20 11:35:06,3.2363333333333335,11.466666666666669,10.75,98.6,0.38,1.0233333333333334,2.78,NA,0.07,143.43333333333334,93,197.2,7.92,38.101526666666665,-91.45450666666666,271.8333333333333,981.6888888888888
111-C2-0042,2026-03-20,2026-03-20 11:35:09,3.3366666666666664,11.443,10.74,98.46666666666668,0.4,0.86,2.43,NA,0.07,143.03333333333333,93,197.23333333333332,7.916666666666667,38.10151,-91.4545,271.40000000000003,981.8222222222222
111-C2-0042,2026-03-20,2026-03-20 11:35:12,3.4383333333333335,11.362,10.75,98.36666666666667,0.3566666666666667,0.7866666666666666,2.55,NA,0.07,143,93,197.33333333333337,7.91,38.10151,-91.45450666666666,270.93333333333334,981.7777777777776
111-C2-0042,2026-03-20,2026-03-20 11:35:15,3.5203333333333333,11.275666666666668,10.743333333333334,98.13333333333333,0.3433333333333333,0.8133333333333334,2.1133333333333333,NA,0.07,143.36666666666667,93,197.4,7.906666666666667,38.10151,-91.4545,270.3,981.6
111-C2-0042,2026-03-20,2026-03-20 11:35:18,3.5473333333333334,11.207,10.683333333333334,97.43333333333334,0.3466666666666667,0.7466666666666667,2.4266666666666667,NA,0.07,143.56666666666666,93,197.6,7.896666666666667,38.10151666666666,-91.45450333333334,269.7,981.8222222222222
111-C2-0042,2026-03-20,2026-03-20 11:35:21,3.618666666666667,10.882666666666664,10.656666666666666,96.53333333333332,0.33666666666666667,0.66,2.16,NA,0.07,144.13333333333333,94,197.9,7.883333333333333,38.10154,-91.45451,269.06666666666666,981.7777777777776
111-C2-0042,2026-03-20,2026-03-20 11:35:24,3.744,10.661,10.59,95.4,0.3433333333333333,0.5766666666666667,2.013333333333333,NA,0.07,143.73333333333332,93,198.16666666666663,7.866666666666667,38.101553333333335,-91.45451333333334,269,981.7333333333332
111-C2-0042,2026-03-20,2026-03-20 11:35:27,3.7656666666666663,10.612333333333334,10.5,94.4,0.35666666666666663,0.5933333333333334,2.0766666666666667,NA,0.07,143.66666666666666,93,198.1,7.86,38.10156,-91.45451666666666,268.5333333333333,981.7333333333332
111-C2-0042,2026-03-20,2026-03-20 11:35:30,3.7976666666666663,10.580333333333332,10.41,93.56666666666666,0.31666666666666665,0.6266666666666667,1.98,NA,0.07,143.8,93.33333333333331,198.16666666666663,7.85,38.10156333333333,-91.45451,269.40000000000003,981.7333333333332
111-C2-0042,2026-03-20,2026-03-20 11:35:33,3.888,10.486333333333333,10.34,92.73333333333332,0.28,0.48666666666666664,2.166666666666667,NA,0.07,144.06666666666666,94,198.33333333333337,7.84,38.10156666666667,-91.45451,270,981.7333333333332
111-C2-0042,2026-03-20,2026-03-20 11:35:36,3.9743333333333335,10.466333333333331,10.223333333333333,91.63333333333333,0.3433333333333333,0.58,2.0766666666666667,NA,0.07,143.76666666666668,93,198.43333333333337,7.826666666666667,38.10156,-91.45451,270.8,981.7333333333332
111-C2-0042,2026-03-20,2026-03-20 11:35:39,4.073666666666667,10.252666666666666,10.163333333333334,90.66666666666666,0.2733333333333333,0.5133333333333333,1.7666666666666666,NA,0.07,144.16666666666666,94,198.8,7.813333333333333,38.10156333333333,-91.45450333333334,271.3666666666667,981.8222222222222
111-C2-0042,2026-03-20,2026-03-20 11:35:42,4.141,10.125333333333334,10.096666666666668,89.76666666666667,0.26666666666666666,0.4633333333333333,1.79,NA,0.07,144.03333333333333,94,199.13333333333333,7.79,38.10158,-91.45450666666666,272.56666666666666,981.7777777777776
111-C2-0042,2026-03-20,2026-03-20 11:35:45,4.235666666666667,10.031333333333333,10.033333333333331,89,0.27,0.42,1.7466666666666666,NA,0.07,143.83333333333334,93.33333333333331,199.43333333333337,7.773333333333333,38.10159,-91.45449666666669,274.23333333333335,981.6444444444444
111-C2-0042,2026-03-20,2026-03-20 11:35:48,4.315333333333333,10.022333333333334,9.96,88.3,0.2733333333333334,0.45,1.74,NA,0.07,143.53333333333333,93,199.53333333333333,7.756666666666667,38.101576666666666,-91.45448666666668,275.06666666666666,981.8666666666668
111-C2-0042,2026-03-20,2026-03-20 11:36:24,4.326333333333333,9.864,9.663333333333334,85.36666666666667,0.2866666666666667,0.5066666666666667,1.63,NA,0.07,143,93,198.53333333333333,7.68,38.101576666666666,-91.45448666666668,278.4,981.6888888888888
111-C2-0042,2026-03-20,2026-03-20 11:35:51,4.392666666666667,9.977,9.903333333333334,87.7,0.29333333333333333,0.3466666666666667,1.65,NA,0.07,143.56666666666666,93,199.43333333333337,7.75,38.10158,-91.45447333333334,276.8,981.7777777777776
111-C2-0042,2026-03-20,2026-03-20 11:36:27,4.419666666666667,9.863666666666669,9.67,85.43333333333334,0.2733333333333334,0.49333333333333335,1.5833333333333333,NA,0.07,143.16666666666666,93,198.5,7.673333333333333,38.10159,-91.45451333333334,276.9666666666667,981.7333333333332
111-C2-0042,2026-03-20,2026-03-20 11:35:54,4.466,9.919,9.88,87.4,0.2833333333333333,0.42333333333333334,1.6466666666666667,NA,0.07,143.56666666666666,93,199.26666666666668,7.74,38.101616666666665,-91.45448666666668,278.8,981.7777777777776
111-C2-0042,2026-03-20,2026-03-20 11:35:57,4.531,9.891,9.85,87.06666666666666,0.27666666666666667,0.39,1.643333333333333,NA,0.07,143.26666666666668,93,199.2,7.74,38.10162,-91.45449,280.2,981.6888888888888
111-C2-0042,2026-03-20,2026-03-20 11:36:00,4.6066666666666665,9.874333333333333,9.816666666666666,86.73333333333333,0.3,0.44,1.586666666666667,NA,0.07,143.1,93,199.16666666666663,7.73,38.10161,-91.45447666666666,281.03333333333336,981.7333333333332
111-C2-0042,2026-03-20,2026-03-20 11:36:03,4.6643333333333334,9.867,9.79,86.5,0.26333333333333336,0.4166666666666667,1.5933333333333333,NA,0.07,143.1,93,199.2,7.72,38.10158,-91.45445333333332,280.76666666666665,981.7333333333332
111-C2-0042,2026-03-20,2026-03-20 11:36:30,4.669666666666666,9.844666666666669,9.683333333333334,85.5,0.2733333333333334,0.51,1.5466666666666666,NA,0.07,143.23333333333332,93,198.73333333333332,7.66,38.1016,-91.45451666666666,275.7,981.6444444444444
111-C2-0042,2026-03-20,2026-03-20 11:36:06,4.729,9.857,9.763333333333334,86.23333333333333,0.24666666666666667,0.42333333333333334,1.5333333333333334,NA,0.07,143.16666666666666,93,199.23333333333332,7.71,38.10154333333333,-91.45442333333334,280.6666666666667,981.7333333333332
111-C2-0042,2026-03-20,2026-03-20 11:36:09,4.819,9.845666666666666,9.746666666666666,86.03333333333333,0.31,0.42,1.5633333333333337,NA,0.07,143.2,93,199.3,7.7,38.10155,-91.45443,280.5,981.7333333333332
111-C2-0042,2026-03-20,2026-03-20 11:36:33,5.0023333333333335,9.830666666666666,9.68,85.46666666666667,0.27666666666666667,0.5366666666666667,1.51,NA,0.07,143.1,93,198.93333333333337,7.65,38.101593333333334,-91.45450666666666,274.1666666666667,981.8222222222222
111-C2-0042,2026-03-20,2026-03-20 11:36:36,5.335,9.803666666666668,9.66,85.23333333333333,0.3,0.42666666666666664,1.5433333333333332,NA,0.07,143.1,93,199.1,7.646666666666667,38.10160333333333,-91.45448,272.9,981.5555555555557
111-C2-0042,2026-03-20,2026-03-20 11:36:39,5.606333333333334,9.778,9.66,85.16666666666667,0.2966666666666667,0.49333333333333335,1.4833333333333334,NA,0.07,143.2,93,199.4,7.64,38.10161,-91.45448,271.7,981.6
111-C2-0042,2026-03-20,2026-03-20 11:36:42,5.671,9.768,9.656666666666666,85.1,0.29333333333333333,0.4266666666666667,1.77,NA,0.07,143.03333333333333,93,199.1,7.64,38.10162333333333,-91.45448,271.46666666666664,981.6888888888888
111-C2-0042,2026-03-20,2026-03-20 11:36:45,5.705666666666667,9.757333333333332,9.65,85.03333333333333,0.29000000000000004,0.46,1.64,NA,0.07,143.1,93,198.96666666666667,7.636666666666667,38.10163666666667,-91.45448333333334,272.26666666666665,981.7333333333332
111-C2-0042,2026-03-20,2026-03-20 11:36:51,5.779333333333334,9.718,9.643333333333334,84.9,0.2833333333333333,0.43333333333333335,1.5333333333333334,NA,0.07,143.23333333333335,93,198.8,7.63,38.10162666666667,-91.45446666666666,273.5333333333333,981.7777777777776
111-C2-0042,2026-03-20,2026-03-20 11:36:54,5.889666666666667,9.705,9.636666666666668,84.83333333333333,0.31666666666666665,0.4733333333333334,1.6033333333333333,NA,0.07,143,93,198.8,7.62,38.10163666666667,-91.45447666666666,274.43333333333334,981.6
111-C2-0042,2026-03-20,2026-03-20 11:37:12,5.894333333333334,9.67,9.536666666666664,83.83333333333333,0.30666666666666664,0.38666666666666666,1.4366666666666663,NA,0.07,143,93,199.5,7.59,38.10162666666667,-91.45452333333334,273.76666666666665,981.6444444444444
111-C2-0042,2026-03-20,2026-03-20 11:37:15,6.028,9.652333333333331,9.536666666666664,83.8,0.3233333333333333,0.42666666666666664,1.42,NA,0.07,143.1,93,199.73333333333335,7.58,38.101616666666665,-91.45454,273.46666666666664,981.7777777777776
111-C2-0042,2026-03-20,2026-03-20 11:36:57,6.075,9.668666666666669,9.62,84.6,0.32,0.4166666666666667,1.5333333333333334,NA,0.07,143.03333333333333,93,199.13333333333333,7.613333333333333,38.10163,-91.45447333333334,274.73333333333335,981.6888888888888
111-C2-0042,2026-03-20,2026-03-20 11:37:18,6.2763333333333335,9.589333333333334,9.53,83.63333333333333,0.27666666666666667,0.45666666666666667,1.26,NA,0.07,143.06666666666666,93,200.06666666666663,7.57,38.10160666666667,-91.45454,273.93333333333334,981.6444444444444
111-C2-0042,2026-03-20,2026-03-20 11:37:00,6.308666666666666,9.568333333333332,9.586666666666666,84.13333333333333,0.29,0.37666666666666665,1.2666666666666666,NA,0.07,143.20000000000002,93,199.43333333333337,7.6,38.10163333333333,-91.45448,274.03333333333336,981.7333333333332
111-C2-0042,2026-03-20,2026-03-20 11:37:21,6.4303333333333335,9.481,9.53,83.46666666666667,0.30333333333333334,0.4733333333333334,1.41,NA,0.07,143.2,93,200.4,7.56,38.101596666666666,-91.45454,274.56666666666666,981.7777777777776
111-C2-0042,2026-03-20,2026-03-20 11:37:24,6.602666666666667,9.324666666666667,9.526666666666666,83.1,0.30666666666666664,0.4666666666666667,1.4166666666666663,NA,0.07,143.23333333333332,93,200.66666666666663,7.553333333333333,38.10158,-91.45454,275,981.7333333333332
111-C2-0042,2026-03-20,2026-03-20 11:37:27,6.827333333333334,9.220666666666666,9.516666666666666,82.8,0.2966666666666667,0.44,1.47,NA,0.07,143.06666666666666,93,200.96666666666667,7.55,38.10158333333333,-91.45454,275.1333333333333,981.7333333333332
111-C2-0042,2026-03-20,2026-03-20 11:37:30,7.001333333333333,9.195,9.533333333333331,82.9,0.38333333333333336,0.49333333333333335,1.4933333333333334,NA,0.07,142.83333333333334,93,201.1,7.543333333333333,38.101593333333334,-91.45454333333332,274.6666666666667,981.6888888888888
111-C2-0042,2026-03-20,2026-03-20 11:37:33,7.148333333333333,9.179333333333334,9.55,82.96666666666667,0.3333333333333333,0.4633333333333333,1.5566666666666666,NA,0.07,142.5,93,201.5,7.536666666666667,38.10156333333334,-91.45452,274.2,981.6444444444444
111-C2-0042,2026-03-20,2026-03-20 11:37:36,7.255333333333334,9.173666666666668,9.556666666666668,83.06666666666666,0.3466666666666667,0.4066666666666667,1.55,NA,0.07,142.83333333333334,93,201.8,7.53,38.10151,-91.45451,275.56666666666666,981.6444444444444
111-C2-0042,2026-03-20,2026-03-20 11:37:39,7.336,9.142333333333331,9.556666666666668,83,0.37666666666666665,0.5066666666666667,2.41,NA,0.07,142.9,93,202.1,7.526666666666666,38.10147333333334,-91.45450666666666,276.5,981.7777777777776
111-C2-0042,2026-03-20,2026-03-20 11:37:42,7.447,9.123666666666669,9.546666666666669,82.86666666666667,0.4166666666666667,0.5933333333333334,7,NA,0.07,142.86666666666667,93,202.46666666666667,7.516666666666667,38.10144666666667,-91.45448666666668,277,981.8666666666668
111-C2-0042,2026-03-20,2026-03-20 11:37:48,7.519333333333334,9.116333333333332,9.51,82.5,0.5966666666666667,0.6866666666666666,14.896666666666668,NA,0.07,142.66666666666666,93,203.23333333333332,7.496666666666667,38.10142333333334,-91.45444666666668,278.2,981.7777777777776
111-C2-0042,2026-04-06,2026-04-06 09:39:51,0.03333333333333333,16.191333333333333,10.403333333333334,105.86666666666666,0.26666666666666666,3.033333333333333,7.6,NA,0.07,141.9,92,181.86666666666667,8.39,38.10149666666667,-91.45446,271.3333333333333,994.2666666666668
111-C2-0042,2026-04-06,2026-04-06 09:39:54,0.111,16.186,10.47,106.56666666666666,0.27666666666666667,2.8266666666666667,7.733333333333333,NA,0.07,142.06666666666666,92,181.9,8.43,38.10149,-91.45446,271.4,994.2666666666668
111-C2-0042,2026-04-06,2026-04-06 09:40:00,0.17266666666666666,16.174666666666667,10.56,107.4,0.29000000000000004,3.0033333333333334,8.04,NA,0.07,141.9,92,182.16666666666663,8.486666666666666,38.10149666666667,-91.45446,271.3666666666667,994.1777777777778
111-C2-0042,2026-04-06,2026-04-06 09:40:03,0.20533333333333337,16.167666666666666,10.59,107.7,0.2866666666666667,3.0866666666666664,8.14,NA,0.07,141.93333333333334,92,182.63333333333333,8.503333333333334,38.1015,-91.45446,271.16666666666663,994.0888888888888
111-C2-0042,2026-04-06,2026-04-06 09:40:06,0.279,16.16466666666667,10.616666666666664,107.96666666666668,0.3,3.263333333333333,8.05,NA,0.07,141.9,92,182.83333333333337,8.516666666666666,38.10149666666667,-91.45445666666666,270.73333333333335,994.1777777777778
111-C2-0042,2026-04-06,2026-04-06 09:40:09,0.35733333333333334,16.158666666666665,10.636666666666668,108.16666666666669,0.33333333333333337,3.28,8.48,NA,0.07,141.8,92,183.3,8.526666666666666,38.10149,-91.45445,270.46666666666664,994.1333333333332
111-C2-0042,2026-04-06,2026-04-06 09:40:12,0.3973333333333333,16.167333333333335,10.643333333333334,108.23333333333332,0.32,3.0733333333333333,8.283333333333333,NA,0.07,141.83333333333334,92,183.7,8.543333333333333,38.10149,-91.45444,270.5,994.1333333333332
111-C2-0042,2026-04-06,2026-04-06 09:40:15,0.4673333333333333,16.155,10.656666666666666,108.4,0.30666666666666664,3.54,8.68,NA,0.07,141.96666666666667,92,184.16666666666663,8.55,38.10149,-91.45444,270.46666666666664,994.1333333333332
111-C2-0042,2026-04-06,2026-04-06 09:40:18,0.5003333333333333,16.148,10.67,108.43333333333334,0.3466666666666667,4.003333333333334,9.653333333333334,NA,0.07,141.83333333333334,92,184.73333333333332,8.55,38.1015,-91.45444,270.43333333333334,994.1333333333332
111-C2-0042,2026-04-06,2026-04-06 09:40:21,0.5593333333333333,16.153333333333332,10.673333333333334,108.53333333333332,0.32666666666666666,3.486666666666667,9.276666666666667,NA,0.07,141.86666666666667,92,185.3,8.556666666666667,38.10151,-91.45444,270.03333333333336,994.0888888888888
111-C2-0042,2026-04-06,2026-04-06 09:40:24,0.6383333333333333,16.143333333333334,10.663333333333334,108.4,0.30333333333333334,3.53,8.32,NA,0.07,142.06666666666666,92,185.66666666666663,8.56,38.10151,-91.45443333333334,270,994.1333333333332
111-C2-0042,2026-04-06,2026-04-06 09:40:27,0.7266666666666667,16.137333333333334,10.673333333333334,108.5,0.3566666666666667,3.923333333333334,9.336666666666666,NA,0.07,142.06666666666666,92,186.33333333333337,8.56,38.10151,-91.45442666666666,269.8666666666667,994.0888888888888
111-C2-0042,2026-04-06,2026-04-06 09:40:30,0.7946666666666666,16.145999999999997,10.68,108.6,0.34,3.7533333333333334,9.346666666666668,NA,0.07,141.86666666666667,92,186.53333333333333,8.566666666666666,38.10151,-91.45442,269.7,994.1333333333332
111-C2-0042,2026-04-06,2026-04-06 09:40:33,0.8683333333333333,16.143333333333334,10.68,108.6,0.33666666666666667,3.876666666666667,9.84,NA,0.07,141.96666666666667,92,186.8,8.57,38.10151,-91.45441,269.7,994.1333333333332
111-C2-0042,2026-04-06,2026-04-06 09:40:36,0.9623333333333332,16.121666666666666,10.69,108.6,0.32,3.6266666666666665,9.173333333333334,NA,0.07,142,92,187.3,8.57,38.10151,-91.45441,269.73333333333335,994.0888888888888
111-C2-0042,2026-04-06,2026-04-06 09:41:09,0.9906666666666668,16.09,10.69,108.56666666666666,0.3566666666666667,3.8433333333333337,10.016666666666667,NA,0.07,142.13333333333333,92,193.13333333333333,8.56,38.10153333333333,-91.45438666666666,270.3666666666667,994.1333333333332
111-C2-0042,2026-04-06,2026-04-06 09:40:42,1.0346666666666666,16.074666666666666,10.68,108.4,0.32,3.86,9.6033333333333335,NA,0.07,142.1,92,187.83333333333337,8.576666666666666,38.10151,-91.45439333333334,269.8333333333333,994.1777777777778
111-C2-0042,2026-04-06,2026-04-06 09:40:51,1.1036666666666668,16.069,10.66,108.2,0.32333333333333336,3.7066666666666666,9.843333333333334,NA,0.07,142,92,189.7,8.566666666666666,38.10149333333333,-91.45436666666666,269.76666666666665,994.1777777777778
111-C2-0042,2026-04-06,2026-04-06 09:40:54,1.1873333333333334,16.080666666666666,10.67,108.3,0.31,3.896666666666667,10.523333333333332,NA,0.07,142.1,92,189.83333333333337,8.573333333333334,38.10149,-91.45436,269.8,994.1333333333332
111-C2-0042,2026-04-06,2026-04-06 09:41:12,1.224,16.076999999999998,10.68,108.46666666666668,0.3333333333333333,4.07,9.82,NA,0.07,142.16666666666666,92,193.23333333333332,8.563333333333334,38.10154,-91.4544,270.4,994.0888888888888
111-C2-0042,2026-04-06,2026-04-06 09:41:15,1.4483333333333333,16.052666666666667,10.676666666666666,108.33333333333331,0.36333333333333334,4.123333333333333,9.303333333333333,NA,0.07,142.06666666666666,92,193.33333333333337,8.563333333333334,38.10154,-91.45441,270.76666666666665,994.1333333333332
111-C2-0042,2026-04-06,2026-04-06 09:41:18,1.626,16.037,10.676666666666666,108.26666666666668,0.38333333333333336,3.9,9.1033333333333335,NA,0.07,142.03333333333333,92,193.66666666666663,8.56,38.10154,-91.45441333333332,271,994.1333333333332
111-C2-0042,2026-04-06,2026-04-06 09:41:21,1.726,16.032666666666668,10.663333333333334,108.13333333333333,0.33,4.09,9.88,NA,0.07,142.06666666666666,92,194.1,8.56,38.10154333333333,-91.45442333333334,270.93333333333334,994.1333333333332
111-C2-0042,2026-04-06,2026-04-06 09:41:24,1.7973333333333334,16.032,10.656666666666666,108.06666666666666,0.3433333333333333,4.076666666666666,9.716666666666669,NA,0.07,141.96666666666667,92,194.76666666666668,8.553333333333335,38.10154666666667,-91.45443,270.8666666666667,994.0888888888888
111-C2-0042,2026-04-06,2026-04-06 09:41:27,1.87,16.033,10.643333333333334,107.96666666666668,0.39,4.256666666666667,9.233333333333333,NA,0.07,142.03333333333333,92,195.3,8.55,38.10154,-91.45444,270.96666666666664,994.1333333333332
111-C2-0042,2026-04-06,2026-04-06 09:41:30,1.9633333333333336,16.031,10.63,107.8,0.32333333333333336,3.6366666666666663,9.486666666666666,NA,0.07,142.1,92,195.66666666666663,8.55,38.10154,-91.45444,270.96666666666664,994.0444444444444
111-C2-0042,2026-04-06,2026-04-06 09:41:33,2.0216666666666665,16.031666666666666,10.623333333333331,107.73333333333332,0.30333333333333334,3.83,8.99,NA,0.07,142.16666666666666,92,196.1,8.546666666666667,38.10153666666667,-91.45444,271,994.1777777777778
111-C2-0042,2026-04-06,2026-04-06 09:41:36,2.0733333333333333,16.028,10.616666666666664,107.66666666666669,0.32,4.006666666666667,9.323333333333334,NA,0.07,142.13333333333333,92,196.66666666666663,8.54,38.10153,-91.45444,271.23333333333335,994.1333333333332
111-C2-0042,2026-04-06,2026-04-06 09:41:45,2.091666666666667,16.029,10.606666666666666,107.53333333333332,0.30666666666666664,4.02,9.466666666666669,NA,0.07,142.1,92,197.93333333333337,8.533333333333333,38.10152,-91.45446666666666,271.1666666666667,994.1333333333332
111-C2-0042,2026-04-06,2026-04-06 09:41:48,2.1756666666666664,16.032666666666668,10.6,107.53333333333332,0.31333333333333335,3.8,9.083333333333332,NA,0.07,141.96666666666667,92,198,8.543333333333333,38.10152,-91.45448,271.1333333333333,994.0888888888888
111-C2-0042,2026-04-06,2026-04-06 09:42:21,2.226,16.035,10.603333333333332,107.53333333333332,0.35,4.1433333333333335,9.763333333333334,NA,0.07,142.2,92,201.93333333333337,8.53,38.10149666666667,-91.45455666666666,271.73333333333335,994.1333333333332
111-C2-0042,2026-04-06,2026-04-06 09:41:51,2.3123333333333336,16.043333333333333,10.6,107.56666666666666,0.32,3.91,9.856666666666667,NA,0.07,142.03333333333333,92,198.3,8.55,38.10152,-91.45448,271.1666666666667,994.1333333333332
111-C2-0042,2026-04-06,2026-04-06 09:41:54,2.392333333333333,16.041666666666668,10.61,107.63333333333333,0.35333333333333333,4.09,9.7,NA,0.07,142.1,92,198.66666666666663,8.546666666666667,38.10151666666667,-91.45448666666668,271.23333333333335,994.0888888888888
111-C2-0042,2026-04-06,2026-04-06 09:41:57,2.465666666666667,16.037666666666667,10.613333333333332,107.66666666666669,0.33666666666666667,3.913333333333333,9.623333333333331,NA,0.07,142.13333333333333,92,199.06666666666663,8.54,38.10151,-91.45449,271.3,994.1333333333332
111-C2-0042,2026-04-06,2026-04-06 09:42:24,2.498666666666667,16.026333333333334,10.61,107.56666666666666,0.32333333333333336,3.876666666666667,9.273333333333332,NA,0.07,142.16666666666666,92,202.43333333333337,8.53,38.1015,-91.45457,271.7,994.1333333333332
111-C2-0042,2026-04-06,2026-04-06 09:42:00,2.5243333333333333,16.032333333333334,10.613333333333332,107.63333333333333,0.37,4.213333333333334,10.203333333333331,NA,0.07,142.1,92,199.43333333333337,8.54,38.101506666666666,-91.45449,271.1666666666667,994.1333333333332
111-C2-0042,2026-04-06,2026-04-06 09:42:06,2.595,16.026333333333334,10.61,107.6,0.36333333333333334,4.466666666666667,9.61,NA,0.07,142.16666666666666,92,200,8.54,38.10149,-91.45449,271.3,994.1333333333332
111-C2-0042,2026-04-06,2026-04-06 09:42:09,2.671666666666667,16.026666666666667,10.603333333333332,107.53333333333332,0.3433333333333333,4.19,9.253333333333334,NA,0.07,142.13333333333333,92,200.36666666666667,8.54,38.10148,-91.45449666666669,271.26666666666665,994.0444444444444
111-C2-0042,2026-04-06,2026-04-06 09:42:27,2.88,16.02133333333333,10.6,107.46666666666668,0.33666666666666667,3.756666666666667,9.58,NA,0.07,142.06666666666666,92,202.43333333333337,8.53,38.1015,-91.45457666666668,271.6333333333333,994.0888888888888
111-C2-0042,2026-04-06,2026-04-06 09:42:30,3.086666666666667,16.017,10.593333333333334,107.43333333333334,0.31333333333333335,4.006666666666667,10.006666666666666,NA,0.07,142.16666666666666,92,202.66666666666663,8.53,38.10151,-91.45459,271.5,994.0888888888888
111-C2-0042,2026-04-06,2026-04-06 09:42:33,3.234,16.015333333333334,10.59,107.4,0.32,4.13,10.14,NA,0.07,142.23333333333332,92.33333333333331,202.76666666666668,8.53,38.10151,-91.4546,271.2,994.1333333333332
111-C2-0042,2026-04-06,2026-04-06 09:42:36,3.4913333333333334,16.014333333333333,10.59,107.33333333333331,0.35666666666666663,4.203333333333333,10.176666666666668,NA,0.07,142.1,92,202.56666666666663,8.54,38.10151,-91.4546,271.06666666666666,994.0888888888888
111-C2-0042,2026-04-06,2026-04-06 09:42:39,3.705666666666666,16.013666666666666,10.59,107.3,0.32,4.0633333333333335,9.916666666666666,NA,0.07,142.06666666666666,92,202.9,8.54,38.10151,-91.4546,271.1,994.0888888888888
111-C2-0042,2026-04-06,2026-04-06 09:42:42,3.796666666666667,16.013,10.586666666666666,107.3,0.3233333333333333,4.073333333333333,9.863333333333332,NA,0.07,142.03333333333333,92,203.23333333333332,8.54,38.10151,-91.45459333333334,271.1,994.0444444444444
111-C2-0042,2026-04-06,2026-04-06 09:43:03,3.816,16.017666666666667,10.57,107.16666666666669,0.37333333333333335,4.403333333333333,10.676666666666666,NA,0.07,142.06666666666666,92,206.1,8.52,38.10152,-91.45453333333332,271.06666666666666,994.0888888888888
111-C2-0042,2026-04-06,2026-04-06 09:42:45,3.8716666666666666,16.009333333333334,10.58,107.3,0.30666666666666664,3.8333333333333335,10.15,NA,0.07,142.13333333333333,92,203.83333333333337,8.53,38.10151,-91.45459,270.93333333333334,994.0444444444444
111-C2-0042,2026-04-06,2026-04-06 09:43:06,3.8836666666666666,16.01833333333333,10.57,107.2,0.38,4.3,10.866666666666667,NA,0.07,142.1,92,206.13333333333333,8.53,38.10152,-91.45452333333334,270.8666666666667,994.0888888888888
111-C2-0042,2026-04-06,2026-04-06 09:42:48,3.999,16.009,10.58,107.23333333333332,0.31,3.97,11.11,NA,0.07,142.13333333333333,92,204.33333333333337,8.53,38.10151,-91.454580000000007,271.06666666666666,994.0444444444444
111-C2-0042,2026-04-06,2026-04-06 09:43:09,4.128,16.015333333333334,10.58,107.23333333333332,0.34,4.196666666666667,10.293333333333331,NA,0.07,142.26666666666668,92.33333333333331,206.5,8.526666666666666,38.10153,-91.45451,271.03333333333336,994.0888888888888
111-C2-0042,2026-04-06,2026-04-06 09:43:12,4.371333333333333,16.014,10.58,107.3,0.37333333333333335,4.7299999999999995,10.576666666666666,NA,0.07,142.26666666666668,92,206.73333333333332,8.523333333333333,38.10153,-91.45451,271.1,994.1333333333332
111-C2-0042,2026-04-06,2026-04-06 09:43:15,4.516,16.011333333333333,10.58,107.26666666666668,0.38333333333333336,4.733333333333333,10.596666666666668,NA,0.07,142.06666666666666,92,206.76666666666668,8.53,38.101526666666665,-91.45451,271.1333333333333,994.1333333333332
111-C2-0042,2026-04-06,2026-04-06 09:43:18,4.625333333333334,16.010666666666665,10.58,107.23333333333332,0.36333333333333334,4.636666666666667,10.576666666666666,NA,0.07,142.23333333333335,92.33333333333331,206.5,8.536666666666665,38.10152,-91.4545,271.3333333333333,994.1333333333332
111-C2-0042,2026-04-06,2026-04-06 09:43:24,4.678333333333334,16.010666666666665,10.58,107.2,0.36000000000000004,4.29,10.403333333333332,NA,0.07,142.33333333333334,92.66666666666669,207.06666666666663,8.53,38.10152,-91.45448333333334,271.7,994.1333333333332
111-C2-0042,2026-04-06,2026-04-06 09:43:27,4.764,16.01,10.573333333333334,107.2,0.3466666666666667,4.533333333333333,9.97,NA,0.07,142.23333333333332,92.33333333333331,207.43333333333337,8.53,38.10152,-91.45448,271.6333333333333,994.1333333333332
111-C2-0042,2026-04-06,2026-04-06 09:43:30,4.867,16.009333333333334,10.58,107.23333333333332,0.33,4.456666666666667,9.313333333333334,NA,0.07,142.16666666666666,92,207.8,8.53,38.10153,-91.45448,271.8,994.1333333333332
111-C2-0042,2026-04-06,2026-04-06 09:43:33,4.899666666666667,16.011333333333333,10.57,107.2,0.31666666666666665,4.01,10.346666666666668,NA,0.07,142.1,92,208.03333333333333,8.53,38.10154,-91.45448,272,994.1333333333332
111-C2-0042,2026-04-06,2026-04-06 09:43:36,4.959333333333333,16.011666666666667,10.58,107.2,0.31,3.84,10.06,NA,0.07,142.2,92,208.2,8.53,38.10154666666667,-91.45448,271.76666666666665,994.1333333333332
111-C2-0042,2026-04-06,2026-04-06 09:43:39,5.137333333333333,16.007333333333335,10.573333333333334,107.2,0.36,4.003333333333334,10.406666666666666,NA,0.07,142.36666666666667,93,208.5,8.526666666666666,38.10155,-91.45448,271.5,994.0444444444444
111-C2-0042,2026-04-06,2026-04-06 09:43:42,5.325,16.001,10.57,107.1,0.31666666666666665,3.98,10.166666666666668,NA,0.07,142.4,92.66666666666669,208.96666666666667,8.52,38.10155,-91.45448,271.3,994.0888888888888
111-C2-0042,2026-04-06,2026-04-06 09:43:45,5.418,15.997333333333334,10.57,107.1,0.29,3.9566666666666666,10.383333333333333,NA,0.07,142.4,93,209.13333333333333,8.52,38.10155,-91.45448,271.1333333333333,994.1333333333332
111-C2-0042,2026-04-06,2026-04-06 09:43:48,5.514,15.994333333333334,10.563333333333334,107.03333333333332,0.30333333333333334,4.173333333333334,10.106666666666667,NA,0.07,142.3,92.66666666666669,209.33333333333337,8.52,38.10155,-91.45448,271.1666666666667,994.0888888888888
111-C2-0042,2026-04-06,2026-04-06 09:43:51,5.542666666666666,15.993333333333334,10.553333333333336,107,0.32,4.033333333333333,9.376666666666669,NA,0.07,142.33333333333334,92.66666666666669,209.46666666666667,8.52,38.10154666666667,-91.45448,271,994.0888888888888
111-C2-0042,2026-04-06,2026-04-06 09:43:54,5.608,15.989,10.55,106.93333333333334,0.33666666666666667,4.233333333333333,9.98,NA,0.07,142.23333333333332,92.33333333333331,209.6,8.516666666666666,38.10154,-91.45448,271.06666666666666,994.1777777777778
111-C2-0042,2026-04-06,2026-04-06 09:44:09,5.624333333333333,15.973333333333333,10.503333333333334,106.43333333333334,0.33666666666666667,4.06,10.213333333333331,NA,0.07,142.46666666666667,93,211.63333333333333,8.49,38.10151,-91.45445666666666,271.76666666666665,994.0444444444444
111-C2-0042,2026-04-06,2026-04-06 09:43:57,5.6466666666666665,15.984666666666667,10.536666666666664,106.73333333333332,0.3766666666666667,4.053333333333334,10.056666666666668,NA,0.07,142.2,92,209.93333333333337,8.51,38.10154,-91.45448,271.03333333333336,994.0888888888888
111-C2-0042,2026-04-06,2026-04-06 09:44:12,5.659666666666666,15.984333333333334,10.5,106.36666666666667,0.31666666666666665,4.173333333333334,9.68,NA,0.07,142.4,93,211.66666666666663,8.493333333333334,38.1015,-91.45445,271.8333333333333,994.0444444444444
111-C2-0042,2026-04-06,2026-04-06 09:44:15,5.930666666666667,15.987666666666666,10.5,106.4,0.34,4.24,10.293333333333331,NA,0.07,142.43333333333334,93,211.83333333333337,8.496666666666666,38.1015,-91.45446333333334,271.6666666666667,994.1333333333332
111-C2-0042,2026-04-06,2026-04-06 09:44:18,6.199333333333334,15.972,10.503333333333334,106.36666666666667,0.35666666666666663,4.46,9.903333333333334,NA,0.07,142.46666666666667,93,212,8.49,38.1015,-91.45447666666666,271.8,994.0888888888888
111-C2-0042,2026-04-06,2026-04-06 09:44:24,6.288666666666667,15.933,10.476666666666668,106,0.34,4.256666666666667,9.67,NA,0.07,142.56666666666666,93,212.33333333333337,8.483333333333334,38.10151,-91.4545,272.1666666666667,994.0888888888888
111-C2-0042,2026-04-06,2026-04-06 09:44:27,6.385666666666666,15.929666666666668,10.45,105.76666666666668,0.31333333333333335,3.893333333333333,9.416666666666666,NA,0.07,142.56666666666666,93,212.73333333333332,8.476666666666667,38.10151,-91.45451,272.1,994.1777777777778
111-C2-0042,2026-04-06,2026-04-06 09:44:30,6.5376666666666665,15.924333333333331,10.43,105.56666666666666,0.31666666666666665,3.71,9.243333333333334,NA,0.07,142.63333333333333,93,213.06666666666663,8.47,38.10151,-91.45451,272,994.0888888888888
111-C2-0042,2026-04-06,2026-04-06 09:44:33,6.689666666666667,15.903666666666666,10.413333333333334,105.33333333333334,0.3,4.053333333333333,9.406666666666666,NA,0.07,142.56666666666666,93,213.2,8.463333333333335,38.1015,-91.45451,271.73333333333335,994.0444444444444
111-C2-0042,2026-04-06,2026-04-06 09:44:36,6.8196666666666665,15.883333333333333,10.39,105,0.33666666666666667,4.3933333333333335,10.216666666666669,NA,0.07,142.76666666666668,93,213.5,8.453333333333333,38.1015,-91.45452,271.46666666666664,994.1333333333332
111-C2-0042,2026-04-06,2026-04-06 09:44:39,6.967333333333333,15.857666666666669,10.356666666666666,104.66666666666669,0.31666666666666665,4.3966666666666665,11.513333333333334,NA,0.07,142.86666666666667,93,213.83333333333337,8.44,38.10149333333333,-91.45452333333334,271.23333333333335,994.1333333333332
111-C2-0042,2026-04-06,2026-04-06 09:45:06,7.091333333333333,15.591333333333331,9.876666666666669,99.2,0.5033333333333333,9.856666666666667,20.983333333333334,NA,0.07,143.6,93,217.5,8.27,38.10154,-91.45451,271.2,994.0888888888888
111-C2-0042,2026-04-06,2026-04-06 09:44:42,7.108666666666667,15.807,10.31,104.1,0.35333333333333333,5.286666666666667,14.766666666666667,NA,0.07,143.03333333333333,93,214.2,8.43,38.10149,-91.45453,271.06666666666666,994.1333333333332
111-C2-0042,2026-04-06,2026-04-06 09:44:45,7.21,15.632333333333332,10.243333333333334,103.13333333333333,0.48333333333333334,10.336666666666666,21.12666666666667,NA,0.07,143.6,93.33333333333331,214.8,8.406666666666666,38.10149,-91.45453,271.06666666666666,994.0888888888888
111-C2-0042,2026-04-06,2026-04-06 09:45:09,7.241333333333333,15.591666666666669,9.88,99.3,0.5866666666666667,12.51,25.226666666666667,NA,0.07,143.6,93,217.56666666666663,8.266666666666666,38.10154,-91.4545,271.06666666666666,994.1333333333332
111-C2-0042,2026-04-06,2026-04-06 09:44:48,7.287333333333334,15.511333333333331,10.2,102.3,0.5533333333333333,12.206666666666669,27.35333333333333,NA,0.07,144.06666666666666,94,215.56666666666663,8.37,38.10149,-91.45453,270.8333333333333,994.0444444444444
111-C2-0042,2026-04-06,2026-04-06 09:45:12,7.420666666666667,15.502,9.883333333333336,99.13333333333333,1.1666666666666663,13.41,29.176666666666662,NA,0.07,143.9,94,218.16666666666663,8.246666666666666,38.10154,-91.45449,271.26666666666665,994.0888888888888
111-C2-0042,2026-04-06,2026-04-06 09:45:15,7.512666666666667,15.456333333333331,9.87,98.83333333333331,1.0433333333333334,12.28,33.97666666666667,NA,0.07,144,94,218.33333333333337,8.24,38.10154,-91.45448,271.6,994
111-C2-0042,2026-04-06,2026-04-06 09:45:21,7.566,15.46,9.816666666666666,98.36666666666667,0.8466666666666667,12.86,30.85,NA,0.07,144.06666666666666,94,218.53333333333333,8.23,38.10154333333333,-91.45448,272,994.1333333333332
111-C5-0095,2026-01-22,2026-01-22 11:42:30,0.079,3.561,12.81,96.6,0.47,0,0.67,NA,0.07,156.6,102,190.2,7.76,38.09286,-91.45673,268.3,993.4666666666668
111-C5-0095,2026-01-22,2026-01-22 11:42:31,0.12,3.576,12.81,96.6,0.48,0.03,0.68,NA,0.07,156.6,102,190.2,7.77,38.09286,-91.45673,268.4,993.4666666666668
111-C5-0095,2026-01-22,2026-01-22 11:42:32,0.316,3.576,12.81,96.7,0.5,0.05,0.69,NA,0.07,156.7,102,190.2,7.77,38.09286,-91.45673,268.4,993.4666666666668
111-C5-0095,2026-01-22,2026-01-22 11:42:33,0.427,3.576,12.81,96.7,0.54,0.04,0.72,NA,0.07,156.7,102,190.2,7.77,38.09286,-91.45673,268.4,993.4666666666668
111-C5-0095,2026-01-22,2026-01-22 11:42:34,0.535,3.574,12.81,96.7,0.66,0.09,0.95,NA,0.07,156.8,102,190.2,7.78,38.09286,-91.45674,268.5,993.4666666666668
111-C5-0095,2026-01-22,2026-01-22 11:42:35,0.711,3.553,12.81,96.7,0.77,0.07,1.02,NA,0.07,157,102,190.2,7.78,38.09286,-91.45674,268.5,993.4666666666668
111-C5-0095,2026-01-22,2026-01-22 11:42:36,0.824,3.548,12.81,96.6,0.85,0.04,1.18,NA,0.07,156.9,102,190.2,7.78,38.09286,-91.45674,268.5,993.3333333333334
111-C5-0095,2026-01-22,2026-01-22 11:42:37,1.038,3.514,12.81,96.6,1.05,0.14,1.42,NA,0.07,157,102,190.2,7.79,38.09286,-91.45674,268.5,993.4666666666668
111-C5-0095,2026-01-22,2026-01-22 11:42:38,1.12,3.485,12.83,96.6,1.25,0.21,1.57,NA,0.07,156.9,102,190.3,7.79,38.09286,-91.45674,268.6,993.4666666666668
111-C5-0095,2026-01-22,2026-01-22 11:42:39,1.215,3.473,12.84,96.7,1.36,0.17,1.72,NA,0.07,156.9,102,190.3,7.79,38.09286,-91.45674,268.9,993.4666666666668
111-C5-0095,2026-01-22,2026-01-22 11:42:40,1.323,3.464,12.85,96.7,1.48,0.21,1.79,NA,0.07,156.9,102,190.3,7.79,38.09286,-91.45674,268.8,993.4666666666668
111-C5-0095,2026-01-22,2026-01-22 11:42:41,1.359,3.46,12.85,96.7,1.58,0.19,1.88,NA,0.07,156.7,102,190.3,7.79,38.09286,-91.45674,269.1,993.4666666666668
111-C5-0095,2026-01-22,2026-01-22 11:42:42,1.434,3.454,12.85,96.7,1.63,0.2,2.31,NA,0.07,156.7,102,190.3,7.79,38.09286,-91.45674,269.1,993.4666666666668
111-C5-0095,2026-01-22,2026-01-22 11:42:43,1.526,3.453,12.85,96.7,1.66,0.23,2.47,NA,0.07,156.6,102,190.4,7.8,38.09286,-91.45674,269,993.4666666666668
111-C5-0095,2026-01-22,2026-01-22 11:42:44,1.677,3.456,12.85,96.7,1.73,0.24,2.33,NA,0.07,156.6,102,190.4,7.8,38.09286,-91.45674,269.1,993.2
111-C5-0095,2026-01-22,2026-01-22 11:42:45,1.704,3.458,12.85,96.7,1.78,0.24,2.6,NA,0.07,156.5,102,190.4,7.8,38.09286,-91.45674,269.1,993.3333333333334
111-C5-0095,2026-01-22,2026-01-22 11:42:46,1.731,3.458,12.85,96.7,1.83,0.3,2.58,NA,0.07,156.6,102,190.4,7.8,38.09286,-91.45674,269.2,993.3333333333334
111-C5-0095,2026-01-22,2026-01-22 11:42:47,1.808,3.461,12.86,96.7,1.87,0.29,2.57,NA,0.07,156.5,102,190.4,7.8,38.09286,-91.45674,269.3,993.4666666666668
111-C5-0095,2026-01-22,2026-01-22 11:42:48,1.863,3.462,12.86,96.8,1.88,0.2,2.53,NA,0.07,156.5,102,190.4,7.8,38.09286,-91.45674,269.3,993.4666666666668
111-C5-0095,2026-01-22,2026-01-22 11:42:49,1.949,3.464,12.86,96.8,1.92,0.24,2.47,NA,0.07,156.6,102,190.4,7.8,38.09286,-91.45675,269.4,993.4666666666668
111-C5-0095,2026-01-22,2026-01-22 11:42:50,2.036,3.472,12.86,96.8,1.98,0.31,2.68,NA,0.07,156.7,102,190.4,7.8,38.09286,-91.45675,269.5,993.4666666666668
111-C5-0095,2026-01-22,2026-01-22 11:42:51,2.092,3.473,12.86,96.8,1.99,0.31,2.93,NA,0.07,156.8,102,190.4,7.8,38.09286,-91.45675,269.6,993.4666666666668
111-C5-0095,2026-01-22,2026-01-22 11:42:52,2.132,3.473,12.86,96.8,2,0.29,2.98,NA,0.07,156.8,102,190.4,7.81,38.09286,-91.45675,269.6,993.4666666666668
111-C5-0095,2026-01-22,2026-01-22 11:42:57,2.199,3.485,12.86,96.8,2.06,0.21,2.98,NA,0.07,156.7,102,190.4,7.81,38.09286,-91.45675,269.7,993.4666666666668
111-C5-0095,2026-01-22,2026-01-22 11:42:58,2.226,3.484,12.86,96.9,2.12,0.3,3.04,NA,0.07,156.7,102,190.4,7.81,38.09286,-91.45676,269.4,993.4666666666668
111-C5-0095,2026-01-22,2026-01-22 11:42:59,2.304,3.485,12.87,96.8,2.11,0.27,2.96,NA,0.07,156.6,102,190.4,7.81,38.09286,-91.45676,269.2,993.4666666666668
111-C5-0095,2026-01-22,2026-01-22 11:43:00,2.359,3.485,12.86,96.8,2.06,0.36,2.75,NA,0.07,156.8,102,190.4,7.81,38.09286,-91.45676,269.2,993.4666666666668
111-C5-0095,2026-01-22,2026-01-22 11:43:01,2.388,3.484,12.86,96.8,2.12,0.41,3,NA,0.07,156.8,102,190.4,7.81,38.09286,-91.45676,269.5,993.4666666666668
111-C5-0095,2026-01-22,2026-01-22 11:43:02,2.418,3.484,12.86,96.8,2.18,0.38,3.21,NA,0.07,156.7,102,190.4,7.81,38.09286,-91.45676,269.6,993.4666666666668
111-C5-0095,2026-01-22,2026-01-22 11:43:03,2.485,3.483,12.86,96.8,2.11,0.34,3.16,NA,0.07,156.9,102,190.4,7.81,38.09286,-91.45676,269.6,993.4666666666668
111-C5-0095,2026-01-22,2026-01-22 11:43:04,2.541,3.487,12.86,96.9,2.06,0.22,3.05,NA,0.07,156.9,102,190.4,7.81,38.09286,-91.45676,269.7,993.4666666666668
111-C5-0095,2026-01-22,2026-01-22 11:43:05,2.635,3.485,12.87,96.9,2.09,0.33,3.26,NA,0.07,156.9,102,190.4,7.81,38.09286,-91.45676,269.8,993.4666666666668
111-C5-0095,2026-01-22,2026-01-22 11:43:06,2.691,3.482,12.87,96.9,2.13,0.4,3.17,NA,0.07,156.9,102,190.4,7.82,38.09286,-91.45676,269.9,993.3333333333334
111-C5-0095,2026-01-22,2026-01-22 11:43:08,2.729,3.487,12.87,96.9,2.16,0.32,3.25,NA,0.07,156.8,102,190.3,7.82,38.09286,-91.45676,269.8,993.4666666666668
111-C5-0095,2026-01-22,2026-01-22 11:43:09,2.805,3.496,12.87,96.9,2.18,0.22,3.06,NA,0.07,156.7,102,190.3,7.82,38.09286,-91.45676,269.8,993.4666666666668
111-C5-0095,2026-01-22,2026-01-22 11:43:10,2.863,3.506,12.87,96.9,2.23,0.28,3.12,NA,0.07,156.6,102,190.3,7.82,38.09286,-91.45676,269.9,993.4666666666668
111-C5-0095,2026-01-22,2026-01-22 11:43:11,2.916,3.51,12.87,96.9,2.25,0.24,3.29,NA,0.07,156.7,102,190.3,7.82,38.09286,-91.45676,269.9,993.3333333333334
111-C5-0095,2026-01-22,2026-01-22 11:43:14,2.945,3.508,12.87,97,2.26,0.25,3.39,NA,0.07,156.8,102,190.3,7.82,38.09286,-91.45676,270,993.4666666666668
111-C5-0095,2026-01-22,2026-01-22 11:43:15,2.974,3.515,12.87,96.9,2.43,0.32,3.43,NA,0.07,156.7,102,190.3,7.82,38.09286,-91.45676,270.1,993.4666666666668
111-C5-0095,2026-01-22,2026-01-22 11:43:16,3.022,3.519,12.86,96.9,2.4,0.31,3.33,NA,0.07,156.8,102,190.3,7.82,38.09286,-91.45676,270,993.4666666666668
111-C5-0095,2026-01-22,2026-01-22 11:43:17,3.116,3.519,12.86,96.9,2.29,0.39,3.23,NA,0.07,157,102,190.3,7.82,38.09285,-91.45676,270,993.4666666666668
111-C5-0095,2026-01-22,2026-01-22 11:43:21,3.145,3.531,12.85,96.9,2.35,0.46,3.64,NA,0.07,156.6,102,190.3,7.82,38.09285,-91.45676,269.9,993.4666666666668
111-C5-0095,2026-01-22,2026-01-22 11:43:22,3.179,3.542,12.85,96.9,2.39,0.37,3.73,NA,0.07,156.6,102,190.2,7.82,38.09285,-91.45676,269.9,993.4666666666668
111-C5-0095,2026-01-22,2026-01-22 11:43:23,3.279,3.554,12.86,97,2.47,0.44,3.44,NA,0.07,156.8,102,190.2,7.82,38.09285,-91.45676,270,993.4666666666668
111-C5-0095,2026-01-22,2026-01-22 11:43:24,3.324,3.574,12.86,97.1,2.5,0.54,3.36,NA,0.07,156.7,102,190.2,7.82,38.09285,-91.45676,270,993.4666666666668
111-C5-0095,2026-01-22,2026-01-22 11:43:25,3.39,3.602,12.85,97,2.41,0.4,3.21,NA,0.07,156.5,102,190.2,7.82,38.09285,-91.45676,270,993.4666666666668
111-C5-0095,2026-01-22,2026-01-22 11:43:26,3.435,3.673,12.86,97.2,2.39,0.29,3.37,NA,0.07,156.3,102,190.2,7.82,38.09285,-91.45676,270.1,993.4666666666668
111-C5-0095,2026-01-22,2026-01-22 11:43:27,3.477,3.707,12.86,97.4,2.49,0.28,3.81,NA,0.07,156.3,102,190.2,7.82,38.09285,-91.45676,270.3,993.4666666666668
111-C5-0095,2026-02-27,2026-02-27 12:44:56,0.036,7.186,11.85,98.1,0.34,0.23,1.39,NA,0.08,163,106,199.8,8.35,38.09299,-91.45689,273,980.8
111-C5-0095,2026-02-27,2026-02-27 12:44:57,0.072,7.117,11.86,98.1,0.34,0.25,1.38,NA,0.08,161.8,105,200.3,8.33,38.09299,-91.45689,272.6,980.8
111-C5-0095,2026-02-27,2026-02-27 12:44:59,0.138,6.975,11.97,98.6,0.34,0.24,1.41,NA,0.08,161.3,105,201.2,8.3,38.09299,-91.45689,272.5,980.6666666666666
111-C5-0095,2026-02-27,2026-02-27 12:45:00,0.285,6.858,12.01,98.7,0.29,0.26,1.34,NA,0.08,160.4,104,201.7,8.28,38.09299,-91.45689,272.2,980.6666666666666
111-C5-0095,2026-02-27,2026-02-27 12:45:02,0.317,6.844,12.06,99.1,0.3,0.23,1.29,NA,0.08,159.6,104,202.5,8.24,38.09299,-91.45689,272.6,980.8
111-C5-0095,2026-02-27,2026-02-27 12:45:04,0.365,6.82,12.1,99.3,0.28,0.24,1.39,NA,0.08,159.6,104,203,8.22,38.09299,-91.45689,272.7,980.8
111-C5-0095,2026-02-27,2026-02-27 12:45:05,0.4,6.806,12.12,99.4,0.3,0.18,1.34,NA,0.08,159.6,104,203.6,8.21,38.09298,-91.4569,273.1,980.6666666666666
111-C5-0095,2026-02-27,2026-02-27 12:45:06,0.486,6.794,12.13,99.4,0.33,0.19,1.45,NA,0.08,159.3,104,203.9,8.2,38.09298,-91.4569,273.1,980.6666666666666
111-C5-0095,2026-02-27,2026-02-27 12:45:07,0.555,6.792,12.13,99.5,0.33,0.27,1.42,NA,0.08,159.2,103,204.2,8.19,38.09298,-91.4569,273.4,980.6666666666666
111-C5-0095,2026-02-27,2026-02-27 12:45:08,0.609,6.786,12.14,99.6,0.3,0.29,1.38,NA,0.08,159.3,104,204.5,8.18,38.09298,-91.4569,273.5,980.8
111-C5-0095,2026-02-27,2026-02-27 12:45:09,0.683,6.779,12.16,99.6,0.33,0.32,1.51,NA,0.08,159.4,104,204.8,8.17,38.09298,-91.4569,273.6,980.6666666666666
111-C5-0095,2026-02-27,2026-02-27 12:45:10,0.731,6.781,12.16,99.7,0.35,0.3,1.48,NA,0.08,159.3,104,205.1,8.16,38.09298,-91.4569,273.6,980.9333333333334
111-C5-0095,2026-02-27,2026-02-27 12:45:11,0.785,6.793,12.16,99.7,0.34,0.29,1.51,NA,0.08,159.2,103,205.4,8.16,38.09298,-91.4569,273.7,980.8
111-C5-0095,2026-02-27,2026-02-27 12:45:12,0.81,6.808,12.17,99.8,0.37,0.34,1.41,NA,0.08,159.2,103,205.8,8.14,38.09297,-91.4569,274.2,980.6666666666666
111-C5-0095,2026-02-27,2026-02-27 12:45:14,0.879,6.804,12.18,99.9,0.39,0.36,1.42,NA,0.08,159,103,206.3,8.14,38.09298,-91.45689,273.9,980.6666666666666
111-C5-0095,2026-02-27,2026-02-27 12:45:15,0.928,6.79,12.19,99.9,0.43,0.27,1.53,NA,0.08,159.1,103,206.6,8.14,38.09298,-91.45689,273.8,980.6666666666666
111-C5-0095,2026-02-27,2026-02-27 12:45:18,0.986,6.762,12.2,100,0.42,0.3,1.63,NA,0.08,159.1,103,207.4,8.12,38.09296,-91.45689,273.2,980.6666666666666
111-C5-0095,2026-02-27,2026-02-27 12:45:20,1.033,6.773,12.22,100.1,0.5,0.3,1.79,NA,0.08,158.8,103,207.8,8.12,38.09295,-91.45689,274,980.6666666666666
111-C5-0095,2026-02-27,2026-02-27 12:45:21,1.084,6.781,12.22,100.1,0.51,0.37,1.74,NA,0.08,158.7,103,208,8.12,38.09295,-91.45689,274.9,980.6666666666666
111-C5-0095,2026-02-27,2026-02-27 12:45:23,1.123,6.784,12.23,100.2,0.54,0.37,1.64,NA,0.08,158.9,103,208.3,8.11,38.09295,-91.45689,276.3,980.8
111-C5-0095,2026-02-27,2026-02-27 12:45:24,1.175,6.786,12.23,100.3,0.56,0.39,1.71,NA,0.08,158.9,103,208.4,8.11,38.09294,-91.45689,276.5,980.8
111-C5-0095,2026-02-27,2026-02-27 12:45:28,1.227,6.764,12.24,100.3,0.51,0.42,1.71,NA,0.08,158.8,103,209.2,8.1,38.09293,-91.45688,276.9,980.6666666666666
111-C5-0095,2026-02-27,2026-02-27 12:45:29,1.252,6.762,12.24,100.3,0.56,0.4,1.9,NA,0.08,158.7,103,209.4,8.1,38.09293,-91.45688,277.1,980.6666666666666
111-C5-0095,2026-02-27,2026-02-27 12:45:31,1.312,6.76,12.25,100.4,0.59,0.42,1.77,NA,0.08,158.8,103,209.6,8.09,38.09292,-91.45687,278.2,980.8
111-C5-0095,2026-02-27,2026-02-27 12:45:32,1.387,6.763,12.26,100.4,0.61,0.42,1.88,NA,0.08,158.8,103,209.7,8.09,38.09292,-91.45687,278.4,980.6666666666666
111-C5-0095,2026-02-27,2026-02-27 12:45:33,1.443,6.769,12.26,100.4,0.63,0.47,1.93,NA,0.08,158.7,103,209.8,8.09,38.09292,-91.45688,278.8,980.6666666666666
111-C5-0095,2026-02-27,2026-02-27 12:45:34,1.49,6.773,12.26,100.4,0.67,0.42,1.9,NA,0.08,158.8,103,210,8.09,38.09291,-91.45688,279.2,980.6666666666666
111-C5-0095,2026-02-27,2026-02-27 12:45:35,1.566,6.775,12.25,100.4,0.71,0.41,1.9,NA,0.08,158.8,103,210.1,8.09,38.09289,-91.45688,280.1,980.6666666666666
111-C5-0095,2026-02-27,2026-02-27 12:45:36,1.621,6.775,12.25,100.4,0.72,0.46,2.15,NA,0.08,158.7,103,210.3,8.09,38.09289,-91.45688,280.4,980.6666666666666
111-C5-0095,2026-02-27,2026-02-27 12:45:38,1.666,6.763,12.25,100.4,0.74,0.51,2.3,NA,0.08,158.7,103,210.5,8.09,38.09288,-91.45687,281.5,980.6666666666666
111-C5-0095,2026-02-27,2026-02-27 12:45:39,1.698,6.748,12.26,100.4,0.75,0.53,2.24,NA,0.08,158.9,103,210.6,8.08,38.09287,-91.45687,282.1,980.6666666666666
111-C5-0095,2026-02-27,2026-02-27 12:45:40,1.722,6.75,12.27,100.5,0.75,0.53,2.32,NA,0.08,158.9,103,210.7,8.08,38.09287,-91.45687,281.8,980.6666666666666
111-C5-0095,2026-02-27,2026-02-27 12:45:41,1.742,6.753,12.27,100.5,0.83,0.48,2.33,NA,0.08,158.9,103,210.8,8.08,38.09287,-91.45687,281.7,980.6666666666666
111-C5-0095,2026-02-27,2026-02-27 12:45:42,1.767,6.743,12.27,100.5,0.86,0.45,2.43,NA,0.08,158.8,103,210.9,8.08,38.09287,-91.45687,281.7,980.6666666666666
111-C5-0095,2026-02-27,2026-02-27 12:45:44,1.797,6.733,12.27,100.5,0.96,0.45,2.47,NA,0.08,158.8,103,211,8.08,38.09288,-91.45688,281.7,980.6666666666666
111-C5-0095,2026-02-27,2026-02-27 12:45:45,1.817,6.729,12.28,100.5,0.99,0.43,2.37,NA,0.08,159,103,211.2,8.08,38.09287,-91.45687,280.9,980.6666666666666
111-C5-0095,2026-02-27,2026-02-27 12:45:46,1.861,6.725,12.28,100.5,0.98,0.45,2.19,NA,0.08,158.9,103,211.3,8.08,38.09286,-91.45686,280.2,980.5333333333332
111-C5-0095,2026-02-27,2026-02-27 12:45:47,1.888,6.716,12.29,100.5,0.98,0.46,2.25,NA,0.08,158.8,103,211.4,8.08,38.09286,-91.45686,280.3,980.6666666666666
111-C5-0095,2026-02-27,2026-02-27 12:45:48,1.908,6.705,12.29,100.5,1.02,0.48,2.42,NA,0.08,159.2,103,211.6,8.08,38.09286,-91.45687,279.3,980.6666666666666
111-C5-0095,2026-02-27,2026-02-27 12:45:49,1.98,6.696,12.28,100.5,1,0.48,2.47,NA,0.08,159.3,104,211.7,8.08,38.09286,-91.45686,278.6,980.6666666666666
111-C5-0095,2026-02-27,2026-02-27 12:45:50,2.02,6.688,12.29,100.5,1.01,0.52,2.49,NA,0.08,159.1,103,211.8,8.08,38.09286,-91.45686,277.8,980.6666666666666
111-C5-0095,2026-02-27,2026-02-27 12:45:52,2.072,6.672,12.3,100.6,1.12,0.55,2.38,NA,0.08,159.1,103,211.8,8.08,38.09288,-91.45687,276,980.6666666666666
111-C5-0095,2026-02-27,2026-02-27 12:45:53,2.113,6.672,12.3,100.6,1.15,0.48,2.55,NA,0.08,158.9,103,211.9,8.08,38.09288,-91.45687,275.6,980.6666666666666
111-C5-0095,2026-02-27,2026-02-27 12:45:54,2.14,6.667,12.31,100.6,1.15,0.46,2.55,NA,0.08,158.9,103,212,8.08,38.09288,-91.45686,275.7,980.5333333333332
111-C5-0095,2026-02-27,2026-02-27 12:45:56,2.174,6.677,12.31,100.6,1.13,0.48,2.73,NA,0.08,159.1,103,212.1,8.08,38.09289,-91.45686,274.1,980.6666666666666
111-C5-0095,2026-02-27,2026-02-27 12:45:57,2.219,6.677,12.3,100.6,1.14,0.57,2.79,NA,0.08,159,103,212.2,8.08,38.09289,-91.45686,274.1,980.6666666666666
111-C5-0095,2026-02-27,2026-02-27 12:45:59,2.239,6.681,12.3,100.6,1.1,0.64,2.83,NA,0.08,159,103,212.3,8.08,38.09291,-91.45685,272.7,980.6666666666666
111-C5-0095,2026-02-27,2026-02-27 12:46:01,2.282,6.625,12.3,100.5,1.16,0.55,2.75,NA,0.08,159.3,104,212.6,8.07,38.09291,-91.45685,272.4,980.6666666666666
111-C5-0095,2026-02-27,2026-02-27 12:46:03,2.323,6.622,12.31,100.5,1.13,0.66,2.8,NA,0.08,159.2,103,212.7,8.07,38.09292,-91.45684,271.9,980.6666666666666
111-C5-0095,2026-02-27,2026-02-27 12:46:07,2.388,6.587,12.32,100.5,1.14,0.65,2.62,NA,0.08,159.4,104,213,8.07,38.09293,-91.45685,272.5,980.6666666666666
111-C5-0095,2026-02-27,2026-02-27 12:46:09,2.422,6.572,12.31,100.4,1.21,0.71,2.83,NA,0.08,159.2,104,213.2,8.06,38.09293,-91.45686,272.8,980.6666666666666
111-C5-0095,2026-02-27,2026-02-27 12:46:10,2.463,6.569,12.31,100.4,1.24,0.78,2.82,NA,0.08,159.2,103,213.2,8.06,38.09293,-91.45687,272.4,980.5333333333332
111-C5-0095,2026-02-27,2026-02-27 12:46:11,2.492,6.56,12.31,100.4,1.24,0.73,2.97,NA,0.08,159.1,103,213.3,8.06,38.09293,-91.45686,271.7,980.6666666666666
111-C5-0095,2026-02-27,2026-02-27 12:46:12,2.517,6.523,12.31,100.3,1.24,0.71,2.72,NA,0.08,159.1,103,213.5,8.06,38.09293,-91.45687,271.3,980.6666666666666
111-C5-0095,2026-02-27,2026-02-27 12:46:13,2.581,6.367,12.32,100.1,1.26,0.75,2.83,NA,0.08,159.5,104,213.6,8.06,38.09293,-91.45687,271.2,980.6666666666666
111-C5-0095,2026-02-27,2026-02-27 12:46:14,2.64,6.33,12.33,99.9,1.27,0.79,2.91,NA,0.08,159.6,104,213.8,8.06,38.09294,-91.45686,269.8,980.6666666666666
111-C5-0095,2026-02-27,2026-02-27 12:46:15,2.669,6.329,12.32,99.8,1.24,0.77,3.02,NA,0.08,159.6,104,214,8.05,38.09294,-91.45686,269.3,980.6666666666666
111-C5-0095,2026-02-27,2026-02-27 12:46:17,2.73,6.257,12.33,99.7,1.28,0.83,3.01,NA,0.08,159.6,104,214.2,8.05,38.09295,-91.45686,269.2,980.6666666666666
111-C5-0095,2026-02-27,2026-02-27 12:46:18,2.753,6.253,12.33,99.7,1.27,0.85,3.02,NA,0.08,159.7,104,214.3,8.04,38.09295,-91.45686,269.4,980.6666666666666
111-C5-0095,2026-02-27,2026-02-27 12:46:19,2.78,6.253,12.33,99.7,1.26,0.82,3.06,NA,0.08,159.7,104,214.4,8.04,38.09295,-91.45686,269.4,980.6666666666666
111-C5-0095,2026-02-27,2026-02-27 12:46:20,2.82,6.236,12.32,99.6,1.28,0.72,3.01,NA,0.08,159.9,104,214.5,8.03,38.09296,-91.45686,269.3,980.6666666666666
111-C5-0095,2026-02-27,2026-02-27 12:46:21,2.858,6.227,12.31,99.5,1.31,0.77,2.88,NA,0.08,159.9,104,214.6,8.03,38.09296,-91.45686,269.5,980.5333333333332
111-C5-0095,2026-02-27,2026-02-27 12:46:22,2.901,6.237,12.3,99.4,1.31,0.84,2.84,NA,0.08,159.8,104,214.7,8.03,38.09296,-91.45686,269.2,980.5333333333332
111-C5-0095,2026-02-27,2026-02-27 12:46:23,2.927,6.233,12.29,99.4,1.27,0.76,2.87,NA,0.08,159.5,104,214.8,8.02,38.09296,-91.45685,268.9,980.6666666666666
111-C5-0095,2026-02-27,2026-02-27 12:46:24,2.981,6.215,12.27,99.2,1.38,0.74,2.99,NA,0.08,159.3,104,215,8.02,38.09296,-91.45684,268.4,980.6666666666666
111-C5-0095,2026-02-27,2026-02-27 12:46:26,3.014,6.201,12.27,99.1,1.29,0.7,2.93,NA,0.08,159.3,104,215.1,8.01,38.09296,-91.45684,267.5,980.6666666666666
111-C5-0095,2026-02-27,2026-02-27 12:46:27,3.035,6.204,12.26,99,1.23,0.66,2.89,NA,0.08,159.3,104,215.1,8.01,38.09296,-91.45683,266.8,980.6666666666666
111-C5-0095,2026-02-27,2026-02-27 12:46:28,3.078,6.179,12.26,99,1.21,0.67,2.92,NA,0.08,159.3,104,215.2,8.01,38.09297,-91.45683,266.5,980.6666666666666
111-C5-0095,2026-02-27,2026-02-27 12:46:29,3.121,6.147,12.24,98.8,1.22,0.75,3.08,NA,0.08,159.3,104,215.4,8.01,38.09297,-91.45683,266.4,980.6666666666666
111-C5-0095,2026-02-27,2026-02-27 12:46:30,3.182,6.141,12.24,98.7,1.26,0.8,3.07,NA,0.08,159.2,103,215.6,8,38.09297,-91.45683,266.4,980.6666666666666
111-C5-0095,2026-02-27,2026-02-27 12:46:31,3.25,6.126,12.24,98.7,1.27,0.78,2.89,NA,0.08,159.2,104,215.7,8,38.09297,-91.45682,266.3,980.5333333333332
111-C5-0095,2026-02-27,2026-02-27 12:46:32,3.282,6.102,12.23,98.6,1.27,0.8,2.98,NA,0.08,159.2,103,215.8,7.99,38.09297,-91.45681,266.1,980.5333333333332
111-C5-0095,2026-02-27,2026-02-27 12:46:35,3.354,6.103,12.2,98.3,1.23,0.8,3.06,NA,0.08,159.2,103,216,7.99,38.09298,-91.45679,264.7,980.6666666666666
111-C5-0095,2026-02-27,2026-02-27 12:46:36,3.411,6.101,12.19,98.2,1.28,0.79,3.12,NA,0.08,159,103,216.1,7.99,38.09298,-91.45679,264.7,980.6666666666666
111-C5-0095,2026-02-27,2026-02-27 12:46:37,3.443,6.09,12.19,98.2,1.34,0.79,3.15,NA,0.08,159,103,216.2,7.98,38.09298,-91.45679,264.3,980.6666666666666
111-C5-0095,2026-02-27,2026-02-27 12:46:38,3.49,6.071,12.18,98.1,1.36,0.8,3.18,NA,0.08,159.1,103,216.3,7.98,38.09298,-91.45679,264.1,980.6666666666666
111-C5-0095,2026-02-27,2026-02-27 12:46:39,3.541,6.067,12.18,98,1.35,0.82,3.22,NA,0.08,159.1,103,216.4,7.98,38.09298,-91.45679,263.9,980.6666666666666
111-C5-0095,2026-02-27,2026-02-27 12:46:40,3.57,6.055,12.17,98,1.36,0.83,3.15,NA,0.08,159.2,103,216.5,7.98,38.09298,-91.45679,263.7,980.6666666666666
111-C5-0095,2026-02-27,2026-02-27 12:46:41,3.599,6.042,12.17,97.9,1.36,0.77,3.07,NA,0.08,159.2,103,216.6,7.98,38.09298,-91.45679,263.7,980.6666666666666
111-C5-0095,2026-02-27,2026-02-27 12:46:42,3.633,6.032,12.16,97.8,1.32,0.74,3.37,NA,0.08,159,103,216.8,7.97,38.09298,-91.45679,263.4,980.6666666666666
111-C5-0095,2026-02-27,2026-02-27 12:46:47,3.702,6.014,12.11,97.4,1.35,0.75,2.99,NA,0.08,159,103,217.4,7.96,38.09297,-91.45678,261.5,980.6666666666666
111-C5-0095,2026-02-27,2026-02-27 12:46:54,3.773,6.008,12.07,97,1.43,0.68,3.49,NA,0.08,159.2,103,218,7.94,38.09296,-91.45677,265.3,980.8
111-C5-0095,2026-03-20,2026-03-20 12:04:46,0.026,12.802,10.6,100.2,0.19,0.34,1.69,NA,0.07,143.5,93,170.4,8.16,38.09299,-91.45686,274.7,981.4666666666668
111-C5-0095,2026-03-20,2026-03-20 12:04:48,0.066,12.714,10.67,100.7,0.2,0.48,1.95,NA,0.07,143.3,93,170,8.15,38.09298,-91.45686,274.6,981.4666666666668
111-C5-0095,2026-03-20,2026-03-20 12:04:49,0.088,12.693,10.69,100.8,0.19,0.46,2.09,NA,0.07,143.4,93,169.9,8.14,38.09298,-91.45686,274.6,981.4666666666668
111-C5-0095,2026-03-20,2026-03-20 12:04:50,0.182,12.673,10.72,101,0.2,0.41,2.17,NA,0.07,143.6,93,169.7,8.14,38.09298,-91.45686,274.6,981.3333333333334
111-C5-0095,2026-03-20,2026-03-20 12:04:51,0.232,12.669,10.73,101.2,0.17,0.46,2.25,NA,0.07,143.4,93,169.7,8.14,38.09298,-91.45686,274.6,981.4666666666668
111-C5-0095,2026-03-20,2026-03-20 12:04:52,0.353,12.418,10.75,101,0.19,0.5,2.2,NA,0.07,143.4,93,169.7,8.13,38.09298,-91.45686,274.6,981.4666666666668
111-C5-0095,2026-03-20,2026-03-20 12:04:53,0.445,12.279,10.84,101.3,0.22,0.54,2.29,NA,0.07,143.3,93,169.6,8.14,38.09297,-91.45686,274.6,981.4666666666668
111-C5-0095,2026-03-20,2026-03-20 12:04:54,0.474,12.091,10.84,101.2,0.21,0.66,2.33,NA,0.07,143.5,93,169.6,8.14,38.09297,-91.45686,274.6,981.4666666666668
111-C5-0095,2026-03-20,2026-03-20 12:04:55,0.546,11.95,10.89,101.1,0.2,0.57,2.22,NA,0.07,143.8,93,169.8,8.14,38.09297,-91.45686,274.5,981.4666666666668
111-C5-0095,2026-03-20,2026-03-20 12:04:56,0.567,11.914,10.97,101.7,0.24,0.55,2.22,NA,0.07,143.6,93,169.7,8.14,38.09297,-91.45686,274.5,981.4666666666668
111-C5-0095,2026-03-20,2026-03-20 12:04:57,0.607,11.779,11.01,101.8,0.27,0.71,2.3,NA,0.07,143.8,93,169.6,8.15,38.09297,-91.45686,274.5,981.4666666666668
111-C5-0095,2026-03-20,2026-03-20 12:04:58,0.664,11.741,11.06,102.1,0.27,0.69,2.35,NA,0.07,143.7,93,169.6,8.15,38.09297,-91.45686,274.4,981.4666666666668
111-C5-0095,2026-03-20,2026-03-20 12:04:59,0.717,11.668,11.08,102.1,0.29,0.67,2.41,NA,0.07,143.4,93,169.6,8.15,38.09297,-91.45686,274.4,981.4666666666668
111-C5-0095,2026-03-20,2026-03-20 12:05:00,0.74,11.64,11.12,102.4,0.3,0.71,2.64,NA,0.07,143.4,93,169.4,8.15,38.09296,-91.45686,274.3,981.4666666666668
111-C5-0095,2026-03-20,2026-03-20 12:05:01,0.769,11.606,11.13,102.4,0.34,0.72,2.8,NA,0.07,143.2,93,169.4,8.15,38.09296,-91.45687,274.4,981.4666666666668
111-C5-0095,2026-03-20,2026-03-20 12:05:02,0.845,11.555,11.15,102.5,0.34,0.69,2.87,NA,0.07,143.2,93,169.4,8.15,38.09296,-91.45687,274.4,981.3333333333334
111-C5-0095,2026-03-20,2026-03-20 12:05:04,0.903,11.492,11.17,102.5,0.38,0.75,2.97,NA,0.07,143,93,169.4,8.14,38.09295,-91.45688,274.7,981.3333333333334
111-C5-0095,2026-03-20,2026-03-20 12:05:05,0.944,11.45,11.19,102.6,0.37,0.75,3.1,NA,0.07,142.9,93,169.4,8.13,38.09295,-91.45688,274.8,981.4666666666668
111-C5-0095,2026-03-20,2026-03-20 12:05:06,0.989,11.422,11.18,102.5,0.41,0.73,3.05,NA,0.07,143,93,169.4,8.13,38.09295,-91.45689,275.1,981.4666666666668
111-C5-0095,2026-03-20,2026-03-20 12:05:07,1.038,11.415,11.18,102.4,0.44,0.75,2.89,NA,0.07,143,93,169.4,8.12,38.09294,-91.45689,275.6,981.4666666666668
111-C5-0095,2026-03-20,2026-03-20 12:05:08,1.091,11.403,11.16,102.2,0.46,0.92,3.04,NA,0.07,143,93,169.3,8.11,38.09294,-91.45689,275.6,981.4666666666668
111-C5-0095,2026-03-20,2026-03-20 12:05:09,1.121,11.388,11.16,102.1,0.45,0.82,3.03,NA,0.07,143.1,93,169.3,8.11,38.09293,-91.45689,275.7,981.3333333333334
111-C5-0095,2026-03-20,2026-03-20 12:05:11,1.213,11.35,11.12,101.8,0.42,0.71,3.17,NA,0.07,143,93,169.4,8.09,38.09293,-91.45688,276.1,981.3333333333334
111-C5-0095,2026-03-20,2026-03-20 12:05:12,1.238,11.346,11.11,101.6,0.45,0.7,3.02,NA,0.07,142.9,93,169.4,8.08,38.09292,-91.45688,276.4,981.4666666666668
111-C5-0095,2026-03-20,2026-03-20 12:05:13,1.297,11.332,11.09,101.4,0.44,0.7,2.98,NA,0.07,143,93,169.4,8.08,38.09292,-91.45688,276.5,981.4666666666668
111-C5-0095,2026-03-20,2026-03-20 12:05:16,1.424,11.304,11.04,100.9,0.38,0.81,2.58,NA,0.07,143.3,93,169.5,8.06,38.09291,-91.45686,275.5,981.4666666666668
111-C5-0095,2026-03-20,2026-03-20 12:05:17,1.474,11.299,11.02,100.7,0.34,0.86,2.62,NA,0.07,143.2,93,169.4,8.06,38.0929,-91.45686,275.6,981.3333333333334
111-C5-0095,2026-03-20,2026-03-20 12:05:18,1.507,11.285,11.01,100.6,0.35,0.73,2.46,NA,0.07,143.2,93,169.4,8.05,38.0929,-91.45686,275.6,981.4666666666668
111-C5-0095,2026-03-20,2026-03-20 12:05:19,1.552,11.282,11,100.4,0.37,0.71,2.57,NA,0.07,143.2,93,169.3,8.05,38.0929,-91.45686,275.4,981.4666666666668
111-C5-0095,2026-03-20,2026-03-20 12:05:20,1.601,11.266,10.98,100.2,0.35,0.73,2.89,NA,0.07,143.2,93,169.4,8.05,38.0929,-91.45686,275.2,981.4666666666668
111-C5-0095,2026-03-20,2026-03-20 12:05:22,1.63,11.253,10.95,99.9,0.34,0.78,2.53,NA,0.07,143.2,93,169.3,8.04,38.0929,-91.45686,275.1,981.4666666666668
111-C5-0095,2026-03-20,2026-03-20 12:05:23,1.653,11.245,10.94,99.8,0.32,0.73,2.62,NA,0.07,143,93,169.3,8.03,38.0929,-91.45686,274.6,981.4666666666668
111-C5-0095,2026-03-20,2026-03-20 12:05:25,1.704,11.22,10.91,99.5,0.34,0.67,2.63,NA,0.07,143,93,169.4,8.03,38.0929,-91.45686,275,981.4666666666668
111-C5-0095,2026-03-20,2026-03-20 12:05:26,1.753,11.218,10.89,99.3,0.34,0.7,2.61,NA,0.07,143.1,93,169.4,8.02,38.0929,-91.45686,274.8,981.4666666666668
111-C5-0095,2026-03-20,2026-03-20 12:05:29,1.872,11.112,10.84,98.7,0.34,0.59,2.38,NA,0.07,143.3,93,169.6,8.01,38.0929,-91.45686,274,981.4666666666668
111-C5-0095,2026-03-20,2026-03-20 12:05:30,1.915,11.077,10.83,98.5,0.34,0.58,2.24,NA,0.07,143.2,93,169.6,8,38.09289,-91.45685,274.4,981.4666666666668
111-C5-0095,2026-03-20,2026-03-20 12:05:31,1.95,11.051,10.82,98.3,0.33,0.54,2.03,NA,0.07,143.1,93,169.7,7.99,38.09288,-91.45684,274.7,981.4666666666668
111-C5-0095,2026-03-20,2026-03-20 12:05:32,2.033,10.996,10.81,98.1,0.3,0.45,2.29,NA,0.07,143.3,93,169.8,7.99,38.09288,-91.45683,275.3,981.4666666666668
111-C5-0095,2026-03-20,2026-03-20 12:05:33,2.065,10.938,10.8,97.8,0.31,0.46,2.21,NA,0.07,143.2,93,169.9,7.98,38.09287,-91.45682,275.2,981.4666666666668
111-C5-0095,2026-03-20,2026-03-20 12:05:34,2.187,10.856,10.79,97.6,0.3,0.49,1.99,NA,0.07,143.4,93,170.1,7.97,38.09287,-91.45682,274.8,981.4666666666668
111-C5-0095,2026-03-20,2026-03-20 12:05:35,2.3,10.82,10.76,97.2,0.29,0.49,1.88,NA,0.07,143.2,93,170.2,7.96,38.09287,-91.45682,275.2,981.4666666666668
111-C5-0095,2026-03-20,2026-03-20 12:05:36,2.415,10.771,10.74,96.9,0.27,0.49,1.8,NA,0.07,143.1,93,170.3,7.95,38.09287,-91.45681,275.3,981.4666666666668
111-C5-0095,2026-03-20,2026-03-20 12:05:37,2.505,10.727,10.71,96.5,0.29,0.46,1.99,NA,0.07,143,93,170.4,7.95,38.09287,-91.45681,275.3,981.4666666666668
111-C5-0095,2026-03-20,2026-03-20 12:05:38,2.674,10.628,10.65,95.9,0.32,0.39,1.82,NA,0.07,143,93,170.7,7.94,38.09286,-91.4568,276.1,981.3333333333334
111-C5-0095,2026-03-20,2026-03-20 12:05:39,2.715,10.569,10.65,95.7,0.31,0.33,1.93,NA,0.07,143,93,170.9,7.93,38.09286,-91.45682,276.1,981.4666666666668
111-C5-0095,2026-03-20,2026-03-20 12:05:40,2.764,10.541,10.64,95.5,0.27,0.35,1.95,NA,0.07,143,93,171.1,7.92,38.09287,-91.45682,275.8,981.4666666666668
111-C5-0095,2026-03-20,2026-03-20 12:05:41,2.79,10.545,10.6,95.2,0.33,0.42,1.82,NA,0.07,142.9,93,171.3,7.92,38.09286,-91.45683,276.2,981.4666666666668
111-C5-0095,2026-03-20,2026-03-20 12:05:43,2.866,10.516,10.53,94.5,0.28,0.35,2.21,NA,0.07,143.1,93,171.5,7.91,38.09287,-91.45683,277.2,981.4666666666668
111-C5-0095,2026-03-20,2026-03-20 12:05:44,2.92,10.506,10.52,94.3,0.29,0.37,2.13,NA,0.07,143.2,93,171.6,7.9,38.09287,-91.45683,277.5,981.4666666666668
111-C5-0095,2026-03-20,2026-03-20 12:05:46,2.964,10.5,10.46,93.8,0.29,0.35,1.79,NA,0.07,143.2,93,171.5,7.9,38.09287,-91.45683,277.4,981.4666666666668
111-C5-0095,2026-03-20,2026-03-20 12:05:47,3.008,10.482,10.44,93.6,0.29,0.44,2.04,NA,0.07,143.2,93,171.5,7.89,38.09288,-91.45683,277.4,981.4666666666668
111-C5-0095,2026-03-20,2026-03-20 12:05:49,3.085,10.46,10.4,93.2,0.29,0.41,1.51,NA,0.07,143,93,171.5,7.89,38.09288,-91.45683,278.6,981.4666666666668
111-C5-0095,2026-03-20,2026-03-20 12:05:50,3.135,10.411,10.38,92.9,0.34,0.4,1.61,NA,0.07,142.9,93,171.6,7.89,38.09287,-91.45683,278.5,981.4666666666668
111-C5-0095,2026-03-20,2026-03-20 12:05:51,3.184,10.364,10.34,92.4,0.3,0.35,1.79,NA,0.07,143,93,171.8,7.88,38.09287,-91.45683,278.4,981.4666666666668
111-C5-0095,2026-03-20,2026-03-20 12:05:52,3.24,10.251,10.34,92.2,0.3,0.37,1.96,NA,0.07,143.2,93,172,7.87,38.09287,-91.45683,278.5,981.4666666666668
111-C5-0095,2026-03-20,2026-03-20 12:05:53,3.296,10.19,10.34,92.1,0.32,0.4,1.87,NA,0.07,143.2,93,172,7.87,38.09287,-91.45683,278.4,981.4666666666668
111-C5-0095,2026-03-20,2026-03-20 12:05:54,3.36,10.154,10.32,91.8,0.3,0.38,1.64,NA,0.07,143.3,93,172.1,7.87,38.09287,-91.45683,278.4,981.4666666666668
111-C5-0095,2026-03-20,2026-03-20 12:05:55,3.416,10.14,10.31,91.7,0.27,0.36,1.49,NA,0.07,143.4,93,172.3,7.86,38.09287,-91.45683,277.4,981.4666666666668
111-C5-0095,2026-03-20,2026-03-20 12:05:56,3.552,10.091,10.28,91.3,0.27,0.32,1.43,NA,0.07,143.2,93,172.4,7.85,38.09287,-91.45683,277.2,981.4666666666668
111-C5-0095,2026-03-20,2026-03-20 12:05:57,3.601,10.062,10.26,91.1,0.29,0.27,1.35,NA,0.07,143.3,93,172.4,7.85,38.09287,-91.45683,276.8,981.4666666666668
111-C5-0095,2026-03-20,2026-03-20 12:05:58,3.64,10.055,10.24,90.9,0.26,0.31,1.26,NA,0.07,143.2,93,172.5,7.85,38.09286,-91.45683,276.5,981.4666666666668
111-C5-0095,2026-03-20,2026-03-20 12:05:59,3.696,10.02,10.19,90.4,0.29,0.35,1.38,NA,0.07,143.2,93,172.6,7.84,38.09287,-91.45683,276.2,981.4666666666668
111-C5-0095,2026-03-20,2026-03-20 12:06:01,3.748,10.029,10.15,90,0.24,0.4,1.41,NA,0.07,143.2,93,172.7,7.83,38.09287,-91.45683,276.1,981.3333333333334
111-C5-0095,2026-03-20,2026-03-20 12:06:02,3.782,10.031,10.13,89.8,0.26,0.37,1.68,NA,0.07,143,93,172.7,7.83,38.09287,-91.45683,276.4,981.4666666666668
111-C5-0095,2026-04-06,2026-04-06 09:56:09,0.020333333333333332,16.378333333333334,11.1,113.4,0.2966666666666667,2.4133333333333336,6.243333333333333,NA,0.07,140.46666666666667,91,194.46666666666667,8.493333333333334,38.09303,-91.45668,271.8333333333333,994.1333333333332
111-C5-0095,2026-04-06,2026-04-06 09:56:18,0.08433333333333333,16.367,11.083333333333334,113.2,0.31,2.56,6.3,NA,0.07,140.43333333333334,91,194,8.556666666666667,38.09304,-91.45669,270.96666666666664,994
111-C5-0095,2026-04-06,2026-04-06 09:56:24,0.14166666666666666,16.354666666666667,11.063333333333334,112.96666666666668,0.3,2.506666666666667,6.263333333333334,NA,0.07,140.66666666666666,91,194.2,8.573333333333334,38.09305,-91.45669666666666,271.1333333333333,993.9555555555556
111-C5-0095,2026-04-06,2026-04-06 09:56:27,0.2386666666666667,16.351333333333333,11.063333333333334,112.96666666666668,0.29,2.513333333333333,6.1000000000000005,NA,0.07,140.66666666666666,91,194.13333333333333,8.583333333333334,38.09306,-91.4567,271.1333333333333,993.9111111111112
111-C5-0095,2026-04-06,2026-04-06 09:56:30,0.33899999999999997,16.358333333333334,11.053333333333336,112.86666666666667,0.2733333333333333,2.59,6.593333333333334,NA,0.07,140.56666666666666,91,194.33333333333337,8.59,38.09306,-91.4567,271.26666666666665,993.9111111111112
111-C5-0095,2026-04-06,2026-04-06 09:56:33,0.3873333333333333,16.343666666666667,11.05,112.8,0.2733333333333334,2.5733333333333333,6.656666666666666,NA,0.07,140.43333333333334,91,194.7,8.586666666666666,38.09306,-91.4567,271.26666666666665,993.9555555555556
111-C5-0095,2026-04-06,2026-04-06 09:56:36,0.4603333333333333,16.324666666666666,11.056666666666668,112.76666666666668,0.29,2.6833333333333336,6.903333333333333,NA,0.07,140.66666666666666,91,194.9,8.59,38.09306,-91.4567,271.3666666666667,993.8666666666668
111-C5-0095,2026-04-06,2026-04-06 09:56:39,0.5173333333333333,16.314666666666668,11.05,112.73333333333332,0.29,2.643333333333333,7.413333333333333,NA,0.07,140.53333333333333,91,195.2,8.586666666666666,38.09305333333333,-91.4567,271.3,993.9111111111112
111-C5-0095,2026-04-06,2026-04-06 09:56:42,0.5743333333333334,16.318333333333335,11.043333333333331,112.7,0.25333333333333335,2.7466666666666666,7.743333333333333,NA,0.07,140.53333333333333,91,195.33333333333337,8.59,38.093043333333334,-91.4567,271.26666666666665,993.9111111111112
111-C5-0095,2026-04-06,2026-04-06 09:56:45,0.707,16.306,11.033333333333331,112.53333333333332,0.32,2.9233333333333333,7.913333333333333,NA,0.07,140.7,91.33333333333331,195.5,8.59,38.093043333333334,-91.4567,271.3333333333333,993.9111111111112
111-C5-0095,2026-04-06,2026-04-06 09:56:51,0.749,16.29266666666667,11.03,112.5,0.31333333333333335,3.1666666666666665,7.67,NA,0.07,140.66666666666666,91,196.03333333333333,8.59,38.09306,-91.4567,271.26666666666665,993.8666666666668
111-C5-0095,2026-04-06,2026-04-06 09:56:54,0.929,16.27,11.03,112.4,0.30666666666666664,3.263333333333333,8.216666666666667,NA,0.07,140.6,91,196.6,8.583333333333334,38.09306,-91.45669666666666,271,993.9111111111112
111-C5-0095,2026-04-06,2026-04-06 09:57:00,0.9966666666666666,16.279333333333334,11.016666666666666,112.33333333333331,0.32,3.443333333333334,8.046666666666667,NA,0.07,140.6,91,197.76666666666668,8.57,38.093046666666666,-91.45667333333334,271,993.9555555555556
111-C5-0095,2026-04-06,2026-04-06 09:57:06,1.052,16.244333333333334,11.003333333333334,112.1,0.38666666666666666,3.083333333333333,8.35,NA,0.07,140.6,91,198.23333333333332,8.57,38.09304,-91.45664666666666,271.23333333333335,993.9111111111112
111-C5-0095,2026-04-06,2026-04-06 09:57:09,1.123,16.224,10.976666666666668,111.8,0.35,3.3833333333333333,7.783333333333333,NA,0.07,140.7,91,198.3,8.57,38.09304,-91.45663666666668,271.3666666666667,993.9111111111112
111-C5-0095,2026-04-06,2026-04-06 09:57:12,1.24,16.22266666666667,10.966666666666669,111.66666666666669,0.36333333333333334,3.1566666666666667,8.223333333333333,NA,0.07,140.6,91,198.43333333333337,8.57,38.09304,-91.45663,271.2,993.9111111111112
111-C5-0095,2026-04-06,2026-04-06 09:57:15,1.322,16.205333333333336,10.933333333333334,111.33333333333331,0.38666666666666666,3.29,8.17,NA,0.07,140.73333333333332,91,198.66666666666663,8.57,38.09304,-91.45663,271.26666666666665,994.0444444444444
111-C5-0095,2026-04-06,2026-04-06 09:57:18,1.3783333333333334,16.148666666666667,10.913333333333334,110.96666666666668,0.37,3.0233333333333334,8.19,NA,0.07,140.7,91,199.1,8.56,38.09305,-91.45662333333334,271.3333333333333,993.9111111111112
111-C5-0095,2026-04-06,2026-04-06 09:57:21,1.4396666666666669,16.151999999999997,10.9,110.83333333333331,0.36333333333333334,3.17,8.62,NA,0.07,140.5,91,199.33333333333337,8.556666666666667,38.093043333333334,-91.45662,271.53333333333336,994
111-C5-0095,2026-04-06,2026-04-06 09:57:24,1.496,16.162,10.89,110.73333333333332,0.3433333333333333,3.55,8.65,NA,0.07,140.33333333333334,91,199.56666666666663,8.55,38.09304,-91.45661333333334,271.56666666666666,993.8666666666668
111-C5-0095,2026-04-06,2026-04-06 09:57:27,1.5856666666666668,16.130333333333333,10.883333333333336,110.6,0.33,3.1166666666666667,7.98,NA,0.07,140.63333333333333,91.33333333333331,199.73333333333332,8.55,38.09304,-91.45661,271.5,993.8666666666668
111-C5-0095,2026-04-06,2026-04-06 09:57:30,1.6833333333333331,16.081,10.87,110.3,0.32,2.94,7.11,NA,0.07,140.76666666666668,91.33333333333331,200.23333333333332,8.536666666666665,38.09304,-91.45661,271.43333333333334,993.8666666666668
111-C5-0095,2026-04-06,2026-04-06 09:57:33,1.770333333333333,16.037666666666667,10.84,109.96666666666668,0.3,2.743333333333333,7.366666666666667,NA,0.07,140.7,91,200.86666666666667,8.523333333333333,38.093043333333334,-91.45661,271.43333333333334,993.9555555555556
111-C5-0095,2026-04-06,2026-04-06 09:57:36,1.8453333333333333,16.00133333333333,10.82,109.66666666666669,0.25666666666666665,2.3566666666666665,6.246666666666667,NA,0.07,140.76666666666668,91.66666666666669,201.46666666666667,8.51,38.09305,-91.45661,271.3666666666667,994
111-C5-0095,2026-04-06,2026-04-06 09:57:39,1.9503333333333333,15.991666666666667,10.78,109.23333333333332,0.24666666666666667,2.43,5.253333333333333,NA,0.07,140.63333333333333,91,202,8.5,38.09305,-91.45662,271.23333333333335,993.9111111111112
111-C5-0095,2026-04-06,2026-04-06 09:57:42,2.0509999999999997,15.972666666666669,10.76,108.96666666666668,0.26,2.1033333333333335,5.983333333333333,NA,0.07,140.7,91.33333333333331,202.26666666666668,8.49,38.093043333333334,-91.45662,271.06666666666666,993.8666666666668
111-C5-0095,2026-04-06,2026-04-06 09:57:45,2.133,15.962666666666667,10.73,108.66666666666669,0.29,2.2333333333333334,5.720000000000001,NA,0.07,140.7,91,202.5,8.49,38.09304,-91.45662,271,993.8666666666668
111-C5-0095,2026-04-06,2026-04-06 09:57:48,2.2443333333333335,15.945333333333334,10.7,108.33333333333331,0.28,1.99,5.236666666666667,NA,0.07,140.53333333333333,91,202.8,8.476666666666667,38.09304,-91.45662,271,993.9555555555556
111-C5-0095,2026-04-06,2026-04-06 09:57:57,2.287,15.928333333333336,10.643333333333334,107.7,0.2866666666666667,1.903333333333333,4.906666666666666,NA,0.07,140.56666666666666,91,204.46666666666667,8.453333333333333,38.09305666666667,-91.45662,271.1,993.9555555555556
111-C5-0095,2026-04-06,2026-04-06 09:58:00,2.413666666666667,15.93,10.636666666666668,107.56666666666666,0.31333333333333335,1.8333333333333337,5.033333333333333,NA,0.07,140.43333333333334,91,204.9,8.44,38.09306,-91.45661333333334,271.1666666666667,993.9111111111112
111-C5-0095,2026-04-06,2026-04-06 09:58:03,2.5076666666666667,15.922,10.616666666666664,107.4,0.2966666666666667,1.7833333333333334,5.2299999999999995,NA,0.07,140.53333333333333,91,205.2,8.44,38.09306,-91.45661,270.96666666666664,993.9555555555556
111-C5-0095,2026-04-06,2026-04-06 09:58:06,2.5826666666666664,15.921333333333331,10.606666666666666,107.33333333333331,0.3333333333333333,1.9333333333333331,5.470000000000001,NA,0.07,140.46666666666667,91,205.4,8.44,38.09306,-91.45661,270.8666666666667,993.9111111111112
111-C5-0095,2026-04-06,2026-04-06 09:58:09,2.6443333333333334,15.921,10.603333333333332,107.3,0.3433333333333333,2.04,6.253333333333333,NA,0.07,140.56666666666666,91,205.5,8.45,38.09306,-91.45661,271.1333333333333,994
111-C5-0095,2026-04-06,2026-04-06 09:58:12,2.708,15.916,10.613333333333332,107.4,0.3466666666666667,2.1666666666666665,5.716666666666667,NA,0.07,140.56666666666666,91,205.5,8.456666666666667,38.09306,-91.45661,271.43333333333334,994
111-C5-0095,2026-04-06,2026-04-06 09:58:15,2.7416666666666667,15.914666666666664,10.623333333333331,107.46666666666668,0.2966666666666667,1.8066666666666664,5.04,NA,0.07,140.5,91,205.63333333333333,8.46,38.09305333333333,-91.4566,271.3666666666667,993.9111111111112
111-C5-0095,2026-04-06,2026-04-06 09:58:18,2.7826666666666666,15.910666666666666,10.63,107.5,0.32666666666666666,2.036666666666666,5.696666666666666,NA,0.07,140.53333333333333,91,206,8.46,38.09305,-91.4566,271.3333333333333,993.9111111111112
111-C5-0095,2026-04-06,2026-04-06 09:58:21,2.876,15.91,10.64,107.63333333333333,0.30333333333333334,2.2733333333333334,5.946666666666666,NA,0.07,140.53333333333333,91,206.46666666666667,8.46,38.09305,-91.4566,271.3666666666667,993.8666666666668
111-C5-0095,2026-04-06,2026-04-06 09:58:24,2.9443333333333332,15.910666666666666,10.643333333333334,107.7,0.2966666666666667,2.0866666666666664,5.113333333333333,NA,0.07,140.53333333333333,91,206.63333333333333,8.46,38.09305,-91.4566,271.3333333333333,993.9111111111112
111-C5-0095,2026-04-06,2026-04-06 09:58:27,3,15.907,10.646666666666668,107.7,0.2866666666666667,2.0966666666666667,4.523333333333333,NA,0.07,140.33333333333334,91,206.9,8.46,38.09305,-91.45659333333332,271.4,993.9111111111112
111-C5-0095,2026-04-06,2026-04-06 09:58:33,3.0516666666666667,15.907,10.64,107.63333333333333,0.2833333333333333,1.8,4.59,NA,0.07,140.56666666666666,91,207.36666666666667,8.46,38.09304,-91.45659,271.23333333333335,993.9555555555556
111-C5-0095,2026-04-06,2026-04-06 09:58:36,3.1286666666666667,15.906,10.62,107.43333333333334,0.2866666666666667,1.8433333333333333,5.846666666666667,NA,0.07,140.46666666666667,91,207.76666666666668,8.45,38.09304,-91.45659,271.23333333333335,993.9111111111112
111-C5-0095,2026-04-06,2026-04-06 09:58:42,3.2030000000000003,15.904,10.616666666666664,107.4,0.27,1.9966666666666668,5.753333333333333,NA,0.07,140.56666666666666,91,208.56666666666663,8.45,38.09305,-91.4566,270.96666666666664,993.8666666666668
111-C5-0095,2026-04-06,2026-04-06 09:58:45,3.2603333333333335,15.904333333333334,10.633333333333336,107.56666666666666,0.31,1.86,5.403333333333333,NA,0.07,140.53333333333333,91,208.73333333333332,8.45,38.09305666666667,-91.45661,270.96666666666664,993.8666666666668
111-C5-0095,2026-04-06,2026-04-06 09:58:48,3.3643333333333336,15.906666666666666,10.643333333333334,107.7,0.30666666666666664,2.1466666666666665,5.726666666666667,NA,0.07,140.6,91,209,8.45,38.09306,-91.45662,271.1666666666667,993.9555555555556
111-C5-0095,2026-04-06,2026-04-06 09:58:51,3.466666666666667,15.907333333333334,10.65,107.73333333333332,0.31333333333333335,1.86,5.253333333333333,NA,0.07,140.6,91,209.26666666666668,8.45,38.09306,-91.45663,271.4,994
111-C5-0095,2026-04-06,2026-04-06 09:58:57,3.478666666666667,15.906333333333333,10.65,107.73333333333332,0.31666666666666665,1.7766666666666666,5.536666666666667,NA,0.07,140.43333333333334,91,209.56666666666663,8.456666666666667,38.09305,-91.45663333333331,271.6,993.9111111111112
111-C5-0095,2026-04-06,2026-04-06 09:59:03,3.505333333333333,15.898666666666667,10.65,107.73333333333332,0.42,2.066666666666667,5.9799999999999995,NA,0.07,140.46666666666667,91,209.83333333333337,8.456666666666667,38.09304,-91.45665,271.46666666666664,993.9555555555556
111-C5-0095,2026-04-06,2026-04-06 09:59:06,3.527,15.883333333333333,10.646666666666668,107.63333333333334,1.0433333333333332,2.95,5.553333333333334,NA,0.07,140.56666666666666,91,210.16666666666663,8.45,38.09304,-91.45666333333334,271.5,993.9555555555556
111-C5-0095,2026-04-06,2026-04-06 09:59:09,3.6136666666666666,15.860333333333331,10.626666666666669,107.36666666666667,0.7566666666666666,2.78,5.97,NA,0.07,140.76666666666668,91.33333333333331,210.4,8.433333333333334,38.09304,-91.45667,271.4,993.9555555555556
111-C5-0095,2026-04-06,2026-04-06 09:59:12,3.725,15.816333333333333,10.613333333333332,107.13333333333333,0.6333333333333333,2.2466666666666666,6.48,NA,0.07,140.8,91.66666666666669,210.8,8.423333333333334,38.09304,-91.45667666666668,271.43333333333334,993.9555555555556
111-C5-0095,2026-04-06,2026-04-06 09:59:18,3.805,15.860333333333331,10.58,106.9,0.77,2.5733333333333333,13.596666666666666,NA,0.07,140.56666666666666,91,211.1,8.413333333333334,38.09304,-91.45668,271.56666666666666,993.8666666666668
111-C5-0095,2026-04-06,2026-04-06 09:59:21,3.829666666666667,15.874666666666666,10.57,106.83333333333331,0.6066666666666667,2.473333333333333,6.016666666666667,NA,0.07,140.43333333333334,91,211.16666666666663,8.41,38.09304,-91.45669,271.6333333333333,993.9555555555556
111-C5-0095,2026-04-06,2026-04-06 09:59:27,3.859,15.878666666666666,10.573333333333334,106.9,0.4766666666666667,2.1033333333333335,2.9766666666666666,NA,0.07,140.36666666666667,91,211.4,8.41,38.09303,-91.45669,271.8666666666667,993.9555555555556
111-C5-0095,2026-04-06,2026-04-06 09:59:30,3.913333333333333,15.802,10.23,103.26666666666668,0.5133333333333333,1.7833333333333332,3.34,NA,0.07,140.6,91,211.5,8.41,38.09303,-91.45669,271.76666666666665,993.8666666666668
111-C8-0182,2026-01-22,2026-01-22 11:59:22,0.154,3.226,13.07,97.7,0.46,0.06,0.49,NA,0.07,157,102,150.7,7.9,38.08269,-91.44733,272.1,992.9333333333334
111-C8-0182,2026-01-22,2026-01-22 11:59:23,0.294,3.215,13.07,97.7,0.51,0.1,0.67,NA,0.07,157.1,102,150.7,7.9,38.08269,-91.44733,272,992.9333333333334
111-C8-0182,2026-01-22,2026-01-22 11:59:24,0.37,3.209,13.07,97.7,0.55,0.08,0.98,NA,0.07,157.2,102,150.8,7.9,38.08269,-91.44733,272,992.9333333333334
111-C8-0182,2026-01-22,2026-01-22 11:59:25,0.501,3.198,13.07,97.7,0.68,0.07,0.97,NA,0.07,157.1,102,150.8,7.91,38.08269,-91.44733,272,992.9333333333334
111-C8-0182,2026-01-22,2026-01-22 11:59:26,0.583,3.198,13.1,97.9,0.74,0.02,1.02,NA,0.07,157.1,102,150.7,7.91,38.08269,-91.44733,272,993.0666666666666
111-C8-0182,2026-01-22,2026-01-22 11:59:27,0.653,3.203,13.12,98,0.79,0.06,1.57,NA,0.07,157.2,102,150.7,7.91,38.08269,-91.44733,272,992.9333333333334
111-C8-0182,2026-01-22,2026-01-22 11:59:28,0.735,3.245,13.15,98.3,1.04,0.17,1.95,NA,0.07,157.3,102,150.7,7.91,38.08269,-91.44733,272.1,993.0666666666666
111-C8-0182,2026-01-22,2026-01-22 11:59:29,0.822,3.408,13.23,99.2,1.33,0.11,1.98,NA,0.07,156.8,102,150.6,7.92,38.08269,-91.44733,272.1,993.0666666666666
111-C8-0182,2026-01-22,2026-01-22 11:59:32,0.898,3.397,13.22,99.3,1.2,0.24,39.11,NA,0.07,157.2,102,150.3,7.94,38.08269,-91.44733,271.9,993.0666666666666
111-C8-0182,2026-01-22,2026-01-22 11:59:33,0.966,3.465,13.25,99.6,1.24,0.23,98.28,NA,0.07,157.1,102,150.4,7.94,38.08269,-91.44733,271.8,993.0666666666666
111-C8-0182,2026-01-22,2026-01-22 11:59:36,0.994,3.575,13.39,101,1.5,0.48,4.24,NA,0.07,157.2,102,150.4,7.95,38.08269,-91.44733,271.7,993.0666666666666
111-C8-0182,2026-02-27,2026-02-27 13:02:35,0.01,9.549,11.23,98.6,0.16,0.12,0.94,NA,0.08,177,115,215.3,8.36,38.08223,-91.44701,278,980.2666666666668
111-C8-0182,2026-02-27,2026-02-27 13:02:39,0.087,9.379,11.65,101.8,0.24,0.15,0.98,NA,0.08,174.4,113,215.6,8.33,38.08223,-91.44701,278.3,980.4
111-C8-0182,2026-02-27,2026-02-27 13:02:40,0.173,9.289,11.74,102.4,0.23,0.21,1.06,NA,0.08,171.7,112,215.6,8.33,38.08223,-91.44701,278.4,980.4
111-C8-0182,2026-02-27,2026-02-27 13:02:41,0.284,9.239,11.8,102.8,0.24,0.2,1.09,NA,0.08,170,111,215.7,8.32,38.08223,-91.44701,278.7,980.4
111-C8-0182,2026-02-27,2026-02-27 13:02:43,0.325,9.129,11.99,104.1,0.19,0.14,1.04,NA,0.08,169,110,215.5,8.32,38.08224,-91.44701,278,980.4
111-C8-0182,2026-02-27,2026-02-27 13:02:45,0.404,9.13,12.09,105,0.23,0.17,1.23,NA,0.08,168.5,110,215.9,8.31,38.08224,-91.44701,277.4,980.2666666666668
111-C8-0182,2026-02-27,2026-02-27 13:02:46,0.448,9.134,12.14,105.4,0.27,0.15,1.05,NA,0.08,168.6,110,215.9,8.31,38.08223,-91.44701,277.2,980.2666666666668
111-C8-0182,2026-02-27,2026-02-27 13:02:47,0.475,9.126,12.18,105.7,0.29,0.18,1.06,NA,0.08,168.6,110,215.9,8.31,38.08223,-91.44701,277.3,980.2666666666668
111-C8-0182,2026-02-27,2026-02-27 13:02:48,0.515,9.114,12.24,106.2,0.3,0.23,1.11,NA,0.08,168.7,110,216,8.31,38.08223,-91.44701,277.3,980.2666666666668
111-C8-0182,2026-02-27,2026-02-27 13:02:50,0.562,9.131,12.29,106.7,0.25,0.17,1.09,NA,0.08,168,109,216,8.31,38.08223,-91.44701,277,980.4
111-C8-0182,2026-02-27,2026-02-27 13:02:51,0.637,9.106,12.32,106.9,0.22,0.18,1.16,NA,0.08,167.7,109,216.1,8.31,38.08223,-91.44701,276.7,980.4
111-C8-0182,2026-02-27,2026-02-27 13:02:52,0.676,9.125,12.35,107.2,0.25,0.26,1.16,NA,0.08,167.6,109,216.1,8.3,38.08223,-91.44701,276.8,980.4
111-C8-0182,2026-02-27,2026-02-27 13:02:54,0.717,9.1,12.39,107.5,0.29,0.17,1.03,NA,0.08,167.4,109,216.2,8.3,38.08224,-91.44701,275.9,980.4
111-C8-0182,2026-02-27,2026-02-27 13:02:55,0.778,9.043,12.41,107.6,0.27,0.05,1.24,NA,0.08,167.5,109,216.2,8.3,38.08224,-91.44701,276,980.4
111-C8-0182,2026-03-20,2026-03-20 12:32:43,0.045,12.218,10.38,96.9,0.16,0.17,1.44,NA,0.07,143.4,93,179.1,7.76,38.08219,-91.44713,273.1,981.0666666666666
111-C8-0182,2026-03-20,2026-03-20 12:32:50,0.127,12.119,10.39,96.8,0.17,0.25,1.43,NA,0.07,143.6,93,179.2,7.75,38.08217,-91.44712,274.2,981.0666666666666
111-C8-0182,2026-03-20,2026-03-20 12:32:51,0.172,12.109,10.4,96.7,0.17,0.25,1.36,NA,0.07,143.6,93,179.3,7.75,38.08217,-91.44712,274.1,981.2
111-C8-0182,2026-03-20,2026-03-20 12:32:52,0.208,12.114,10.4,96.8,0.18,0.32,1.27,NA,0.07,143.5,93,179.4,7.74,38.08217,-91.44712,274.3,981.0666666666666
111-C8-0182,2026-03-20,2026-03-20 12:32:53,0.239,12.12,10.4,96.8,0.21,0.29,1.38,NA,0.07,143.4,93,179.3,7.74,38.08216,-91.44712,274.3,981.0666666666666
111-C8-0182,2026-03-20,2026-03-20 12:32:54,0.356,12.105,10.39,96.7,0.22,0.27,1.46,NA,0.07,143.4,93,179.3,7.74,38.08216,-91.44712,274.3,981.0666666666666
111-C8-0182,2026-03-20,2026-03-20 12:32:55,0.454,12.026,10.37,96.4,0.24,0.33,1.59,NA,0.07,143.5,93,179.3,7.74,38.08216,-91.44712,274.1,981.0666666666666
111-C8-0182,2026-03-20,2026-03-20 12:32:56,0.484,12.001,10.4,96.5,0.25,0.36,1.52,NA,0.07,143.4,93,179.1,7.75,38.08216,-91.44712,274,981.0666666666666
111-C8-0182,2026-03-20,2026-03-20 12:32:57,0.547,11.986,10.4,96.6,0.23,0.37,1.52,NA,0.07,143.4,93,179,7.75,38.08216,-91.44713,273.8,981.0666666666666
111-C8-0182,2026-03-20,2026-03-20 12:32:58,0.57,11.993,10.4,96.6,0.24,0.35,1.63,NA,0.07,143.4,93,179.1,7.75,38.08216,-91.44714,273.9,981.2
111-C8-0182,2026-03-20,2026-03-20 12:32:59,0.614,12.002,10.4,96.6,0.28,0.39,1.54,NA,0.07,143.4,93,179.1,7.74,38.08216,-91.44713,273.8,981.0666666666666
111-C8-0182,2026-03-20,2026-03-20 12:33:00,0.686,11.995,10.4,96.5,0.26,0.4,1.57,NA,0.07,143.3,93,179.2,7.74,38.08215,-91.44712,274.1,981.0666666666666
111-C8-0182,2026-03-20,2026-03-20 12:33:01,0.719,11.901,10.37,96.2,0.23,0.35,1.76,NA,0.07,143.6,93,179.3,7.74,38.08215,-91.44713,274.4,981.0666666666666
111-C8-0182,2026-03-20,2026-03-20 12:33:02,0.77,11.805,10.37,96,0.28,0.34,1.75,NA,0.07,143.6,93,179.5,7.74,38.08214,-91.44714,274.9,981.0666666666666
111-C8-0182,2026-03-20,2026-03-20 12:33:03,0.819,11.687,10.36,95.6,0.32,0.32,1.67,NA,0.07,143.7,93,179.8,7.73,38.08213,-91.44715,275.3,981.0666666666666
111-C8-0182,2026-03-20,2026-03-20 12:33:04,0.88,11.613,10.37,95.5,0.31,0.3,1.84,NA,0.07,143.7,93,179.9,7.73,38.08213,-91.44714,275.2,981.0666666666666
111-C8-0182,2026-03-20,2026-03-20 12:33:05,0.908,11.556,10.38,95.4,0.34,0.32,1.76,NA,0.07,143.6,93,179.9,7.73,38.08213,-91.44714,275.6,981.0666666666666
111-C8-0182,2026-03-20,2026-03-20 12:33:06,0.987,11.446,10.37,95.1,0.37,0.35,1.75,NA,0.07,143.7,93,179.9,7.73,38.08213,-91.44715,275.6,981.0666666666666
111-C8-0182,2026-03-20,2026-03-20 12:33:07,1.027,11.335,10.38,95,0.46,0.44,3.13,NA,0.07,143.8,93,179.9,7.73,38.08212,-91.44715,276.4,981.0666666666666
111-C8-0182,2026-03-20,2026-03-20 12:33:08,1.072,11.256,10.4,95,0.87,1.08,9.08,NA,0.07,143.9,94,179.8,7.73,38.08212,-91.44715,276.6,981.2
111-C8-0182,2026-03-20,2026-03-20 12:33:09,1.102,11.257,10.39,94.8,1.01,1.35,11.49,NA,0.07,143.9,94,179.7,7.74,38.08212,-91.44714,276.9,981.0666666666666
111-C8-0182,2026-04-06,2026-04-06 10:14:57,0.008,15.077,9.95,98.9,0.35,1.5,4.48,NA,0.07,140.2,91,174.5,8.19,38.08225,-91.44706,267.5,994
111-C8-0182,2026-04-06,2026-04-06 10:15:01,0.049,15.088,10.07,100.1,0.39,2.01,4.6,NA,0.07,139.8,91,175,8.2,38.08225,-91.44706,267.7,994.1333333333332
111-C8-0182,2026-04-06,2026-04-06 10:15:03,0.108,15.085,10.11,100.5,0.39,1.65,4.2,NA,0.07,139.6,91,175.7,8.21,38.08225,-91.44706,268,993.8666666666668
111-C8-0182,2026-04-06,2026-04-06 10:15:20,0.292,14.923,10.17,100.7,0.37,1.49,4.68,NA,0.07,139.5,91,180.2,8.17,38.08224,-91.44704,269.1,994
111-C8-0182,2026-04-06,2026-04-06 10:15:21,0.315,14.921,10.16,100.6,0.38,1.43,4.59,NA,0.07,139.6,91,180.3,8.17,38.08224,-91.44704,269.4,994
111-C8-0182,2026-04-06,2026-04-06 10:15:23,0.364,14.927,10.15,100.5,0.39,1.43,4.22,NA,0.07,139.5,91,180.7,8.17,38.08224,-91.44704,269.3,994
111-C8-0182,2026-04-06,2026-04-06 10:15:24,0.404,14.925,10.15,100.5,0.34,1.31,4.51,NA,0.07,139.5,91,180.9,8.17,38.08224,-91.44704,269.3,994
111-C8-0182,2026-04-06,2026-04-06 10:15:27,0.484,14.931,10.15,100.5,0.39,1.31,4.86,NA,0.07,139.7,91,181.8,8.16,38.08224,-91.44703,269.1,994.1333333333332
111-C8-0182,2026-04-06,2026-04-06 10:15:28,0.539,14.954,10.15,100.6,0.39,1.42,5.28,NA,0.07,139.6,91,182,8.16,38.08224,-91.44703,269.1,994.1333333333332
111-C8-0182,2026-04-06,2026-04-06 10:15:29,0.576,14.974,10.15,100.6,0.4,1.52,5.72,NA,0.07,139.6,91,182.2,8.16,38.08224,-91.44703,269.1,994
111-C8-0182,2026-04-06,2026-04-06 10:15:30,0.601,14.979,10.15,100.7,0.39,1.67,6.01,NA,0.07,139.8,91,182.5,8.16,38.08224,-91.44702,269.1,994.1333333333332
111-C8-0182,2026-04-06,2026-04-06 10:15:31,0.631,14.98,10.16,100.8,0.39,1.73,6.1,NA,0.07,139.9,91,182.7,8.16,38.08224,-91.44702,269.1,994.1333333333332
111-C8-0182,2026-04-06,2026-04-06 10:15:32,0.664,14.978,10.17,100.8,0.37,1.7,5.93,NA,0.07,140,91,182.9,8.16,38.08223,-91.44702,269.3,994
111-C8-0182,2026-04-06,2026-04-06 10:15:33,0.686,14.973,10.17,100.9,0.41,1.76,5.99,NA,0.07,140.1,91,183.2,8.16,38.08223,-91.44702,269.4,994
111-C8-0182,2026-04-06,2026-04-06 10:15:34,0.723,14.97,10.18,100.9,0.43,1.93,5.8,NA,0.07,140.1,91,183.5,8.16,38.08223,-91.44701,269.4,994.1333333333332
111-C8-0182,2026-04-06,2026-04-06 10:15:35,0.755,14.971,10.19,101,0.4,1.98,5.29,NA,0.07,140.2,91,183.8,8.16,38.08223,-91.44701,269.7,993.8666666666668
111-C8-0182,2026-04-06,2026-04-06 10:15:36,0.788,14.973,10.2,101.1,0.37,1.65,5.34,NA,0.07,140.1,91,184.1,8.16,38.08223,-91.44701,269.7,993.8666666666668
111-C8-0182,2026-04-06,2026-04-06 10:15:37,0.827,14.976,10.2,101.2,0.39,1.54,5.76,NA,0.07,140.1,91,184.3,8.16,38.08223,-91.44701,269.7,993.8666666666668
111-C8-0182,2026-04-06,2026-04-06 10:15:38,0.888,14.977,10.2,101.1,0.41,1.79,5.63,NA,0.07,140.2,91,184.4,8.16,38.08223,-91.44701,269.7,994.1333333333332
111-C8-0182,2026-04-06,2026-04-06 10:15:39,0.926,14.96,10.19,101,0.4,1.89,5.59,NA,0.07,140.2,91,184.6,8.16,38.08223,-91.44701,269.7,994
111-C8-0182,2026-04-06,2026-04-06 10:15:40,0.984,14.928,10.19,100.9,0.41,2.06,5.97,NA,0.07,140.2,91,184.8,8.16,38.08223,-91.44701,269.7,994
111-C8-0182,2026-04-06,2026-04-06 10:15:41,1.045,14.922,10.19,100.9,0.43,2.13,5.96,NA,0.07,140.3,91,185,8.16,38.08223,-91.44701,269.7,993.8666666666668
111-C8-0182,2026-04-06,2026-04-06 10:15:42,1.087,14.917,10.19,100.9,0.42,2.06,5.19,NA,0.07,140.3,91,185.1,8.16,38.08223,-91.44701,269.7,994
111-C8-0182,2026-04-06,2026-04-06 10:15:43,1.117,14.911,10.19,100.9,0.42,1.95,5.56,NA,0.07,140.1,91,185.3,8.15,38.08223,-91.44701,269.6,993.8666666666668
111-C8-0182,2026-04-06,2026-04-06 10:15:44,1.178,14.915,10.18,100.8,0.45,1.72,6.89,NA,0.07,140.1,91,185.4,8.15,38.08223,-91.44701,269.8,993.8666666666668
111-C8-0182,2026-04-06,2026-04-06 10:15:45,1.2,14.92,10.18,100.8,0.46,1.8,7.95,NA,0.07,140,91,185.6,8.15,38.08223,-91.44701,269.8,994
111-C8-0182,2026-04-06,2026-04-06 10:15:48,1.253,14.915,10.17,100.7,0.78,2.6,13.19,NA,0.07,140.1,91,185.9,8.15,38.08223,-91.44701,269.9,994
111-C8-0182,2026-04-06,2026-04-06 10:15:49,1.285,14.912,10.17,100.7,0.73,2.56,15.52,NA,0.07,140,91,186,8.15,38.08223,-91.44701,269.9,994
111-C8-0182,2026-04-06,2026-04-06 10:16:00,1.348,14.918,10.15,100.5,0.89,2.83,11.86,NA,0.07,140.1,91,187.4,8.16,38.08224,-91.44702,270.2,994
111,2026-01-22,2026-01-22 10:49:03,0.195,2.927,12.78,94.8,1.07,0.38,1.79,NA,0.07,158.3,103,159.5,8.03,38.10571,-91.45822,271.2,994
111,2026-01-22,2026-01-22 10:49:07,0.239,2.876,12.78,94.7,1.08,0.18,1.54,NA,0.07,158.3,103,159.1,8.03,38.10571,-91.45822,271.6,994
111,2026-01-22,2026-01-22 10:49:09,0.292,2.879,12.78,94.7,0.98,0.14,1.36,NA,0.07,157.3,102,159.5,8.02,38.10571,-91.45821,271.9,994
111,2026-01-22,2026-01-22 10:49:10,0.457,2.865,12.78,94.6,0.94,0.15,1.23,NA,0.07,157.1,102,159.4,8.02,38.10571,-91.45821,272.1,993.8666666666668
111,2026-01-22,2026-01-22 10:49:11,0.623,2.869,12.79,94.7,0.92,0.14,1.64,NA,0.07,157.1,102,159.5,8.02,38.10571,-91.45821,272.1,994
111,2026-01-22,2026-01-22 10:49:12,0.731,2.877,12.79,94.8,0.9,0.13,1.59,NA,0.07,157,102,159.7,8.02,38.1057,-91.45821,272.2,994
111,2026-01-22,2026-01-22 10:49:13,0.974,2.905,12.8,94.9,0.96,0.2,1.26,NA,0.07,156.8,102,159.7,8.01,38.1057,-91.45822,272.4,994
111,2026-01-22,2026-01-22 10:49:14,1.046,2.918,12.79,94.8,1.04,0.17,1.34,NA,0.07,156.8,102,159.6,8.01,38.1057,-91.45821,272.3,993.8666666666668
111,2026-01-22,2026-01-22 10:49:15,1.07,2.93,12.79,94.9,1.14,0.15,1.53,NA,0.07,156.9,102,159.2,8.02,38.1057,-91.45821,272.6,994
111,2026-01-22,2026-01-22 10:49:16,1.124,2.96,12.78,94.8,1.25,0.12,1.66,NA,0.07,156.7,102,159,8.02,38.1057,-91.45821,272.8,993.8666666666668
111,2026-01-22,2026-01-22 10:49:17,1.167,2.965,12.76,94.8,1.32,0.14,1.61,NA,0.07,156.7,102,159.3,8.02,38.1057,-91.45821,272.9,994.1333333333332
111,2026-01-22,2026-01-22 10:49:19,1.203,2.969,12.76,94.7,1.47,0.32,1.81,NA,0.07,156.7,102,159.7,8,38.1057,-91.45821,272.8,994
111,2026-01-22,2026-01-22 10:49:20,1.316,3.032,12.76,94.8,1.54,0.25,2.03,NA,0.07,156.5,102,159.7,8,38.1057,-91.45821,272.8,993.8666666666668
111,2026-01-22,2026-01-22 10:49:23,1.359,3.048,12.75,94.9,1.81,0.23,2.66,NA,0.07,156.6,102,159.5,8,38.1057,-91.45821,273.3,994
111,2026-01-22,2026-01-22 10:49:24,1.42,3.067,12.75,94.9,1.9,0.23,2.56,NA,0.07,156.6,102,159.5,8,38.1057,-91.45821,273.4,994
111,2026-01-22,2026-01-22 10:49:25,1.493,3.101,12.74,95,1.92,0.19,2.45,NA,0.07,156.5,102,159.4,8,38.1057,-91.45821,273.5,994
111,2026-01-22,2026-01-22 10:49:26,1.567,3.105,12.74,94.9,2.02,0.21,2.79,NA,0.07,156.5,102,159,8,38.1057,-91.45821,273.3,993.8666666666668
111,2026-01-22,2026-01-22 10:49:27,1.621,3.112,12.74,94.9,2.12,0.28,3.29,NA,0.07,156.5,102,159.2,8,38.1057,-91.45821,273.6,994
111,2026-01-22,2026-01-22 10:49:28,1.692,3.117,12.73,94.9,2.25,0.4,3.31,NA,0.07,156.5,102,159.4,7.99,38.1057,-91.45821,273.3,994
111,2026-01-22,2026-01-22 10:49:29,1.734,3.12,12.72,94.9,2.28,0.31,3.43,NA,0.07,156.7,102,159.5,7.99,38.1057,-91.45821,273.2,993.8666666666668
111,2026-01-22,2026-01-22 10:49:30,1.78,3.122,12.73,94.9,2.3,0.19,3.54,NA,0.07,156.6,102,159.4,7.99,38.1057,-91.45821,273.4,994
111,2026-01-22,2026-01-22 10:49:31,1.836,3.133,12.74,95,2.39,0.2,3.11,NA,0.07,156.5,102,159.4,7.99,38.1057,-91.45821,273.7,994
111,2026-01-22,2026-01-22 10:49:32,1.856,3.14,12.73,94.9,2.43,0.34,2.9,NA,0.07,156.6,102,159.4,7.99,38.1057,-91.45821,273.6,994
111,2026-01-22,2026-01-22 10:49:33,1.886,3.141,12.72,94.9,2.43,0.46,2.8,NA,0.07,156.5,102,159.5,7.99,38.10569,-91.45821,274,993.8666666666668
111,2026-01-22,2026-01-22 10:49:34,1.945,3.144,12.72,94.9,2.47,0.43,3.35,NA,0.07,156.6,102,159.5,7.99,38.10569,-91.45821,273.8,993.8666666666668
111,2026-01-22,2026-01-22 10:49:35,2.053,3.159,12.72,94.9,2.53,0.36,3.7,NA,0.07,156.7,102,159.5,7.98,38.10569,-91.45821,273.7,993.8666666666668
111,2026-01-22,2026-01-22 10:49:36,2.181,3.163,12.71,94.9,2.55,0.36,3.46,NA,0.07,156.7,102,159.6,7.98,38.10569,-91.45821,274,994
111,2026-01-22,2026-01-22 10:49:37,2.258,3.165,12.71,94.8,2.55,0.44,3.75,NA,0.07,156.5,102,159.5,7.98,38.10569,-91.45821,274,993.8666666666668
111,2026-01-22,2026-01-22 10:49:38,2.324,3.167,12.7,94.8,2.61,0.55,3.74,NA,0.07,156.7,102,159.5,7.98,38.10569,-91.45821,274.2,993.8666666666668
111,2026-01-22,2026-01-22 10:49:39,2.421,3.169,12.7,94.8,2.54,0.36,3.4,NA,0.07,156.6,102,159.4,7.98,38.10569,-91.45821,274.4,993.8666666666668
111,2026-01-22,2026-01-22 10:49:40,2.49,3.171,12.7,94.8,2.51,0.35,3.41,NA,0.07,156.5,102,159.5,7.98,38.10569,-91.45821,274.3,993.8666666666668
111,2026-01-22,2026-01-22 10:49:41,2.561,3.174,12.69,94.8,2.54,0.34,3.56,NA,0.07,156.4,102,159.5,7.98,38.10569,-91.45821,274.1,993.8666666666668
111,2026-01-22,2026-01-22 10:49:42,2.64,3.175,12.69,94.8,2.53,0.2,3.48,NA,0.07,156.4,102,159.5,7.98,38.10569,-91.45821,274.1,993.8666666666668
111,2026-01-22,2026-01-22 10:49:43,2.744,3.179,12.69,94.8,2.58,0.23,3.54,NA,0.07,156.5,102,159.5,7.98,38.10569,-91.45821,274,993.8666666666668
111,2026-01-22,2026-01-22 10:49:44,2.803,3.189,12.69,94.8,2.6,0.19,3.74,NA,0.07,156.5,102,159.5,7.97,38.10569,-91.45821,273.9,994
111,2026-01-22,2026-01-22 10:49:45,2.901,3.216,12.69,94.8,2.6,0.26,3.85,NA,0.07,156.5,102,159.5,7.97,38.10569,-91.45821,274,994
111,2026-01-22,2026-01-22 10:49:46,2.936,3.247,12.68,94.8,2.67,0.26,3.92,NA,0.07,156.5,102,159.6,7.97,38.10569,-91.45821,274.2,993.8666666666668
111,2026-01-22,2026-01-22 10:49:47,3.03,3.256,12.67,94.8,2.69,0.36,4.02,NA,0.07,156.6,102,159.6,7.97,38.10569,-91.45821,274.2,993.8666666666668
111,2026-01-22,2026-01-22 10:49:48,3.123,3.265,12.67,94.8,2.67,0.56,3.89,NA,0.07,156.7,102,159.6,7.97,38.10569,-91.45821,274.3,993.8666666666668
111,2026-01-22,2026-01-22 10:49:49,3.191,3.274,12.65,94.7,2.7,0.79,3.73,NA,0.07,156.7,102,159.6,7.97,38.10569,-91.45821,274,993.8666666666668
111,2026-01-22,2026-01-22 10:49:52,3.305,3.286,12.65,94.7,2.63,0.37,4.13,NA,0.07,156.6,102,159.6,7.96,38.10569,-91.4582,274,993.8666666666668
111,2026-01-22,2026-01-22 10:49:53,3.442,3.305,12.64,94.7,2.62,0.29,3.74,NA,0.07,156.6,102,159.7,7.96,38.10569,-91.4582,273.9,994
111,2026-01-22,2026-01-22 10:49:54,3.499,3.31,12.64,94.7,2.62,0.27,3.52,NA,0.07,156.5,102,159.7,7.96,38.10569,-91.4582,274.2,993.8666666666668
111,2026-01-22,2026-01-22 10:49:55,3.606,3.327,12.63,94.6,2.65,0.37,3.72,NA,0.07,156.4,102,159.7,7.95,38.10569,-91.4582,274.4,993.8666666666668
111,2026-01-22,2026-01-22 10:49:56,3.716,3.337,12.62,94.7,2.67,0.52,3.86,NA,0.07,156.4,102,159.7,7.95,38.10569,-91.4582,274.3,993.8666666666668
111,2026-01-22,2026-01-22 10:49:57,3.798,3.342,12.62,94.6,2.63,0.51,4.02,NA,0.07,156.5,102,159.8,7.95,38.10569,-91.4582,274.6,993.8666666666668
111,2026-01-22,2026-01-22 10:49:58,3.834,3.35,12.61,94.6,2.69,0.4,4.06,NA,0.07,156.6,102,159.7,7.95,38.10569,-91.4582,274.7,993.8666666666668
111,2026-01-22,2026-01-22 10:49:59,3.921,3.356,12.61,94.6,2.66,0.5,4.36,NA,0.07,156.6,102,159.7,7.95,38.10569,-91.4582,274.8,993.8666666666668
111,2026-01-22,2026-01-22 10:50:00,4.022,3.378,12.62,94.7,2.68,0.43,4.41,NA,0.07,156.6,102,159.7,7.95,38.10569,-91.4582,274.7,993.8666666666668
111,2026-01-22,2026-01-22 10:50:02,4.043,3.377,12.59,94.6,2.89,0.4,5.02,NA,0.07,156.6,102,160.2,7.94,38.10569,-91.4582,274.2,994
111,2026-01-22,2026-01-22 10:50:07,4.121,3.399,12.59,94.6,2.85,0.47,4.77,NA,0.07,156.5,102,160.1,7.93,38.1057,-91.45821,273.2,994
111,2026-01-22,2026-01-22 10:50:08,4.176,3.417,12.59,94.6,2.78,0.53,4.54,NA,0.07,156.3,102,160.1,7.93,38.1057,-91.45821,273,994
111,2026-01-22,2026-01-22 10:50:11,4.252,3.419,12.57,94.5,2.81,0.41,4.21,NA,0.07,156.5,102,160.1,7.93,38.10569,-91.45821,272.9,994.1333333333332
111,2026-01-22,2026-01-22 10:50:12,4.465,3.431,12.57,94.5,2.63,0.42,3.96,NA,0.07,156.6,102,160.3,7.93,38.10569,-91.45821,272.8,994.1333333333332
111,2026-01-22,2026-01-22 10:50:13,4.634,3.436,12.57,94.5,2.65,0.33,4.12,NA,0.07,156.7,102,160.3,7.93,38.10569,-91.45821,273.2,994
111,2026-01-22,2026-01-22 10:50:14,4.717,3.437,12.57,94.5,2.73,0.38,4.02,NA,0.07,156.7,102,160.4,7.92,38.10569,-91.4582,273.8,994.1333333333332
111,2026-01-22,2026-01-22 10:50:15,4.808,3.435,12.56,94.4,2.8,0.37,4.06,NA,0.07,156.6,102,160.4,7.92,38.10569,-91.4582,273.5,994.1333333333332
111,2026-01-22,2026-01-22 10:50:16,4.893,3.435,12.56,94.4,2.82,0.29,4.23,NA,0.07,156.6,102,160.4,7.92,38.10569,-91.4582,273.6,994
111,2026-01-22,2026-01-22 10:50:17,4.921,3.435,12.56,94.4,2.78,0.56,4.19,NA,0.07,156.6,102,160.6,7.92,38.10569,-91.4582,273.1,994
111,2026-01-22,2026-01-22 10:50:18,5.035,3.438,12.56,94.4,2.71,0.64,4.14,NA,0.07,156.5,102,160.6,7.92,38.10569,-91.4582,272.7,994.2666666666668
111,2026-01-22,2026-01-22 10:50:19,5.253,3.439,12.55,94.4,2.75,0.32,4.56,NA,0.07,156.4,102,160.7,7.92,38.10569,-91.4582,272.8,994.1333333333332
111,2026-01-22,2026-01-22 10:50:20,5.302,3.439,12.56,94.4,2.86,0.3,4.59,NA,0.07,156.5,102,160.6,7.92,38.10569,-91.4582,272.8,994.1333333333332
111,2026-01-22,2026-01-22 10:50:21,5.403,3.44,12.56,94.4,2.76,0.47,3.99,NA,0.07,156.4,102,160.6,7.92,38.10569,-91.45819,272.9,994.2666666666668
111,2026-01-22,2026-01-22 10:50:22,5.527,3.451,12.56,94.4,2.69,0.5,4.22,NA,0.07,156.4,102,160.6,7.92,38.1057,-91.45818,272.8,994.1333333333332
111,2026-01-22,2026-01-22 10:50:23,5.676,3.457,12.55,94.4,2.71,0.47,4.42,NA,0.07,156.5,102,160.6,7.91,38.1057,-91.45818,272.6,994.2666666666668
111,2026-01-22,2026-01-22 10:50:24,5.82,3.458,12.55,94.4,2.67,0.47,4.24,NA,0.07,156.5,102,161,7.91,38.1057,-91.45818,272.3,994.2666666666668
111,2026-01-22,2026-01-22 10:50:27,6.027,3.457,12.55,94.4,2.67,0.37,4.18,NA,0.07,156.7,102,161.2,7.9,38.10569,-91.45818,272.3,994
111,2026-01-22,2026-01-22 10:50:28,6.198,3.46,12.55,94.4,2.73,0.35,4.39,NA,0.07,156.6,102,161,7.9,38.10569,-91.45818,271.9,994
111,2026-01-22,2026-01-22 10:50:29,6.242,3.463,12.55,94.4,2.77,0.39,4.44,NA,0.07,156.6,102,161.2,7.9,38.10569,-91.45818,272,994.1333333333332
111,2026-01-22,2026-01-22 10:50:31,6.309,3.465,12.54,94.4,2.91,0.48,4.59,NA,0.07,156.6,102,161.1,7.9,38.10569,-91.45818,271.9,994
111,2026-01-22,2026-01-22 10:50:33,6.354,3.466,12.54,94.4,3.04,0.48,4.47,NA,0.07,156.6,102,161,7.9,38.10569,-91.45818,272.5,994
111,2026-01-22,2026-01-22 10:50:34,6.406,3.467,12.54,94.4,2.85,0.56,4.43,NA,0.07,156.4,102,161.1,7.9,38.10569,-91.45819,272,994
111,2026-01-22,2026-01-22 10:50:35,6.509,3.469,12.54,94.4,2.78,0.43,4.51,NA,0.07,156.5,102,161.2,7.9,38.10569,-91.45819,271.8,993.8666666666668
111,2026-01-22,2026-01-22 10:50:36,6.564,3.469,12.53,94.3,2.8,0.39,4.53,NA,0.07,156.6,102,161.3,7.9,38.10569,-91.45819,271.7,994
111,2026-01-22,2026-01-22 10:50:37,6.663,3.47,12.54,94.3,2.77,0.58,4.33,NA,0.07,156.7,102,161.4,7.89,38.10569,-91.45819,271.6,994
111,2026-01-22,2026-01-22 10:50:38,6.721,3.47,12.53,94.3,2.84,0.55,4.54,NA,0.07,156.7,102,161.5,7.89,38.10569,-91.45819,271.6,994
111,2026-01-22,2026-01-22 10:50:39,6.791,3.47,12.53,94.3,2.87,0.46,4.47,NA,0.07,156.6,102,161.5,7.89,38.10569,-91.45819,271.4,994.1333333333332
111,2026-01-22,2026-01-22 10:50:40,6.875,3.47,12.53,94.3,2.76,0.47,4.46,NA,0.07,156.7,102,161.5,7.89,38.10569,-91.45819,271.1,994
111,2026-01-22,2026-01-22 10:50:41,6.939,3.47,12.53,94.3,2.72,0.47,4.93,NA,0.07,156.7,102,161.6,7.88,38.10569,-91.45819,271,994
111,2026-01-22,2026-01-22 10:50:44,7.072,3.467,12.53,94.3,2.68,0.46,4.42,NA,0.07,156.6,102,161.6,7.89,38.10569,-91.45819,271.1,994
111,2026-01-22,2026-01-22 10:50:45,7.131,3.464,12.53,94.3,2.72,0.55,4.55,NA,0.07,156.6,102,161.7,7.88,38.10569,-91.45819,271.2,994
111,2026-01-22,2026-01-22 10:50:46,7.19,3.46,12.53,94.3,2.73,0.54,4.61,NA,0.07,156.6,102,161.7,7.88,38.10569,-91.45819,271.4,994.1333333333332
111,2026-01-22,2026-01-22 10:50:47,7.283,3.459,12.53,94.3,2.73,0.63,4.39,NA,0.07,156.6,102,161.8,7.88,38.10568,-91.45818,271.6,993.8666666666668
111,2026-01-22,2026-01-22 10:50:48,7.345,3.461,12.53,94.3,2.7,0.69,4.08,NA,0.07,156.5,102,161.8,7.88,38.10568,-91.45819,271.4,993.8666666666668
111,2026-01-22,2026-01-22 10:50:49,7.495,3.466,12.53,94.3,2.67,0.36,3.96,NA,0.07,156.5,102,161.9,7.88,38.10568,-91.45819,271.7,994
111,2026-01-22,2026-01-22 10:50:50,7.544,3.472,12.53,94.3,2.86,0.36,4.4,NA,0.07,156.6,102,161.9,7.88,38.10568,-91.45819,271.7,994
111,2026-01-22,2026-01-22 10:50:51,7.579,3.472,12.52,94.3,2.93,0.29,4.74,NA,0.07,156.7,102,161.9,7.88,38.10568,-91.45819,271.4,994
111,2026-01-22,2026-01-22 10:50:52,7.656,3.473,12.52,94.3,2.76,0.25,4.23,NA,0.07,156.7,102,162,7.88,38.10567,-91.45819,271.3,994
111,2026-01-22,2026-01-22 10:50:53,7.837,3.475,12.52,94.3,2.63,0.31,4.04,NA,0.07,156.7,102,162.1,7.87,38.10567,-91.4582,271,994
111,2026-01-22,2026-01-22 10:50:55,7.87,3.478,12.52,94.2,2.79,0.33,4.81,NA,0.07,156.6,102,162.2,7.87,38.10567,-91.4582,270.8,994
111,2026-01-22,2026-01-22 10:50:59,8.002,3.478,12.52,94.3,2.77,0.53,4.29,NA,0.07,156.4,102,162.3,7.87,38.10568,-91.45819,270.2,994.1333333333332
111,2026-01-22,2026-01-22 10:51:00,8.125,3.478,12.52,94.2,2.71,0.39,4.15,NA,0.07,156.5,102,162.5,7.86,38.10568,-91.45819,270.2,994
111,2026-01-22,2026-01-22 10:51:01,8.147,3.478,12.51,94.2,2.74,0.36,4.17,NA,0.07,156.5,102,162.4,7.86,38.10568,-91.45819,270,994
111,2026-01-22,2026-01-22 10:51:03,8.233,3.47,12.52,94.2,2.63,0.42,4.5,NA,0.07,156.5,102,162.4,7.87,38.10568,-91.45819,269.8,993.8666666666668
111,2026-01-22,2026-01-22 10:51:04,8.326,3.465,12.52,94.2,2.64,0.42,4.23,NA,0.07,156.6,102,162.5,7.86,38.10568,-91.45819,269.8,994
111,2026-01-22,2026-01-22 10:51:05,8.38,3.465,12.52,94.2,2.73,0.37,4.25,NA,0.07,156.7,102,162.6,7.86,38.10568,-91.45819,269.8,994
111,2026-01-22,2026-01-22 10:51:06,8.454,3.472,12.52,94.2,2.66,0.36,3.99,NA,0.07,156.7,102,162.7,7.86,38.10568,-91.45819,269.8,994
111,2026-01-22,2026-01-22 10:51:07,8.599,3.484,12.53,94.3,2.61,0.28,3.93,NA,0.07,156.6,102,162.7,7.86,38.10568,-91.4582,269.7,994.1333333333332
111,2026-01-22,2026-01-22 10:51:13,8.654,3.481,12.52,94.2,3.64,0.58,7.08,NA,0.07,156.6,102,163,7.85,38.10568,-91.4582,268.7,994
111,2026-01-22,2026-01-22 10:51:21,8.724,3.485,12.52,94.2,3.1,0.65,6.61,NA,0.07,156.8,102,163.2,7.85,38.10567,-91.4582,269.4,994
111,2026-02-27,2026-02-27 12:10:30,0.026,6.867,12.623333333333331,103.66666666666669,0.25333333333333335,0.29333333333333333,1.2166666666666666,NA,0.08,158.73333333333332,103,253.4,8.116666666666665,38.105826666666665,-91.45803333333332,285.2,981.4666666666668
111,2026-02-27,2026-02-27 12:10:33,0.04966666666666666,6.848333333333334,12.64,103.8,0.26333333333333336,0.29000000000000004,1.2766666666666666,NA,0.08,158.8,103,254.03333333333333,8.106666666666666,38.10583,-91.45803333333332,284.5,981.377777777778
111,2026-02-27,2026-02-27 12:10:36,0.20133333333333336,6.819333333333334,12.646666666666668,103.76666666666668,0.29,0.3,1.3233333333333337,NA,0.08,158.93333333333334,103,254.46666666666667,8.1,38.10583,-91.45803333333332,284.2,981.4222222222222
111,2026-02-27,2026-02-27 12:10:39,0.389,6.816,12.66,103.9,0.31,0.32333333333333336,1.4266666666666663,NA,0.08,158.9,103,255.06666666666663,8.086666666666666,38.10583,-91.45802666666668,284.5333333333333,981.377777777778
111,2026-02-27,2026-02-27 12:10:42,0.49,6.816,12.656666666666666,103.83333333333331,0.33,0.32,1.413333333333333,NA,0.08,158.9,103,255.76666666666668,8.076666666666666,38.10583,-91.45803,284.4,981.3333333333334
111,2026-02-27,2026-02-27 12:10:45,0.5653333333333334,6.813,12.663333333333334,103.9,0.31666666666666665,0.33666666666666667,1.5,NA,0.08,158.96666666666667,103,256.23333333333335,8.07,38.10583,-91.45803,284.53333333333336,981.3777777777776
111,2026-02-27,2026-02-27 12:10:48,0.6723333333333333,6.786333333333333,12.686666666666666,104,0.35666666666666663,0.36333333333333334,1.4566666666666666,NA,0.08,158.93333333333334,103,256.73333333333335,8.06,38.10583,-91.45803,284.3333333333333,981.377777777778
111,2026-02-27,2026-02-27 12:10:51,0.7526666666666667,6.778666666666667,12.69,104,0.42333333333333334,0.44,1.62,NA,0.08,159,103,257.3666666666667,8.053333333333333,38.10583,-91.45803,283.93333333333334,981.2444444444444
111,2026-02-27,2026-02-27 12:10:54,0.8676666666666667,6.78,12.7,104.1,0.44666666666666666,0.48333333333333334,1.73,NA,0.08,159,103,257.6333333333333,8.05,38.10583,-91.45802,283.76666666666665,981.3333333333334
111,2026-02-27,2026-02-27 12:10:57,0.9883333333333332,6.788666666666667,12.7,104.1,0.5433333333333333,0.51,1.9433333333333331,NA,0.08,158.66666666666666,103,258.06666666666666,8.04,38.10583,-91.45802,283.93333333333334,981.2444444444444
111,2026-02-27,2026-02-27 12:11:00,1.0766666666666669,6.789,12.7,104.1,0.46,0.44666666666666666,1.7,NA,0.08,158.7,103,258.76666666666665,8.033333333333333,38.10583,-91.45801666666668,283.93333333333334,981.2888888888888
111,2026-02-27,2026-02-27 12:11:03,1.1846666666666668,6.791333333333333,12.703333333333331,104.13333333333333,0.5333333333333333,0.4733333333333334,1.7633333333333332,NA,0.08,158.73333333333332,103,259.56666666666666,8.016666666666666,38.10584,-91.45800333333334,283.56666666666666,981.2888888888888
111,2026-02-27,2026-02-27 12:11:06,1.3053333333333337,6.799333333333333,12.71,104.2,0.6033333333333333,0.4966666666666667,1.79,NA,0.08,158.96666666666667,103,261.1666666666667,7.99,38.10583333333333,-91.458,283.5,981.3333333333334
111,2026-02-27,2026-02-27 12:11:09,1.4233333333333331,6.775333333333333,12.71,104.2,0.5933333333333333,0.53,1.95,NA,0.08,159.03333333333333,103,264.56666666666666,7.94,38.10584,-91.45799333333332,283.3333333333333,981.3333333333334
111,2026-02-27,2026-02-27 12:11:12,1.526333333333333,6.734333333333334,12.72,104.13333333333333,0.6366666666666666,0.5766666666666667,1.9733333333333336,NA,0.08,159.26666666666668,103.66666666666669,267.2,7.89,38.10584,-91.45799,283.26666666666665,981.3333333333334
111,2026-02-27,2026-02-27 12:11:15,1.5666666666666669,6.745333333333333,12.713333333333336,104.1,0.7,0.56,2.12,NA,0.08,158.93333333333334,103,268.8,7.86,38.10584,-91.45798333333332,283.23333333333335,981.3333333333334
111,2026-02-27,2026-02-27 12:11:18,1.723,6.7396666666666665,12.713333333333336,104.1,0.6733333333333333,0.5866666666666667,2.1166666666666667,NA,0.08,159.03333333333333,103,270.3333333333333,7.833333333333333,38.105846666666665,-91.45798,283.06666666666666,981.377777777778
111,2026-02-27,2026-02-27 12:11:21,1.8836666666666664,6.707333333333334,12.71,104,0.86,0.5666666666666667,2.4499999999999997,NA,0.08,159.26666666666668,103.66666666666669,270.9,7.82,38.10584,-91.45798,282.7,981.3333333333334
111,2026-02-27,2026-02-27 12:11:24,2.0176666666666665,6.677333333333333,12.713333333333336,103.96666666666668,0.95,0.6633333333333333,2.5,NA,0.08,159.2,103.33333333333331,271.4,7.813333333333333,38.10583,-91.45797,282.4,981.4222222222222
111,2026-02-27,2026-02-27 12:11:27,2.1343333333333336,6.661666666666667,12.713333333333336,103.9,1.0566666666666666,0.64,2.47,NA,0.08,159.13333333333333,103,271.90000000000003,7.803333333333333,38.10583333333333,-91.45797333333334,282.3666666666667,981.377777777778
111,2026-02-27,2026-02-27 12:11:30,2.262,6.652666666666667,12.71,103.9,1.106666666666667,0.65,2.76,NA,0.08,159.06666666666666,103,271.9,7.8,38.10584333333333,-91.45797666666668,282.4,981.3333333333334
111,2026-02-27,2026-02-27 12:11:36,2.3313333333333333,6.649333333333334,12.703333333333331,103.73333333333332,1.12,0.6566666666666666,2.9033333333333333,NA,0.08,158.83333333333334,103,272.2,7.8,38.10585666666667,-91.45798,282.53333333333336,981.3333333333334
111,2026-02-27,2026-02-27 12:11:39,2.409333333333333,6.6386666666666665,12.7,103.7,1.16,0.71,2.81,NA,0.08,159.16666666666666,103,272.5,7.79,38.10586,-91.45798,282.6,981.3333333333334
111,2026-02-27,2026-02-27 12:11:42,2.489,6.623,12.7,103.7,1.1166666666666667,0.7633333333333333,3.1366666666666667,NA,0.08,159.06666666666666,103,272.8,7.783333333333333,38.10586,-91.45798666666668,282.56666666666666,981.3333333333334
111,2026-02-27,2026-02-27 12:11:45,2.583333333333333,6.612,12.693333333333332,103.56666666666666,1.2366666666666666,0.7433333333333333,3.0833333333333335,NA,0.08,159.06666666666666,103,272.8,7.78,38.10586333333333,-91.45799666666666,282.6,981.3333333333334
111,2026-02-27,2026-02-27 12:11:48,2.6986666666666665,6.6,12.69,103.5,1.3,0.7633333333333333,2.93,NA,0.08,159.2,103,272.8666666666667,7.78,38.10587,-91.45801,282.53333333333336,981.2888888888888
111,2026-02-27,2026-02-27 12:11:51,2.741,6.588,12.69,103.5,1.34,0.8666666666666667,2.9566666666666666,NA,0.08,159.16666666666666,103,273.03333333333336,7.78,38.10588,-91.45802,282.53333333333336,981.377777777778
111,2026-02-27,2026-02-27 12:11:54,2.812,6.576,12.68,103.4,1.38,0.83,3.036666666666666,NA,0.08,159,103,273.1333333333333,7.78,38.10588666666667,-91.45802,282.7,981.2888888888888
111,2026-02-27,2026-02-27 12:11:57,2.9976666666666665,6.572666666666667,12.67,103.3,1.3833333333333333,0.8233333333333334,3.1266666666666665,NA,0.08,158.93333333333334,103,273.3,7.77,38.10589,-91.45802666666668,282.56666666666666,981.2888888888888
111,2026-02-27,2026-02-27 12:12:00,3.1053333333333333,6.5713333333333335,12.666666666666666,103.3,1.3666666666666667,0.85,3.086666666666667,NA,0.08,159.06666666666666,103,273.3333333333333,7.77,38.10589,-91.45804333333334,282.03333333333336,981.2888888888888
111,2026-02-27,2026-02-27 12:12:03,3.1526666666666667,6.576333333333333,12.663333333333334,103.26666666666668,1.3633333333333335,0.9066666666666666,3,NA,0.08,158.96666666666667,103,273.46666666666664,7.77,38.10589,-91.45807333333332,281.9,981.3333333333334
111,2026-02-27,2026-02-27 12:12:06,3.284333333333333,6.58,12.66,103.26666666666668,1.3033333333333337,0.8666666666666667,2.94,NA,0.08,159,103,273.76666666666665,7.763333333333333,38.10589,-91.45808,281.43333333333334,981.377777777778
111,2026-02-27,2026-02-27 12:12:09,3.5326666666666666,6.581333333333333,12.653333333333334,103.2,1.34,0.83,2.993333333333333,NA,0.08,159.13333333333333,103,273.93333333333334,7.76,38.10588,-91.45808,281.8,981.3333333333334
111,2026-02-27,2026-02-27 12:12:12,3.7383333333333337,6.578333333333333,12.646666666666668,103.16666666666669,1.34,0.88,3.1533333333333333,NA,0.08,159.03333333333333,103,274.06666666666666,7.76,38.10588,-91.45808,281.8666666666667,981.4666666666668
111,2026-02-27,2026-02-27 12:12:15,3.8753333333333337,6.578333333333333,12.643333333333334,103.1,1.3833333333333333,0.89,2.92,NA,0.08,159,103,274.1,7.76,38.10588,-91.45807333333332,281.9666666666667,981.377777777778
111,2026-02-27,2026-02-27 12:12:18,3.937,6.574666666666666,12.643333333333334,103.1,1.31,0.9033333333333332,3.0033333333333334,NA,0.08,159,103,274.3333333333333,7.75,38.10588666666667,-91.45807666666668,281.6333333333333,981.4666666666668
111,2026-02-27,2026-02-27 12:12:21,4.006,6.577333333333334,12.643333333333334,103.1,1.27,0.87,2.9,NA,0.08,159.03333333333333,103,274.6,7.75,38.105893333333334,-91.45808,281.6666666666667,981.377777777778
111,2026-02-27,2026-02-27 12:12:24,4.133,6.574,12.643333333333334,103.1,1.2333333333333334,0.7266666666666667,3.1166666666666667,NA,0.08,159,103,274.93333333333334,7.74,38.105896666666666,-91.45808,280.7,981.377777777778
111,2026-02-27,2026-02-27 12:12:27,4.227,6.568,12.64,103.06666666666666,1.2566666666666666,0.8333333333333334,2.95,NA,0.08,158.96666666666667,103,275.1,7.74,38.10589,-91.45808,280.46666666666664,981.3333333333334
111,2026-02-27,2026-02-27 12:12:30,4.290666666666667,6.567333333333333,12.63,103,1.23,0.77,3.033333333333333,NA,0.08,159.2,103,275.26666666666665,7.74,38.10589,-91.45808,279.1333333333333,981.4666666666668
111,2026-02-27,2026-02-27 12:12:33,4.342666666666667,6.567666666666667,12.63,103,1.2533333333333334,0.8033333333333333,2.973333333333333,NA,0.08,159.23333333333332,103.33333333333331,275.4,7.736666666666667,38.10589,-91.45808,278.6333333333333,981.377777777778
111,2026-02-27,2026-02-27 12:12:36,4.439666666666667,6.57,12.63,103,1.25,0.7966666666666666,2.9966666666666666,NA,0.08,159.2,103,275.6,7.73,38.10590333333333,-91.45808,276.93333333333334,981.377777777778
111,2026-02-27,2026-02-27 12:12:39,4.609333333333334,6.572666666666667,12.623333333333331,102.9,1.2833333333333334,0.8266666666666667,3.0500000000000003,NA,0.08,159,103,275.8666666666667,7.73,38.10591,-91.45808,275.73333333333335,981.377777777778
111,2026-02-27,2026-02-27 12:12:42,4.748666666666667,6.573666666666667,12.63,102.96666666666668,1.31,0.8566666666666667,2.9,NA,0.08,158.93333333333334,103,275.8,7.73,38.10591333333333,-91.45808,274.8666666666667,981.4666666666668
111,2026-02-27,2026-02-27 12:12:45,4.938666666666666,6.575333333333333,12.63,103,1.2733333333333334,0.7733333333333333,3.22,NA,0.08,159.1,103,275.8666666666667,7.73,38.10592,-91.45808,274.3333333333333,981.377777777778
111,2026-02-27,2026-02-27 12:12:48,5.093333333333334,6.578666666666667,12.633333333333336,103,1.3033333333333337,0.8066666666666666,3.0433333333333334,NA,0.08,159.06666666666666,103,276,7.73,38.10592,-91.45808,273.8666666666667,981.4222222222222
111,2026-02-27,2026-02-27 12:12:51,5.186,6.575666666666667,12.633333333333336,103,1.31,0.8466666666666667,3.0966666666666667,NA,0.08,159.03333333333333,103,276,7.73,38.10593,-91.45808,273.3,981.4666666666668
111,2026-02-27,2026-02-27 12:12:54,5.2123333333333335,6.578,12.633333333333336,103,1.3266666666666669,0.9533333333333334,3.183333333333333,NA,0.08,159.1,103,276.1,7.73,38.10594,-91.45808,272.8666666666667,981.377777777778
111,2026-02-27,2026-02-27 12:13:06,5.267666666666667,6.517666666666667,12.633333333333336,102.9,1.3333333333333337,0.9066666666666666,3.3233333333333333,NA,0.08,159.1,103,276.73333333333335,7.72,38.10596,-91.45805,276.2,981.377777777778
111,2026-02-27,2026-02-27 12:12:57,5.344333333333333,6.578333333333333,12.63,103,1.3766666666666667,0.9333333333333332,3.01,NA,0.08,159.1,103,276.2,7.73,38.10594,-91.45807333333332,274.0333333333333,981.4222222222222
111,2026-02-27,2026-02-27 12:13:09,5.429333333333333,6.503,12.63,102.8,1.3133333333333337,0.9433333333333334,3.4066666666666667,NA,0.08,159,103,276.8333333333333,7.71,38.10596,-91.45804,276.5333333333333,981.377777777778
111,2026-02-27,2026-02-27 12:13:12,5.618666666666667,6.488,12.623333333333331,102.73333333333332,1.3266666666666669,0.94,3.2,NA,0.08,159.06666666666666,103,276.9,7.71,38.10596,-91.45803333333332,276.8666666666667,981.2888888888888
111,2026-02-27,2026-02-27 12:13:15,5.761666666666667,6.471333333333334,12.613333333333332,102.63333333333333,1.346666666666667,0.8966666666666667,3.1466666666666665,NA,0.08,159.13333333333333,103,277.03333333333336,7.71,38.10597,-91.45802666666668,277.23333333333335,981.2444444444444
111,2026-02-27,2026-02-27 12:13:18,5.980333333333333,6.447333333333333,12.606666666666666,102.46666666666668,1.4,0.9533333333333334,3.27,NA,0.08,159.2,103,277.1,7.7,38.10597333333333,-91.45802,277.03333333333336,981.2444444444444
111,2026-02-27,2026-02-27 12:13:21,6.169,6.421,12.606666666666666,102.36666666666667,1.4566666666666666,1.0166666666666666,3.213333333333334,NA,0.08,159.13333333333333,103,277.1666666666667,7.7,38.10598,-91.45802,277.3333333333333,981.2
111,2026-02-27,2026-02-27 12:13:24,6.321,6.422,12.603333333333332,102.36666666666667,1.41,0.9866666666666668,3.28,NA,0.08,159.16666666666666,103,277.2,7.7,38.10598,-91.45802,277.43333333333334,981.1111111111112
111,2026-02-27,2026-02-27 12:13:27,6.453333333333333,6.423,12.59,102.3,1.35,0.9666666666666668,3.5033333333333334,NA,0.08,159.2,103.33333333333331,277.1666666666667,7.7,38.105986666666666,-91.45802,277.56666666666666,981.3333333333334
111,2026-02-27,2026-02-27 12:13:30,6.614333333333334,6.429333333333333,12.59,102.3,1.3166666666666669,0.8866666666666666,3.38,NA,0.08,159.13333333333333,103,277.1,7.7,38.10599,-91.45801,277.5,981.2444444444444
111,2026-02-27,2026-02-27 12:13:33,6.868333333333333,6.418666666666667,12.59,102.23333333333332,1.3766666666666667,0.86,3.313333333333333,NA,0.08,159.1,103,277.26666666666665,7.7,38.10599,-91.45800333333334,278.03333333333336,981.2888888888888
111,2026-02-27,2026-02-27 12:13:36,6.995333333333333,6.409666666666667,12.59,102.2,1.44,0.9133333333333332,3.4033333333333333,NA,0.08,159.16666666666666,103.33333333333331,277.3,7.7,38.10599,-91.45799333333332,277.93333333333334,981.3333333333334
111,2026-02-27,2026-02-27 12:13:42,7.085333333333334,6.407333333333334,12.576666666666666,102.1,1.5133333333333334,0.83,3.0966666666666667,NA,0.08,159,103,277.3,7.7,38.106,-91.45798666666668,277.8,981.2444444444444
111,2026-02-27,2026-02-27 12:13:51,7.109666666666667,6.404,12.57,102.06666666666666,1.413333333333333,0.8433333333333334,3.6266666666666665,NA,0.08,159.13333333333333,103,277.6666666666667,7.69,38.106003333333334,-91.45798666666668,278.3333333333333,981.2444444444444
111,2026-02-27,2026-02-27 12:13:54,7.253333333333333,6.378666666666667,12.566666666666666,102,1.35,0.91,3.2,NA,0.08,159.23333333333332,103.66666666666669,277.9,7.69,38.10601,-91.45798,278,981.1555555555556
111,2026-02-27,2026-02-27 12:13:57,7.404666666666667,6.359333333333334,12.57,101.93333333333334,1.48,0.97,3.21,NA,0.08,159.2,103,277.9,7.69,38.10601,-91.45797333333334,277.76666666666665,981.2
111,2026-02-27,2026-02-27 12:14:00,7.496,6.347333333333333,12.56,101.86666666666667,1.45,0.9333333333333332,3.4499999999999997,NA,0.08,159.23333333333332,103.66666666666669,277.93333333333334,7.683333333333334,38.10601,-91.45797666666668,277.9,981.2888888888888
111,2026-02-27,2026-02-27 12:14:03,7.549,6.331333333333333,12.56,101.8,1.5033333333333334,0.97,3.56,NA,0.08,159.23333333333332,104,278.06666666666666,7.68,38.10601,-91.45797333333334,278.06666666666666,981.1111111111112
111,2026-02-27,2026-02-27 12:14:06,7.645333333333333,6.336333333333333,12.553333333333336,101.76666666666668,1.5133333333333334,0.8966666666666667,3.3466666666666667,NA,0.08,159.13333333333333,103,278.1333333333333,7.68,38.10601,-91.45797333333334,277.76666666666665,981.2
111,2026-02-27,2026-02-27 12:14:09,7.676,6.3373333333333335,12.54,101.7,1.4866666666666666,0.9533333333333334,3.723333333333333,NA,0.08,159.13333333333333,103,278.23333333333335,7.68,38.10601,-91.45798,277.03333333333336,981.2444444444444
111,2026-02-27,2026-02-27 12:14:12,7.732666666666667,6.338,12.533333333333331,101.6,1.4966666666666666,0.9266666666666666,3.276666666666667,NA,0.08,159.03333333333333,103,278.3333333333333,7.68,38.10601,-91.45798,276.7333333333333,981.2444444444444
111,2026-02-27,2026-02-27 12:14:15,7.843,6.344,12.54,101.63333333333333,1.4,0.9133333333333332,3.4133333333333336,NA,0.08,159.1,103,278.5,7.67,38.10601,-91.45798,275.96666666666664,981.1555555555556
111,2026-02-27,2026-02-27 12:14:18,7.990666666666667,6.347333333333333,12.53,101.6,1.35,0.9366666666666666,3.3333333333333335,NA,0.08,159.1,103,278.6333333333333,7.67,38.106003333333334,-91.45798666666668,275.26666666666665,981.2
111,2026-02-27,2026-02-27 12:14:21,8.089666666666666,6.355333333333333,12.53,101.6,1.36,0.9066666666666666,3.4266666666666667,NA,0.08,159.26666666666668,103.66666666666669,278.7,7.67,38.106,-91.45799666666666,274.8666666666667,981.1555555555556
111,2026-02-27,2026-02-27 12:14:24,8.158333333333333,6.357333333333333,12.526666666666666,101.6,1.43,0.98,3.33,NA,0.08,159.1,103,278.8,7.67,38.106,-91.45799,274.3666666666667,981.2
111,2026-02-27,2026-02-27 12:14:27,8.290000000000001,6.357,12.533333333333331,101.63333333333333,1.4766666666666666,1.04,3.443333333333334,NA,0.08,159,103,278.8333333333333,7.67,38.106,-91.45799666666666,273.7,981.2444444444444
111,2026-02-27,2026-02-27 12:14:30,8.431333333333333,6.339333333333333,12.536666666666664,101.6,1.48,1.0033333333333334,3.51,NA,0.08,158.96666666666667,103,278.96666666666664,7.67,38.106,-91.45800666666666,273.5,981.2
111,2026-02-27,2026-02-27 12:14:33,8.578333333333333,6.334666666666666,12.543333333333331,101.66666666666669,1.52,0.9866666666666668,3.4133333333333336,NA,0.08,159.06666666666666,103,279,7.67,38.106,-91.45800666666666,273.06666666666666,981.3333333333334
111,2026-02-27,2026-02-27 12:14:39,8.665000000000001,6.34,12.536666666666664,101.6,1.4733333333333334,0.9833333333333332,3.3266666666666667,NA,0.08,159.13333333333333,103,279.1,7.67,38.10601,-91.45801,273.3666666666667,981.2888888888888
111,2026-02-27,2026-02-27 12:14:42,8.803333333333333,6.328,12.533333333333331,101.6,1.45,0.8966666666666666,3.443333333333334,NA,0.08,159.16666666666666,103,279.4,7.666666666666667,38.10601,-91.45802,273.06666666666666,981.3777777777776
111,2026-02-27,2026-02-27 12:14:45,9.047,6.317666666666667,12.54,101.6,1.41,0.9666666666666668,3.4066666666666667,NA,0.08,159.16666666666666,103.33333333333331,279.53333333333336,7.66,38.10601,-91.45802,272.8,981.2
111,2026-02-27,2026-02-27 12:15:24,9.156666666666666,6.303,12.513333333333334,101.4,1.3766666666666667,0.9933333333333332,3.443333333333334,NA,0.08,159.13333333333333,103,280.3333333333333,7.65,38.10596,-91.45798,269.26666666666665,981.2888888888888
111,2026-02-27,2026-02-27 12:14:48,9.187,6.320333333333333,12.536666666666664,101.56666666666666,1.4266666666666663,0.9666666666666668,3.35,NA,0.08,159.16666666666666,103,279.46666666666664,7.66,38.10601,-91.45802,272.23333333333335,981.2444444444444
111,2026-02-27,2026-02-27 12:15:06,9.232333333333331,6.315333333333333,12.52,101.5,1.4633333333333334,0.8766666666666667,3.57,NA,0.08,159.26666666666665,103.33333333333331,279.8666666666667,7.66,38.106,-91.45798,271.1,981.2
111,2026-02-27,2026-02-27 12:14:51,9.306666666666668,6.314333333333333,12.536666666666664,101.53333333333332,1.5066666666666666,0.9166666666666666,3.5733333333333333,NA,0.08,159.33333333333334,104,279.5,7.66,38.10602,-91.45802,271.9666666666667,981.2
111,2026-02-27,2026-02-27 12:15:27,9.329,6.290333333333333,12.516666666666666,101.33333333333331,1.3866666666666665,1.0466666666666666,3.38,NA,0.08,159.2,103.33333333333331,280.43333333333334,7.65,38.10595666666667,-91.45797666666668,269.4,981.4222222222222
111,2026-02-27,2026-02-27 12:14:54,9.358333333333333,6.314,12.533333333333331,101.53333333333332,1.5133333333333334,0.9,3.58,NA,0.08,159.26666666666668,103.66666666666669,279.5,7.66,38.10602,-91.45802,271.23333333333335,981.1555555555556
111,2026-02-27,2026-02-27 12:15:09,9.382333333333332,6.308,12.52,101.4,1.4533333333333334,0.92,3.2533333333333334,NA,0.08,159.26666666666665,103.33333333333331,280.06666666666666,7.653333333333333,38.106,-91.45798,270.73333333333335,981.3333333333334
111,2026-02-27,2026-02-27 12:15:30,9.630333333333336,6.209333333333333,12.516666666666666,101.2,1.4366666666666668,1.086666666666667,3.31,NA,0.08,159.3,103.66666666666669,280.6666666666667,7.643333333333333,38.10595,-91.45797,270.6666666666667,981.377777777778
111,2026-02-27,2026-02-27 12:15:33,9.888666666666667,6.086333333333333,12.516666666666666,100.86666666666667,1.6033333333333333,1.0833333333333337,3.41,NA,0.08,159.33333333333334,103.66666666666669,280.7,7.64,38.10594666666667,-91.45797333333334,270.96666666666664,981.4222222222222
111,2026-02-27,2026-02-27 12:15:36,10.192666666666666,5.968666666666667,12.496666666666666,100.43333333333334,1.5333333333333334,1.0333333333333334,3.276666666666667,NA,0.08,159.56666666666666,104,281.06666666666666,7.626666666666667,38.105936666666665,-91.45798,271.23333333333335,981.4222222222222
111,2026-02-27,2026-02-27 12:15:39,10.523666666666667,5.85,12.486666666666666,100,1.4066666666666667,0.9966666666666668,3.29,NA,0.08,159.5,104,281.3666666666667,7.606666666666667,38.10593333333333,-91.45797333333334,271.3,981.5111111111112
111,2026-02-27,2026-02-27 12:15:42,10.715666666666667,5.838333333333334,12.423333333333334,99.43333333333334,1.38,1.02,3.223333333333333,NA,0.08,159.56666666666666,104,281.6666666666667,7.57,38.10594333333333,-91.45796666666666,271,981.4666666666668
111,2026-02-27,2026-02-27 12:15:45,10.874333333333334,5.8389999999999995,12.34,98.8,1.3766666666666667,0.92,3.353333333333333,NA,0.08,159.46666666666667,104,281.93333333333334,7.553333333333333,38.10595,-91.45795333333334,270.3,981.2888888888888
111,2026-02-27,2026-02-27 12:15:48,11.074666666666667,5.845666666666666,12.256666666666666,98.1,1.4333333333333331,0.95,3.6366666666666663,NA,0.08,159.3,104,282.1333333333333,7.54,38.10595,-91.45795,269.8333333333333,981.2
111,2026-02-27,2026-02-27 12:15:51,11.155333333333331,5.846333333333334,12.183333333333334,97.53333333333332,1.4233333333333331,0.97,3.6066666666666665,NA,0.08,159.26666666666668,104,282.3666666666667,7.53,38.10594333333333,-91.45795,269.9666666666667,981.2444444444444
111,2026-02-27,2026-02-27 12:15:54,11.209666666666667,5.846,12.13,97.06666666666666,1.7233333333333334,1.3033333333333337,4.433333333333334,NA,0.08,159.5,104,282.8666666666667,7.513333333333333,38.10594,-91.45795,270.06666666666666,981.2
111,2026-03-20,2026-03-20 10:57:39,0.055,12.598666666666666,10.853333333333332,102.13333333333334,0.27,1.0333333333333334,3.4233333333333333,NA,0.07,143.53333333333333,93,224.76666666666665,8.37,38.10590666666667,-91.45787,275.56666666666666,981.7777777777776
111,2026-03-20,2026-03-20 10:57:42,0.16166666666666668,12.524666666666668,11.096666666666666,104.3,0.23666666666666664,1.08,3.5166666666666666,NA,0.07,143.23333333333335,93,224.83333333333337,8.35,38.1059,-91.45788333333334,275.1666666666667,981.8666666666668
111,2026-03-20,2026-03-20 10:57:45,0.31833333333333336,12.467333333333334,11.24,105.5,0.29,1.096666666666667,3.4066666666666667,NA,0.07,142.76666666666665,93,225.63333333333333,8.313333333333334,38.105896666666666,-91.45789333333332,274.5,981.8666666666668
111,2026-03-20,2026-03-20 10:57:48,0.4693333333333333,12.362666666666666,11.33,106.06666666666666,0.2833333333333333,1.2933333333333332,3.8633333333333337,NA,0.07,142.66666666666666,93,226.73333333333332,8.27,38.10589,-91.45791,274.1666666666667,981.8666666666668
111,2026-03-20,2026-03-20 10:57:51,0.5753333333333334,12.350333333333332,11.403333333333334,106.66666666666669,0.3433333333333333,1.33,4.196666666666666,NA,0.07,142.56666666666666,93,227.5,8.236666666666666,38.10588333333333,-91.45792666666668,274.93333333333334,981.8222222222222
111,2026-03-20,2026-03-20 10:57:54,0.6583333333333333,12.451333333333334,11.426666666666666,107.13333333333333,0.3466666666666667,1.2466666666666666,3.78,NA,0.07,142.56666666666666,93,227.8,8.23,38.10588,-91.45794333333332,275.8,981.8222222222222
111,2026-03-20,2026-03-20 10:57:57,0.7173333333333333,12.481,11.43,107.23333333333332,0.34,1.3966666666666667,4.02,NA,0.07,142.4,93,228.06666666666663,8.23,38.10588,-91.45795,275.76666666666665,981.8222222222222
111,2026-03-20,2026-03-20 10:58:00,0.7716666666666667,12.409,11.476666666666668,107.56666666666666,0.3933333333333333,1.3966666666666667,3.8433333333333337,NA,0.07,142.56666666666666,93,228.3,8.23,38.10588,-91.45795,275.3333333333333,981.8666666666668
111,2026-03-20,2026-03-20 10:58:03,0.8206666666666667,12.363333333333332,11.53,107.9,0.39,1.5566666666666666,4.45,NA,0.07,142.7,93,228.46666666666667,8.226666666666667,38.10588,-91.45795333333334,275.23333333333335,981.8222222222222
111,2026-03-20,2026-03-20 10:58:06,0.878,12.342333333333332,11.556666666666668,108.13333333333333,0.4066666666666667,1.5033333333333334,4.220000000000001,NA,0.07,142.6,93,228.63333333333333,8.22,38.10587666666667,-91.45796666666666,275.9666666666667,981.8222222222222
111,2026-03-20,2026-03-20 10:58:09,0.9626666666666668,12.315666666666669,11.586666666666666,108.3,0.42,1.66,4.546666666666667,NA,0.07,142.5,93,228.9,8.216666666666667,38.10587,-91.45797333333334,276.1,981.8666666666668
111,2026-03-20,2026-03-20 10:58:12,1.022,12.278333333333332,11.596666666666666,108.36666666666667,0.44333333333333336,1.7566666666666666,4.476666666666667,NA,0.07,142.66666666666666,93,229.4,8.21,38.10586666666667,-91.45797666666668,275.96666666666664,981.8666666666668
111,2026-03-20,2026-03-20 10:58:15,1.098,12.217,11.606666666666666,108.36666666666667,0.44,1.7366666666666666,4.95,NA,0.07,142.6,93,230.03333333333333,8.19,38.10586,-91.45797,276.4,981.7777777777776
111,2026-03-20,2026-03-20 10:58:18,1.1886666666666668,12.188333333333334,11.603333333333332,108.16666666666669,0.42666666666666664,1.836666666666667,4.956666666666666,NA,0.07,142.5,93,230.7,8.16,38.10585666666667,-91.45797333333334,275.8,981.7777777777776
111,2026-03-20,2026-03-20 10:58:21,1.2653333333333334,12.156333333333333,11.576666666666666,107.86666666666667,0.44666666666666666,2.0466666666666664,4.753333333333334,NA,0.07,142.53333333333333,93,231.2,8.143333333333334,38.10585,-91.45797333333334,275.4,981.8666666666668
111,2026-03-20,2026-03-20 10:58:24,1.328,12.135,11.563333333333334,107.7,0.42333333333333334,1.8166666666666669,4.75,NA,0.07,142.63333333333333,93,231.66666666666663,8.13,38.10585,-91.45798,275.56666666666666,981.8666666666668
111,2026-03-20,2026-03-20 10:58:27,1.3846666666666667,12.107333333333331,11.546666666666669,107.5,0.4,1.74,4.576666666666667,NA,0.07,142.7,93,232,8.113333333333333,38.10585,-91.45798,275.53333333333336,981.8666666666668
111,2026-03-20,2026-03-20 10:58:30,1.5146666666666666,12.069666666666668,11.536666666666664,107.26666666666668,0.38666666666666666,1.5666666666666669,4.293333333333333,NA,0.07,142.6,93,232.4,8.1,38.10585,-91.45798,275.1333333333333,981.8222222222222
111,2026-03-20,2026-03-20 10:58:33,1.6753333333333331,12.052666666666669,11.5,106.86666666666667,0.37,1.47,4.376666666666667,NA,0.07,142.5,93,232.8,8.083333333333334,38.10585,-91.45798,275.3666666666667,981.8666666666668
111,2026-03-20,2026-03-20 10:58:36,1.8433333333333333,11.995333333333331,11.426666666666666,106.1,0.33,1.01,3.7933333333333334,NA,0.07,142.63333333333333,93,233.4,8.056666666666667,38.10585,-91.45798666666668,274.76666666666665,981.8666666666668
111,2026-03-20,2026-03-20 10:58:39,2.0083333333333333,11.943,11.35,105.23333333333332,0.32666666666666666,0.9966666666666668,3.896666666666667,NA,0.07,142.8,93,233.93333333333337,8.023333333333333,38.10585,-91.45799,274.23333333333335,981.8666666666668
111,2026-03-20,2026-03-20 10:58:42,2.13,11.843666666666666,11.273333333333332,104.26666666666668,0.32,0.87,3.24,NA,0.07,143.06666666666666,93,234.53333333333333,7.993333333333333,38.10585333333333,-91.45799,273.76666666666665,981.7333333333332
111,2026-03-20,2026-03-20 10:58:45,2.298666666666666,11.786,11.166666666666668,103.16666666666666,0.31,0.8266666666666667,3.2466666666666666,NA,0.07,143.03333333333333,93,235.1,7.97,38.10586,-91.45798666666668,272.9666666666667,981.8222222222222
111,2026-03-20,2026-03-20 10:58:48,2.4163333333333332,11.686,11.1,102.33333333333331,0.3,0.6733333333333333,2.5633333333333335,NA,0.07,142.9,93,235.6,7.943333333333333,38.10586,-91.45799,272.5,981.8222222222222
111,2026-03-20,2026-03-20 10:58:51,2.529333333333333,11.604666666666668,11.013333333333334,101.36666666666667,0.33666666666666667,0.84,2.49,NA,0.07,143.23333333333332,93,235.96666666666667,7.926666666666667,38.10586,-91.45799333333332,272.6,981.8222222222222
111,2026-03-20,2026-03-20 10:58:54,2.6333333333333333,11.491333333333332,10.96,100.6,0.31333333333333335,0.6033333333333334,2.3933333333333335,NA,0.07,143.4,93,236.36666666666667,7.913333333333333,38.10586,-91.45801,273.23333333333335,981.7777777777776
111,2026-03-20,2026-03-20 10:58:57,2.7159999999999997,11.379333333333332,10.906666666666666,99.8,0.33,0.5700000000000001,2.0033333333333334,NA,0.07,143.53333333333333,93,236.7,7.896666666666667,38.10586,-91.45802,273.6666666666667,981.8222222222222
111,2026-03-20,2026-03-20 10:59:00,2.772666666666667,11.305333333333332,10.816666666666666,98.86666666666667,0.33999999999999997,0.53,1.98,NA,0.07,143.53333333333333,93,237.06666666666663,7.883333333333333,38.10586,-91.45802,273.8,981.8666666666668
111,2026-03-20,2026-03-20 10:59:03,2.8323333333333336,11.112333333333334,10.74,97.83333333333331,0.33999999999999997,0.5366666666666666,2.0733333333333333,NA,0.07,143.9,93.33333333333331,237.43333333333337,7.873333333333333,38.10586,-91.45802,273.93333333333334,981.7777777777776
111,2026-03-20,2026-03-20 10:59:06,2.885,10.771666666666668,10.78,97.36666666666667,0.31666666666666665,0.5700000000000001,2.35,NA,0.07,144.5,94,238.13333333333333,7.85,38.10586,-91.45802,274.06666666666666,981.8666666666668
111,2026-03-20,2026-03-20 10:59:09,2.9056666666666664,10.651,10.746666666666666,96.73333333333332,0.30666666666666664,0.5966666666666667,2.13,NA,0.07,144.56666666666666,94,238.56666666666663,7.823333333333333,38.10586,-91.45802,274.3666666666667,981.8222222222222
111,2026-03-20,2026-03-20 10:59:12,2.9443333333333332,10.620333333333331,10.716666666666669,96.36666666666667,0.32,0.5766666666666667,1.8866666666666667,NA,0.07,144.26666666666668,94,238.9,7.803333333333333,38.10586333333333,-91.45802333333332,274.2,981.7777777777776
111,2026-03-20,2026-03-20 10:59:15,2.992,10.587333333333332,10.636666666666668,95.6,0.2966666666666667,0.5466666666666667,2.013333333333333,NA,0.07,144.06666666666666,94,239.16666666666663,7.786666666666667,38.10587,-91.45803,273.8,981.8666666666668
111,2026-03-20,2026-03-20 10:59:18,3.04,10.484666666666667,10.566666666666666,94.73333333333332,0.2866666666666667,0.5066666666666667,1.9333333333333331,NA,0.07,144.3,94,239.56666666666663,7.766666666666667,38.10587,-91.45802666666668,273.8,981.8222222222222
111,2026-03-20,2026-03-20 10:59:21,3.090333333333333,10.466333333333331,10.516666666666667,94.23333333333332,0.3133333333333333,0.5366666666666666,1.88,NA,0.07,143.96666666666667,93.66666666666669,239.93333333333337,7.75,38.105873333333335,-91.45803333333332,274.23333333333335,981.8222222222222
111,2026-03-20,2026-03-20 10:59:24,3.1376666666666666,10.43,10.433333333333334,93.36666666666666,0.36333333333333334,0.42666666666666664,1.9533333333333336,NA,0.07,143.53333333333333,93,240.43333333333337,7.733333333333333,38.10588,-91.45804666666666,274.3666666666667,981.8222222222222
111,2026-03-20,2026-03-20 10:59:27,3.2283333333333335,10.384666666666666,10.36,92.66666666666669,0.2833333333333333,0.49333333333333335,1.8766666666666667,NA,0.07,143.36666666666667,93,240.86666666666667,7.723333333333334,38.10588,-91.45805,274.93333333333334,981.8666666666668
111,2026-03-20,2026-03-20 10:59:30,3.31,10.299666666666669,10.313333333333333,92.06666666666666,0.2833333333333333,0.5266666666666666,2.1166666666666667,NA,0.07,143.36666666666667,93,241.36666666666667,7.706666666666667,38.105873333333335,-91.45805,275.6666666666667,981.8666666666668
111,2026-03-20,2026-03-20 10:59:33,3.3753333333333333,10.251333333333331,10.236666666666666,91.3,0.29333333333333333,0.43666666666666665,1.9933333333333336,NA,0.07,143.56666666666666,93,241.8,7.686666666666667,38.10588,-91.45805,275.53333333333336,981.7777777777776
111,2026-03-20,2026-03-20 10:59:36,3.456,10.139333333333331,10.176666666666666,90.5,0.27,0.35333333333333333,1.7633333333333334,NA,0.07,143.8,93,242.3,7.673333333333333,38.10588,-91.45805,275.56666666666666,981.8666666666668
111,2026-03-20,2026-03-20 10:59:39,3.598333333333333,10.012666666666666,10.146666666666668,89.96666666666667,0.28,0.5133333333333334,1.9233333333333331,NA,0.07,143.63333333333333,93,242.9,7.653333333333333,38.10588,-91.45805,275.2,981.8666666666668
111,2026-03-20,2026-03-20 10:59:42,3.7466666666666666,9.948333333333334,10.096666666666666,89.4,0.30333333333333334,0.4866666666666667,1.9166666666666667,NA,0.07,143.23333333333332,93,243.63333333333333,7.63,38.10588,-91.45804666666666,274.96666666666664,981.8666666666668
111,2026-03-20,2026-03-20 10:59:45,3.928,9.858333333333333,10.063333333333334,88.9,0.3433333333333333,0.49333333333333335,1.7466666666666666,NA,0.07,143.23333333333332,93,244.3,7.61,38.10588,-91.45804,274.96666666666664,981.8666666666668
111,2026-03-20,2026-03-20 10:59:48,4.035666666666667,9.838,10.02,88.46666666666667,0.29,0.48,1.6733333333333331,NA,0.07,143.2,93,244.9,7.593333333333333,38.10588,-91.45804,275.06666666666666,981.8666666666668
111,2026-03-20,2026-03-20 10:59:51,4.177333333333333,9.839,9.963333333333331,87.93333333333334,0.30333333333333334,0.5,1.9866666666666664,NA,0.07,143.3,93,245.6,7.576666666666667,38.10588,-91.45803666666666,275.06666666666666,981.8666666666668
111,2026-03-20,2026-03-20 10:59:54,4.306333333333334,9.753,9.926666666666666,87.46666666666667,0.32,0.54,1.7766666666666666,NA,0.07,143.2,93,246.43333333333337,7.556666666666667,38.10588,-91.45802666666668,275.1666666666667,981.8666666666668
111,2026-03-20,2026-03-20 10:59:57,4.423666666666667,9.701,9.906666666666666,87.2,0.3066666666666667,0.59,1.6733333333333331,NA,0.07,143.16666666666666,93,247.26666666666668,7.54,38.10588,-91.45802,275.03333333333336,981.8666666666668
111,2026-03-20,2026-03-20 11:00:00,4.560666666666667,9.678,9.87,86.8,0.36,0.5133333333333333,1.663333333333333,NA,0.07,143.06666666666666,93,248.16666666666663,7.52,38.10588,-91.45802,274.9,981.8666666666668
111,2026-03-20,2026-03-20 11:00:03,4.675333333333334,9.636,9.86,86.63333333333333,0.3466666666666667,0.5566666666666666,1.9466666666666663,NA,0.07,142.9,93,249.03333333333333,7.503333333333333,38.10588333333333,-91.45802666666668,275.4,981.8222222222222
111,2026-03-20,2026-03-20 11:00:06,4.801333333333333,9.633,9.8533333333333335,86.6,0.3433333333333333,0.56,1.6966666666666663,NA,0.07,142.96666666666667,93,249.7,7.486666666666667,38.10589,-91.45803,275.6666666666667,981.9111111111112
111,2026-03-20,2026-03-20 11:00:09,4.898333333333333,9.635,9.846666666666666,86.5,0.33666666666666667,0.5833333333333334,1.913333333333333,NA,0.07,142.93333333333334,93,250.13333333333333,7.473333333333334,38.10589,-91.45803,275.6333333333333,981.8222222222222
111,2026-03-20,2026-03-20 11:00:12,4.993666666666667,9.632333333333332,9.82,86.23333333333333,0.32333333333333336,0.5533333333333333,1.8733333333333333,NA,0.07,142.9,93,250.46666666666667,7.466666666666667,38.10589,-91.45802333333332,274.96666666666664,981.8666666666668
111,2026-03-20,2026-03-20 11:00:15,5.072666666666667,9.617666666666668,9.826666666666666,86.26666666666667,0.29666666666666663,0.5766666666666667,1.8033333333333337,NA,0.07,142.96666666666667,93,250.83333333333337,7.46,38.105896666666666,-91.45802,275.1,981.8666666666668
111,2026-03-20,2026-03-20 11:00:18,5.139333333333333,9.609666666666667,9.823333333333334,86.26666666666667,0.25666666666666665,0.45,1.8266666666666669,NA,0.07,142.96666666666667,93,251.26666666666665,7.446666666666667,38.105896666666666,-91.45802,275.23333333333335,981.8222222222222
111,2026-03-20,2026-03-20 11:00:21,5.222666666666667,9.601666666666668,9.82,86.2,0.29,0.5,1.7766666666666666,NA,0.07,143,93,251.83333333333337,7.433333333333334,38.1059,-91.45802,275.26666666666665,981.8666666666668
111,2026-03-20,2026-03-20 11:00:24,5.369,9.579666666666666,9.82,86.2,0.26333333333333336,0.56,1.6933333333333334,NA,0.07,142.96666666666667,93,252.43333333333337,7.416666666666667,38.1059,-91.45801333333334,275.6666666666667,981.8666666666668
111,2026-03-20,2026-03-20 11:00:27,5.517666666666666,9.565333333333331,9.82,86.13333333333333,0.25666666666666665,0.6066666666666667,1.7066666666666666,NA,0.07,142.96666666666667,93,252.96666666666667,7.406666666666667,38.1059,-91.45801,276.06666666666666,981.8666666666668
111,2026-03-20,2026-03-20 11:00:30,5.756666666666667,9.537333333333333,9.816666666666666,86.06666666666666,0.27666666666666667,0.5766666666666667,1.8033333333333337,NA,0.07,142.83333333333334,93,253.66666666666663,7.393333333333333,38.1059,-91.45800666666666,275.76666666666665,981.8666666666668
111,2026-03-20,2026-03-20 11:00:33,5.883,9.543333333333331,9.796666666666669,85.9,0.27666666666666667,0.5033333333333333,1.846666666666667,NA,0.07,142.93333333333334,93,254.36666666666667,7.376666666666667,38.1059,-91.458,275.3333333333333,981.8222222222222
111,2026-03-20,2026-03-20 11:00:36,5.918,9.523666666666667,9.786666666666664,85.76666666666667,0.32333333333333336,0.51,1.836666666666667,NA,0.07,143.1,93,255,7.363333333333333,38.10590666666667,-91.45799666666666,275.43333333333334,981.8222222222222
111,2026-03-20,2026-03-20 11:00:39,5.984666666666667,9.519666666666668,9.78,85.7,0.33,0.54,1.8233333333333337,NA,0.07,142.93333333333334,93,255.6,7.353333333333333,38.10591,-91.45799,275.3666666666667,981.8666666666668
111,2026-03-20,2026-03-20 11:00:42,6.065333333333333,9.511,9.773333333333332,85.63333333333333,0.28,0.48333333333333334,1.7966666666666666,NA,0.07,142.7,93,256.1333333333333,7.343333333333333,38.10591333333333,-91.45799,275.3,981.8666666666668
111,2026-03-20,2026-03-20 11:00:45,6.216,9.478666666666667,9.776666666666666,85.6,0.31333333333333335,0.5333333333333333,1.7633333333333334,NA,0.07,142.7,93,256.76666666666665,7.33,38.10592,-91.45799,274.9666666666667,981.8666666666668
111,2026-03-20,2026-03-20 11:00:48,6.425333333333334,9.422666666666666,9.776666666666666,85.46666666666667,0.29000000000000004,0.5633333333333334,1.78,NA,0.07,142.76666666666668,93,257.2,7.316666666666666,38.10592,-91.45799,274.46666666666664,981.8222222222222
111,2026-03-20,2026-03-20 11:00:51,6.5793333333333335,9.384,9.776666666666666,85.36666666666667,0.31,0.6166666666666667,1.84,NA,0.07,143,93,257.6666666666667,7.31,38.10592,-91.45798666666668,273.96666666666664,981.8666666666668
111,2026-03-20,2026-03-20 11:00:54,6.728,9.359333333333334,9.776666666666666,85.33333333333333,0.2866666666666667,0.5966666666666667,1.94,NA,0.07,142.9,93,258.2,7.296666666666667,38.10592,-91.45798,273.8,981.8666666666668
111,2026-03-20,2026-03-20 11:00:57,6.828333333333333,9.348,9.77,85.26666666666667,0.31333333333333335,0.5733333333333334,1.8,NA,0.07,142.96666666666667,93,258.7,7.29,38.10592,-91.45798,274.06666666666666,981.8666666666668
111,2026-03-20,2026-03-20 11:01:00,6.915333333333334,9.315666666666669,9.763333333333334,85.13333333333333,0.2966666666666667,0.5833333333333334,1.8533333333333333,NA,0.07,142.86666666666667,93,259.1333333333333,7.283333333333333,38.10592,-91.45798,274.53333333333336,981.8666666666668
111,2026-03-20,2026-03-20 11:01:03,6.993666666666667,9.305,9.763333333333334,85.1,0.32333333333333336,0.6566666666666666,1.7566666666666666,NA,0.07,142.8,93,259.5333333333333,7.276666666666666,38.10592,-91.45798,275.1,981.8666666666668
111,2026-03-20,2026-03-20 11:01:06,7.069333333333334,9.296666666666669,9.763333333333334,85.13333333333333,0.32666666666666666,0.68,1.6666666666666667,NA,0.07,142.8,93,259.9,7.27,38.10592,-91.45797666666668,275.1,981.8666666666668
111,2026-03-20,2026-03-20 11:01:09,7.141666666666667,9.285666666666666,9.773333333333332,85.13333333333333,0.3433333333333333,0.53,1.7033333333333334,NA,0.07,142.96666666666667,93,260.2,7.266666666666667,38.10592,-91.45797,275.4,981.8666666666668
111,2026-03-20,2026-03-20 11:01:12,7.219333333333333,9.275666666666666,9.77,85.1,0.36666666666666664,0.5533333333333333,1.74,NA,0.07,143.13333333333333,93,260.5,7.26,38.10592,-91.45796666666666,275.1666666666667,981.8666666666668
111,2026-03-20,2026-03-20 11:01:15,7.283,9.270666666666669,9.773333333333332,85.13333333333333,0.36,0.6066666666666667,1.7866666666666666,NA,0.07,143,93,260.73333333333335,7.26,38.10592,-91.45795666666666,274.7,981.8666666666668
111,2026-03-20,2026-03-20 11:01:18,7.337,9.268,9.77,85.1,0.33666666666666667,0.5333333333333333,1.78,NA,0.07,142.83333333333334,93,261,7.25,38.10592,-91.45794666666666,274.6,981.8666666666668
111,2026-03-20,2026-03-20 11:01:21,7.466333333333333,9.243666666666668,9.77,85.06666666666666,0.29666666666666663,0.63,1.6933333333333334,NA,0.07,142.7,93,261.26666666666665,7.25,38.10592,-91.45794,274.4666666666667,981.8666666666668
111,2026-03-20,2026-03-20 11:01:24,7.544333333333333,9.241666666666667,9.77,85.03333333333333,0.32,0.61,1.76,NA,0.07,142.8,93,261.4,7.243333333333333,38.10592666666667,-91.45794333333332,275.7,981.8666666666668
111,2026-03-20,2026-03-20 11:01:27,7.566666666666666,9.237666666666666,9.76,84.93333333333334,0.28,0.5933333333333334,1.8966666666666667,NA,0.07,142.8,93,261.76666666666665,7.236666666666667,38.10593,-91.45795,277.1,981.8222222222222
111,2026-03-20,2026-03-20 11:01:30,7.695666666666667,9.221,9.746666666666666,84.83333333333333,0.2833333333333333,0.5566666666666666,1.6666666666666663,NA,0.07,142.9,93,262.1,7.23,38.10593333333333,-91.45795,278,981.8222222222222
111,2026-03-20,2026-03-20 11:01:33,7.83,9.209666666666667,9.73,84.63333333333333,0.27999999999999997,0.4733333333333334,1.586666666666667,NA,0.07,142.83333333333334,93,262.3,7.226666666666667,38.10594,-91.45795,277.73333333333335,981.8666666666668
111,2026-03-20,2026-03-20 11:01:36,7.959333333333333,9.203,9.713333333333336,84.46666666666667,0.27666666666666667,0.51,1.6766666666666667,NA,0.07,142.8,93,262.4,7.22,38.10594333333333,-91.45795,278.26666666666665,981.8666666666668
111,2026-03-20,2026-03-20 11:01:39,8.120666666666667,9.196666666666664,9.696666666666664,84.33333333333333,0.28,0.5233333333333333,1.6,NA,0.07,142.76666666666668,93,262.3,7.22,38.10595,-91.45795333333334,277.3666666666667,981.8666666666668
111,2026-03-20,2026-03-20 11:01:42,8.2283333333333335,9.182333333333334,9.683333333333334,84.16666666666667,0.29000000000000004,0.49666666666666665,1.5233333333333334,NA,0.07,143,93,262.06666666666666,7.226666666666667,38.10595,-91.45796333333334,276.5333333333333,981.8222222222222
111,2026-03-20,2026-03-20 11:01:45,8.293666666666667,9.173,9.666666666666666,84,0.3233333333333333,0.45333333333333337,1.5933333333333333,NA,0.07,142.76666666666668,93,261.93333333333334,7.23,38.10595,-91.45797666666668,275.56666666666666,981.7777777777776
111,2026-03-20,2026-03-20 11:01:48,8.392,9.172,9.66,83.96666666666667,0.27666666666666667,0.53,1.59,NA,0.07,142.76666666666668,93,261.96666666666664,7.23,38.10594,-91.45798,275,981.8666666666668
111,2026-03-20,2026-03-20 11:01:51,8.496333333333334,9.173,9.66,83.9,0.32666666666666666,0.48333333333333334,1.7033333333333334,NA,0.07,142.76666666666665,93,261.7,7.23,38.10593,-91.45798,274.93333333333334,981.8222222222222
111,2026-03-20,2026-03-20 11:01:54,8.586333333333334,9.166,9.65,83.86666666666667,0.31,0.52,1.7,NA,0.07,142.96666666666667,93,261.7,7.23,38.10592666666667,-91.45798,274,981.8666666666668
111,2026-03-20,2026-03-20 11:01:57,8.718,9.152666666666669,9.65,83.8,0.2866666666666667,0.61,1.6766666666666667,NA,0.07,143,93,261.76666666666665,7.23,38.10592,-91.45798333333332,273.1333333333333,981.8666666666668
111,2026-03-20,2026-03-20 11:02:00,8.853,9.133,9.64,83.7,0.2866666666666667,0.5233333333333333,1.63,NA,0.07,143,93,262,7.23,38.10592,-91.45799,272.8333333333333,981.8666666666668
111,2026-03-20,2026-03-20 11:02:03,9.041,9.118333333333332,9.63,83.56666666666666,0.31,0.5133333333333333,1.7066666666666666,NA,0.07,142.96666666666667,93,262.23333333333335,7.22,38.10592,-91.45799,272.96666666666664,981.8222222222222
111,2026-03-20,2026-03-20 11:02:06,9.231666666666666,9.066333333333333,9.626666666666669,83.46666666666667,0.33666666666666667,0.46,1.54,NA,0.07,143.03333333333333,93,262.73333333333335,7.213333333333333,38.10592,-91.45799,273.4,981.8666666666668
111,2026-03-20,2026-03-20 11:02:09,9.327333333333334,9.042,9.62,83.33333333333333,0.34,0.5,1.653333333333333,NA,0.07,142.86666666666667,93,263.26666666666665,7.206666666666667,38.10592,-91.45799666666666,273.56666666666666,981.8666666666668
111,2026-03-20,2026-03-20 11:02:12,9.424666666666669,9.041,9.606666666666666,83.23333333333333,0.3466666666666667,0.5133333333333333,1.59,NA,0.07,142.93333333333334,93,263.7,7.2,38.10592,-91.458,273.8,981.8666666666668
111,2026-03-20,2026-03-20 11:02:15,9.517666666666669,9.041666666666666,9.593333333333334,83.1,0.4066666666666667,0.5166666666666667,1.4566666666666666,NA,0.07,142.8,93,263.8333333333333,7.196666666666667,38.10592,-91.458,274.1333333333333,981.7777777777776
111,2026-03-20,2026-03-20 11:02:18,9.568,9.043333333333331,9.59,83.1,0.3933333333333333,0.5666666666666667,1.6266666666666667,NA,0.07,142.93333333333334,93,264.03333333333336,7.19,38.10592,-91.45799666666666,274.46666666666664,981.8666666666668
111,2026-03-20,2026-03-20 11:02:21,9.619333333333334,9.042,9.59,83.1,0.37333333333333335,0.53,1.5533333333333337,NA,0.07,142.9,93,264.26666666666665,7.19,38.10592,-91.45799,274,981.8222222222222
111,2026-03-20,2026-03-20 11:02:24,9.699,9.038666666666666,9.59,83.06666666666666,0.36333333333333334,0.52,1.4466666666666668,NA,0.07,142.86666666666667,93,264.46666666666664,7.183333333333334,38.10592,-91.45798666666668,273.93333333333334,981.8666666666668
111,2026-03-20,2026-03-20 11:02:27,9.799666666666669,9.032666666666668,9.583333333333334,83,0.3333333333333333,0.48,1.5166666666666666,NA,0.07,142.86666666666667,93,264.6333333333333,7.18,38.10592,-91.45798,273.26666666666665,981.8222222222222
111,2026-03-20,2026-03-20 11:02:30,9.862333333333334,9.026,9.576666666666666,82.93333333333334,0.3433333333333333,0.45333333333333337,1.4233333333333331,NA,0.07,142.83333333333334,93,264.8666666666667,7.18,38.10592333333333,-91.45797666666668,272.8,981.8666666666668
111,2026-03-20,2026-03-20 11:02:33,9.998666666666669,9.031666666666666,9.566666666666666,82.86666666666667,0.3433333333333333,0.42333333333333334,1.4866666666666666,NA,0.07,142.8,93,265.06666666666666,7.17,38.10593,-91.45797,271.93333333333334,981.9111111111112
111,2026-03-20,2026-03-20 11:02:36,10.185,9.03,9.546666666666669,82.66666666666667,0.35,0.45,1.403333333333333,NA,0.07,142.83333333333334,93,265.23333333333335,7.17,38.10593,-91.45796333333334,271.43333333333334,981.8222222222222
111,2026-03-20,2026-03-20 11:02:39,10.315,9.028,9.53,82.53333333333333,0.32666666666666666,0.44,1.44,NA,0.07,142.86666666666667,93,265.3,7.17,38.10593,-91.45796,271.8666666666667,981.8666666666668
111,2026-03-20,2026-03-20 11:02:42,10.446,9.028,9.516666666666666,82.43333333333334,0.35666666666666663,0.4866666666666667,1.42,NA,0.07,142.9,93,265.4,7.17,38.10593,-91.45796,272.5,981.8666666666668
111,2026-03-20,2026-03-20 11:02:45,10.545666666666666,9.029,9.51,82.36666666666667,0.36333333333333334,0.43666666666666665,1.4266666666666663,NA,0.07,142.86666666666667,93,265.53333333333336,7.163333333333333,38.10593,-91.45797,273.46666666666664,981.8666666666668
111,2026-03-20,2026-03-20 11:02:48,10.706666666666669,9.026333333333334,9.5,82.3,0.35333333333333333,0.42666666666666664,1.48,NA,0.07,142.9,93,265.6333333333333,7.16,38.10593,-91.45796666666666,273.8333333333333,981.8222222222222
111,2026-03-20,2026-03-20 11:02:51,10.769666666666666,9.024333333333333,9.5,82.23333333333333,0.3433333333333333,0.46,1.5033333333333334,NA,0.07,142.93333333333334,93,265.7,7.16,38.10592333333333,-91.45795333333334,274.1,981.8222222222222
111,2026-03-20,2026-03-20 11:02:54,10.886,9.025333333333332,9.49,82.16666666666667,0.33,0.48,1.5466666666666666,NA,0.07,142.93333333333334,93,265.8666666666667,7.16,38.10591333333333,-91.45794,273.93333333333334,981.8666666666668
111,2026-03-20,2026-03-20 11:02:57,11.075333333333331,9.026666666666666,9.486666666666666,82.13333333333333,0.33,0.47,1.4466666666666663,NA,0.07,142.96666666666667,93,266,7.16,38.10590333333333,-91.45794,273.76666666666665,981.8666666666668
111,2026-03-20,2026-03-20 11:03:00,11.209,9.027,9.473333333333334,82.03333333333333,0.36666666666666664,0.42666666666666664,1.3733333333333333,NA,0.07,142.93333333333334,93,265.93333333333334,7.16,38.105896666666666,-91.45794666666666,274.8333333333333,981.7777777777776
111,2026-03-20,2026-03-20 11:03:03,11.301333333333334,9.027333333333331,9.47,82,0.3333333333333333,0.44,1.4266666666666667,NA,0.07,142.83333333333334,93,265.8,7.16,38.10588666666667,-91.45795,275.06666666666666,981.8666666666668
111,2026-03-20,2026-03-20 11:03:06,11.427,9.020666666666669,9.463333333333336,81.93333333333334,0.35,0.4766666666666667,1.5533333333333332,NA,0.07,142.96666666666667,93,265.8333333333333,7.16,38.10588333333333,-91.45795,275.06666666666666,981.8222222222222
111,2026-03-20,2026-03-20 11:03:09,11.535333333333334,9.012666666666666,9.456666666666669,81.86666666666667,0.5866666666666667,0.93,1.846666666666667,NA,0.07,142.9,93,265.9,7.16,38.10589,-91.45795666666666,275.26666666666665,981.8666666666668
111,2026-04-06,2026-04-06 09:18:21,0.01366666666666666,16.072666666666667,10.676666666666666,108.36666666666667,0.21333333333333332,1.72,4.1,NA,0.07,141.33333333333334,92,242.83333333333337,7.903333333333333,38.10581333333333,-91.45819,278.6,994.3111111111112
111,2026-04-06,2026-04-06 09:18:27,0.10466666666666669,16.070333333333334,10.66,108.2,0.20333333333333337,1.5533333333333332,4.623333333333333,NA,0.07,141.4,92,238.53333333333333,8.056666666666667,38.10582,-91.45818,279,994.2666666666668
111,2026-04-06,2026-04-06 09:18:30,0.13366666666666666,16.069333333333333,10.65,108.06666666666666,0.22,1.66,4.336666666666667,NA,0.07,141.46666666666667,92,237.1,8.096666666666666,38.10582,-91.45818,279.03333333333336,994.3555555555556
111,2026-04-06,2026-04-06 09:18:33,0.165,16.066333333333333,10.64,108,0.19333333333333333,1.5,4.283333333333333,NA,0.07,141.4,92,235.86666666666667,8.13,38.10582,-91.45818,278.76666666666665,994.2666666666668
111,2026-04-06,2026-04-06 09:18:36,0.1993333333333333,16.07166666666667,10.64,108,0.21,1.43,4.83,NA,0.07,141.23333333333332,92,234.8,8.16,38.10583,-91.45818,278.1333333333333,994.2222222222224
111,2026-04-06,2026-04-06 09:18:39,0.2703333333333333,16.068333333333335,10.636666666666668,107.93333333333334,0.2066666666666667,1.59,4.826666666666667,NA,0.07,141.4,92,233.83333333333337,8.18,38.10583,-91.45818,277.8666666666667,994.2666666666668
111,2026-04-06,2026-04-06 09:18:42,0.332,16.05933333333333,10.63,107.86666666666667,0.21666666666666667,1.61,4.8133333333333335,NA,0.07,141.36666666666667,92,233,8.2,38.10583,-91.45817666666666,277.8,994.2666666666668
111,2026-04-06,2026-04-06 09:18:45,0.392,16.045,10.63,107.8,0.24666666666666667,1.8433333333333333,5.32,NA,0.07,141.4,92,232.16666666666663,8.216666666666667,38.10583,-91.45817,277.5,994.2666666666668
111,2026-04-06,2026-04-06 09:18:48,0.45366666666666666,16.033333333333335,10.626666666666669,107.8,0.23333333333333336,1.57,5.003333333333333,NA,0.07,141.43333333333334,92,231.43333333333337,8.23,38.10583,-91.45817,277.3,994.2666666666668
111,2026-04-06,2026-04-06 09:18:51,0.5076666666666667,16.038333333333334,10.63,107.8,0.25,1.8166666666666669,5.793333333333333,NA,0.07,141.43333333333334,92,230.76666666666668,8.236666666666666,38.105826666666665,-91.45817,277.1,994.2666666666668
111,2026-04-06,2026-04-06 09:18:54,0.5546666666666666,16.044,10.616666666666667,107.7,0.2733333333333333,2.19,5.033333333333333,NA,0.07,141.6,92,230.2,8.246666666666666,38.10582,-91.45817,277.06666666666666,994.3111111111112
111,2026-04-06,2026-04-06 09:18:57,0.6213333333333333,16.022,10.613333333333332,107.6,0.26666666666666666,2.1066666666666665,5.046666666666667,NA,0.07,141.76666666666668,92,229.66666666666663,8.263333333333334,38.10582,-91.45817,277.1333333333333,994.3555555555556
111,2026-04-06,2026-04-06 09:19:03,0.654,16.009,10.61,107.6,0.27,2.12,5.8,NA,0.07,141.73333333333332,92,228.83333333333337,8.296666666666667,38.10583,-91.45817333333332,276.9,994.2666666666668
111,2026-04-06,2026-04-06 09:19:06,0.7463333333333333,16.006,10.61,107.53333333333332,0.2966666666666667,2.15,5.693333333333333,NA,0.07,141.73333333333332,92,228.66666666666663,8.31,38.10584,-91.45818,276.26666666666665,994.2666666666668
111,2026-04-06,2026-04-06 09:19:09,0.8160000000000001,15.996333333333332,10.596666666666666,107.4,0.2966666666666667,2.6066666666666665,5.323333333333333,NA,0.07,141.7,92,228.46666666666667,8.31,38.105846666666665,-91.45818,275.76666666666665,994.2666666666668
111,2026-04-06,2026-04-06 09:19:12,0.8576666666666667,15.984666666666667,10.6,107.4,0.2866666666666667,2.1766666666666667,5.783333333333333,NA,0.07,141.66666666666666,92,228.33333333333337,8.32,38.10585,-91.45818,275.23333333333335,994.3111111111112
111,2026-04-06,2026-04-06 09:19:15,0.8896666666666667,15.986,10.596666666666666,107.36666666666667,0.25333333333333335,2.1666666666666665,5.383333333333333,NA,0.07,141.53333333333333,92,228.16666666666663,8.32,38.10585,-91.45818,274.93333333333334,994.2666666666668
111,2026-04-06,2026-04-06 09:19:18,0.9233333333333332,15.984333333333334,10.573333333333334,107.13333333333333,0.25333333333333335,2.1633333333333336,5.586666666666667,NA,0.07,141.53333333333333,92,228.06666666666663,8.32,38.10585333333333,-91.45818,274.9,994.3111111111112
111,2026-04-06,2026-04-06 09:19:21,0.9563333333333331,15.961333333333334,10.57,107.03333333333332,0.29333333333333333,2.193333333333334,5.653333333333333,NA,0.07,141.53333333333333,92,227.9,8.32,38.10586,-91.45818,274.8333333333333,994.3111111111112
111,2026-04-06,2026-04-06 09:19:24,0.978,15.946,10.563333333333334,106.93333333333334,0.28,2.3,4.91,NA,0.07,141.56666666666666,92,227.76666666666668,8.323333333333334,38.10586,-91.45818,274.76666666666665,994.2666666666668
111,2026-04-06,2026-04-06 09:19:27,1.0146666666666666,15.938333333333333,10.553333333333336,106.8,0.29,2.183333333333333,5.803333333333334,NA,0.07,141.56666666666666,92,227.56666666666663,8.33,38.10586,-91.45818,274.76666666666665,994.2666666666668
111,2026-04-06,2026-04-06 09:19:30,1.046,15.931666666666668,10.553333333333336,106.8,0.2733333333333333,2.15,5.3933333333333335,NA,0.07,141.73333333333332,92,227.4,8.33,38.10586,-91.45818,274.8,994.3555555555556
111,2026-04-06,2026-04-06 09:19:33,1.098,15.930666666666664,10.55,106.7,0.29,2.17,5.773333333333333,NA,0.07,141.6,92,227.33333333333337,8.33,38.10586,-91.45818,274.3666666666667,994.3555555555556
111,2026-04-06,2026-04-06 09:19:39,1.149,15.926666666666666,10.546666666666669,106.7,0.24333333333333332,2.1733333333333333,5.63,NA,0.07,141.5,92,227.26666666666668,8.33,38.10586,-91.45817,274.43333333333334,994.3111111111112
111,2026-04-06,2026-04-06 09:19:42,1.183,15.939333333333334,10.533333333333331,106.63333333333333,0.24333333333333337,2.0733333333333333,5.89,NA,0.07,141.76666666666668,92,227.26666666666668,8.33,38.10586,-91.45816,274.43333333333334,994.2666666666668
111,2026-04-06,2026-04-06 09:19:45,1.2346666666666666,15.921333333333331,10.53,106.6,0.22666666666666668,1.7766666666666666,5.506666666666667,NA,0.07,141.73333333333332,92,227.36666666666667,8.34,38.10587,-91.45816,274.46666666666664,994.2666666666668
111,2026-04-06,2026-04-06 09:19:48,1.291,15.904666666666667,10.53,106.5,0.23333333333333336,1.79,5.430000000000001,NA,0.07,141.76666666666668,92,227.33333333333337,8.34,38.10587,-91.45815,274.6666666666667,994.3111111111112
111,2026-04-06,2026-04-06 09:19:51,1.3476666666666668,15.905,10.516666666666666,106.36666666666667,0.24666666666666667,1.82,5.496666666666667,NA,0.07,141.8,92,227.3,8.336666666666666,38.10587,-91.45815,274.46666666666664,994.3111111111112
111,2026-04-06,2026-04-06 09:19:54,1.389,15.903666666666666,10.496666666666666,106.16666666666669,0.25,1.6966666666666668,5.640000000000001,NA,0.07,141.8,92,227.3,8.33,38.105873333333335,-91.45815,274.3333333333333,994.2666666666668
111,2026-04-06,2026-04-06 09:19:57,1.4316666666666666,15.899666666666668,10.486666666666666,106.03333333333332,0.27,1.9733333333333336,7.556666666666667,NA,0.07,141.76666666666668,92,227.23333333333332,8.33,38.10588,-91.45815,274.3666666666667,994.2666666666668
111,2026-04-06,2026-04-06 09:20:00,1.4836666666666667,15.901333333333334,10.476666666666668,105.96666666666668,0.2866666666666667,1.9266666666666663,6.2,NA,0.07,141.66666666666666,92,227.2,8.33,38.10588,-91.45815,274.4,994.2666666666668
111,2026-04-06,2026-04-06 09:20:03,1.5483333333333331,15.898666666666667,10.46,105.8,0.2633333333333333,1.7366666666666668,5.16,NA,0.07,141.7,92,227.1,8.33,38.105873333333335,-91.45814,274.73333333333335,994.2666666666668
111,2026-04-06,2026-04-06 09:20:06,1.598,15.892333333333331,10.46,105.7,0.2633333333333333,2.1366666666666667,5.36,NA,0.07,141.7,92,227.16666666666663,8.33,38.10587,-91.45814,274.6,994.2222222222224
111,2026-04-06,2026-04-06 09:20:09,1.6316666666666666,15.892,10.45,105.7,0.27,2.033333333333333,4.87,NA,0.07,141.6,92,227.06666666666663,8.33,38.10587,-91.45814333333334,274.5,994.2666666666668
111,2026-04-06,2026-04-06 09:20:12,1.6843333333333332,15.888,10.443333333333332,105.56666666666666,0.2833333333333333,2.1733333333333333,5.39,NA,0.07,141.66666666666666,92,227,8.33,38.10587,-91.45815,274.43333333333334,994.2222222222224
111,2026-04-06,2026-04-06 09:20:15,1.7223333333333333,15.887666666666666,10.44,105.53333333333332,0.25,2.086666666666667,5.5633333333333335,NA,0.07,141.66666666666666,92,227,8.33,38.10587,-91.45815,274.1666666666667,994.2666666666668
111,2026-04-06,2026-04-06 09:20:18,1.7576666666666667,15.886666666666668,10.43,105.5,0.31,2.12,5.276666666666666,NA,0.07,141.4,92,227,8.33,38.10587,-91.45815,273.8666666666667,994.2666666666668
111,2026-04-06,2026-04-06 09:20:21,1.7833333333333332,15.877333333333333,10.426666666666666,105.4,0.26666666666666666,2.0466666666666664,5.26,NA,0.07,141.53333333333333,92,227.03333333333333,8.33,38.10587,-91.45815,273.46666666666664,994.2666666666668
111,2026-04-06,2026-04-06 09:20:24,1.8333333333333337,15.866,10.42,105.33333333333331,0.24,1.98,5.140000000000001,NA,0.07,141.8,92,227.13333333333333,8.323333333333334,38.10587,-91.45815,272.8666666666667,994.2666666666668
111,2026-04-06,2026-04-06 09:20:27,1.8786666666666667,15.878666666666668,10.403333333333334,105.16666666666669,0.24,1.8066666666666664,5.283333333333333,NA,0.07,141.76666666666668,92,227.2,8.32,38.10587,-91.45815,272.26666666666665,994.2666666666668
111,2026-04-06,2026-04-06 09:20:33,1.927,15.878666666666668,10.4,105.1,0.22,1.93,5.37,NA,0.07,141.8,92,227.36666666666667,8.33,38.10587,-91.45815,271.8,994.2222222222224
111,2026-04-06,2026-04-06 09:20:39,1.9486666666666668,15.884,10.41,105.26666666666668,0.23666666666666664,1.9533333333333336,4.6033333333333335,NA,0.07,141.86666666666667,92,227.63333333333333,8.33,38.10585333333333,-91.45815,271.9,994.2666666666668
111,2026-04-06,2026-04-06 09:20:42,2.022,15.877333333333333,10.416666666666666,105.3,0.22333333333333333,1.8766666666666667,4.996666666666667,NA,0.07,141.8,92,227.83333333333337,8.33,38.10585,-91.45815,271.7,994.2666666666668
111,2026-04-06,2026-04-06 09:20:48,2.0243333333333333,15.872,10.41,105.2,0.24666666666666667,1.6966666666666663,5.166666666666667,NA,0.07,141.8,92,228.03333333333333,8.33,38.10586666666667,-91.45816,271.53333333333336,994.2222222222224
111,2026-04-06,2026-04-06 09:20:51,2.088333333333334,15.872,10.406666666666666,105.2,0.23,1.8966666666666667,5.31,NA,0.07,141.86666666666667,92,228.13333333333333,8.33,38.10587,-91.45816666666668,271.46666666666664,994.2222222222224
111,2026-04-06,2026-04-06 09:20:54,2.181666666666666,15.874,10.403333333333334,105.13333333333333,0.25666666666666665,2.0966666666666667,5.41,NA,0.07,142.1,92,228.23333333333332,8.33,38.10587666666667,-91.45817,271.53333333333336,994.2666666666668
111,2026-04-06,2026-04-06 09:20:57,2.276666666666667,15.870666666666668,10.4,105.1,0.28,1.9733333333333332,5.256666666666667,NA,0.07,142.1,92,228.33333333333337,8.33,38.10588,-91.45817,271.73333333333335,994.2666666666668
111,2026-04-06,2026-04-06 09:21:00,2.3240000000000003,15.864666666666666,10.386666666666668,104.96666666666668,0.2966666666666667,1.9633333333333336,4.983333333333333,NA,0.07,142,92,228.5,8.326666666666666,38.10588,-91.45817666666666,271.9,994.2666666666668
111,2026-04-06,2026-04-06 09:21:03,2.3626666666666667,15.859,10.373333333333331,104.83333333333331,0.2966666666666667,1.8233333333333337,5.273333333333333,NA,0.07,142,92,228.5,8.32,38.10588,-91.45818,271.8666666666667,994.2666666666668
111,2026-04-06,2026-04-06 09:21:06,2.405666666666667,15.854666666666668,10.356666666666666,104.66666666666669,0.30666666666666664,1.82,5.07,NA,0.07,141.96666666666667,92,228.5,8.32,38.10588,-91.45818,271.93333333333334,994.2666666666668
111,2026-04-06,2026-04-06 09:21:09,2.4463333333333335,15.848,10.34,104.46666666666668,0.27666666666666667,1.7766666666666666,4.8566666666666665,NA,0.07,142,92,228.6,8.313333333333334,38.10588,-91.45818,271.93333333333334,994.2222222222224
111,2026-04-06,2026-04-06 09:21:12,2.486,15.846,10.323333333333334,104.26666666666668,0.27666666666666667,1.8133333333333332,4.85,NA,0.07,142.1,92,228.6,8.31,38.10588,-91.45817,271.96666666666664,994.2666666666668
111,2026-04-06,2026-04-06 09:21:15,2.5536666666666665,15.846666666666666,10.306666666666668,104.13333333333333,0.25,1.5533333333333337,4.723333333333334,NA,0.07,141.96666666666667,92,228.6,8.306666666666667,38.105873333333335,-91.45817,271.8666666666667,994.2666666666668
111,2026-04-06,2026-04-06 09:21:18,2.6053333333333333,15.844,10.29,103.96666666666668,0.23666666666666664,1.6133333333333333,4.513333333333334,NA,0.07,141.83333333333334,92,228.6,8.3,38.10587,-91.45816,271.73333333333335,994.2666666666668
111,2026-04-06,2026-04-06 09:21:21,2.665666666666666,15.843,10.273333333333332,103.76666666666668,0.23666666666666664,1.5566666666666666,4.376666666666667,NA,0.07,142,92,228.6,8.3,38.10587,-91.45816,271.4666666666667,994.2666666666668
111,2026-04-06,2026-04-06 09:21:24,2.7363333333333335,15.842,10.26,103.63333333333333,0.31666666666666665,1.4866666666666666,4.616666666666667,NA,0.07,141.86666666666667,92,228.76666666666668,8.3,38.10587,-91.45815333333334,271.26666666666665,994.2666666666668
111,2026-04-06,2026-04-06 09:21:27,2.808333333333333,15.838,10.246666666666666,103.53333333333332,0.22333333333333333,1.57,4.49,NA,0.07,142,92,229,8.293333333333333,38.10587,-91.45815,271.1666666666667,994.2222222222224
111,2026-04-06,2026-04-06 09:21:30,2.897666666666667,15.836,10.24,103.4,0.22333333333333333,1.606666666666667,4.443333333333333,NA,0.07,142.1,92,229.23333333333332,8.29,38.10586666666667,-91.45815,270.9666666666667,994.2666666666668
111,2026-04-06,2026-04-06 09:21:33,2.942,15.834666666666667,10.23,103.33333333333331,0.19666666666666663,1.4366666666666668,5.28,NA,0.07,142.03333333333333,92,229.5,8.283333333333333,38.10586,-91.45815,270.76666666666665,994.2666666666668
111,2026-04-06,2026-04-06 09:21:36,2.974666666666667,15.829666666666666,10.223333333333334,103.23333333333332,0.21333333333333332,1.4966666666666666,4.37,NA,0.07,142.03333333333333,92,229.63333333333333,8.28,38.10586,-91.45815,270.8666666666667,994.2666666666668
111,2026-04-06,2026-04-06 09:21:39,3.031,15.824,10.22,103.2,0.23666666666666664,1.3333333333333333,4.076666666666666,NA,0.07,142.13333333333333,92,229.7,8.28,38.10585666666667,-91.45814666666666,270.96666666666664,994.2666666666668
111,2026-04-06,2026-04-06 09:21:42,3.078333333333333,15.822666666666668,10.21,103.1,0.23,1.33,4.38,NA,0.07,142.13333333333333,92,229.8,8.28,38.10585,-91.45814,270.96666666666664,994.2666666666668
111,2026-04-06,2026-04-06 09:21:45,3.126333333333333,15.820333333333334,10.21,103.1,0.2633333333333333,1.61,4.24,NA,0.07,142.16666666666666,92,229.8,8.27,38.10585,-91.45814,270.8666666666667,994.2666666666668
111,2026-04-06,2026-04-06 09:21:48,3.1746666666666665,15.815666666666669,10.203333333333331,103.03333333333332,0.27666666666666667,1.52,4.28,NA,0.07,141.9,92,229.83333333333337,8.27,38.10585,-91.45813666666666,270.7,994.2666666666668
111,2026-04-06,2026-04-06 09:21:51,3.2483333333333335,15.808,10.2,102.96666666666668,0.25666666666666665,1.53,4.3500000000000005,NA,0.07,141.96666666666667,92,229.96666666666667,8.27,38.10585,-91.45813,270.8333333333333,994.2222222222224
111,2026-04-06,2026-04-06 09:21:54,3.284666666666667,15.809333333333331,10.193333333333332,102.86666666666667,0.26666666666666666,1.5,4.273333333333333,NA,0.07,141.96666666666667,92,230,8.263333333333334,38.10584333333333,-91.45813,271,994.2666666666668
111,2026-04-06,2026-04-06 09:22:00,3.3426666666666667,15.795666666666667,10.17,102.63333333333333,0.25,1.47,4.223333333333334,NA,0.07,142.23333333333332,92,230.16666666666663,8.26,38.10585,-91.45813,271.8666666666667,994.2222222222224
111,2026-04-06,2026-04-06 09:22:03,3.404333333333333,15.789333333333332,10.156666666666666,102.46666666666668,0.2866666666666667,1.7866666666666666,4.75,NA,0.07,142.13333333333333,92,230.33333333333337,8.26,38.10585,-91.45813,272.23333333333335,994.2666666666668
111,2026-04-06,2026-04-06 09:22:06,3.4586666666666668,15.786,10.136666666666668,102.26666666666668,0.2966666666666667,1.4433333333333334,4.326666666666666,NA,0.07,141.93333333333334,92,230.46666666666667,8.256666666666666,38.10585,-91.45812666666666,272.6,994.2666666666668
111,2026-04-06,2026-04-06 09:22:09,3.5126666666666666,15.785333333333334,10.123333333333331,102.13333333333333,0.23666666666666664,1.4533333333333334,4.023333333333333,NA,0.07,142.03333333333333,92,230.63333333333333,8.25,38.10585,-91.45812,272.9,994.2666666666668
111,2026-04-06,2026-04-06 09:22:12,3.5813333333333333,15.785333333333334,10.11,102,0.21666666666666667,1.2666666666666666,4.19,NA,0.07,142.23333333333335,92.33333333333331,230.83333333333337,8.25,38.10585,-91.45812,273.1,994.2222222222224
111,2026-04-06,2026-04-06 09:22:15,3.66,15.787,10.103333333333332,101.93333333333334,0.2066666666666667,1.5366666666666666,3.973333333333333,NA,0.07,142.13333333333333,92,231,8.25,38.10585,-91.45812,273.5,994.2222222222224
111,2026-04-06,2026-04-06 09:22:18,3.697666666666666,15.787,10.096666666666666,101.86666666666667,0.23333333333333336,1.393333333333333,4.026666666666666,NA,0.07,142.13333333333333,92,231.2,8.24,38.10585,-91.45811,273.5,994.2222222222224
111,2026-04-06,2026-04-06 09:22:21,3.761,15.786,10.09,101.8,0.25,1.5133333333333334,4.506666666666667,NA,0.07,142.13333333333333,92,231.36666666666667,8.24,38.10585,-91.45811,273.4,994.2222222222224
111,2026-04-06,2026-04-06 09:22:24,3.848,15.785,10.086666666666666,101.76666666666668,0.23333333333333336,1.2733333333333334,4.093333333333333,NA,0.07,142.2,92,231.56666666666663,8.24,38.10585,-91.45811,273.26666666666665,994.2222222222224
111,2026-04-06,2026-04-06 09:22:27,3.945,15.784666666666666,10.08,101.7,0.23,1.2,4.17,NA,0.07,142.26666666666668,92,231.76666666666668,8.24,38.10585,-91.45811,273.23333333333335,994.2222222222224
111,2026-04-06,2026-04-06 09:22:30,4.03,15.782,10.08,101.7,0.22333333333333333,1.346666666666667,3.963333333333334,NA,0.07,142.3,92.66666666666669,231.9,8.24,38.10584,-91.45811,273.3333333333333,994.2222222222224
111,2026-04-06,2026-04-06 09:22:33,4.104666666666667,15.782666666666666,10.08,101.7,0.23666666666666664,1.34,3.913333333333333,NA,0.07,142.26666666666668,92.33333333333331,232,8.24,38.10584,-91.4581,273.4,994.1777777777778
111,2026-04-06,2026-04-06 09:22:36,4.235,15.781333333333334,10.08,101.7,0.27666666666666667,1.3666666666666667,4.3566666666666665,NA,0.07,142.23333333333332,92,232.2,8.24,38.10584,-91.4581,273.4,994.2222222222224
111,2026-04-06,2026-04-06 09:22:39,4.379,15.776666666666667,10.086666666666666,101.7,0.25333333333333335,1.3333333333333333,3.803333333333333,NA,0.07,142.16666666666666,92,232.2,8.24,38.10584,-91.4581,273.1666666666667,994.2222222222224
111,2026-04-06,2026-04-06 09:22:42,4.466333333333333,15.768666666666666,10.09,101.76666666666668,0.2733333333333334,1.4833333333333334,3.84,NA,0.07,142.23333333333332,92.33333333333331,232.33333333333337,8.24,38.10584,-91.4581,273.1,994.2666666666668
111,2026-04-06,2026-04-06 09:22:45,4.6433333333333335,15.749,10.086666666666666,101.66666666666669,0.2733333333333333,1.4933333333333334,3.7733333333333334,NA,0.07,142.3,92.33333333333331,232.5,8.24,38.10584,-91.45809,273.1,994.2222222222224
111,2026-04-06,2026-04-06 09:22:48,4.773,15.748,10.073333333333334,101.56666666666666,0.26,1.2566666666666666,3.6133333333333337,NA,0.07,142.43333333333334,93,232.63333333333333,8.233333333333334,38.10584,-91.45809,273,994.2222222222224
111,2026-04-06,2026-04-06 09:22:51,4.851,15.741666666666667,10.07,101.46666666666668,0.26,1.31,3.68,NA,0.07,142.43333333333334,93,232.63333333333333,8.24,38.10583666666667,-91.45808,272.9,994.2666666666668
111,2026-04-06,2026-04-06 09:22:54,4.966666666666667,15.735333333333331,10.073333333333334,101.53333333333332,0.24333333333333337,1.2266666666666666,3.786666666666666,NA,0.07,142.53333333333333,93,232.7,8.24,38.10583,-91.45808,272.93333333333334,994.2222222222224
111,2026-04-06,2026-04-06 09:22:57,5.053,15.731333333333334,10.08,101.6,0.24666666666666667,1.1366666666666667,3.3933333333333335,NA,0.07,142.43333333333334,93,232.73333333333332,8.24,38.10583,-91.45808,272.8,994.2222222222224
111,2026-04-06,2026-04-06 09:23:00,5.1466666666666665,15.73,10.083333333333334,101.6,0.24666666666666667,1.3033333333333337,3.5833333333333335,NA,0.07,142.53333333333333,93,232.83333333333337,8.24,38.10583,-91.45808,272.8,994.2222222222224
111,2026-04-06,2026-04-06 09:23:03,5.208333333333333,15.729333333333331,10.09,101.66666666666669,0.24333333333333337,1.2966666666666666,3.3466666666666667,NA,0.07,142.66666666666666,93,233,8.24,38.10583,-91.45808,272.76666666666665,994.2666666666668
111,2026-04-06,2026-04-06 09:23:06,5.308333333333334,15.724,10.076666666666666,101.53333333333332,0.22666666666666668,0.93,2.9366666666666665,NA,0.07,142.63333333333333,93,233.23333333333332,8.24,38.10582333333333,-91.45808,272.8666666666667,994.2222222222224
111,2026-04-06,2026-04-06 09:23:09,5.350666666666666,15.714666666666666,10.05,101.23333333333332,0.21,0.7533333333333333,2.93,NA,0.07,142.6,93,233.5,8.233333333333334,38.10582,-91.45807666666668,273.2,994.2666666666668
111,2026-04-06,2026-04-06 09:23:12,5.428,15.709,10.033333333333331,101.06666666666666,0.23333333333333336,0.8333333333333334,2.9166666666666665,NA,0.07,142.6,93,233.73333333333332,8.22,38.10582,-91.45807,273.3333333333333,994.2666666666668
111,2026-04-06,2026-04-06 09:23:15,5.512333333333333,15.704,10.023333333333332,100.93333333333334,0.26333333333333336,0.8,3.01,NA,0.07,142.63333333333333,93,233.96666666666667,8.21,38.10582,-91.45807,273.4,994.1333333333332
111,2026-04-06,2026-04-06 09:23:18,5.606,15.697666666666668,10.016666666666666,100.86666666666667,0.21666666666666667,1.096666666666667,3.29,NA,0.07,142.63333333333333,93,234.06666666666663,8.21,38.10582,-91.45806333333334,273.46666666666664,994.2222222222224
111,2026-04-06,2026-04-06 09:23:21,5.689333333333333,15.696666666666664,9.993333333333334,100.63333333333333,0.23333333333333336,0.9666666666666668,3.1333333333333333,NA,0.07,142.6,93,234.3,8.203333333333333,38.10581666666667,-91.45806,273.3,994.1333333333332
111,2026-04-06,2026-04-06 09:23:24,5.731333333333334,15.693333333333332,9.983333333333334,100.53333333333332,0.2066666666666667,1.02,2.95,NA,0.07,142.4,93,234.56666666666663,8.2,38.10581,-91.45805666666666,273.23333333333335,994.1777777777778
111,2026-04-06,2026-04-06 09:23:27,5.825,15.693333333333332,9.976666666666668,100.43333333333334,0.23,1.0666666666666669,3.3533333333333335,NA,0.07,142.5,93,234.86666666666667,8.2,38.10581,-91.45805,273.23333333333335,994.2222222222224
111,2026-04-06,2026-04-06 09:23:30,5.919333333333333,15.692,9.98,100.46666666666668,0.24333333333333332,1.1566666666666667,3.3266666666666667,NA,0.07,142.46666666666667,93,235.1,8.2,38.10581,-91.45805,273.1666666666667,994.2222222222224
111,2026-04-06,2026-04-06 09:23:33,6.021,15.692333333333334,9.983333333333334,100.5,0.24,1.3166666666666669,4.206666666666667,NA,0.07,142.46666666666667,93,235.23333333333332,8.2,38.1058,-91.45805,273.1333333333333,994.2222222222224
111,2026-04-06,2026-04-06 09:23:42,6.112666666666667,15.693333333333332,10,100.7,0.24333333333333337,1.4766666666666666,3.61,NA,0.07,142.7,93,235.53333333333333,8.2,38.10579333333333,-91.45804,272.73333333333335,994.1333333333332
111,2026-04-06,2026-04-06 09:23:45,6.139,15.692666666666666,10.006666666666666,100.73333333333332,0.24,1.356666666666667,3.6633333333333336,NA,0.07,142.5,93,235.66666666666663,8.2,38.10579,-91.45803,272.8333333333333,994.2222222222224
111,2026-04-06,2026-04-06 09:23:48,6.246333333333333,15.693333333333332,10.016666666666666,100.86666666666667,0.22333333333333333,1.2866666666666666,3.58,NA,0.07,142.46666666666667,93,235.73333333333332,8.2,38.10579,-91.45803,272.76666666666665,994.2666666666668
111,2026-04-06,2026-04-06 09:23:51,6.351,15.693666666666669,10.02,100.9,0.23,1.13,3.72,NA,0.07,142.73333333333335,93,235.83333333333337,8.2,38.10579666666667,-91.45802666666668,272.53333333333336,994.1777777777778
111,2026-04-06,2026-04-06 09:23:54,6.421666666666667,15.693666666666669,10.02,100.9,0.23,1.1366666666666667,3.783333333333333,NA,0.07,142.76666666666668,93,235.9,8.203333333333333,38.105806666666666,-91.45802,272.5,994.2222222222224
111,2026-04-06,2026-04-06 09:23:57,6.474333333333333,15.693,10.02,100.9,0.26333333333333336,1.086666666666667,3.3633333333333333,NA,0.07,142.56666666666666,93,236.1,8.2,38.10581666666667,-91.45802,272.7,994.2222222222224
111,2026-04-06,2026-04-06 09:24:00,6.554333333333333,15.686,10.026666666666666,100.9,0.22,1.1,3.1233333333333335,NA,0.07,142.46666666666667,93,236.3,8.206666666666667,38.10582,-91.45802,272.6333333333333,994.2222222222224
111,2026-04-06,2026-04-06 09:24:03,6.652666666666667,15.653333333333334,10.033333333333331,100.96666666666668,0.22,0.8733333333333333,2.973333333333333,NA,0.07,142.53333333333333,93,236.43333333333337,8.2,38.10582333333333,-91.45802,272.56666666666666,994.1777777777778
111,2026-04-06,2026-04-06 09:24:06,6.777333333333333,15.631,10.043333333333331,101.03333333333332,0.2066666666666667,0.6933333333333334,2.393333333333333,NA,0.07,142.56666666666666,93,236.7,8.2,38.10583,-91.45802,272.53333333333336,994.1333333333332
111,2026-04-06,2026-04-06 09:24:09,6.898,15.605333333333334,10.036666666666664,100.9,0.21,0.64,2.4033333333333333,NA,0.07,142.76666666666668,93,236.9,8.186666666666666,38.10583,-91.45802,272.53333333333336,994.2666666666668
111,2026-04-06,2026-04-06 09:24:12,7.023333333333333,15.59,9.996666666666666,100.43333333333334,0.17333333333333334,0.35000000000000003,2.0833333333333335,NA,0.07,142.73333333333332,93,237.3,8.163333333333334,38.10583333333333,-91.45802,272.4,994.2222222222224
111,2026-04-06,2026-04-06 09:24:15,7.122,15.584333333333332,9.936666666666666,99.83333333333331,0.18,0.27999999999999997,1.8233333333333337,NA,0.07,142.63333333333333,93,237.6,8.14,38.10584,-91.45803,272.23333333333335,994.2222222222224
111,2026-04-06,2026-04-06 09:24:18,7.239666666666667,15.573,9.883333333333333,99.26666666666668,0.21,0.33999999999999997,1.84,NA,0.07,142.7,93,237.9,8.12,38.10584,-91.45803,272.1333333333333,994.2222222222224
111,2026-04-06,2026-04-06 09:24:21,7.374,15.564333333333334,9.83,98.7,0.23,0.31666666666666665,1.643333333333333,NA,0.07,142.9,93,238.16666666666663,8.1,38.10584,-91.45804,272.03333333333336,994.2222222222224
111,2026-04-06,2026-04-06 09:24:24,7.498333333333333,15.555333333333332,9.783333333333331,98.2,0.21,0.2833333333333333,1.4433333333333334,NA,0.07,143.03333333333333,93,238.4,8.08,38.10584,-91.45804,271.9,994.2222222222224
111,2026-04-06,2026-04-06 09:24:27,7.584333333333333,15.497333333333334,9.753333333333334,97.8,0.20333333333333337,0.2866666666666667,1.2066666666666668,NA,0.07,143.2,93,238.7,8.066666666666666,38.10584,-91.45804,271.76666666666665,994.1777777777778
111,2026-04-06,2026-04-06 09:24:42,7.609,15.34,9.35,93.46666666666668,0.2,0.18,1.0933333333333333,NA,0.07,143.66666666666666,93,240.63333333333333,7.956666666666667,38.10582,-91.45803,272,994.2222222222224
111,2026-04-06,2026-04-06 09:24:45,7.710666666666667,15.336,9.28,92.7,0.18,0.13333333333333333,1.153333333333333,NA,0.07,143.33333333333334,93,240.96666666666667,7.936666666666667,38.10582,-91.45803333333332,271.93333333333334,994.2666666666668
111,2026-04-06,2026-04-06 09:24:48,7.871,15.224,9.256666666666666,92.3,0.19666666666666668,0.14,1.0766666666666669,NA,0.07,142.6,93,241.33333333333337,7.916666666666667,38.10582,-91.45804333333334,271.9,994.1777777777778
111,2026-04-06,2026-04-06 09:25:00,7.891333333333333,15.062,8.993333333333334,89.36666666666666,0.19,0.11333333333333334,1.143333333333333,NA,0.07,142.26666666666668,92,242.83333333333337,7.863333333333333,38.10584,-91.45808,272.2,994.1333333333332
111,2026-04-06,2026-04-06 09:25:03,7.976666666666667,15.039333333333332,8.92,88.6,0.19333333333333333,0.04,1.0766666666666669,NA,0.07,142.4,92.66666666666669,242.96666666666667,7.86,38.105846666666665,-91.45808,272.3333333333333,994.1777777777778
111,2026-04-06,2026-04-06 09:25:06,8.124,14.962666666666667,8.85,87.76666666666667,0.18333333333333335,0.07333333333333333,0.9633333333333334,NA,0.07,143.06666666666666,93,243.2,7.853333333333333,38.10585,-91.45808,272.4,994.2222222222224
111,2026-04-06,2026-04-06 09:25:09,8.236333333333334,14.885,8.776666666666667,86.86666666666667,0.17,0.08666666666666667,0.8266666666666667,NA,0.07,143.76666666666668,93.33333333333331,243.43333333333337,7.846666666666667,38.10585,-91.45808666666666,272.43333333333334,994.2222222222224
111,2026-04-06,2026-04-06 09:25:12,8.358333333333334,14.782666666666666,8.686666666666667,85.76666666666667,0.19333333333333333,0.05,0.9533333333333334,NA,0.07,144.6,94,243.76666666666668,7.84,38.10585,-91.45809,272.4,994.2222222222224
111,2026-04-06,2026-04-06 09:25:15,8.475,14.697333333333331,8.59,84.7,0.15333333333333335,0.03,0.9366666666666666,NA,0.07,145.06666666666666,94,244.03333333333333,7.83,38.10585,-91.45809333333334,272.5,994.2222222222224
111,2026-04-06,2026-04-06 09:25:18,8.576,14.562666666666669,8.51,83.63333333333334,0.1366666666666667,0.05666666666666666,0.86,NA,0.07,145.6,95,244.73333333333332,7.81,38.10585,-91.4581,272.6666666666667,994.2222222222224
111,2026-04-06,2026-04-06 09:25:21,8.648,14.442333333333334,8.406666666666666,82.43333333333334,0.14666666666666667,0.07666666666666666,0.89,NA,0.07,145.96666666666667,95,245.43333333333337,7.786666666666667,38.10584333333333,-91.45810333333334,272.7,994.1777777777778
111,2026-04-06,2026-04-06 09:25:24,8.718333333333334,14.371,8.316666666666666,81.36666666666667,0.17333333333333334,0.11333333333333334,0.8166666666666667,NA,0.07,146.13333333333333,95,246,7.76,38.10584,-91.45811,272.73333333333335,994.1777777777778
111,2026-04-06,2026-04-06 09:25:27,8.771,14.393666666666666,8.213333333333333,80.43333333333334,0.15000000000000002,0.08333333333333334,0.9333333333333332,NA,0.07,146,95,246.6,7.74,38.10583666666667,-91.45811,272.6666666666667,994.1333333333332
111,2026-04-06,2026-04-06 09:25:30,8.806,14.348666666666666,8.133333333333333,79.56666666666666,0.14,0.12333333333333334,0.93,NA,0.07,146.13333333333333,95,247.23333333333332,7.723333333333334,38.10583,-91.45811,272.6,994.2222222222224
111,2026-04-06,2026-04-06 09:25:33,8.827666666666667,14.262333333333332,8.086666666666666,78.96666666666667,0.15,0.12666666666666668,0.9966666666666668,NA,0.07,146.3,95,247.9,7.706666666666667,38.10583,-91.45811333333332,272.7,994.2222222222224
111,2026-04-06,2026-04-06 09:25:36,8.867,14.15,8.046666666666667,78.4,0.16333333333333333,0.11,0.8366666666666667,NA,0.07,146.56666666666666,95,248.56666666666663,7.696666666666667,38.10582333333333,-91.45812,272.6333333333333,994.1777777777778
111,2026-04-06,2026-04-06 09:25:39,8.892,14.1,7.99,77.73333333333333,0.17666666666666667,0.14666666666666667,0.93,NA,0.07,146.56666666666666,95,249.16666666666663,7.686666666666667,38.10582,-91.45812,272.43333333333334,994.1333333333332
111,2026-04-06,2026-04-06 09:25:42,8.927666666666667,14.076666666666666,7.913333333333333,77,0.19,0.09333333333333334,1.0066666666666666,NA,0.07,146.53333333333333,95,249.63333333333333,7.676666666666667,38.10581666666667,-91.45812666666666,272.3,994.1777777777778
111,2026-04-06,2026-04-06 09:25:45,9.010333333333334,13.999333333333333,7.853333333333333,76.23333333333333,0.16,0.13,0.9966666666666668,NA,0.07,146.63333333333333,95,250.2,7.663333333333333,38.10581,-91.45813,272.4,994.1333333333332
111,2026-04-06,2026-04-06 09:25:48,9.111,13.915333333333333,7.816666666666666,75.76666666666667,0.15,0.08666666666666667,0.9633333333333332,NA,0.07,146.93333333333334,95.66666666666669,250.7,7.653333333333333,38.1058,-91.45813,272.3666666666667,994.1333333333332
111,2026-04-06,2026-04-06 09:25:51,9.223,13.821333333333332,7.783333333333333,75.3,0.15666666666666668,0.09666666666666666,0.9666666666666668,NA,0.07,146.56666666666666,95,251.23333333333332,7.636666666666667,38.1058,-91.45813,272.26666666666665,994.1777777777778
111,2026-04-06,2026-04-06 09:25:54,9.332666666666666,13.669333333333332,7.736666666666666,74.63333333333334,0.16666666666666669,0.08333333333333333,0.9733333333333332,NA,0.07,146.56666666666666,95,252,7.61,38.10579333333333,-91.45813666666666,272,994.1777777777778
111,2026-04-06,2026-04-06 09:25:57,9.445333333333334,13.532666666666666,7.65,73.56666666666666,0.15333333333333335,0.08,0.9166666666666666,NA,0.07,147,95.66666666666669,252.86666666666667,7.583333333333333,38.10579,-91.45813,271.9,994.1777777777778
111,2026-04-06,2026-04-06 09:26:00,9.562,13.315333333333331,7.47,71.53333333333333,0.15333333333333335,0.06666666666666667,0.9366666666666666,NA,0.07,147.6,96,253.66666666666663,7.56,38.10579,-91.45813333333334,271.93333333333334,994.1333333333332
111,2026-04-06,2026-04-06 09:26:03,9.672666666666666,13.002333333333333,7.33,69.66666666666667,0.15666666666666668,0.05333333333333334,0.8366666666666667,NA,0.07,147.93333333333334,96,254.4,7.543333333333333,38.10578,-91.45814,272,994.1333333333332
111,2026-04-06,2026-04-06 09:26:06,9.783666666666669,12.816666666666666,7.223333333333334,68.33333333333333,0.16666666666666666,0.05333333333333333,1.0066666666666668,NA,0.07,147.96666666666667,96,255,7.523333333333333,38.10578,-91.45814,272,994.0888888888888
111,2026-04-06,2026-04-06 09:26:09,9.853666666666667,12.672333333333333,7.123333333333333,67.2,0.15333333333333335,0.09,0.93,NA,0.07,147.79999999999998,96,255.63333333333333,7.506666666666667,38.10577,-91.45814,272,994.1333333333332
111,2026-04-06,2026-04-06 09:26:12,9.928666666666668,12.524,7.056666666666667,66.36666666666667,0.14,0.10333333333333332,0.9566666666666668,NA,0.07,147.5,96,256.4,7.49,38.10577,-91.45814,272.03333333333336,994.1333333333332
112,2026-01-23,2026-01-23 12:55:09,0.058,4.089,12.29,94.1,-0.08,-0.15,-0.48,NA,0.12,252.5,164,210.8,8.05,37.89784,-90.64317,271.3,1003.0666666666666
112,2026-01-23,2026-01-23 12:55:12,0.08299999999999999,4.089666666666667,12.286666666666664,94,-0.09333333333333334,-0.14666666666666667,-0.43,NA,0.12,252.53333333333333,164,210.8,8.05,37.897846666666666,-90.64317,271.5333333333333,1002.8888888888888
112,2026-01-23,2026-01-23 12:55:15,0.19666666666666663,4.088666666666667,12.286666666666664,94,-0.09333333333333334,-0.15,-0.43666666666666665,NA,0.12,252.53333333333333,164,210.9,8.05,37.89785,-90.64317,271.96666666666664,1002.8888888888888
112,2026-01-23,2026-01-23 12:55:18,0.2763333333333333,4.093,12.283333333333331,94,-0.09666666666666666,-0.17666666666666667,-0.39,NA,0.12,252.43333333333337,164,210.96666666666667,8.05,37.89785666666667,-90.64317,271.4,1002.8888888888888
112,2026-01-23,2026-01-23 12:55:21,0.3423333333333333,4.092666666666666,12.27,93.9,-0.08666666666666667,-0.16999999999999998,-0.43,NA,0.12,252.46666666666667,164,211,8.05,37.89786,-90.64317666666666,271.26666666666665,1002.8
112,2026-01-23,2026-01-23 12:55:24,0.42833333333333334,4.090333333333334,12.27,93.9,-0.06333333333333334,-0.18666666666666668,-0.37333333333333335,NA,0.12,252.46666666666667,164,210.93333333333337,8.05,37.89786,-90.64318,271,1002.8444444444444
112,2026-01-23,2026-01-23 12:55:27,0.5533333333333333,4.091333333333333,12.263333333333334,93.83333333333331,-0.09666666666666666,-0.16,-0.45,NA,0.12,252.5,164,210.96666666666667,8.06,37.89786,-90.64318333333334,270.8,1002.8444444444444
112,2026-01-23,2026-01-23 12:55:30,0.6153333333333333,4.090333333333334,12.26,93.8,-0.07,-0.16333333333333333,-0.49,NA,0.12,252.5,164,211.06666666666663,8.06,37.89786,-90.64319,270.7,1002.8444444444444
112,2026-01-23,2026-01-23 12:55:33,0.6483333333333333,4.089,12.253333333333334,93.76666666666668,-0.07333333333333333,-0.1366666666666667,-0.4866666666666667,NA,0.12,252.63333333333333,164,211.2,8.06,37.89786,-90.64319,270.53333333333336,1002.8444444444444
112,2026-01-23,2026-01-23 12:55:36,0.6933333333333334,4.087,12.25,93.7,-0.10333333333333332,-0.14666666666666667,-0.4666666666666667,NA,0.12,252.5,164,211.3,8.06,37.89786,-90.64319,270.4,1002.8888888888888
112,2026-01-23,2026-01-23 12:55:39,0.74,4.087,12.243333333333334,93.7,-0.05666666666666667,-0.16666666666666666,-0.43,NA,0.12,252.4,164,211.36666666666667,8.06,37.89786,-90.64319333333331,270.1666666666667,1002.8444444444444
112,2026-01-23,2026-01-23 12:55:42,0.7986666666666666,4.087,12.246666666666666,93.7,-0.08333333333333334,-0.15333333333333332,-0.48333333333333334,NA,0.12,252.53333333333333,164,211.5,8.06,37.89786,-90.6432,270,1002.7555555555556
112,2026-01-23,2026-01-23 12:55:45,0.861,4.089333333333333,12.243333333333334,93.7,-0.09333333333333334,-0.14333333333333334,-0.52,NA,0.12,252.43333333333337,164,211.6,8.06,37.89786,-90.6432,269.93333333333334,1002.8444444444444
112,2026-01-23,2026-01-23 12:55:48,0.918,4.090333333333334,12.24,93.7,-0.05,-0.14333333333333334,-0.4633333333333333,NA,0.12,252.43333333333337,164,211.63333333333333,8.06,37.89786,-90.6432,270.03333333333336,1002.8444444444444
112,2026-01-23,2026-01-23 12:55:51,0.9643333333333332,4.092,12.24,93.66666666666669,-0.06333333333333334,-0.14666666666666667,-0.55,NA,0.12,252.36666666666667,164,211.7,8.06,37.89786,-90.6432,270.06666666666666,1002.8
112,2026-01-23,2026-01-23 12:55:54,1.028,4.093,12.23,93.6,-0.07,-0.15333333333333335,-0.38,NA,0.12,252.73333333333335,164,211.8,8.06,37.89786,-90.6432,269.96666666666664,1002.7555555555556
112,2026-01-23,2026-01-23 12:55:57,1.0843333333333334,4.094333333333333,12.23,93.6,-0.08333333333333333,-0.15,-0.45666666666666667,NA,0.12,252.63333333333333,164,211.93333333333337,8.06,37.89785333333333,-90.6432,269.76666666666665,1002.8
112,2026-01-23,2026-01-23 12:56:00,1.135,4.094,12.23,93.6,-0.06333333333333334,-0.16,-0.38666666666666666,NA,0.12,252.43333333333337,164,212,8.06,37.89785,-90.64319333333331,269.7,1002.8
112,2026-01-23,2026-01-23 12:56:03,1.176,4.093333333333334,12.226666666666668,93.56666666666666,-0.05666666666666666,-0.16666666666666666,-0.37,NA,0.12,252.43333333333337,164,212,8.06,37.89785,-90.64319,269.6,1002.8
112,2026-01-23,2026-01-23 12:56:06,1.2483333333333333,4.093,12.223333333333334,93.53333333333332,-0.08333333333333333,-0.17666666666666667,-0.45666666666666667,NA,0.12,252.66666666666663,164,212.1,8.06,37.89785,-90.64319,269.53333333333336,1002.8
112,2026-01-23,2026-01-23 12:56:09,1.321,4.094,12.22,93.5,-0.06666666666666667,-0.12666666666666668,-0.58,NA,0.12,252.53333333333333,164,212.13333333333333,8.06,37.89785,-90.64319,269.6666666666667,1002.7555555555556
112,2026-01-23,2026-01-23 12:56:12,1.3623333333333334,4.094,12.22,93.5,-0.08333333333333333,-0.16999999999999998,-0.43333333333333335,NA,0.12,252.4,164,212.23333333333332,8.06,37.89785,-90.64319,269.73333333333335,1002.7111111111112
112,2026-01-23,2026-01-23 12:56:15,1.405,4.095,12.22,93.5,-0.06333333333333334,-0.15,-0.48333333333333334,NA,0.12,252.46666666666667,164,212.3,8.06,37.89785,-90.64319,269.76666666666665,1002.7555555555556
112,2026-01-23,2026-01-23 12:56:18,1.4673333333333334,4.097333333333333,12.22,93.5,-0.09,-0.15333333333333335,-0.4733333333333334,NA,0.12,252.33333333333337,164,212.4,8.06,37.89785,-90.64319,269.7,1002.7555555555556
112,2026-01-23,2026-01-23 12:56:21,1.5566666666666666,4.096,12.216666666666669,93.5,-0.08333333333333333,-0.14666666666666667,-0.4633333333333333,NA,0.12,252.66666666666663,164,212.46666666666667,8.06,37.89785,-90.64319,269.7,1002.8444444444444
112,2026-01-23,2026-01-23 12:56:24,1.6303333333333334,4.096666666666667,12.213333333333336,93.5,-0.05666666666666667,-0.16333333333333333,-0.35000000000000003,NA,0.12,252.46666666666667,164,212.53333333333333,8.06,37.89785,-90.64319,269.8,1002.8444444444444
112,2026-01-23,2026-01-23 12:56:27,1.71,4.095666666666666,12.21,93.43333333333334,-0.06333333333333334,-0.14666666666666667,-0.4166666666666667,NA,0.12,252.5,164,212.6,8.06,37.89785,-90.64319,270,1002.8444444444444
112,2026-01-23,2026-01-23 12:56:30,1.7693333333333332,4.096333333333334,12.21,93.43333333333334,-0.07333333333333333,-0.14666666666666667,-0.49666666666666665,NA,0.12,252.5,164,212.6,8.06,37.89785,-90.64319,270.4,1002.8888888888888
112,2026-01-23,2026-01-23 12:56:33,1.824,4.0986666666666665,12.203333333333331,93.4,-0.05666666666666667,-0.14333333333333334,-0.4733333333333334,NA,0.12,252.43333333333337,164,212.7,8.06,37.89785,-90.64319666666668,270.6,1002.8444444444444
112,2026-01-23,2026-01-23 12:56:36,1.8916666666666664,4.099333333333333,12.2,93.4,-0.06333333333333334,-0.16333333333333333,-0.43,NA,0.12,252.36666666666667,164,212.73333333333332,8.06,37.89785,-90.6432,270.53333333333336,1002.8
112,2026-01-23,2026-01-23 12:56:39,1.943,4.099333333333333,12.2,93.4,-0.06,-0.14333333333333334,-0.44333333333333336,NA,0.12,252.26666666666668,164,212.8,8.066666666666666,37.89785,-90.6432,270.6,1002.8888888888888
112,2026-01-23,2026-01-23 12:56:42,1.994,4.100333333333333,12.2,93.4,-0.06,-0.16666666666666666,-0.39666666666666667,NA,0.12,252.53333333333333,164,212.8,8.07,37.89785,-90.6432,270.6,1002.9333333333334
112,2026-01-23,2026-01-23 12:56:45,2.0363333333333333,4.099333333333333,12.2,93.4,-0.06,-0.15666666666666668,-0.53,NA,0.12,252.63333333333333,164,212.9,8.07,37.89785,-90.6432,270.6666666666667,1002.9777777777778
112,2026-01-23,2026-01-23 12:56:48,2.098,4.1,12.196666666666664,93.36666666666667,-0.07,-0.15000000000000002,-0.5333333333333333,NA,0.12,252.46666666666667,164,212.9,8.07,37.89785,-90.6432,270.46666666666664,1002.9333333333334
112,2026-01-23,2026-01-23 12:56:51,2.1586666666666665,4.100333333333333,12.193333333333332,93.3,-0.06666666666666667,-0.16666666666666666,-0.37666666666666665,NA,0.12,252.53333333333333,164,213,8.07,37.89785,-90.6432,270.73333333333335,1002.9333333333334
112,2026-01-23,2026-01-23 12:56:54,2.2056666666666667,4.1,12.19,93.3,-0.07666666666666667,-0.19666666666666663,-0.43666666666666665,NA,0.12,252.53333333333333,164,213,8.07,37.89785,-90.64319666666668,270.9,1002.8444444444444
112,2026-01-23,2026-01-23 12:56:57,2.25,4.099333333333333,12.19,93.3,-0.07666666666666667,-0.15333333333333332,-0.3833333333333333,NA,0.12,252.46666666666667,164,213,8.07,37.89785,-90.64319,270.7,1002.9333333333334
112,2026-01-23,2026-01-23 12:57:00,2.295,4.098,12.19,93.3,-0.07,-0.17333333333333334,-0.4766666666666667,NA,0.12,252.5,164,213,8.07,37.897846666666666,-90.64318333333334,270,1002.9777777777778
112,2026-01-23,2026-01-23 12:57:03,2.338,4.097666666666667,12.19,93.3,-0.06666666666666667,-0.15666666666666668,-0.4533333333333333,NA,0.12,252.5,164,213,8.07,37.897843333333334,-90.64317333333334,269.93333333333334,1002.9333333333334
112,2026-01-23,2026-01-23 12:57:06,2.4006666666666665,4.097,12.19,93.3,-0.06333333333333334,-0.13333333333333333,-0.5266666666666667,NA,0.12,252.43333333333337,164,213.06666666666663,8.07,37.89783333333333,-90.64317,269.06666666666666,1002.9333333333334
112,2026-01-23,2026-01-23 12:57:09,2.467,4.096333333333334,12.19,93.3,-0.07666666666666666,-0.13666666666666666,-0.4766666666666667,NA,0.12,252.63333333333333,164,213.1,8.07,37.89783333333333,-90.64317,268.9,1002.9333333333334
112,2026-01-23,2026-01-23 12:57:12,2.538333333333333,4.096333333333334,12.19,93.3,-0.05333333333333334,-0.14333333333333334,-0.44,NA,0.12,252.53333333333333,164,213.2,8.07,37.89784,-90.64317,268.96666666666664,1002.9333333333334
112,2026-01-23,2026-01-23 12:57:21,2.611,4.096333333333334,12.186666666666666,93.3,-0.06666666666666667,-0.13666666666666666,-0.43,NA,0.12,252.73333333333332,164,213.5,8.07,37.897843333333334,-90.64319333333331,267.8333333333333,1002.8888888888888
112,2026-01-23,2026-01-23 12:57:24,2.6683333333333334,4.097,12.183333333333334,93.3,-0.06333333333333334,-0.13666666666666666,-0.4733333333333334,NA,0.12,252.7,164,213.6,8.07,37.89785,-90.6432,267.53333333333336,1002.8888888888888
112,2026-01-23,2026-01-23 12:57:27,2.734,4.098,12.18,93.23333333333332,-0.05333333333333334,-0.14666666666666667,-0.36,NA,0.12,252.3,164,213.7,8.07,37.89785,-90.6432,267.26666666666665,1002.8888888888888
112,2026-01-23,2026-01-23 12:57:30,2.79,4.0986666666666665,12.18,93.3,-0.06666666666666667,-0.16333333333333333,-0.4533333333333333,NA,0.12,252.4,164,213.7,8.07,37.89785,-90.6432,267.5,1002.8888888888888
112,2026-01-23,2026-01-23 12:57:33,2.834,4.099,12.18,93.2,-0.06333333333333334,-0.16,-0.4533333333333333,NA,0.12,252.53333333333333,164,213.8,8.07,37.89785,-90.6432,267.8333333333333,1002.9777777777778
112,2026-01-23,2026-01-23 12:57:36,2.884333333333333,4.098,12.18,93.23333333333332,-0.04666666666666667,-0.15333333333333335,-0.4066666666666667,NA,0.12,252.53333333333333,164,213.8,8.07,37.89785,-90.64320666666666,267.9,1003.0222222222222
112,2026-01-23,2026-01-23 12:57:39,2.9619999999999997,4.096,12.18,93.2,-0.05666666666666666,-0.16,-0.5033333333333333,NA,0.12,252.6,164,213.86666666666667,8.07,37.89785,-90.64321,267.56666666666666,1003.0222222222222
112,2026-01-23,2026-01-23 12:57:42,3.013,4.097,12.18,93.2,-0.07,-0.13333333333333333,-0.5233333333333333,NA,0.12,252.46666666666667,164,213.9,8.07,37.89785,-90.64321,267.3666666666667,1003.0222222222222
112,2026-01-23,2026-01-23 12:57:45,3.0713333333333335,4.096333333333334,12.18,93.2,-0.05666666666666666,-0.18666666666666668,-0.44,NA,0.12,252.73333333333332,164,213.96666666666667,8.07,37.89785,-90.64320333333332,267.6,1002.9777777777778
112,2026-01-23,2026-01-23 12:57:48,3.115,4.097,12.18,93.2,-0.06,-0.15,-0.5,NA,0.12,252.7,164,214,8.07,37.89785,-90.6432,267.43333333333334,1002.9333333333334
112,2026-01-23,2026-01-23 12:57:51,3.194,4.097666666666667,12.18,93.2,-0.06,-0.14,-0.39333333333333337,NA,0.12,252.63333333333333,164,214,8.076666666666666,37.89785,-90.6432,267.6333333333333,1002.9333333333334
112,2026-01-23,2026-01-23 12:57:54,3.257,4.097666666666667,12.18,93.2,-0.07,-0.14666666666666667,-0.4733333333333334,NA,0.12,252.56666666666663,164,214.1,8.08,37.89785,-90.64319333333331,267.73333333333335,1002.8444444444444
112,2026-01-23,2026-01-23 12:57:57,3.3256666666666668,4.097666666666667,12.18,93.2,-0.05666666666666666,-0.13,-0.41,NA,0.12,252.56666666666663,164,214.1,8.08,37.89785,-90.64319,267.93333333333334,1002.9333333333334
112,2026-01-23,2026-01-23 12:58:00,3.360333333333333,4.098333333333334,12.176666666666666,93.2,-0.05666666666666667,-0.15666666666666668,-0.41,NA,0.12,252.63333333333333,164,214.2,8.08,37.89785,-90.64318333333334,268.1666666666667,1002.9333333333334
112,2026-01-23,2026-01-23 12:58:03,3.425,4.098,12.176666666666666,93.2,-0.04,-0.18,-0.49,NA,0.12,252.6,164,214.2,8.08,37.897846666666666,-90.64317333333334,268.3666666666667,1002.9333333333334
112,2026-01-23,2026-01-23 12:58:06,3.466666666666667,4.097666666666667,12.173333333333334,93.2,-0.08333333333333334,-0.15666666666666668,-0.4133333333333334,NA,0.12,252.56666666666663,164,214.13333333333333,8.08,37.89784,-90.64317,268.2,1002.9333333333334
112,2026-01-23,2026-01-23 12:58:09,3.5196666666666667,4.096333333333334,12.18,93.2,-0.02666666666666666,-0.16,-0.4666666666666667,NA,0.12,252.73333333333335,164,214.1,8.08,37.89784,-90.64317,268.3333333333333,1002.8888888888888
112,2026-01-23,2026-01-23 12:58:12,3.5896666666666666,4.092666666666666,12.176666666666666,93.2,-0.04666666666666667,-0.15666666666666668,-0.38,NA,0.12,252.63333333333333,164,214.13333333333333,8.08,37.89783333333333,-90.64316666666666,268.8333333333333,1002.9333333333334
112,2026-01-23,2026-01-23 12:58:15,3.6506666666666665,4.093,12.17,93.2,-0.04333333333333333,-0.15666666666666668,-0.41,NA,0.12,252.53333333333333,164,214.2,8.08,37.89783,-90.64316,268.9,1002.9333333333334
112,2026-01-23,2026-01-23 12:58:18,3.689333333333334,4.092,12.173333333333334,93.2,-0.04666666666666667,-0.17333333333333334,-0.42333333333333334,NA,0.12,252.6,164,214.3,8.08,37.89783,-90.64316,268.76666666666665,1002.8888888888888
112,2026-01-23,2026-01-23 12:58:21,3.7576666666666663,4.092,12.176666666666666,93.2,-0.06,-0.16,-0.5366666666666666,NA,0.12,252.6,164,214.36666666666667,8.08,37.89783,-90.64315333333332,268.8666666666667,1002.9333333333334
112,2026-01-23,2026-01-23 12:58:24,3.836333333333333,4.092,12.173333333333334,93.2,-0.05666666666666666,-0.15333333333333332,-0.45666666666666667,NA,0.12,252.7,164,214.43333333333337,8.08,37.89783666666667,-90.64315,268.9,1002.8888888888888
112,2026-01-23,2026-01-23 12:58:27,3.8986666666666663,4.092333333333333,12.18,93.2,-0.04333333333333333,-0.13333333333333333,-0.4033333333333333,NA,0.12,252.53333333333333,164,214.5,8.08,37.89784,-90.64315,268.56666666666666,1002.9333333333334
112,2026-01-23,2026-01-23 12:58:30,3.9263333333333335,4.092,12.18,93.2,-0.04,-0.16,-0.49,NA,0.12,252.46666666666667,164,214.5,8.08,37.89784,-90.64314333333334,268,1002.8
112,2026-01-23,2026-01-23 12:58:33,3.9686666666666666,4.092666666666666,12.18,93.2,-0.03333333333333333,-0.14666666666666667,-0.44,NA,0.12,252.6,164,214.5,8.08,37.89783333333333,-90.64314,267.40000000000003,1002.8888888888888
112,2026-01-23,2026-01-23 12:58:36,4.0616666666666665,4.092,12.18,93.2,-0.04333333333333333,-0.14666666666666667,-0.54,NA,0.12,252.83333333333337,164,214.5,8.08,37.89782666666667,-90.64314,267.4666666666667,1002.8444444444444
112,2026-01-23,2026-01-23 12:58:39,4.119,4.092666666666666,12.173333333333334,93.2,-0.05,-0.15666666666666668,-0.5133333333333333,NA,0.12,252.63333333333333,164,214.66666666666663,8.08,37.89782,-90.64314,267.96666666666664,1002.9333333333334
112,2026-01-23,2026-01-23 12:58:42,4.147666666666667,4.092,12.176666666666666,93.2,-0.03333333333333333,-0.13,-0.4066666666666667,NA,0.12,252.56666666666663,164,214.76666666666668,8.08,37.89782,-90.64314,268.3666666666667,1002.8888888888888
112,2026-01-23,2026-01-23 12:58:45,4.190666666666667,4.093666666666667,12.17,93.16666666666669,-0.02,-0.13333333333333333,-0.35333333333333333,NA,0.12,252.63333333333333,164,214.8,8.08,37.89782,-90.64314,268,1002.8444444444444
112,2026-01-23,2026-01-23 12:58:48,4.248666666666667,4.092333333333333,12.17,93.13333333333333,-0.04666666666666667,-0.17,-0.42333333333333334,NA,0.12,252.73333333333332,164,214.86666666666667,8.08,37.89782666666667,-90.64314,268.73333333333335,1002.9333333333334
112,2026-01-23,2026-01-23 12:58:51,4.2973333333333334,4.092333333333333,12.17,93.13333333333333,-0.03333333333333333,-0.14666666666666667,-0.42333333333333334,NA,0.12,252.46666666666667,164,214.93333333333337,8.08,37.89783,-90.64314,269.2,1002.8888888888888
112,2026-01-23,2026-01-23 12:58:54,4.341,4.092666666666666,12.17,93.1,-0.03333333333333333,-0.16,-0.4,NA,0.12,252.43333333333337,164,215.06666666666663,8.08,37.89783,-90.64314,268.5,1002.9333333333334
112,2026-01-23,2026-01-23 12:58:57,4.374,4.093,12.17,93.13333333333333,-0.04333333333333333,-0.17,-0.49,NA,0.12,252.56666666666663,164,215.13333333333333,8.08,37.89783,-90.64314,268.3666666666667,1002.9333333333334
112,2026-01-23,2026-01-23 12:59:06,4.4463333333333335,4.093666666666667,12.17,93.16666666666669,-0.04333333333333333,-0.13333333333333333,-0.5533333333333333,NA,0.12,252.4,164,215.3,8.08,37.89783,-90.64314,268.3,1002.8888888888888
112,2026-01-23,2026-01-23 12:59:09,4.479333333333334,4.093,12.17,93.1,-0.03666666666666667,-0.17666666666666667,-0.43333333333333335,NA,0.12,252.66666666666663,164,215.3,8.08,37.89783,-90.64314,268.5,1002.8444444444444
112,2026-01-23,2026-01-23 12:59:12,4.507333333333333,4.093,12.17,93.1,-0.05333333333333334,-0.13,-0.4900000000000001,NA,0.12,252.53333333333333,164,215.3,8.08,37.89783,-90.64314,268.6666666666667,1002.8888888888888
112,2026-01-23,2026-01-23 12:59:15,4.555,4.093,12.17,93.1,-0.03,-0.14666666666666667,-0.41,NA,0.12,252.5,164,215.3,8.08,37.89783,-90.64313333333334,268.56666666666666,1002.9333333333334
112,2026-01-23,2026-01-23 12:59:18,4.609333333333334,4.094,12.17,93.13333333333333,-0.02666666666666666,-0.11333333333333331,-0.4133333333333334,NA,0.12,252.6,164,215.33333333333337,8.08,37.89782666666667,-90.64313,268.3333333333333,1002.9333333333334
112,2026-01-23,2026-01-23 12:59:21,4.668,4.094666666666667,12.17,93.1,-0.02,-0.16,-0.4033333333333333,NA,0.12,252.8,164,215.4,8.08,37.89782,-90.64312666666666,267.8,1002.8888888888888
112,2026-01-23,2026-01-23 12:59:24,4.704666666666666,4.093666666666667,12.17,93.1,-0.02333333333333333,-0.14,-0.5133333333333333,NA,0.12,252.8,164,215.5,8.08,37.89782,-90.64312,267.4666666666667,1002.9777777777778
112,2026-01-23,2026-01-23 12:59:27,4.7796666666666665,4.094333333333333,12.17,93.1,-0.03,-0.16333333333333333,-0.49,NA,0.12,252.5,164,215.56666666666663,8.08,37.89782,-90.64311333333332,266.93333333333334,1002.9777777777778
112,2026-01-23,2026-01-23 12:59:30,4.8213333333333335,4.093333333333334,12.166666666666666,93.1,-0.05,-0.18333333333333335,-0.45,NA,0.12,252.6,164,215.6,8.08,37.89782,-90.64311,266.4,1002.9333333333334
112,2026-01-23,2026-01-23 12:59:33,4.901,4.094,12.163333333333334,93.1,-0.05333333333333333,-0.15333333333333332,-0.49333333333333335,NA,0.12,252.7,164,215.66666666666663,8.08,37.89782,-90.64311,265.8,1002.8888888888888
112,2026-01-23,2026-01-23 12:59:36,4.942,4.094,12.166666666666666,93.1,-0.01666666666666666,-0.16333333333333333,-0.43333333333333335,NA,0.12,252.7,164,215.76666666666668,8.08,37.89782,-90.64311,266,1002.9333333333334
112,2026-01-23,2026-01-23 12:59:39,4.998333333333334,4.093,12.16,93.1,-0.04666666666666667,-0.14333333333333334,-0.35,NA,0.12,252.5,164,215.86666666666667,8.08,37.89782,-90.64311,266.23333333333335,1002.9333333333334
112,2026-01-23,2026-01-23 12:59:42,5.062333333333333,4.093666666666667,12.166666666666666,93.1,-0.04,-0.14,-0.37666666666666665,NA,0.12,252.66666666666663,164,215.93333333333337,8.08,37.89782,-90.64311,266.1333333333333,1002.8888888888888
112,2026-01-23,2026-01-23 12:59:45,5.1226666666666665,4.094,12.16,93.1,-0.03,-0.17,-0.4133333333333334,NA,0.12,252.63333333333333,164,216,8.08,37.89782,-90.64311,266.3666666666667,1002.8444444444444
112,2026-01-23,2026-01-23 12:59:48,5.165,4.094333333333333,12.16,93.1,-0.02666666666666667,-0.16666666666666666,-0.4766666666666667,NA,0.12,252.73333333333332,164,216.1,8.08,37.89782,-90.64311333333332,266.26666666666665,1002.8
112,2026-01-23,2026-01-23 12:59:51,5.2316666666666665,4.094666666666667,12.16,93.1,-0.01333333333333333,-0.12,-0.44333333333333336,NA,0.12,252.46666666666667,164,216.16666666666663,8.08,37.89782,-90.64311666666666,266.43333333333334,1002.9333333333334
112,2026-01-23,2026-01-23 12:59:54,5.272,4.0953333333333335,12.16,93.1,-0.03333333333333333,-0.13666666666666666,-0.4666666666666667,NA,0.12,252.43333333333337,164,216.23333333333332,8.08,37.89782,-90.64311,266.53333333333336,1002.8888888888888
112,2026-01-23,2026-01-23 12:59:57,5.340333333333334,4.094333333333333,12.16,93.1,-0.02,-0.14,-0.3833333333333333,NA,0.12,252.7,164,216.3,8.08,37.89782,-90.64311,267.2666666666667,1002.9333333333334
112,2026-01-23,2026-01-23 13:00:00,5.382000000000001,4.095,12.16,93.1,-0.03333333333333333,-0.12,-0.3333333333333333,NA,0.12,252.93333333333337,164,216.3,8.08,37.89782,-90.64311,267.8333333333333,1002.8444444444444
112,2026-01-23,2026-01-23 13:00:03,5.424666666666667,4.0953333333333335,12.16,93.1,-0.02666666666666667,-0.12666666666666668,-0.38,NA,0.12,252.6,164,216.33333333333337,8.08,37.89782,-90.64310333333331,268.03333333333336,1002.8444444444444
112,2026-01-23,2026-01-23 13:00:06,5.489,4.095,12.16,93,-0.02333333333333333,-0.14666666666666667,-0.4633333333333333,NA,0.12,252.4,164,216.4,8.08,37.897823333333335,-90.6431,268.2,1002.8888888888888
112,2026-01-23,2026-01-23 13:00:09,5.532,4.093666666666667,12.156666666666666,93.03333333333332,-0.02333333333333333,-0.17666666666666667,-0.5333333333333333,NA,0.12,252.86666666666667,164,216.43333333333337,8.08,37.89782666666667,-90.6431,268.43333333333334,1002.9333333333334
112,2026-01-23,2026-01-23 13:00:12,5.586333333333333,4.092333333333333,12.16,93.06666666666666,-0.03666666666666667,-0.13666666666666666,-0.45666666666666667,NA,0.12,252.8,164,216.53333333333333,8.08,37.897823333333335,-90.6431,268.23333333333335,1002.8888888888888
112,2026-01-23,2026-01-23 13:00:15,5.6386666666666665,4.091333333333333,12.16,93.06666666666666,-0.02333333333333333,-0.16666666666666666,-0.4533333333333333,NA,0.12,252.6,164,216.6,8.08,37.89782,-90.6431,268.1333333333333,1002.9333333333334
112,2026-01-23,2026-01-23 13:00:18,5.6739999999999995,4.092666666666666,12.156666666666666,93,-0.04333333333333333,-0.17666666666666667,-0.42666666666666664,NA,0.12,252.56666666666663,164,216.66666666666663,8.076666666666666,37.89782666666667,-90.6431,268.23333333333335,1002.9333333333334
112,2026-01-23,2026-01-23 13:00:21,5.727,4.092,12.156666666666666,93,-0.02666666666666666,-0.14,-0.35,NA,0.12,252.8,164,216.76666666666668,8.07,37.89783,-90.6431,268.4666666666667,1002.8
112,2026-01-23,2026-01-23 13:00:24,5.754,4.092333333333333,12.16,93,0,-0.14333333333333334,-0.5266666666666666,NA,0.12,252.76666666666668,164,216.83333333333337,8.07,37.89783,-90.6431,268.93333333333334,1002.7555555555556
112,2026-01-23,2026-01-23 13:00:27,5.795,4.093,12.16,93.03333333333332,-0.03666666666666667,-0.15,-0.32,NA,0.12,252.63333333333333,164,216.9,8.07,37.89783,-90.6431,269.43333333333334,1002.8888888888888
112,2026-01-23,2026-01-23 13:00:30,5.845666666666666,4.092666666666666,12.16,93,-0.02,-0.13666666666666666,-0.4733333333333334,NA,0.12,252.56666666666663,164,216.9,8.07,37.89783,-90.6431,270.0333333333333,1002.8888888888888
112,2026-01-23,2026-01-23 13:00:33,5.877,4.093,12.16,93,-0.02333333333333333,-0.18,-0.42333333333333334,NA,0.12,252.76666666666668,164,217,8.07,37.89783,-90.6431,270.43333333333334,1002.9333333333334
112,2026-01-23,2026-01-23 13:00:36,5.907333333333334,4.092,12.16,93,-0.02333333333333333,-0.15333333333333332,-0.45,NA,0.12,252.73333333333332,164,217,8.07,37.89783,-90.6431,270.43333333333334,1002.8
112,2026-01-23,2026-01-23 13:00:39,5.954000000000001,4.091,12.16,93.03333333333332,-0.02666666666666666,-0.12666666666666665,-0.37,NA,0.12,252.66666666666663,164,217.1,8.07,37.89783,-90.6431,270.03333333333336,1002.8444444444444
112,2026-01-23,2026-01-23 13:00:42,6.008,4.089,12.16,93,-0.03333333333333333,-0.14,-0.36,NA,0.12,252.66666666666663,164,217.16666666666663,8.07,37.89783,-90.64310666666668,270.8333333333333,1002.8
112,2026-01-23,2026-01-23 13:00:45,6.082333333333334,4.088,12.156666666666666,93,-0.01,-0.14666666666666667,-0.4633333333333333,NA,0.12,252.9,164,217.2,8.07,37.897823333333335,-90.64311,271.0333333333333,1002.8444444444444
112,2026-01-23,2026-01-23 13:00:48,6.136333333333334,4.0873333333333335,12.16,93,-0.02333333333333333,-0.12,-0.4133333333333334,NA,0.12,252.76666666666668,164,217.26666666666668,8.07,37.89782666666667,-90.64310333333331,271.3,1002.8
112,2026-01-23,2026-01-23 13:00:51,6.210666666666667,4.085666666666667,12.16,93.03333333333332,-0.02,-0.13333333333333333,-0.32666666666666666,NA,0.12,252.83333333333337,164,217.3,8.07,37.89783,-90.64310666666668,271.6333333333333,1002.8
112,2026-01-23,2026-01-23 13:00:54,6.250666666666667,4.085666666666667,12.153333333333334,93,0.01,-0.14666666666666667,-0.36,NA,0.12,252.63333333333333,164,217.4,8.07,37.89783,-90.64311,270.8,1002.8
112,2026-01-23,2026-01-23 13:00:57,6.298,4.085666666666667,12.16,93,-0.01333333333333333,-0.14666666666666667,-0.47,NA,0.12,252.63333333333333,164,217.4,8.07,37.89782666666667,-90.64311666666666,270.26666666666665,1002.8
112,2026-01-23,2026-01-23 13:01:00,6.341333333333334,4.084333333333333,12.16,93.03333333333332,-0.01,-0.16333333333333333,-0.38,NA,0.12,252.86666666666667,164,217.46666666666667,8.07,37.89782,-90.64312,269.1,1002.9333333333334
112,2026-01-23,2026-01-23 13:01:03,6.377,4.083,12.156666666666666,93,-0.00333333333333333,-0.14333333333333334,-0.42333333333333334,NA,0.12,252.8,164,217.56666666666663,8.07,37.89782,-90.64312,268.2,1002.8444444444444
112,2026-01-23,2026-01-23 13:01:06,6.427,4.0826666666666664,12.16,93,-0.01666666666666666,-0.11666666666666668,-0.39,NA,0.12,252.76666666666668,164,217.6,8.07,37.89782,-90.64311333333332,267.6333333333333,1002.8
112,2026-01-23,2026-01-23 13:01:09,6.475666666666667,4.083333333333333,12.16,93,-0.00333333333333333,-0.15333333333333332,-0.44,NA,0.12,252.66666666666663,164,217.7,8.07,37.897823333333335,-90.64311,268,1002.8444444444444
112,2026-01-23,2026-01-23 13:01:12,6.508666666666667,4.083666666666667,12.16,93,0,-0.15333333333333335,-0.35,NA,0.12,252.7,164,217.73333333333332,8.07,37.89783,-90.64310333333331,268.96666666666664,1002.8888888888888
112,2026-01-23,2026-01-23 13:01:15,6.545999999999999,4.083333333333333,12.16,93,0.00666666666666666,-0.14333333333333334,-0.36666666666666664,NA,0.12,252.7,164,217.8,8.07,37.89783,-90.6431,269.53333333333336,1002.8
112,2026-01-23,2026-01-23 13:01:18,6.568333333333333,4.083,12.16,93,-0.01,-0.16333333333333333,-0.41666666666666663,NA,0.12,252.6,164,217.83333333333337,8.07,37.89783333333333,-90.6431,270.2,1002.8
112,2026-01-23,2026-01-23 13:01:21,6.597,4.082333333333334,12.16,93,0.00666666666666666,-0.15333333333333335,-0.44666666666666666,NA,0.12,252.56666666666663,164,217.93333333333337,8.07,37.89784,-90.6431,270.6,1002.7555555555556
112,2026-01-23,2026-01-23 13:01:24,6.650333333333333,4.084,12.16,93,-0.00666666666666666,-0.13333333333333333,-0.2633333333333333,NA,0.12,252.83333333333337,164,218,8.07,37.897846666666666,-90.6431,270.7,1002.8
112,2026-01-23,2026-01-23 13:01:27,6.711333333333333,4.083,12.153333333333334,93,0,-0.14333333333333334,-0.2966666666666667,NA,0.12,252.7,164,218.06666666666663,8.07,37.89785,-90.6431,270.53333333333336,1002.7555555555556
112,2026-01-23,2026-01-23 13:01:30,6.751,4.082333333333334,12.16,93,-0.02,-0.13333333333333333,-0.32,NA,0.12,252.6,164,218.1,8.07,37.89785,-90.6431,270.3333333333333,1002.8444444444444
112,2026-01-23,2026-01-23 13:01:33,6.805666666666666,4.082,12.16,93,-0.01,-0.14666666666666667,-0.39,NA,0.12,252.66666666666663,164,218.2,8.07,37.89785,-90.6431,270.03333333333336,1002.8
112,2026-01-23,2026-01-23 13:01:36,6.869666666666666,4.082,12.16,93.03333333333332,-0.01,-0.14666666666666667,-0.37333333333333335,NA,0.12,252.83333333333337,164,218.3,8.07,37.89785,-90.6431,270.2,1002.7555555555556
112,2026-01-23,2026-01-23 13:01:39,6.95,4.082,12.16,93,0.01333333333333333,-0.15000000000000002,-0.39666666666666667,NA,0.12,252.66666666666663,164,218.33333333333337,8.07,37.89785,-90.6431,269.8333333333333,1002.8
112,2026-01-23,2026-01-23 13:01:42,7.009666666666667,4.083666666666667,12.16,93,0.00333333333333333,-0.16333333333333333,-0.37333333333333335,NA,0.12,252.6,164,218.4,8.07,37.89785,-90.64310666666668,270.7,1002.8
112,2026-01-23,2026-01-23 13:01:45,7.061333333333333,4.083333333333333,12.16,93,0.00333333333333333,-0.13666666666666666,-0.3,NA,0.12,252.66666666666663,164,218.43333333333337,8.07,37.89785,-90.64311,271.3333333333333,1002.7111111111112
112,2026-01-23,2026-01-23 13:01:48,7.105333333333333,4.083666666666667,12.16,93.03333333333332,0.00666666666666666,-0.13,-0.3133333333333333,NA,0.12,252.63333333333333,164,218.5,8.07,37.89785,-90.64311,271.5,1002.6666666666666
112,2026-01-23,2026-01-23 13:01:51,7.178333333333334,4.085,12.16,93.03333333333332,0.01,-0.13333333333333333,-0.35000000000000003,NA,0.12,252.6,164,218.5,8.07,37.897843333333334,-90.64311,271.6666666666667,1002.6666666666666
112,2026-01-23,2026-01-23 13:01:54,7.222333333333333,4.085,12.16,93,-0.00666666666666666,-0.12333333333333334,-0.4033333333333333,NA,0.12,252.6,164,218.56666666666663,8.07,37.89784,-90.64311666666666,271.73333333333335,1002.6666666666666
112,2026-01-23,2026-01-23 13:01:57,7.254,4.085,12.16,93,0.00333333333333333,-0.13333333333333333,-0.4766666666666667,NA,0.12,252.7,164,218.63333333333333,8.066666666666666,37.89784,-90.64312,271.6333333333333,1002.6666666666666
112,2026-01-23,2026-01-23 13:02:00,7.276,4.085333333333334,12.16,93.03333333333332,0.00666666666666666,-0.16333333333333333,-0.3833333333333333,NA,0.12,252.76666666666665,164,218.7,8.066666666666666,37.897846666666666,-90.64312,272.4,1002.6666666666666
112,2026-01-23,2026-01-23 13:02:03,7.329333333333333,4.085666666666667,12.156666666666666,93,-5.78523502974687e-19,-0.16,-0.39,NA,0.12,252.63333333333333,164,218.73333333333332,8.06,37.89785,-90.64312333333334,273.46666666666664,1002.7111111111112
112,2026-01-23,2026-01-23 13:02:06,7.380333333333334,4.086,12.16,93,0.01333333333333333,-0.14333333333333334,-0.36666666666666664,NA,0.12,252.43333333333337,164,218.83333333333337,8.06,37.89785,-90.64312,274.0333333333333,1002.6666666666666
112,2026-01-23,2026-01-23 13:02:12,7.454333333333333,4.086333333333333,12.16,93,0.01,-0.12333333333333334,-0.30666666666666664,NA,0.12,252.7,164,219.03333333333333,8.06,37.89785,-90.64312666666666,274.73333333333335,1002.6666666666666
112,2026-01-23,2026-01-23 13:02:15,7.504333333333333,4.085333333333334,12.16,93,0.01,-0.11,-0.37333333333333335,NA,0.12,252.5,164,219.1,8.06,37.897843333333334,-90.64311666666666,274.56666666666666,1002.6666666666666
112,2026-01-23,2026-01-23 13:02:18,7.556666666666667,4.084,12.16,93,0.02666666666666666,-0.12333333333333334,-0.47,NA,0.12,252.43333333333337,164,219.1,8.06,37.89784,-90.64311333333332,274.6666666666667,1002.7111111111112
112,2026-01-23,2026-01-23 13:02:21,7.625,4.084666666666666,12.16,93,0.01,-0.12666666666666668,-0.4066666666666667,NA,0.12,252.73333333333332,164,219.23333333333332,8.06,37.897843333333334,-90.64311333333332,275.1333333333333,1002.7111111111112
112,2026-01-23,2026-01-23 13:02:24,7.687333333333333,4.085,12.16,93,0.01666666666666666,-0.13,-0.36,NA,0.12,252.9,164,219.33333333333337,8.06,37.89785,-90.64311666666666,275.56666666666666,1002.6666666666666
112,2026-01-23,2026-01-23 13:02:27,7.754333333333333,4.084,12.16,93,0.01,-0.1366666666666667,-0.30666666666666664,NA,0.12,252.66666666666663,164,219.46666666666667,8.06,37.897843333333334,-90.64312333333334,275.09999999999997,1002.6666666666666
112,2026-01-23,2026-01-23 13:02:30,7.782333333333333,4.084,12.16,93,0.01,-0.1366666666666667,-0.2866666666666667,NA,0.12,252.53333333333333,164,219.6,8.06,37.897843333333334,-90.64313,274.9,1002.6666666666666
112,2026-01-23,2026-01-23 13:02:33,7.823,4.084,12.16,93.03333333333332,0.01,-0.15,-0.29333333333333333,NA,0.12,252.8,164,219.7,8.053333333333335,37.89785,-90.64313666666666,275.56666666666666,1002.6666666666666
112,2026-01-23,2026-01-23 13:02:36,7.875666666666667,4.085333333333333,12.16,93,0.00333333333333333,-0.13666666666666666,-0.2966666666666667,NA,0.12,252.73333333333335,164,219.8,8.05,37.89785,-90.64314,276.6333333333333,1002.6666666666666
112,2026-01-23,2026-01-23 13:02:39,7.922,4.086666666666667,12.16,93,0.01666666666666666,-0.15333333333333335,-0.3566666666666667,NA,0.12,252.53333333333333,164,219.9,8.05,37.89785666666667,-90.64314,277.53333333333336,1002.6666666666666
112,2026-01-23,2026-01-23 13:02:42,8.010333333333334,4.087666666666666,12.16,93.03333333333332,0.02333333333333333,-0.15333333333333332,-0.39,NA,0.12,252.73333333333332,164,220,8.05,37.89786,-90.64314,277.43333333333334,1002.6666666666666
112,2026-01-23,2026-01-23 13:02:45,8.109,4.087666666666666,12.16,93,0.00666666666666666,-0.14666666666666667,-0.3833333333333333,NA,0.12,252.83333333333337,164,220.13333333333333,8.05,37.89785666666667,-90.64314,277.4666666666667,1002.6666666666666
112,2026-01-23,2026-01-23 13:02:48,8.187,4.088333333333334,12.16,93,0.01666666666666666,-0.15,-0.3666666666666667,NA,0.12,252.76666666666668,164,220.23333333333332,8.05,37.89785,-90.64314,276.1333333333333,1002.6666666666666
112,2026-01-23,2026-01-23 13:02:51,8.258666666666667,4.087666666666666,12.156666666666666,93,0.01666666666666666,-0.15666666666666668,-0.2733333333333333,NA,0.12,252.83333333333337,164,220.33333333333337,8.05,37.89785,-90.64313666666666,275.6,1002.6666666666666
112,2026-01-23,2026-01-23 13:02:54,8.313,4.088,12.156666666666666,93,0.03333333333333333,-0.12666666666666668,-0.31666666666666665,NA,0.12,252.76666666666665,164,220.43333333333337,8.05,37.89785,-90.64313,275.7,1002.6666666666666
112,2026-01-23,2026-01-23 13:02:57,8.377333333333333,4.088,12.15,93,0.01666666666666666,-0.14666666666666667,-0.38666666666666666,NA,0.12,252.83333333333337,164,220.5,8.04,37.897846666666666,-90.64313,276.1,1002.6666666666666
112,2026-01-23,2026-01-23 13:03:00,8.431333333333333,4.089,12.153333333333334,93,0.01666666666666666,-0.19666666666666663,-0.34,NA,0.12,252.86666666666667,164,220.6,8.04,37.897846666666666,-90.64312333333334,276.1666666666667,1002.6666666666666
112,2026-01-23,2026-01-23 13:03:03,8.487333333333334,4.088333333333334,12.156666666666666,93,-0.00666666666666666,-0.17,-0.22,NA,0.12,252.7,164,220.7,8.04,37.89785,-90.64311333333332,275.3333333333333,1002.6666666666666
112,2026-01-23,2026-01-23 13:03:06,8.528333333333332,4.089666666666667,12.153333333333334,93,0.01333333333333333,-0.15,-0.22666666666666668,NA,0.12,252.6,164,220.83333333333337,8.04,37.89785,-90.64311,275.53333333333336,1002.6666666666666
112,2026-01-23,2026-01-23 13:03:09,8.581,4.089333333333333,12.15,93,0,-0.15,-0.33666666666666667,NA,0.12,252.63333333333333,164,220.93333333333337,8.04,37.89785,-90.64311,275.2,1002.6666666666666
112,2026-01-23,2026-01-23 13:03:12,8.643666666666666,4.087666666666666,12.15,93,0.03,-0.12333333333333334,-0.3566666666666667,NA,0.12,252.9,164,221.06666666666663,8.04,37.89785,-90.64311,274.3333333333333,1002.6666666666666
112,2026-01-23,2026-01-23 13:03:15,8.695,4.086333333333333,12.15,92.9,0.03333333333333333,-0.11333333333333331,-0.32666666666666666,NA,0.12,252.8,164,221.16666666666663,8.04,37.89785,-90.64311,273.56666666666666,1002.6666666666666
112,2026-01-23,2026-01-23 13:03:18,8.765,4.085333333333334,12.15,93,0.02666666666666667,-0.14666666666666667,-0.4266666666666667,NA,0.12,252.83333333333337,164,221.26666666666668,8.036666666666665,37.89785,-90.64311666666666,273.1666666666667,1002.6666666666666
112,2026-01-23,2026-01-23 13:03:21,8.803666666666667,4.085333333333334,12.15,93,0.00333333333333333,-0.15,-0.45666666666666667,NA,0.12,252.9,164,221.4,8.03,37.89785,-90.64312,273.8333333333333,1002.6666666666666
112,2026-01-23,2026-01-23 13:03:24,8.860999999999999,4.086333333333333,12.15,93,0.01,-0.13333333333333333,-0.29,NA,0.12,252.83333333333337,164,221.46666666666667,8.03,37.897846666666666,-90.64312666666666,273.76666666666665,1002.6666666666666
112,2026-01-23,2026-01-23 13:03:27,8.917,4.087,12.15,93,0.01,-0.14,-0.34,NA,0.12,252.76666666666668,164,221.5,8.03,37.89784,-90.64313666666666,273.23333333333335,1002.6666666666666
112,2026-01-23,2026-01-23 13:03:30,9.010666666666667,4.087,12.15,92.96666666666668,0.03666666666666667,-0.11666666666666668,-0.37333333333333335,NA,0.12,252.76666666666668,164,221.6,8.03,37.89784,-90.64314,273.0333333333333,1002.6666666666666
112,2026-01-23,2026-01-23 13:03:33,9.089333333333334,4.087,12.15,93,0.04,-0.15666666666666668,-0.3466666666666667,NA,0.12,252.63333333333333,164,221.73333333333332,8.03,37.89784,-90.64314,273.1,1002.6666666666666
112,2026-01-23,2026-01-23 13:03:36,9.153333333333334,4.088,12.15,93,0.03,-0.13333333333333333,-0.42333333333333334,NA,0.12,252.73333333333332,164,221.83333333333337,8.03,37.89784,-90.64314,273.03333333333336,1002.6666666666666
112,2026-01-23,2026-01-23 13:03:39,9.224333333333334,4.088666666666667,12.15,93,0.05666666666666667,-0.18333333333333335,-0.4166666666666667,NA,0.12,252.73333333333332,164,221.96666666666667,8.03,37.89784,-90.64314,272.9,1002.6666666666666
112,2026-01-23,2026-01-23 13:03:42,9.308,4.0873333333333335,12.15,93,0.02666666666666666,-0.14,-0.28,NA,0.12,252.56666666666663,164,222.06666666666663,8.026666666666666,37.89783333333333,-90.64313333333334,272.8,1002.6666666666666
112,2026-01-23,2026-01-23 13:03:45,9.360333333333331,4.087666666666666,12.146666666666668,92.96666666666668,0.01333333333333333,-0.18,-0.27,NA,0.12,252.63333333333333,164,222.23333333333332,8.02,37.89783,-90.64313,272.6,1002.622222222222
112,2026-01-23,2026-01-23 13:03:48,9.415666666666668,4.087,12.15,92.96666666666668,0.01666666666666666,-0.14,-0.38333333333333336,NA,0.12,252.8,164,222.33333333333337,8.02,37.89783,-90.64313,272.26666666666665,1002.6666666666666
112,2026-01-23,2026-01-23 13:03:51,9.468333333333334,4.088,12.15,93,0.05333333333333334,-0.15333333333333335,-0.44666666666666666,NA,0.12,252.66666666666663,164,222.43333333333337,8.02,37.89783,-90.64312666666666,272.1,1002.6666666666666
112,2026-01-23,2026-01-23 13:03:54,9.521,4.0873333333333335,12.15,93,0.01666666666666666,-0.13666666666666666,-0.31666666666666665,NA,0.12,252.6,164,222.56666666666663,8.02,37.89783,-90.64312666666666,271.8,1002.6666666666666
112,2026-01-23,2026-01-23 13:03:57,9.579666666666666,4.086333333333333,12.15,93,0.02666666666666667,-0.15666666666666668,-0.3466666666666667,NA,0.12,252.7,164,222.66666666666663,8.02,37.89783,-90.64313,271.76666666666665,1002.622222222222
112,2026-01-23,2026-01-23 13:04:00,9.629,4.086,12.153333333333334,93,0.02,-0.14666666666666667,-0.25,NA,0.12,252.7,164,222.76666666666668,8.02,37.89783,-90.64313666666666,271.8333333333333,1002.6666666666666
112,2026-01-23,2026-01-23 13:04:03,9.669333333333332,4.087,12.16,93,0.02,-0.16,-0.32,NA,0.12,252.73333333333332,164,222.9,8.02,37.89783,-90.64314,271.6333333333333,1002.6666666666666
112,2026-01-23,2026-01-23 13:04:06,9.706,4.087,12.156666666666666,93,0.01333333333333333,-0.16,-0.24666666666666667,NA,0.12,252.66666666666663,164,222.96666666666667,8.016666666666666,37.89783,-90.64314,271.6666666666667,1002.7111111111112
112,2026-01-23,2026-01-23 13:04:09,9.74,4.087,12.156666666666666,93,0.02,-0.16333333333333333,-0.21333333333333335,NA,0.12,252.66666666666663,164,223.1,8.01,37.89783,-90.64314333333334,271.6666666666667,1002.6666666666666
112,2026-01-23,2026-01-23 13:04:12,9.774,4.089,12.16,93,0.01,-0.15,-0.33999999999999997,NA,0.12,252.7,164,223.13333333333333,8.01,37.89783,-90.64315,271.5,1002.6666666666666
112,2026-01-23,2026-01-23 13:04:15,9.828,4.091,12.16,93,0.01666666666666666,-0.11666666666666668,-0.3466666666666667,NA,0.12,252.73333333333332,164,223.2,8.01,37.89783666666667,-90.64315666666668,271.6,1002.6666666666666
112,2026-01-23,2026-01-23 13:04:18,9.906,4.091,12.153333333333334,93,0.02666666666666666,-0.13333333333333333,-0.39,NA,0.12,252.63333333333333,164,223.2,8.01,37.897843333333334,-90.64316,271.6,1002.6666666666666
112,2026-01-23,2026-01-23 13:04:21,9.965,4.091,12.15,93,0.00666666666666666,-0.18,-0.36,NA,0.12,252.66666666666663,164,223.26666666666668,8.01,37.89785,-90.64316666666666,271.7,1002.6666666666666
112,2026-01-23,2026-01-23 13:04:24,10.009666666666666,4.09,12.15,93,0.02,-0.14666666666666667,-0.36,NA,0.12,252.6,164,223.36666666666667,8.01,37.89785,-90.64317,272,1002.6666666666666
112,2026-01-23,2026-01-23 13:04:30,10.068666666666669,4.089666666666667,12.153333333333334,93,0.02666666666666667,-0.12666666666666668,-0.43333333333333335,NA,0.12,252.86666666666667,164,223.56666666666663,8.01,37.89785666666667,-90.64317,271.76666666666665,1002.6666666666666
112,2026-01-23,2026-01-23 13:04:36,10.123333333333331,4.089,12.15,93,0.02666666666666666,-0.13666666666666666,-0.32666666666666666,NA,0.12,252.53333333333333,164,223.76666666666668,8.01,37.89787,-90.64318666666668,271.7,1002.6666666666666
112,2026-01-23,2026-01-23 13:04:39,10.154333333333334,4.089333333333333,12.15,93,-0.00333333333333333,-0.16,-0.33,NA,0.12,252.76666666666668,164,223.9,8,37.89787,-90.64319333333331,272.0333333333333,1002.6666666666666
112,2026-01-23,2026-01-23 13:04:42,10.230666666666668,4.085666666666667,12.15,93,0.03333333333333333,-0.14666666666666667,-0.33666666666666667,NA,0.12,252.9,164,224,8,37.89787,-90.6432,272.03333333333336,1002.7111111111112
112,2026-01-23,2026-01-23 13:04:45,10.367666666666668,4.083,12.15,93,0.02666666666666666,-0.17,-0.35333333333333333,NA,0.12,252.63333333333333,164,224.1,8,37.89787,-90.6432,272.5333333333333,1002.7111111111112
112,2026-01-23,2026-01-23 13:04:48,10.522666666666668,4.0826666666666664,12.15,92.96666666666668,0.02,-0.14,-0.3433333333333333,NA,0.12,252.6,164,224.2,8,37.89787,-90.6432,273.1666666666667,1002.6666666666666
112,2026-01-23,2026-01-23 13:04:51,10.672666666666666,4.082333333333334,12.15,92.96666666666668,0.00333333333333333,-0.13333333333333333,-0.2966666666666667,NA,0.12,252.83333333333337,164,224.2,8,37.89787,-90.6432,273.6666666666667,1002.7111111111112
112,2026-01-23,2026-01-23 13:04:54,10.775,4.081333333333333,12.15,93,0.01,-0.12333333333333334,-0.35333333333333333,NA,0.12,252.86666666666667,164,224.23333333333332,8,37.89787,-90.6432,273.7,1002.7111111111112
112,2026-01-23,2026-01-23 13:04:57,10.839,4.081666666666667,12.15,93,0.03333333333333333,-0.14,-0.37333333333333335,NA,0.12,252.8,164,224.36666666666667,8,37.89787,-90.64319666666668,274.2,1002.6666666666666
112,2026-01-23,2026-01-23 13:05:00,10.906333333333333,4.082,12.153333333333334,92.96666666666668,0.02,-0.16666666666666669,-0.32333333333333336,NA,0.12,252.7,164,224.5,8,37.89787,-90.64319,272.3666666666667,1002.7111111111112
112,2026-01-23,2026-01-23 13:05:03,10.965,4.084,12.15,92.96666666666668,0.00666666666666666,-0.14666666666666667,-0.37,NA,0.12,252.76666666666668,164,224.63333333333333,8,37.89787666666667,-90.64319,271.23333333333335,1002.7111111111112
112,2026-01-23,2026-01-23 13:05:06,11.041,4.084,12.15,93,0.02666666666666666,-0.18,-0.36666666666666664,NA,0.12,252.8,164,224.76666666666668,7.99,37.897866666666665,-90.64318333333334,272.1333333333333,1002.6666666666666
112,2026-01-23,2026-01-23 13:05:09,11.103333333333332,4.084666666666666,12.153333333333334,93,0.02,-0.16,-0.39666666666666667,NA,0.12,252.83333333333337,164,224.86666666666667,7.99,37.89785666666667,-90.64318,272.6,1002.6666666666666
112,2026-01-23,2026-01-23 13:05:12,11.187666666666669,4.084,12.153333333333334,93,0.00333333333333333,-0.14333333333333334,-0.4,NA,0.12,252.9,164,224.96666666666667,7.99,37.89785333333333,-90.64318,271.56666666666666,1002.6666666666666
112,2026-01-23,2026-01-23 13:05:15,11.265,4.0873333333333335,12.15,92.96666666666668,0.00666666666666666,-0.13333333333333333,-0.31666666666666665,NA,0.12,252.66666666666663,164,225.1,7.99,37.89785,-90.64318333333334,270.23333333333335,1002.6666666666666
112,2026-01-23,2026-01-23 13:05:18,11.367333333333333,4.088,12.15,93,0.02666666666666666,-0.14,-0.39,NA,0.12,253,164,225.23333333333332,7.99,37.89785,-90.64318666666668,269.3333333333333,1002.6666666666666
112,2026-01-23,2026-01-23 13:05:21,11.472,4.089333333333333,12.15,93,0.04,-0.14666666666666667,-0.37333333333333335,NA,0.12,252.8,164,225.33333333333337,7.99,37.89785,-90.64318,270.0333333333333,1002.6666666666666
112,2026-01-23,2026-01-23 13:05:24,11.56,4.089333333333333,12.15,93,0.00666666666666666,-0.15333333333333335,-0.29333333333333333,NA,0.12,252.7,164,225.46666666666667,7.983333333333333,37.89785,-90.64318666666668,269.3666666666667,1002.7555555555556
112,2026-01-23,2026-01-23 13:05:27,11.656666666666666,4.090333333333334,12.15,93,0.01666666666666666,-0.12,-0.3466666666666667,NA,0.12,252.66666666666663,164,225.56666666666663,7.98,37.89785333333333,-90.64319,269.5333333333333,1002.7111111111112
112,2026-01-23,2026-01-23 13:05:30,11.73,4.0906666666666665,12.15,93,0.04333333333333333,-0.16,-0.23333333333333336,NA,0.12,252.76666666666668,164,225.7,7.98,37.897866666666665,-90.64319666666668,269.96666666666664,1002.7111111111112
112,2026-01-23,2026-01-23 13:05:33,11.798666666666666,4.09,12.15,93,0.03,-0.14666666666666667,-0.21666666666666667,NA,0.12,252.8,164,225.8,7.98,37.89786333333333,-90.6432,270.6333333333333,1002.6666666666666
112,2026-01-23,2026-01-23 13:05:36,11.879,4.0906666666666665,12.15,92.93333333333334,0.04666666666666667,-0.14,-0.35666666666666663,NA,0.12,252.66666666666663,164,225.93333333333337,7.98,37.897866666666665,-90.6432,269.3333333333333,1002.7111111111112
112,2026-01-23,2026-01-23 13:05:39,11.927666666666669,4.091,12.143333333333334,92.93333333333334,0.02,-0.16666666666666666,-0.4433333333333333,NA,0.12,252.56666666666663,164,226.03333333333333,7.98,37.89787,-90.64320333333332,269.76666666666665,1002.7111111111112
112,2026-01-23,2026-01-23 13:05:42,11.958666666666668,4.0906666666666665,12.15,92.93333333333334,0.00333333333333333,-0.16,-0.31,NA,0.12,252.76666666666668,164,226.13333333333333,7.973333333333334,37.89787,-90.64321666666666,268.90000000000003,1002.7111111111112
112,2026-01-23,2026-01-23 13:05:45,12.019333333333334,4.091,12.146666666666668,92.9,0.02,-0.16333333333333333,-0.3433333333333333,NA,0.12,252.76666666666668,164,226.26666666666668,7.97,37.89787,-90.64322,267.76666666666665,1002.6666666666666
112,2026-01-23,2026-01-23 13:05:48,12.075333333333331,4.0906666666666665,12.143333333333334,92.9,0.08,-0.13666666666666666,-0.26,NA,0.12,252.66666666666663,164,226.4,7.97,37.89787,-90.64321333333334,266.3,1002.6666666666666
112,2026-01-23,2026-01-23 13:05:51,12.152666666666669,4.09,12.14,92.9,0.02,-0.12666666666666668,-0.3466666666666667,NA,0.12,252.73333333333335,164,226.5,7.97,37.89787666666667,-90.64321666666666,265.6,1002.7555555555556
112,2026-01-23,2026-01-23 13:05:54,12.26,4.0906666666666665,12.14,92.9,0.04,-0.06666666666666667,0.59,NA,0.12,252.7,164,226.6,7.97,37.89788,-90.64322,265,1002.6666666666666
112,2026-02-26,2026-02-26 11:19:18,0.0385,6.7365,11.265,92.25,0.065,0.08499999999999999,0.5700000000000001,NA,0.12,257.5,167.5,258.75,8.26,37.89804,-90.6433,273.6,979.0666666666666
112,2026-02-26,2026-02-26 11:19:21,0.09566666666666666,6.658,11.443333333333332,93.56666666666666,0.06,0.04666666666666667,0.4666666666666666,NA,0.12,257.43333333333334,167,258.4,8.283333333333333,37.89804,-90.6433,273.6666666666667,978.9777777777778
112,2026-02-26,2026-02-26 11:19:24,0.34199999999999997,6.5023333333333335,11.64,94.8,0.05666666666666667,0.1,0.42666666666666664,NA,0.12,254.96666666666667,166,258.43333333333334,8.296666666666667,37.89804,-90.64329,273.76666666666665,979.0222222222222
112,2026-02-26,2026-02-26 11:19:27,0.5826666666666667,6.427333333333333,11.846666666666666,96.33333333333331,0.08333333333333333,0.09333333333333334,0.5066666666666666,NA,0.12,254.83333333333337,166,258.6333333333333,8.303333333333335,37.89804,-90.64329,273.8666666666667,979.0222222222222
112,2026-02-26,2026-02-26 11:19:30,0.8250000000000001,6.291666666666667,12.03,97.46666666666668,0.05666666666666667,0.12333333333333334,0.4966666666666667,NA,0.12,255.03333333333333,166,258.8333333333333,8.31,37.89804,-90.64329,273.6333333333333,978.9777777777778
112,2026-02-26,2026-02-26 11:19:33,1.0603333333333331,6.195333333333333,12.153333333333332,98.2,0.06666666666666667,0.13333333333333333,0.6166666666666667,NA,0.12,254.33333333333337,165,259.1333333333333,8.31,37.89804,-90.64329,273.3666666666667,979.0222222222222
112,2026-02-26,2026-02-26 11:19:36,1.2166666666666668,6.131333333333333,12.263333333333334,98.93333333333334,0.07333333333333333,0.1,0.66,NA,0.12,254.8,165.66666666666666,259.43333333333334,8.3,37.89804,-90.64328,273.06666666666666,978.9333333333334
112,2026-02-26,2026-02-26 11:19:39,1.4056666666666666,6.118666666666667,12.34,99.5,0.07333333333333333,0.1,0.6166666666666667,NA,0.12,253.8,165,260.03333333333336,8.293333333333333,37.89804,-90.64328,272.8666666666667,978.9777777777778
112,2026-02-26,2026-02-26 11:19:42,1.5473333333333334,6.113666666666667,12.41,100.06666666666666,0.08666666666666667,0.09000000000000001,0.6366666666666667,NA,0.12,253.4,165,260.4666666666667,8.29,37.89804,-90.64328,272.8666666666667,979.0222222222222
112,2026-02-26,2026-02-26 11:19:45,1.5863333333333334,6.064666666666667,12.466666666666669,100.43333333333334,0.09333333333333334,0.15666666666666668,0.61,NA,0.12,253.06666666666663,164.66666666666666,260.9,8.28,37.89804,-90.64328,273.2,978.9777777777778
112,2026-02-26,2026-02-26 11:19:48,1.723,6.013,12.536666666666669,100.83333333333331,0.06333333333333334,0.12,0.7933333333333333,NA,0.12,253.23333333333332,165,261.26666666666665,8.276666666666666,37.898046666666666,-90.64328,273.4,978.9777777777778
112,2026-02-26,2026-02-26 11:19:51,1.8353333333333337,6.015333333333333,12.586666666666666,101.2,0.09333333333333334,0.13,0.7,NA,0.12,253.46666666666667,165,261.7,8.27,37.89805,-90.64328,273.56666666666666,979.0222222222222
112,2026-02-26,2026-02-26 11:19:54,1.9256666666666664,6.030666666666667,12.603333333333332,101.4,0.08666666666666667,0.16333333333333333,0.6566666666666666,NA,0.12,253.5,165,262.1666666666667,8.26,37.89805666666667,-90.64328,273.8,979.0222222222222
112,2026-02-26,2026-02-26 11:19:57,2.029,6.029333333333334,12.623333333333331,101.56666666666666,0.08333333333333333,0.17666666666666667,0.7066666666666667,NA,0.12,253.7,165,264.9,8.216666666666667,37.89806,-90.64328,273.96666666666664,978.9777777777778
112,2026-02-26,2026-02-26 11:20:00,2.1356666666666664,5.956666666666667,12.66,101.66666666666666,0.06666666666666667,0.12,0.6533333333333333,NA,0.12,254.1,165,268.06666666666666,8.16,37.89806,-90.64328,274.03333333333336,978.9777777777778
112,2026-02-26,2026-02-26 11:20:03,2.272,5.950333333333333,12.683333333333334,101.83333333333331,0.07333333333333333,0.14666666666666667,0.6266666666666667,NA,0.12,253.96666666666667,165,269.5,8.133333333333335,37.89806,-90.64328,273.9,979.0222222222222
112,2026-02-26,2026-02-26 11:20:06,2.404,5.936,12.7,101.93333333333334,0.07666666666666667,0.14333333333333334,0.6466666666666666,NA,0.12,253.76666666666665,165,270.1666666666667,8.123333333333333,37.89806,-90.64328,274.03333333333336,979.0222222222222
112,2026-02-26,2026-02-26 11:20:09,2.502333333333333,5.923333333333333,12.723333333333334,102.06666666666666,0.08333333333333333,0.11333333333333331,0.6233333333333333,NA,0.12,253.53333333333333,165,270.53333333333336,8.12,37.89806,-90.64328666666668,274.06666666666666,978.9777777777778
112,2026-02-26,2026-02-26 11:20:12,2.5909999999999997,5.913666666666667,12.743333333333334,102.2,0.07333333333333333,0.17666666666666667,0.5966666666666667,NA,0.12,253.43333333333337,165,270.76666666666665,8.11,37.89806,-90.64328,273.96666666666664,978.9333333333334
112,2026-02-26,2026-02-26 11:20:15,2.871,5.8933333333333335,12.753333333333334,102.23333333333332,0.08,0.14333333333333334,0.5633333333333334,NA,0.12,253.2,164.66666666666666,270.9,8.11,37.89806,-90.64328,273.96666666666664,978.9333333333334
112,2026-02-26,2026-02-26 11:20:18,3.0653333333333332,5.899666666666667,12.76,102.3,0.10333333333333332,0.13333333333333333,0.6366666666666667,NA,0.12,253.3,165,271,8.11,37.89806,-90.64328,273.9,978.9333333333334
112,2026-02-26,2026-02-26 11:20:21,3.2863333333333333,5.891666666666667,12.77,102.36666666666667,0.09,0.20333333333333337,0.6333333333333333,NA,0.12,252.93333333333337,164.33333333333334,271.1333333333333,8.11,37.89806,-90.64328666666668,273.93333333333334,979.0222222222222
112,2026-02-26,2026-02-26 11:20:24,3.5073333333333334,5.895666666666667,12.783333333333331,102.5,0.10666666666666667,0.19333333333333333,0.6699999999999999,NA,0.12,252.9,164,271.26666666666665,8.11,37.89806,-90.64329,274,979.0222222222222
112,2026-02-26,2026-02-26 11:20:27,3.6393333333333335,5.906666666666666,12.776666666666666,102.46666666666668,0.09333333333333334,0.18333333333333335,0.79,NA,0.12,253.03333333333333,164,271.3333333333333,8.11,37.89806,-90.64329,273.96666666666664,979.0666666666666
112,2026-02-26,2026-02-26 11:20:30,3.8196666666666665,5.8933333333333335,12.796666666666669,102.6,0.08666666666666667,0.19,0.7866666666666666,NA,0.12,252.96666666666667,164,271.43333333333334,8.11,37.89806,-90.64329,273.93333333333334,978.9333333333334
112,2026-02-26,2026-02-26 11:20:33,4.023666666666667,5.892,12.8,102.63333333333333,0.09,0.21333333333333332,0.8733333333333334,NA,0.12,252.93333333333337,164,271.53333333333336,8.1033333333333335,37.89806,-90.64329333333332,274.1666666666667,978.9777777777778
112,2026-02-26,2026-02-26 11:20:36,4.2219999999999995,5.892333333333333,12.803333333333336,102.66666666666669,0.12666666666666668,0.24,0.8033333333333333,NA,0.12,253.16666666666663,165,271.6333333333333,8.1,37.89806,-90.6433,274.2,979.0666666666666
112,2026-02-26,2026-02-26 11:20:39,4.453,5.879666666666666,12.803333333333336,102.6,0.15,0.26666666666666666,0.8833333333333333,NA,0.12,253.16666666666663,164.66666666666666,271.76666666666665,8.1,37.89806,-90.6433,274.06666666666666,979.0222222222222
112,2026-02-26,2026-02-26 11:20:42,4.618666666666667,5.875,12.81,102.66666666666669,0.15,0.27,0.96,NA,0.12,252.9,164,271.8333333333333,8.1,37.89806,-90.6433,273.8333333333333,978.9777777777778
112,2026-02-26,2026-02-26 11:20:45,4.758333333333333,5.866,12.806666666666668,102.6,0.16999999999999998,0.29333333333333333,1.0633333333333332,NA,0.12,253.03333333333333,164.33333333333334,271.96666666666664,8.1,37.89806,-90.6433,273.8333333333333,978.9777777777778
112,2026-02-26,2026-02-26 11:20:48,4.863333333333333,5.852333333333333,12.816666666666666,102.63333333333333,0.17333333333333334,0.3333333333333333,1.1866666666666663,NA,0.12,253.2,165,272,8.1,37.89806,-90.6433,274.03333333333336,978.9777777777778
112,2026-02-26,2026-02-26 11:20:51,4.913666666666667,5.846666666666667,12.82,102.66666666666669,0.2,0.25666666666666665,1.163333333333333,NA,0.12,253.43333333333337,165,272.1,8.1,37.89806,-90.6433,274.1333333333333,978.9333333333334
112,2026-02-26,2026-02-26 11:20:54,4.9590000000000005,5.850666666666666,12.816666666666666,102.63333333333333,0.23,0.30333333333333334,1.0033333333333334,NA,0.12,253.5,165,272.2,8.1,37.89806,-90.6433,273.96666666666664,978.9777777777778
112,2026-02-26,2026-02-26 11:20:57,5.022,5.843666666666667,12.813333333333334,102.6,0.24,0.33,1.1166666666666667,NA,0.12,253.6,165,272.3,8.1,37.89806,-90.6433,274.06666666666666,978.9333333333334
112,2026-02-26,2026-02-26 11:21:00,5.093,5.821666666666667,12.823333333333334,102.63333333333333,0.23666666666666664,0.31666666666666665,1.2966666666666666,NA,0.12,253.6,165,272.43333333333334,8.1,37.89806,-90.6433,274.26666666666665,978.8888888888888
112,2026-02-26,2026-02-26 11:21:03,5.220666666666667,5.826666666666667,12.816666666666666,102.6,0.26666666666666666,0.2966666666666667,1.3633333333333333,NA,0.12,253.3,165,272.5,8.09,37.89806,-90.6433,274.1666666666667,979.0666666666666
112,2026-02-26,2026-02-26 11:21:06,5.337666666666666,5.8293333333333335,12.816666666666666,102.56666666666666,0.29666666666666663,0.3,1.35,NA,0.12,253.66666666666663,165,272.6,8.09,37.89806,-90.6433,273.93333333333334,978.9777777777778
112,2026-02-26,2026-02-26 11:21:09,5.431,5.826333333333333,12.81,102.5,0.3066666666666667,0.25666666666666665,1.4733333333333334,NA,0.12,253.63333333333333,165,272.6666666666667,8.09,37.89806,-90.6433,274.1333333333333,978.9777777777778
112,2026-02-26,2026-02-26 11:21:12,5.514333333333333,5.810333333333333,12.816666666666666,102.56666666666666,0.2866666666666667,0.29333333333333333,1.48,NA,0.12,253.66666666666663,165,272.7,8.09,37.89806,-90.6433,274.1,979.0222222222222
112,2026-02-26,2026-02-26 11:21:15,5.567333333333333,5.8036666666666665,12.81,102.5,0.29333333333333333,0.27,1.4066666666666667,NA,0.12,253.66666666666663,165,272.8,8.09,37.89806,-90.6433,274.03333333333336,978.9777777777778
112,2026-02-26,2026-02-26 11:21:18,5.638,5.809666666666667,12.81,102.5,0.29333333333333333,0.26666666666666666,1.4433333333333334,NA,0.12,253.76666666666668,165,272.8666666666667,8.09,37.89806,-90.6433,273.8,978.9777777777778
112,2026-02-26,2026-02-26 11:21:21,5.711666666666667,5.808333333333334,12.81,102.5,0.29666666666666663,0.29333333333333333,1.5433333333333334,NA,0.12,253.6,165,272.93333333333334,8.09,37.89806,-90.64329666666666,273.6,978.9777777777778
112,2026-02-26,2026-02-26 11:21:24,5.780333333333333,5.809333333333333,12.81,102.5,0.28,0.25333333333333335,1.5733333333333333,NA,0.12,253.46666666666667,165,273.03333333333336,8.09,37.89806,-90.64329,273.3333333333333,978.9777777777778
112,2026-02-26,2026-02-26 11:21:27,5.892,5.802333333333333,12.8,102.4,0.30333333333333334,0.3,1.6333333333333333,NA,0.12,253.63333333333333,165,273.1333333333333,8.09,37.89806,-90.64328666666668,273.03333333333336,979.0222222222222
112,2026-02-26,2026-02-26 11:21:30,5.9783333333333335,5.798,12.8,102.4,0.32666666666666666,0.2966666666666667,1.54,NA,0.12,253.36666666666667,165,273.2,8.09,37.89806,-90.64328,272.8333333333333,978.9333333333334
112,2026-02-26,2026-02-26 11:21:33,6.064333333333333,5.798,12.8,102.4,0.33666666666666667,0.3,1.56,NA,0.12,253.4,165,273.26666666666665,8.086666666666666,37.89806,-90.64328,273.03333333333336,978.9333333333334
112,2026-02-26,2026-02-26 11:21:36,6.26,5.788,12.796666666666669,102.33333333333331,0.3833333333333333,0.32,1.6733333333333331,NA,0.12,253.3,165,273.4,8.08,37.89806,-90.64328,273.1,978.9333333333334
112,2026-02-26,2026-02-26 11:21:39,6.431666666666667,5.786,12.793333333333331,102.3,0.38333333333333336,0.32,1.903333333333333,NA,0.12,253.46666666666667,165,273.4,8.08,37.89807,-90.64327666666668,273.3,979.0222222222222
112,2026-02-26,2026-02-26 11:21:42,6.547666666666667,5.784,12.783333333333331,102.23333333333332,0.37666666666666665,0.36,1.91,NA,0.12,253.4,165,273.5,8.08,37.89807,-90.64327,273.3666666666667,979.0222222222222
112,2026-02-26,2026-02-26 11:21:45,6.657,5.778,12.793333333333331,102.26666666666668,0.4133333333333334,0.35,1.8766666666666667,NA,0.12,253.4,165,273.6,8.08,37.89806,-90.64327,273.3666666666667,978.9333333333334
112,2026-02-26,2026-02-26 11:21:48,6.698333333333333,5.776666666666666,12.793333333333331,102.26666666666668,0.4733333333333334,0.41,1.9566666666666668,NA,0.12,253.5,165,273.6333333333333,8.08,37.89806,-90.64326333333334,273.1666666666667,979.0222222222222
112,2026-02-26,2026-02-26 11:21:51,6.814,5.775333333333333,12.79,102.2,0.47,0.39666666666666667,1.9533333333333331,NA,0.12,253.53333333333333,165,273.7,8.08,37.89806,-90.64326,273.06666666666666,978.9333333333334
112,2026-02-26,2026-02-26 11:21:54,6.852333333333333,5.778333333333333,12.793333333333331,102.3,0.4633333333333333,0.39666666666666667,1.9566666666666663,NA,0.12,253.5,165,273.8,8.08,37.89806,-90.64326,273.1,979.0222222222222
112,2026-02-26,2026-02-26 11:21:57,7.032666666666667,5.774333333333333,12.79,102.23333333333332,0.49333333333333335,0.3933333333333333,2.02,NA,0.12,253.26666666666668,165,273.9,8.08,37.89806,-90.64326,272.8333333333333,979.0666666666666
112,2026-02-26,2026-02-26 11:22:00,7.2076666666666656,5.7716666666666665,12.79,102.26666666666668,0.5033333333333333,0.42333333333333334,2.013333333333333,NA,0.12,253.43333333333337,165,273.9,8.08,37.89806,-90.64326,272.6333333333333,978.9777777777778
112,2026-02-26,2026-02-26 11:22:03,7.320333333333333,5.774333333333334,12.79,102.3,0.48333333333333334,0.4,2.036666666666666,NA,0.12,253.53333333333333,165,273.96666666666664,8.08,37.89806,-90.64326,272.6333333333333,978.9777777777778
112,2026-02-26,2026-02-26 11:22:06,7.452,5.769333333333333,12.796666666666669,102.26666666666668,0.5,0.4,2.1566666666666667,NA,0.12,253.3,165,274,8.08,37.89806,-90.64325666666666,272.5,978.9333333333334
112,2026-02-26,2026-02-26 11:22:09,7.611666666666666,5.766666666666667,12.79,102.23333333333332,0.5566666666666666,0.36,2.2533333333333334,NA,0.12,253.53333333333333,165,274.1,8.08,37.89806,-90.64325,272.3666666666667,979.0222222222222
112,2026-02-26,2026-02-26 11:22:12,7.723,5.765333333333333,12.79,102.2,0.5366666666666666,0.38333333333333336,2.27,NA,0.12,253.3,165,274.1666666666667,8.08,37.89806333333333,-90.64325,272.43333333333334,978.9333333333334
112,2026-02-26,2026-02-26 11:22:15,7.822,5.7636666666666665,12.783333333333331,102.16666666666669,0.5466666666666667,0.36666666666666664,2.2033333333333336,NA,0.12,253.23333333333332,165,274.2,8.08,37.89806,-90.64325,272.4,978.9333333333334
112,2026-02-26,2026-02-26 11:22:18,8.009,5.76,12.78,102.1,0.5433333333333333,0.34,2.3266666666666667,NA,0.12,253.33333333333337,165,274.3,8.08,37.89806,-90.64325,272.2,978.8888888888888
112,2026-02-26,2026-02-26 11:22:21,8.108666666666666,5.761,12.776666666666666,102.1,0.53,0.3933333333333333,2.15,NA,0.12,253.66666666666663,165,274.3666666666667,8.08,37.89806,-90.64325,271.96666666666664,978.9333333333334
112,2026-02-26,2026-02-26 11:22:24,8.269333333333334,5.757666666666666,12.78,102.1,0.5066666666666667,0.38333333333333336,2.036666666666666,NA,0.12,253.4,165,274.4,8.08,37.89806,-90.64324666666668,272.1,978.9333333333334
112,2026-02-26,2026-02-26 11:22:27,8.416666666666666,5.755,12.79,102.2,0.51,0.32666666666666666,2.0766666666666667,NA,0.12,253.46666666666667,165,274.43333333333334,8.08,37.89806,-90.64325,272.23333333333335,978.9333333333334
112,2026-02-26,2026-02-26 11:22:30,8.505666666666666,5.754,12.783333333333331,102.1,0.54,0.31333333333333335,2.03,NA,0.12,253.5,165,274.5,8.08,37.89806,-90.64325,272.4,978.9333333333334
112,2026-02-26,2026-02-26 11:22:33,8.597,5.7556666666666665,12.78,102.1,0.52,0.34,2.0233333333333334,NA,0.12,253.43333333333337,165,274.6,8.08,37.89806,-90.64324,272.4,978.9777777777778
112,2026-02-26,2026-02-26 11:22:36,8.698333333333332,5.755,12.78,102.1,0.5,0.31333333333333335,2.0233333333333334,NA,0.12,253.36666666666667,165,274.6333333333333,8.07,37.89806,-90.64324,272.46666666666664,978.9333333333334
112,2026-02-26,2026-02-26 11:22:39,8.808333333333334,5.751666666666667,12.78,102.1,0.5133333333333333,0.3433333333333333,2.0533333333333332,NA,0.12,253.4,165,274.7,8.07,37.89806,-90.64324,272.5,978.9777777777778
112,2026-02-26,2026-02-26 11:22:42,8.946,5.750666666666667,12.776666666666666,102.06666666666666,0.5233333333333333,0.3333333333333333,2.02,NA,0.12,253.46666666666667,165,274.8,8.07,37.89807,-90.64324,272.2,978.9333333333334
112,2026-02-26,2026-02-26 11:22:45,9.050333333333333,5.751,12.773333333333332,102.03333333333332,0.5333333333333333,0.3666666666666667,2.05,NA,0.12,253.36666666666667,165,274.8,8.07,37.89807,-90.64324,272.03333333333336,978.9333333333334
112,2026-02-26,2026-02-26 11:22:48,9.186666666666667,5.7476666666666665,12.776666666666666,102.03333333333332,0.5,0.39666666666666667,2.04,NA,0.12,253.36666666666667,165,274.8666666666667,8.07,37.89807,-90.64324,272.2,978.8888888888888
112,2026-02-26,2026-02-26 11:22:51,9.315333333333331,5.746333333333333,12.77,102,0.5366666666666667,0.38666666666666666,2.04,NA,0.12,253.56666666666663,165,274.93333333333334,8.07,37.89807,-90.64324,272.4,978.9333333333334
112,2026-02-26,2026-02-26 11:22:54,9.391666666666667,5.7476666666666665,12.77,102,0.5233333333333333,0.41666666666666663,2.0633333333333335,NA,0.12,253.5,165,275,8.07,37.89807,-90.64324,272.6,978.9777777777778
112,2026-02-26,2026-02-26 11:22:57,9.472333333333331,5.750333333333333,12.77,102,0.5533333333333333,0.39666666666666667,2.0999999999999996,NA,0.12,253.33333333333337,165,275.03333333333336,8.07,37.89807,-90.64324,272.7,978.9777777777778
112,2026-02-26,2026-02-26 11:23:00,9.552333333333332,5.7523333333333335,12.77,102,0.59,0.44,2.2933333333333334,NA,0.12,253.5,165,275.1,8.07,37.89807,-90.64324,272.96666666666664,978.9333333333334
112,2026-02-26,2026-02-26 11:23:03,9.658666666666669,5.745333333333333,12.77,102,0.5366666666666667,0.43333333333333335,2.1766666666666667,NA,0.12,253.46666666666667,165,275.1666666666667,8.07,37.89807,-90.64324,273.1,979.0222222222222
112,2026-02-26,2026-02-26 11:23:06,9.725,5.743333333333333,12.77,102,0.5266666666666667,0.42,2.29,NA,0.12,253.3,165,275.2,8.07,37.89807,-90.64324,273.1666666666667,978.8888888888888
112,2026-02-26,2026-02-26 11:23:09,9.823,5.741333333333333,12.766666666666666,101.96666666666668,0.53,0.42333333333333334,2.1733333333333333,NA,0.12,253.53333333333333,165,275.26666666666665,8.07,37.89806,-90.64324,273.3333333333333,978.9333333333334
112,2026-02-26,2026-02-26 11:23:12,9.925666666666666,5.7396666666666665,12.766666666666666,101.9,0.5233333333333333,0.47,2.0866666666666664,NA,0.12,253.5,165,275.3,8.07,37.89806,-90.64324666666668,273.7,978.9777777777778
112,2026-02-26,2026-02-26 11:23:15,10.108333333333334,5.739,12.76,101.9,0.5466666666666667,0.4066666666666667,2.18,NA,0.12,253.6,165,275.4,8.07,37.89806,-90.64325,274.3,978.8888888888888
112,2026-02-26,2026-02-26 11:23:18,10.336333333333334,5.738,12.753333333333334,101.83333333333331,0.5266666666666667,0.4033333333333333,2.09,NA,0.12,253.63333333333333,165,275.46666666666664,8.07,37.89806,-90.64325666666666,274.8666666666667,978.9333333333334
112,2026-02-26,2026-02-26 11:23:21,10.530333333333331,5.735,12.746666666666666,101.8,0.5066666666666667,0.4133333333333334,2.04,NA,0.12,253.73333333333335,165,275.53333333333336,8.07,37.89806,-90.64326,275.43333333333334,978.9333333333334
112,2026-02-26,2026-02-26 11:23:24,10.684666666666669,5.736,12.743333333333334,101.73333333333332,0.5366666666666667,0.3933333333333333,2.0966666666666667,NA,0.12,253.76666666666668,165,275.6,8.07,37.89806,-90.64326,275.26666666666665,978.9333333333334
112,2026-02-26,2026-02-26 11:23:27,10.844666666666669,5.735333333333333,12.74,101.7,0.53,0.4066666666666667,2.0266666666666664,NA,0.12,253.53333333333333,165,275.6333333333333,8.066666666666666,37.89806,-90.64326,275.6333333333333,978.8888888888888
112,2026-02-26,2026-02-26 11:23:30,10.913333333333334,5.736666666666666,12.73,101.7,0.5233333333333333,0.4066666666666667,2.0166666666666666,NA,0.12,253.66666666666663,165,275.7,8.066666666666666,37.89806,-90.64326,276.06666666666666,978.9333333333334
112,2026-02-26,2026-02-26 11:23:33,10.993666666666666,5.736,12.736666666666666,101.7,0.5033333333333333,0.37666666666666665,2.1500000000000004,NA,0.12,253.73333333333332,165,275.73333333333335,8.06,37.89806,-90.64326,276.1666666666667,978.9333333333334
112,2026-02-26,2026-02-26 11:23:36,11.051333333333334,5.737,12.733333333333334,101.66666666666669,0.55,0.36,2.1433333333333335,NA,0.12,253.8,165,275.8,8.06,37.89806,-90.64326,275.73333333333335,978.9777777777778
112,2026-02-26,2026-02-26 11:23:39,11.18,5.737333333333334,12.726666666666668,101.66666666666669,0.5366666666666667,0.37666666666666665,1.9,NA,0.12,253.66666666666663,165,275.8666666666667,8.06,37.89806,-90.64326,275.56666666666666,978.9777777777778
112,2026-02-26,2026-02-26 11:23:42,11.268666666666666,5.738,12.72,101.6,0.55,0.37,2.09,NA,0.12,253.73333333333335,165,275.9,8.06,37.89806,-90.64326,275.5,978.9777777777778
112,2026-02-26,2026-02-26 11:23:45,11.339333333333332,5.7396666666666665,12.723333333333334,101.6,0.4766666666666667,0.32666666666666666,2.07,NA,0.12,253.8,165,275.9,8.06,37.89806,-90.64326,275.4,978.9333333333334
112,2026-02-26,2026-02-26 11:23:48,11.383666666666668,5.74,12.716666666666669,101.56666666666666,0.49,0.3433333333333333,1.9166666666666667,NA,0.12,253.53333333333333,165,276,8.06,37.89806,-90.64326,275.1666666666667,978.9777777777778
112,2026-02-26,2026-02-26 11:23:51,11.447,5.739,12.706666666666669,101.5,0.53,0.33666666666666667,2.05,NA,0.12,253.8,165,276.1,8.06,37.89806,-90.64326,274.76666666666665,978.9777777777778
112,2026-02-26,2026-02-26 11:23:54,11.507666666666667,5.738,12.7,101.46666666666668,0.5033333333333333,0.38,2.0966666666666667,NA,0.12,253.73333333333332,165,276.1666666666667,8.06,37.89806,-90.64326,274.46666666666664,978.9333333333334
112,2026-02-26,2026-02-26 11:23:57,11.555666666666667,5.739333333333334,12.696666666666664,101.4,0.5233333333333333,0.38666666666666666,2.15,NA,0.12,253.6,165,276.2,8.06,37.89806,-90.64326,274.56666666666666,978.9333333333334
112,2026-02-26,2026-02-26 11:24:00,11.617666666666668,5.740333333333333,12.69,101.4,0.48,0.3833333333333333,2.013333333333333,NA,0.12,253.66666666666663,165,276.23333333333335,8.06,37.89806,-90.64326,274.6,978.9777777777778
112,2026-02-26,2026-02-26 11:24:03,11.693,5.734333333333333,12.69,101.33333333333331,0.5133333333333333,0.35,1.9433333333333336,NA,0.12,253.9,165,276.3,8.06,37.89806,-90.64326666666666,274.73333333333335,978.8888888888888
112,2026-02-26,2026-02-26 11:24:06,11.777333333333331,5.734333333333334,12.69,101.33333333333331,0.49,0.3833333333333333,2.22,NA,0.12,253.6,165,276.3,8.06,37.89806,-90.64327,275.06666666666666,978.9333333333334
112,2026-02-26,2026-02-26 11:24:09,11.845,5.731333333333334,12.68,101.26666666666668,0.5433333333333333,0.3933333333333333,2.2,NA,0.12,253.86666666666667,165,276.4,8.06,37.89806,-90.64327333333334,275.1,978.9333333333334
112,2026-02-26,2026-02-26 11:24:12,11.951333333333332,5.73,12.676666666666666,101.2,0.6,0.4,2.12,NA,0.12,253.96666666666667,165,276.43333333333334,8.05,37.89806,-90.64328,275.3,978.9333333333334
112,2026-02-26,2026-02-26 11:24:15,12.013666666666667,5.730333333333333,12.67,101.16666666666669,0.5033333333333333,0.4066666666666667,2.04,NA,0.12,253.76666666666668,165,276.5,8.05,37.89806,-90.64328,275.3666666666667,978.8888888888888
112,2026-02-26,2026-02-26 11:24:18,12.139666666666669,5.725333333333333,12.666666666666666,101.13333333333333,0.5333333333333333,0.42,2.1233333333333335,NA,0.12,253.86666666666667,165,276.53333333333336,8.05,37.89806,-90.64328,275.4,978.9777777777778
112,2026-02-26,2026-02-26 11:24:21,12.236333333333334,5.724,12.66,101.1,0.49,0.44,2.1,NA,0.12,253.96666666666667,165,276.6,8.05,37.89806,-90.64328,275.43333333333334,978.9333333333334
112,2026-02-26,2026-02-26 11:24:24,12.367,5.7236666666666665,12.653333333333334,101,0.49666666666666665,0.43666666666666665,1.9933333333333336,NA,0.12,253.93333333333337,165,276.6,8.05,37.89806,-90.64328,275.26666666666665,979.0222222222222
112,2026-02-26,2026-02-26 11:24:27,12.463666666666668,5.722333333333333,12.65,100.96666666666668,0.51,0.46,1.9933333333333336,NA,0.12,254.03333333333333,165,276.7,8.05,37.89806,-90.64328,275.3666666666667,978.9777777777778
112,2026-02-26,2026-02-26 11:24:30,12.586,5.722333333333333,12.64,100.9,0.5533333333333333,0.45,2.0966666666666667,NA,0.12,253.86666666666667,165,276.76666666666665,8.05,37.89806,-90.64328,275.4,978.9333333333334
112,2026-02-26,2026-02-26 11:24:33,12.707666666666666,5.724,12.636666666666668,100.9,0.48,0.37,2.1433333333333335,NA,0.12,253.93333333333337,165,276.8,8.05,37.89806,-90.643283333333315,275.3333333333333,978.8888888888888
112,2026-02-26,2026-02-26 11:24:36,12.781333333333333,5.724,12.63,100.8,0.5166666666666667,0.43,2.1533333333333333,NA,0.12,253.93333333333337,165,276.8333333333333,8.05,37.89806,-90.64329,275.43333333333334,978.9333333333334
112,2026-02-26,2026-02-26 11:24:39,12.826333333333332,5.721666666666667,12.63,100.8,0.48333333333333334,0.37,2.33,NA,0.12,253.8,165,276.8666666666667,8.05,37.89806,-90.64329,275.3333333333333,978.9333333333334
112,2026-02-26,2026-02-26 11:24:42,12.927666666666669,5.719666666666667,12.626666666666669,100.8,0.4733333333333334,0.38333333333333336,2.103333333333333,NA,0.12,254,165,276.93333333333334,8.05,37.89806,-90.64329,275,978.9333333333334
112,2026-02-26,2026-02-26 11:24:45,13.073333333333332,5.715333333333334,12.62,100.7,0.5233333333333333,0.4,2.17,NA,0.12,253.93333333333337,165,277,8.05,37.89806,-90.64329,275.1,978.8444444444444
112,2026-02-26,2026-02-26 11:24:48,13.153333333333332,5.716666666666667,12.62,100.7,0.5366666666666667,0.37666666666666665,2.146666666666667,NA,0.12,253.86666666666667,165,277,8.05,37.89806,-90.64329,275.26666666666665,978.9777777777778
112,2026-02-26,2026-02-26 11:24:51,13.275,5.715333333333334,12.61,100.7,0.47,0.3466666666666667,2.1433333333333335,NA,0.12,253.8,165,277.03333333333336,8.05,37.89806,-90.64329,275.3333333333333,978.9777777777778
112,2026-02-26,2026-02-26 11:24:54,13.411333333333332,5.713666666666667,12.61,100.63333333333333,0.43666666666666665,0.32666666666666666,2.1799999999999997,NA,0.12,253.76666666666665,165,277.1,8.05,37.89806,-90.64329,275.3333333333333,978.9333333333334
112,2026-02-26,2026-02-26 11:24:57,13.488,5.716,12.606666666666666,100.63333333333333,0.5166666666666667,0.32333333333333336,2.42,NA,0.12,254.1,165,277.1333333333333,8.05,37.89807,-90.64329,275.3666666666667,978.9333333333334
112,2026-02-26,2026-02-26 11:25:00,13.548,5.718666666666667,12.596666666666666,100.56666666666666,0.5733333333333334,0.34,2.1,NA,0.12,253.9,165,277.2,8.05,37.89807,-90.64329,275.3333333333333,978.9333333333334
112,2026-02-26,2026-02-26 11:25:03,13.642,5.717333333333333,12.6,100.53333333333332,0.54,0.37,2.063333333333333,NA,0.12,253.96666666666667,165,277.23333333333335,8.05,37.898066666666665,-90.64329,275.1,978.9333333333334
112,2026-02-26,2026-02-26 11:25:06,13.753,5.716666666666667,12.596666666666666,100.5,0.54,0.37333333333333335,2.1366666666666667,NA,0.12,253.86666666666667,165,277.3,8.05,37.89806,-90.64329,275.03333333333336,978.9333333333334
112,2026-02-26,2026-02-26 11:25:09,13.823666666666666,5.714,12.593333333333334,100.5,0.5466666666666666,0.38,2.45,NA,0.12,253.93333333333337,165,277.3,8.05,37.89807,-90.64329,274.8,978.8888888888888
112,2026-02-26,2026-02-26 11:25:12,13.885,5.713333333333334,12.596666666666666,100.5,0.49333333333333335,0.3566666666666667,2.85,NA,0.12,253.86666666666667,165,277.3,8.05,37.89807,-90.64328666666668,274.53333333333336,978.9333333333334
112,2026-02-26,2026-02-26 11:25:15,13.967666666666666,5.714333333333333,12.59,100.5,0.53,0.39666666666666667,2.49,NA,0.12,253.83333333333337,165,277.4,8.05,37.89807,-90.64328,274.43333333333334,978.8888888888888
112,2026-02-26,2026-02-26 11:25:18,14.009,5.7156666666666665,12.59,100.5,0.5166666666666667,0.38,2.486666666666667,NA,0.12,253.76666666666668,165,277.4,8.05,37.89807,-90.64328,274.4,978.9777777777778
112,2026-02-26,2026-02-26 11:25:21,14.035,5.716666666666667,12.59,100.5,0.5133333333333333,0.41666666666666663,2.436666666666667,NA,0.12,253.6,165,277.46666666666664,8.05,37.89807,-90.64328,274.1666666666667,978.9333333333334
112,2026-02-26,2026-02-26 11:25:24,14.092666666666666,5.7156666666666665,12.59,100.5,0.5166666666666667,0.4766666666666667,2.203333333333333,NA,0.12,253.86666666666667,165,277.5,8.05,37.89807,-90.64328,273.8333333333333,978.8888888888888
112,2026-02-26,2026-02-26 11:25:27,14.204,5.711,12.59,100.5,0.6833333333333333,0.5733333333333334,2.3333333333333335,NA,0.12,253.93333333333337,165,277.6,8.05,37.89807,-90.64328,273.8,978.9333333333334
112,2026-02-26,2026-02-26 11:25:30,14.299,5.711666666666667,12.59,100.5,0.6766666666666666,0.8333333333333334,3.0533333333333332,NA,0.12,254.06666666666663,165,277.73333333333335,8.05,37.89806333333333,-90.64328,273.9,978.9777777777778
112,2026-02-26,2026-02-26 11:25:33,14.347,5.714666666666667,12.573333333333332,100.36666666666666,1.3966666666666667,1.1700000000000002,3.0433333333333334,NA,0.12,254.03333333333333,165,277.8,8.04,37.89806,-90.64327333333334,273.96666666666664,978.9333333333334
112,2026-03-12,2026-03-12 11:57:30,0.003,12.671333333333331,11.056666666666668,104.23333333333332,0.37,0.19,-5.193333333333333,NA,0.11,227.4,148,151.23333333333335,8.206666666666667,37.89811,-90.64211,274.4,993.4222222222222
112,2026-03-12,2026-03-12 11:57:33,0.047,12.677666666666669,10.983333333333334,103.53333333333332,0.37,0.14,-5.303333333333334,NA,0.11,227.36666666666667,148,151.6,8.2,37.898113333333335,-90.64211,274.3333333333333,993.4222222222222
112,2026-03-12,2026-03-12 11:57:36,0.135,12.683,10.906666666666666,102.86666666666666,0.42666666666666664,0.15333333333333335,-5.25,NA,0.11,227.36666666666667,148,152.03333333333333,8.2,37.89812,-90.64211,274.1,993.4222222222222
112,2026-03-12,2026-03-12 11:57:39,0.22033333333333335,12.695333333333334,10.84,102.23333333333332,0.45,0.18,-5.0633333333333335,NA,0.11,227.36666666666667,148,152.63333333333333,8.196666666666665,37.89812,-90.64211,273.7,993.4666666666668
112,2026-03-12,2026-03-12 11:57:42,0.32966666666666666,12.695666666666666,10.776666666666666,101.66666666666669,0.44,0.20333333333333337,-5.13,NA,0.11,227.4,148,153.16666666666666,8.19,37.89812,-90.64211,273.6333333333333,993.4222222222222
112,2026-03-12,2026-03-12 11:57:45,0.4136666666666666,12.688,10.726666666666668,101.16666666666666,0.45666666666666667,0.16333333333333333,-5.18,NA,0.11,227.53333333333333,148,153.66666666666666,8.19,37.89812,-90.64211,273.6666666666667,993.4666666666668
112,2026-03-12,2026-03-12 11:57:48,0.5226666666666667,12.678333333333333,10.68,100.7,0.42666666666666664,0.2066666666666667,-5.343333333333333,NA,0.11,227.43333333333337,148,154.13333333333333,8.19,37.89812,-90.64211,273.9,993.377777777778
112,2026-03-12,2026-03-12 11:57:51,0.6016666666666667,12.692333333333334,10.646666666666668,100.4,0.45666666666666667,0.18666666666666668,-5.096666666666667,NA,0.11,227.3,148,154.63333333333333,8.19,37.89812,-90.64211,273.76666666666665,993.3333333333334
112,2026-03-12,2026-03-12 11:57:54,0.7106666666666667,12.699,10.61,100.1,0.43333333333333335,0.16,-5,NA,0.11,227.36666666666667,148,155.06666666666666,8.19,37.89812666666667,-90.64211,273.73333333333335,993.4222222222222
112,2026-03-12,2026-03-12 11:57:57,0.831,12.676333333333334,10.583333333333334,99.73333333333332,0.4733333333333334,0.13333333333333333,-5.13,NA,0.11,227.5,148,155.56666666666666,8.19,37.89813,-90.64211,273.76666666666665,993.4222222222222
112,2026-03-12,2026-03-12 11:58:00,0.917,12.648,10.556666666666668,99.46666666666668,0.51,0.15,-5.06,NA,0.11,227.4,148,155.96666666666667,8.19,37.89813,-90.64211,273.56666666666666,993.4222222222222
112,2026-03-12,2026-03-12 11:58:03,0.985,12.603333333333332,10.54,99.2,0.5066666666666667,0.15666666666666668,-4.93,NA,0.11,227.76666666666665,148,156.46666666666667,8.19,37.89813,-90.64211,273.6666666666667,993.377777777778
112,2026-03-12,2026-03-12 11:58:06,1.0423333333333331,12.595,10.52,99,0.5466666666666667,0.24,-5.073333333333333,NA,0.11,227.86666666666667,148,156.8,8.19,37.898136666666666,-90.64211,273.46666666666664,993.4222222222222
112,2026-03-12,2026-03-12 11:58:09,1.1406666666666667,12.583333333333334,10.503333333333334,98.83333333333331,0.5666666666666667,0.23333333333333336,-5.413333333333333,NA,0.11,227.73333333333335,148,157.26666666666668,8.19,37.89814,-90.64211,273.3,993.377777777778
112,2026-03-12,2026-03-12 11:58:12,1.2426666666666666,12.542333333333334,10.5,98.7,0.6033333333333334,0.19,-5.203333333333333,NA,0.11,227.76666666666668,148,157.7,8.19,37.89814,-90.64211,273.23333333333335,993.3777777777776
112,2026-03-12,2026-03-12 11:58:15,1.312,12.549,10.486666666666666,98.6,0.6566666666666667,0.18666666666666668,-5.2700000000000005,NA,0.11,227.63333333333333,148,158.13333333333333,8.19,37.89814,-90.64211,273,993.2888888888888
112,2026-03-12,2026-03-12 11:58:18,1.4043333333333334,12.529333333333334,10.476666666666668,98.46666666666668,0.6533333333333333,0.15333333333333335,-5.16,NA,0.11,227.63333333333333,148,158.5,8.19,37.89814,-90.64211,272.96666666666664,993.3777777777776
112,2026-03-12,2026-03-12 11:58:21,1.5023333333333333,12.513333333333334,10.47,98.4,0.6433333333333333,0.19,-5.113333333333333,NA,0.11,227.56666666666663,148,158.9,8.19,37.89814,-90.64211,273.06666666666666,993.4666666666668
112,2026-03-12,2026-03-12 11:58:24,1.616,12.496,10.46,98.23333333333332,0.6633333333333333,0.22,-4.92,NA,0.11,227.56666666666663,148,159.3,8.19,37.89814,-90.64211,273.3,993.4222222222222
112,2026-03-12,2026-03-12 11:58:27,1.7053333333333334,12.485,10.46,98.2,0.7,0.22666666666666668,-5.116666666666667,NA,0.11,227.8,148,159.6,8.183333333333334,37.898136666666666,-90.64211,273.6333333333333,993.3333333333334
112,2026-03-12,2026-03-12 11:58:30,1.817,12.477,10.456666666666669,98.13333333333333,0.74,0.21333333333333332,-5.286666666666666,NA,0.11,227.7,148,160,8.18,37.89813,-90.64211,274.1,993.4222222222222
112,2026-03-12,2026-03-12 11:58:33,1.9163333333333332,12.473333333333334,10.456666666666669,98.13333333333333,0.7566666666666667,0.21333333333333335,-5.39,NA,0.11,227.7,148,160.26666666666665,8.183333333333334,37.89813,-90.64211,274.3666666666667,993.4222222222222
112,2026-03-12,2026-03-12 11:58:36,2.0116666666666667,12.471666666666668,10.45,98.1,0.73,0.21,-5.35,NA,0.11,227.63333333333333,148,160.66666666666666,8.18,37.89813,-90.64211,274.3,993.377777777778
112,2026-03-12,2026-03-12 11:58:39,2.106333333333333,12.446666666666667,10.45,98,0.75,0.18333333333333335,-5.183333333333334,NA,0.11,227.8,148,161.03333333333333,8.18,37.89812333333333,-90.64209,273.9,993.3333333333334
112,2026-03-12,2026-03-12 11:58:42,2.182,12.425333333333333,10.446666666666664,97.96666666666668,0.77,0.21333333333333335,-5.246666666666667,NA,0.11,227.93333333333337,148,161.36666666666667,8.18,37.89812,-90.64207333333334,274.06666666666666,993.2888888888888
112,2026-03-12,2026-03-12 11:58:45,2.2403333333333335,12.420666666666667,10.44,97.9,0.7966666666666666,0.22333333333333333,-5.116666666666666,NA,0.11,227.76666666666668,148,161.6,8.18,37.89812666666667,-90.64209666666667,273.4,993.377777777778
112,2026-03-12,2026-03-12 11:58:48,2.3113333333333332,12.418666666666669,10.436666666666666,97.8,0.7633333333333333,0.2066666666666667,-4.876666666666667,NA,0.11,227.73333333333332,148,161.9,8.18,37.89813,-90.64211,272.6,993.3333333333334
112,2026-03-12,2026-03-12 11:58:51,2.373666666666667,12.401333333333334,10.433333333333334,97.8,0.7966666666666667,0.19333333333333333,-4.993333333333333,NA,0.11,227.8,148,162.23333333333335,8.18,37.89813,-90.64211,272.4,993.4222222222222
112,2026-03-12,2026-03-12 11:58:54,2.455333333333334,12.407333333333334,10.43,97.7,0.77,0.16333333333333333,-5.273333333333333,NA,0.11,227.83333333333337,148,162.5,8.18,37.89813,-90.64211,272,993.377777777778
112,2026-03-12,2026-03-12 11:58:57,2.5503333333333336,12.400333333333334,10.423333333333334,97.63333333333333,0.7466666666666667,0.21666666666666667,-5.266666666666667,NA,0.11,228,148,162.8,8.18,37.89812666666667,-90.64210666666666,271.8,993.377777777778
112,2026-03-12,2026-03-12 11:59:00,2.574333333333333,12.395666666666669,10.413333333333334,97.56666666666666,0.7633333333333333,0.21333333333333335,-5.19,NA,0.11,227.8,148,163.2,8.18,37.89812,-90.64209333333334,271.6666666666667,993.4222222222222
112,2026-03-12,2026-03-12 11:59:03,2.615,12.324333333333334,10.42,97.46666666666668,0.75,0.18,-5.156666666666666,NA,0.11,228,148,163.43333333333334,8.18,37.89812,-90.64209666666666,271.4,993.377777777778
112,2026-03-12,2026-03-12 11:59:06,2.661666666666666,12.328666666666669,10.42,97.43333333333334,0.7833333333333333,0.23333333333333336,-5.11,NA,0.11,227.86666666666667,148,163.73333333333332,8.18,37.89812,-90.64209333333334,271.23333333333335,993.4222222222222
112,2026-03-12,2026-03-12 11:59:09,2.6943333333333332,12.314666666666668,10.41,97.36666666666667,0.7666666666666667,0.24,-5.05,NA,0.11,228.03333333333333,148,164,8.18,37.89812,-90.64209666666666,271.3333333333333,993.377777777778
112,2026-03-12,2026-03-12 11:59:12,2.8023333333333333,12.293,10.413333333333334,97.3,0.8,0.19666666666666663,-5.173333333333333,NA,0.11,227.86666666666667,148,164.3,8.18,37.89812,-90.64209333333334,271.56666666666666,993.3333333333334
112,2026-03-12,2026-03-12 11:59:15,2.8646666666666665,12.288,10.41,97.3,0.8466666666666667,0.26,-5.2299999999999995,NA,0.11,227.86666666666667,148,164.5,8.18,37.898113333333335,-90.64209,271.5333333333333,993.4666666666668
112,2026-03-12,2026-03-12 11:59:18,2.941,12.285333333333334,10.406666666666666,97.23333333333332,0.8133333333333334,0.24333333333333337,-5.413333333333333,NA,0.11,228.13333333333333,148,164.8,8.18,37.89811,-90.64209,271.3,993.4666666666668
112,2026-03-12,2026-03-12 11:59:21,3.0309999999999997,12.277333333333331,10.41,97.26666666666668,0.8099999999999999,0.2,-5.576666666666666,NA,0.11,227.96666666666667,148,165.06666666666666,8.18,37.89811,-90.64209,271.46666666666664,993.4222222222222
112,2026-03-12,2026-03-12 11:59:24,3.0833333333333335,12.275,10.41,97.26666666666668,0.89,0.22333333333333333,-5.543333333333333,NA,0.11,227.9,148,165.36666666666667,8.18,37.89811,-90.64209666666666,271.73333333333335,993.377777777778
112,2026-03-12,2026-03-12 11:59:27,3.1416666666666666,12.273333333333332,10.403333333333334,97.2,0.84,0.2066666666666667,-5.3966666666666665,NA,0.11,227.73333333333332,148,165.6,8.18,37.89811,-90.6421,271.7,993.4666666666668
112,2026-03-12,2026-03-12 11:59:30,3.1966666666666668,12.272333333333334,10.41,97.23333333333332,0.8,0.19666666666666663,-5.32,NA,0.11,227.83333333333337,148,165.86666666666667,8.18,37.89811,-90.64210333333334,271.56666666666666,993.4666666666668
112,2026-03-12,2026-03-12 11:59:33,3.246,12.276333333333334,10.4,97.2,0.8066666666666668,0.18666666666666668,-5.266666666666667,NA,0.11,227.7,148,166.1,8.18,37.89811666666667,-90.64211,271.3,993.4222222222222
112,2026-03-12,2026-03-12 11:59:36,3.312,12.273333333333332,10.4,97.13333333333333,0.8366666666666667,0.18333333333333335,-4.87,NA,0.11,227.83333333333337,148,166.36666666666667,8.18,37.89812,-90.64211,271,993.377777777778
112,2026-03-12,2026-03-12 11:59:39,3.3713333333333333,12.271666666666668,10.396666666666668,97.16666666666669,0.8200000000000001,0.22333333333333333,-5.046666666666667,NA,0.11,228.03333333333333,148,166.63333333333333,8.18,37.89812,-90.64211,271.23333333333335,993.4222222222222
112,2026-03-12,2026-03-12 11:59:42,3.438,12.269666666666666,10.396666666666668,97.1,0.79,0.26333333333333336,-5.066666666666666,NA,0.11,227.9,148,166.86666666666667,8.18,37.89812333333333,-90.64211,271.26666666666665,993.4222222222222
112,2026-03-12,2026-03-12 11:59:45,3.517333333333333,12.253666666666668,10.39,97.06666666666666,0.7866666666666667,0.22333333333333333,-5.1,NA,0.11,227.96666666666667,148,167.1,8.18,37.89813,-90.64211,271.26666666666665,993.4666666666668
112,2026-03-12,2026-03-12 11:59:48,3.578333333333333,12.213333333333331,10.366666666666667,96.73333333333332,0.82,0.18333333333333332,-4.666666666666667,NA,0.11,228.03333333333333,148,167.4,8.18,37.89813,-90.64211,271.6,993.4666666666668
112,2026-03-12,2026-03-12 11:59:51,3.666,11.949666666666667,10.263333333333334,95.46666666666668,0.6433333333333333,0.19333333333333333,-5.09,NA,0.11,229.36666666666667,149,167.73333333333332,8.18,37.898136666666666,-90.64211,271.4,993.4222222222222
112,2026-03-12,2026-03-12 11:59:54,3.759333333333333,10.604666666666668,10.543333333333331,95.33333333333334,0.46,0.18000000000000002,-5.37,NA,0.11,237.6,154.33333333333334,169.20000000000002,8.16,37.89814,-90.64211,271.43333333333334,993.4222222222222
112,2026-03-12,2026-03-12 11:59:57,3.821333333333333,10.025,10.596666666666668,94,0.5133333333333333,0.11666666666666668,-6.03,NA,0.11666666666666668,240.73333333333335,156.66666666666666,170.06666666666666,8.133333333333335,37.89814,-90.64211,271.6333333333333,993.4666666666668
112,2026-03-12,2026-03-12 12:00:00,3.892333333333333,9.517333333333331,10.54,92.56666666666666,0.4166666666666667,0.12333333333333334,-6.903333333333333,NA,0.12,244.26666666666668,158.66666666666666,170.63333333333333,8.14,37.89814,-90.64211,271.8666666666667,993.4222222222222
112,2026-03-12,2026-03-12 12:00:03,3.966666666666667,9.25,10.593333333333334,92.3,0.4066666666666667,0.14333333333333334,-6.94,NA,0.12,246.16666666666669,160,170.8,8.15,37.89814,-90.64211,272.1,993.4222222222222
112,2026-03-12,2026-03-12 12:00:06,4.025333333333333,8.999666666666666,10.64,92.16666666666666,0.41,0.12666666666666668,-6.47,NA,0.12,246.7,160.33333333333334,170.8,8.16,37.89814,-90.64211,272.8666666666667,993.4222222222222
112,2026-03-12,2026-03-12 12:00:09,4.084,8.880333333333335,10.716666666666669,92.5,0.45,0.09,-6.7,NA,0.12,247.1,160.66666666666666,170.9,8.166666666666666,37.89814333333333,-90.64211,273.1666666666667,993.4666666666668
112,2026-03-12,2026-03-12 12:00:12,4.162333333333334,8.760333333333334,10.773333333333332,92.76666666666668,0.4733333333333334,0.14,-6.6033333333333335,NA,0.12,246.8,160.33333333333334,170.96666666666667,8.176666666666666,37.89815,-90.64211,272.8666666666667,993.4666666666668
112,2026-03-12,2026-03-12 12:00:15,4.256333333333333,8.687000000000001,10.806666666666668,92.9,0.3933333333333333,0.1,-6.73,NA,0.12,247.26666666666668,161,171.13333333333333,8.186666666666666,37.89815,-90.64211,273,993.4666666666668
112,2026-03-12,2026-03-12 12:00:18,4.358666666666667,8.550333333333334,10.88,93.16666666666669,0.32,0.11666666666666668,-6.786666666666667,NA,0.12,247.6,161,171.36666666666667,8.19,37.89814666666667,-90.64210666666666,273.6,993.4222222222222
112,2026-03-12,2026-03-12 12:00:21,4.4126666666666665,8.534,10.896666666666668,93.26666666666668,0.27666666666666667,0.16,-6.663333333333333,NA,0.12,247.33333333333337,161,171.6,8.19,37.89814666666667,-90.6421,274.6333333333333,993.4666666666668
112,2026-03-12,2026-03-12 12:00:24,4.495333333333334,8.371333333333334,10.96,93.53333333333332,0.36,0.11,-6.756666666666667,NA,0.12,247.9,161.33333333333334,171.86666666666667,8.19,37.89815,-90.6421,274.76666666666665,993.377777777778
112,2026-03-12,2026-03-12 12:00:27,4.583,8.278,11.013333333333334,93.7,0.33666666666666667,0.15333333333333332,-6.846666666666667,NA,0.12,248.73333333333332,162,172.1,8.196666666666665,37.898156666666665,-90.6421,274.3666666666667,993.377777777778
112,2026-03-12,2026-03-12 12:00:30,4.6706666666666665,7.971666666666667,11.093333333333334,93.73333333333332,0.29,0.14333333333333334,-6.773333333333333,NA,0.12,250.63333333333333,163,172.3,8.2,37.89816,-90.6421,273.73333333333335,993.4666666666668
112,2026-03-12,2026-03-12 12:00:33,4.738,7.886666666666667,11.143333333333334,93.9,0.31333333333333335,0.07666666666666667,-6.706666666666667,NA,0.12,250.73333333333332,163,172.6,8.2,37.89816,-90.6421,273.46666666666664,993.4666666666668
112,2026-03-12,2026-03-12 12:00:36,4.803,7.816333333333334,11.163333333333334,93.9,0.25,0.12666666666666668,-6.773333333333333,NA,0.12,250.26666666666668,163,172.86666666666667,8.193333333333333,37.89816,-90.6421,273.26666666666665,993.4222222222222
112,2026-03-12,2026-03-12 12:00:39,4.872333333333334,7.806,11.173333333333334,93.96666666666668,0.3333333333333333,0.16666666666666669,-6.7,NA,0.12,250,162.66666666666666,173,8.18,37.89816,-90.6421,273.26666666666665,993.4666666666668
112,2026-03-12,2026-03-12 12:00:42,4.9350000000000005,7.815,11.143333333333334,93.73333333333332,0.2866666666666667,0.12666666666666668,-6.706666666666667,NA,0.12,250.03333333333333,162.66666666666666,173.13333333333333,8.18,37.898156666666665,-90.64209333333334,273.53333333333336,993.4666666666668
112,2026-03-12,2026-03-12 12:00:45,4.994666666666666,7.785666666666667,11.13,93.56666666666666,0.37333333333333335,0.15333333333333335,-6.61,NA,0.12,250.13333333333333,163,173.26666666666665,8.18,37.89814333333333,-90.64207666666668,273.2,993.4222222222222
112,2026-03-12,2026-03-12 12:00:48,5.107,7.714,11.126666666666669,93.4,0.32666666666666666,0.13666666666666666,-6.653333333333333,NA,0.12,250.1,162.66666666666666,173.53333333333333,8.173333333333334,37.89814666666667,-90.64207,273.43333333333334,993.4222222222222
112,2026-03-12,2026-03-12 12:00:51,5.176666666666667,7.629,11.143333333333334,93.3,0.2866666666666667,0.14333333333333334,-6.6866666666666665,NA,0.12,250.23333333333332,163,173.76666666666668,8.17,37.89814666666667,-90.64207,273.3,993.4666666666668
112,2026-03-12,2026-03-12 12:00:54,5.289666666666667,7.565333333333333,11.16,93.3,0.37666666666666665,0.13666666666666666,-6.67,NA,0.12,250.06666666666663,162.66666666666666,173.93333333333334,8.173333333333334,37.89815333333333,-90.64207666666668,273.8,993.4666666666668
112,2026-03-12,2026-03-12 12:00:57,5.414666666666666,7.5393333333333326,11.16,93.23333333333332,0.2833333333333333,0.15,-6.66,NA,0.12,250.1,162.66666666666666,174.16666666666666,8.18,37.89816,-90.64208333333332,274.1333333333333,993.4666666666668
112,2026-03-12,2026-03-12 12:01:00,5.510666666666666,7.506,11.176666666666666,93.3,0.29333333333333333,0.12333333333333334,-6.696666666666666,NA,0.12,250.4,163,174.33333333333334,8.18,37.89816,-90.64209333333334,273.76666666666665,993.4222222222222
112,2026-03-12,2026-03-12 12:01:03,5.568666666666666,7.475,11.18,93.3,0.30666666666666664,0.11333333333333331,-6.71,NA,0.12,250.83333333333337,163,174.4,8.186666666666666,37.89816,-90.6421,273.3,993.4666666666668
112,2026-03-12,2026-03-12 12:01:06,5.644666666666667,7.438333333333333,11.196666666666667,93.33333333333331,0.31333333333333335,0.10666666666666667,-6.71,NA,0.12,251.1,163,174.53333333333333,8.19,37.89815333333333,-90.6421,272.6,993.4222222222222
112,2026-03-12,2026-03-12 12:01:09,5.727333333333333,7.352333333333333,11.233333333333334,93.43333333333334,0.30666666666666664,0.13,-6.68,NA,0.12,251.3,163,174.7,8.19,37.898156666666665,-90.6421,272.6,993.4666666666668
112,2026-03-12,2026-03-12 12:01:12,5.782333333333333,7.379666666666667,11.223333333333334,93.4,0.32333333333333336,0.13,-6.783333333333333,NA,0.12,250.33333333333337,163,174.76666666666668,8.203333333333333,37.89816,-90.6421,272.3666666666667,993.4666666666668
112,2026-03-12,2026-03-12 12:01:15,5.8453333333333335,7.329666666666667,11.256666666666666,93.6,0.27666666666666667,0.07,-6.696666666666666,NA,0.12,250.7,163,174.83333333333334,8.21,37.89816,-90.64210666666666,271.9,993.4222222222222
112,2026-03-12,2026-03-12 12:01:18,5.906666666666666,7.313333333333333,11.293333333333331,93.83333333333334,0.31666666666666665,0.12333333333333334,-6.71,NA,0.12,250.73333333333335,163,174.9,8.22,37.89816,-90.64211,271.73333333333335,993.377777777778
112,2026-03-12,2026-03-12 12:01:21,5.957333333333334,7.306666666666667,11.33,94.13333333333333,0.24333333333333337,0.14666666666666667,-6.59,NA,0.12,250.76666666666668,163,175,8.223333333333334,37.89816,-90.64211333333334,272.56666666666666,993.3777777777776
112,2026-03-12,2026-03-12 12:01:24,5.995,7.244333333333333,11.356666666666666,94.2,0.27666666666666667,0.10666666666666666,-6.74,NA,0.12,250.96666666666667,163,175.13333333333333,8.226666666666667,37.89816,-90.64212,273.4,993.4222222222222
112,2026-03-12,2026-03-12 12:01:27,6.076,7.187666666666667,11.383333333333336,94.33333333333331,0.24666666666666667,0.14,-6.583333333333333,NA,0.12,250.96666666666667,163,175.26666666666668,8.226666666666667,37.89816,-90.64212,273.8333333333333,993.377777777778
112,2026-03-12,2026-03-12 12:01:30,6.192,7.166333333333333,11.4,94.4,0.27,0.16666666666666669,-6.583333333333333,NA,0.12,250.93333333333337,163,175.56666666666666,8.22,37.89816333333333,-90.64211333333334,273.3666666666667,993.4222222222222
112,2026-03-12,2026-03-12 12:01:33,6.299333333333333,7.130333333333334,11.406666666666666,94.4,0.27666666666666667,0.13666666666666666,-6.536666666666666,NA,0.12,250.9,163,175.7,8.21,37.89816333333333,-90.64211,273.4,993.4222222222222
112,2026-03-12,2026-03-12 12:01:36,6.369,7.1146666666666665,11.426666666666666,94.46666666666668,0.28,0.12666666666666668,-6.816666666666666,NA,0.12,250.8,163,175.83333333333334,8.21,37.89816,-90.64211,273.5,993.4666666666668
112,2026-03-12,2026-03-12 12:01:39,6.412333333333334,7.020333333333333,11.433333333333334,94.3,0.25,0.11666666666666668,-6.62,NA,0.12,251.26666666666668,163,176,8.21,37.89816666666667,-90.64211,273.43333333333334,993.4222222222222
112,2026-03-12,2026-03-12 12:01:42,6.511,6.992333333333334,11.446666666666664,94.3,0.27666666666666667,0.1,-6.6066666666666665,NA,0.12,251.26666666666668,163,176.13333333333333,8.21,37.89817,-90.64211,273.9,993.4222222222222
112,2026-03-12,2026-03-12 12:01:45,6.589666666666667,6.9703333333333335,11.443333333333332,94.26666666666668,0.3,0.15333333333333335,-6.55,NA,0.12,251.13333333333333,163,176.26666666666668,8.21,37.89817,-90.64211,274.5,993.377777777778
112,2026-03-12,2026-03-12 12:01:48,6.678333333333334,6.945,11.453333333333331,94.3,0.24666666666666667,0.14666666666666667,-6.613333333333333,NA,0.12,251.06666666666663,163,176.36666666666667,8.21,37.89817,-90.64211,274.7,993.4222222222222
112,2026-03-12,2026-03-12 12:01:51,6.7620000000000005,6.920333333333333,11.47,94.36666666666667,0.24666666666666667,0.17333333333333334,-6.716666666666667,NA,0.12,251.16666666666663,163,176.53333333333333,8.21,37.89816333333333,-90.64211,274.56666666666666,993.377777777778
112,2026-03-12,2026-03-12 12:01:54,6.841666666666667,6.8806666666666665,11.486666666666666,94.4,0.24,0.16,-6.75,NA,0.12,251.2,163,176.66666666666666,8.206666666666667,37.89816,-90.64211,274.4666666666667,993.377777777778
112,2026-03-12,2026-03-12 12:01:57,6.904,6.8646666666666665,11.486666666666666,94.36666666666667,0.24333333333333337,0.16333333333333333,-6.576666666666666,NA,0.12,251.1,163,176.83333333333334,8.2,37.89816,-90.64211666666668,275.23333333333335,993.4666666666668
112,2026-03-12,2026-03-12 12:02:00,6.9526666666666666,6.870666666666667,11.48,94.3,0.24,0.21,-6.453333333333333,NA,0.12,251.23333333333335,163,176.96666666666667,8.2,37.89816,-90.64211333333334,275.76666666666665,993.4222222222222
112,2026-03-12,2026-03-12 12:02:03,7.008333333333334,6.855,11.473333333333334,94.26666666666668,0.2966666666666667,0.17333333333333334,-6.303333333333334,NA,0.12,251.5,163.66666666666666,177.06666666666666,8.2,37.89816,-90.64211,276.4,993.377777777778
112,2026-03-12,2026-03-12 12:02:06,7.045,6.831,11.486666666666666,94.26666666666668,0.2066666666666667,0.17666666666666667,-6.41,NA,0.12,251.66666666666663,164,177.1,8.2,37.89816,-90.64211,277.06666666666666,993.4222222222222
112,2026-03-12,2026-03-12 12:02:09,7.088666666666667,6.84,11.47,94.2,0.23,0.17333333333333334,-6.456666666666666,NA,0.12,251.3,163.33333333333334,177.2,8.2,37.89816,-90.64211,277.03333333333336,993.377777777778
112,2026-03-12,2026-03-12 12:02:12,7.184333333333333,6.8133333333333335,11.47,94.1,0.3,0.17333333333333334,-6.656666666666667,NA,0.12,251.16666666666663,163,177.33333333333334,8.2,37.89816,-90.64211,276.6666666666667,993.377777777778
112,2026-03-12,2026-03-12 12:02:15,7.291,6.791,11.476666666666668,94.1,0.2966666666666667,0.13333333333333333,-6.6466666666666665,NA,0.12,251.46666666666667,163.33333333333334,177.46666666666667,8.2,37.89816,-90.64211,276.8,993.4222222222222
112,2026-03-12,2026-03-12 12:02:18,7.357333333333334,6.7860000000000005,11.463333333333336,94.03333333333332,0.28,0.12666666666666668,-6.626666666666667,NA,0.12,251.26666666666665,163.33333333333334,177.63333333333333,8.196666666666665,37.89816,-90.64210666666666,276.73333333333335,993.3333333333334
112,2026-03-12,2026-03-12 12:02:21,7.440333333333333,6.774,11.46,93.9,0.24666666666666667,0.14666666666666667,-6.536666666666666,NA,0.12,251.3,163,177.73333333333332,8.19,37.89816,-90.64211,276.3666666666667,993.377777777778
112,2026-03-12,2026-03-12 12:02:24,7.501,6.765,11.443333333333332,93.83333333333331,0.21,0.11666666666666668,-6.636666666666667,NA,0.12,251.46666666666667,163.33333333333334,177.83333333333334,8.19,37.89816,-90.64210666666666,276.1666666666667,993.4222222222222
112,2026-03-12,2026-03-12 12:02:27,7.604333333333334,6.726333333333334,11.446666666666664,93.73333333333332,0.22333333333333333,0.12,-6.743333333333333,NA,0.12,251.53333333333333,163.66666666666666,177.96666666666667,8.19,37.89816,-90.64210333333334,276.03333333333336,993.3333333333334
112,2026-03-12,2026-03-12 12:02:30,7.710333333333334,6.712,11.433333333333334,93.6,0.2066666666666667,0.13333333333333333,-6.736666666666666,NA,0.12,251.26666666666668,163,178.06666666666666,8.19,37.89816,-90.6421,275.93333333333334,993.377777777778
112,2026-03-12,2026-03-12 12:02:33,7.787,6.693333333333333,11.436666666666666,93.56666666666666,0.23333333333333336,0.13333333333333333,-6.743333333333333,NA,0.12,251.33333333333337,163,178.16666666666666,8.19,37.89815333333333,-90.6421,276.03333333333336,993.4222222222222
112,2026-03-12,2026-03-12 12:02:36,7.808666666666666,6.6866666666666665,11.426666666666666,93.53333333333332,0.19666666666666663,0.14,-6.573333333333333,NA,0.12,251.13333333333333,163,178.3,8.19,37.89815,-90.6421,276.4,993.377777777778
112,2026-03-12,2026-03-12 12:02:39,7.951,6.622666666666667,11.45,93.5,0.2633333333333333,0.14666666666666667,-6.57,NA,0.12,251.33333333333337,163,178.4,8.18,37.89815,-90.64209666666666,276.93333333333334,993.2888888888888
112,2026-03-12,2026-03-12 12:02:42,7.997333333333334,6.632333333333333,11.45,93.5,0.19666666666666668,0.15333333333333332,-6.640000000000001,NA,0.12,251.53333333333333,163.33333333333334,178.5,8.18,37.89815,-90.64209666666666,277.23333333333335,993.4222222222222
112,2026-03-12,2026-03-12 12:02:45,8.057,6.618666666666666,11.436666666666666,93.43333333333334,0.23333333333333336,0.17333333333333334,-6.61,NA,0.12,251.66666666666663,164,178.63333333333333,8.18,37.89815,-90.6421,276.9,993.3333333333334
112,2026-03-12,2026-03-12 12:02:48,8.105,6.608666666666667,11.44,93.4,0.22,0.11666666666666668,-6.6866666666666665,NA,0.12,251.36666666666667,163,178.76666666666668,8.18,37.89815,-90.64209333333334,276.56666666666666,993.3333333333334
112,2026-03-12,2026-03-12 12:02:51,8.178666666666667,6.609666666666667,11.433333333333334,93.33333333333331,0.23666666666666664,0.14,-6.61,NA,0.12,251.6,163.66666666666666,178.93333333333334,8.173333333333334,37.89815,-90.64209,276.3333333333333,993.3333333333334
112,2026-03-12,2026-03-12 12:02:54,8.231,6.602333333333333,11.43,93.3,0.24,0.12333333333333334,-6.56,NA,0.12,251.53333333333333,163.33333333333334,179.03333333333333,8.17,37.89815,-90.64209,275.8666666666667,993.2888888888888
112,2026-03-12,2026-03-12 12:02:57,8.343,6.572,11.436666666666666,93.26666666666668,0.24,0.15,-6.533333333333333,NA,0.12,251.6,163.66666666666666,179.16666666666666,8.17,37.89815,-90.64209,275.53333333333336,993.3333333333334
112,2026-03-12,2026-03-12 12:03:00,8.425666666666666,6.567333333333333,11.423333333333334,93.16666666666669,0.23666666666666664,0.12333333333333334,-6.583333333333334,NA,0.12,251.36666666666667,163,179.23333333333332,8.17,37.89815,-90.64209,275.4,993.3333333333334
112,2026-03-12,2026-03-12 12:03:03,8.523666666666667,6.568666666666667,11.416666666666666,93.1,0.23666666666666664,0.11666666666666668,-6.6499999999999995,NA,0.12,251.5,163,179.3,8.17,37.89815333333333,-90.64209,275.06666666666666,993.377777777778
112,2026-03-12,2026-03-12 12:03:06,8.622333333333334,6.5423333333333336,11.413333333333334,93,0.22333333333333333,0.15666666666666668,-6.703333333333333,NA,0.12,251.5,163.33333333333334,179.36666666666667,8.17,37.89816,-90.64209,274.8666666666667,993.3333333333334
112,2026-03-12,2026-03-12 12:03:09,8.732333333333333,6.534666666666666,11.41,93,0.19666666666666668,0.15,-6.54,NA,0.12,251.53333333333333,163.33333333333334,179.53333333333333,8.17,37.89816,-90.64209,274.9,993.2888888888888
112,2026-03-12,2026-03-12 12:03:12,8.82,6.524666666666667,11.4,92.9,0.23666666666666664,0.13,-6.653333333333333,NA,0.12,251.53333333333333,163.33333333333334,179.63333333333333,8.163333333333334,37.89816,-90.64209,274.9,993.2888888888888
112,2026-03-12,2026-03-12 12:03:15,8.923,6.514666666666667,11.396666666666668,92.83333333333331,0.22666666666666668,0.17666666666666667,-6.763333333333334,NA,0.12,251.73333333333335,164,179.7,8.16,37.89816,-90.64209,274.3666666666667,993.2888888888888
112,2026-03-12,2026-03-12 12:03:18,8.977333333333334,6.507,11.383333333333336,92.73333333333332,0.22,0.13333333333333333,-6.526666666666666,NA,0.12,251.43333333333337,163,179.86666666666667,8.16,37.89816666666667,-90.64209666666666,273.93333333333334,993.2888888888888
112,2026-03-12,2026-03-12 12:03:21,9.000333333333334,6.506666666666667,11.37,92.56666666666666,0.26666666666666666,0.17666666666666667,-6.62,NA,0.12,251.66666666666663,163.66666666666666,179.9,8.156666666666666,37.89817,-90.6421,273.7,993.2888888888888
112,2026-03-12,2026-03-12 12:03:24,9.060333333333332,6.499333333333333,11.36,92.46666666666668,0.2066666666666667,0.16,-6.556666666666667,NA,0.12,251.9,164,180.03333333333333,8.15,37.89817,-90.64210666666666,273.46666666666664,993.3333333333334
112,2026-03-12,2026-03-12 12:03:27,9.139666666666669,6.498666666666667,11.346666666666666,92.36666666666667,0.25333333333333335,0.19666666666666668,-6.59,NA,0.12,251.53333333333333,163.33333333333334,180.16666666666663,8.15,37.89817,-90.64211,273.43333333333334,993.2
112,2026-03-12,2026-03-12 12:03:30,9.256333333333334,6.495666666666667,11.33,92.23333333333332,0.23333333333333336,0.16333333333333333,-6.386666666666667,NA,0.12,251.5,163.33333333333334,180.26666666666668,8.15,37.89817,-90.64211,273.56666666666666,993.2
112,2026-03-12,2026-03-12 12:03:33,9.354,6.489,11.33,92.2,0.20333333333333337,0.19,-6.609999999999999,NA,0.12,251.7,164,180.4,8.15,37.89817,-90.64211,273.7,993.3333333333334
112,2026-03-12,2026-03-12 12:03:36,9.419666666666666,6.486666666666666,11.33,92.2,0.21,0.17666666666666667,-6.4799999999999995,NA,0.12,251.46666666666667,163.33333333333334,180.43333333333337,8.15,37.89817666666667,-90.64211,273.6,993.2444444444444
112,2026-03-12,2026-03-12 12:03:39,9.486333333333334,6.4816666666666665,11.32,92.1,0.22666666666666668,0.09666666666666666,-6.61,NA,0.12,251.3,163,180.53333333333333,8.15,37.89818,-90.64211,273.53333333333336,993.1111111111112
112,2026-03-12,2026-03-12 12:03:42,9.541666666666666,6.475333333333333,11.31,92.03333333333332,0.25,0.12666666666666665,-6.616666666666666,NA,0.12,251.6,163.66666666666666,180.63333333333333,8.15,37.89818,-90.64211,273.6666666666667,993.2888888888888
112,2026-03-12,2026-03-12 12:03:45,9.568,6.4656666666666665,11.306666666666668,92,0.25333333333333335,0.15,-6.573333333333333,NA,0.12,251.76666666666665,164,180.76666666666668,8.143333333333334,37.89818,-90.64211333333334,273.6333333333333,993.2
112,2026-03-12,2026-03-12 12:03:48,9.646333333333336,6.4623333333333335,11.293333333333331,91.83333333333331,0.2866666666666667,0.14333333333333334,-6.58,NA,0.12,251.7,164,180.8,8.14,37.89818,-90.64212,273.4,993.1555555555556
112,2026-03-12,2026-03-12 12:03:51,9.717666666666666,6.4576666666666664,11.273333333333332,91.66666666666669,0.2633333333333333,0.19333333333333333,-6.736666666666666,NA,0.12,251.8,164,180.9,8.14,37.89818,-90.64212,273.3,993.1111111111112
112,2026-03-12,2026-03-12 12:04:00,9.784666666666666,6.453333333333333,11.24,91.4,0.27,0.22,-6.6,NA,0.12,251.83333333333337,164,181.16666666666663,8.13,37.89818,-90.64213,272.8333333333333,993.0666666666666
112,2026-03-12,2026-03-12 12:04:03,9.835,6.45,11.24,91.4,0.29333333333333333,0.20333333333333337,-6.653333333333333,NA,0.12,251.9,164,181.26666666666668,8.13,37.89818,-90.64213,273.1333333333333,993.2
112,2026-03-12,2026-03-12 12:04:09,9.895666666666669,6.450666666666667,11.23,91.3,0.24,0.14333333333333334,-6.5200000000000005,NA,0.12,251.66666666666663,163.66666666666666,181.4,8.13,37.89818666666667,-90.64213,273.93333333333334,993.2
112,2026-03-12,2026-03-12 12:04:12,9.946333333333332,6.446666666666666,11.22,91.23333333333332,0.2566666666666667,0.18,-6.643333333333333,NA,0.12,251.36666666666667,163,181.5,8.13,37.898183333333336,-90.64213,274.23333333333335,993.1111111111112
112,2026-03-12,2026-03-12 12:04:15,10.009333333333334,6.441333333333334,11.22,91.2,0.18,0.13333333333333333,-6.596666666666667,NA,0.12,251.66666666666663,164,181.6,8.13,37.89818666666667,-90.64213333333332,274.56666666666666,993.1555555555556
112,2026-03-12,2026-03-12 12:04:18,10.119666666666667,6.441,11.216666666666669,91.2,0.20333333333333337,0.17,-6.546666666666667,NA,0.12,251.7,164,181.66666666666663,8.13,37.89818666666667,-90.64214,274.3666666666667,993.0666666666666
112,2026-03-12,2026-03-12 12:04:21,10.166,6.437666666666667,11.216666666666669,91.2,0.2866666666666666,0.18333333333333332,-6.626666666666667,NA,0.12,251.73333333333332,164,181.8,8.13,37.89819,-90.64214,274.73333333333335,993.1111111111112
112,2026-03-12,2026-03-12 12:04:24,10.216666666666669,6.432333333333333,11.21,91.1,0.2633333333333333,0.17,-6.566666666666666,NA,0.12,251.9,164,181.86666666666667,8.13,37.89819,-90.64214,274.56666666666666,993.2
112,2026-03-12,2026-03-12 12:04:30,10.273333333333332,6.427666666666666,11.206666666666669,91.06666666666666,0.23,0.18666666666666668,-6.526666666666666,NA,0.12,251.7,164,182.06666666666663,8.13,37.89819,-90.64214,274.4,993.1111111111112
112,2026-03-12,2026-03-12 12:04:33,10.352666666666666,6.425666666666666,11.2,91,0.27,0.18,-6.626666666666667,NA,0.12,251.4,163,182.1,8.13,37.89818666666667,-90.64214666666666,274.2,993.1111111111112
112,2026-03-12,2026-03-12 12:04:36,10.459,6.426,11.2,91,0.28,0.18,-6.556666666666667,NA,0.12,251.6,163.66666666666666,182.16666666666663,8.13,37.89818,-90.64215333333334,273.43333333333334,993.1555555555556
112,2026-03-12,2026-03-12 12:04:39,10.534666666666666,6.414666666666666,11.2,91,0.30666666666666664,0.20333333333333337,-6.72,NA,0.12,251.73333333333332,164,182.26666666666668,8.13,37.89818,-90.64216,272.56666666666666,993.0666666666666
112,2026-03-12,2026-03-12 12:04:42,10.625333333333334,6.407666666666667,11.2,91,0.2,0.16666666666666666,-6.553333333333333,NA,0.12,251.7,164,182.33333333333337,8.13,37.89817333333333,-90.64216666666668,271.6333333333333,993.1111111111112
112,2026-03-12,2026-03-12 12:04:45,10.692333333333334,6.402666666666667,11.2,90.96666666666668,0.24333333333333337,0.16666666666666669,-6.596666666666667,NA,0.12,251.8,164,182.4,8.13,37.89817,-90.64217,270.8333333333333,993.1555555555556
112,2026-03-12,2026-03-12 12:04:48,10.769333333333334,6.399666666666667,11.196666666666664,90.9,0.2066666666666667,0.17,-6.533333333333333,NA,0.12,251.83333333333337,164,182.5,8.13,37.89817,-90.64217,270.6666666666667,993.1111111111112
112,2026-03-12,2026-03-12 12:04:51,10.841,6.398666666666666,11.2,90.93333333333334,0.24,0.12666666666666668,-6.496666666666667,NA,0.12,251.66666666666663,164,182.6,8.13,37.89817,-90.64217,270.7,993.0666666666666
112,2026-03-12,2026-03-12 12:04:54,10.892,6.395666666666666,11.2,90.93333333333334,0.24333333333333337,0.17,-6.4799999999999995,NA,0.12,251.66666666666663,164,182.66666666666663,8.13,37.89817333333333,-90.64217,271.1,993.1555555555556
112,2026-03-12,2026-03-12 12:04:57,10.972333333333331,6.3870000000000005,11.203333333333331,91,0.19666666666666668,0.12,-6.556666666666667,NA,0.12,251.63333333333333,163.66666666666666,182.7,8.13,37.89818,-90.64217,271.76666666666665,993.1111111111112
112,2026-03-12,2026-03-12 12:05:00,11.05,6.387666666666666,11.2,90.93333333333334,0.2066666666666667,0.17333333333333334,-6.653333333333333,NA,0.12,251.5,163.33333333333334,182.76666666666668,8.13,37.89818,-90.64217,272.1,993.0222222222222
112,2026-03-12,2026-03-12 12:05:03,11.148666666666667,6.366,11.203333333333331,90.9,0.24666666666666667,0.15666666666666668,-6.680000000000001,NA,0.12,251.86666666666667,164,182.86666666666667,8.13,37.89818,-90.64217,272,993.1111111111112
112,2026-03-12,2026-03-12 12:05:06,11.215,6.357666666666667,11.206666666666669,90.9,0.27,0.19,-6.716666666666667,NA,0.12,251.86666666666667,164,182.93333333333337,8.13,37.89818,-90.64217,271.93333333333334,993.1111111111112
112,2026-03-12,2026-03-12 12:05:09,11.287,6.358,11.196666666666664,90.8,0.22666666666666668,0.14666666666666667,-6.72,NA,0.12,251.73333333333332,164,183.03333333333333,8.13,37.89818,-90.64216666666668,272.2,993.1111111111112
112,2026-03-12,2026-03-12 12:05:12,11.345666666666666,6.359,11.186666666666666,90.76666666666668,0.27666666666666667,0.14333333333333334,-6.69,NA,0.12,251.7,164,183.1,8.13,37.89817333333333,-90.64216,272.46666666666664,993.0666666666666
112,2026-03-12,2026-03-12 12:05:15,11.405,6.359,11.186666666666666,90.73333333333332,0.23666666666666664,0.18,-6.506666666666667,NA,0.12,251.86666666666667,164,183.13333333333333,8.13,37.89817,-90.64216,272.6333333333333,993.1111111111112
112,2026-03-12,2026-03-12 12:05:18,11.460333333333333,6.360333333333333,11.186666666666666,90.76666666666668,0.3066666666666667,0.18,-6.55,NA,0.12,251.83333333333337,164,183.2,8.13,37.89817,-90.64216,272.76666666666665,993.0666666666666
112,2026-03-12,2026-03-12 12:05:21,11.524333333333333,6.353666666666666,11.19,90.8,0.21666666666666667,0.14,-6.723333333333334,NA,0.12,251.9,164,183.3,8.13,37.89817,-90.64216,273.06666666666666,993.0666666666666
112,2026-03-12,2026-03-12 12:05:24,11.590666666666667,6.342333333333333,11.2,90.8,0.26,0.20333333333333337,-6.616666666666666,NA,0.12,251.83333333333337,164,183.4,8.13,37.89817,-90.64216,273.2,993.1111111111112
112,2026-03-12,2026-03-12 12:05:27,11.644,6.332,11.203333333333331,90.8,0.2833333333333333,0.15333333333333335,-6.41,NA,0.12,251.73333333333332,164,183.46666666666667,8.13,37.89817,-90.64216,273.26666666666665,993.1555555555556
112,2026-03-12,2026-03-12 12:05:30,11.743666666666666,6.326666666666667,11.203333333333331,90.83333333333331,0.25,0.12333333333333334,-6.5,NA,0.12,251.8,164,183.53333333333333,8.13,37.89817,-90.64216,272.93333333333334,993.1111111111112
112,2026-03-12,2026-03-12 12:05:33,11.802,6.338,11.193333333333332,90.73333333333332,0.3066666666666667,0.14,-6.613333333333333,NA,0.12,251.8,164,183.6,8.13,37.89817,-90.64216,272.9,993.0666666666666
112,2026-03-12,2026-03-12 12:05:36,11.866,6.3309999999999995,11.19,90.7,0.19,0.15666666666666668,-6.6466666666666665,NA,0.12,252,164,183.7,8.13,37.89817,-90.64216,272.8333333333333,993.2
112,2026-03-12,2026-03-12 12:05:39,11.913333333333334,6.324666666666666,11.183333333333334,90.63333333333333,0.18,0.14666666666666667,-6.663333333333333,NA,0.12,252,164,183.76666666666668,8.13,37.89817,-90.64216,273,993.1555555555556
112,2026-03-12,2026-03-12 12:05:42,11.974333333333334,6.322666666666667,11.17,90.53333333333332,0.23333333333333336,0.16666666666666669,-6.62,NA,0.12,252.03333333333333,164,183.86666666666667,8.13,37.89817,-90.64216,273.26666666666665,993.1111111111112
112,2026-03-12,2026-03-12 12:05:45,12.020333333333332,6.324,11.16,90.4,0.22,0.13666666666666666,-6.616666666666667,NA,0.12,251.63333333333333,163.66666666666666,183.93333333333337,8.126666666666667,37.89817,-90.64216333333331,273.3333333333333,993.0222222222222
112,2026-03-12,2026-03-12 12:05:51,12.077,6.327,11.153333333333334,90.4,0.18666666666666668,0.15,-6.7,NA,0.12,252.03333333333333,164,184.1,8.12,37.89817,-90.64216,273.3666666666667,993.1111111111112
112,2026-03-12,2026-03-12 12:05:54,12.106,6.321,11.156666666666666,90.4,0.2833333333333333,0.19333333333333333,-6.28,NA,0.12,251.83333333333337,164,184.13333333333333,8.12,37.89817,-90.64216,273.4,993.0666666666666
112,2026-03-12,2026-03-12 12:05:57,12.172666666666666,6.314666666666667,11.163333333333334,90.5,0.25333333333333335,0.15,-6.62,NA,0.12,251.8,164,184.23333333333332,8.12,37.89817,-90.64216,273.6666666666667,993.1111111111112
112,2026-03-12,2026-03-12 12:06:00,12.270333333333332,6.309666666666667,11.17,90.5,0.23666666666666664,0.19333333333333333,-6.65,NA,0.12,251.7,164,184.33333333333337,8.12,37.89817,-90.64216,273.6,993.0666666666666
112,2026-03-12,2026-03-12 12:06:03,12.366,6.307333333333333,11.17,90.5,0.24666666666666667,0.15000000000000002,-6.65,NA,0.12,251.73333333333332,164,184.43333333333337,8.116666666666665,37.89816666666667,-90.64216333333331,273.43333333333334,993.0666666666666
112,2026-03-12,2026-03-12 12:06:06,12.444,6.301,11.163333333333334,90.43333333333334,0.29666666666666663,0.13666666666666666,-6.5600000000000005,NA,0.12,251.9,164,184.5,8.11,37.89816,-90.64217,273,993.0666666666666
112,2026-03-12,2026-03-12 12:06:09,12.520333333333332,6.3036666666666665,11.156666666666666,90.4,0.21,0.14,-6.586666666666667,NA,0.12,251.83333333333337,164,184.56666666666663,8.11,37.89816,-90.64217,273.1666666666667,993.0666666666666
112,2026-03-12,2026-03-12 12:06:12,12.612333333333334,6.303,11.15,90.36666666666667,0.21,0.16666666666666669,-6.47,NA,0.12,251.93333333333337,164,184.66666666666663,8.11,37.89816,-90.64217,272.93333333333334,993.0666666666666
112,2026-03-12,2026-03-12 12:06:15,12.722666666666669,6.298333333333333,11.14,90.23333333333332,0.24,0.15333333333333335,-6.4799999999999995,NA,0.12,251.7,164,184.73333333333332,8.11,37.89816,-90.64217,273.1,993.0666666666666
112,2026-03-12,2026-03-12 12:06:18,12.787,6.298333333333333,11.133333333333336,90.16666666666669,0.19333333333333333,0.18,-6.61,NA,0.12,251.8,164,184.8,8.106666666666666,37.89816,-90.64217,273.03333333333336,993.0222222222222
112,2026-03-12,2026-03-12 12:06:21,12.894666666666668,6.2923333333333336,11.123333333333331,90.1,0.24666666666666667,0.19666666666666663,-6.656666666666666,NA,0.12,252,164,184.9,8.1,37.89816,-90.64217,272.8333333333333,993.0666666666666
112,2026-03-12,2026-03-12 12:06:24,12.993,6.288,11.126666666666669,90.1,0.24333333333333337,0.13,-6.62,NA,0.12,252.13333333333333,164,185,8.1,37.89816,-90.64217,272.9,993.0666666666666
112,2026-03-12,2026-03-12 12:06:27,13.079333333333333,6.274666666666667,11.12,90.06666666666666,0.19,0.14,-6.703333333333333,NA,0.12,252.06666666666663,164,185.1,8.1,37.89816,-90.64217,272.96666666666664,993.0666666666666
112,2026-03-12,2026-03-12 12:06:30,13.187333333333331,6.271,11.106666666666666,89.9,0.22666666666666668,0.14666666666666667,-6.71,NA,0.12,252.06666666666663,164,185.16666666666663,8.096666666666666,37.89816,-90.64217,273,993.0666666666666
112,2026-03-12,2026-03-12 12:06:33,13.290666666666668,6.267333333333333,11.1,89.83333333333333,0.25666666666666665,0.20333333333333337,-6.633333333333334,NA,0.12,251.8,164,185.23333333333332,8.09,37.89816,-90.64217,272.9,993.1111111111112
112,2026-03-12,2026-03-12 12:06:36,13.449333333333334,6.265,11.093333333333334,89.76666666666667,0.20333333333333337,0.2,-6.5,NA,0.12,251.83333333333337,164,185.33333333333337,8.09,37.89816,-90.64217,272.8666666666667,993.0666666666666
112,2026-03-12,2026-03-12 12:06:39,13.546,6.264666666666667,11.076666666666666,89.63333333333333,0.19666666666666663,0.17,-6.55,NA,0.12,252.16666666666663,164,185.4,8.09,37.89815333333333,-90.64217,272.76666666666665,993.0666666666666
112,2026-03-12,2026-03-12 12:06:42,13.669666666666666,6.263333333333334,11.07,89.6,0.18333333333333332,0.15666666666666668,-6.51,NA,0.12,251.93333333333337,164,185.43333333333337,8.09,37.89815,-90.64217,272.56666666666666,993.0666666666666
112,2026-03-12,2026-03-12 12:06:45,13.736,6.2636666666666665,11.06,89.5,0.25,0.15666666666666668,-6.5200000000000005,NA,0.12,252.06666666666663,164,185.53333333333333,8.09,37.89815,-90.64217,272.2,993.0222222222222
112,2026-03-12,2026-03-12 12:06:48,13.791666666666666,6.265,11.076666666666666,89.63333333333333,0.22666666666666663,0.17666666666666667,-6.6033333333333335,NA,0.12,252.06666666666663,164,185.6,8.09,37.89815,-90.64217,271.8666666666667,993.0666666666666
112,2026-03-12,2026-03-12 12:06:51,13.858,6.262666666666666,11.076666666666666,89.63333333333334,0.21333333333333335,0.16,-6.626666666666667,NA,0.12,252.03333333333333,164,185.66666666666663,8.09,37.89814333333333,-90.64217,271.8666666666667,993.0222222222222
112,2026-03-12,2026-03-12 12:06:54,13.915333333333333,6.261666666666667,11,89,0.25666666666666665,0.13333333333333333,-6.573333333333333,NA,0.12,252,164,185.7,8.09,37.89814,-90.64217,271.8,993.0666666666666
112,2026-03-12,2026-03-12 12:06:57,13.996,6.260666666666666,10.993333333333334,88.96666666666667,0.24666666666666667,0.16333333333333333,-6.663333333333333,NA,0.12,252.16666666666663,164,185.8,8.09,37.89814,-90.64217,272,993.1111111111112
112,2026-03-12,2026-03-12 12:07:00,14.073666666666668,6.259,10.986666666666666,88.9,0.18333333333333332,0.11666666666666668,-6.486666666666666,NA,0.12,252.13333333333333,164,185.83333333333337,8.09,37.89814666666667,-90.64217333333332,272.23333333333335,993.1555555555556
112,2026-03-12,2026-03-12 12:07:03,14.180333333333332,6.258666666666667,10.99,88.93333333333334,0.21,0.16666666666666669,-6.6,NA,0.12,252.06666666666663,164,185.9,8.096666666666666,37.89815,-90.64218,272.6333333333333,993.1111111111112
112,2026-03-12,2026-03-12 12:07:06,14.253,6.258666666666667,10.99,88.96666666666667,0.32,0.18,-6.493333333333333,NA,0.12,251.8,164,185.93333333333337,8.1,37.89815,-90.64218,272.93333333333334,993.1111111111112
112,2026-03-12,2026-03-12 12:07:09,14.334666666666667,6.257666666666666,10.996666666666666,88.96666666666667,0.23,0.18333333333333335,-6.516666666666667,NA,0.12,251.56666666666663,163.66666666666666,186,8.1,37.89815,-90.64218,273.26666666666665,993.1111111111112
112,2026-03-12,2026-03-12 12:07:12,14.415,6.257,11.003333333333334,89.03333333333333,0.24333333333333337,0.18666666666666668,-6.51,NA,0.12,251.7,163.66666666666666,186.06666666666663,8.1,37.89815,-90.64218,273.43333333333334,993.1111111111112
112,2026-03-12,2026-03-12 12:07:15,14.483333333333333,6.253333333333334,11.006666666666666,89.06666666666666,0.21666666666666667,0.2,-6.7,NA,0.12,252.13333333333333,164,186.1,8.1,37.89815,-90.64218,273.76666666666665,993.0666666666666
112,2026-03-12,2026-03-12 12:07:18,14.58,6.249666666666666,11.016666666666666,89.1,0.21,0.12666666666666668,-6.443333333333333,NA,0.12,252.06666666666663,164,186.2,8.1,37.89815,-90.64218,273.6333333333333,993.0666666666666
112,2026-03-12,2026-03-12 12:07:21,14.673,6.252,11.026666666666667,89.2,0.21333333333333332,0.17,-6.5200000000000005,NA,0.12,251.96666666666667,164,186.23333333333332,8.1,37.89815,-90.64217666666666,273.73333333333335,993.0666666666666
112,2026-03-12,2026-03-12 12:07:24,14.758333333333333,6.2476666666666665,11.016666666666667,89.13333333333333,0.19333333333333333,0.14,-6.3,NA,0.12,252,164,186.3,8.1,37.89814333333333,-90.64217,273.9,993.0666666666666
112,2026-03-12,2026-03-12 12:07:27,14.843666666666667,6.246,10.96,88.63333333333333,0.25333333333333335,0.22,-6.246666666666667,NA,0.12,252.13333333333333,164,186.4,8.1,37.89814,-90.64217,273.93333333333334,993.0666666666666
112,2026-03-12,2026-03-12 12:07:30,14.903666666666666,6.246333333333333,10.96,88.6,0.21666666666666667,0.1366666666666667,-6.52,NA,0.12,251.86666666666667,164,186.5,8.1,37.89814,-90.64217,274.1,993.1111111111112
112,2026-03-12,2026-03-12 12:07:33,14.965,6.246,10.96,88.63333333333333,0.19,0.16,-6.463333333333333,NA,0.12,251.9,164,186.5,8.1,37.89814,-90.64217,274.2,993.0666666666666
112,2026-03-12,2026-03-12 12:07:36,15.04,6.246,10.96,88.66666666666667,0.19,0.15666666666666668,-6.516666666666667,NA,0.12,252.03333333333333,164,186.6,8.1,37.89814,-90.64217,274.1,993.0666666666666
112,2026-03-12,2026-03-12 12:07:39,15.083666666666666,6.244666666666666,10.95,88.6,0.2066666666666667,0.13333333333333333,-6.596666666666667,NA,0.12,251.73333333333335,164,186.63333333333333,8.096666666666666,37.89814,-90.64217,274.1,993.0666666666666
112,2026-03-12,2026-03-12 12:07:42,15.149333333333333,6.243666666666667,10.953333333333331,88.6,0.18666666666666668,0.14333333333333334,-6.596666666666667,NA,0.12,252,164,186.7,8.1,37.89814,-90.64217,273.96666666666664,993.0666666666666
112,2026-03-12,2026-03-12 12:07:45,15.209333333333332,6.244,10.95,88.6,0.2066666666666667,0.16,-6.576666666666667,NA,0.12,252.13333333333333,164,186.76666666666668,8.09,37.898136666666666,-90.64217,273.8,993.0666666666666
112,2026-03-12,2026-03-12 12:07:48,15.268666666666666,6.243666666666667,10.956666666666669,88.6,0.2066666666666667,0.17666666666666667,-6.65,NA,0.12,251.73333333333335,164,186.86666666666667,8.09,37.89813,-90.64217,273.6,993.1111111111112
112,2026-03-12,2026-03-12 12:07:51,15.310666666666666,6.242333333333334,10.946666666666664,88.56666666666666,0.20333333333333337,0.17333333333333334,-6.633333333333334,NA,0.12,252,164,186.93333333333337,8.09,37.89813,-90.64217,273.43333333333334,993.0666666666666
112,2026-03-12,2026-03-12 12:07:54,15.390666666666666,6.243333333333333,10.95,88.56666666666666,0.24666666666666667,0.19333333333333333,-6.623333333333333,NA,0.12,252.03333333333333,164,187,8.09,37.89813,-90.64217,273.6333333333333,993.0666666666666
112,2026-03-12,2026-03-12 12:07:57,15.456,6.245,10.95,88.6,0.23,0.21666666666666667,-6.616666666666666,NA,0.12,251.73333333333332,164,187.06666666666663,8.09,37.89813,-90.64216333333331,273.8,993.0666666666666
112,2026-03-12,2026-03-12 12:08:00,15.516333333333334,6.241333333333333,10.943333333333332,88.5,0.19,0.22666666666666668,-6.51,NA,0.12,251.7,164,187.1,8.09,37.898136666666666,-90.64216,273.9,993.0666666666666
112,2026-03-12,2026-03-12 12:08:03,15.565333333333331,6.241666666666666,10.943333333333332,88.5,0.18,0.18666666666666668,-6.6466666666666665,NA,0.12,252.1,164,187.2,8.09,37.89814,-90.64215333333334,273.93333333333334,993.0666666666666
112,2026-03-12,2026-03-12 12:08:06,15.646333333333333,6.240333333333333,10.933333333333334,88.43333333333334,0.25666666666666665,0.16666666666666666,-6.6466666666666665,NA,0.12,252.23333333333332,164,187.26666666666668,8.09,37.89814,-90.64215,273.8,993.1555555555556
112,2026-03-12,2026-03-12 12:08:09,15.697333333333331,6.2396666666666665,10.926666666666666,88.36666666666667,0.2,0.15666666666666668,-6.543333333333333,NA,0.12,252.06666666666663,164,187.33333333333337,8.09,37.89814,-90.64214333333334,273.8666666666667,993.0666666666666
112,2026-03-12,2026-03-12 12:08:12,15.766,6.238,10.92,88.3,0.2066666666666667,0.14333333333333334,-6.53,NA,0.12,252.06666666666663,164,187.4,8.09,37.89814,-90.64214,273.8,993.0666666666666
112,2026-03-12,2026-03-12 12:08:15,15.833333333333334,6.238333333333333,10.91,88.23333333333333,0.2066666666666667,0.14,-6.566666666666666,NA,0.12,252.16666666666663,164,187.46666666666667,8.09,37.89814,-90.64214,273.9,993.0666666666666
112,2026-03-12,2026-03-12 12:08:18,15.927666666666669,6.239333333333334,10.91,88.2,0.20333333333333337,0.18666666666666668,-6.63,NA,0.12,252.16666666666663,164,187.53333333333333,8.09,37.89814,-90.64213333333332,273.96666666666664,993.0666666666666
112,2026-03-12,2026-03-12 12:08:21,16.03933333333333,6.236666666666666,10.9,88.16666666666667,0.21333333333333335,0.16333333333333333,-6.543333333333333,NA,0.12,252.06666666666663,164,187.6,8.09,37.89814,-90.64212666666668,273.8666666666667,993.0666666666666
112,2026-03-12,2026-03-12 12:08:24,16.117333333333335,6.234,10.896666666666668,88.1,0.22,0.15333333333333335,-6.593333333333333,NA,0.12,251.93333333333337,164,187.63333333333333,8.08,37.89814,-90.64212,273.93333333333334,993.0222222222222
112,2026-03-12,2026-03-12 12:08:27,16.192,6.2316666666666665,10.893333333333334,88.1,0.17666666666666667,0.14,-6.55,NA,0.12,252.03333333333333,164,187.76666666666668,8.073333333333334,37.89814,-90.64211333333334,274.1,993.0666666666666
112,2026-03-12,2026-03-12 12:08:30,16.273,6.230666666666667,10.883333333333336,88,0.19333333333333333,0.16333333333333333,-6.66,NA,0.12,252.06666666666663,164,187.86666666666667,8.07,37.89814,-90.64211,274.3666666666667,993.0666666666666
112,2026-03-12,2026-03-12 12:08:33,16.349333333333334,6.2283333333333335,10.876666666666669,87.93333333333334,0.24333333333333337,0.14,-6.653333333333333,NA,0.12,252.1,164,187.93333333333337,8.06,37.89814,-90.64211,274.1,993.0222222222222
112,2026-03-12,2026-03-12 12:08:36,16.379,6.225333333333333,10.863333333333332,87.83333333333333,0.53,0.24666666666666667,-2.98,NA,0.12,252.23333333333332,164,188.06666666666663,8.06,37.89814,-90.64210333333334,273.93333333333334,993.0666666666666
112,2026-03-12,2026-03-12 12:08:39,16.421333333333333,6.224,10.85,87.7,0.9566666666666668,0.42,0.14000000000000004,NA,0.12,252.26666666666665,164,188.13333333333333,8.06,37.89814,-90.64209666666666,274.40000000000003,992.9777777777778
112,2026-03-12,2026-03-12 12:08:45,16.467333333333332,6.2236666666666665,10.793333333333331,87.26666666666667,0.7033333333333333,0.33999999999999997,-4.406666666666667,NA,0.12,252.1,164,187.66666666666663,8.04,37.89814,-90.64209,274.8666666666667,993.0666666666666
112,2026-03-12,2026-03-12 12:08:48,16.503,6.224333333333333,10.76,87,0.3566666666666667,0.26333333333333336,-4.34,NA,0.12,252.03333333333333,164,187.63333333333333,8.04,37.89814,-90.64209333333334,274.7,993.0666666666666
112,2026-04-15,2026-04-15 12:32:24,0.001,19.089333333333332,9.286666666666664,100.36666666666667,0.08666666666666667,-0.07666666666666667,0.42,NA,0.12,249.4,162,169.26666666666668,7.95,37.89817,-90.64288,271.26666666666665,980.3111111111112
112,2026-04-15,2026-04-15 12:32:27,0.04633333333333334,19.077333333333335,9.3,100.5,0.05333333333333334,-0.1,0.23333333333333336,NA,0.12,248.5,161.66666666666666,168.73333333333332,8.006666666666666,37.89817,-90.64287,271.2,980.4
112,2026-04-15,2026-04-15 12:32:30,0.10733333333333334,19.080333333333332,9.303333333333336,100.53333333333332,0.08,-0.01333333333333333,0.2966666666666667,NA,0.12,248.43333333333337,161.33333333333334,168.6,8.046666666666667,37.89817,-90.64287666666668,271,980.2666666666668
112,2026-04-15,2026-04-15 12:32:33,0.188,19.075333333333333,9.31,100.6,0.06666666666666667,-0.02666666666666667,0.4733333333333334,NA,0.12,248.23333333333332,161,168.5,8.08,37.89817,-90.64287666666668,270.8666666666667,980.3111111111112
112,2026-04-15,2026-04-15 12:32:36,0.2573333333333333,19.062,9.316666666666666,100.6,0.09,-0.12666666666666668,0.5733333333333334,NA,0.12,248.1,161,168.5,8.1,37.89817,-90.64287,271.1,980.4
112,2026-04-15,2026-04-15 12:32:39,0.39166666666666666,19.035666666666668,9.32,100.6,0.09666666666666666,-0.03,0.4033333333333333,NA,0.12,248.13333333333333,161,168.5,8.116666666666665,37.89817,-90.64287,271,980.3555555555556
112,2026-04-15,2026-04-15 12:32:42,0.48666666666666664,19.019,9.33,100.66666666666669,0.10666666666666667,-0.03666666666666667,0.72,NA,0.12,248.03333333333333,161,168.56666666666666,8.133333333333335,37.89818,-90.64287,270.73333333333335,980.4
112,2026-04-15,2026-04-15 12:32:45,0.551,18.985,9.333333333333334,100.63333333333333,0.10666666666666666,-0.05666666666666667,0.6433333333333333,NA,0.12,248.1,161,168.7,8.14,37.89818,-90.64287,270.6333333333333,980.4
112,2026-04-15,2026-04-15 12:32:48,0.613,18.980666666666668,9.34,100.7,0.07333333333333333,-0.08333333333333333,0.5633333333333334,NA,0.12,248.1,161,168.8,8.15,37.89817666666667,-90.64287,270.53333333333336,980.3111111111112
112,2026-04-15,2026-04-15 12:32:51,0.6753333333333333,18.976666666666667,9.34,100.7,0.11666666666666668,-0.03666666666666667,0.5733333333333334,NA,0.12,247.96666666666667,161,168.86666666666667,8.156666666666666,37.89818,-90.64286,270.53333333333336,980.3555555555556
112,2026-04-15,2026-04-15 12:32:54,0.7446666666666667,18.972333333333335,9.35,100.8,0.08666666666666667,-0.01666666666666666,0.5266666666666667,NA,0.12,248.03333333333333,161,168.96666666666667,8.163333333333334,37.89818,-90.64286,270.4,980.3555555555556
112,2026-04-15,2026-04-15 12:32:57,0.8013333333333333,18.974,9.35,100.8,0.08333333333333333,-0.04333333333333333,0.59,NA,0.12,247.9,161,169.1,8.17,37.89818,-90.64285666666666,270.2,980.3555555555556
112,2026-04-15,2026-04-15 12:33:00,0.86,18.965666666666667,9.35,100.8,0.1,0.04666666666666667,0.5633333333333334,NA,0.12,248.03333333333333,161,169.3,8.17,37.89818,-90.64285,270.1333333333333,980.3555555555556
112,2026-04-15,2026-04-15 12:33:03,0.92,18.967333333333332,9.35,100.8,0.08,0.06999999999999999,0.5733333333333334,NA,0.12,247.96666666666667,161,169.43333333333334,8.17,37.89818,-90.64285,270.23333333333335,980.4
112,2026-04-15,2026-04-15 12:33:06,0.9956666666666668,18.963333333333335,9.3533333333333335,100.8,0.06,-0.05666666666666667,0.74,NA,0.12,247.9,161,169.5,8.176666666666666,37.89818,-90.64285,270.43333333333334,980.3555555555556
112,2026-04-15,2026-04-15 12:33:09,1.0706666666666669,18.961666666666662,9.36,100.86666666666667,0.07666666666666667,-0.09333333333333334,0.6266666666666667,NA,0.12,247.9,161,169.6,8.18,37.89818,-90.64285,270.53333333333336,980.3555555555556
112,2026-04-15,2026-04-15 12:33:12,1.1303333333333334,18.963666666666665,9.36,100.9,0.10666666666666667,0.03333333333333333,0.58,NA,0.12,247.83333333333337,161,169.66666666666666,8.18,37.89818,-90.64285,270.76666666666665,980.4
112,2026-04-15,2026-04-15 12:33:15,1.2026666666666668,18.965,9.36,100.9,0.08333333333333333,-0.05333333333333334,0.6966666666666667,NA,0.12,247.86666666666667,161,169.7,8.18,37.89818,-90.64285,270.8,980.2666666666668
112,2026-04-15,2026-04-15 12:33:18,1.256,18.965333333333337,9.36,100.9,0.11333333333333331,-0.05333333333333333,0.6433333333333333,NA,0.12,248.06666666666663,161,169.7,8.183333333333334,37.89818,-90.64285,271.1666666666667,980.3555555555556
112,2026-04-15,2026-04-15 12:33:21,1.313,18.965333333333337,9.36,100.9,0.11666666666666668,-0.00666666666666666,0.5733333333333334,NA,0.12,248,161,169.7,8.19,37.89818,-90.64285,271.03333333333336,980.3111111111112
112,2026-04-15,2026-04-15 12:33:24,1.357,18.962,9.363333333333332,100.93333333333334,0.12333333333333334,-0.09666666666666666,0.73,NA,0.12,248.06666666666663,161,169.8,8.19,37.89818,-90.64284333333332,271.06666666666666,980.2666666666668
112,2026-04-15,2026-04-15 12:33:27,1.412,18.959333333333333,9.366666666666664,100.9,0.07333333333333333,-0.08333333333333333,0.61,NA,0.12,247.96666666666667,161,169.83333333333334,8.19,37.898183333333336,-90.64284,271,980.3111111111112
112,2026-04-15,2026-04-15 12:33:30,1.4793333333333334,18.959,9.363333333333332,100.9,0.11666666666666668,-0.02,0.5866666666666667,NA,0.12,247.9,161,169.93333333333334,8.19,37.898183333333336,-90.64284,270.83333333333337,980.4
112,2026-04-15,2026-04-15 12:33:33,1.5253333333333334,18.96066666666667,9.366666666666664,100.96666666666668,0.07,-0.12666666666666665,0.76,NA,0.12,248.03333333333333,161,170.03333333333333,8.19,37.89819,-90.64284333333332,269.73333333333335,980.3555555555556
112,2026-04-15,2026-04-15 12:33:36,1.5753333333333337,18.960666666666665,9.37,101,0.15333333333333332,-0.10666666666666667,0.43666666666666665,NA,0.12,247.8,161,170.1,8.19,37.89819,-90.64285,268.4666666666667,980.3555555555556
112,2026-04-15,2026-04-15 12:33:39,1.6223333333333334,18.96,9.37,101,0.06,0.00333333333333333,0.54,NA,0.12,247.76666666666668,161,170.2,8.2,37.8982,-90.64285,267.8666666666667,980.3111111111112
112,2026-04-15,2026-04-15 12:33:42,1.683,18.954,9.37,100.96666666666668,0.10333333333333332,-0.04666666666666667,0.63,NA,0.12,247.93333333333337,161,170.26666666666668,8.2,37.8982,-90.64285,266.8666666666667,980.3555555555556
112,2026-04-15,2026-04-15 12:33:45,1.734,18.951,9.37,100.96666666666668,0.08333333333333333,-0.01,0.5833333333333334,NA,0.12,248,161,170.33333333333334,8.2,37.8982,-90.64285,266.6,980.3555555555556
112,2026-04-15,2026-04-15 12:33:48,1.776,18.950333333333333,9.37,101,0.07,0.06,0.7466666666666667,NA,0.12,248,161,170.43333333333334,8.2,37.8982,-90.64285,266.9,980.4
112,2026-04-15,2026-04-15 12:33:51,1.8143333333333336,18.953,9.37,101,0.06666666666666667,-0.02666666666666667,0.7066666666666667,NA,0.12,247.8,161,170.53333333333333,8.2,37.8982,-90.64285,266.93333333333334,980.4
112,2026-04-15,2026-04-15 12:33:54,1.863,18.951,9.37,100.96666666666668,0.1,0.02,0.59,NA,0.12,247.86666666666667,161,170.63333333333333,8.2,37.8982,-90.64285,267,980.4
112,2026-04-15,2026-04-15 12:34:00,1.9313333333333331,18.951,9.37,101,0.04,-0.02333333333333333,0.7233333333333333,NA,0.12,247.9,161,170.73333333333332,8.2,37.89819,-90.64284,268.73333333333335,980.3555555555556
112,2026-04-15,2026-04-15 12:34:03,1.9583333333333333,18.948333333333338,9.37,101,0.09000000000000001,-0.06,0.48333333333333334,NA,0.12,247.9,161,170.8,8.2,37.89819,-90.64284,268.6666666666667,980.3555555555556
112,2026-04-15,2026-04-15 12:34:06,2.0336666666666665,18.942666666666668,9.37,101,0.07,0.03,0.69,NA,0.12,247.83333333333337,161,170.93333333333334,8.2,37.89819,-90.64284,268.6666666666667,980.4
112,2026-04-15,2026-04-15 12:34:09,2.078,18.941666666666663,9.376666666666669,101,0.11,-0.06333333333333334,0.7266666666666667,NA,0.12,247.83333333333337,161,171.03333333333333,8.2,37.89819,-90.64283333333334,269.06666666666666,980.3111111111112
112,2026-04-15,2026-04-15 12:34:12,2.1416666666666666,18.939666666666668,9.37,101,0.1,-0.03666666666666667,0.5333333333333333,NA,0.12,247.8,161,171.1,8.2,37.89819,-90.64283,269.1333333333333,980.3111111111112
112,2026-04-15,2026-04-15 12:34:15,2.1983333333333333,18.940333333333335,9.37,101,0.17,-0.03333333333333333,0.6533333333333333,NA,0.12,247.83333333333337,161,171.2,8.2,37.89819,-90.64283,269.5,980.3555555555556
112,2026-04-15,2026-04-15 12:34:18,2.2303333333333333,18.940333333333335,9.37,101,0.09,-0.01666666666666666,0.5666666666666667,NA,0.12,247.93333333333337,161,171.26666666666668,8.2,37.898183333333336,-90.64283,270.1666666666667,980.3555555555556
112,2026-04-15,2026-04-15 12:34:21,2.292,18.938,9.37,100.93333333333334,0.09,-0.09666666666666666,0.5566666666666666,NA,0.12,248,161,171.33333333333334,8.2,37.89818,-90.64283,270.1666666666667,980.3111111111112
112,2026-04-15,2026-04-15 12:34:24,2.3396666666666666,18.935666666666663,9.37,100.93333333333334,0.07,-0.00666666666666666,0.5433333333333333,NA,0.12,247.96666666666667,161,171.43333333333334,8.2,37.89818,-90.64283,270.2,980.3555555555556
112,2026-04-15,2026-04-15 12:34:27,2.391,18.929333333333332,9.37,100.96666666666668,0.05666666666666666,-0.08,0.74,NA,0.12,247.7,161,171.5,8.2,37.89818,-90.64283,270.1666666666667,980.4
112,2026-04-15,2026-04-15 12:34:30,2.4386666666666668,18.925,9.37,101,0.05,-0.03666666666666667,0.56,NA,0.12,247.76666666666668,161,171.6,8.2,37.89818,-90.64282,269.96666666666664,980.4
112,2026-04-15,2026-04-15 12:34:33,2.4796666666666667,18.923,9.373333333333331,100.96666666666668,0.08,0.01,0.6666666666666666,NA,0.12,247.93333333333337,161,171.7,8.2,37.89818,-90.64282,269.6666666666667,980.3111111111112
112,2026-04-15,2026-04-15 12:34:36,2.534666666666667,18.916666666666668,9.37,100.9,0.10333333333333332,0.03333333333333333,0.7233333333333334,NA,0.12,247.86666666666667,161,171.8,8.2,37.89818,-90.64282,269.6333333333333,980.4
112,2026-04-15,2026-04-15 12:34:39,2.56,18.913333333333338,9.37,100.9,0.09666666666666666,-0.05666666666666666,0.49,NA,0.12,247.9,161,171.86666666666667,8.2,37.89818,-90.64282,269.76666666666665,980.3111111111112
112,2026-04-15,2026-04-15 12:34:42,2.584333333333334,18.913,9.37,100.9,0.09666666666666666,0.01666666666666666,0.5233333333333333,NA,0.12,247.86666666666667,161,171.96666666666667,8.2,37.89818,-90.64282,269.6333333333333,980.2666666666668
112,2026-04-15,2026-04-15 12:34:45,2.6313333333333335,18.903333333333332,9.37,100.83333333333331,0.11,0.01333333333333333,0.5833333333333334,NA,0.12,247.83333333333337,161,172.06666666666666,8.2,37.89818,-90.64282,269.43333333333334,980.3111111111112
112,2026-04-15,2026-04-15 12:34:48,2.686,18.882666666666665,9.376666666666669,100.9,0.06,-0.05333333333333333,0.6633333333333333,NA,0.12,248.03333333333333,161,172.16666666666666,8.2,37.89818,-90.64282,269.3666666666667,980.4
112,2026-04-15,2026-04-15 12:34:54,2.740666666666667,18.863666666666667,9.38,100.9,0.09,-0.03,0.43666666666666665,NA,0.12,248.16666666666663,161,172.36666666666667,8.2,37.89819,-90.64281333333334,268.8333333333333,980.3111111111112
112,2026-04-15,2026-04-15 12:34:57,2.795,18.864,9.38,100.9,0.09666666666666666,0.04,0.4533333333333333,NA,0.12,247.83333333333337,161,172.43333333333334,8.2,37.89819,-90.64281,268.8333333333333,980.2666666666668
112,2026-04-15,2026-04-15 12:35:00,2.864333333333333,18.852,9.383333333333336,100.9,0.1,0.00333333333333333,0.6566666666666666,NA,0.12,248.03333333333333,161,172.5,8.2,37.89819,-90.64281,269.06666666666666,980.3555555555556
112,2026-04-15,2026-04-15 12:35:03,2.9293333333333336,18.846333333333337,9.386666666666668,100.9,0.07,-0.03,0.6733333333333333,NA,0.12,248.16666666666663,161,172.6,8.2,37.89819,-90.64281,268.96666666666664,980.3111111111112
112,2026-04-15,2026-04-15 12:35:06,2.989333333333333,18.824333333333332,9.386666666666668,100.9,0.06333333333333334,-0.10666666666666667,0.4733333333333334,NA,0.12,248.16666666666663,161,172.7,8.2,37.89819,-90.64281333333334,268.8,980.3111111111112
112,2026-04-15,2026-04-15 12:35:09,3.042333333333333,18.831666666666667,9.39,100.9,0.09,-0.05333333333333334,0.46,NA,0.12,248.23333333333332,161,172.8,8.2,37.89819,-90.64282,268.6333333333333,980.2666666666668
112,2026-04-15,2026-04-15 12:35:12,3.1003333333333334,18.823666666666668,9.39,100.9,0.08666666666666667,0.04333333333333333,0.6133333333333334,NA,0.12,248.03333333333333,161,172.9,8.2,37.89819,-90.64282,268.46666666666664,980.3555555555556
112,2026-04-15,2026-04-15 12:35:15,3.2006666666666668,18.791333333333338,9.39,100.8,0.10333333333333332,0.03666666666666667,0.6933333333333334,NA,0.12,248.16666666666663,161,173,8.2,37.89819,-90.64282,268.4,980.3555555555556
112,2026-04-15,2026-04-15 12:35:21,3.29,18.801,9.386666666666668,100.83333333333331,0.04666666666666667,-0.11333333333333334,0.7033333333333334,NA,0.12,248.06666666666663,161,173.16666666666666,8.2,37.89819,-90.64282,269.1333333333333,980.4
112,2026-04-15,2026-04-15 12:35:24,3.348,18.749333333333333,9.393333333333334,100.8,0.07,-0.04,0.44,NA,0.12,248.36666666666667,161.33333333333334,173.23333333333332,8.2,37.89819,-90.64282,269.43333333333334,980.3555555555556
112,2026-04-15,2026-04-15 12:35:27,3.4396666666666667,18.739,9.386666666666668,100.73333333333332,0.08666666666666667,-0.02,0.5733333333333334,NA,0.12,248.23333333333332,161,173.36666666666667,8.2,37.89819,-90.64282,269.53333333333336,980.3555555555556
112,2026-04-15,2026-04-15 12:35:30,3.558666666666667,18.700333333333333,9.39,100.7,0.11,0.01333333333333333,0.45333333333333337,NA,0.12,248.36666666666667,161.33333333333334,173.46666666666667,8.2,37.89819,-90.64282,269.76666666666665,980.4
112,2026-04-15,2026-04-15 12:35:33,3.6403333333333334,18.681,9.41,100.8,0.07666666666666667,-0.03333333333333333,0.5766666666666667,NA,0.12,248.36666666666667,161.33333333333334,173.6,8.2,37.89819,-90.64282,270.1,980.4
112,2026-04-15,2026-04-15 12:35:36,3.715333333333333,18.647,9.41,100.8,0.04666666666666667,-0.06666666666666667,0.6966666666666667,NA,0.12,248.56666666666663,162,173.73333333333332,8.19,37.89819,-90.64282666666666,270.53333333333336,980.4
112,2026-04-15,2026-04-15 12:35:39,3.786666666666666,18.586,9.413333333333334,100.73333333333332,0.12333333333333334,-0.12333333333333334,0.6333333333333333,NA,0.12,248.6,162,173.8,8.19,37.89819,-90.64283,270.93333333333334,980.4
112,2026-04-15,2026-04-15 12:35:42,3.869,18.567,9.42,100.73333333333332,0.07666666666666666,-0.14666666666666667,0.58,NA,0.12,248.5,161.66666666666666,173.8,8.2,37.89819,-90.64283,271.1333333333333,980.3555555555556
112,2026-04-15,2026-04-15 12:35:45,3.9163333333333328,18.504,9.416666666666666,100.56666666666666,0.04,-0.1,0.56,NA,0.12,248.5,161.66666666666666,173.93333333333334,8.2,37.89819,-90.64283,271.1666666666667,980.4
112,2026-04-15,2026-04-15 12:35:48,4.004333333333333,18.367,9.43,100.46666666666668,0.05666666666666666,0.00666666666666666,0.4133333333333334,NA,0.12,248.96666666666667,162,174.13333333333333,8.19,37.89818,-90.64283,271.26666666666665,980.4
112,2026-04-15,2026-04-15 12:35:51,4.066333333333334,18.267333333333333,9.433333333333334,100.26666666666668,0.08,0.01666666666666666,0.4633333333333334,NA,0.12,249.03333333333333,162,174.23333333333332,8.19,37.89818,-90.64283,271.5333333333333,980.3111111111112
112,2026-04-15,2026-04-15 12:35:54,4.118,18.191666666666663,9.44,100.2,0.1,-0.01,0.66,NA,0.12,249.23333333333332,162,174.4,8.19,37.89818,-90.64283,271.93333333333334,980.3555555555556
112,2026-04-15,2026-04-15 12:35:57,4.183333333333333,18.122333333333337,9.44,100.06666666666666,0.06,-0.11333333333333331,0.7766666666666666,NA,0.12,249.2,162,174.46666666666667,8.19,37.89817,-90.64283,272.3666666666667,980.3555555555556
112,2026-04-15,2026-04-15 12:36:00,4.241333333333333,18.054666666666662,9.46,100.13333333333333,0.09,-0.04333333333333333,0.49,NA,0.12,249,162,174.63333333333333,8.19,37.89817,-90.64284,272.56666666666666,980.3555555555556
112,2026-04-15,2026-04-15 12:36:03,4.317333333333333,17.951,9.476666666666668,100.1,0.04999999999999999,0.03,0.67,NA,0.12,248.86666666666667,162,174.8,8.19,37.89817,-90.64284,272.7,980.4
112,2026-04-15,2026-04-15 12:36:06,4.379333333333333,17.907666666666668,9.496666666666666,100.2,0.07333333333333333,-0.08666666666666666,0.7000000000000001,NA,0.12,248.63333333333333,162,174.8,8.19,37.89817,-90.64284,272.96666666666664,980.4
112,2026-04-15,2026-04-15 12:36:09,4.447333333333334,17.846,9.516666666666666,100.26666666666668,0.06666666666666667,-0.08333333333333333,0.5533333333333333,NA,0.12,248.86666666666667,162,174.86666666666667,8.19,37.89816666666667,-90.64284,273.1666666666667,980.4
112,2026-04-15,2026-04-15 12:36:12,4.495333333333334,17.863333333333333,9.513333333333334,100.26666666666668,0.08333333333333333,-0.04999999999999999,0.75,NA,0.12,248.6,161.66666666666666,175.03333333333333,8.19,37.89816,-90.64284,273.46666666666664,980.3555555555556
112,2026-04-15,2026-04-15 12:36:15,4.551333333333333,17.686333333333334,9.503333333333334,99.9,0.07666666666666667,-0.07666666666666667,0.6833333333333333,NA,0.12,249.53333333333333,162.33333333333334,175.16666666666666,8.19,37.89816,-90.64284,273.6666666666667,980.3111111111112
112,2026-04-15,2026-04-15 12:36:18,4.620333333333333,17.558333333333334,9.526666666666666,99.76666666666668,0.05666666666666667,-0.08333333333333334,0.54,NA,0.12,250.03333333333333,162.33333333333334,175.36666666666667,8.19,37.89816,-90.64284,273.7,980.3111111111112
112,2026-04-15,2026-04-15 12:36:21,4.688666666666667,17.335666666666665,9.55,99.66666666666669,0.10666666666666667,0.05666666666666667,0.6666666666666666,NA,0.12,250.8,163,175.56666666666666,8.19,37.89816,-90.64284,274,980.2666666666668
112,2026-04-15,2026-04-15 12:36:24,4.762666666666666,17.300333333333334,9.6,100.06666666666666,0.09,-0.10666666666666667,0.79,NA,0.12,250.26666666666665,163,175.76666666666668,8.183333333333334,37.89816,-90.64284,274.03333333333336,980.2666666666668
112,2026-04-15,2026-04-15 12:36:27,4.826,17.144333333333332,9.643333333333334,100.2,0.07,-0.09666666666666666,0.5666666666666667,NA,0.12,251.06666666666663,163,175.93333333333334,8.18,37.89816,-90.64284,274.1333333333333,980.3555555555556
112,2026-04-15,2026-04-15 12:36:30,4.897666666666667,17.023666666666667,9.523333333333332,98.73333333333332,0.05333333333333334,-0.02,0.7633333333333333,NA,0.12,250.76666666666668,163,176.16666666666666,8.18,37.89816,-90.64284,274.1,980.3111111111112
112,2026-04-15,2026-04-15 12:36:33,4.940666666666667,16.872333333333334,9.556666666666668,98.7,0.07333333333333333,-0.06333333333333334,0.7366666666666667,NA,0.12,250.53333333333333,163,176.33333333333334,8.176666666666666,37.89816,-90.64283666666668,273.93333333333334,980.2666666666668
112,2026-04-15,2026-04-15 12:36:36,4.9896666666666665,16.889666666666667,9.533333333333331,98.43333333333334,0.08,-0.01666666666666666,0.5933333333333334,NA,0.12,249.7,162.33333333333334,176.5,8.17,37.89816,-90.64283,273.73333333333335,980.3555555555556
112,2026-04-15,2026-04-15 12:36:39,5.070666666666667,16.593333333333334,9.493333333333334,97.6,0.08,-0.02666666666666666,0.83,NA,0.12,250.6,163,176.73333333333332,8.17,37.89816333333333,-90.64283,273.7,980.3111111111112
112,2026-04-15,2026-04-15 12:36:42,5.132333333333333,16.178666666666665,9.55,97.26666666666668,0.1,-0.04666666666666667,0.8133333333333334,NA,0.12,251.73333333333335,163.66666666666666,177,8.17,37.89816333333333,-90.64283,273.73333333333335,980.2666666666668
112,2026-04-15,2026-04-15 12:36:45,5.207333333333334,16.101333333333333,9.516666666666667,96.73333333333332,0.08,-0.09,0.5766666666666667,NA,0.12,250.4,163,177.3,8.16,37.89816,-90.64283,273.76666666666665,980.3111111111112
112,2026-04-15,2026-04-15 12:36:48,5.293333333333333,15.479333333333331,9.443333333333332,95,0.09,0.03333333333333333,0.8,NA,0.12,251.76666666666665,163.66666666666666,177.6,8.156666666666666,37.89816333333333,-90.64283,273.6,980.3111111111112
112,2026-04-15,2026-04-15 12:36:51,5.355666666666666,14.983333333333334,9.51,94.46666666666668,0.08,-0.02,0.91,NA,0.12,252.76666666666668,164,178.06666666666666,8.15,37.89816,-90.64283,273.4,980.3111111111112
112,2026-04-15,2026-04-15 12:36:54,5.3999999999999995,14.608,9.566666666666666,94.16666666666669,0.08666666666666667,-0.04999999999999999,0.9,NA,0.12,253.7,165,178.56666666666666,8.143333333333334,37.89817,-90.64283,273.2,980.4
112,2026-04-15,2026-04-15 12:36:57,5.468666666666667,14.449666666666667,9.556666666666668,93.76666666666668,0.04,-0.06666666666666667,0.8233333333333334,NA,0.12,253.26666666666665,164.66666666666666,178.93333333333334,8.126666666666667,37.89817,-90.64283,272.9,980.3111111111112
112,2026-04-15,2026-04-15 12:37:00,5.525,14.404333333333334,9.49,93.03333333333332,0.10666666666666667,-0.1,0.7066666666666667,NA,0.12,252.53333333333333,164,179.2,8.113333333333333,37.89817,-90.64283,272.6666666666667,980.2666666666668
112,2026-04-15,2026-04-15 12:37:03,5.593666666666667,14.270666666666669,9.453333333333331,92.33333333333331,0.08,0.01,0.7033333333333334,NA,0.12,252.23333333333332,164,179.46666666666667,8.1033333333333335,37.89817,-90.64282666666666,272.23333333333335,980.3555555555556
112,2026-04-15,2026-04-15 12:37:06,5.659666666666666,14.150333333333334,9.323333333333334,90.93333333333334,0.08333333333333333,-0.03666666666666667,0.91,NA,0.12,251.8,163.66666666666666,179.83333333333334,8.09,37.89817,-90.64282,272.26666666666665,980.3111111111112
112,2026-04-15,2026-04-15 12:37:09,5.691666666666666,14.038666666666666,9.423333333333334,91.63333333333334,0.03333333333333333,-0.09666666666666666,0.7166666666666667,NA,0.12,252.06666666666663,164,180.3,8.08,37.89817,-90.64282,272.1666666666667,980.2666666666668
112,2026-04-15,2026-04-15 12:37:12,5.730666666666667,13.162666666666668,9.496666666666666,90.8,0.08333333333333334,0.02333333333333333,0.7866666666666667,NA,0.12,255.06666666666663,165.66666666666666,180.9,8.076666666666666,37.89817,-90.64282,272.1333333333333,980.3555555555556
112,2026-04-15,2026-04-15 12:37:15,5.791333333333333,12.959333333333332,9.51,90.26666666666668,0.08666666666666667,-0.01333333333333333,0.8233333333333333,NA,0.12,254.8,165.66666666666666,181.4,8.056666666666667,37.89817,-90.64282,272.26666666666665,980.3111111111112
112,2026-04-15,2026-04-15 12:37:18,5.853666666666666,12.599333333333334,9.533333333333331,89.96666666666667,0.1,-0.02,0.9633333333333334,NA,0.12,256.03333333333336,166.33333333333334,181.93333333333337,8.043333333333333,37.89817,-90.64281666666666,272.3333333333333,980.3111111111112
112,2026-04-15,2026-04-15 12:37:21,5.925666666666666,12.18,9.623333333333331,89.73333333333333,0.06666666666666667,-0.12,0.9266666666666666,NA,0.12,256.66666666666663,166.66666666666666,182.23333333333332,8.033333333333333,37.89817,-90.64281,272.5333333333333,980.2666666666668
112,2026-04-15,2026-04-15 12:37:24,6.003333333333333,11.797333333333334,9.6,88.96666666666667,0.07666666666666667,0.05333333333333334,0.8566666666666667,NA,0.12,254.5,165.66666666666666,182.46666666666667,8.02,37.89817,-90.64281,272.8666666666667,980.2666666666668
112,2026-04-15,2026-04-15 12:37:27,6.069,11.469333333333331,9.57,87.86666666666666,0.07333333333333333,0.02333333333333333,1.0266666666666666,NA,0.12,253.8,165,182.9,8.01,37.89817,-90.64281,272.93333333333334,980.3111111111112
112,2026-04-15,2026-04-15 12:37:30,6.118333333333333,11.259666666666666,9.626666666666669,87.9,0.04,-0.08,0.86,NA,0.12,253.86666666666667,165,183.36666666666667,8,37.89817,-90.64281,272.8666666666667,980.2666666666668
112,2026-04-15,2026-04-15 12:37:33,6.198333333333333,11.288333333333334,9.563333333333333,87.36666666666667,0.06666666666666667,0,0.95,NA,0.12,251.66666666666663,164,183.7,7.99,37.89817,-90.64281,272.93333333333334,980.3111111111112
112,2026-04-15,2026-04-15 12:37:36,6.269666666666667,10.796,9.556666666666668,86.53333333333333,0.07,0.05666666666666667,1.0133333333333334,NA,0.12,254.83333333333331,165.66666666666666,184,7.98,37.89816,-90.64281,273.23333333333335,980.2666666666668
112,2026-04-15,2026-04-15 12:37:39,6.319,10.605666666666666,9.69,87.06666666666666,0.07666666666666667,0.02666666666666666,0.77,NA,0.12,255.4,166,184.26666666666668,7.976666666666667,37.89816,-90.64281,273.26666666666665,980.3111111111112
112,2026-04-15,2026-04-15 12:37:42,6.389,10.719333333333331,9.59,86.43333333333334,0.06,-0.01,0.7633333333333333,NA,0.12,252.96666666666667,164.33333333333334,184.5,7.966666666666667,37.89816333333333,-90.64281,273.3333333333333,980.3111111111112
112,2026-04-15,2026-04-15 12:37:45,6.455,10.607666666666669,9.57,86.13333333333333,0.09,0.12333333333333334,0.6900000000000001,NA,0.12,252.56666666666663,164,184.8,7.956666666666667,37.89816666666667,-90.64281,273.3666666666667,980.3111111111112
112,2026-04-15,2026-04-15 12:37:48,6.524333333333334,10.469,9.546666666666669,85.66666666666667,0.08333333333333334,0.06,0.9433333333333334,NA,0.12,253.23333333333335,164.33333333333334,185.06666666666663,7.95,37.89817,-90.64281,273.3666666666667,980.3111111111112
112,2026-04-15,2026-04-15 12:37:51,6.589333333333333,10.185,9.56,85.2,0.08333333333333333,-0.02666666666666666,0.9033333333333332,NA,0.12,252.83333333333331,164.33333333333334,185.4,7.946666666666667,37.89816666666667,-90.64281,273.7,980.3111111111112
112,2026-04-15,2026-04-15 12:37:54,6.653666666666667,10.058333333333334,9.61,85.33333333333333,0.08666666666666667,0.04,0.9766666666666668,NA,0.12,252.63333333333333,164,185.76666666666668,7.936666666666667,37.89816,-90.64281,274.03333333333336,980.2666666666668
112,2026-04-15,2026-04-15 12:38:00,6.721,10.088,9.54,84.73333333333333,0.12,0.02333333333333333,0.96,NA,0.12,252.2,164,186.1,7.916666666666667,37.89816,-90.64282,274.23333333333335,980.3111111111112
112,2026-04-15,2026-04-15 12:38:03,6.767666666666667,9.996333333333334,9.48,84.1,0.10333333333333332,0.06666666666666667,0.8133333333333334,NA,0.12,251.7,163.66666666666666,186.33333333333337,7.906666666666667,37.89816,-90.64282,274.4,980.2666666666668
112,2026-04-15,2026-04-15 12:38:06,6.835333333333334,9.924,9.473333333333333,83.83333333333333,0.11,0.01333333333333333,1.09,NA,0.12,250.7,163,186.56666666666663,7.896666666666667,37.89816,-90.64282,274.96666666666664,980.3111111111112
112,2026-04-15,2026-04-15 12:38:09,6.91,9.773666666666667,9.446666666666664,83.33333333333333,0.05666666666666667,0.07666666666666666,1.1666666666666667,NA,0.12,249.73333333333332,162.33333333333334,186.9,7.886666666666667,37.89816,-90.64282333333334,275.4,980.2666666666668
112,2026-04-15,2026-04-15 12:38:12,6.969666666666667,9.685333333333334,9.436666666666666,83.03333333333333,0.06333333333333334,-0.01333333333333333,0.8266666666666667,NA,0.12,248.76666666666665,162,187.2,7.873333333333333,37.89815,-90.64283,276.1333333333333,980.3111111111112
112,2026-04-15,2026-04-15 12:38:15,7.019333333333334,9.756666666666666,9.393333333333333,82.73333333333333,0.08333333333333333,0.06666666666666667,0.7000000000000001,NA,0.12,247.86666666666667,161,187.4,7.863333333333333,37.89815,-90.64283,276.3666666666667,980.2666666666668
112,2026-04-15,2026-04-15 12:38:18,7.068666666666666,9.689666666666666,9.36,82.43333333333334,0.07333333333333333,0.07666666666666666,0.9033333333333332,NA,0.12,247.7,161,187.6,7.86,37.89815,-90.64283333333334,276.6666666666667,980.3111111111112
112,2026-04-15,2026-04-15 12:38:21,7.123333333333333,9.593666666666666,9.366666666666664,82.26666666666667,0.07666666666666667,0.03333333333333333,0.7766666666666666,NA,0.12,248.43333333333337,161.66666666666666,187.7,7.85,37.89815,-90.64284,276.7,980.3111111111112
112,2026-04-15,2026-04-15 12:38:27,7.162333333333334,9.447333333333331,9.303333333333333,81.43333333333334,0.1,0.12666666666666668,0.9266666666666666,NA,0.12,248.36666666666667,161.33333333333334,188.03333333333333,7.833333333333333,37.89815,-90.64284,276.8666666666667,980.2666666666668
112,2026-04-15,2026-04-15 12:38:30,7.191,9.378,9.273333333333332,81,0.09666666666666666,0.07333333333333333,0.91,NA,0.12,248.4,161.33333333333334,188.2,7.83,37.89815,-90.64284,276.93333333333334,980.3111111111112
112,2026-04-15,2026-04-15 12:38:33,7.231,9.303,9.24,80.6,0.1,-0.05333333333333333,0.6033333333333334,NA,0.12,248.9,162,188.43333333333337,7.82,37.89815,-90.64284,276.7,980.2666666666668
112,2026-04-15,2026-04-15 12:38:36,7.266,9.265666666666666,9.21,80.2,0.09666666666666666,0.04666666666666667,0.88,NA,0.12,248.96666666666667,162,188.63333333333333,7.816666666666666,37.89815,-90.64284,277.1333333333333,980.2666666666668
112,2026-04-15,2026-04-15 12:38:39,7.299,9.236333333333334,9.173333333333334,79.86666666666667,0.08,0.11666666666666668,1.04,NA,0.12,249,162,188.83333333333337,7.81,37.89815,-90.64284,277.0333333333333,980.2666666666668
112,2026-04-15,2026-04-15 12:38:42,7.355333333333333,9.150666666666666,9.14,79.43333333333334,0.08333333333333334,0.07333333333333333,0.7033333333333334,NA,0.12,249.5,162,189.06666666666663,7.8,37.89815,-90.64284,276.3666666666667,980.2666666666668
112,2026-04-15,2026-04-15 12:38:45,7.438333333333333,9.080333333333334,9.106666666666666,79.03333333333333,0.07666666666666666,0.15333333333333335,0.6766666666666666,NA,0.12,249.6,162,189.3,7.8,37.89815,-90.642846666666685,276.26666666666665,980.2666666666668
112,2026-04-15,2026-04-15 12:38:48,7.498666666666667,9.039666666666667,9.1033333333333335,78.86666666666667,0.09333333333333334,0.11666666666666668,0.93,NA,0.12,249.6,162,189.56666666666663,7.79,37.89815,-90.64285,276.03333333333336,980.2666666666668
112,2026-04-15,2026-04-15 12:38:51,7.563333333333333,8.936666666666667,9.063333333333334,78.36666666666667,0.05333333333333334,0.06666666666666667,0.8233333333333334,NA,0.12,250.36666666666667,163,189.83333333333337,7.783333333333333,37.89815333333333,-90.64285,276.06666666666666,980.2666666666668
112,2026-04-15,2026-04-15 12:38:54,7.631,8.950333333333333,9.016666666666666,77.9,0.07666666666666666,0.11,0.8233333333333334,NA,0.12,250.13333333333333,162.66666666666666,190.03333333333333,7.78,37.89816,-90.64285,276.23333333333335,980.2666666666668
112,2026-04-15,2026-04-15 12:38:57,7.661,8.991999999999999,8.956666666666667,77.53333333333333,0.05333333333333333,0.10666666666666667,1.0033333333333334,NA,0.12,249.86666666666667,162,190.1,7.77,37.89816,-90.642846666666685,276.43333333333334,980.2666666666668
112,2026-04-15,2026-04-15 12:39:00,7.727,8.899333333333333,8.933333333333334,77.2,0.09333333333333334,0.04333333333333333,0.8333333333333334,NA,0.12,249.9,162.33333333333334,190.36666666666667,7.77,37.89816,-90.64285,276.56666666666666,980.2666666666668
112,2026-04-15,2026-04-15 12:39:03,7.833666666666667,8.769333333333334,8.923333333333334,76.8,0.07333333333333333,0.02,0.81,NA,0.12,250.56666666666663,163,190.8,7.76,37.89816,-90.642846666666685,276.3,980.2222222222224
112,2026-04-15,2026-04-15 12:39:06,7.879333333333333,8.744333333333334,8.893333333333334,76.53333333333333,0.08,0.13,0.8333333333333334,NA,0.12,250.56666666666663,163,191.03333333333333,7.753333333333333,37.89816,-90.64285,275.8333333333333,980.2666666666668
112,2026-04-15,2026-04-15 12:39:09,7.98,8.643,8.85,75.96666666666667,0.05,0.09,0.9533333333333334,NA,0.12,251.1,163,192.2,7.73,37.89816,-90.64285,275.6333333333333,980.2666666666668
112,2026-04-15,2026-04-15 12:39:12,8.039,8.550666666666666,8.826666666666666,75.6,0.04,0.05333333333333334,0.93,NA,0.12,251.76666666666668,164,193.56666666666663,7.703333333333333,37.89816,-90.64285,275.53333333333336,980.2666666666668
112,2026-04-15,2026-04-15 12:39:15,8.115666666666666,8.537,8.78,75.2,0.06666666666666667,0.14666666666666667,0.8833333333333333,NA,0.12,251.86666666666667,164,194.43333333333337,7.686666666666667,37.89816,-90.64285,275.4,980.2666666666668
112,2026-04-15,2026-04-15 12:39:18,8.166666666666668,8.426333333333334,8.743333333333334,74.63333333333333,0.07333333333333333,0.06666666666666667,1.3133333333333332,NA,0.12,252.73333333333335,164,195.36666666666667,7.67,37.89816,-90.64285,275.1666666666667,980.2666666666668
112,2026-04-15,2026-04-15 12:39:21,8.234,8.384,8.68,74,0.08666666666666667,0.03333333333333333,1.1233333333333333,NA,0.12,252.5,164,196.16666666666663,7.653333333333333,37.89816,-90.64285,274.8333333333333,980.2666666666668
112,2026-04-15,2026-04-15 12:39:24,8.308333333333334,8.344666666666667,8.64,73.63333333333334,0.08333333333333334,0.08333333333333334,0.7266666666666667,NA,0.12,252.6,164,196.5,7.64,37.89816,-90.64285,274.8,980.3111111111112
112,2026-04-15,2026-04-15 12:39:27,8.380333333333333,8.255333333333333,8.6033333333333335,73.16666666666667,0.08,0.19666666666666663,1.0666666666666669,NA,0.12,253.4,165,196.73333333333332,7.636666666666667,37.89816,-90.642846666666685,274.73333333333335,980.2666666666668
112,2026-04-15,2026-04-15 12:39:30,8.506,8.234333333333334,8.563333333333334,72.76666666666667,0.08333333333333333,0.1,0.7833333333333333,NA,0.12,253.03333333333333,164.33333333333334,197.16666666666663,7.626666666666667,37.89816,-90.64284,274.5,980.2666666666668
112,2026-04-15,2026-04-15 12:39:33,8.590666666666667,8.151333333333334,8.52,72.3,0.06666666666666667,0.12666666666666668,0.8166666666666667,NA,0.12,253.5,165,197.56666666666663,7.616666666666667,37.89816,-90.64284,274.26666666666665,980.2666666666668
112,2026-04-15,2026-04-15 12:39:36,8.703333333333333,8.074333333333334,8.486666666666666,71.9,0.07666666666666667,0.22666666666666668,0.9766666666666668,NA,0.12,253.86666666666667,165,198,7.606666666666667,37.89816,-90.64284,274.26666666666665,980.2666666666668
112,2026-04-15,2026-04-15 12:39:39,8.829,8.01,8.453333333333333,71.5,0.02333333333333333,0.09333333333333334,0.94,NA,0.12,254.36666666666667,165,198.63333333333333,7.596666666666667,37.89816,-90.64284333333332,274.1333333333333,980.3111111111112
112,2026-04-15,2026-04-15 12:39:42,8.902999999999999,7.968333333333334,8.413333333333334,71.06666666666666,0.04,0.07,1.0166666666666666,NA,0.12,254.56666666666663,165.33333333333334,199.1,7.583333333333333,37.89816,-90.64284333333332,273.96666666666664,980.2222222222224
112,2026-04-15,2026-04-15 12:39:45,9.009333333333334,7.876,8.39,70.7,0.06333333333333334,0.14333333333333334,0.7,NA,0.12,254.7,166,199.46666666666667,7.573333333333333,37.89816,-90.64284,273.73333333333335,980.3111111111112
112,2026-04-15,2026-04-15 12:39:48,9.092666666666666,7.823666666666667,8.323333333333334,70.03333333333333,0.05666666666666667,0.14666666666666667,0.7966666666666666,NA,0.12,255,166,199.9,7.563333333333333,37.89816,-90.64284,273.8666666666667,980.2666666666668
112,2026-04-15,2026-04-15 12:39:51,9.199333333333334,7.761333333333334,8.253333333333334,69.33333333333333,0.04666666666666667,0.13333333333333333,0.4866666666666667,NA,0.12,254.9,166,200.23333333333335,7.55,37.89816,-90.642846666666685,273.96666666666664,980.2666666666668
112,2026-04-15,2026-04-15 12:39:54,9.303333333333333,7.711666666666667,8.183333333333334,68.63333333333334,0.07,0.20333333333333337,0.6033333333333333,NA,0.12,255.23333333333332,166,200.6,7.54,37.89816,-90.64285,274.1,980.2666666666668
112,2026-04-15,2026-04-15 12:39:57,9.360333333333331,7.718,8.07,67.73333333333333,0.04666666666666667,0.09666666666666666,0.7033333333333333,NA,0.12,255.03333333333333,166,201,7.53,37.89816,-90.64285,274.2,980.2666666666668
112,2026-04-15,2026-04-15 12:40:00,9.401333333333334,7.716333333333333,7.993333333333333,67.1,0.05,0.12333333333333334,0.6266666666666667,NA,0.12,254.76666666666668,165.66666666666666,201.3,7.52,37.89816,-90.64285,274.6666666666667,980.2666666666668
112,2026-04-15,2026-04-15 12:40:03,9.469333333333331,7.582,7.93,66.36666666666667,0.10333333333333332,0.16333333333333333,0.7266666666666667,NA,0.12,255.63333333333333,166,201.6,7.506666666666667,37.89816,-90.64285,274.93333333333334,980.2666666666668
112,2026-04-15,2026-04-15 12:40:06,9.580666666666668,7.527,7.873333333333333,65.73333333333333,0.04333333333333333,0.19666666666666668,0.9666666666666668,NA,0.12,256.1333333333333,166.33333333333334,201.9,7.5,37.89816,-90.64285,274.9,980.2666666666668
112,2026-04-15,2026-04-15 12:40:09,9.683333333333334,7.512333333333333,7.793333333333333,65.06666666666666,0.02333333333333333,0.15333333333333332,0.7966666666666666,NA,0.12,256.1,166.33333333333334,202.3,7.49,37.89816,-90.64284,275.1333333333333,980.2222222222224
112,2026-04-15,2026-04-15 12:40:12,9.766,7.493666666666666,7.71,64.4,0.07333333333333333,0.22333333333333336,0.8099999999999999,NA,0.12,255.93333333333337,166,202.6,7.48,37.89816,-90.64284,275.43333333333334,980.2666666666668
112,2026-04-15,2026-04-15 12:40:15,9.83,7.459,7.65,63.8,0.06666666666666667,0.25,0.7366666666666667,NA,0.12,256,166,202.9,7.47,37.89816,-90.64284,275.53333333333336,980.2666666666668
112,2026-04-15,2026-04-15 12:40:18,9.955333333333334,7.395666666666667,7.59,63.2,0.03333333333333333,0.14,0.6866666666666666,NA,0.12,256.23333333333335,167,203.3,7.456666666666667,37.89816,-90.64284,275.26666666666665,980.2666666666668
112,2026-04-15,2026-04-15 12:40:27,10.033,7.397666666666667,7.403333333333333,61.63333333333333,0.02,0.16333333333333333,0.7933333333333333,NA,0.12,255.96666666666667,166,204.1,7.43,37.89815,-90.64285,276.4,980.2666666666668
112,2026-04-15,2026-04-15 12:40:30,10.081666666666669,7.363666666666667,7.36,61.2,0.03666666666666667,0.17,0.6033333333333334,NA,0.12,256.1333333333333,166.33333333333334,204.4,7.42,37.898156666666665,-90.64285,275.1333333333333,980.2222222222224
112,2026-04-15,2026-04-15 12:40:33,10.118333333333334,7.325,7.316666666666666,60.8,0.05666666666666666,0.19,0.9266666666666666,NA,0.12,256.1,166.33333333333334,204.66666666666663,7.413333333333333,37.89816,-90.64285,273.3,980.2666666666668
112,2026-04-15,2026-04-15 12:40:36,10.161333333333332,7.280333333333333,7.286666666666666,60.5,0.04,0.2066666666666667,0.7333333333333334,NA,0.12,256.3333333333333,167,205,7.403333333333333,37.89816666666667,-90.64285,272.3666666666667,980.2222222222224
112,2026-04-15,2026-04-15 12:40:39,10.207,7.268666666666666,7.24,60.1,-0.00666666666666666,0.19333333333333333,0.59,NA,0.12,256.3666666666667,167,205.23333333333332,7.4,37.89817,-90.64285,272,980.2222222222224
112,2026-04-15,2026-04-15 12:40:42,10.265666666666666,7.229666666666667,7.206666666666667,59.766666666666666,0.02,0.18666666666666668,0.78,NA,0.12,256.5,167,205.46666666666667,7.39,37.89817,-90.64285,272.56666666666666,980.2666666666668
112,2026-04-15,2026-04-15 12:40:45,10.308333333333334,7.229333333333333,7.18,59.53333333333333,0.03666666666666667,0.14333333333333334,0.8366666666666667,NA,0.12,256.4,167,205.66666666666663,7.383333333333333,37.89817,-90.64285,272.93333333333334,980.2222222222224
112,2026-04-15,2026-04-15 12:40:48,10.421,7.176666666666667,7.153333333333333,59.233333333333334,0.02333333333333333,0.23333333333333336,0.8133333333333334,NA,0.12,256.43333333333334,167,205.93333333333337,7.376666666666667,37.89816,-90.64286,273.2,980.2222222222224
112,2026-04-15,2026-04-15 12:40:51,10.474,7.158666666666667,7.12,58.93333333333333,0.04333333333333333,0.17666666666666667,0.8099999999999999,NA,0.12,256.43333333333334,167,206.13333333333333,7.37,37.89816,-90.64286333333334,272.66666666666663,980.2666666666668
112,2026-04-15,2026-04-15 12:40:54,10.523666666666667,7.155666666666667,7.1,58.766666666666666,0.03,0.18,0.7066666666666667,NA,0.12,256.53333333333336,167,206.3,7.363333333333333,37.89816666666667,-90.64287,272.26666666666665,980.2666666666668
112,2026-04-15,2026-04-15 12:40:57,10.571333333333332,7.147666666666667,7.083333333333333,58.6,0.02666666666666667,0.19333333333333333,0.6333333333333333,NA,0.12,256.3666666666667,167,206.53333333333333,7.356666666666667,37.89817,-90.64288,272,980.2666666666668
112,2026-04-15,2026-04-15 12:41:00,10.661666666666669,7.124666666666667,7.083333333333333,58.6,0.03333333333333333,0.2066666666666667,0.79,NA,0.12,256.3333333333333,166.66666666666666,206.76666666666668,7.35,37.89817,-90.64288,271.8666666666667,980.2666666666668
112,2026-04-15,2026-04-15 12:41:03,10.732,7.106,7.083333333333333,58.56666666666667,0.03666666666666667,0.16666666666666666,0.87,NA,0.12,256.3666666666667,167,206.96666666666667,7.34,37.89817,-90.64288,271.8666666666667,980.2666666666668
112,2026-04-15,2026-04-15 12:41:06,10.816333333333333,7.089333333333333,7.07,58.4,0.02333333333333333,0.11666666666666668,0.6433333333333333,NA,0.12,256.43333333333334,167,207.2,7.336666666666667,37.89816666666667,-90.64288,271.93333333333334,980.2222222222224
112,2026-04-15,2026-04-15 12:41:09,10.934,7.071,7.043333333333333,58.16666666666667,0.03,0.19666666666666663,0.7133333333333334,NA,0.12,256.53333333333336,167,207.46666666666667,7.326666666666667,37.89816,-90.64288,272.3333333333333,980.2666666666668
112,2026-04-15,2026-04-15 12:41:12,10.967666666666666,7.067666666666667,7.01,57.9,0.03666666666666667,0.2,0.8466666666666667,NA,0.12,256.4,167,207.76666666666668,7.32,37.89816,-90.64287333333334,273.43333333333334,980.2666666666668
112,2026-04-15,2026-04-15 12:41:15,11.035,7.054,6.98,57.6,0.05666666666666667,0.18,0.7133333333333334,NA,0.12,256.4,167,208,7.313333333333333,37.89816,-90.64287,274.4,980.2666666666668
112,2026-04-15,2026-04-15 12:41:18,11.124666666666666,7.043,6.95,57.3,0.05333333333333334,0.27,0.7033333333333334,NA,0.12,256.5,167,208.23333333333332,7.31,37.89816,-90.64287,274.43333333333334,980.2666666666668
112,2026-04-15,2026-04-15 12:41:21,11.276666666666667,7.016666666666667,6.91,57,0.03,0.13666666666666666,0.7366666666666667,NA,0.12,256.6333333333333,167,208.5,7.3,37.89816,-90.64287,274.43333333333334,980.2666666666668
112,2026-04-15,2026-04-15 12:41:24,11.368666666666666,7.008333333333333,6.87,56.63333333333333,0.03666666666666667,0.2,0.6133333333333333,NA,0.12,256.7,167,208.7,7.296666666666667,37.89816,-90.64287,274.9,980.2222222222224
112,2026-04-15,2026-04-15 12:41:27,11.492333333333333,6.996,6.823333333333333,56.233333333333334,0.04333333333333333,0.25333333333333335,0.7066666666666667,NA,0.12,256.43333333333334,167,208.93333333333337,7.29,37.89816,-90.64286666666666,275.06666666666666,980.2222222222224
112,2026-04-15,2026-04-15 12:41:30,11.652,6.99,6.78,55.9,0.05,0.13666666666666666,0.69,NA,0.12,256.7,167,209.16666666666663,7.29,37.89816,-90.64286,275.2,980.3111111111112
112,2026-04-15,2026-04-15 12:41:33,11.745666666666668,6.991666666666666,6.74,55.53333333333333,0.07333333333333333,0.15333333333333335,0.67,NA,0.12,256.8333333333333,167,209.36666666666667,7.28,37.89815333333333,-90.64286,275.7,980.2666666666668
112,2026-04-15,2026-04-15 12:41:36,11.818333333333332,6.987333333333334,6.7,55.2,0.05666666666666667,0.25333333333333335,0.5933333333333334,NA,0.12,256.8,167,209.56666666666663,7.28,37.89815,-90.64285333333332,276.56666666666666,980.2666666666668
219,2026-01-13,2026-01-13 12:44:06,0.007,5.3515,11.975,94.7,2.855,0.345,5.72,NA,0.09,198.4,129,166.7,7.91,38.99419,-92.48874,234.65,981.7333333333332
219,2026-01-13,2026-01-13 12:44:09,0.06366666666666666,5.294,12.026666666666667,94.96666666666668,3.09,0.41666666666666663,6.18,NA,0.09,197.8,128.66666666666666,166.3,7.933333333333334,38.99419,-92.48874,234.53333333333333,981.6
219,2026-01-13,2026-01-13 12:44:12,0.151,5.2700000000000005,12.096666666666666,95.4,2.92,0.4066666666666667,5.866666666666667,NA,0.09,197.16666666666663,128,166.83333333333334,7.96,38.99418666666667,-92.48874,234.6,981.6
219,2026-01-13,2026-01-13 12:44:15,0.20966666666666667,5.251333333333333,12.136666666666668,95.7,2.953333333333333,0.3933333333333333,5.88,NA,0.09,197.13333333333333,128,166.73333333333332,7.983333333333333,38.99418,-92.48874,234.63333333333333,981.5555555555557
219,2026-01-13,2026-01-13 12:44:18,0.257,5.242333333333334,12.17,95.96666666666668,2.9033333333333333,0.45,5.776666666666666,NA,0.09,196.9,128,166.76666666666665,8,38.99418,-92.48874,234.63333333333333,981.6444444444444
219,2026-01-13,2026-01-13 12:44:21,0.29833333333333334,5.214666666666667,12.206666666666669,96.16666666666669,3.1333333333333333,0.4633333333333333,6.293333333333333,NA,0.09,196.76666666666668,128,167.2,8.026666666666666,38.99417333333333,-92.48874,234.66666666666663,981.5555555555557
219,2026-01-13,2026-01-13 12:44:24,0.387,5.205666666666667,12.23,96.33333333333331,3.356666666666667,0.5233333333333333,6.38,NA,0.09,196.7,128,167,8.04,38.99417,-92.48874,234.33333333333337,981.6444444444444
219,2026-01-13,2026-01-13 12:44:27,0.45333333333333337,5.203666666666667,12.253333333333334,96.46666666666668,3.4566666666666666,0.58,6.9,NA,0.09,196.76666666666668,128,166.73333333333332,8.046666666666667,38.99417,-92.48874,234.36666666666667,981.6888888888888
219,2026-01-13,2026-01-13 12:44:30,0.539,5.197,12.27,96.66666666666669,3.776666666666667,0.6433333333333333,7.643333333333333,NA,0.09,196.7,128,166.96666666666667,8.06,38.99417,-92.48874,234.3,981.6
219,2026-01-13,2026-01-13 12:44:33,0.617,5.196,12.296666666666669,96.8,4.113333333333333,0.7,8.5,NA,0.09,196.76666666666668,128,166.5,8.063333333333334,38.99417,-92.48874,234.16666666666663,981.6444444444444
219,2026-01-13,2026-01-13 12:44:39,0.66,5.195666666666667,12.32,97.03333333333332,4.756666666666667,0.8433333333333333,9.846666666666668,NA,0.09,196.66666666666663,128,166.26666666666665,8.08,38.99416333333333,-92.48874,234.16666666666663,981.6444444444444
219,2026-01-13,2026-01-13 12:44:42,0.7316666666666667,5.191,12.333333333333334,97.1,5.09,0.95,10.17,NA,0.09,196.73333333333332,128,165.06666666666666,8.076666666666666,38.99417,-92.48874,233.86666666666667,981.6
219,2026-01-13,2026-01-13 12:44:45,0.775,5.189,12.353333333333332,97.26666666666668,5.463333333333333,0.9866666666666668,11.286666666666669,NA,0.09,197.03333333333333,128,165.53333333333333,8.086666666666666,38.99417,-92.48874,233.6,981.6
219,2026-01-13,2026-01-13 12:44:48,0.8226666666666667,5.193,12.366666666666664,97.36666666666667,5.456666666666666,1.0033333333333334,11.49,NA,0.09,197.03333333333333,128,166,8.1,38.99417,-92.48874,233.43333333333337,981.5555555555557
219,2026-01-13,2026-01-13 12:44:51,0.8683333333333333,5.197,12.373333333333331,97.43333333333334,5.38,1.0033333333333334,11.353333333333332,NA,0.09,196.96666666666667,128,166.16666666666666,8.106666666666666,38.99417,-92.48874,233.4,981.5555555555557
219,2026-01-13,2026-01-13 12:44:54,0.8973333333333333,5.197333333333334,12.386666666666668,97.53333333333332,5.383333333333334,0.8933333333333333,11.44,NA,0.09,197,128,166.06666666666666,8.113333333333333,38.99417,-92.48874,233.46666666666667,981.6444444444444
219,2026-01-13,2026-01-13 12:44:57,0.928,5.194,12.386666666666668,97.56666666666666,5.233333333333333,0.9466666666666668,11.386666666666668,NA,0.09,196.96666666666667,128,166.23333333333332,8.126666666666667,38.99417,-92.48874,233.56666666666663,981.5555555555557
219,2026-01-13,2026-01-13 12:45:00,0.9533333333333333,5.192666666666667,12.393333333333334,97.56666666666666,5.4,0.8766666666666667,11.063333333333333,NA,0.09,197,128,166.3,8.133333333333335,38.99417,-92.48874,233.5,981.5555555555557
219,2026-01-13,2026-01-13 12:45:03,0.98,5.1803333333333335,12.416666666666666,97.7,5.316666666666666,0.86,11.39,NA,0.09,197.13333333333333,128,166.23333333333332,8.14,38.99417,-92.48874666666669,233.46666666666667,981.6444444444444
219,2026-01-13,2026-01-13 12:45:06,1.02,5.187,12.42,97.8,5.140000000000001,0.77,10.956666666666669,NA,0.09,196.76666666666665,128,166.46666666666667,8.1466666666666665,38.99417,-92.48874,233.46666666666667,981.5555555555557
219,2026-01-13,2026-01-13 12:45:09,1.0663333333333334,5.191,12.43,97.83333333333331,5.426666666666667,0.8266666666666667,10.62,NA,0.09,196.73333333333332,128,166.1,8.15,38.99417,-92.48874,233.5,981.6444444444444
219,2026-01-13,2026-01-13 12:45:12,1.1106666666666667,5.1883333333333335,12.433333333333334,97.9,5.433333333333334,0.7233333333333333,11.24,NA,0.09,196.86666666666667,128,165.16666666666666,8.1466666666666665,38.99417,-92.48874,233.53333333333333,981.5111111111112
219,2026-01-13,2026-01-13 12:45:15,1.154,5.189,12.43,97.86666666666667,5.37,0.6833333333333333,11.716666666666669,NA,0.09,196.93333333333337,128,164.96666666666667,8.15,38.99417,-92.48874,233.3,981.5555555555557
219,2026-01-13,2026-01-13 12:45:18,1.1983333333333333,5.182333333333333,12.43,97.83333333333331,5.7,0.7266666666666667,12.093333333333334,NA,0.09,196.96666666666667,128,165.6,8.156666666666666,38.99417,-92.48874,233.06666666666663,981.4666666666668
219,2026-01-13,2026-01-13 12:45:21,1.241,5.1786666666666665,12.443333333333332,97.93333333333334,5.633333333333334,0.6466666666666667,11.933333333333334,NA,0.09,196.83333333333337,128,165.9,8.16,38.99416333333333,-92.48874,233.06666666666663,981.6
219,2026-01-13,2026-01-13 12:45:24,1.2986666666666666,5.172666666666666,12.44,97.9,5.716666666666667,0.6833333333333333,12.003333333333332,NA,0.09,196.76666666666668,128,166.33333333333334,8.17,38.99416,-92.48873333333334,233.13333333333333,981.5555555555557
219,2026-01-13,2026-01-13 12:45:27,1.353,5.1723333333333334,12.433333333333334,97.86666666666667,5.836666666666667,0.65,12.15,NA,0.09,196.8,128,166.46666666666667,8.17,38.99416,-92.48873,233.1,981.4666666666668
219,2026-01-13,2026-01-13 12:45:30,1.4023333333333334,5.1723333333333334,12.446666666666664,97.9,5.663333333333334,0.5833333333333334,11.936666666666667,NA,0.09,196.9,128,166.5,8.17,38.99416,-92.48873,233.26666666666668,981.5111111111112
219,2026-01-13,2026-01-13 12:45:33,1.4303333333333332,5.173666666666667,12.44,97.9,5.676666666666667,0.6233333333333333,12.103333333333332,NA,0.09,196.9,128,167.23333333333332,8.18,38.99416,-92.48873,233.16666666666663,981.5555555555557
219,2026-01-13,2026-01-13 12:45:36,1.458,5.176666666666667,12.44,97.9,5.516666666666667,0.6,12.116666666666667,NA,0.09,196.8,128,166.66666666666666,8.18,38.99415333333333,-92.48873,233.2,981.4666666666668
219,2026-01-13,2026-01-13 12:45:39,1.4933333333333334,5.174666666666667,12.44,97.9,5.4,0.5566666666666666,11.646666666666668,NA,0.09,196.56666666666663,128,167.03333333333333,8.183333333333334,38.99415,-92.48873,233.13333333333333,981.5555555555557
219,2026-01-13,2026-01-13 12:45:42,1.5556666666666668,5.174333333333333,12.44,97.9,5.403333333333333,0.5933333333333334,11.603333333333332,NA,0.09,196.9,128,166.4,8.18,38.99415,-92.48873,233.1,981.4666666666668
219,2026-01-13,2026-01-13 12:45:45,1.6063333333333334,5.172,12.443333333333332,97.93333333333334,5.44,0.57,11.406666666666666,NA,0.09,196.73333333333335,128,166.23333333333332,8.183333333333334,38.99414,-92.48873,232.8,981.5555555555557
219,2026-01-13,2026-01-13 12:45:48,1.656,5.172,12.45,98,5.466666666666667,0.6766666666666666,11.346666666666668,NA,0.09,196.56666666666663,128,165.93333333333334,8.19,38.99414,-92.48873333333334,232.6,981.5555555555557
219,2026-01-13,2026-01-13 12:45:51,1.6983333333333333,5.165666666666667,12.45,98,5.57,0.6333333333333333,11.546666666666669,NA,0.09,196.73333333333332,128,166.2,8.196666666666665,38.99414,-92.48874,232.5,981.5111111111112
219,2026-01-13,2026-01-13 12:45:54,1.7333333333333334,5.164,12.463333333333336,98.03333333333332,5.8133333333333335,0.7333333333333334,11.553333333333333,NA,0.09,196.9,128,165.83333333333334,8.19,38.99414,-92.48874,232.46666666666667,981.4666666666668
219,2026-01-13,2026-01-13 12:45:57,1.7836666666666667,5.161333333333333,12.46,98,5.586666666666667,0.75,11.836666666666668,NA,0.09,196.73333333333332,128,166,8.2,38.99414,-92.48873333333334,232.6,981.4666666666668
219,2026-01-13,2026-01-13 12:46:00,1.8203333333333336,5.158,12.466666666666669,98.1,5.706666666666667,0.8066666666666666,11.463333333333331,NA,0.09,196.76666666666668,128,165.76666666666665,8.2,38.994146666666666,-92.48873,232.6,981.5111111111112
219,2026-01-13,2026-01-13 12:46:03,1.881,5.156333333333333,12.47,98.1,5.626666666666667,0.7866666666666667,11.79,NA,0.09,196.96666666666667,128,166.03333333333333,8.2,38.99415,-92.48873666666668,232.5,981.4666666666668
219,2026-01-13,2026-01-13 12:46:06,1.9396666666666669,5.152666666666667,12.48,98.16666666666669,5.723333333333334,0.89,11.756666666666666,NA,0.09,196.93333333333337,128,165.8,8.2,38.99415,-92.48874,232.43333333333337,981.5111111111112
219,2026-01-13,2026-01-13 12:46:09,1.9863333333333333,5.156,12.48,98.16666666666669,5.583333333333333,0.8933333333333333,11.786666666666669,NA,0.09,196.86666666666667,128,165.56666666666666,8.2,38.99415,-92.48874,232.4,981.4666666666668
219,2026-01-13,2026-01-13 12:46:12,2.0436666666666667,5.1593333333333335,12.473333333333334,98.13333333333333,5.5633333333333335,0.87,11.323333333333334,NA,0.09,196.76666666666668,128,165.56666666666666,8.203333333333333,38.99415666666667,-92.48874,232.5,981.4666666666668
219,2026-01-13,2026-01-13 12:46:15,2.091666666666667,5.160333333333333,12.466666666666669,98.1,5.67,0.8666666666666667,11.723333333333333,NA,0.09,196.83333333333337,128,164.7,8.193333333333333,38.99416,-92.48873,232.5,981.5555555555557
219,2026-01-13,2026-01-13 12:46:18,2.127666666666667,5.161333333333333,12.463333333333336,98.06666666666666,5.71,0.9666666666666668,11.923333333333334,NA,0.09,196.8,128,165.06666666666666,8.2,38.99415333333333,-92.48873,232.36666666666667,981.4666666666668
219,2026-01-13,2026-01-13 12:46:21,2.1813333333333333,5.157666666666667,12.48,98.2,5.68,0.9766666666666668,11.933333333333334,NA,0.09,196.83333333333337,128,165.3,8.2,38.99415,-92.48873,232.5,981.5111111111112
219,2026-01-13,2026-01-13 12:46:24,2.231666666666667,5.152666666666667,12.48,98.13333333333333,5.66,0.99,11.883333333333333,NA,0.09,196.86666666666667,128,165.7,8.21,38.99415,-92.48873,232.53333333333333,981.5111111111112
219,2026-01-13,2026-01-13 12:46:27,2.269,5.152333333333333,12.486666666666666,98.23333333333332,5.593333333333334,1.0033333333333334,11.896666666666668,NA,0.09,196.83333333333337,128,165.66666666666666,8.213333333333335,38.99415,-92.48873,232.63333333333333,981.5111111111112
219,2026-01-13,2026-01-13 12:46:30,2.3056666666666668,5.155333333333333,12.48,98.13333333333333,5.706666666666667,1.04,11.43,NA,0.09,196.8,128,166.43333333333334,8.216666666666667,38.99415,-92.48873,232.63333333333333,981.5111111111112
219,2026-01-13,2026-01-13 12:46:33,2.3473333333333333,5.157,12.48,98.13333333333333,5.8566666666666665,1.0766666666666669,11.996666666666666,NA,0.09,196.7,128,166.26666666666668,8.216666666666667,38.99414,-92.48873,232.56666666666663,981.4666666666668
219,2026-01-13,2026-01-13 12:46:36,2.3936666666666664,5.155333333333333,12.48,98.13333333333333,5.746666666666666,1.04,11.806666666666668,NA,0.09,196.8,128,165.6,8.21,38.99414,-92.48873,232.6,981.5111111111112
219,2026-01-13,2026-01-13 12:46:39,2.44,5.157,12.48,98.16666666666669,5.81,1.0166666666666666,12.156666666666666,NA,0.09,196.83333333333337,128,165.2,8.203333333333333,38.99414,-92.48873,232.46666666666667,981.4666666666668
219,2026-01-13,2026-01-13 12:46:42,2.4876666666666667,5.156666666666666,12.476666666666668,98.13333333333333,5.833333333333333,1.0466666666666666,11.98,NA,0.09,196.83333333333337,128,164.63333333333333,8.203333333333333,38.99414,-92.48873,232.13333333333333,981.4666666666668
219,2026-01-13,2026-01-13 12:46:45,2.5326666666666666,5.157666666666667,12.48,98.16666666666669,5.666666666666666,0.9866666666666668,11.89,NA,0.09,196.7,128,164.1,8.193333333333333,38.994146666666666,-92.48873333333334,232.2,981.4666666666668
219,2026-01-13,2026-01-13 12:46:48,2.584,5.156666666666666,12.48,98.2,5.8133333333333335,0.9933333333333332,12.113333333333332,NA,0.09,196.73333333333335,128,165.26666666666665,8.206666666666667,38.99415,-92.48874,232,981.4666666666668
219,2026-01-13,2026-01-13 12:46:51,2.6283333333333334,5.157,12.48,98.2,5.68,0.98,11.84,NA,0.09,196.66666666666663,128,165.96666666666667,8.22,38.99415,-92.48874,232.06666666666663,981.4666666666668
219,2026-01-13,2026-01-13 12:46:54,2.6643333333333334,5.158,12.48,98.2,5.633333333333334,0.8833333333333333,11.476666666666668,NA,0.09,196.96666666666667,128,165.9,8.22,38.99415666666667,-92.48874,232.03333333333333,981.4222222222222
219,2026-01-13,2026-01-13 12:46:57,2.696,5.1546666666666665,12.483333333333334,98.2,5.566666666666666,0.8833333333333333,11.12,NA,0.09,196.8,128,165.9,8.223333333333334,38.99416,-92.48874,231.9,981.4666666666668
219,2026-01-13,2026-01-13 12:47:00,2.7656666666666667,5.149333333333334,12.493333333333334,98.3,5.609999999999999,0.8233333333333334,11.203333333333331,NA,0.09,196.7,128,165.03333333333333,8.216666666666667,38.99416,-92.48874,231.9,981.4666666666668
219,2026-01-13,2026-01-13 12:47:03,2.8216666666666668,5.145333333333333,12.49,98.2,5.71,0.7666666666666667,11.56,NA,0.09,196.8,128,166.13333333333333,8.23,38.99416,-92.48874,232.06666666666663,981.4666666666668
219,2026-01-13,2026-01-13 12:47:06,2.860666666666667,5.145666666666666,12.493333333333334,98.26666666666668,5.88,0.7466666666666667,12.01,NA,0.09,196.86666666666667,128,165.56666666666666,8.226666666666667,38.99416,-92.48874,232.36666666666667,981.4222222222222
219,2026-01-13,2026-01-13 12:47:09,2.915666666666666,5.145666666666666,12.486666666666666,98.2,5.876666666666667,0.7566666666666667,12.4,NA,0.09,196.96666666666667,128,164.73333333333332,8.22,38.99416,-92.48874,232.66666666666663,981.4666666666668
219,2026-01-13,2026-01-13 12:47:12,2.9733333333333336,5.145,12.48,98.13333333333333,5.903333333333333,0.7466666666666667,13.21,NA,0.09,197.13333333333333,128,163.93333333333334,8.21,38.99416,-92.48874,233.03333333333333,981.4666666666668
219,2026-01-13,2026-01-13 12:47:15,3.015,5.145333333333333,12.473333333333334,98.06666666666666,6.166666666666667,0.8266666666666667,12.866666666666667,NA,0.09,196.96666666666667,128,163.8,8.206666666666667,38.99416,-92.48874,233.26666666666668,981.4666666666668
219,2026-01-13,2026-01-13 12:47:18,3.066333333333333,5.142,12.47,98.06666666666666,5.913333333333333,0.7266666666666667,12.376666666666669,NA,0.09,196.83333333333337,128,165.7,8.223333333333334,38.99416,-92.48874,233.5,981.4666666666668
219,2026-01-13,2026-01-13 12:47:21,3.139666666666667,5.141,12.47,98.06666666666666,5.890000000000001,0.7033333333333333,12.14,NA,0.09,196.9,128,166.16666666666666,8.24,38.99416,-92.48873333333334,233.66666666666663,981.4222222222222
219,2026-01-13,2026-01-13 12:47:24,3.185666666666666,5.141333333333334,12.46,97.96666666666668,6.003333333333333,0.68,11.813333333333333,NA,0.09,197.1,128,166,8.24,38.99416,-92.48873,234.03333333333333,981.4666666666668
219,2026-01-13,2026-01-13 12:47:27,3.244,5.145333333333333,12.456666666666669,97.96666666666668,5.76,0.6733333333333333,11.606666666666666,NA,0.09,196.73333333333332,128,165.36666666666667,8.23,38.99416,-92.48873,234.2,981.4222222222222
219,2026-01-13,2026-01-13 12:47:30,3.287,5.145,12.463333333333336,98,5.816666666666666,0.5833333333333334,11.643333333333333,NA,0.09,196.86666666666667,128,165.66666666666669,8.236666666666666,38.99415333333333,-92.48873,234.4,981.4222222222222
219,2026-01-13,2026-01-13 12:47:33,3.336,5.144333333333333,12.453333333333331,97.93333333333334,5.923333333333333,0.6366666666666667,11.81,NA,0.09,196.73333333333332,128,165.53333333333333,8.233333333333334,38.99415,-92.48873,234.53333333333333,981.4666666666668
219,2026-01-13,2026-01-13 12:47:36,3.388,5.143,12.466666666666669,98.06666666666666,5.793333333333334,0.64,11.79,NA,0.09,196.76666666666668,128,165.93333333333334,8.24,38.99415,-92.48873,234.66666666666663,981.4666666666668
219,2026-01-13,2026-01-13 12:47:39,3.4403333333333332,5.143,12.463333333333336,98,5.926666666666667,0.6866666666666666,12.266666666666666,NA,0.09,197,128,165.6,8.236666666666666,38.99415,-92.48872333333334,234.9,981.4666666666668
219,2026-01-13,2026-01-13 12:47:42,3.494666666666667,5.142666666666667,12.463333333333336,98,6.073333333333333,0.7466666666666667,13.39,NA,0.09,196.96666666666667,128,165.03333333333333,8.23,38.99416,-92.48872,235.1,981.4666666666668
219,2026-01-13,2026-01-13 12:47:45,3.5563333333333333,5.144666666666667,12.45,97.9,6.173333333333334,0.7133333333333334,12.693333333333332,NA,0.09,196.9,128,165.1,8.23,38.99416,-92.48872,235,981.4222222222222
219,2026-01-13,2026-01-13 12:47:48,3.591666666666667,5.144,12.45,97.9,5.94,0.7633333333333333,12.483333333333333,NA,0.09,196.83333333333337,128,164.83333333333334,8.23,38.99416,-92.48872,234.93333333333337,981.4666666666668
219,2026-01-13,2026-01-13 12:47:51,3.6426666666666665,5.1433333333333335,12.456666666666669,97.96666666666668,5.84,0.7666666666666667,12.166666666666666,NA,0.09,196.76666666666665,128,165.33333333333334,8.23,38.99416,-92.48872,234.83333333333337,981.4666666666668
219,2026-01-13,2026-01-13 12:47:57,3.7,5.144333333333333,12.453333333333331,97.9,5.88,0.7766666666666667,12.643333333333333,NA,0.09,196.96666666666667,128,163.96666666666667,8.216666666666667,38.99416,-92.48873,235.13333333333333,981.4222222222222
219,2026-01-13,2026-01-13 12:48:00,3.735666666666667,5.145,12.45,97.93333333333334,6.096666666666667,0.9066666666666666,12.443333333333332,NA,0.09,196.9,128,164.9,8.23,38.99416,-92.48873,234.96666666666667,981.377777777778
219,2026-01-13,2026-01-13 12:48:03,3.7776666666666663,5.143,12.446666666666664,97.9,5.956666666666667,0.92,12.38,NA,0.09,196.73333333333332,128,164.46666666666667,8.22,38.99416,-92.48873,235.06666666666663,981.4222222222222
219,2026-01-13,2026-01-13 12:48:06,3.843,5.138333333333333,12.45,97.86666666666667,5.91,0.95,12.923333333333334,NA,0.09,196.86666666666667,128,165.26666666666668,8.233333333333334,38.99416333333333,-92.48873,235.13333333333333,981.4222222222222
219,2026-01-13,2026-01-13 12:48:09,3.9,5.138333333333334,12.453333333333331,97.93333333333334,6.14,1.0333333333333334,14.216666666666669,NA,0.09,196.76666666666668,128,164.93333333333334,8.233333333333334,38.994166666666665,-92.48873,234.86666666666667,981.3333333333334
219,2026-01-13,2026-01-13 12:48:12,3.943333333333334,5.14,12.45,97.9,6.183333333333334,1.0666666666666669,13.166666666666666,NA,0.09,196.83333333333337,128,164.96666666666667,8.23,38.99417,-92.48873,234.46666666666667,981.377777777778
219,2026-01-13,2026-01-13 12:48:15,3.998666666666667,5.141666666666667,12.45,97.9,6.293333333333333,1.12,13.78,NA,0.09,196.86666666666667,128,164.26666666666665,8.223333333333334,38.99416333333333,-92.48873,234.86666666666667,981.4666666666668
219,2026-01-13,2026-01-13 12:48:18,4.035333333333333,5.141666666666667,12.446666666666664,97.86666666666667,6.366666666666666,1.153333333333333,13.086666666666666,NA,0.09,196.76666666666668,128,163.43333333333334,8.213333333333335,38.99416,-92.48873,235.13333333333333,981.377777777778
219,2026-01-13,2026-01-13 12:48:21,4.065666666666667,5.139333333333333,12.446666666666664,97.86666666666667,6.45,1.16,13.513333333333334,NA,0.09,196.86666666666667,128,164.23333333333335,8.22,38.99416,-92.48873,234.86666666666667,981.2888888888888
219,2026-01-13,2026-01-13 12:48:24,4.114333333333334,5.138,12.44,97.8,6.213333333333334,1.106666666666667,13.17,NA,0.09,196.83333333333337,128,164.83333333333334,8.226666666666667,38.99416,-92.48873,235.03333333333333,981.377777777778
219,2026-01-13,2026-01-13 12:48:27,4.156333333333333,5.137333333333333,12.443333333333332,97.83333333333331,6.5200000000000005,1.18,13.286666666666669,NA,0.09,196.9,128,165.46666666666667,8.236666666666666,38.99416,-92.48873,235,981.3333333333334
219,2026-01-13,2026-01-13 12:48:30,4.18,5.1386666666666665,12.44,97.8,6.26,1.2066666666666666,12.806666666666668,NA,0.09,196.9,128,164.56666666666666,8.226666666666667,38.99416,-92.48873,234.76666666666665,981.2888888888888
219,2026-01-13,2026-01-13 12:48:39,4.243,5.139666666666667,12.443333333333332,97.86666666666667,9.6033333333333335,2.006666666666667,14.14,NA,0.09,196.86666666666667,128,163.63333333333333,8.21,38.99417,-92.48873,234.13333333333333,981.2888888888888
219,2026-01-13,2026-01-13 12:48:42,4.264,5.139666666666667,12.426666666666666,97.7,14.6,3.4233333333333333,13.94,NA,0.09,196.9,128,163.1,8.2,38.99417,-92.48873,234.16666666666663,981.2444444444444
219,2026-02-20,2026-02-20 10:09:22,0.137,8.336,12.03,102.4,4.69,0.22,11.52,NA,0.09,199.2,130,207.9,8.02,38.99429,-92.48842,238.6,985.4666666666668
219,2026-02-20,2026-02-20 10:09:24,0.173,8.337,11.89,101.3,3.89,0.16,10.07,NA,0.09,199.4,130,208.1,7.99,38.99429,-92.48842,238.5,985.6
219,2026-02-20,2026-02-20 10:09:25,0.22,8.349,11.82,100.7,3.76,0.16,9.8,NA,0.09,199.5,130,208.2,7.98,38.99429,-92.48842,238.5,985.6
219,2026-02-20,2026-02-20 10:09:26,0.248,8.356,11.76,100.2,3.98,0.18,10.65,NA,0.09,199.5,130,208.2,7.96,38.99429,-92.48842,238.5,985.4666666666668
219,2026-02-20,2026-02-20 10:09:27,0.285,8.369,11.7,99.7,4.45,0.26,11.85,NA,0.09,199.5,130,208.2,7.95,38.99429,-92.48842,238.5,985.4666666666668
219,2026-02-20,2026-02-20 10:09:28,0.305,8.369,11.65,99.3,4.77,0.31,12.33,NA,0.09,199.5,130,208.3,7.94,38.99429,-92.48842,238.5,985.4666666666668
219,2026-02-20,2026-02-20 10:09:30,0.341,8.363,11.55,98.4,5.08,0.39,13.41,NA,0.1,199.8,130,208.5,7.91,38.99429,-92.48842,238.4,985.4666666666668
219,2026-02-20,2026-02-20 10:09:31,0.44,8.371,11.5,98,5.73,0.45,14.54,NA,0.1,199.9,130,208.6,7.9,38.99429,-92.48842,238.3,985.6
219,2026-02-20,2026-02-20 10:09:32,0.484,8.375,11.45,97.6,6.4,0.51,15.53,NA,0.1,199.8,130,208.6,7.89,38.99429,-92.48842,238.1,985.6
219,2026-02-20,2026-02-20 10:09:33,0.507,8.372,11.41,97.2,6.5,0.5,15.83,NA,0.1,199.8,130,208.7,7.88,38.99429,-92.48842,238.2,985.7333333333332
219,2026-02-20,2026-02-20 10:09:34,0.554,8.369,11.37,97,6.44,0.44,16.22,NA,0.1,199.8,130,208.7,7.87,38.99429,-92.48842,238.4,985.6
219,2026-02-20,2026-02-20 10:09:35,0.596,8.37,11.34,96.6,6.44,0.37,16.32,NA,0.1,199.8,130,208.8,7.86,38.99429,-92.48842,238.3,985.6
219,2026-02-20,2026-02-20 10:09:36,0.629,8.376,11.3,96.4,6.59,0.35,16.43,NA,0.1,199.7,130,208.8,7.86,38.99429,-92.48842,238.2,985.6
219,2026-02-20,2026-02-20 10:09:37,0.659,8.375,11.27,96.1,6.77,0.35,16.62,NA,0.1,199.7,130,208.9,7.85,38.99429,-92.48842,238.1,985.4666666666668
219,2026-02-20,2026-02-20 10:09:38,0.705,8.376,11.24,95.9,7.03,0.34,17.18,NA,0.1,199.8,130,208.9,7.84,38.99429,-92.48842,238,985.6
219,2026-02-20,2026-02-20 10:09:39,0.748,8.374,11.21,95.6,7.25,0.35,18.23,NA,0.1,199.7,130,209,7.84,38.99429,-92.48842,238,985.6
219,2026-02-20,2026-02-20 10:09:40,0.787,8.368,11.19,95.4,7.34,0.36,18.78,NA,0.1,199.6,130,209,7.83,38.99429,-92.48842,237.9,985.6
219,2026-02-20,2026-02-20 10:09:46,0.854,8.383,11.05,94.2,7.91,0.6,19.73,NA,0.1,200,130,209.1,7.81,38.9943,-92.48842,237.9,985.4666666666668
219,2026-02-20,2026-02-20 10:09:47,0.897,8.387,11.02,94,8.02,0.62,19.61,NA,0.1,200,130,209.1,7.8,38.9943,-92.48842,238,985.4666666666668
219,2026-02-20,2026-02-20 10:09:48,0.926,8.387,11.01,93.9,8.16,0.62,19.74,NA,0.1,200,130,209.2,7.8,38.9943,-92.48842,238.1,985.4666666666668
219,2026-02-20,2026-02-20 10:09:49,0.971,8.386,10.99,93.7,8.2,0.62,19.86,NA,0.1,200,130,209.2,7.8,38.9943,-92.48842,238,985.4666666666668
219,2026-02-20,2026-02-20 10:09:50,0.991,8.384,10.98,93.6,8.25,0.61,19.56,NA,0.1,199.9,130,209.2,7.79,38.9943,-92.48842,237.9,985.4666666666668
219,2026-02-20,2026-02-20 10:09:51,1.019,8.385,10.96,93.4,8.18,0.54,19.37,NA,0.1,200,130,209.3,7.79,38.9943,-92.48842,237.8,985.6
219,2026-02-20,2026-02-20 10:09:52,1.049,8.385,10.95,93.3,8.23,0.48,19.25,NA,0.1,200,130,209.3,7.78,38.9943,-92.48842,237.8,985.6
219,2026-02-20,2026-02-20 10:09:53,1.084,8.384,10.93,93.2,8.36,0.47,19.4,NA,0.1,200,130,209.3,7.78,38.9943,-92.48842,237.9,985.4666666666668
219,2026-02-20,2026-02-20 10:09:54,1.106,8.388,10.92,93.1,8.11,0.41,19.31,NA,0.1,200,130,209.4,7.78,38.9943,-92.48842,238,985.4666666666668
219,2026-02-20,2026-02-20 10:09:55,1.134,8.389,10.9,93,8.02,0.37,19.03,NA,0.1,200.1,130,209.4,7.78,38.9943,-92.48842,237.9,985.6
219,2026-02-20,2026-02-20 10:09:56,1.163,8.385,10.89,92.9,8.15,0.37,19.49,NA,0.1,200.1,130,209.4,7.77,38.99429,-92.48842,237.9,985.4666666666668
219,2026-02-20,2026-02-20 10:10:00,1.243,8.382,10.85,92.6,8.27,0.46,19.7,NA,0.1,200.1,130,209.5,7.77,38.99429,-92.48842,237.9,985.4666666666668
219,2026-02-20,2026-02-20 10:10:01,1.272,8.382,10.85,92.5,8.38,0.53,19.12,NA,0.1,200,130,209.4,7.77,38.99429,-92.48842,238,985.4666666666668
219,2026-02-20,2026-02-20 10:10:02,1.328,8.382,10.84,92.4,8.62,0.57,18.96,NA,0.1,200,130,209.4,7.76,38.99429,-92.48842,238,985.6
219,2026-02-20,2026-02-20 10:10:03,1.381,8.381,10.83,92.3,8.81,0.59,19.05,NA,0.1,199.9,130,209.5,7.76,38.99429,-92.48842,237.9,985.4666666666668
219,2026-02-20,2026-02-20 10:10:04,1.432,8.38,10.82,92.3,8.64,0.58,19.17,NA,0.1,199.9,130,209.7,7.76,38.99429,-92.48842,237.9,985.4666666666668
219,2026-02-20,2026-02-20 10:10:05,1.456,8.38,10.81,92.2,8.55,0.59,19.11,NA,0.1,200,130,209.7,7.75,38.99429,-92.48842,237.9,985.4666666666668
219,2026-02-20,2026-02-20 10:10:06,1.488,8.38,10.81,92.2,8.53,0.61,19.5,NA,0.1,200.1,130,209.8,7.75,38.99429,-92.48842,237.9,985.4666666666668
219,2026-02-20,2026-02-20 10:10:07,1.514,8.382,10.8,92.1,8.39,0.6,20.07,NA,0.1,200.1,130,209.8,7.75,38.99429,-92.48842,237.9,985.4666666666668
219,2026-02-20,2026-02-20 10:10:08,1.547,8.384,10.79,92,8.44,0.58,19.83,NA,0.1,200,130,209.8,7.75,38.99429,-92.48842,237.9,985.4666666666668
219,2026-02-20,2026-02-20 10:10:12,1.629,8.382,10.77,91.9,8.45,0.41,19.5,NA,0.1,200,130,209.9,7.74,38.9943,-92.48842,237.8,985.4666666666668
219,2026-02-20,2026-02-20 10:10:13,1.662,8.381,10.77,91.8,8.71,0.41,19.07,NA,0.1,200,130,210,7.74,38.9943,-92.48842,237.8,985.4666666666668
219,2026-02-20,2026-02-20 10:10:14,1.699,8.381,10.76,91.8,8.63,0.39,19.24,NA,0.1,200,130,210,7.73,38.9943,-92.48842,237.8,985.4666666666668
219,2026-02-20,2026-02-20 10:10:15,1.734,8.383,10.76,91.7,8.68,0.4,19.26,NA,0.1,200,130,210,7.73,38.9943,-92.48842,237.8,985.4666666666668
219,2026-02-20,2026-02-20 10:10:16,1.808,8.382,10.75,91.7,8.73,0.4,19.55,NA,0.1,200,130,210,7.73,38.9943,-92.48842,237.7,985.4666666666668
219,2026-02-20,2026-02-20 10:10:17,1.84,8.38,10.74,91.6,8.71,0.42,19.91,NA,0.1,199.9,130,210.1,7.73,38.9943,-92.48842,237.7,985.4666666666668
219,2026-02-20,2026-02-20 10:10:18,1.884,8.38,10.73,91.5,8.93,0.5,20.3,NA,0.1,200,130,210.1,7.73,38.9943,-92.48842,237.7,985.4666666666668
219,2026-02-20,2026-02-20 10:10:20,1.934,8.38,10.72,91.4,8.79,0.56,20.63,NA,0.1,200.1,130,210.1,7.72,38.9943,-92.48842,237.7,985.4666666666668
219,2026-02-20,2026-02-20 10:10:21,1.974,8.382,10.72,91.4,8.63,0.58,20.67,NA,0.1,200.2,130,210.1,7.72,38.9943,-92.48842,237.7,985.4666666666668
219,2026-02-20,2026-02-20 10:10:22,2.01,8.383,10.72,91.4,8.58,0.59,20.71,NA,0.1,200.1,130,210.1,7.72,38.99429,-92.48842,237.7,985.6
219,2026-02-20,2026-02-20 10:10:24,2.038,8.383,10.7,91.3,8.65,0.6,20.44,NA,0.1,199.9,130,210.2,7.72,38.99429,-92.48842,237.8,985.6
219,2026-02-20,2026-02-20 10:10:28,2.101,8.383,10.69,91.1,8.42,0.43,21.72,NA,0.1,200.1,130,210.3,7.72,38.99429,-92.48842,237.7,985.4666666666668
219,2026-02-20,2026-02-20 10:10:29,2.148,8.382,10.69,91.1,8.72,0.41,20.41,NA,0.1,200,130,210.3,7.72,38.99429,-92.48842,237.7,985.4666666666668
219,2026-02-20,2026-02-20 10:10:30,2.195,8.382,10.68,91.1,8.87,0.45,19.73,NA,0.1,200,130,210.3,7.71,38.99429,-92.48842,237.7,985.4666666666668
219,2026-02-20,2026-02-20 10:10:31,2.225,8.381,10.68,91.1,8.52,0.43,19.72,NA,0.1,200,130,210.3,7.71,38.99429,-92.48842,237.6,985.6
219,2026-02-20,2026-02-20 10:10:33,2.285,8.381,10.68,91,8.76,0.35,19.89,NA,0.1,200.2,130,210.3,7.71,38.99429,-92.48842,237.7,985.6
219,2026-02-20,2026-02-20 10:10:34,2.362,8.381,10.67,91,8.69,0.41,20.25,NA,0.1,200.3,130,210.3,7.71,38.99429,-92.48842,237.6,985.6
219,2026-02-20,2026-02-20 10:10:35,2.411,8.381,10.67,91,8.85,0.46,20.89,NA,0.1,200.3,130,210.3,7.71,38.99429,-92.48842,237.6,985.4666666666668
219,2026-02-20,2026-02-20 10:10:37,2.467,8.38,10.66,90.9,8.86,0.51,20.89,NA,0.1,200.2,130,210.4,7.71,38.99429,-92.48842,237.7,985.6
219,2026-02-20,2026-02-20 10:10:38,2.526,8.38,10.66,90.9,8.94,0.56,21.31,NA,0.1,200.2,130,210.4,7.7,38.99429,-92.48842,237.8,985.4666666666668
219,2026-02-20,2026-02-20 10:10:39,2.555,8.379,10.66,90.9,9.04,0.62,21.03,NA,0.1,200.1,130,210.5,7.7,38.99429,-92.48842,237.8,985.6
219,2026-02-20,2026-02-20 10:10:41,2.597,8.378,10.66,90.9,9.03,0.6,21.47,NA,0.1,200,130,210.5,7.7,38.99429,-92.48842,237.8,985.4666666666668
219,2026-02-20,2026-02-20 10:10:42,2.654,8.381,10.65,90.8,8.89,0.56,21.25,NA,0.1,200,130,210.5,7.7,38.99429,-92.48842,237.9,985.4666666666668
219,2026-02-20,2026-02-20 10:10:43,2.684,8.382,10.65,90.8,8.71,0.55,20.83,NA,0.1,200.1,130,210.5,7.7,38.99429,-92.48842,237.8,985.4666666666668
219,2026-02-20,2026-02-20 10:10:45,2.74,8.382,10.65,90.8,8.67,0.43,21.85,NA,0.1,200.1,130,210.6,7.7,38.99429,-92.48842,237.9,985.4666666666668
219,2026-02-20,2026-02-20 10:10:46,2.789,8.383,10.64,90.8,8.89,0.46,21.87,NA,0.1,200.1,130,210.6,7.7,38.99429,-92.48842,237.9,985.4666666666668
219,2026-02-20,2026-02-20 10:10:49,2.854,8.381,10.64,90.7,9.01,0.39,20.29,NA,0.1,200.2,130,210.6,7.7,38.99429,-92.48842,237.8,985.4666666666668
219,2026-02-20,2026-02-20 10:10:50,2.891,8.38,10.64,90.7,8.95,0.38,20.29,NA,0.1,200.1,130,210.7,7.7,38.99429,-92.48842,237.7,985.6
219,2026-02-20,2026-02-20 10:10:51,2.912,8.38,10.63,90.7,9.01,0.41,20.95,NA,0.1,200,130,210.7,7.7,38.99429,-92.48842,237.7,985.4666666666668
219,2026-02-20,2026-02-20 10:10:53,2.946,8.377,10.63,90.6,9.38,0.48,22.6,NA,0.1,200.1,130,210.7,7.69,38.99429,-92.48842,237.8,985.4666666666668
219,2026-02-20,2026-02-20 10:10:54,2.966,8.377,10.63,90.6,9.36,0.52,21.61,NA,0.1,200,130,210.7,7.69,38.99428,-92.48842,237.7,985.4666666666668
219,2026-02-20,2026-02-20 10:10:55,3.011,8.377,10.63,90.6,9.16,0.5,20.56,NA,0.1,199.9,130,210.8,7.69,38.99428,-92.48842,237.7,985.4666666666668
219,2026-02-20,2026-02-20 10:10:57,3.089,8.379,10.63,90.6,8.63,0.55,21.26,NA,0.1,199.9,130,210.8,7.69,38.99428,-92.48842,237.8,985.4666666666668
219,2026-02-20,2026-02-20 10:10:58,3.144,8.379,10.62,90.6,8.31,0.54,22.78,NA,0.1,200,130,210.8,7.69,38.99428,-92.48842,237.9,985.6
219,2026-02-20,2026-02-20 10:11:01,3.203,8.382,10.62,90.6,8.82,0.57,21.68,NA,0.1,200.1,130,210.9,7.69,38.99428,-92.48842,238,985.4666666666668
219,2026-02-20,2026-02-20 10:11:02,3.23,8.381,10.62,90.6,9.05,0.57,21.55,NA,0.1,200.2,130,210.9,7.69,38.99428,-92.48842,238.1,985.4666666666668
219,2026-02-20,2026-02-20 10:11:04,3.272,8.379,10.62,90.5,9.06,0.5,20.98,NA,0.1,200.2,130,210.9,7.69,38.99429,-92.48842,238.1,985.4666666666668
219,2026-02-20,2026-02-20 10:11:05,3.293,8.379,10.62,90.5,9.1,0.48,21.61,NA,0.1,200.3,130,210.9,7.69,38.99429,-92.48842,238.2,985.4666666666668
219,2026-02-20,2026-02-20 10:11:06,3.317,8.379,10.62,90.5,9.14,0.45,21.77,NA,0.1,200.4,130,210.9,7.69,38.99429,-92.48842,238.2,985.4666666666668
219,2026-02-20,2026-02-20 10:11:09,3.358,8.379,10.61,90.5,8.46,0.35,21.08,NA,0.1,200.1,130,211,7.68,38.99429,-92.48842,238.2,985.4666666666668
219,2026-02-20,2026-02-20 10:11:10,3.398,8.382,10.61,90.5,8.7,0.37,20.43,NA,0.1,200,130,211,7.68,38.99429,-92.48842,238.1,985.4666666666668
219,2026-02-20,2026-02-20 10:11:11,3.419,8.383,10.61,90.4,9.25,0.49,20.19,NA,0.1,200.1,130,211,7.68,38.99429,-92.48842,238,985.4666666666668
219,2026-02-20,2026-02-20 10:11:14,3.513,8.382,10.6,90.4,9.37,0.58,19.5,NA,0.1,200.2,130,211.1,7.68,38.99429,-92.48842,238,985.4666666666668
219,2026-02-20,2026-02-20 10:11:17,3.565,8.383,10.6,90.4,10.12,0.92,23.7,NA,0.1,200.3,130,211.1,7.68,38.99429,-92.48842,237.9,985.6
219,2026-02-20,2026-02-20 10:11:21,3.622,8.382,10.59,90.3,11.49,1.24,27.26,NA,0.1,200.2,130,211.1,7.68,38.99429,-92.48842,238,985.6
219,2026-02-20,2026-02-20 10:11:24,3.642,8.384,10.58,90.2,10.7,0.84,4.46,NA,0.1,200.2,130,211.2,7.68,38.99429,-92.48842,237.9,985.6
219,2026-03-13,2026-03-13 09:57:17,0.016,11.533,9.32,85.6,2.97,0.66,-1.77,NA,0.09,192.4,125,268.5,7.83,38.99405,-92.48869,232.7,985.6
219,2026-03-13,2026-03-13 09:57:18,0.051,11.533,9.32,85.6,3.03,0.64,-1.3,NA,0.09,192.5,125,268.5,7.83,38.99405,-92.48869,233,985.6
219,2026-03-13,2026-03-13 09:57:21,0.123,11.533,9.32,85.6,3.31,0.72,-0.72,NA,0.09,192.6,125,268.7,7.83,38.99405,-92.48869,233.2,985.6
219,2026-03-13,2026-03-13 09:57:22,0.168,11.533,9.32,85.6,3.32,0.72,-0.91,NA,0.09,192.4,125,268.8,7.83,38.99405,-92.48869,233.4,985.6
219,2026-03-13,2026-03-13 09:57:23,0.21,11.533,9.32,85.6,3.33,0.7,-0.97,NA,0.09,192.2,125,268.9,7.83,38.99405,-92.48869,233.5,985.7333333333332
219,2026-03-13,2026-03-13 09:57:24,0.231,11.533,9.31,85.6,3.35,0.66,-0.81,NA,0.09,192.3,125,268.9,7.83,38.99405,-92.48869,233.3,985.6
219,2026-03-13,2026-03-13 09:57:25,0.262,11.533,9.31,85.5,3.36,0.65,-0.79,NA,0.09,192.4,125,269,7.83,38.99406,-92.48869,233.1,985.6
219,2026-03-13,2026-03-13 09:57:28,0.302,11.535,9.3,85.4,3.45,0.72,-0.86,NA,0.09,192.4,125,269.2,7.83,38.99406,-92.48868,232.9,985.4666666666668
219,2026-03-13,2026-03-13 09:57:29,0.341,11.535,9.3,85.4,3.36,0.68,-0.79,NA,0.09,192.5,125,269.3,7.83,38.99406,-92.48868,232.9,985.4666666666668
219,2026-03-13,2026-03-13 09:57:30,0.397,11.535,9.3,85.5,3.31,0.71,-0.97,NA,0.09,192.5,125,269.3,7.83,38.99406,-92.48868,232.9,985.6
219,2026-03-13,2026-03-13 09:57:31,0.431,11.536,9.3,85.5,3.4,0.7,-1.27,NA,0.09,192.5,125,269.3,7.83,38.99406,-92.48868,233,985.4666666666668
219,2026-03-13,2026-03-13 09:57:33,0.474,11.535,9.3,85.4,3.4,0.74,-1.27,NA,0.09,192.5,125,269.3,7.83,38.99407,-92.48868,233,985.4666666666668
219,2026-03-13,2026-03-13 09:57:34,0.507,11.535,9.3,85.4,3.37,0.7,-1.41,NA,0.09,192.4,125,269.4,7.83,38.99407,-92.48868,233,985.6
219,2026-03-13,2026-03-13 09:57:37,0.563,11.535,9.29,85.4,3.41,0.65,-1.65,NA,0.09,192.4,125,269.6,7.83,38.99407,-92.48868,233.3,985.6
219,2026-03-13,2026-03-13 09:57:41,0.643,11.534,9.29,85.3,3.36,0.7,-1.67,NA,0.09,192.3,125,269.9,7.82,38.99406,-92.48868,233.3,985.4666666666668
219,2026-03-13,2026-03-13 09:57:42,0.707,11.533,9.29,85.3,3.38,0.66,-1.82,NA,0.09,192.5,125,270,7.82,38.99406,-92.48868,233.3,985.7333333333332
219,2026-03-13,2026-03-13 09:57:43,0.738,11.534,9.29,85.3,3.35,0.69,-1.59,NA,0.09,192.6,125,270,7.82,38.99406,-92.48869,233.3,985.6
219,2026-03-13,2026-03-13 09:57:45,0.773,11.535,9.28,85.3,3.29,0.65,-1.37,NA,0.09,192.5,125,270.1,7.82,38.99406,-92.48869,233.3,985.7333333333332
219,2026-03-13,2026-03-13 09:57:47,0.815,11.533,9.28,85.3,3.35,0.7,-1.38,NA,0.09,192.4,125,270.3,7.82,38.99406,-92.48869,233.5,985.4666666666668
219,2026-03-13,2026-03-13 09:57:48,0.842,11.531,9.28,85.3,3.32,0.68,-1.36,NA,0.09,192.3,125,270.4,7.82,38.99406,-92.48869,233.6,985.6
219,2026-03-13,2026-03-13 09:57:49,0.875,11.533,9.28,85.2,3.32,0.66,-1.14,NA,0.09,192.3,125,270.4,7.82,38.99407,-92.48868,233.7,985.6
219,2026-03-13,2026-03-13 09:57:51,0.923,11.534,9.28,85.2,3.21,0.68,-1.08,NA,0.09,192.5,125,270.5,7.82,38.99407,-92.48868,233.9,985.6
219,2026-03-13,2026-03-13 09:57:54,0.956,11.534,9.27,85.2,3.18,0.68,-1,NA,0.09,192.5,125,270.8,7.81,38.99407,-92.48868,233.9,985.4666666666668
219,2026-03-13,2026-03-13 09:57:56,0.984,11.533,9.27,85.2,3.16,0.64,-1.38,NA,0.09,192.5,125,270.7,7.81,38.99407,-92.48868,234,985.6
219,2026-03-13,2026-03-13 09:57:57,1.015,11.532,9.27,85.1,3.24,0.56,-1.06,NA,0.09,192.4,125,270.8,7.81,38.99407,-92.48868,234.1,985.6
219,2026-03-13,2026-03-13 09:57:59,1.059,11.533,9.27,85.1,3.25,0.67,-1.42,NA,0.09,192.2,125,270.9,7.81,38.99408,-92.48867,233.9,985.4666666666668
219,2026-03-13,2026-03-13 09:58:00,1.098,11.533,9.26,85.1,3.2,0.65,-1.36,NA,0.09,192.3,125,271,7.81,38.99408,-92.48867,233.9,985.6
219,2026-03-13,2026-03-13 09:58:01,1.126,11.533,9.26,85.1,3.17,0.66,-1.29,NA,0.09,192.5,125,271.1,7.81,38.99408,-92.48867,233.8,985.6
219,2026-03-13,2026-03-13 09:58:03,1.182,11.533,9.26,85.1,3.2,0.59,-1.34,NA,0.09,192.5,125,271.2,7.81,38.99408,-92.48867,233.8,985.6
219,2026-03-13,2026-03-13 09:58:04,1.222,11.533,9.26,85.1,3.21,0.65,-1.55,NA,0.09,192.6,125,271.3,7.81,38.99408,-92.48867,233.7,985.7333333333332
219,2026-03-13,2026-03-13 09:58:05,1.269,11.533,9.26,85.1,3.24,0.69,-1.57,NA,0.09,192.5,125,271.3,7.81,38.99408,-92.48867,233.6,985.6
219,2026-03-13,2026-03-13 09:58:07,1.318,11.535,9.26,85.1,3.16,0.59,-1.54,NA,0.09,192.7,125,271.7,7.8,38.99408,-92.48867,233.6,985.4666666666668
219,2026-03-13,2026-03-13 09:58:08,1.353,11.535,9.26,85.1,3.19,0.63,-1.37,NA,0.09,192.9,125,271.8,7.8,38.99408,-92.48867,233.5,985.6
219,2026-03-13,2026-03-13 09:58:11,1.402,11.533,9.26,85.1,3.22,0.68,-1.26,NA,0.09,192.6,125,272,7.8,38.99408,-92.48867,233.3,985.7333333333332
219,2026-03-13,2026-03-13 09:58:12,1.431,11.531,9.26,85.1,3.22,0.66,-1.27,NA,0.09,192.5,125,272.1,7.8,38.99408,-92.48867,233.1,985.6
219,2026-03-13,2026-03-13 09:58:13,1.462,11.531,9.26,85.1,3.2,0.6,-1.34,NA,0.09,192.5,125,272.1,7.8,38.99408,-92.48867,233.1,985.6
219,2026-03-13,2026-03-13 09:58:14,1.52,11.53,9.26,85.1,3.2,0.62,-1.08,NA,0.09,192.5,125,272.2,7.8,38.99408,-92.48868,233.2,985.4666666666668
219,2026-03-13,2026-03-13 09:58:15,1.543,11.53,9.26,85.1,3.3,0.68,-0.71,NA,0.09,192.5,125,272.2,7.8,38.99408,-92.48868,233.2,985.7333333333332
219,2026-03-13,2026-03-13 09:58:16,1.587,11.53,9.26,85,3.36,0.66,-0.83,NA,0.09,192.5,125,272.2,7.8,38.99408,-92.48868,233.3,985.4666666666668
219,2026-03-13,2026-03-13 09:58:17,1.622,11.531,9.26,85.1,3.33,0.67,-0.81,NA,0.09,192.4,125,272.3,7.8,38.99408,-92.48868,233.3,985.6
219,2026-03-13,2026-03-13 09:58:18,1.647,11.532,9.26,85,3.46,0.65,-0.86,NA,0.09,192.3,125,272.3,7.8,38.99408,-92.48868,233.3,985.6
219,2026-03-13,2026-03-13 09:58:21,1.684,11.533,9.26,85,3.31,0.71,-1.07,NA,0.09,192.5,125,272.4,7.8,38.99408,-92.48868,233.4,985.7333333333332
219,2026-03-13,2026-03-13 09:58:22,1.721,11.533,9.26,85,3.33,0.65,-0.84,NA,0.09,192.6,125,272.4,7.8,38.99408,-92.48868,233.4,985.6
219,2026-03-13,2026-03-13 09:58:24,1.765,11.531,9.26,85,3.37,0.66,-1.08,NA,0.09,192.6,125,272.5,7.8,38.99408,-92.48868,233.4,985.6
219,2026-03-13,2026-03-13 09:58:25,1.828,11.53,9.26,85.1,3.35,0.65,-0.77,NA,0.09,192.6,125,272.5,7.8,38.99408,-92.48868,233.4,985.7333333333332
219,2026-03-13,2026-03-13 09:58:26,1.877,11.53,9.26,85.1,3.33,0.65,-0.58,NA,0.09,192.4,125,272.6,7.8,38.99408,-92.48868,233.5,985.7333333333332
219,2026-03-13,2026-03-13 09:58:27,1.897,11.53,9.26,85.1,3.34,0.68,-0.43,NA,0.09,192.4,125,272.7,7.8,38.99408,-92.48868,233.5,985.6
219,2026-03-13,2026-03-13 09:58:28,1.929,11.531,9.25,85,3.31,0.66,-0.55,NA,0.09,192.6,125,272.7,7.8,38.99408,-92.48868,233.5,985.6
219,2026-03-13,2026-03-13 09:58:29,1.979,11.531,9.26,85,3.25,0.65,-0.86,NA,0.09,192.7,125,272.6,7.8,38.99408,-92.48868,233.5,985.6
219,2026-03-13,2026-03-13 09:58:30,2.013,11.531,9.26,85,3.31,0.71,-0.24,NA,0.09,192.7,125,272.6,7.8,38.99408,-92.48868,233.5,985.6
219,2026-03-13,2026-03-13 09:58:32,2.063,11.532,9.25,85,3.33,0.67,-0.39,NA,0.09,192.5,125,272.7,7.8,38.99408,-92.48868,233.5,985.4666666666668
219,2026-03-13,2026-03-13 09:58:33,2.106,11.534,9.25,84.9,3.33,0.67,-0.19,NA,0.09,192.6,125,272.8,7.8,38.99408,-92.48868,233.6,985.6
219,2026-03-13,2026-03-13 09:58:36,2.141,11.533,9.24,84.9,3.39,0.72,-0.69,NA,0.09,192.6,125,272.9,7.8,38.99408,-92.48868,233.7,985.7333333333332
219,2026-03-13,2026-03-13 09:58:37,2.173,11.533,9.24,84.9,3.24,0.7,-1.02,NA,0.09,192.7,125,272.9,7.8,38.99408,-92.48868,233.7,985.6
219,2026-03-13,2026-03-13 09:58:38,2.202,11.531,9.25,84.9,3.21,0.69,-1.1,NA,0.09,192.6,125,273,7.8,38.99408,-92.48868,233.8,985.7333333333332
219,2026-03-13,2026-03-13 09:58:39,2.227,11.53,9.25,84.9,3.19,0.71,-1.11,NA,0.09,192.6,125,273,7.8,38.99408,-92.48868,233.8,985.6
219,2026-03-13,2026-03-13 09:58:45,2.297,11.533,9.25,84.9,3.22,0.67,-1.06,NA,0.09,192.7,125,273.4,7.79,38.99408,-92.48868,233.9,985.7333333333332
219,2026-03-13,2026-03-13 09:58:46,2.324,11.533,9.25,84.9,3.27,0.66,-1.44,NA,0.09,192.8,125,273.4,7.79,38.99408,-92.48868,234.1,985.6
219,2026-03-13,2026-03-13 09:58:47,2.362,11.535,9.25,84.9,3.3,0.65,-1.53,NA,0.09,192.6,125,273.3,7.79,38.99408,-92.48868,234.2,985.6
219,2026-03-13,2026-03-13 09:58:48,2.404,11.535,9.25,84.9,3.35,0.65,-1.37,NA,0.09,192.5,125,273.5,7.79,38.99408,-92.48868,234.2,985.7333333333332
219,2026-03-13,2026-03-13 09:58:49,2.465,11.534,9.25,84.9,3.36,0.65,-1.54,NA,0.09,192.6,125,273.6,7.79,38.99408,-92.48868,234.4,985.6
219,2026-03-13,2026-03-13 09:58:50,2.512,11.533,9.25,84.9,3.36,0.63,-1.52,NA,0.09,192.6,125,273.7,7.79,38.99408,-92.48868,234.5,985.6
219,2026-03-13,2026-03-13 09:58:51,2.566,11.533,9.25,84.9,3.32,0.68,-1.3,NA,0.09,192.5,125,273.7,7.79,38.99408,-92.48868,234.6,985.7333333333332
219,2026-03-13,2026-03-13 09:58:53,2.601,11.533,9.24,84.9,3.25,0.68,-1.3,NA,0.09,192.5,125,273.7,7.79,38.99408,-92.48868,234.8,985.6
219,2026-03-13,2026-03-13 09:58:54,2.626,11.532,9.25,84.9,3.27,0.67,-1.48,NA,0.09,192.4,125,273.8,7.79,38.99408,-92.48868,234.7,985.7333333333332
219,2026-03-13,2026-03-13 09:58:55,2.662,11.531,9.24,84.9,3.24,0.67,-1.56,NA,0.09,192.3,125,273.8,7.79,38.99408,-92.48868,234.8,985.7333333333332
219,2026-03-13,2026-03-13 09:58:57,2.712,11.531,9.25,85,3.29,0.64,-1.39,NA,0.09,192.4,125,273.8,7.79,38.99408,-92.48868,234.8,985.6
219,2026-03-13,2026-03-13 09:58:58,2.754,11.531,9.25,84.9,3.31,0.69,-1.33,NA,0.09,192.6,125,273.9,7.79,38.99408,-92.48868,234.6,985.6
219,2026-03-13,2026-03-13 09:59:00,2.778,11.531,9.25,84.9,3.31,0.7,-1.32,NA,0.09,192.5,125,273.9,7.79,38.99408,-92.48868,234.3,985.6
219,2026-03-13,2026-03-13 09:59:02,2.868,11.531,9.25,85,3.42,0.75,-1.08,NA,0.09,192.5,125,274,7.79,38.99408,-92.48868,234.1,985.7333333333332
219,2026-03-13,2026-03-13 09:59:03,2.899,11.53,9.24,84.9,3.36,0.73,-1.27,NA,0.09,192.5,125,274,7.79,38.99408,-92.48868,234.1,985.6
219,2026-03-13,2026-03-13 09:59:05,2.938,11.532,9.25,84.9,3.32,0.69,-0.91,NA,0.09,192.6,125,274,7.79,38.99408,-92.48868,234.1,985.6
219,2026-03-13,2026-03-13 09:59:06,2.972,11.532,9.25,84.9,3.33,0.67,-1.16,NA,0.09,192.5,125,274.1,7.79,38.99408,-92.48868,234.1,985.7333333333332
219,2026-03-13,2026-03-13 09:59:07,2.997,11.531,9.25,85,3.35,0.66,-1.02,NA,0.09,192.6,125,274.2,7.79,38.99408,-92.48868,234.1,985.7333333333332
219,2026-03-13,2026-03-13 09:59:09,3.055,11.531,9.25,85,3.31,0.7,-0.96,NA,0.09,192.6,125,274.2,7.79,38.99408,-92.48868,233.9,985.7333333333332
219,2026-03-13,2026-03-13 09:59:10,3.079,11.53,9.25,85,3.33,0.67,-1.27,NA,0.09,192.7,125,274.3,7.79,38.99408,-92.48868,233.8,985.8666666666668
219,2026-03-13,2026-03-13 09:59:13,3.154,11.531,9.25,84.9,3.34,0.64,-0.96,NA,0.09,192.6,125,274.3,7.79,38.99408,-92.48869,233.6,985.7333333333332
219,2026-03-13,2026-03-13 09:59:14,3.192,11.53,9.25,84.9,3.4,0.64,-0.95,NA,0.09,192.4,125,274.3,7.79,38.99408,-92.48869,233.5,985.7333333333332
219,2026-03-13,2026-03-13 09:59:15,3.225,11.53,9.25,85,3.39,0.65,-0.8,NA,0.09,192.4,125,274.4,7.79,38.99408,-92.48869,233.4,985.6
219,2026-03-13,2026-03-13 09:59:16,3.269,11.531,9.25,85,3.37,0.68,-0.79,NA,0.09,192.5,125,274.4,7.79,38.99408,-92.48869,233.4,985.7333333333332
219,2026-03-13,2026-03-13 09:59:17,3.304,11.531,9.25,84.9,3.34,0.71,-0.75,NA,0.09,192.6,125,274.4,7.79,38.99408,-92.48869,233.3,985.7333333333332
219,2026-03-13,2026-03-13 09:59:18,3.352,11.531,9.25,84.9,3.33,0.69,-0.8,NA,0.09,192.8,125,274.4,7.79,38.99408,-92.48869,233.5,985.7333333333332
219,2026-03-13,2026-03-13 09:59:19,3.391,11.531,9.25,84.9,3.36,0.69,-0.95,NA,0.09,192.8,125,274.5,7.79,38.99408,-92.48869,233.5,985.6
219,2026-03-13,2026-03-13 09:59:20,3.428,11.53,9.25,84.9,3.35,0.65,-0.91,NA,0.09,192.7,125,274.5,7.79,38.99408,-92.48869,233.3,985.7333333333332
219,2026-03-13,2026-03-13 09:59:21,3.458,11.53,9.24,84.9,3.38,0.65,-1.14,NA,0.09,192.6,125,274.5,7.79,38.99408,-92.48869,233.5,985.6
219,2026-03-13,2026-03-13 09:59:22,3.505,11.531,9.24,84.9,3.36,0.68,-1.34,NA,0.09,192.5,125,274.6,7.79,38.99408,-92.48869,233.4,985.7333333333332
219,2026-03-13,2026-03-13 09:59:26,3.546,11.531,9.25,84.9,3.29,0.71,-1.59,NA,0.09,192.7,125,274.7,7.79,38.99408,-92.48869,233.1,985.6
219,2026-03-13,2026-03-13 09:59:28,3.659,11.532,9.24,84.9,3.26,0.72,-1.47,NA,0.09,192.4,125,274.8,7.79,38.99408,-92.48869,233.1,985.7333333333332
219,2026-03-13,2026-03-13 09:59:29,3.682,11.531,9.25,84.9,3.26,0.7,-1.39,NA,0.09,192.7,125,274.8,7.79,38.99408,-92.48869,233.3,985.6
219,2026-03-13,2026-03-13 09:59:30,3.728,11.53,9.24,84.9,3.34,0.67,-1.41,NA,0.09,192.9,125,274.8,7.78,38.99408,-92.48869,233.4,985.7333333333332
219,2026-03-13,2026-03-13 09:59:31,3.775,11.53,9.24,84.9,3.39,0.66,-1.12,NA,0.09,192.9,125,274.9,7.78,38.99408,-92.48869,233.5,985.7333333333332
219,2026-03-13,2026-03-13 09:59:32,3.826,11.53,9.24,84.9,3.3,0.66,-1.13,NA,0.09,192.9,125,274.9,7.78,38.99408,-92.48869,233.6,985.6
219,2026-03-13,2026-03-13 09:59:34,3.856,11.53,9.24,84.9,3.22,0.68,-1.73,NA,0.09,192.6,125,275,7.78,38.99408,-92.48869,233.6,985.6
219,2026-03-13,2026-03-13 09:59:35,3.907,11.531,9.24,84.9,3.15,0.7,-1.79,NA,0.09,192.7,125,275,7.78,38.99408,-92.48869,233.7,985.7333333333332
219,2026-03-13,2026-03-13 09:59:36,3.944,11.531,9.24,84.8,3.22,0.66,-1.78,NA,0.09,192.7,125,275,7.78,38.99407,-92.48869,233.7,985.7333333333332
219,2026-03-13,2026-03-13 09:59:38,3.978,11.531,9.24,84.9,3.25,0.64,-1.5,NA,0.09,192.5,125,275.1,7.78,38.99407,-92.48869,233.8,985.6
219,2026-03-13,2026-03-13 09:59:39,4.037,11.532,9.24,84.9,3.25,0.69,-1.42,NA,0.09,192.5,125,275.1,7.78,38.99407,-92.48869,234,985.6
219,2026-03-13,2026-03-13 09:59:40,4.073,11.531,9.24,84.9,3.25,0.69,-1.48,NA,0.09,192.6,125,275.1,7.78,38.99407,-92.48869,234.1,985.6
219,2026-03-13,2026-03-13 09:59:42,4.11,11.531,9.24,84.8,3.32,0.7,0,NA,0.09,192.7,125,275.2,7.78,38.99407,-92.48869,234,985.4666666666668
219,2026-04-09,2026-04-09 09:59:03,0.101,15.207,9.52,94.9,0.39,0.09,1.51,NA,0.09,188.5,123,241.7,7.79,38.99419,-92.48891,236.5,992
219,2026-04-09,2026-04-09 09:59:06,0.169,15.17,9.52,94.8,0.39,0.04,1.85,NA,0.09,188.9,123,241.6,7.8,38.99419,-92.48891,236.9,992.1333333333332
219,2026-04-09,2026-04-09 09:59:07,0.197,15.165,9.52,94.7,0.46,-0.02,1.58,NA,0.09,188.9,123,241.6,7.8,38.99419,-92.48891,237.2,992.1333333333332
219,2026-04-09,2026-04-09 09:59:08,0.228,15.163,9.51,94.7,0.49,-0.02,1.47,NA,0.09,188.7,123,241.6,7.8,38.99419,-92.48891,237.1,992
219,2026-04-09,2026-04-09 09:59:09,0.25,15.144,9.51,94.7,0.46,-0.01,1.55,NA,0.09,188.6,123,241.5,7.81,38.99419,-92.48891,236.5,992
219,2026-04-09,2026-04-09 09:59:10,0.287,15.138,9.51,94.6,0.46,-0.03,1.6,NA,0.09,188.6,123,241.5,7.81,38.99419,-92.48891,236.3,992.1333333333332
219,2026-04-09,2026-04-09 09:59:16,0.357,15.158,9.5,94.5,0.44,0.16,1.89,NA,0.09,188.2,122,241.5,7.82,38.99419,-92.48891,237.3,992.1333333333332
219,2026-04-09,2026-04-09 09:59:27,0.464,15.145,9.49,94.5,0.54,0.15,1.92,NA,0.09,188,122,241.5,7.84,38.99421,-92.48891,236.7,992
219,2026-04-09,2026-04-09 09:59:28,0.49,15.139,9.49,94.5,0.49,0.03,1.86,NA,0.09,188,122,241.5,7.84,38.99421,-92.4889,236.6,992.1333333333332
219,2026-04-09,2026-04-09 09:59:30,0.532,15.135,9.49,94.5,0.46,0.04,1.59,NA,0.09,187.9,122,241.6,7.84,38.99421,-92.4889,235.8,992
219,2026-04-09,2026-04-09 09:59:31,0.559,15.134,9.49,94.5,0.5,0.14,1.59,NA,0.09,187.8,122,241.6,7.84,38.99421,-92.4889,235.5,992
219,2026-04-09,2026-04-09 09:59:34,0.631,15.115,9.5,94.5,0.42,0.18,1.99,NA,0.09,187.8,122,241.6,7.85,38.99421,-92.48889,235.4,992.1333333333332
219,2026-04-09,2026-04-09 09:59:35,0.655,15.113,9.5,94.5,0.45,0.1,2,NA,0.09,187.8,122,241.6,7.85,38.99421,-92.48889,235.8,992.1333333333332
219,2026-04-09,2026-04-09 09:59:36,0.678,15.117,9.5,94.5,0.47,0.11,2.07,NA,0.09,187.8,122,241.7,7.85,38.99421,-92.48889,235.9,992.1333333333332
219,2026-04-09,2026-04-09 09:59:38,0.726,15.129,9.5,94.5,0.47,0.17,1.96,NA,0.09,187.9,122,241.9,7.84,38.99421,-92.48889,236,992.1333333333332
219,2026-04-09,2026-04-09 09:59:39,0.762,15.131,9.5,94.5,0.45,0.14,1.89,NA,0.09,187.9,122,242.4,7.84,38.99421,-92.48889,236.1,991.8666666666668
219,2026-04-09,2026-04-09 09:59:40,0.784,15.122,9.5,94.5,0.47,0.15,1.79,NA,0.09,188,122,242.7,7.83,38.99421,-92.48889,236.3,992.2666666666668
219,2026-04-09,2026-04-09 09:59:42,0.826,15.104,9.51,94.5,0.5,0.03,1.84,NA,0.09,188.1,122,243.5,7.82,38.99421,-92.48889,236.5,992.1333333333332
219,2026-04-09,2026-04-09 09:59:43,0.863,15.104,9.51,94.5,0.52,0.11,1.83,NA,0.09,187.9,122,243.9,7.82,38.99421,-92.48889,236.8,992.1333333333332
219,2026-04-09,2026-04-09 09:59:44,0.886,15.096,9.51,94.5,0.52,0.14,1.71,NA,0.09,187.9,122,244.1,7.81,38.99421,-92.48888,237,992.1333333333332
219,2026-04-09,2026-04-09 09:59:45,0.928,15.087,9.51,94.5,0.5,0.21,1.9,NA,0.09,187.9,122,244.6,7.81,38.99421,-92.48888,236.9,992
219,2026-04-09,2026-04-09 09:59:48,0.996,15.094,9.51,94.5,0.46,0.16,2.07,NA,0.09,187.9,122,245.7,7.79,38.99421,-92.48888,236.1,992
219,2026-04-09,2026-04-09 09:59:49,1.027,15.092,9.51,94.6,0.45,0.11,1.91,NA,0.09,187.9,122,246.1,7.79,38.99421,-92.48888,236.1,992
219,2026-04-09,2026-04-09 09:59:50,1.048,15.096,9.51,94.5,0.45,0.09,1.78,NA,0.09,187.9,122,246.4,7.78,38.99421,-92.48888,235.8,992
219,2026-04-09,2026-04-09 09:59:51,1.081,15.085,9.5,94.5,0.48,0.13,1.77,NA,0.09,187.9,122,246.9,7.77,38.9942,-92.48888,235.7,992.1333333333332
219,2026-04-09,2026-04-09 09:59:52,1.116,15.069,9.51,94.5,0.5,0.1,1.8,NA,0.09,187.9,122,247.2,7.77,38.9942,-92.48888,235.7,992
219,2026-04-09,2026-04-09 09:59:55,1.174,15.061,9.51,94.5,0.5,0.2,1.85,NA,0.09,187.8,122,248.1,7.75,38.9942,-92.48888,237,991.8666666666668
219,2026-04-09,2026-04-09 09:59:59,1.209,15.047,9.51,94.5,0.51,0.12,2,NA,0.09,187.9,122,249.2,7.73,38.99419,-92.48887,238.3,992
219,2026-04-09,2026-04-09 10:00:00,1.245,15.052,9.52,94.5,0.51,0.17,2.11,NA,0.09,187.8,122,249.5,7.73,38.99419,-92.48887,238,992.1333333333332
219,2026-04-09,2026-04-09 10:00:06,1.371,15.04,9.51,94.5,0.51,0.21,1.89,NA,0.09,187.8,122,251,7.7,38.99419,-92.48888,238.4,992.1333333333332
219,2026-04-09,2026-04-09 10:00:09,1.442,15.036,9.51,94.4,0.5,0.19,2.18,NA,0.09,187.7,122,251.7,7.69,38.99419,-92.48888,237.8,991.8666666666668
219,2026-04-09,2026-04-09 10:00:10,1.477,15.033,9.51,94.4,0.5,0.15,1.94,NA,0.09,187.7,122,251.8,7.69,38.99419,-92.48888,238.1,992
219,2026-04-09,2026-04-09 10:00:11,1.499,15.032,9.51,94.4,0.48,0.14,1.85,NA,0.09,187.7,122,251.9,7.69,38.99419,-92.48888,238.2,992
219,2026-04-09,2026-04-09 10:00:12,1.525,15.03,9.51,94.4,0.45,0.16,1.79,NA,0.09,187.6,122,252.1,7.68,38.99419,-92.48888,238.1,992
219,2026-04-09,2026-04-09 10:00:13,1.584,15.011,9.51,94.4,0.46,0.16,1.81,NA,0.09,187.7,122,252.2,7.68,38.99419,-92.48888,237.9,992.1333333333332
219,2026-04-09,2026-04-09 10:00:16,1.668,14.992,9.51,94.3,0.56,0.2,2.24,NA,0.09,187.9,122,252.4,7.68,38.99419,-92.48888,238.5,992
219,2026-04-09,2026-04-09 10:00:18,1.731,14.994,9.5,94.3,0.62,0.2,2.32,NA,0.09,188,122,252.6,7.67,38.9942,-92.48888,239.3,992.1333333333332
219,2026-04-09,2026-04-09 10:00:19,1.756,14.995,9.5,94.3,0.5,0.25,2.09,NA,0.09,187.9,122,252.7,7.67,38.99419,-92.48888,239.4,992
219,2026-04-09,2026-04-09 10:00:20,1.79,14.997,9.5,94.3,0.48,0.18,2.16,NA,0.09,187.9,122,252.7,7.67,38.99419,-92.48888,239.8,992.1333333333332
219,2026-04-09,2026-04-09 10:00:21,1.815,14.999,9.5,94.3,0.51,0.22,2.23,NA,0.09,187.9,122,252.7,7.67,38.99419,-92.48888,239.6,992.1333333333332
219,2026-04-09,2026-04-09 10:00:27,1.911,14.988,9.5,94.2,0.5,0.08,1.92,NA,0.09,187.7,122,252.9,7.67,38.9942,-92.48889,239.1,992
219,2026-04-09,2026-04-09 10:00:30,1.95,14.991,9.5,94.2,0.49,0.26,2.36,NA,0.09,187.6,122,253,7.67,38.9942,-92.48888,239.1,992
219,2026-04-09,2026-04-09 10:00:31,1.986,14.99,9.49,94.1,0.48,0.24,2.49,NA,0.09,187.7,122,253,7.67,38.9942,-92.48888,238.7,992.1333333333332
219,2026-04-09,2026-04-09 10:00:34,2.053,14.989,9.49,94.1,0.5,0.17,1.84,NA,0.09,187.8,122,253.1,7.66,38.9942,-92.48888,238.7,992.1333333333332
219,2026-04-09,2026-04-09 10:00:35,2.073,14.987,9.49,94.1,0.54,0.17,1.79,NA,0.09,187.8,122,253.1,7.66,38.9942,-92.48888,238.9,992.1333333333332
219,2026-04-09,2026-04-09 10:00:36,2.094,14.986,9.48,94.1,0.56,0.19,1.91,NA,0.09,187.9,122,253.2,7.66,38.9942,-92.48888,239.1,992
219,2026-04-09,2026-04-09 10:00:37,2.15,14.984,9.48,94,0.53,0.21,2.03,NA,0.09,187.8,122,253.2,7.66,38.9942,-92.48888,238.9,992.1333333333332
219,2026-04-09,2026-04-09 10:00:38,2.173,14.983,9.48,94,0.58,0.24,2.09,NA,0.09,187.8,122,253.2,7.66,38.9942,-92.48888,238.7,992
219,2026-04-09,2026-04-09 10:00:40,2.209,14.985,9.48,94,0.5,0.2,2.12,NA,0.09,187.5,122,253.3,7.66,38.9942,-92.48888,238.4,992
219,2026-04-09,2026-04-09 10:00:41,2.239,14.985,9.48,94,0.5,0.23,2.12,NA,0.09,187.5,122,253.3,7.66,38.99421,-92.48888,238.4,992.1333333333332
219,2026-04-09,2026-04-09 10:00:44,2.299,14.981,9.47,94,0.48,-0.03,1.93,NA,0.09,187.6,122,253.4,7.66,38.99421,-92.48888,238.3,992
219,2026-04-09,2026-04-09 10:00:45,2.325,14.98,9.47,93.9,0.48,0.09,1.77,NA,0.09,187.8,122,253.4,7.66,38.9942,-92.48888,238.4,992.1333333333332
219,2026-04-09,2026-04-09 10:00:46,2.355,14.98,9.47,93.9,0.46,0.16,1.56,NA,0.09,187.9,122,253.4,7.66,38.9942,-92.48888,238.2,992
219,2026-04-09,2026-04-09 10:00:48,2.429,14.978,9.47,93.9,0.62,0.24,1.99,NA,0.09,187.9,122,253.5,7.65,38.9942,-92.48888,238.4,991.8666666666668
219,2026-04-09,2026-04-09 10:00:51,2.474,14.98,9.46,93.8,0.5,0.17,1.89,NA,0.09,187.8,122,253.6,7.65,38.9942,-92.48888,238.9,992
219,2026-04-09,2026-04-09 10:00:52,2.503,14.971,9.46,93.8,0.52,0.22,1.85,NA,0.09,187.9,122,253.6,7.65,38.9942,-92.48888,238.9,992
219,2026-04-09,2026-04-09 10:00:53,2.525,14.967,9.46,93.8,0.53,0.26,1.91,NA,0.09,187.8,122,253.7,7.65,38.9942,-92.48888,239.3,992
219,2026-04-09,2026-04-09 10:00:54,2.554,14.963,9.46,93.8,0.51,0.21,2.01,NA,0.09,187.7,122,253.7,7.65,38.99421,-92.48888,239.4,992
219,2026-04-09,2026-04-09 10:00:55,2.594,14.961,9.46,93.7,0.52,0.18,2.09,NA,0.09,187.7,122,253.8,7.65,38.99421,-92.48888,239.5,992.1333333333332
219,2026-04-09,2026-04-09 10:00:58,2.648,14.968,9.45,93.7,0.49,0.2,2.07,NA,0.09,187.7,122,253.8,7.65,38.99421,-92.48888,239.7,992
219,2026-04-09,2026-04-09 10:01:00,2.695,14.967,9.44,93.6,0.5,0.17,2.29,NA,0.09,187.8,122,253.8,7.65,38.99421,-92.48888,239.9,992.1333333333332
219,2026-04-09,2026-04-09 10:01:01,2.717,14.965,9.44,93.6,0.58,0.16,2.11,NA,0.09,187.9,122,253.8,7.65,38.99421,-92.48889,239.7,992
219,2026-04-09,2026-04-09 10:01:02,2.755,14.965,9.44,93.6,0.56,0.16,1.94,NA,0.09,187.8,122,253.8,7.64,38.99422,-92.48889,239.5,992
219,2026-04-09,2026-04-09 10:01:03,2.792,14.962,9.44,93.6,0.49,0.25,1.7,NA,0.09,187.8,122,253.9,7.64,38.99422,-92.48889,239.5,992
219,2026-04-09,2026-04-09 10:01:04,2.814,14.958,9.44,93.6,0.48,0.21,1.68,NA,0.09,187.9,122,254,7.64,38.99422,-92.48889,239.6,992
219,2026-04-09,2026-04-09 10:01:05,2.84,14.954,9.44,93.5,0.45,0.15,1.7,NA,0.09,187.8,122,254,7.64,38.99422,-92.48889,239.3,992
219,2026-04-09,2026-04-09 10:01:06,2.862,14.951,9.43,93.5,0.4,0.14,1.92,NA,0.09,187.8,122,254.1,7.64,38.99422,-92.48889,239.2,992
219,2026-04-09,2026-04-09 10:01:07,2.896,14.948,9.43,93.5,0.4,0.12,1.86,NA,0.09,187.9,122,254.1,7.64,38.99422,-92.48889,239.2,992.1333333333332
219,2026-04-09,2026-04-09 10:01:12,2.979,14.941,9.41,93.3,0.4,0.17,1.83,NA,0.09,187.9,122,254.2,7.63,38.99422,-92.48889,239.5,992
219,2026-04-09,2026-04-09 10:01:13,3.013,14.922,9.4,93.2,0.38,0.2,1.54,NA,0.09,187.9,122,254.3,7.63,38.99422,-92.48889,239.6,992.1333333333332
219,2026-04-09,2026-04-09 10:01:14,3.042,14.9,9.4,93.1,0.39,0.16,1.31,NA,0.09,188.1,122,254.4,7.63,38.99422,-92.48889,239.4,992.1333333333332
219,2026-04-09,2026-04-09 10:01:15,3.097,14.842,9.4,93,0.33,0.07,1.41,NA,0.09,188.3,122,254.6,7.62,38.99422,-92.48889,239.4,992.1333333333332
219,2026-04-09,2026-04-09 10:01:16,3.144,14.832,9.39,92.9,0.33,0.06,1.36,NA,0.09,188.1,122,254.7,7.61,38.99422,-92.48889,239,992
219,2026-04-09,2026-04-09 10:01:17,3.169,14.847,9.38,92.8,0.37,0.09,1.32,NA,0.09,188.1,122,254.7,7.61,38.99422,-92.48889,238.9,992.1333333333332
219,2026-04-09,2026-04-09 10:01:18,3.2,14.863,9.36,92.6,0.39,0.06,1.35,NA,0.09,188.1,122,254.7,7.61,38.99422,-92.48889,238.8,992.2666666666668
219,2026-04-09,2026-04-09 10:01:19,3.253,14.849,9.33,92.3,0.37,0.11,1.33,NA,0.09,188.2,122,254.8,7.6,38.99422,-92.48889,238.7,992
219,2026-04-09,2026-04-09 10:01:20,3.276,14.821,9.31,92,0.34,0.18,1.29,NA,0.09,188.3,122,254.9,7.6,38.99422,-92.48889,238.8,992.1333333333332
219,2026-04-09,2026-04-09 10:01:22,3.336,14.781,9.25,91.4,0.38,0.06,1.41,NA,0.09,188.5,122,255.2,7.58,38.99422,-92.48889,239.2,992.1333333333332
219,2026-04-09,2026-04-09 10:01:23,3.363,14.784,9.23,91.1,0.37,0.09,1.34,NA,0.09,188.4,122,255.2,7.58,38.99422,-92.48889,239,992.1333333333332
219,2026-04-09,2026-04-09 10:01:24,3.401,14.78,9.17,90.6,0.38,0.11,1.22,NA,0.09,188.5,123,255.3,7.57,38.99422,-92.48889,239.2,992
219,2026-04-09,2026-04-09 10:01:25,3.425,14.774,9.13,90.1,0.36,0.11,1.22,NA,0.09,188.6,123,255.3,7.57,38.99422,-92.48889,239.5,991.8666666666668
219,2026-04-09,2026-04-09 10:01:26,3.464,14.764,9.09,89.7,0.32,0.15,1.23,NA,0.09,188.6,123,255.4,7.57,38.99422,-92.48889,239.6,992.1333333333332
219,2026-04-09,2026-04-09 10:01:27,3.49,14.762,9.04,89.3,0.31,0.17,1.35,NA,0.09,188.2,122,255.4,7.56,38.99422,-92.48889,239.9,992
219,2026-04-09,2026-04-09 10:01:28,3.52,14.772,9.01,88.9,0.34,0.18,1.36,NA,0.09,188.1,122,255.5,7.56,38.99422,-92.48889,240.3,992
219,2026-04-09,2026-04-09 10:01:31,3.572,14.757,8.9,87.9,0.4,0.07,1.38,NA,0.09,188.4,122,255.7,7.55,38.99422,-92.48889,240.7,992
219,2026-04-09,2026-04-09 10:01:33,3.648,14.75,8.86,87.4,0.35,0.12,1.23,NA,0.09,188.4,122,255.8,7.54,38.99423,-92.4889,240.3,992
219,2026-04-09,2026-04-09 10:01:34,3.688,14.748,8.84,87.2,0.33,0.07,1.19,NA,0.09,188.4,122,255.9,7.54,38.99423,-92.4889,240.5,991.8666666666668
219,2026-04-09,2026-04-09 10:01:37,3.758,14.744,8.79,86.7,0.35,0.05,1.13,NA,0.09,188.4,122,256.1,7.53,38.99422,-92.48889,240.3,992.1333333333332
219,2026-04-09,2026-04-09 10:01:38,3.781,14.731,8.77,86.6,0.33,0.02,1.06,NA,0.09,188.6,123,256.1,7.52,38.99424,-92.4889,239.7,991.8666666666668
274,2026-01-21,2026-01-21 10:58:15,0,4.567500000000001,11.56,89.6,0.04,-0.095,-0.36,NA,0.115,250.2,162.5,279.7,7.175000000000001,38.74991,-91.08121,207.45,993.8666666666668
274,2026-01-21,2026-01-21 10:58:18,0.077,4.548,11.536666666666669,89.33333333333334,0.03,-0.08333333333333334,-0.21,NA,0.12,261.4,170,279.1333333333333,7.223333333333334,38.74991,-91.08121,207.5,993.8666666666668
274,2026-01-21,2026-01-21 10:58:21,0.19866666666666663,4.568,11.496666666666666,89.1,0.18666666666666668,-0.10666666666666667,-0.02666666666666666,NA,0.12,261.76666666666665,170,278.46666666666664,7.26,38.74991,-91.08121,207.7,993.8666666666668
274,2026-01-21,2026-01-21 10:58:24,0.279,4.557666666666667,11.47,88.83333333333333,0.05333333333333334,-0.10666666666666667,-0.02,NA,0.12,261.96666666666664,170,278.1,7.29,38.74992,-91.08121,207.53333333333333,993.8666666666668
274,2026-01-21,2026-01-21 10:58:27,0.49566666666666664,4.522333333333333,11.456666666666669,88.66666666666667,0.17333333333333334,-0.09666666666666666,-0.24666666666666667,NA,0.12,261.1,170,277.8333333333333,7.32,38.74992,-91.08121,207.8,993.8666666666668
274,2026-01-21,2026-01-21 10:58:30,0.6943333333333334,4.507,11.44,88.53333333333333,0.12,-0.05333333333333334,-0.15,NA,0.12,261.03333333333336,169.66666666666666,277.6666666666667,7.353333333333333,38.74992,-91.08121,208.26666666666665,993.8666666666668
274,2026-01-21,2026-01-21 10:58:33,0.88,4.504,11.42,88.36666666666667,0.06333333333333334,-0.08666666666666667,-0.33,NA,0.12,261.3,170,277.5,7.38,38.74992,-91.08121,207.3,993.8666666666668
274,2026-01-21,2026-01-21 10:58:36,0.9966666666666666,4.501333333333333,11.406666666666666,88.23333333333333,0.04666666666666667,-0.10666666666666667,-0.24333333333333337,NA,0.12,261.1333333333333,170,277.3,7.403333333333333,38.74992,-91.08121,206.53333333333333,993.8222222222222
274,2026-01-21,2026-01-21 10:58:39,1.1003333333333334,4.498666666666667,11.393333333333334,88.13333333333333,0.04666666666666667,-0.13333333333333333,-0.18,NA,0.12,261.3,170,277.1333333333333,7.416666666666667,38.74992,-91.08121,207.53333333333333,993.8222222222222
274,2026-01-21,2026-01-21 10:58:42,1.213666666666667,4.495666666666667,11.383333333333336,88.06666666666666,0.03,-0.09666666666666666,-0.18,NA,0.12,261.3,170,276.96666666666664,7.433333333333334,38.74991333333333,-91.08121666666666,208.3,993.8666666666668
274,2026-01-21,2026-01-21 10:58:45,1.3086666666666666,4.501,11.373333333333331,87.96666666666667,0.05666666666666667,-0.09,-0.30333333333333334,NA,0.12,261.03333333333336,170,276.8,7.446666666666667,38.74991,-91.08121666666666,208.53333333333333,993.8666666666668
274,2026-01-21,2026-01-21 10:58:48,1.3716666666666666,4.486,11.36,87.83333333333333,0.04,-0.07666666666666666,-0.00333333333333333,NA,0.12,261.43333333333334,170,276.6,7.466666666666667,38.74991,-91.08121,208.66666666666663,993.8666666666668
274,2026-01-21,2026-01-21 10:58:51,1.4903333333333333,4.4623333333333335,11.37,87.83333333333333,0.16,-0.07333333333333333,-0.20333333333333337,NA,0.12,261.3,170,276.43333333333334,7.48,38.74991,-91.08121,208.13333333333333,993.8666666666668
274,2026-01-21,2026-01-21 10:58:54,1.6163333333333334,4.471333333333333,11.363333333333332,87.8,0.04,-0.09666666666666666,-0.32,NA,0.12,261.26666666666665,170,276.3,7.496666666666667,38.74991333333333,-91.08121,207.43333333333337,993.8666666666668
274,2026-01-21,2026-01-21 10:58:57,1.7696666666666667,4.475666666666666,11.356666666666666,87.8,0.04333333333333333,-0.13666666666666666,-0.23333333333333336,NA,0.12,261.5,170,276.1333333333333,7.506666666666667,38.74991,-91.08121,207.9,993.8666666666668
274,2026-01-21,2026-01-21 10:59:00,1.8856666666666664,4.4736666666666665,11.35,87.73333333333333,0.07666666666666666,-0.09666666666666666,0.13666666666666666,NA,0.12,261.43333333333334,170,276,7.523333333333333,38.74991,-91.08121333333334,207.66666666666663,993.8666666666668
274,2026-01-21,2026-01-21 10:59:03,1.981666666666667,4.474,11.346666666666666,87.7,0.10333333333333332,-0.09333333333333334,-0.2,NA,0.12,261.26666666666665,170,275.8333333333333,7.536666666666667,38.74990666666667,-91.08121333333334,207.8,993.8666666666668
274,2026-01-21,2026-01-21 10:59:06,2.048,4.474666666666667,11.336666666666666,87.63333333333333,0.03,-0.11333333333333331,-0.27,NA,0.12,261.4666666666667,170,275.6666666666667,7.546666666666667,38.74991,-91.08121,206,993.8666666666668
274,2026-01-21,2026-01-21 10:59:09,2.119,4.455333333333333,11.336666666666666,87.6,0.05,-0.1,0.00333333333333332,NA,0.12,261.76666666666665,170,275.46666666666664,7.553333333333333,38.74990666666667,-91.08120666666666,205.2,993.8666666666668
274,2026-01-21,2026-01-21 10:59:12,2.1936666666666667,4.454,11.336666666666666,87.56666666666666,0.05,-0.13333333333333333,-0.2866666666666667,NA,0.12,261.6666666666667,170,275.4,7.563333333333333,38.7499,-91.08121,205.93333333333337,993.8666666666668
274,2026-01-21,2026-01-21 10:59:15,2.324,4.454000000000001,11.33,87.5,0.03333333333333333,-0.11,-0.2366666666666667,NA,0.12,261.6,170,275.26666666666665,7.576666666666667,38.7499,-91.08121,205.66666666666663,993.8666666666668
274,2026-01-21,2026-01-21 10:59:18,2.4023333333333334,4.443666666666667,11.326666666666666,87.5,0.08,-0.10666666666666667,-0.22333333333333333,NA,0.12,261.73333333333335,170,275,7.59,38.74989,-91.08121,206.3,993.8222222222222
274,2026-01-21,2026-01-21 10:59:21,2.493,4.440666666666667,11.33,87.5,0.05333333333333333,-0.1,-0.24,NA,0.12,261.73333333333335,170,274.8,7.596666666666667,38.74989,-91.08121,205.23333333333332,993.8666666666668
274,2026-01-21,2026-01-21 10:59:24,2.5633333333333335,4.441666666666666,11.323333333333334,87.5,0.06333333333333334,-0.1,-0.32,NA,0.12,261.6666666666667,170,274.6333333333333,7.606666666666667,38.74989,-91.08120666666666,204.8,993.8666666666668
274,2026-01-21,2026-01-21 10:59:27,2.64,4.442,11.32,87.43333333333334,0.05666666666666666,-0.10666666666666666,-0.29666666666666663,NA,0.12,261.8,170,274.46666666666664,7.613333333333333,38.74989,-91.08120333333332,204.76666666666665,993.7777777777776
274,2026-01-21,2026-01-21 10:59:30,2.7163333333333335,4.439666666666667,11.32,87.4,0.06,-0.12333333333333334,-0.07666666666666667,NA,0.12,261.6333333333333,170,274.3333333333333,7.62,38.74989,-91.08120666666666,205.03333333333333,993.8666666666668
274,2026-01-21,2026-01-21 10:59:33,2.7953333333333332,4.437666666666667,11.31,87.4,0.08333333333333333,-0.08666666666666667,0.00333333333333333,NA,0.12,261.6333333333333,170,274.1333333333333,7.623333333333333,38.74988,-91.08120333333332,204.96666666666667,993.8666666666668
274,2026-01-21,2026-01-21 10:59:36,2.884,4.440333333333333,11.31,87.36666666666667,0.05666666666666667,-0.11,0.08,NA,0.12,261.6333333333333,170,274,7.63,38.74987333333333,-91.08121,204.76666666666668,993.8666666666668
274,2026-01-21,2026-01-21 10:59:39,2.943333333333334,4.443,11.31,87.3,0.4033333333333333,-0.08333333333333334,-0.11,NA,0.12,261.76666666666665,170,273.8333333333333,7.636666666666667,38.74987,-91.08121,204.9,993.8222222222222
274,2026-01-21,2026-01-21 10:59:42,3.0156666666666667,4.445333333333333,11.3,87.3,0.2066666666666667,-0.10666666666666667,-0.06333333333333334,NA,0.12,261.8666666666667,170,273.6666666666667,7.646666666666667,38.74987,-91.08121,204.8,993.8666666666668
274,2026-01-21,2026-01-21 10:59:45,3.0866666666666664,4.443666666666667,11.3,87.3,0.09,-0.11666666666666668,-0.09666666666666666,NA,0.12,261.6333333333333,170,273.53333333333336,7.65,38.74987,-91.08121,204.83333333333337,993.8222222222222
274,2026-01-21,2026-01-21 10:59:48,3.175,4.4463333333333335,11.3,87.3,0.11666666666666668,-0.11,-0.10666666666666667,NA,0.12,261.8,170,273.43333333333334,7.653333333333333,38.74986333333333,-91.08121,205.63333333333333,993.8666666666668
274,2026-01-21,2026-01-21 10:59:51,3.247666666666667,4.445,11.3,87.3,0.12666666666666668,-0.12,0.12,NA,0.12,261.8,170,273.3333333333333,7.66,38.74986,-91.08121,205.73333333333332,993.8666666666668
274,2026-01-21,2026-01-21 10:59:54,3.327,4.442666666666667,11.3,87.3,0.11,-0.11333333333333331,0.03666666666666667,NA,0.12,261.9,170,273.4,7.66,38.74986,-91.08121,205.96666666666667,993.8666666666668
274,2026-01-21,2026-01-21 10:59:57,3.4103333333333334,4.4463333333333335,11.3,87.3,0.10666666666666666,-0.09333333333333334,0.12666666666666668,NA,0.12,261.9,170,273.23333333333335,7.666666666666667,38.74987,-91.08121,206.06666666666663,993.8222222222222
274,2026-01-21,2026-01-21 11:00:00,3.495,4.443,11.3,87.3,0.12666666666666668,-0.08,0.13,NA,0.12,261.8,170,273.1666666666667,7.67,38.74987,-91.08121,206.7,993.8666666666668
274,2026-01-21,2026-01-21 11:00:03,3.5556666666666668,4.442,11.3,87.3,0.12666666666666668,-0.09333333333333334,0.11,NA,0.12,261.9,170,273.1,7.676666666666667,38.749876666666665,-91.08121,207.2,993.8666666666668
274,2026-01-21,2026-01-21 11:00:06,3.603666666666667,4.438,11.3,87.3,0.4066666666666667,-0.07666666666666667,0.5599999999999999,NA,0.12,261.8666666666667,170,273.06666666666666,7.68,38.74988,-91.08121,207.93333333333337,993.8666666666668
274,2026-01-21,2026-01-21 11:00:09,3.6306666666666665,4.441666666666666,11.296666666666669,87.2,0.8033333333333333,0.01,0.02666666666666667,NA,0.12,262.06666666666666,170,273,7.68,38.74989,-91.08121,208.5,993.8666666666668
274,2026-01-21,2026-01-21 11:00:12,3.7396666666666665,4.434666666666667,11.3,87.2,0.18,-0.11666666666666668,-0.09333333333333334,NA,0.12,262.0333333333333,170,272.93333333333334,7.69,38.74989,-91.08121,208.33333333333337,993.8222222222222
274,2026-01-21,2026-01-21 11:00:15,3.819,4.434,11.296666666666669,87.2,0.16,-0.09,0.4366666666666667,NA,0.12,261.76666666666665,170,272.96666666666664,7.69,38.749896666666665,-91.08121,207.93333333333337,993.8666666666668
274,2026-01-21,2026-01-21 11:00:18,3.9073333333333338,4.433666666666666,11.3,87.2,0.14666666666666667,-0.09,0.12333333333333334,NA,0.12,261.76666666666665,170,272.9,7.69,38.7499,-91.08120666666666,207.3,993.8666666666668
274,2026-01-21,2026-01-21 11:00:21,3.969666666666667,4.431,11.293333333333331,87.2,0.15000000000000002,-0.11,0.4300000000000001,NA,0.12,261.8666666666667,170,272.9,7.69,38.74991,-91.0812,206.56666666666663,993.8222222222222
274,2026-01-21,2026-01-21 11:00:24,4.032,4.425666666666666,11.3,87.2,0.3066666666666667,-0.11666666666666668,0.17,NA,0.12,262.03333333333336,170,272.9,7.69,38.74991,-91.08120333333332,206.73333333333332,993.8666666666668
274,2026-01-21,2026-01-21 11:00:27,4.111666666666666,4.424,11.29,87.2,0.31666666666666665,-0.1,0.3866666666666667,NA,0.12,262.09999999999997,170,272.9,7.69,38.74990333333333,-91.08121,207.43333333333337,993.8666666666668
274,2026-01-21,2026-01-21 11:00:30,4.1899999999999995,4.4239999999999995,11.296666666666669,87.2,0.22666666666666663,-0.06333333333333332,2.19,NA,0.12,261.8666666666667,170,272.9,7.696666666666667,38.7499,-91.08121,208.13333333333333,993.8666666666668
274,2026-01-21,2026-01-21 11:00:33,4.271,4.423666666666667,11.3,87.2,0.2866666666666667,-0.07666666666666666,0.31666666666666665,NA,0.12,261.96666666666664,170,272.9,7.7,38.7499,-91.08121,209.16666666666669,993.8666666666668
274,2026-01-21,2026-01-21 11:00:36,4.367666666666667,4.422666666666666,11.296666666666669,87.2,0.30333333333333334,-0.05666666666666667,1.1233333333333333,NA,0.12,262.03333333333336,170,272.93333333333334,7.7,38.74990666666667,-91.08121,209.26666666666665,993.8666666666668
274,2026-01-21,2026-01-21 11:00:39,4.491666666666666,4.421333333333333,11.293333333333331,87.2,0.3066666666666667,-0.09333333333333334,0.36,NA,0.12,262.2,170,273,7.7,38.74991666666667,-91.0812,208.4,993.9111111111112
274,2026-01-21,2026-01-21 11:00:42,4.619666666666666,4.417666666666666,11.29,87.2,0.5466666666666666,-0.08,1.2866666666666666,NA,0.12,262.1,170,273,7.7,38.74992,-91.0812,208.3,993.8666666666668
274,2026-01-21,2026-01-21 11:00:45,4.750333333333334,4.417666666666666,11.29,87.13333333333333,0.30000000000000004,-0.14666666666666667,0.8333333333333334,NA,0.12,262.03333333333336,170,273,7.7,38.74992,-91.0812,208.73333333333332,993.8666666666668
274,2026-01-21,2026-01-21 11:00:48,4.894,4.416333333333333,11.286666666666664,87.1,0.32666666666666666,-0.07666666666666666,0.9233333333333332,NA,0.12,262.1666666666667,170,273,7.703333333333333,38.74992,-91.08120333333332,209.23333333333332,993.9111111111112
274,2026-01-21,2026-01-21 11:00:51,5.04,4.413,11.28,87.1,0.29,-0.06333333333333334,3.28,NA,0.12,262.2,170,273,7.71,38.74992,-91.08121,209.26666666666668,993.8666666666668
274,2026-01-21,2026-01-21 11:00:54,5.22,4.412,11.28,87.1,0.2866666666666667,-0.03666666666666667,1.1333333333333333,NA,0.12,262.3,170.33333333333334,273.03333333333336,7.71,38.74992666666667,-91.0812,208.3,993.8666666666668
274,2026-01-21,2026-01-21 11:00:57,5.374333333333333,4.411,11.28,87.1,0.27,-0.07,2.54,NA,0.12,262.06666666666666,170,273.1,7.706666666666667,38.74993,-91.0812,208.43333333333337,993.8666666666668
274,2026-01-21,2026-01-21 11:01:00,5.437666666666667,4.41,11.28,87.1,0.38,-0.10333333333333332,1.04,NA,0.12,262.1,170,273.2,7.7,38.74993,-91.0812,208.2,993.8666666666668
274,2026-01-21,2026-01-21 11:01:03,5.502,4.410666666666667,11.28,87.06666666666666,0.45,-0.09666666666666666,0.41666666666666663,NA,0.12,262.06666666666666,170,273.26666666666665,7.7,38.74993,-91.0812,208.03333333333333,993.8666666666668
274,2026-01-21,2026-01-21 11:01:06,5.572666666666667,4.4126666666666665,11.276666666666666,87,0.25,-0.09666666666666666,0.67,NA,0.12,262.26666666666665,170,273.3,7.7,38.74992666666667,-91.0812,208.56666666666663,993.9111111111112
274,2026-01-21,2026-01-21 11:01:09,5.667666666666666,4.414666666666666,11.27,87,0.25,-0.10333333333333332,0.6566666666666666,NA,0.12,262.1333333333333,170,273.46666666666664,7.7,38.74993,-91.0812,208.46666666666667,993.9111111111112
274,2026-01-21,2026-01-21 11:01:12,5.75,4.4143333333333334,11.276666666666666,87,0.3866666666666667,-0.05666666666666667,0.4633333333333334,NA,0.12,262,170,273.5,7.7,38.74993,-91.0812,208.23333333333332,993.8666666666668
274,2026-01-21,2026-01-21 11:01:15,5.847666666666666,4.41,11.273333333333332,87,0.5233333333333333,-0.1,0.5666666666666667,NA,0.12,262.06666666666666,170,273.56666666666666,7.7,38.74993,-91.0812,208.33333333333337,993.9111111111112
274,2026-01-21,2026-01-21 11:01:18,6.002666666666666,4.411333333333333,11.27,87,0.35333333333333333,-0.07333333333333333,0.44666666666666666,NA,0.12,262.26666666666665,170,273.7,7.7,38.74994,-91.08120666666666,208.53333333333333,993.9111111111112
274,2026-01-21,2026-01-21 11:01:21,6.189333333333334,4.410333333333333,11.27,87,0.73,-0.10333333333333332,0.44666666666666666,NA,0.12,262.26666666666665,170,273.8,7.696666666666667,38.74994,-91.08121,208.63333333333333,993.8666666666668
274,2026-01-21,2026-01-21 11:01:24,6.346666666666667,4.41,11.27,86.96666666666667,0.42,-0.10333333333333332,1.0733333333333337,NA,0.12,262.1666666666667,170,273.93333333333334,7.69,38.74994,-91.08121,208.26666666666668,993.8666666666668
274,2026-01-21,2026-01-21 11:01:27,6.663333333333333,4.409,11.27,86.96666666666667,0.33999999999999997,-0.03333333333333333,1.88,NA,0.12,262.23333333333335,170.66666666666666,274.06666666666666,7.69,38.74994,-91.08121,207.96666666666667,993.8666666666668
274,2026-01-21,2026-01-21 11:01:30,6.789,4.4093333333333335,11.26,86.9,0.35333333333333333,-0.04333333333333333,1.4533333333333334,NA,0.12,262.23333333333335,170,274.1333333333333,7.69,38.74994,-91.08121,207.9,993.8666666666668
274,2026-01-21,2026-01-21 11:01:33,6.881,4.410666666666667,11.266666666666666,86.93333333333334,0.2733333333333333,-0.1,0.8566666666666667,NA,0.12,262.26666666666665,170.33333333333334,274.2,7.69,38.74994,-91.08121,207.83333333333337,993.8666666666668
274,2026-01-21,2026-01-21 11:01:36,6.998333333333333,4.409,11.26,86.9,0.31333333333333335,-0.11666666666666668,0.63,NA,0.12,262.3333333333333,170.33333333333334,274.3333333333333,7.683333333333334,38.74994,-91.08121,207.63333333333333,993.8666666666668
274,2026-01-21,2026-01-21 11:01:39,7.1546666666666665,4.408,11.26,86.9,0.3933333333333333,-0.1,0.48333333333333334,NA,0.12,262.23333333333335,170,274.5,7.68,38.74994,-91.08121,207.53333333333333,993.8666666666668
274,2026-01-21,2026-01-21 11:01:42,7.297333333333333,4.407333333333334,11.26,86.9,0.27999999999999997,-0.09333333333333334,1.0699999999999998,NA,0.12,262.2,170,274.56666666666666,7.68,38.74994,-91.08121,207.6,993.9111111111112
274,2026-01-21,2026-01-21 11:01:45,7.432333333333333,4.408666666666667,11.26,86.9,0.37333333333333335,-0.07666666666666667,0.82,NA,0.12,262.4,171,274.76666666666665,7.68,38.74994,-91.08121,207.5,993.9111111111112
274,2026-01-21,2026-01-21 11:01:48,7.598333333333334,4.41,11.256666666666666,86.9,0.3566666666666667,-0.05333333333333333,0.6466666666666667,NA,0.12,262.3,170.66666666666666,274.9,7.673333333333333,38.74994,-91.08121,207.2,993.9111111111112
274,2026-01-21,2026-01-21 11:01:51,7.739666666666667,4.408333333333333,11.25,86.8,0.3433333333333333,-0.07666666666666667,0.4266666666666667,NA,0.12,262.1,170.33333333333334,275.03333333333336,7.67,38.74993666666667,-91.08121,207.2,993.9111111111112
274,2026-01-21,2026-01-21 11:01:54,7.780666666666667,4.408333333333333,11.25,86.8,0.3666666666666667,-0.09,0.48333333333333334,NA,0.12,262.1666666666667,170.33333333333334,275.03333333333336,7.67,38.74993,-91.08121,207.7,993.9111111111112
274,2026-01-21,2026-01-21 11:01:57,7.881,4.409,11.246666666666666,86.8,0.31666666666666665,-0.10333333333333332,0.5,NA,0.12,262.26666666666665,170.33333333333334,275.1666666666667,7.67,38.74993,-91.08121,208.13333333333333,993.9111111111112
274,2026-01-21,2026-01-21 11:02:00,7.954333333333333,4.405666666666667,11.24,86.73333333333333,0.33666666666666667,-0.1,0.52,NA,0.12,262.43333333333334,171,275.26666666666665,7.67,38.74993,-91.08121,208.36666666666667,993.9111111111112
274,2026-01-21,2026-01-21 11:02:03,8.071666666666665,4.402,11.24,86.7,0.5,-0.07333333333333333,0.5066666666666666,NA,0.12,262.3,170.33333333333334,275.4,7.66,38.74992,-91.08121,208.46666666666667,993.9111111111112
274,2026-01-21,2026-01-21 11:02:06,8.180666666666667,4.398333333333333,11.24,86.7,1.4433333333333334,-0.05666666666666667,1.856666666666667,NA,0.12,262.26666666666665,170.33333333333334,275.56666666666666,7.66,38.74992,-91.08121,208.3,993.9555555555556
274,2026-01-21,2026-01-21 11:02:09,8.28,4.399333333333334,11.24,86.7,0.7866666666666666,-0.07333333333333333,2.4133333333333336,NA,0.12,262.1333333333333,170,275.6333333333333,7.66,38.74992,-91.08121,208.16666666666663,993.8666666666668
274,2026-01-21,2026-01-21 11:02:12,8.533999999999999,4.406,11.24,86.73333333333333,0.6266666666666667,-0.12333333333333334,0.34,NA,0.12,262.3,170.66666666666666,275.76666666666665,7.66,38.74992,-91.08121,208.23333333333332,994
274,2026-01-21,2026-01-21 11:02:15,8.678333333333333,4.407,11.24,86.7,0.2966666666666667,-0.10333333333333332,0.5633333333333334,NA,0.12,262.4,170.66666666666666,275.8666666666667,7.653333333333333,38.74991666666667,-91.08121,208.5,993.9111111111112
274,2026-01-21,2026-01-21 11:02:18,8.899,4.408,11.236666666666666,86.7,0.5466666666666666,-0.09,0.8433333333333334,NA,0.12,262.2,170,275.96666666666664,7.65,38.74991,-91.08121333333334,208.86666666666667,993.8666666666668
274,2026-01-21,2026-01-21 11:02:21,8.952333333333334,4.4093333333333335,11.23,86.63333333333333,0.27666666666666667,-0.08666666666666667,1.49,NA,0.12,262.23333333333335,170,276.06666666666666,7.65,38.74991,-91.08122,209.33333333333337,993.9111111111112
274,2026-01-21,2026-01-21 11:02:24,9.099333333333334,4.4093333333333335,11.23,86.66666666666667,0.37666666666666665,-0.06,2.623333333333333,NA,0.12,262.1,170,276.1,7.65,38.74991,-91.08122,209.96666666666667,993.9111111111112
274,2026-01-21,2026-01-21 11:02:27,9.319666666666668,4.408,11.23,86.6,0.2833333333333333,-0.11666666666666668,0.38666666666666666,NA,0.12,262.3666666666667,170.66666666666666,276.1333333333333,7.65,38.74990666666667,-91.08122,209.83333333333337,993.9555555555556
274,2026-01-21,2026-01-21 11:02:30,9.453,4.406,11.22,86.6,0.31333333333333335,-0.10666666666666667,0.5166666666666667,NA,0.12,262.4666666666667,170.66666666666666,276.1,7.65,38.74991,-91.08122,209.36666666666667,993.9555555555556
274,2026-01-21,2026-01-21 11:02:33,9.574333333333334,4.404,11.22,86.6,0.85,-0.14,0.47,NA,0.12,262.3,170.66666666666666,276.03333333333336,7.65,38.74991,-91.08122,209.1,993.8666666666668
274,2026-01-21,2026-01-21 11:02:36,9.808,4.4013333333333335,11.22,86.56666666666666,0.8833333333333333,-0.06,0.3833333333333333,NA,0.12,262.06666666666666,170,275.76666666666665,7.65,38.74992,-91.08121,208.36666666666667,993.8666666666668
274,2026-01-21,2026-01-21 11:02:39,9.953666666666669,4.401666666666666,11.216666666666669,86.5,0.34,-0.09333333333333334,0.83,NA,0.12,262.23333333333335,170.33333333333334,275.4666666666667,7.656666666666667,38.74992,-91.08121,207.8,993.8666666666668
274,2026-01-21,2026-01-21 11:02:42,10.139333333333331,4.402333333333333,11.22,86.5,0.37666666666666665,-0.08333333333333334,2.03,NA,0.12,262.5,171,275.1333333333333,7.66,38.74992,-91.08121,207.33333333333337,993.8666666666668
274,2026-01-21,2026-01-21 11:02:45,10.287,4.403333333333333,11.22,86.53333333333333,0.5633333333333334,-0.1,0.5333333333333333,NA,0.12,262.3666666666667,170.33333333333334,275.06666666666666,7.663333333333333,38.74992,-91.08121,206.96666666666667,993.8666666666668
274,2026-01-21,2026-01-21 11:02:48,10.453,4.404,11.213333333333336,86.53333333333333,0.31666666666666665,-0.11666666666666668,1.153333333333333,NA,0.12,262.3666666666667,170.66666666666666,274.93333333333334,7.67,38.74993,-91.08121,206.93333333333337,993.8666666666668
274,2026-01-21,2026-01-21 11:02:51,10.559333333333331,4.403666666666666,11.21,86.5,0.8766666666666667,-0.09666666666666666,0.5366666666666666,NA,0.12,262.43333333333334,171,274.9,7.67,38.74993333333333,-91.08121,206.86666666666667,993.8666666666668
274,2026-01-21,2026-01-21 11:02:54,10.579333333333334,4.404,11.21,86.5,0.61,-0.13,0.5900000000000001,NA,0.12,262.46666666666664,171,274.8,7.67,38.74994,-91.08120666666666,206.66666666666663,993.9111111111112
274,2026-01-21,2026-01-21 11:02:57,10.718666666666666,4.3966666666666665,11.21,86.5,0.3,-0.11666666666666668,0.74,NA,0.12,262.56666666666666,171,274.56666666666666,7.67,38.749943333333334,-91.08120333333332,206.53333333333333,993.8666666666668
274,2026-01-21,2026-01-21 11:03:00,10.763,4.393,11.21,86.5,0.5666666666666667,-0.08,1.9,NA,0.12,262.4,171,274.3,7.676666666666667,38.74995,-91.08121,206.5,993.9555555555556
274,2026-01-21,2026-01-21 11:03:03,10.894333333333334,4.389,11.21,86.5,0.38666666666666666,-0.05333333333333333,0.9033333333333332,NA,0.12,262.3666666666667,170.66666666666666,274.03333333333336,7.68,38.74995,-91.08121,206.6,993.8666666666668
274,2026-01-21,2026-01-21 11:03:06,11.102666666666666,4.369666666666666,11.22,86.5,0.38,-0.06,3.2266666666666666,NA,0.12,262.46666666666664,170.66666666666666,274,7.68,38.74995,-91.08121,206.9,993.8666666666668
274,2026-01-21,2026-01-21 11:03:09,11.307333333333334,4.362,11.226666666666668,86.53333333333333,0.36,-0.08333333333333333,8.23,NA,0.12,262.53333333333336,171,274.1,7.68,38.74995,-91.08121,206.96666666666667,993.8666666666668
274,2026-01-21,2026-01-21 11:03:12,11.505,4.3693333333333335,11.24,86.6,0.5166666666666666,-0.07666666666666666,0.84,NA,0.12,262.43333333333334,171,274.2,7.68,38.74994,-91.08121,207.23333333333335,993.8666666666668
274,2026-01-21,2026-01-21 11:03:15,11.604333333333331,4.370666666666667,11.24,86.66666666666667,0.6633333333333333,-0.10333333333333332,2.2733333333333334,NA,0.12,262.3,170.66666666666666,274.2,7.68,38.74994,-91.08121,207.46666666666667,993.8666666666668
274,2026-01-21,2026-01-21 11:03:18,11.733333333333334,4.3646666666666665,11.243333333333334,86.7,2.216666666666667,0.01333333333333333,4.43,NA,0.12,262.2,170,274.2,7.68,38.74994,-91.08121,207.56666666666663,993.8666666666668
274,2026-01-21,2026-01-21 11:03:21,11.844,4.357333333333333,11.246666666666666,86.7,0.5466666666666666,-0.08,1.1133333333333333,NA,0.12,262.3666666666667,170.66666666666666,274.2,7.68,38.74994,-91.08121,207.43333333333337,993.8666666666668
274,2026-01-21,2026-01-21 11:03:24,11.950333333333331,4.35,11.253333333333334,86.7,1.2566666666666666,0.02,1.7733333333333332,NA,0.12,262.56666666666666,171,274.3,7.68,38.74994,-91.08121,207.6,993.8666666666668
274,2026-01-21,2026-01-21 11:03:27,12.067666666666666,4.345666666666666,11.266666666666666,86.76666666666667,0.43333333333333335,-0.02,1.49,NA,0.12,262.3666666666667,170.66666666666666,274.3666666666667,7.68,38.74994,-91.08121,207.76666666666668,993.8666666666668
274,2026-01-21,2026-01-21 11:03:30,12.163333333333334,4.344666666666667,11.27,86.83333333333333,0.46,-0.06333333333333334,1.1266666666666667,NA,0.12,262.3333333333333,170.33333333333334,274.3333333333333,7.68,38.74994,-91.08121,207.9,993.8666666666668
274,2026-01-21,2026-01-21 11:03:33,12.272,4.3453333333333335,11.28,86.9,1.4066666666666667,-0.01,3.293333333333333,NA,0.12,262.46666666666664,171,274.3,7.68,38.74994,-91.08121,207.83333333333337,993.8666666666668
274,2026-01-21,2026-01-21 11:03:36,12.364,4.345,11.28,86.9,2.6166666666666667,0.09,4.9,NA,0.12,262.6,171,274.3,7.68,38.74993333333333,-91.08121,207.86666666666667,993.9111111111112
274,2026-01-21,2026-01-21 11:03:39,12.507666666666667,4.344,11.29,86.96666666666667,1.0033333333333334,-0.02666666666666667,5.216666666666667,NA,0.12,262.53333333333336,171,274.3,7.68,38.74993,-91.08121,208.4,993.9111111111112
274,2026-01-21,2026-01-21 11:03:42,12.637333333333334,4.343666666666667,11.296666666666669,87,0.5333333333333333,-0.07333333333333333,3.35,NA,0.12,262.5,171,274.3666666666667,7.68,38.74993,-91.08121,208.36666666666667,993.9111111111112
274,2026-01-21,2026-01-21 11:03:45,12.763666666666667,4.345666666666666,11.3,87,0.43666666666666665,-0.07333333333333333,8.156666666666666,NA,0.12,262.40000000000003,170.66666666666666,274.56666666666666,7.67,38.74993,-91.08121,208.1,993.8666666666668
274,2026-01-21,2026-01-21 11:03:48,12.828666666666669,4.346666666666667,11.3,87.03333333333333,0.4633333333333334,-0.07666666666666667,2.41,NA,0.12,262.5333333333333,171,274.6,7.67,38.74993666666667,-91.08121,207.86666666666667,993.8666666666668
274,2026-01-21,2026-01-21 11:03:51,12.918333333333331,4.347333333333333,11.3,87.06666666666666,0.4166666666666667,-0.1,1.0466666666666666,NA,0.12,262.3333333333333,170.33333333333334,274.7,7.67,38.74994,-91.08121,207.66666666666663,993.8666666666668
274,2026-01-21,2026-01-21 11:03:54,12.985,4.345666666666666,11.3,87.1,0.8233333333333334,-0.04999999999999999,1.38,NA,0.12,262.3333333333333,170.66666666666666,274.7,7.67,38.749943333333334,-91.08121,207.1,993.8666666666668
274,2026-01-21,2026-01-21 11:03:57,13.053333333333333,4.346,11.306666666666668,87.1,0.31666666666666665,-0.1,1.3866666666666667,NA,0.12,262.23333333333335,170,274.7,7.67,38.74995,-91.08121,206.86666666666667,993.8666666666668
274,2026-01-21,2026-01-21 11:04:00,13.147666666666666,4.345,11.306666666666668,87.1,0.5666666666666667,-0.02666666666666666,1.03,NA,0.12,262.4,170.66666666666666,274.73333333333335,7.67,38.74995,-91.08121333333334,206.6,993.8666666666668
274,2026-01-21,2026-01-21 11:04:03,13.233666666666666,4.344,11.31,87.1,0.4966666666666667,-0.08666666666666667,1.1266666666666667,NA,0.12,262.4,171,274.8,7.67,38.74995,-91.08122,206.93333333333337,993.8666666666668
274,2026-01-21,2026-01-21 11:04:06,13.318333333333332,4.342,11.31,87.1,0.45,-0.04333333333333333,0.8733333333333333,NA,0.12,262.3,170.66666666666666,274.8666666666667,7.67,38.74995,-91.08122,207.23333333333332,993.8666666666668
274,2026-01-21,2026-01-21 11:04:09,13.368,4.342333333333333,11.31,87.1,0.33333333333333337,-0.09333333333333334,2.263333333333333,NA,0.12,262.2,170,274.96666666666664,7.663333333333333,38.74995,-91.08122,207.3,993.9555555555556
274,2026-01-21,2026-01-21 11:04:12,13.431333333333331,4.342,11.31,87.1,0.48,-0.05666666666666666,1.49,NA,0.12,262.43333333333334,171,275,7.66,38.74995,-91.08123,207.76666666666668,993.8666666666668
274,2026-01-21,2026-01-21 11:04:15,13.478666666666667,4.341333333333333,11.306666666666668,87.1,0.51,-0.06666666666666667,1.2633333333333334,NA,0.12,262.5,171,275,7.66,38.74995,-91.08123,207.8,993.9111111111112
274,2026-01-21,2026-01-21 11:04:18,13.527666666666669,4.34,11.306666666666668,87.1,0.5566666666666666,-0.06,1.28,NA,0.12,262.46666666666664,171,275.06666666666666,7.66,38.74995,-91.08123,207.83333333333337,993.8666666666668
274,2026-01-21,2026-01-21 11:04:21,13.576666666666666,4.338,11.31,87.1,0.5533333333333333,-0.04333333333333333,1.2766666666666666,NA,0.12,262.3333333333333,171,275.23333333333335,7.66,38.74995,-91.08123,207.8,993.9111111111112
274,2026-01-21,2026-01-21 11:04:24,13.674333333333331,4.337,11.31,87.1,0.45,-0.05666666666666667,1.0766666666666669,NA,0.12,262.3666666666667,170.66666666666666,275.3666666666667,7.66,38.74995,-91.08123,207.93333333333337,993.8666666666668
274,2026-01-21,2026-01-21 11:04:27,13.758333333333333,4.3373333333333335,11.31,87.1,0.71,-0.03,1.1966666666666663,NA,0.12,262.56666666666666,171,275.3666666666667,7.66,38.74995,-91.08124,208.26666666666668,993.8666666666668
274,2026-01-21,2026-01-21 11:04:30,13.905333333333331,4.337666666666666,11.31,87.1,0.43333333333333335,-0.10666666666666666,1.0933333333333333,NA,0.12,262.73333333333335,171,275.43333333333334,7.656666666666667,38.74995,-91.08124,208.33333333333337,993.8666666666668
274,2026-01-21,2026-01-21 11:04:33,14.069,4.339,11.31,87.1,0.45666666666666667,-0.06666666666666667,1.4566666666666666,NA,0.12,262.4,170.66666666666666,275.5,7.65,38.74995,-91.08124,208.6,993.8666666666668
274,2026-01-21,2026-01-21 11:04:36,14.222333333333331,4.339,11.31,87.1,0.4033333333333333,-0.06,1.336666666666667,NA,0.12,262.3333333333333,171,275.5,7.65,38.74995,-91.08124,208.66666666666663,993.9555555555556
274,2026-01-21,2026-01-21 11:04:39,14.363,4.338,11.31,87.1,0.7133333333333334,-0.04666666666666667,0.9366666666666666,NA,0.12,262.43333333333334,171,275.5,7.65,38.74995,-91.08124,208.5,993.9555555555556
274,2026-01-21,2026-01-21 11:04:42,14.547,4.337,11.31,87.1,0.5433333333333333,-0.08333333333333334,0.9033333333333332,NA,0.12,262.43333333333334,171,275.5,7.65,38.74995,-91.08123,208.43333333333337,993.8666666666668
274,2026-01-21,2026-01-21 11:04:45,14.687666666666669,4.338333333333334,11.31,87.1,0.48333333333333334,-0.12333333333333334,1.3733333333333333,NA,0.12,262.5,171,275.5,7.65,38.74995,-91.08122666666668,208.53333333333333,993.8666666666668
274,2026-01-21,2026-01-21 11:04:48,14.767,4.340333333333334,11.31,87.1,0.37,-0.10666666666666667,4.003333333333333,NA,0.12,262.3,170.66666666666666,275.56666666666666,7.65,38.74995,-91.08122,208.53333333333333,993.8666666666668
274,2026-01-21,2026-01-21 11:04:51,14.801666666666666,4.339333333333333,11.31,87.1,0.48333333333333334,-0.04,2.643333333333333,NA,0.12,262.26666666666665,170.66666666666666,275.6333333333333,7.65,38.74995,-91.08122,208.8,993.8666666666668
274,2026-01-21,2026-01-21 11:04:54,14.825666666666669,4.34,11.313333333333334,87.16666666666667,0.6000000000000001,-0.03,1.8,NA,0.12,262.53333333333336,171,275.7,7.65,38.74995,-91.08122,208.76666666666668,993.9111111111112
274,2026-01-21,2026-01-21 11:04:57,14.884666666666666,4.340333333333334,11.31,87.1,0.46,-0.01666666666666666,1.393333333333333,NA,0.12,262.26666666666665,170,275.76666666666665,7.65,38.74995,-91.08122,208.43333333333337,993.8666666666668
274,2026-01-21,2026-01-21 11:05:00,14.919666666666666,4.3406666666666665,11.313333333333334,87.13333333333333,0.43,-0.12333333333333334,1.5566666666666666,NA,0.12,262.26666666666665,170.33333333333334,275.8,7.646666666666667,38.74995,-91.08122,208.4,993.8666666666668
274,2026-01-21,2026-01-21 11:05:03,15.062333333333331,4.339,11.31,87.1,0.43,-0.16666666666666666,1.6566666666666667,NA,0.12,262.4,171,275.8,7.64,38.74995,-91.08122,208.46666666666667,993.8666666666668
274,2026-01-21,2026-01-21 11:05:06,15.353,4.339,11.31,87.1,3.186666666666667,0.07333333333333333,6.866666666666666,NA,0.12,262.5,171,275.8,7.646666666666667,38.74995,-91.08122,208.66666666666663,993.8666666666668
274,2026-01-21,2026-01-21 11:05:09,15.537666666666668,4.339333333333333,11.31,87.1,2.22,0.07,7.473333333333333,NA,0.12,262.6666666666667,171,275.8,7.65,38.74995,-91.08121,208.33333333333337,993.8666666666668
274,2026-01-21,2026-01-21 11:05:12,15.693,4.3373333333333335,11.31,87.1,1.52,0.00333333333333333,3.79,NA,0.12,262.3333333333333,170.33333333333334,275.8,7.65,38.74994,-91.08121,208.16666666666663,993.8666666666668
274,2026-01-21,2026-01-21 11:05:15,15.874,4.338,11.31,87.1,0.8400000000000001,-0.07333333333333333,1.96,NA,0.12,262.26666666666665,170.33333333333334,275.8,7.65,38.74994,-91.08121,208.03333333333333,993.8666666666668
274,2026-01-21,2026-01-21 11:05:18,15.974333333333334,4.338666666666667,11.31,87.1,1.4566666666666666,-0.04,4.04,NA,0.12,262.56666666666666,171,275.9,7.64,38.74994,-91.08121,208.3,993.9111111111112
274,2026-01-21,2026-01-21 11:05:21,16.117,4.339,11.31,87.1,0.7466666666666667,-0.11666666666666668,2.25,NA,0.12,262.56666666666666,171,275.96666666666664,7.64,38.74993666666667,-91.08121,208.26666666666665,993.9111111111112
274,2026-01-21,2026-01-21 11:05:24,16.273666666666667,4.339,11.31,87.1,0.5166666666666667,-0.07333333333333333,1.23,NA,0.12,262.4,171,276.03333333333336,7.64,38.74993,-91.08121333333334,208.36666666666667,993.8666666666668
274,2026-01-21,2026-01-21 11:05:27,16.399333333333335,4.338666666666667,11.31,87.1,0.58,-0.03666666666666667,3.56,NA,0.12,262.43333333333334,171,276.1,7.64,38.74993,-91.08122,208.53333333333333,993.8666666666668
274,2026-01-21,2026-01-21 11:05:30,16.487,4.339666666666667,11.31,87.1,0.38666666666666666,-0.07,1.2433333333333334,NA,0.12,262.3,170.33333333333334,276.1,7.64,38.74993,-91.08122,208.53333333333333,993.8666666666668
274,2026-01-21,2026-01-21 11:05:33,16.64,4.34,11.31,87.1,0.4966666666666667,-0.08333333333333333,1.5333333333333332,NA,0.12,262.56666666666666,171,276.1,7.64,38.74993,-91.08122,208.63333333333333,993.8666666666668
274,2026-01-21,2026-01-21 11:05:36,16.880000000000003,4.341333333333333,11.31,87.1,0.79,-0.09333333333333334,2.25,NA,0.12,262.6333333333333,171,276.1,7.64,38.74993,-91.08122666666668,209.06666666666663,993.9111111111112
274,2026-01-21,2026-01-21 11:05:39,16.980333333333334,4.342,11.303333333333336,87.1,0.37333333333333335,-0.10666666666666667,5.913333333333333,NA,0.12,262.5,171,276.1,7.64,38.74993,-91.08122,209.1,994
274,2026-01-21,2026-01-21 11:05:42,17.052666666666667,4.342666666666666,11.31,87.1,0.4,-0.09666666666666666,15.38,NA,0.12,262.43333333333334,171,276.2,7.64,38.74993,-91.08122,209.16666666666663,993.9111111111112
274,2026-01-21,2026-01-21 11:05:45,17.117,4.342666666666666,11.306666666666668,87.1,0.5066666666666666,-0.03333333333333333,4.733333333333333,NA,0.12,262.43333333333334,171,276.2,7.64,38.74993,-91.08122,209.06666666666663,993.9555555555556
274,2026-01-21,2026-01-21 11:05:48,17.259,4.340333333333334,11.306666666666668,87.1,0.5033333333333333,-0.04333333333333333,2.433333333333333,NA,0.12,262.6,171,276.2,7.633333333333333,38.74993,-91.08122,209.06666666666663,993.9555555555556
274,2026-01-21,2026-01-21 11:05:51,17.40266666666667,4.34,11.3,87.1,0.48333333333333334,-0.09,1.1366666666666667,NA,0.12,262.46666666666664,171,276.2,7.63,38.74993,-91.08122,208.93333333333337,993.9111111111112
274,2026-01-21,2026-01-21 11:05:54,17.490666666666666,4.34,11.303333333333336,87.1,0.59,-0.12333333333333334,0.9733333333333334,NA,0.12,262.56666666666666,171,276.26666666666665,7.63,38.74993,-91.08122,208.73333333333332,994
274,2026-01-21,2026-01-21 11:05:57,17.594,4.340333333333334,11.3,87.1,2.2333333333333334,-0.01,4.513333333333334,NA,0.12,262.43333333333334,171,276.4,7.63,38.74993,-91.08122,208.5,993.8666666666668
274,2026-01-21,2026-01-21 11:06:00,17.735333333333333,4.34,11.303333333333336,87.1,2.7,0.25666666666666665,4.863333333333333,NA,0.12,262.53333333333336,171,276.5,7.63,38.74993,-91.08122,207.93333333333337,993.9555555555556
274,2026-01-21,2026-01-21 11:06:03,17.861666666666668,4.339333333333333,11.3,87.03333333333333,1.14,0.25333333333333335,4.06,NA,0.12,262.6,171,276.5,7.63,38.74993,-91.08122,207.63333333333333,993.8666666666668
274,2026-01-21,2026-01-21 11:06:06,17.99,4.339333333333333,11.3,87,2.62,0.48,1.59,NA,0.12,262.5,171,276.5,7.63,38.74994,-91.08122,207.63333333333333,993.9111111111112
274,2026-01-21,2026-01-21 11:06:09,18.107,4.339,11.293333333333331,87,2.836666666666667,0.33666666666666667,2.6566666666666667,NA,0.12,262.3333333333333,170.33333333333334,276.5,7.63,38.74994,-91.08122,207.8,993.9555555555556
274,2026-01-21,2026-01-21 11:06:12,18.240666666666662,4.338333333333334,11.29,87,0.88,-0.06666666666666667,4.126666666666667,NA,0.12,262.43333333333334,171,276.56666666666666,7.63,38.74993666666667,-91.08122,207.96666666666667,993.9111111111112
274,2026-01-21,2026-01-21 11:06:15,18.379,4.338666666666667,11.293333333333331,87,0.6966666666666667,-0.10333333333333332,2.0733333333333333,NA,0.12,262.4,171,276.5,7.63,38.74993,-91.08122,208.03333333333333,993.9555555555556
274,2026-01-21,2026-01-21 11:06:18,18.513333333333335,4.337666666666666,11.296666666666669,87,0.4866666666666667,-0.07,15.946666666666664,NA,0.12,262.56666666666666,171,276.5,7.63,38.74993,-91.08122,208.1,993.9555555555556
274,2026-01-21,2026-01-21 11:06:21,18.597,4.338,11.296666666666669,87,0.35,-0.06666666666666667,2.4566666666666666,NA,0.12,262.46666666666664,171,276.5,7.63,38.74993,-91.08122,208.26666666666668,993.9111111111112
274,2026-01-21,2026-01-21 11:06:24,18.703,4.338666666666667,11.293333333333331,87,0.41,-0.08666666666666667,2.77,NA,0.12,262.46666666666664,171,276.5,7.63,38.74993,-91.08122,208,993.8666666666668
274,2026-01-21,2026-01-21 11:06:27,18.781,4.339,11.293333333333331,87,0.58,-0.06333333333333334,4.1,NA,0.12,262.5,171,276.53333333333336,7.626666666666667,38.74993,-91.08121666666666,207.63333333333333,993.8666666666668
274,2026-01-21,2026-01-21 11:06:30,18.88533333333333,4.338,11.293333333333331,87,0.87,-0.06666666666666667,1.92,NA,0.12,262.56666666666666,171,276.56666666666666,7.62,38.74993,-91.08121,207.23333333333332,993.8666666666668
274,2026-01-21,2026-01-21 11:06:33,19.013666666666666,4.3373333333333335,11.29,87,0.43666666666666665,-0.09666666666666666,1.14,NA,0.12,262.4,170.66666666666666,276.5,7.62,38.74993,-91.08121333333334,207.26666666666668,993.9555555555556
274,2026-01-21,2026-01-21 11:06:36,19.060333333333332,4.337666666666666,11.3,87,0.6566666666666667,-0.07666666666666666,4.573333333333333,NA,0.12,262.26666666666665,170.33333333333334,276.5,7.63,38.74993666666667,-91.08122,207.03333333333333,993.8666666666668
274,2026-01-21,2026-01-21 11:06:39,19.160666666666668,4.337,11.293333333333331,87,0.8233333333333334,-0.01666666666666666,4.013333333333334,NA,0.12,262.59999999999997,171,276.5,7.63,38.74994,-91.08122,207.1,993.9111111111112
274,2026-01-21,2026-01-21 11:06:42,19.243666666666662,4.337666666666666,11.29,87,0.49,-0.05666666666666667,1.57,NA,0.12,262.6666666666667,171,276.4,7.63,38.74994,-91.08122333333334,206.6,993.9111111111112
274,2026-01-21,2026-01-21 11:06:45,19.31533333333333,4.337666666666666,11.296666666666669,87,0.6666666666666666,-0.03333333333333333,1.1133333333333333,NA,0.12,262.7,171,276.4,7.63,38.749946666666666,-91.08123,206.03333333333333,993.9555555555556
274,2026-02-19,2026-02-19 12:06:21,0.072,6.065333333333333,11.34,91.4,0.11666666666666668,-0.03666666666666667,-0.31,NA,0.12666666666666668,260,168.66666666666666,241.96666666666667,7.853333333333333,38.75004,-91.08138,208.36666666666667,974.1777777777778
274,2026-02-19,2026-02-19 12:06:24,0.24833333333333335,6.041666666666666,11.436666666666667,92.06666666666666,0.15333333333333335,-0.08,-0.18333333333333332,NA,0.13,263.23333333333335,171,241.4,7.85,38.750033333333334,-91.08138,207.96666666666667,974.2666666666668
274,2026-02-19,2026-02-19 12:06:27,0.36433333333333334,5.942666666666667,11.543333333333331,92.7,0.21666666666666667,-0.08333333333333334,-0.26333333333333336,NA,0.13,263.8333333333333,171.33333333333334,241.23333333333332,7.846666666666667,38.75003,-91.08138,207.93333333333337,974.0888888888888
274,2026-02-19,2026-02-19 12:06:30,0.5263333333333333,5.862666666666667,11.613333333333332,93.03333333333332,0.17333333333333334,-0.08333333333333333,-0.22,NA,0.13,263.2,171,241.43333333333337,7.836666666666667,38.75003,-91.08138,207.9,974.0444444444444
274,2026-02-19,2026-02-19 12:06:33,0.6743333333333333,5.797,11.706666666666669,93.63333333333333,0.21,-0.13666666666666666,0.07333333333333333,NA,0.13,263.23333333333335,171,241.5,7.83,38.75003,-91.08138,207.3,974.1777777777778
274,2026-02-19,2026-02-19 12:06:36,0.728,5.781666666666666,11.753333333333334,94,0.23333333333333336,-0.1,-0.15000000000000002,NA,0.13,263.16666666666663,171,241.56666666666663,7.826666666666667,38.75003,-91.08138,207.03333333333333,974.1777777777778
274,2026-02-19,2026-02-19 12:06:48,0.7383333333333333,5.786333333333333,11.906666666666666,95.2,0.2,-0.09333333333333334,-0.05666666666666667,NA,0.13,263,171,241.8,7.81,38.75002,-91.08138,206.23333333333332,974.1777777777778
274,2026-02-19,2026-02-19 12:06:51,0.883,5.736,11.923333333333334,95.23333333333332,0.21666666666666667,-0.14333333333333334,-0.09,NA,0.13,262.93333333333334,171,241.93333333333337,7.81,38.75002,-91.08138,206.26666666666668,974.0888888888888
274,2026-02-19,2026-02-19 12:06:54,1.1796666666666666,5.672666666666667,11.95,95.3,0.23,-0.08666666666666667,0.07,NA,0.13,262.46666666666664,171,242,7.8,38.75002,-91.08138,206.26666666666668,974.1777777777778
274,2026-02-19,2026-02-19 12:06:57,1.375,5.628333333333333,11.973333333333334,95.4,0.25666666666666665,-0.08,0.04666666666666666,NA,0.13,262.7,171,242.1,7.8,38.75002,-91.08138,206.33333333333337,974.1333333333332
274,2026-02-19,2026-02-19 12:07:00,1.585,5.563666666666666,12,95.43333333333334,0.32,-0.08,-0.05333333333333334,NA,0.13,262.8666666666667,171,242.2,7.8,38.75002,-91.08138,206.63333333333333,974.0888888888888
274,2026-02-19,2026-02-19 12:07:03,1.7466666666666666,5.5456666666666665,12.023333333333332,95.53333333333332,0.2966666666666667,-0.10666666666666666,0.15333333333333332,NA,0.13,262.9,171,242.3,7.796666666666667,38.75001,-91.08138,206.76666666666665,974.088888888889
274,2026-02-19,2026-02-19 12:07:06,1.8843333333333336,5.52,12.033333333333331,95.6,0.28,-0.11666666666666668,0.16333333333333333,NA,0.13,263,171,242.3,7.79,38.75001,-91.08138,207.06666666666663,974.0444444444444
274,2026-02-19,2026-02-19 12:07:09,1.9363333333333332,5.505333333333334,12.036666666666664,95.6,0.34,-0.09666666666666666,0.10666666666666666,NA,0.13,263.03333333333336,171,242.4,7.79,38.75001,-91.08138,207.4,973.9555555555556
274,2026-02-19,2026-02-19 12:07:12,2.057,5.467,12.053333333333336,95.6,0.3466666666666667,-0.10666666666666667,0.21666666666666667,NA,0.13,263.1666666666667,171,242.4,7.79,38.75000666666667,-91.08138,207.56666666666663,974.0444444444444
274,2026-02-19,2026-02-19 12:07:15,2.152,5.477333333333333,12.056666666666668,95.6,0.34,-0.07333333333333333,0.06,NA,0.13,263.4,171,242.46666666666667,7.79,38.75001,-91.08137666666669,208,973.9555555555556
274,2026-02-19,2026-02-19 12:07:18,2.2076666666666664,5.479333333333334,12.05,95.6,0.36666666666666664,-0.08,0.09666666666666666,NA,0.13,263.3666666666667,171,242.5,7.79,38.75001,-91.08137666666669,208.16666666666663,974.1333333333332
274,2026-02-19,2026-02-19 12:07:21,2.263,5.457,12.053333333333336,95.6,0.35333333333333333,-0.09,0.18666666666666668,NA,0.13,263.7,171,242.5,7.79,38.75001,-91.08137333333332,208.4,974.0888888888888
274,2026-02-19,2026-02-19 12:07:24,2.3273333333333333,5.444,12.06,95.6,0.42333333333333334,-0.10666666666666667,0.15,NA,0.13,263.6666666666667,171,242.53333333333333,7.79,38.750013333333335,-91.08137,209.2,974.0888888888888
274,2026-02-19,2026-02-19 12:07:27,2.407,5.431666666666667,12.066666666666666,95.6,0.37666666666666665,-0.11,0.29333333333333333,NA,0.13,263.3,171,242.6,7.79,38.75002,-91.08137,209.8,974.0888888888888
274,2026-02-19,2026-02-19 12:07:30,2.5113333333333334,5.400333333333333,12.066666666666666,95.56666666666666,0.36,-0.12333333333333334,0.33999999999999997,NA,0.13,263.76666666666665,171.66666666666666,242.6,7.79,38.750013333333335,-91.08137,209.56666666666663,974.1333333333332
274,2026-02-19,2026-02-19 12:07:33,2.5693333333333332,5.381666666666667,12.08,95.6,0.3566666666666667,-0.04,0.19,NA,0.13,263.9,172,242.63333333333333,7.79,38.75001,-91.08137,209.03333333333333,974.0888888888888
274,2026-02-19,2026-02-19 12:07:36,2.619666666666667,5.386333333333333,12.073333333333334,95.56666666666666,0.3566666666666667,-0.06,0.2,NA,0.13,263.73333333333335,171.33333333333334,242.7,7.79,38.75001,-91.08137,209.1,974
274,2026-02-19,2026-02-19 12:07:39,2.7063333333333333,5.367999999999999,12.07,95.5,0.36666666666666664,-0.09666666666666666,0.4166666666666667,NA,0.13,263.3666666666667,171,242.7,7.79,38.75001,-91.08138,208.83333333333337,974.0444444444444
274,2026-02-19,2026-02-19 12:07:42,2.82,5.364,12.076666666666666,95.53333333333332,0.6166666666666667,-0.12,0.32666666666666666,NA,0.13,263.1666666666667,171,242.7,7.79,38.75001,-91.08138,208.5,974.1333333333332
274,2026-02-19,2026-02-19 12:07:45,2.9086666666666665,5.346333333333333,12.083333333333334,95.56666666666666,0.4866666666666667,-0.12333333333333334,0.33666666666666667,NA,0.13,263.2,171,242.76666666666668,7.79,38.75001,-91.08138,208.26666666666665,973.9555555555556
274,2026-02-19,2026-02-19 12:07:48,2.987,5.335666666666667,12.083333333333334,95.5,0.54,-0.10666666666666667,0.4166666666666667,NA,0.13,263.56666666666666,171,242.8,7.79,38.75001,-91.08138,208.13333333333333,973.9111111111112
274,2026-02-19,2026-02-19 12:07:51,3.0813333333333333,5.310666666666666,12.093333333333334,95.5,0.6799999999999999,-0.11,0.39666666666666667,NA,0.13,263.56666666666666,171,242.8,7.783333333333333,38.75001,-91.08138,208.1,974.0444444444444
274,2026-02-19,2026-02-19 12:07:54,3.217,5.298333333333334,12.1,95.5,0.6766666666666666,-0.09,0.16333333333333333,NA,0.13,263.3666666666667,171,242.83333333333337,7.78,38.75000666666667,-91.08138,208.06666666666663,974
274,2026-02-19,2026-02-19 12:07:57,3.3313333333333333,5.292666666666666,12.1,95.5,0.36,-0.11,0.20333333333333337,NA,0.13,263.4,171,242.9,7.78,38.75000666666667,-91.08138,207.8,973.9555555555556
274,2026-02-19,2026-02-19 12:08:00,3.445,5.289000000000001,12.09,95.5,0.39,-0.12333333333333334,0.77,NA,0.13,263.56666666666666,171,242.9,7.78,38.75000333333333,-91.08138,207.63333333333333,973.9555555555556
274,2026-02-19,2026-02-19 12:08:03,3.571333333333333,5.28,12.086666666666666,95.4,0.46,-0.07666666666666667,0.23,NA,0.13,263.46666666666664,171,242.9,7.78,38.750013333333335,-91.08138,207.83333333333337,974
274,2026-02-19,2026-02-19 12:08:06,3.7416666666666663,5.2669999999999995,12.086666666666666,95.36666666666667,0.46,-0.10666666666666667,0.18666666666666668,NA,0.13,263.26666666666665,171,242.93333333333337,7.78,38.75000666666667,-91.08138,207.73333333333332,974
274,2026-02-19,2026-02-19 12:08:09,3.8513333333333337,5.262333333333333,12.076666666666666,95.3,0.36,-0.08,0.4133333333333334,NA,0.13,263.3666666666667,171,243,7.78,38.75000333333333,-91.08138,207.1,973.9111111111112
274,2026-02-19,2026-02-19 12:08:12,3.939666666666666,5.218666666666667,12.083333333333334,95.2,0.37333333333333335,-0.08333333333333333,0.15666666666666668,NA,0.13,263.4,171,243,7.78,38.75,-91.08137666666669,207.36666666666667,973.9555555555556
274,2026-02-19,2026-02-19 12:08:15,4.079,5.206666666666666,12.08,95.2,0.33,-0.07666666666666667,0.1366666666666667,NA,0.13,263.5,171,243,7.78,38.75001,-91.08137,206.73333333333332,973.9111111111112
274,2026-02-19,2026-02-19 12:08:18,4.277,5.1946666666666665,12.08,95.13333333333333,0.32,-0.11333333333333331,0.17,NA,0.13,263.5,171,243.1,7.78,38.75001,-91.08137,206.76666666666668,973.8666666666668
274,2026-02-19,2026-02-19 12:08:21,4.401666666666666,5.196,12.073333333333334,95.06666666666666,0.3466666666666667,-0.12666666666666665,1.04,NA,0.13,263.3,171,243.1,7.78,38.75001,-91.08137,206.86666666666667,973.9111111111112
274,2026-02-19,2026-02-19 12:08:24,4.5793333333333335,5.178,12.07,95,0.3833333333333333,-0.13,0.55,NA,0.13,263.4666666666667,171,243.1,7.78,38.75,-91.08136666666668,207.2,973.8666666666668
274,2026-02-19,2026-02-19 12:08:27,4.723,5.160333333333333,12.07,95,0.36666666666666664,-0.11,0.4266666666666667,NA,0.13,263.53333333333336,171,243.1,7.78,38.75,-91.08136666666668,207.23333333333335,973.9111111111112
274,2026-02-19,2026-02-19 12:08:30,4.827333333333333,5.144666666666667,12.066666666666666,94.93333333333334,0.37,-0.07,0.28,NA,0.13,263.56666666666666,171,243.16666666666663,7.78,38.75,-91.08136,207.16666666666663,974
274,2026-02-19,2026-02-19 12:08:33,5.001,5.109,12.073333333333334,94.9,0.3933333333333333,-0.09,0.51,NA,0.13,263.56666666666666,171,243.2,7.78,38.75000333333333,-91.08136,206.43333333333337,973.9555555555556
274,2026-02-19,2026-02-19 12:08:36,5.101,5.083333333333333,12.073333333333334,94.83333333333331,0.3566666666666667,-0.11333333333333334,0.6433333333333333,NA,0.13,263.4,171,243.2,7.78,38.75000666666667,-91.08135666666666,206.9,974
274,2026-02-19,2026-02-19 12:08:39,5.283333333333333,5.038,12.083333333333334,94.8,0.39666666666666667,-0.09,0.33666666666666667,NA,0.13,263.66666666666663,171.33333333333334,243.3,7.78,38.75,-91.08135,207.53333333333333,973.9555555555556
274,2026-02-19,2026-02-19 12:08:42,5.393,5.041666666666666,12.08,94.8,0.44,-0.09666666666666666,0.31,NA,0.13,263.7,171,243.3,7.78,38.75000666666667,-91.08135,207.56666666666663,973.9111111111112
274,2026-02-19,2026-02-19 12:08:45,5.490666666666667,5.006,12.08,94.7,0.36333333333333334,-0.1,0.4,NA,0.13,263.8,171.33333333333334,243.3,7.78,38.75000666666667,-91.08135,207.4,973.9555555555556
274,2026-02-19,2026-02-19 12:08:48,5.615666666666667,5.002,12.08,94.7,0.45,-0.08666666666666667,0.92,NA,0.13,263.6666666666667,171,243.33333333333337,7.78,38.75001,-91.08135,206.8,973.9555555555556
274,2026-02-19,2026-02-19 12:08:51,5.709333333333333,4.987666666666667,12.083333333333334,94.7,0.8066666666666666,-0.08,0.35333333333333333,NA,0.13,263.6333333333333,171,243.4,7.78,38.75001,-91.08135,207.13333333333333,973.9111111111112
274,2026-02-19,2026-02-19 12:08:54,5.807666666666667,4.980333333333333,12.086666666666666,94.63333333333333,0.5266666666666666,-0.09333333333333334,0.4166666666666667,NA,0.13,263.8,171.33333333333334,243.4,7.78,38.75000333333333,-91.08135,208.26666666666668,973.8666666666668
274,2026-02-19,2026-02-19 12:08:57,5.903333333333333,4.980333333333333,12.076666666666666,94.6,0.38333333333333336,-0.12333333333333334,0.5366666666666666,NA,0.13,263.7,171,243.4,7.78,38.75000666666667,-91.08135,208.5,973.8666666666668
274,2026-02-19,2026-02-19 12:09:00,5.995333333333334,4.9736666666666665,12.08,94.6,0.47,-0.12666666666666668,0.7366666666666666,NA,0.13,263.53333333333336,171,243.46666666666667,7.78,38.75001,-91.08136,207.8,973.8666666666668
274,2026-02-19,2026-02-19 12:09:03,6.073,4.972666666666667,12.08,94.6,0.4966666666666667,-0.08,0.51,NA,0.13,263.53333333333336,171,243.5,7.78,38.75000666666667,-91.08136,207.66666666666663,973.9555555555556
274,2026-02-19,2026-02-19 12:09:06,6.226,4.97,12.073333333333334,94.56666666666666,0.5533333333333333,-0.07333333333333333,0.5733333333333334,NA,0.13,263.43333333333334,171,243.5,7.78,38.75,-91.08135666666666,208.2,973.9555555555556
274,2026-02-19,2026-02-19 12:09:09,6.347666666666667,4.9703333333333335,12.07,94.5,0.52,-0.07666666666666667,1.5433333333333332,NA,0.13,263.5,171,243.53333333333333,7.78,38.75,-91.08135,207.56666666666663,973.9111111111112
274,2026-02-19,2026-02-19 12:09:12,6.437666666666667,4.971666666666667,12.07,94.5,0.3433333333333333,-0.12333333333333334,1.0533333333333332,NA,0.13,263.56666666666666,171,243.6,7.776666666666666,38.75,-91.08135,207.33333333333337,973.9111111111112
274,2026-02-19,2026-02-19 12:09:15,6.527,4.971,12.07,94.5,0.44,-0.12666666666666668,0.4633333333333333,NA,0.13,263.23333333333335,171,243.6,7.78,38.75,-91.08135,208.26666666666665,973.9111111111112
274,2026-02-19,2026-02-19 12:09:18,6.605333333333333,4.972,12.07,94.5,0.3466666666666667,-0.12666666666666668,0.39666666666666667,NA,0.13,263.3666666666667,171,243.6,7.78,38.75,-91.08136,210.26666666666665,974
274,2026-02-19,2026-02-19 12:09:21,6.695,4.967666666666666,12.07,94.5,0.38,-0.12333333333333334,0.4866666666666667,NA,0.13,263.46666666666664,171,243.6,7.773333333333333,38.75,-91.08136,211.7,973.9111111111112
274,2026-02-19,2026-02-19 12:09:24,6.814333333333334,4.966,12.07,94.5,0.42333333333333334,-0.08333333333333333,0.41,NA,0.13,263.53333333333336,171,243.6,7.77,38.75,-91.08136,211.73333333333332,973.9111111111112
274,2026-02-19,2026-02-19 12:09:27,6.910666666666667,4.961,12.07,94.5,0.42,-0.13,0.85,NA,0.13,263.43333333333334,171,243.66666666666663,7.77,38.75,-91.08136333333334,210.53333333333333,973.8666666666668
274,2026-02-19,2026-02-19 12:09:30,7.104,4.953,12.07,94.46666666666668,0.3933333333333333,-0.10666666666666667,0.41,NA,0.13,263.43333333333334,171,243.7,7.77,38.75,-91.08137,209.8,973.9555555555556
274,2026-02-19,2026-02-19 12:09:33,7.254333333333333,4.947333333333333,12.066666666666666,94.43333333333334,0.4,-0.07666666666666667,0.5766666666666667,NA,0.13,263.43333333333334,171,243.7,7.77,38.75,-91.08137,209.86666666666667,973.8666666666668
274,2026-02-19,2026-02-19 12:09:36,7.413666666666667,4.943333333333333,12.07,94.4,0.4633333333333334,-0.12333333333333334,0.4666666666666667,NA,0.13,263.53333333333336,171,243.7,7.77,38.75,-91.08137,209.83333333333337,973.8666666666668
274,2026-02-19,2026-02-19 12:09:39,7.556333333333334,4.934666666666667,12.07,94.4,0.47,-0.14333333333333334,0.5866666666666667,NA,0.13,263.6666666666667,171,243.7,7.77,38.75,-91.08137,210.3,973.9555555555556
274,2026-02-19,2026-02-19 12:09:42,7.651,4.924666666666667,12.07,94.4,0.5366666666666667,-0.08,0.74,NA,0.13,263.3666666666667,171,243.76666666666668,7.77,38.75000666666667,-91.08137,210.33333333333337,973.8666666666668
274,2026-02-19,2026-02-19 12:09:45,7.784333333333333,4.907666666666667,12.063333333333334,94.3,0.48333333333333334,-0.06333333333333334,0.5766666666666667,NA,0.13,263.3333333333333,171,243.8,7.77,38.75001,-91.08137,209.73333333333332,973.8666666666668
274,2026-02-19,2026-02-19 12:09:48,7.89,4.894666666666667,12.06,94.26666666666668,0.9566666666666668,-0.07666666666666666,0.5933333333333333,NA,0.13,263.56666666666666,171,243.8,7.77,38.75001,-91.08137,209.5,973.8666666666668
274,2026-02-19,2026-02-19 12:09:51,8.019666666666666,4.869666666666666,12.06,94.2,0.45666666666666667,-0.10666666666666666,0.4066666666666667,NA,0.13,263.8,171.33333333333334,243.86666666666667,7.77,38.75001,-91.08137,209.5,973.8666666666668
274,2026-02-19,2026-02-19 12:09:54,8.160666666666666,4.8613333333333335,12.06,94.13333333333333,0.4533333333333333,-0.12666666666666668,0.6733333333333333,NA,0.13,263.76666666666665,171,243.9,7.77,38.75001,-91.08137,209.76666666666668,973.8666666666668
274,2026-02-19,2026-02-19 12:09:57,8.242333333333333,4.855333333333333,12.053333333333336,94.1,0.44,-0.11333333333333334,0.6266666666666667,NA,0.13,263.6666666666667,171,243.9,7.77,38.75001,-91.08137,210.06666666666663,973.8666666666668
274,2026-02-19,2026-02-19 12:10:00,8.322,4.844666666666667,12.05,94.1,0.7033333333333334,-0.09666666666666666,0.7766666666666666,NA,0.13,263.5,171,244,7.77,38.75001,-91.08137,210.23333333333335,973.8666666666668
274,2026-02-19,2026-02-19 12:10:03,8.409,4.837666666666666,12.05,94.03333333333332,0.44,-0.09,1.54,NA,0.13,263.73333333333335,171,243.9,7.77,38.75001,-91.08137,210.36666666666667,973.8666666666668
274,2026-02-19,2026-02-19 12:10:06,8.482333333333333,4.834333333333333,12.05,94,0.46,-0.07666666666666666,0.84,NA,0.13,263.8333333333333,171.33333333333334,243.9,7.77,38.75000666666667,-91.08137,210.16666666666663,973.8666666666668
274,2026-02-19,2026-02-19 12:10:09,8.567666666666668,4.828,12.05,94,0.53,-0.10333333333333336,0.64,NA,0.13,263.73333333333335,171,243.9,7.77,38.75,-91.08137,210.2,973.8666666666668
274,2026-02-19,2026-02-19 12:10:12,8.687333333333333,4.82,12.046666666666669,93.96666666666668,0.6,-0.13333333333333333,0.8566666666666667,NA,0.13,263.93333333333334,171.66666666666666,243.9,7.77,38.75,-91.08137,210.16666666666663,973.8666666666668
274,2026-02-19,2026-02-19 12:10:15,8.813666666666666,4.806333333333334,12.04,93.9,0.5933333333333334,-0.09,0.6866666666666666,NA,0.13,263.8666666666667,171.66666666666666,243.93333333333337,7.77,38.75,-91.08137,209.96666666666667,973.8666666666668
274,2026-02-19,2026-02-19 12:10:18,8.995666666666667,4.801333333333333,12.04,93.86666666666667,0.4733333333333334,-0.10666666666666666,0.74,NA,0.13,263.8333333333333,171.33333333333334,244,7.77,38.75,-91.08137,209.8,973.8666666666668
274,2026-02-19,2026-02-19 12:10:21,9.140666666666666,4.787,12.033333333333331,93.8,0.52,-0.07333333333333333,0.6066666666666667,NA,0.13,263.76666666666665,171.33333333333334,244,7.77,38.75,-91.08137333333332,209.6,973.8666666666668
274,2026-02-19,2026-02-19 12:10:24,9.257,4.775,12.04,93.8,0.49,-0.13,0.67,NA,0.13,263.53333333333336,171,244.1,7.77,38.75,-91.08137333333332,209.33333333333337,973.8666666666668
274,2026-02-19,2026-02-19 12:10:27,9.359666666666667,4.769,12.033333333333331,93.73333333333332,0.4766666666666667,-0.12333333333333334,0.5266666666666666,NA,0.13,263.6,171,244.1,7.77,38.75,-91.08137666666669,209.03333333333333,973.8666666666668
274,2026-02-19,2026-02-19 12:10:30,9.496666666666666,4.766333333333334,12.03,93.7,0.5433333333333333,-0.12,0.47,NA,0.13,263.73333333333335,171,244.2,7.766666666666667,38.75,-91.08138,208.66666666666663,973.8666666666668
274,2026-02-19,2026-02-19 12:10:33,9.609666666666667,4.766333333333334,12.03,93.7,0.47,-0.13,0.6166666666666667,NA,0.13,263.76666666666665,171,244.2,7.76,38.75,-91.08138,208.2,973.8666666666668
274,2026-02-19,2026-02-19 12:10:36,9.724666666666666,4.766,12.02,93.63333333333333,0.49,-0.09,0.8099999999999999,NA,0.13,263.7,171,244.26666666666668,7.76,38.75,-91.08138,208.76666666666668,973.8666666666668
274,2026-02-19,2026-02-19 12:10:39,9.893333333333333,4.766666666666667,12.02,93.6,0.5133333333333333,-0.10333333333333332,1.0433333333333334,NA,0.13,263.5,171,244.3,7.76,38.74999,-91.08137,209.76666666666665,973.8666666666668
274,2026-02-19,2026-02-19 12:10:42,10.101666666666668,4.766666666666667,12.01,93.53333333333332,0.5633333333333334,-0.09333333333333334,0.83,NA,0.13,263.8,171.66666666666666,244.33333333333337,7.76,38.749986666666665,-91.08137,209.66666666666663,973.8666666666668
274,2026-02-19,2026-02-19 12:10:45,10.29,4.766,12.01,93.5,0.5866666666666667,-0.08,0.86,NA,0.13,263.8,171.33333333333334,244.4,7.76,38.749986666666665,-91.08137,209.63333333333333,973.8666666666668
274,2026-02-19,2026-02-19 12:10:48,10.454666666666666,4.763333333333334,12,93.5,0.48,-0.13333333333333333,0.8433333333333334,NA,0.13,263.96666666666664,172,244.4,7.76,38.74998,-91.08137,209.66666666666663,973.8666666666668
274,2026-02-19,2026-02-19 12:10:51,10.569333333333333,4.761333333333333,12,93.46666666666668,0.5166666666666667,-0.14333333333333334,2.4366666666666665,NA,0.13,263.8333333333333,171.33333333333334,244.46666666666667,7.76,38.74998333333333,-91.08137,209.6,973.8666666666668
274,2026-02-19,2026-02-19 12:10:54,10.680666666666667,4.759666666666667,11.996666666666666,93.43333333333334,0.45666666666666667,-0.12,0.6966666666666667,NA,0.13,263.8333333333333,171.33333333333334,244.5,7.76,38.74999333333333,-91.08138,209.7,973.8666666666668
274,2026-02-19,2026-02-19 12:10:57,10.837,4.759,11.99,93.4,0.6433333333333333,-0.11666666666666668,0.9066666666666666,NA,0.13,263.8333333333333,171.33333333333334,244.53333333333333,7.76,38.75,-91.08138,209,973.8666666666668
274,2026-02-19,2026-02-19 12:11:00,10.974,4.759666666666667,11.986666666666666,93.33333333333331,0.5633333333333334,-0.1,1.46,NA,0.13,264.03333333333336,172,244.6,7.756666666666667,38.75,-91.08138,208.3,973.8666666666668
274,2026-02-19,2026-02-19 12:11:03,11.062666666666669,4.7603333333333335,11.986666666666666,93.33333333333331,0.4733333333333334,-0.08333333333333334,0.8466666666666667,NA,0.13,264.1,172,244.6,7.75,38.75,-91.08138,207.96666666666667,973.8666666666668
274,2026-02-19,2026-02-19 12:11:06,11.114,4.76,11.983333333333334,93.3,0.5133333333333334,-0.11333333333333334,1.0766666666666669,NA,0.13,264.03333333333336,172,244.63333333333333,7.75,38.75,-91.08138,207.46666666666667,973.8666666666668
274,2026-02-19,2026-02-19 12:11:09,11.208333333333334,4.758333333333334,11.98,93.3,0.5733333333333334,-0.14,0.9233333333333332,NA,0.13,263.8,171.33333333333334,244.7,7.75,38.75000666666667,-91.08138,206.93333333333337,973.7777777777776
274,2026-02-19,2026-02-19 12:11:12,11.331333333333331,4.757333333333333,11.976666666666668,93.3,0.5133333333333333,-0.10666666666666666,1.1866666666666668,NA,0.13,264,172,244.7,7.75,38.75001,-91.08138,207,973.8666666666668
274,2026-02-19,2026-02-19 12:11:15,11.454666666666666,4.751,11.976666666666668,93.26666666666668,0.51,-0.09666666666666666,0.9666666666666668,NA,0.13,264,172,244.8,7.75,38.75001,-91.08138,206.76666666666665,973.8666666666668
274,2026-02-19,2026-02-19 12:11:18,11.596333333333334,4.740333333333333,11.976666666666668,93.2,0.5366666666666666,-0.08666666666666667,0.63,NA,0.13,263.93333333333334,172,244.8,7.75,38.75001,-91.08138,206.6,973.8222222222222
274,2026-02-19,2026-02-19 12:11:21,11.748,4.734,11.97,93.2,0.7033333333333334,-0.06333333333333334,0.75,NA,0.13,263.96666666666664,172,244.9,7.75,38.75001666666667,-91.08138,206.46666666666667,973.8666666666668
274,2026-02-19,2026-02-19 12:11:24,11.906333333333334,4.728,11.97,93.16666666666669,0.44666666666666666,-0.09333333333333334,1.37,NA,0.13,264.06666666666666,172,244.9,7.75,38.75002,-91.08138,206.36666666666667,973.8666666666668
274,2026-02-19,2026-02-19 12:11:27,12.035666666666666,4.725,11.97,93.1,0.45,-0.1,1.6266666666666667,NA,0.13,264.1,172,245,7.75,38.75002,-91.08138,206.6,973.7777777777776
274,2026-02-19,2026-02-19 12:11:30,12.172,4.722333333333333,11.966666666666669,93.1,0.4666666666666667,-0.11666666666666668,1.7666666666666666,NA,0.13,264,172,245.03333333333333,7.75,38.75002,-91.08138,206.9,973.9111111111112
274,2026-02-19,2026-02-19 12:11:33,12.290666666666668,4.719333333333333,11.96,93.06666666666666,0.5333333333333333,-0.10333333333333332,0.7166666666666667,NA,0.13,263.93333333333334,172,245.16666666666663,7.746666666666667,38.75002,-91.08138,206.63333333333333,973.8666666666668
274,2026-02-19,2026-02-19 12:11:36,12.36,4.718666666666667,11.96,93,0.4666666666666667,-0.11333333333333331,0.76,NA,0.13,264,172,245.26666666666668,7.74,38.75002333333333,-91.08138,206.6,973.8666666666668
274,2026-02-19,2026-02-19 12:11:39,12.547,4.7123333333333335,11.96,93,0.42333333333333334,-0.12,0.72,NA,0.13,264.1,172,245.43333333333337,7.74,38.75003,-91.08138,206.5,973.8666666666668
274,2026-02-19,2026-02-19 12:11:42,12.658,4.712,11.953333333333331,93,0.7266666666666667,-0.09666666666666666,1.153333333333333,NA,0.13,264.06666666666666,172,245.53333333333333,7.74,38.75003,-91.08138,206.53333333333333,973.8222222222222
274,2026-02-19,2026-02-19 12:11:45,12.809666666666669,4.707333333333334,11.95,92.93333333333334,1.38,-0.03,1.3633333333333333,NA,0.13,263.96666666666664,172,245.66666666666663,7.74,38.75002666666667,-91.08138,206.4,973.8666666666668
274,2026-02-19,2026-02-19 12:11:48,12.945,4.702333333333334,11.95,92.93333333333334,0.5066666666666667,-0.1,1.0133333333333332,NA,0.13,264.06666666666666,172,245.83333333333337,7.73,38.75002,-91.08138,206,973.8222222222222
274,2026-02-19,2026-02-19 12:11:51,13.070333333333334,4.700333333333333,11.95,92.9,0.44666666666666666,-0.06,1.2966666666666666,NA,0.13,263.96666666666664,172,245.96666666666667,7.73,38.75002,-91.08138,205.9,973.8222222222222
274,2026-02-19,2026-02-19 12:11:54,13.380666666666666,4.698333333333333,11.946666666666664,92.9,0.43333333333333335,-0.09666666666666666,1.64,NA,0.13,264.1,172,246.16666666666663,7.73,38.75002,-91.08138,206.26666666666665,973.7777777777776
274,2026-02-19,2026-02-19 12:11:57,13.500333333333334,4.7,11.94,92.86666666666667,0.67,-0.10666666666666667,0.9066666666666668,NA,0.13,264.1,172,246.23333333333335,7.73,38.75002,-91.08138,206.56666666666663,973.8666666666668
274,2026-02-19,2026-02-19 12:12:00,13.664666666666667,4.698,11.94,92.8,0.54,-0.11,1.356666666666667,NA,0.13,263.8666666666667,171.66666666666666,246.6,7.72,38.75002,-91.08138,206.56666666666663,973.8666666666668
274,2026-02-19,2026-02-19 12:12:03,13.833333333333334,4.698,11.94,92.8,0.5133333333333333,-0.1,1.34,NA,0.13,263.76666666666665,171.33333333333334,246.73333333333332,7.72,38.75002,-91.08138,206.7,973.8666666666668
274,2026-02-19,2026-02-19 12:12:06,13.950666666666669,4.698,11.94,92.8,0.62,-0.04333333333333333,2.71,NA,0.13,263.93333333333334,171.66666666666666,246.86666666666667,7.716666666666667,38.75002,-91.08138,206.86666666666667,973.8222222222222
274,2026-02-19,2026-02-19 12:12:09,14.079333333333333,4.697666666666667,11.933333333333334,92.8,0.58,-0.07666666666666667,1.0533333333333337,NA,0.13,264.06666666666666,172,247.03333333333333,7.71,38.75002,-91.08138,207.16666666666663,973.8666666666668
274,2026-02-19,2026-02-19 12:12:12,14.181333333333331,4.697,11.93,92.8,0.5933333333333334,-0.11666666666666668,1.2766666666666666,NA,0.13,264.1333333333333,172,247.1,7.71,38.75002,-91.08138,207.1,973.8222222222222
274,2026-02-19,2026-02-19 12:12:15,14.268,4.697,11.93,92.8,0.57,-0.09666666666666666,1.0733333333333333,NA,0.13,263.93333333333334,172,247.1,7.71,38.75002,-91.08138,207.26666666666668,973.7777777777776
274,2026-02-19,2026-02-19 12:12:21,14.36,4.698,11.93,92.8,0.4633333333333334,-0.11333333333333331,2.31,NA,0.13,264.2,172,247.4,7.71,38.75002,-91.08138,207.7,973.7777777777776
274,2026-02-19,2026-02-19 12:12:24,14.530333333333331,4.695666666666667,11.93,92.76666666666668,0.51,-0.07666666666666667,1.1366666666666667,NA,0.13,264.26666666666665,172,247.5,7.7,38.75002,-91.08138,207.83333333333337,973.8666666666668
274,2026-02-19,2026-02-19 12:12:27,14.633666666666668,4.695666666666667,11.93,92.76666666666668,1.0666666666666669,-0.07666666666666666,1.13,NA,0.13,264.06666666666666,172,247.63333333333333,7.7,38.75002,-91.08138,208.13333333333333,973.8222222222222
274,2026-02-19,2026-02-19 12:12:30,14.716666666666669,4.693,11.93,92.73333333333332,0.7233333333333334,-0.11333333333333334,0.75,NA,0.13,264,172,247.76666666666668,7.7,38.75002333333333,-91.08138,208.46666666666667,973.7777777777776
274,2026-02-19,2026-02-19 12:12:33,14.801666666666666,4.693333333333333,11.923333333333334,92.7,0.6133333333333333,-0.1,1.0433333333333334,NA,0.13,264,172,247.9,7.7,38.75002666666667,-91.08138,208.63333333333333,973.8222222222222
274,2026-02-19,2026-02-19 12:12:36,14.892333333333331,4.691666666666666,11.93,92.7,0.5566666666666666,-0.10333333333333332,4.053333333333333,NA,0.13,264.06666666666666,172,248.03333333333333,7.7,38.75002,-91.08138,208.5,973.7777777777776
274,2026-02-19,2026-02-19 12:12:39,14.952,4.693,11.93,92.7,0.5033333333333333,-0.10333333333333332,3.16,NA,0.13,264.1333333333333,172,248.1,7.693333333333333,38.75002,-91.08138,208.76666666666668,973.8222222222222
274,2026-02-19,2026-02-19 12:12:42,15.041333333333332,4.692666666666667,11.923333333333334,92.7,0.5533333333333333,-0.08,3.37,NA,0.13,263.93333333333334,172,248.23333333333332,7.69,38.75002666666667,-91.08138,208.8,973.8222222222222
274,2026-02-19,2026-02-19 12:12:45,15.123333333333331,4.690333333333333,11.926666666666666,92.7,0.6133333333333334,-0.06,0.87,NA,0.13,263.8666666666667,171.66666666666666,248.43333333333337,7.69,38.75003,-91.08138,208.7,973.7777777777776
274,2026-02-19,2026-02-19 12:12:48,15.275666666666666,4.685,11.92,92.7,0.6733333333333333,-0.11666666666666668,0.8666666666666667,NA,0.13,264.1333333333333,172,248.6,7.69,38.75003,-91.08138,208.66666666666663,973.8222222222222
274,2026-02-19,2026-02-19 12:12:51,15.353333333333332,4.6803333333333335,11.926666666666666,92.7,0.7166666666666667,-0.12,0.9933333333333334,NA,0.13,264.1666666666667,172,248.7,7.686666666666667,38.75003,-91.08138,208.56666666666663,973.7777777777776
274,2026-02-19,2026-02-19 12:12:54,15.416,4.673,11.926666666666666,92.66666666666669,0.4733333333333334,-0.11666666666666668,1.02,NA,0.13,264.1,172,248.76666666666668,7.68,38.75003,-91.08138,208.5,973.8666666666668
274,2026-02-19,2026-02-19 12:12:57,15.493,4.671333333333333,11.92,92.6,0.5,-0.1,1.5433333333333334,NA,0.13,264.03333333333336,172,248.9,7.68,38.75003,-91.08138,208.43333333333337,973.7777777777776
274,2026-02-19,2026-02-19 12:13:00,15.573666666666666,4.6723333333333334,11.92,92.6,0.5433333333333333,-0.06666666666666667,1.4933333333333332,NA,0.13,264.06666666666666,172,248.9,7.68,38.75003,-91.08138,208.33333333333337,973.8666666666668
274,2026-02-19,2026-02-19 12:13:03,15.717333333333332,4.671,11.92,92.6,0.48,-0.11333333333333331,1.9766666666666668,NA,0.13,264.3,172,248.96666666666667,7.68,38.75003,-91.08138,208.16666666666663,973.8666666666668
274,2026-02-19,2026-02-19 12:13:06,15.839666666666666,4.670333333333334,11.916666666666666,92.6,0.7333333333333333,-0.08,1.4866666666666668,NA,0.13,264.23333333333335,172,249.03333333333333,7.68,38.75003,-91.08138,208.16666666666663,973.7777777777778
274,2026-02-19,2026-02-19 12:13:09,15.977333333333334,4.671333333333333,11.916666666666666,92.6,0.59,-0.11333333333333331,1.15,NA,0.13,264.06666666666666,172,249.16666666666663,7.68,38.75003,-91.08138,208.1,973.8666666666668
274,2026-02-19,2026-02-19 12:13:12,16.091,4.673,11.916666666666666,92.6,0.48333333333333334,-0.10333333333333332,0.99,NA,0.13,263.93333333333334,172,249.2,7.68,38.75003,-91.08138,208.26666666666668,973.8666666666668
274,2026-02-19,2026-02-19 12:13:15,16.218666666666667,4.676333333333333,11.91,92.6,0.47,-0.08333333333333334,1.1133333333333333,NA,0.13,264.2,172,249.26666666666668,7.68,38.75003,-91.08138,208.43333333333337,973.8222222222222
274,2026-02-19,2026-02-19 12:13:18,16.298666666666666,4.673666666666667,11.913333333333334,92.56666666666666,0.44333333333333336,-0.10666666666666667,0.9766666666666668,NA,0.13,264.1,172,249.33333333333337,7.67,38.75003,-91.08138,208.36666666666667,973.8222222222222
274,2026-02-19,2026-02-19 12:13:21,16.449333333333332,4.668333333333333,11.91,92.56666666666666,0.4,-0.16,1.2166666666666666,NA,0.13,264.06666666666666,172,249.4,7.67,38.75003,-91.08138,208.53333333333333,973.8666666666668
274,2026-02-19,2026-02-19 12:13:24,16.619,4.664666666666666,11.91,92.53333333333332,0.42666666666666664,-0.16,1.3299999999999998,NA,0.13,263.93333333333334,172,249.43333333333337,7.67,38.75003,-91.08138,208.46666666666667,973.8666666666668
274,2026-02-19,2026-02-19 12:13:27,16.779333333333334,4.661666666666666,11.91,92.5,0.48333333333333334,-0.12,1.2866666666666666,NA,0.13,264.1,172,249.5,7.67,38.75003,-91.08138,208.56666666666663,973.8666666666668
274,2026-02-19,2026-02-19 12:13:30,16.943666666666665,4.6593333333333335,11.906666666666666,92.5,0.51,-0.10333333333333332,1.106666666666667,NA,0.13,264.26666666666665,172,249.6,7.67,38.75003,-91.08138666666666,208.56666666666663,973.8666666666668
274,2026-02-19,2026-02-19 12:13:33,17.112,4.656,11.906666666666666,92.5,0.5466666666666666,-0.09333333333333334,1.0566666666666666,NA,0.13,264.3,172,249.66666666666663,7.67,38.75003,-91.08139,208.7,973.8666666666668
274,2026-02-19,2026-02-19 12:13:36,17.261666666666667,4.652333333333333,11.906666666666666,92.46666666666668,0.7433333333333333,-0.00333333333333333,0.88,NA,0.13,264.0333333333333,172,249.73333333333332,7.67,38.75003,-91.08139,208.23333333333332,973.8666666666668
274,2026-02-19,2026-02-19 12:13:39,17.387999999999998,4.649,11.9,92.4,0.6333333333333333,-0.00333333333333333,1.08,NA,0.13,263.8333333333333,171.33333333333334,249.8,7.67,38.750033333333334,-91.08139,208.33333333333337,973.8666666666668
274,2026-02-19,2026-02-19 12:13:42,17.518,4.6386666666666665,11.9,92.4,0.53,-0.10333333333333332,0.6799999999999999,NA,0.13,264.3,172,249.9,7.67,38.75004,-91.08139,208.6,973.8222222222222
274,2026-02-19,2026-02-19 12:13:45,17.646,4.628333333333334,11.903333333333334,92.4,0.46,-0.15,0.8533333333333333,NA,0.13,264.4,172,249.93333333333337,7.66,38.75004,-91.08139666666666,208.7,973.8666666666668
274,2026-02-19,2026-02-19 12:13:48,17.859666666666666,4.624333333333333,11.9,92.36666666666667,0.4066666666666667,-0.1,0.8566666666666667,NA,0.13,264.3333333333333,172,250,7.66,38.75005,-91.0814,209.4,973.8666666666668
274,2026-02-19,2026-02-19 12:13:51,18.198,4.623,11.896666666666668,92.3,0.48333333333333334,-0.07666666666666667,0.7366666666666667,NA,0.13,264.1,172,250.1,7.66,38.75005,-91.0814,209.43333333333337,973.7777777777776
274,2026-02-19,2026-02-19 12:13:54,18.416333333333338,4.623666666666667,11.89,92.3,0.6433333333333333,-0.08,1.0433333333333334,NA,0.13,264.3,172,250.13333333333333,7.66,38.75005,-91.0814,209.1,973.8222222222222
274,2026-02-19,2026-02-19 12:13:57,18.583,4.624,11.883333333333336,92.23333333333332,0.5366666666666666,-0.08666666666666667,1.3033333333333332,NA,0.13,264.1666666666667,172,250.2,7.66,38.75005,-91.0814,209.16666666666663,973.8222222222222
274,2026-02-19,2026-02-19 12:14:00,18.921666666666667,4.622333333333334,11.886666666666668,92.2,0.46,-0.13,1.2766666666666666,NA,0.13,264.3333333333333,172,250.2,7.66,38.75004,-91.08139666666666,209.2,973.8222222222222
274,2026-02-19,2026-02-19 12:14:03,19.204666666666668,4.621666666666667,11.88,92.2,0.48333333333333334,-0.12,0.6,NA,0.13,264.3333333333333,172,250.3,7.66,38.75004333333333,-91.08140333333334,209.03333333333333,973.8666666666668
274,2026-02-19,2026-02-19 12:14:06,19.375666666666667,4.621333333333333,11.88,92.2,0.4666666666666667,-0.15,1.0133333333333334,NA,0.13,264.3,172,250.4,7.653333333333333,38.75005,-91.08141,208.93333333333337,973.8666666666668
274,2026-02-19,2026-02-19 12:14:09,19.482333333333333,4.6226666666666665,11.873333333333331,92.16666666666669,0.4733333333333334,-0.10666666666666667,0.9,NA,0.13,264.1666666666667,172,250.4,7.65,38.75005,-91.08140333333334,209.5,973.8222222222222
274,2026-02-19,2026-02-19 12:14:15,19.667,4.626666666666667,11.87,92.1,0.4633333333333333,-0.1,0.6833333333333333,NA,0.13,264.1333333333333,172,250.5,7.65,38.75005,-91.08140666666668,209.53333333333333,973.8666666666668
274,2026-02-19,2026-02-19 12:14:18,19.765,4.625333333333334,11.87,92.1,0.5,-0.11333333333333331,0.9166666666666669,NA,0.13,264.2,172,250.5,7.65,38.75005,-91.0814,209.4,973.8666666666668
274,2026-02-19,2026-02-19 12:14:21,20.1,4.618666666666667,11.87,92.1,0.54,-0.09666666666666666,0.8433333333333334,NA,0.13,264.3666666666667,172,250.56666666666663,7.65,38.75004333333333,-91.0814,209.36666666666667,973.8666666666668
274,2026-02-19,2026-02-19 12:14:24,20.325333333333333,4.616666666666666,11.866666666666664,92.1,0.43666666666666665,-0.11,0.9333333333333332,NA,0.13,264.4,172,250.6,7.65,38.75004666666667,-91.0814,209.3,973.8666666666668
274,2026-02-19,2026-02-19 12:14:27,20.518,4.607333333333334,11.86,92,0.5966666666666667,-0.08,0.8733333333333334,NA,0.13,264.4,172,250.7,7.65,38.75004,-91.08139,208.93333333333337,973.8666666666668
274,2026-02-19,2026-02-19 12:14:30,20.659,4.6033333333333335,11.86,92,0.5033333333333334,-0.06666666666666667,0.7733333333333333,NA,0.13,264.3666666666667,172,250.8,7.65,38.75004,-91.08139,208.93333333333337,973.8222222222222
274,2026-02-19,2026-02-19 12:14:33,20.780666666666665,4.597,11.86,92,0.48,-0.06333333333333334,1.25,NA,0.13,264.46666666666664,172,250.93333333333337,7.643333333333333,38.75004,-91.08139,208.26666666666668,973.8666666666668
274,2026-02-19,2026-02-19 12:14:36,20.987666666666662,4.594666666666667,11.86,92,0.5966666666666667,-0.07666666666666666,1.05,NA,0.13,264.23333333333335,172,251.03333333333333,7.64,38.75005,-91.08139,207.93333333333337,973.8666666666668
274,2026-02-19,2026-02-19 12:14:39,21.150666666666663,4.589666666666667,11.853333333333332,91.9,0.6233333333333333,-0.1,1.1133333333333333,NA,0.13,264.4,172,251.13333333333333,7.64,38.75005,-91.0814,207.13333333333333,973.8666666666668
274,2026-02-19,2026-02-19 12:14:42,21.358666666666668,4.588666666666667,11.85,91.9,0.5066666666666666,-0.14,0.8866666666666666,NA,0.13,264.3666666666667,172,251.2,7.64,38.75005,-91.0814,206.56666666666663,973.8666666666668
274,2026-02-19,2026-02-19 12:14:45,21.48,4.586333333333333,11.853333333333332,91.9,0.5166666666666667,-0.12333333333333334,0.7866666666666666,NA,0.13,264.46666666666664,172,251.2,7.64,38.75005,-91.0814,206.6,973.8666666666668
274,2026-02-19,2026-02-19 12:14:48,21.628333333333337,4.578,11.85,91.86666666666667,0.5466666666666666,-0.11666666666666668,1.49,NA,0.13,264.3,172,251.3,7.64,38.75005,-91.08139333333334,207.06666666666663,973.8666666666668
274,2026-02-19,2026-02-19 12:14:51,21.769,4.576666666666667,11.843333333333334,91.8,0.5066666666666667,-0.07666666666666667,1.0633333333333337,NA,0.13,264.26666666666665,172,251.3,7.64,38.75005,-91.08139,207.36666666666667,973.8666666666668
274,2026-02-19,2026-02-19 12:14:54,21.967,4.572666666666667,11.84,91.8,0.48,-0.07666666666666666,3.2,NA,0.13,264.46666666666664,172,251.33333333333337,7.64,38.750053333333334,-91.08139,207.5,973.8666666666668
274,2026-02-19,2026-02-19 12:14:57,22.037,4.574,11.84,91.8,0.5866666666666667,-0.09,1.0833333333333337,NA,0.13,264.5,172,251.4,7.64,38.75006,-91.08139,207.13333333333333,973.8666666666668
274,2026-02-19,2026-02-19 12:15:00,22.112,4.575333333333333,11.84,91.73333333333332,0.7066666666666667,-0.10333333333333332,1.2066666666666666,NA,0.13,264.26666666666665,172,251.4,7.64,38.75006,-91.08138666666666,207.4,973.9111111111112
274,2026-02-19,2026-02-19 12:15:03,22.259333333333338,4.571666666666666,11.84,91.7,0.5366666666666666,-0.13333333333333333,1.2266666666666666,NA,0.13,264.26666666666665,172,251.5,7.636666666666667,38.75006,-91.08138,208.03333333333333,973.8666666666668
274,2026-02-19,2026-02-19 12:15:06,22.327333333333335,4.572333333333334,11.84,91.7,0.6166666666666667,-0.12,1.0266666666666666,NA,0.13,264.46666666666664,172,251.6,7.63,38.750053333333334,-91.08138,209.4,973.8666666666668
274,2026-02-19,2026-02-19 12:15:09,22.452333333333332,4.571666666666666,11.83,91.7,0.51,-0.10666666666666667,2.3333333333333335,NA,0.13,264.43333333333334,172,251.6,7.63,38.75006,-91.08138,209.66666666666663,973.8666666666668
274,2026-02-19,2026-02-19 12:15:12,22.546666666666667,4.571,11.833333333333334,91.7,0.56,-0.08,1.13,NA,0.13,264.43333333333334,172,251.6,7.63,38.75006,-91.08138,209.06666666666663,973.8666666666668
274,2026-02-19,2026-02-19 12:15:15,22.730333333333338,4.57,11.83,91.63333333333333,0.5233333333333333,-0.1,0.6666666666666667,NA,0.13,264.1666666666667,172,251.63333333333333,7.63,38.75006,-91.08138,208.86666666666667,973.8666666666668
274,2026-02-19,2026-02-19 12:15:18,22.872333333333337,4.569333333333334,11.83,91.7,0.5866666666666667,-0.05666666666666667,0.9166666666666669,NA,0.13,264.23333333333335,172,251.6,7.63,38.75006,-91.08137666666669,209.13333333333333,973.8666666666668
274,2026-02-19,2026-02-19 12:15:21,23.041,4.563,11.83,91.6,0.5066666666666666,-0.12333333333333334,1.9733333333333336,NA,0.13,264.3666666666667,172,251.7,7.63,38.75006,-91.08137,209.53333333333333,973.8666666666668
274,2026-02-19,2026-02-19 12:15:24,23.15833333333333,4.559333333333333,11.83,91.6,0.5066666666666666,-0.11,1.5566666666666666,NA,0.13,264.56666666666666,172,251.7,7.63,38.75006,-91.08138,209,973.8666666666668
274,2026-02-19,2026-02-19 12:15:27,23.257333333333335,4.557,11.823333333333334,91.6,0.48,-0.1,1.086666666666667,NA,0.13,264.4,172,251.8,7.63,38.75006,-91.08138,208.53333333333333,973.8666666666668
274,2026-02-19,2026-02-19 12:15:30,23.378333333333337,4.556,11.83,91.6,1.1866666666666668,-0.09666666666666666,0.8166666666666667,NA,0.13,264.3666666666667,172,251.8,7.63,38.75006,-91.08138,209.53333333333333,973.8666666666668
274,2026-03-05,2026-03-05 11:00:48,0.06333333333333332,6.797,11.88,97.46666666666668,0.02,-0.11333333333333331,-0.48333333333333334,NA,0.12,256.8666666666667,167,202.43333333333337,7.93,38.75016,-91.08147,210.2,990.6666666666666
274,2026-03-05,2026-03-05 10:59:42,0.14133333333333334,7.031333333333333,11.416666666666666,94.16666666666669,0.04333333333333333,-0.06666666666666667,-0.31,NA,0.12,255.86666666666667,166,198.93333333333337,7.78,38.75016,-91.08144,211.56666666666663,990.7111111111112
274,2026-03-05,2026-03-05 11:00:51,0.19133333333333333,6.760666666666666,11.876666666666669,97.36666666666667,0.01666666666666666,-0.08,-0.3833333333333333,NA,0.12,257.2,167,202.56666666666663,7.93,38.75016,-91.08147,210.06666666666663,990.6666666666666
274,2026-03-05,2026-03-05 11:00:54,0.29533333333333334,6.678333333333334,11.9,97.3,0.04,-0.1,-0.3133333333333333,NA,0.12,257.8333333333333,168,202.7,7.936666666666667,38.75016,-91.08147,209.36666666666667,990.6666666666666
274,2026-03-05,2026-03-05 11:00:57,0.38566666666666666,6.6819999999999995,11.91,97.4,0.01333333333333333,-0.08,-0.3433333333333333,NA,0.12,257.8666666666667,168,202.76666666666668,7.94,38.750166666666665,-91.08147,208.3,990.6666666666666
274,2026-03-05,2026-03-05 11:01:00,0.507,6.668,11.9,97.33333333333331,0.01666666666666666,-0.04333333333333333,-0.3333333333333333,NA,0.12,257.96666666666664,168,202.9,7.94,38.75017,-91.08147,208.23333333333332,990.7111111111112
274,2026-03-05,2026-03-05 11:01:03,0.6156666666666667,6.660333333333333,11.906666666666666,97.3,0.01333333333333333,-0.06333333333333334,-0.3933333333333333,NA,0.12,257.93333333333334,168,203.06666666666663,7.94,38.75017,-91.08147,208.63333333333335,990.7111111111112
274,2026-03-05,2026-03-05 11:01:06,0.657,6.648333333333333,11.903333333333334,97.3,0.04333333333333333,-0.08,-0.4666666666666667,NA,0.12,257.8333333333333,168,203.16666666666663,7.94,38.75017,-91.08147,208.43333333333337,990.7111111111112
274,2026-03-05,2026-03-05 11:01:09,0.7643333333333333,6.626,11.916666666666666,97.33333333333331,0.00333333333333333,-0.08666666666666667,-0.43666666666666665,NA,0.12,258,168,203.33333333333337,7.94,38.75017,-91.08147,207.76666666666668,990.6666666666666
274,2026-03-05,2026-03-05 11:01:12,0.937,6.601333333333333,11.926666666666666,97.36666666666667,0.02,-0.08666666666666667,-0.4266666666666667,NA,0.12,258.26666666666665,168,203.46666666666667,7.94,38.75017,-91.08147,207.46666666666667,990.6666666666666
274,2026-03-05,2026-03-05 11:01:15,1.067,6.593666666666667,11.93,97.33333333333331,0.00333333333333333,-0.08333333333333333,-0.32666666666666666,NA,0.12,258.3333333333333,168,203.6,7.94,38.75017,-91.08147,207.7,990.6666666666666
274,2026-03-05,2026-03-05 11:01:18,1.2106666666666668,6.5873333333333335,11.93,97.33333333333331,0.02,-0.09666666666666666,-0.42,NA,0.12,258.43333333333334,168,203.76666666666668,7.94,38.75017,-91.08147,207.8,990.6666666666666
274,2026-03-05,2026-03-05 11:01:21,1.313,6.591333333333333,11.93,97.36666666666667,0.01666666666666666,-0.11,-0.4066666666666667,NA,0.12,258.43333333333334,168,203.93333333333337,7.94,38.75017,-91.08147,207.83333333333337,990.6666666666666
274,2026-03-05,2026-03-05 11:01:24,1.402,6.577333333333334,11.93,97.3,0.02,-0.12,-0.29666666666666663,NA,0.12,258.53333333333336,168,204.06666666666663,7.94,38.75016,-91.08147,207.63333333333333,990.7111111111112
274,2026-03-05,2026-03-05 11:01:27,1.5096666666666667,6.524333333333334,11.926666666666666,97.2,0.03666666666666667,-0.09333333333333334,-0.43333333333333335,NA,0.12,258.9666666666667,168.33333333333334,204.26666666666668,7.94,38.75016,-91.08147333333334,206.96666666666667,990.6666666666666
274,2026-03-05,2026-03-05 11:01:30,1.6096666666666666,6.464333333333333,11.94,97.1,0.02666666666666666,-0.08333333333333333,-0.43,NA,0.12,259.1666666666667,168.66666666666666,204.43333333333337,7.94,38.75016,-91.08148,207.03333333333333,990.6666666666666
274,2026-03-05,2026-03-05 11:01:33,1.715,6.405,11.94,97,0.02666666666666666,-0.06333333333333334,-0.23333333333333336,NA,0.12,259.23333333333335,168.66666666666666,204.6,7.94,38.75016,-91.08148,207.1,990.6666666666666
274,2026-03-05,2026-03-05 11:01:36,1.782,6.381666666666667,11.96,97.1,0.06,-0.12,-0.32333333333333336,NA,0.12,259.0333333333333,168,204.8,7.94,38.75016,-91.08148,206.93333333333337,990.6666666666666
274,2026-03-05,2026-03-05 11:01:39,1.872,6.337666666666666,11.95,96.93333333333334,0.03333333333333333,-0.08666666666666667,-0.38,NA,0.12,259.03333333333336,168,204.96666666666667,7.94,38.75016,-91.08148,207,990.6666666666666
274,2026-03-05,2026-03-05 11:01:42,1.9566666666666668,6.3133333333333335,11.966666666666669,97,0.02666666666666666,-0.12,-0.37,NA,0.12,258.96666666666664,168,205.16666666666663,7.94,38.75016,-91.08148,206.96666666666667,990.7111111111112
274,2026-03-05,2026-03-05 11:01:45,2.0516666666666667,6.306333333333334,11.96,96.9,0.02666666666666667,-0.10666666666666667,-0.44666666666666666,NA,0.12,258.96666666666664,168,205.4,7.94,38.75016,-91.08148,207.1,990.6666666666666
274,2026-03-05,2026-03-05 11:01:48,2.1436666666666664,6.289,11.963333333333336,96.9,0.02666666666666666,-0.07666666666666667,-0.30333333333333334,NA,0.12,259.03333333333336,168,205.63333333333333,7.936666666666667,38.75016,-91.08148,207.23333333333332,990.622222222222
274,2026-03-05,2026-03-05 11:01:51,2.2483333333333335,6.275,11.97,96.9,0.05333333333333334,-0.08666666666666667,-0.38,NA,0.12,258.8333333333333,168,205.9,7.93,38.75016,-91.08148,207.23333333333332,990.622222222222
274,2026-03-05,2026-03-05 11:01:54,2.369666666666667,6.266666666666667,11.97,96.9,0.06666666666666667,-0.10333333333333332,9.251858538542969e-18,NA,0.12,258.73333333333335,168,206.2,7.93,38.75016,-91.08148,207.26666666666668,990.7111111111112
274,2026-03-05,2026-03-05 11:01:57,2.4603333333333333,6.259,11.97,96.9,0.06333333333333334,-0.07666666666666667,-0.33999999999999997,NA,0.12,258.9,168,206.4,7.93,38.75015,-91.08148,207.1,990.7111111111112
274,2026-03-05,2026-03-05 11:02:00,2.537333333333333,6.245333333333333,11.97,96.83333333333331,0.07333333333333333,-0.10666666666666667,-0.39,NA,0.12,259,168,206.7,7.93,38.75015,-91.08148,207.13333333333333,990.6666666666666
274,2026-03-05,2026-03-05 11:02:03,2.641,6.187,11.963333333333336,96.6,0.06333333333333334,-0.1,-0.37666666666666665,NA,0.12,259.43333333333334,168.66666666666666,207.03333333333333,7.923333333333333,38.75015,-91.08148,207.13333333333333,990.622222222222
274,2026-03-05,2026-03-05 11:02:06,2.7253333333333334,6.110333333333333,11.973333333333334,96.56666666666666,0.07666666666666667,-0.09333333333333334,-0.41,NA,0.12,259.9666666666667,169,207.36666666666667,7.92,38.75015,-91.08148,207.2,990.6666666666666
274,2026-03-05,2026-03-05 11:02:09,2.796333333333333,6.098333333333334,11.98,96.53333333333332,0.05666666666666667,-0.1,-0.32,NA,0.12,260.1666666666667,169,207.6,7.92,38.75015,-91.08148,207.3,990.6666666666666
274,2026-03-05,2026-03-05 11:02:12,2.885,6.084666666666667,11.98,96.5,0.21333333333333335,-0.08,-0.2866666666666667,NA,0.12,260.1666666666667,169,207.86666666666667,7.916666666666667,38.75015,-91.08148,207.3,990.6666666666666
274,2026-03-05,2026-03-05 11:02:15,2.9926666666666666,6.064333333333334,11.98,96.5,0.15,-0.08666666666666667,-0.37,NA,0.12,260.43333333333334,169,208.1,7.91,38.75015,-91.08148,207.3,990.6666666666666
274,2026-03-05,2026-03-05 11:02:18,3.099,6.058,11.986666666666666,96.5,0.12333333333333334,-0.09,-0.4,NA,0.12,260.73333333333335,169.66666666666666,208.33333333333337,7.91,38.75015,-91.08148,207.4,990.6666666666666
274,2026-03-05,2026-03-05 11:02:21,3.2046666666666668,6.070666666666667,11.983333333333334,96.5,0.08666666666666667,-0.09666666666666666,-0.2733333333333334,NA,0.12,260.56666666666666,169,208.6,7.91,38.75015,-91.08148,207.46666666666667,990.6666666666666
274,2026-03-05,2026-03-05 11:02:24,3.3153333333333332,6.0776666666666666,11.976666666666668,96.5,0.11666666666666668,-0.1,-0.42333333333333334,NA,0.12,260.4666666666667,169,208.8,7.903333333333333,38.75015,-91.08148,207.53333333333333,990.5777777777778
274,2026-03-05,2026-03-05 11:02:27,3.421,6.076333333333333,11.976666666666668,96.5,0.11333333333333331,-0.12666666666666668,-0.36,NA,0.12,260.3666666666667,169,209.06666666666663,7.9,38.75015,-91.08148,207.56666666666663,990.6666666666666
274,2026-03-05,2026-03-05 11:02:30,3.5276666666666667,6.065666666666667,11.98,96.5,0.10333333333333332,-0.06666666666666667,-0.17666666666666667,NA,0.12,260.8,169.66666666666666,209.3,7.9,38.75015,-91.08148,207.73333333333332,990.6666666666666
274,2026-03-05,2026-03-05 11:02:33,3.661,6.059666666666667,11.986666666666666,96.5,0.09333333333333334,-0.08,-0.29000000000000004,NA,0.12,260.93333333333334,170,209.6,7.9,38.75015,-91.08148,207.86666666666667,990.6666666666666
274,2026-03-05,2026-03-05 11:02:36,3.794,6.060333333333333,11.973333333333334,96.4,0.12,-0.11,-0.21666666666666667,NA,0.12,260.73333333333335,169.33333333333334,209.9,7.89,38.75015,-91.08148,207.93333333333337,990.6666666666666
274,2026-03-05,2026-03-05 11:02:39,3.939333333333334,6.0023333333333335,11.973333333333334,96.3,0.11333333333333334,-0.1,-0.36,NA,0.12,261.1,170,210.2,7.89,38.75015,-91.08148,207.7,990.6666666666666
274,2026-03-05,2026-03-05 11:02:42,4.128,5.932333333333333,11.99,96.23333333333332,0.12,-0.11,-0.29333333333333333,NA,0.12,261.56666666666666,170,210.5,7.89,38.75015,-91.08148,207.8,990.622222222222
274,2026-03-05,2026-03-05 11:02:45,4.373666666666667,5.9093333333333335,11.993333333333334,96.2,0.15333333333333332,-0.1,-0.22333333333333333,NA,0.12,261.8,170,210.76666666666668,7.886666666666667,38.75015,-91.08148,207.9,990.622222222222
274,2026-03-05,2026-03-05 11:02:48,4.701,5.881,12,96.16666666666669,0.16666666666666669,-0.08,0.18666666666666668,NA,0.12,261.8333333333333,170,211,7.88,38.75015,-91.08148,208.06666666666663,990.6666666666666
274,2026-03-05,2026-03-05 11:02:51,5.028333333333333,5.860666666666667,11.99,96.1,0.16666666666666666,-0.08666666666666667,-0.02333333333333333,NA,0.12,261.8,170,211.3,7.88,38.75015,-91.08148,208.43333333333337,990.6666666666666
274,2026-03-05,2026-03-05 11:02:54,5.277,5.838,11.983333333333334,95.96666666666668,0.2066666666666667,-0.09,-0.13,NA,0.12,261.6333333333333,170,211.63333333333333,7.873333333333333,38.75015,-91.08148,208.53333333333333,990.622222222222
274,2026-03-05,2026-03-05 11:02:57,5.506,5.7956666666666665,11.99,95.9,0.18333333333333335,-0.09,-0.02333333333333333,NA,0.12,261.6,170,211.96666666666667,7.87,38.75015,-91.08148,208.63333333333333,990.6666666666666
274,2026-03-05,2026-03-05 11:03:00,5.662,5.771,11.99,95.9,0.15000000000000002,-0.11333333333333331,-0.11666666666666668,NA,0.12,261.6666666666667,170,212.23333333333332,7.87,38.75015,-91.08148666666666,208.66666666666663,990.6666666666666
274,2026-03-05,2026-03-05 11:03:03,5.769,5.763,11.99,95.8,0.24333333333333337,-0.08333333333333334,-0.11333333333333331,NA,0.12,261.8,170,212.5,7.86,38.75015,-91.08149,208.66666666666663,990.6666666666666
274,2026-03-05,2026-03-05 11:03:06,5.878666666666667,5.733666666666666,11.99,95.73333333333332,0.22333333333333333,-0.09666666666666666,-0.06,NA,0.12,261.9,170,212.76666666666668,7.86,38.75015,-91.08149,208.63333333333333,990.6666666666666
274,2026-03-05,2026-03-05 11:03:09,5.973,5.719333333333333,11.99,95.7,0.37,-0.05666666666666667,0.12333333333333334,NA,0.12,261.73333333333335,170,212.96666666666667,7.86,38.75015,-91.08149,208.63333333333333,990.6666666666666
274,2026-03-05,2026-03-05 11:03:12,6.052666666666667,5.708666666666667,11.98,95.6,0.31333333333333335,-0.07333333333333333,0.3933333333333333,NA,0.12,262.03333333333336,170,213.2,7.853333333333333,38.75015,-91.08149,208.46666666666667,990.622222222222
274,2026-03-05,2026-03-05 11:03:15,6.128666666666667,5.704,11.976666666666668,95.56666666666666,0.13333333333333333,-0.08666666666666667,0.12333333333333332,NA,0.12,262.1,170,213.43333333333337,7.85,38.75015,-91.08149,208.36666666666667,990.622222222222
274,2026-03-05,2026-03-05 11:03:18,6.192,5.699333333333334,11.97,95.5,0.17333333333333334,-0.09,-0.08,NA,0.12,262.0333333333333,170,213.6,7.85,38.75015333333333,-91.08149,208.4,990.5777777777778
274,2026-03-05,2026-03-05 11:03:21,6.299666666666667,5.682666666666667,11.963333333333336,95.4,0.1366666666666667,-0.08333333333333333,-0.11666666666666668,NA,0.12,262.03333333333336,170,213.83333333333337,7.85,38.75015333333333,-91.08149,208.26666666666668,990.6666666666666
274,2026-03-05,2026-03-05 11:03:24,6.394666666666667,5.674333333333333,11.96,95.4,0.21,-0.08333333333333333,0.08666666666666667,NA,0.12,261.8333333333333,170,214.1,7.846666666666667,38.75016,-91.08149,208.36666666666667,990.622222222222
274,2026-03-05,2026-03-05 11:03:27,6.467666666666667,5.660666666666667,11.953333333333331,95.3,0.24333333333333332,-0.04666666666666667,-0.2366666666666667,NA,0.12,261.76666666666665,170,214.33333333333337,7.84,38.75015,-91.08149,208.46666666666667,990.5333333333332
274,2026-03-05,2026-03-05 11:03:30,6.6259999999999994,5.611666666666667,11.956666666666669,95.2,0.25333333333333335,-0.09666666666666666,-0.14,NA,0.12,262,170,214.66666666666663,7.84,38.75015333333333,-91.08149,208.5,990.6666666666666
274,2026-03-05,2026-03-05 11:03:33,6.754333333333333,5.589666666666667,11.96,95.13333333333333,0.43,-0.09,-0.22,NA,0.12,261.93333333333334,170,214.96666666666667,7.83,38.75016,-91.08149,208.56666666666663,990.622222222222
274,2026-03-05,2026-03-05 11:03:36,6.848,5.5793333333333335,11.956666666666669,95.06666666666666,0.23,-0.09,0.03333333333333333,NA,0.12333333333333334,262.2,170,215.2,7.83,38.75016,-91.08149,208.4,990.622222222222
274,2026-03-05,2026-03-05 11:03:39,6.929666666666667,5.5536666666666665,11.95,95,0.17666666666666667,-0.11,0.10333333333333332,NA,0.12,262,170,215.5,7.826666666666667,38.75016,-91.08149,208.36666666666667,990.6666666666666
274,2026-03-05,2026-03-05 11:03:42,7.039,5.509333333333333,11.95,94.9,0.16666666666666666,-0.11333333333333331,0.04333333333333333,NA,0.12,262.2,170,215.73333333333332,7.82,38.75016,-91.08149,208.43333333333337,990.6666666666666
274,2026-03-05,2026-03-05 11:03:45,7.139333333333333,5.489,11.943333333333332,94.76666666666668,0.17,-0.14333333333333334,-0.01,NA,0.12,262,170,216.03333333333333,7.82,38.75015333333333,-91.08149,208.56666666666663,990.5777777777778
274,2026-03-05,2026-03-05 11:03:48,7.239,5.455333333333333,11.94,94.66666666666669,0.16333333333333333,-0.10666666666666667,-0.12666666666666668,NA,0.12333333333333334,262.23333333333335,170.33333333333334,216.3,7.813333333333333,38.75015333333333,-91.08149,208.8,990.6666666666666
274,2026-03-05,2026-03-05 11:03:51,7.372,5.419666666666667,11.936666666666666,94.56666666666666,0.19,-0.08666666666666667,-0.12666666666666668,NA,0.12333333333333334,262.3,170.33333333333334,216.56666666666663,7.81,38.75015,-91.08148333333334,209.26666666666668,990.6666666666666
274,2026-03-05,2026-03-05 11:03:54,7.502,5.408,11.92,94.4,0.20333333333333337,-0.11333333333333331,-0.2633333333333333,NA,0.12333333333333334,262.1666666666667,170.33333333333334,216.8,7.803333333333333,38.75015,-91.08148,209.26666666666668,990.622222222222
274,2026-03-05,2026-03-05 11:03:57,7.667666666666666,5.3886666666666665,11.906666666666666,94.23333333333332,0.18000000000000002,-0.08333333333333334,-0.27,NA,0.12,262.1333333333333,170,217.13333333333333,7.8,38.75015,-91.08148,209.33333333333337,990.622222222222
274,2026-03-05,2026-03-05 11:04:00,7.779,5.379,11.896666666666668,94.13333333333333,0.17666666666666667,-0.08666666666666667,0.43,NA,0.12,262.26666666666665,170,217.33333333333337,7.796666666666667,38.75015333333333,-91.08148,209.3,990.622222222222
274,2026-03-05,2026-03-05 11:04:03,7.893333333333333,5.355666666666667,11.883333333333336,94.03333333333332,0.13,-0.08666666666666667,0.4033333333333333,NA,0.12333333333333334,262.3333333333333,170.33333333333334,217.6,7.79,38.75015,-91.08148,209.46666666666667,990.5333333333332
274,2026-03-05,2026-03-05 11:04:06,8.004666666666667,5.345,11.88,93.96666666666668,0.13666666666666666,-0.08333333333333334,-0.06666666666666667,NA,0.12333333333333334,262.3,170.66666666666666,217.83333333333337,7.79,38.75015333333333,-91.08148,209.43333333333337,990.6666666666666
274,2026-03-05,2026-03-05 11:04:09,8.131666666666666,5.342333333333333,11.873333333333331,93.86666666666667,0.7133333333333334,-0.03666666666666667,-0.24333333333333332,NA,0.12333333333333334,262.2,170.33333333333334,218,7.783333333333333,38.75016,-91.08148,209.3,990.5777777777778
274,2026-03-05,2026-03-05 11:04:12,8.222999999999999,5.3406666666666665,11.863333333333332,93.8,0.14666666666666667,-0.12333333333333334,-0.06999999999999999,NA,0.12,262.03333333333336,170,218.2,7.78,38.75016,-91.08148,209.23333333333332,990.5777777777778
274,2026-03-05,2026-03-05 11:04:15,8.315333333333333,5.334333333333333,11.856666666666666,93.7,0.18333333333333335,-0.12666666666666668,2.7266666666666666,NA,0.12,262.1666666666667,170,218.4,7.78,38.75016,-91.08148,209.13333333333333,990.5777777777778
274,2026-03-05,2026-03-05 11:04:18,8.384,5.334,11.85,93.66666666666669,0.16333333333333333,-0.13333333333333333,-0.07666666666666667,NA,0.12,262.1333333333333,170,218.63333333333333,7.776666666666666,38.75016,-91.08148,208.96666666666667,990.6666666666666
274,2026-03-05,2026-03-05 11:04:21,8.468333333333334,5.334666666666666,11.84,93.6,0.15333333333333332,-0.1,2.17,NA,0.12,262.1666666666667,170,218.76666666666668,7.77,38.75016,-91.08148,208.63333333333333,990.5777777777778
274,2026-03-05,2026-03-05 11:04:24,8.579666666666666,5.324,11.836666666666666,93.5,0.12666666666666668,-0.1,-0.11666666666666668,NA,0.12,262.1,170,218.96666666666667,7.77,38.75016,-91.08148,208.7,990.5333333333332
274,2026-03-05,2026-03-05 11:04:27,8.700333333333333,5.309,11.826666666666666,93.43333333333334,0.12333333333333334,-0.11333333333333331,-0.09666666666666666,NA,0.12,262.1333333333333,170,219.16666666666663,7.77,38.75016,-91.08148,208.6,990.5777777777778
274,2026-03-05,2026-03-05 11:04:30,8.818,5.282666666666667,11.826666666666666,93.33333333333331,0.15,-0.11,-0.10333333333333336,NA,0.12333333333333334,262.3666666666667,171,219.36666666666667,7.76,38.75015666666667,-91.08148,208.46666666666667,990.622222222222
274,2026-03-05,2026-03-05 11:04:33,8.896333333333333,5.285,11.816666666666666,93.26666666666668,0.11666666666666668,-0.10666666666666667,0.25,NA,0.12333333333333334,262.4,171,219.56666666666663,7.76,38.75016,-91.08148,208.33333333333337,990.622222222222
274,2026-03-05,2026-03-05 11:04:36,8.958333333333334,5.274333333333333,11.806666666666668,93.2,0.11333333333333334,-0.13333333333333333,1.35,NA,0.12333333333333334,262.3,170.66666666666666,219.76666666666668,7.76,38.75016,-91.08148,207.9,990.5333333333332
274,2026-03-05,2026-03-05 11:04:39,9.011333333333331,5.266,11.8,93.1,0.26,-0.08,0.7166666666666667,NA,0.12,262.2,170,219.93333333333337,7.756666666666667,38.75016,-91.08148,207.7,990.5333333333332
274,2026-03-05,2026-03-05 11:04:42,9.070333333333334,5.252,11.8,93.1,0.11666666666666668,-0.10333333333333332,-0.2066666666666667,NA,0.12333333333333334,262.4,171,220.13333333333333,7.75,38.75016,-91.08148666666666,207.6,990.5777777777778
274,2026-03-05,2026-03-05 11:04:45,9.183666666666667,5.2299999999999995,11.8,93.03333333333332,0.13666666666666666,-0.10666666666666666,-0.12333333333333334,NA,0.12,262.23333333333335,170.33333333333334,220.33333333333337,7.75,38.75016,-91.08149,207.6,990.5777777777778
274,2026-03-05,2026-03-05 11:04:48,9.251666666666669,5.225666666666667,11.796666666666669,93,1.25,-0.06,-0.11666666666666668,NA,0.12,262.26666666666665,170.66666666666666,220.53333333333333,7.75,38.75016,-91.08149,207.73333333333332,990.622222222222
274,2026-03-05,2026-03-05 11:04:51,9.300333333333333,5.222333333333333,11.793333333333331,92.93333333333334,0.22333333333333336,-0.10333333333333332,-0.2633333333333333,NA,0.12666666666666668,262.4666666666667,171,220.73333333333332,7.74,38.75016,-91.08149,207.83333333333337,990.622222222222
274,2026-03-05,2026-03-05 11:04:54,9.343,5.220666666666667,11.786666666666664,92.9,0.48333333333333334,-0.07333333333333333,-0.02666666666666667,NA,0.12,262.2,170.33333333333334,220.9,7.74,38.75016,-91.08148333333334,207.9,990.622222222222
274,2026-03-05,2026-03-05 11:04:57,9.393666666666666,5.211333333333333,11.78,92.8,0.17666666666666667,-0.1,-0.19666666666666663,NA,0.12666666666666668,262.46666666666664,171,221.06666666666663,7.74,38.75016,-91.08148,208.13333333333333,990.622222222222
274,2026-03-05,2026-03-05 11:05:00,9.435,5.211666666666667,11.776666666666666,92.8,0.20333333333333337,-0.09333333333333334,1.1766666666666663,NA,0.12333333333333334,262.4,170.66666666666666,221.26666666666668,7.74,38.75016,-91.08148,208.26666666666668,990.5333333333332
274,2026-03-05,2026-03-05 11:05:03,9.485,5.21,11.77,92.73333333333332,0.14666666666666667,-0.09666666666666666,-0.18666666666666668,NA,0.12,262.4,171,221.4,7.73,38.75016,-91.08148,208.3,990.622222222222
274,2026-03-05,2026-03-05 11:05:06,9.524666666666668,5.207,11.766666666666666,92.7,0.15666666666666668,-0.12333333333333334,-0.37,NA,0.12,262.3666666666667,170.66666666666666,221.63333333333333,7.73,38.75016,-91.08148,208.5,990.622222222222
274,2026-03-05,2026-03-05 11:05:09,9.568,5.2043333333333335,11.77,92.7,0.30333333333333334,-0.08,-0.00666666666666666,NA,0.12,262.23333333333335,170.33333333333334,221.73333333333332,7.73,38.75016,-91.08148,208.53333333333333,990.5777777777778
274,2026-03-05,2026-03-05 11:05:12,9.608333333333333,5.203666666666667,11.76,92.63333333333333,0.13666666666666666,-0.08,0.18333333333333335,NA,0.12333333333333334,262.3666666666667,170.33333333333334,221.93333333333337,7.73,38.75016,-91.08148,208.73333333333332,990.622222222222
274,2026-03-05,2026-03-05 11:05:15,9.667333333333334,5.202333333333334,11.76,92.6,0.15666666666666668,-0.08333333333333334,-0.17666666666666667,NA,0.12,262.1666666666667,170,222.06666666666663,7.723333333333334,38.75016,-91.08148333333334,208.73333333333332,990.622222222222
274,2026-03-05,2026-03-05 11:05:18,9.706333333333331,5.198,11.75,92.56666666666666,0.18333333333333335,-0.12,-0.19666666666666668,NA,0.12333333333333334,262.4,171,222.26666666666668,7.72,38.75016,-91.08148333333334,208.86666666666667,990.6666666666666
274,2026-03-05,2026-03-05 11:05:21,9.767666666666669,5.196,11.75,92.5,0.2866666666666667,-0.09,0.23333333333333336,NA,0.12,262.26666666666665,170,222.4,7.72,38.75016,-91.08148,208.73333333333332,990.622222222222
274,2026-03-05,2026-03-05 11:05:24,9.836666666666666,5.190333333333333,11.746666666666666,92.5,1.3533333333333335,-0.02333333333333333,0.26333333333333336,NA,0.12,262.3,170.33333333333334,222.56666666666663,7.72,38.75016,-91.08148,208.63333333333333,990.6666666666666
274,2026-03-05,2026-03-05 11:05:27,9.906333333333334,5.1883333333333335,11.74,92.5,0.14666666666666667,-0.12,0.37,NA,0.12,262.1666666666667,170.33333333333334,222.73333333333332,7.72,38.75016,-91.08148333333334,208.6,990.5777777777778
274,2026-03-05,2026-03-05 11:05:30,9.969666666666669,5.185,11.74,92.43333333333334,0.4633333333333333,-0.10666666666666666,-0.22,NA,0.12,262.1333333333333,170,222.93333333333337,7.71,38.75016,-91.08149,208.56666666666663,990.622222222222
274,2026-03-05,2026-03-05 11:05:33,10.044,5.183,11.736666666666666,92.4,0.2,-0.09666666666666666,-0.23333333333333336,NA,0.12,262.1666666666667,170,223.06666666666663,7.71,38.75016,-91.08149,208.36666666666667,990.622222222222
274,2026-03-05,2026-03-05 11:05:36,10.095333333333334,5.1803333333333335,11.736666666666666,92.4,0.14,-0.11666666666666668,0.19666666666666663,NA,0.12,262.26666666666665,170.33333333333334,223.23333333333332,7.71,38.75016,-91.08149,208.2,990.622222222222
274,2026-03-05,2026-03-05 11:05:39,10.138,5.1786666666666665,11.73,92.33333333333331,0.18,-0.09333333333333334,-0.2633333333333333,NA,0.12,262.2,170.33333333333334,223.36666666666667,7.71,38.75016,-91.08149,208.03333333333333,990.5777777777778
274,2026-03-05,2026-03-05 11:05:42,10.176666666666666,5.178,11.723333333333334,92.3,0.15,-0.10666666666666666,-0.20333333333333337,NA,0.12,262.2,170,223.53333333333333,7.706666666666667,38.75016,-91.08149,208.16666666666663,990.5333333333332
274,2026-03-05,2026-03-05 11:05:45,10.240333333333334,5.176666666666667,11.72,92.3,0.12,-0.13666666666666666,-0.22,NA,0.12,262.1333333333333,170,223.66666666666663,7.7,38.75016,-91.08149,208.13333333333333,990.5777777777778
274,2026-03-05,2026-03-05 11:05:48,10.306666666666668,5.174666666666667,11.723333333333334,92.26666666666668,0.12666666666666668,-0.12333333333333334,-0.07666666666666667,NA,0.12,262.4,171,223.83333333333337,7.7,38.75016,-91.08149,208.1,990.6666666666666
274,2026-03-05,2026-03-05 11:05:51,10.352333333333334,5.173666666666667,11.72,92.2,0.14333333333333334,-0.10333333333333332,-0.14666666666666667,NA,0.12,262.23333333333335,170,223.96666666666667,7.7,38.75016,-91.08149,208.26666666666665,990.622222222222
274,2026-03-05,2026-03-05 11:05:54,10.391666666666667,5.174,11.713333333333336,92.2,0.13333333333333333,-0.10666666666666666,-0.03666666666666667,NA,0.12,262.1666666666667,170,224.13333333333333,7.7,38.75016,-91.08149,208.46666666666667,990.622222222222
274,2026-03-05,2026-03-05 11:05:57,10.433333333333334,5.171666666666667,11.71,92.2,0.12666666666666668,-0.10666666666666666,-0.15,NA,0.12,262.2,170,224.26666666666668,7.7,38.75016,-91.08149,208.5,990.622222222222
274,2026-03-05,2026-03-05 11:06:00,10.496666666666666,5.168666666666667,11.71,92.13333333333333,0.11333333333333334,-0.10666666666666666,-0.3433333333333333,NA,0.12,262.26666666666665,170,224.4,7.696666666666667,38.75016,-91.08149,208.56666666666663,990.6666666666666
274,2026-03-05,2026-03-05 11:06:03,10.527333333333331,5.167666666666666,11.706666666666669,92.13333333333333,0.13,-0.09333333333333334,-0.23,NA,0.12333333333333334,262.3,170.66666666666666,224.56666666666663,7.69,38.75016,-91.08148333333334,208.43333333333337,990.622222222222
274,2026-03-05,2026-03-05 11:06:06,10.588,5.166666666666667,11.7,92.1,0.10666666666666667,-0.11333333333333334,-0.15,NA,0.12,262.3666666666667,170.66666666666666,224.66666666666663,7.69,38.75016,-91.08148,208.26666666666668,990.6666666666666
274,2026-03-05,2026-03-05 11:06:09,10.676333333333334,5.164,11.7,92.1,0.11,-0.12666666666666668,-0.30333333333333334,NA,0.12,262.3,170.33333333333334,224.83333333333337,7.69,38.75016,-91.08148,208.03333333333333,990.622222222222
274,2026-03-05,2026-03-05 11:06:12,10.716666666666669,5.166333333333333,11.696666666666664,92,0.14666666666666667,-0.13,-0.13333333333333333,NA,0.12,262.06666666666666,170,224.93333333333337,7.69,38.75016,-91.08148,207.86666666666667,990.622222222222
274,2026-03-05,2026-03-05 11:06:15,10.767333333333331,5.1673333333333336,11.69,92,0.15,-0.13,-0.22,NA,0.12,262.1333333333333,170,225.06666666666663,7.69,38.75015333333333,-91.08148,207.6,990.622222222222
274,2026-03-05,2026-03-05 11:06:18,10.844,5.162333333333333,11.69,92,0.11333333333333331,-0.10333333333333332,-0.3433333333333333,NA,0.12,262.1666666666667,170,225.16666666666663,7.69,38.75015,-91.08148,207.53333333333333,990.6666666666666
274,2026-03-05,2026-03-05 11:06:21,10.934666666666669,5.1593333333333335,11.69,92,0.09,-0.12,-0.09,NA,0.12,262.3666666666667,170.66666666666666,225.3,7.686666666666667,38.75015,-91.08147,207.8,990.6666666666666
274,2026-03-05,2026-03-05 11:06:24,11.041666666666666,5.153,11.69,92,0.11,-0.1,-0.13333333333333333,NA,0.12,262.1,170,225.46666666666667,7.68,38.75015,-91.08147,207.86666666666667,990.6666666666666
274,2026-03-05,2026-03-05 11:06:27,11.127,5.1513333333333335,11.683333333333334,91.9,0.16333333333333333,-0.10666666666666667,-0.21,NA,0.12,262.1666666666667,170,225.6,7.68,38.75015,-91.08147,207.76666666666668,990.622222222222
274,2026-03-05,2026-03-05 11:06:30,11.205666666666668,5.151,11.683333333333334,91.9,0.16333333333333333,-0.12666666666666665,-0.2733333333333333,NA,0.12333333333333334,262.4,171,225.7,7.68,38.75015,-91.08147,207.53333333333333,990.6666666666666
274,2026-03-05,2026-03-05 11:06:33,11.266666666666667,5.149666666666667,11.68,91.9,0.11333333333333331,-0.14666666666666667,-0.4166666666666667,NA,0.12,262.3333333333333,170.66666666666666,225.83333333333337,7.68,38.75015,-91.08147,207.36666666666667,990.6666666666666
274,2026-03-05,2026-03-05 11:06:36,11.332,5.145666666666666,11.68,91.9,0.18,-0.11333333333333331,-0.00666666666666667,NA,0.12,262.3333333333333,170.66666666666666,225.96666666666667,7.68,38.75015,-91.08147,207.1,990.6666666666666
274,2026-03-05,2026-03-05 11:06:39,11.414666666666667,5.144,11.68,91.86666666666667,0.09333333333333334,-0.11333333333333331,-0.15666666666666668,NA,0.12,262.1,170,226.06666666666663,7.68,38.75016,-91.08147,207.03333333333333,990.622222222222
274,2026-03-05,2026-03-05 11:06:42,11.457666666666666,5.143666666666666,11.673333333333334,91.8,0.17333333333333334,-0.12333333333333334,-0.2,NA,0.12,262.3333333333333,170.66666666666666,226.23333333333332,7.67,38.75016,-91.08147,206.96666666666667,990.622222222222
274,2026-03-05,2026-03-05 11:06:45,11.545,5.143,11.67,91.8,0.19333333333333333,-0.13,-0.25333333333333335,NA,0.12,262.3333333333333,170.66666666666666,226.36666666666667,7.67,38.75016,-91.08147,206.9,990.5777777777778
274,2026-03-05,2026-03-05 11:06:48,11.622333333333334,5.141,11.67,91.76666666666668,0.17,-0.10666666666666667,-0.23666666666666664,NA,0.12333333333333334,262.46666666666664,171,226.46666666666667,7.67,38.75016,-91.08147,206.9,990.6666666666666
274,2026-03-05,2026-03-05 11:06:51,11.692,5.138333333333334,11.666666666666666,91.73333333333332,0.11333333333333331,-0.09666666666666666,-0.04666666666666667,NA,0.12333333333333334,262.43333333333334,171,226.56666666666663,7.67,38.75015666666667,-91.08147,206.83333333333337,990.622222222222
274,2026-03-05,2026-03-05 11:06:54,11.754666666666669,5.138,11.66,91.7,0.11333333333333334,-0.13333333333333333,-0.10333333333333332,NA,0.12,262.26666666666665,170.33333333333334,226.7,7.67,38.75015,-91.08147,206.66666666666663,990.6666666666666
274,2026-03-05,2026-03-05 11:06:57,11.820666666666666,5.137333333333333,11.66,91.7,0.15666666666666668,-0.1,-0.14666666666666667,NA,0.12666666666666668,262.5,171,226.83333333333337,7.67,38.75015333333333,-91.08147,206.5,990.6666666666666
274,2026-03-05,2026-03-05 11:07:00,11.845333333333333,5.138333333333334,11.66,91.7,0.13666666666666666,-0.13,-0.03333333333333333,NA,0.12,262.3666666666667,170.66666666666666,226.93333333333337,7.67,38.75015,-91.08147,206.43333333333337,990.6666666666666
274,2026-03-05,2026-03-05 11:07:03,11.882333333333332,5.137,11.65,91.63333333333333,0.21,-0.09,-0.23333333333333336,NA,0.12,262.3666666666667,171,227.03333333333333,7.666666666666667,38.75015,-91.08147,206.4,990.5333333333332
274,2026-03-05,2026-03-05 11:07:06,11.939333333333334,5.1386666666666665,11.65,91.63333333333333,0.19333333333333333,-0.09666666666666666,0.21333333333333335,NA,0.12333333333333334,262.43333333333334,171,227.16666666666663,7.66,38.75015,-91.08147,206.5,990.5777777777778
274,2026-03-05,2026-03-05 11:07:09,11.981,5.1386666666666665,11.65,91.6,0.15333333333333335,-0.10666666666666667,0.11,NA,0.12,262.0333333333333,170,227.26666666666668,7.66,38.75015,-91.08147,206.43333333333337,990.622222222222
274,2026-03-05,2026-03-05 11:07:12,12.031666666666666,5.139666666666667,11.65,91.6,0.19333333333333333,-0.12333333333333334,-0.3566666666666667,NA,0.12,262.3666666666667,170.66666666666666,227.33333333333337,7.66,38.75015,-91.08147,206.56666666666663,990.6666666666666
274,2026-03-05,2026-03-05 11:07:15,12.100333333333332,5.1386666666666665,11.646666666666668,91.6,0.5766666666666667,-0.08,-0.33666666666666667,NA,0.12,262.43333333333334,171,227.43333333333337,7.66,38.75015,-91.08147,206.7,990.622222222222
274,2026-03-05,2026-03-05 11:07:18,12.177,5.137333333333333,11.646666666666668,91.6,0.1366666666666667,-0.09,-0.25,NA,0.12666666666666668,262.5,171,227.53333333333333,7.66,38.75015,-91.08147,206.66666666666663,990.5777777777778
274,2026-03-05,2026-03-05 11:07:21,12.235333333333331,5.137,11.643333333333334,91.6,0.17,-0.1,0.09,NA,0.12333333333333334,262.3666666666667,170.66666666666666,227.63333333333333,7.66,38.75015,-91.08147,206.8,990.6666666666666
274,2026-03-05,2026-03-05 11:07:24,12.283666666666669,5.136666666666667,11.643333333333334,91.6,0.17666666666666667,-0.12333333333333334,-0.03666666666666667,NA,0.12,262.3666666666667,170.66666666666666,227.73333333333332,7.66,38.75015,-91.08147,206.66666666666663,990.6666666666666
274,2026-03-05,2026-03-05 11:07:27,12.326333333333334,5.135666666666666,11.64,91.6,0.12666666666666668,-0.12,-0.27,NA,0.12333333333333334,262.4,171,227.86666666666667,7.66,38.75015,-91.08147,206.46666666666667,990.7111111111112
274,2026-03-05,2026-03-05 11:07:30,12.386,5.136,11.643333333333334,91.56666666666666,0.12,-0.11,-0.24666666666666667,NA,0.12333333333333334,262.5,171,227.96666666666667,7.66,38.75015,-91.08146666666669,206.26666666666668,990.6666666666666
274,2026-03-05,2026-03-05 11:07:33,12.422666666666666,5.136333333333333,11.643333333333334,91.6,0.12666666666666668,-0.11666666666666668,-0.22666666666666668,NA,0.12666666666666668,262.56666666666666,171,228.03333333333333,7.66,38.75015333333333,-91.08146,206.06666666666663,990.622222222222
274,2026-03-05,2026-03-05 11:07:36,12.455666666666668,5.136333333333333,11.64,91.56666666666666,0.21,-0.11666666666666668,-0.17666666666666667,NA,0.12,262.4,171,228.13333333333333,7.66,38.75015,-91.08146,205.93333333333337,990.6666666666666
274,2026-03-05,2026-03-05 11:07:39,12.499,5.136666666666667,11.646666666666668,91.6,0.13333333333333333,-0.10666666666666666,0.08,NA,0.12,262.3333333333333,170.66666666666666,228.23333333333332,7.653333333333333,38.75015,-91.08146,205.7,990.6666666666666
274,2026-03-05,2026-03-05 11:07:42,12.571666666666667,5.135,11.65,91.6,0.13333333333333333,-0.10333333333333332,-0.13,NA,0.12,262.3666666666667,170.66666666666666,228.3,7.65,38.75015,-91.08146,205.63333333333333,990.622222222222
274,2026-03-05,2026-03-05 11:07:45,12.596666666666666,5.135,11.64,91.56666666666666,0.3333333333333333,-0.1,0.18666666666666668,NA,0.12,262.43333333333334,170.66666666666666,228.43333333333337,7.65,38.75015333333333,-91.08145333333334,205.26666666666665,990.6666666666666
274,2026-03-05,2026-03-05 11:07:48,12.632666666666667,5.135,11.64,91.6,0.11666666666666668,-0.12333333333333334,0.29,NA,0.12333333333333334,262.46666666666664,171,228.5,7.65,38.75016,-91.08145,205,990.622222222222
274,2026-03-05,2026-03-05 11:07:51,12.686666666666667,5.135,11.64,91.5,0.3566666666666667,-0.11,-0.21,NA,0.12,262.1666666666667,170.33333333333334,228.6,7.65,38.75016,-91.08146,205.03333333333333,990.6666666666666
274,2026-03-05,2026-03-05 11:07:54,12.718,5.1353333333333335,11.64,91.5,0.38,-0.11,-0.25666666666666665,NA,0.12,262.3333333333333,170.66666666666666,228.7,7.65,38.75016,-91.08146,205.3,990.6666666666666
274,2026-03-05,2026-03-05 11:07:57,12.761333333333331,5.1353333333333335,11.64,91.5,0.21333333333333335,-0.1,-0.14,NA,0.12,262.3,170.33333333333334,228.8,7.65,38.75016,-91.08145666666668,205.5,990.5777777777778
274,2026-03-05,2026-03-05 11:08:00,12.828,5.135666666666666,11.64,91.6,0.12333333333333334,-0.13666666666666666,-0.10666666666666667,NA,0.12666666666666668,262.5,171,228.86666666666667,7.65,38.75016,-91.08146,205.73333333333332,990.5777777777778
274,2026-03-05,2026-03-05 11:08:03,12.881666666666666,5.133333333333334,11.646666666666668,91.6,0.1366666666666667,-0.12666666666666668,-0.14333333333333334,NA,0.12333333333333334,262.43333333333334,171,228.96666666666667,7.65,38.75016,-91.08146,206.06666666666663,990.6666666666666
274,2026-03-05,2026-03-05 11:08:06,12.925333333333333,5.132333333333333,11.64,91.53333333333332,0.16,-0.12666666666666668,0.08666666666666667,NA,0.12,262.2,170,229.06666666666663,7.65,38.75016,-91.08146,206,990.622222222222
274,2026-03-05,2026-03-05 11:08:09,12.966,5.132,11.64,91.53333333333332,0.13333333333333333,-0.11,-0.04333333333333333,NA,0.12,262.3,170.66666666666666,229.16666666666663,7.65,38.75016,-91.08146,205.8,990.6666666666666
274,2026-03-05,2026-03-05 11:08:12,13.023,5.132666666666666,11.64,91.53333333333332,0.15666666666666668,-0.11333333333333331,0.08666666666666667,NA,0.12,262.4,171,229.26666666666668,7.65,38.75016333333333,-91.08145333333334,205.53333333333333,990.6666666666666
274,2026-03-05,2026-03-05 11:08:15,13.057666666666666,5.132,11.64,91.5,0.38,-0.12333333333333334,0.12333333333333334,NA,0.12666666666666668,262.5,171,229.36666666666667,7.65,38.75016,-91.08145,205.53333333333333,990.622222222222
274,2026-03-05,2026-03-05 11:08:18,13.099,5.131666666666667,11.64,91.5,0.17,-0.14333333333333334,-0.07666666666666667,NA,0.12,262.3,170.33333333333334,229.43333333333337,7.65,38.75016,-91.08145666666668,205.8,990.622222222222
274,2026-03-05,2026-03-05 11:08:21,13.156333333333333,5.128666666666667,11.64,91.5,0.14,-0.15666666666666668,-0.29333333333333333,NA,0.12,262.3666666666667,171,229.5,7.65,38.75016,-91.08146,206.06666666666663,990.622222222222
274,2026-03-05,2026-03-05 11:08:24,13.204,5.1273333333333335,11.64,91.5,0.16333333333333333,-0.08333333333333334,0.3233333333333333,NA,0.12,262.23333333333335,170,229.6,7.643333333333333,38.75016,-91.08146666666669,206.9,990.622222222222
274,2026-03-05,2026-03-05 11:08:27,13.268666666666666,5.127,11.64,91.5,0.17333333333333334,-0.12,0.44,NA,0.12,262.3666666666667,170.66666666666666,229.7,7.64,38.75016,-91.08147,207.36666666666667,990.5777777777778
274,2026-03-05,2026-03-05 11:08:30,13.305666666666664,5.126666666666667,11.633333333333336,91.46666666666668,0.15,-0.12333333333333334,0.30333333333333334,NA,0.12,262.3,170.33333333333334,229.8,7.64,38.75016,-91.08147,207.7,990.622222222222
274,2026-03-05,2026-03-05 11:08:33,13.348666666666666,5.126666666666667,11.636666666666668,91.46666666666668,0.12666666666666668,-0.1,-0.04999999999999999,NA,0.12,262.3,170.33333333333334,229.9,7.64,38.75016,-91.08147,207.1,990.6666666666666
274,2026-03-05,2026-03-05 11:08:36,13.421333333333331,5.126,11.633333333333336,91.5,0.14,-0.08666666666666667,0.26666666666666666,NA,0.12,262.1,170,230,7.64,38.75016,-91.08146666666669,206.73333333333335,990.6666666666666
274,2026-03-05,2026-03-05 11:08:42,13.485,5.125666666666667,11.633333333333336,91.5,0.14666666666666667,-0.10666666666666667,0.33999999999999997,NA,0.12,262.4,171,230.16666666666663,7.64,38.75016,-91.08146,206.06666666666663,990.5777777777778
274,2026-03-05,2026-03-05 11:08:45,13.53,5.125,11.633333333333336,91.5,0.24333333333333337,-0.11333333333333331,0.02333333333333333,NA,0.12,262.3666666666667,170.66666666666666,230.26666666666668,7.64,38.75016,-91.08146,205.6,990.5777777777778
274,2026-03-05,2026-03-05 11:08:48,13.579333333333333,5.125,11.63,91.43333333333334,0.16666666666666666,-0.13,-0.10666666666666666,NA,0.12,262.1,170,230.33333333333337,7.64,38.75016,-91.08146,205.5,990.622222222222
274,2026-03-05,2026-03-05 11:08:51,13.641666666666666,5.124666666666666,11.633333333333336,91.46666666666668,0.5066666666666667,-0.08666666666666667,0.09,NA,0.12,262.23333333333335,170.33333333333334,230.43333333333337,7.64,38.75016,-91.08145666666668,205.1,990.622222222222
274,2026-03-05,2026-03-05 11:08:54,13.677,5.124333333333333,11.633333333333336,91.43333333333334,0.13,-0.10333333333333332,-0.03666666666666667,NA,0.12,262.23333333333335,170.33333333333334,230.5,7.64,38.75016,-91.08145,204.66666666666663,990.622222222222
274,2026-03-05,2026-03-05 11:08:57,13.734333333333334,5.123666666666667,11.63,91.4,1.3066666666666666,-0.01,-0.03666666666666667,NA,0.12666666666666668,262.56666666666666,171,230.6,7.64,38.75016,-91.08144333333334,204.46666666666667,990.5777777777778
274,2026-03-05,2026-03-05 11:09:00,13.779333333333334,5.124,11.63,91.4,0.08,-0.13,0.4233333333333333,NA,0.12,262.3666666666667,170.66666666666666,230.7,7.64,38.75016,-91.08144,203.83333333333331,990.6666666666666
274,2026-03-05,2026-03-05 11:09:03,13.836333333333334,5.122,11.63,91.4,0.15333333333333335,-0.11666666666666668,0.42666666666666664,NA,0.12,262.3333333333333,171,230.8,7.64,38.75016,-91.08144,203.66666666666663,990.6666666666666
274,2026-03-05,2026-03-05 11:09:06,13.879333333333332,5.117333333333333,11.636666666666668,91.46666666666668,0.22333333333333333,-0.10666666666666667,1.0633333333333332,NA,0.12,262.26666666666665,170.33333333333334,230.86666666666667,7.64,38.75016333333333,-91.08145,204.23333333333332,990.622222222222
274,2026-03-05,2026-03-05 11:09:09,13.926333333333334,5.111000000000001,11.63,91.4,0.24333333333333337,-0.11666666666666668,-0.09000000000000001,NA,0.12333333333333334,262.46666666666664,171,230.93333333333337,7.636666666666667,38.750166666666665,-91.08145,204.43333333333337,990.622222222222
274,2026-03-05,2026-03-05 11:09:12,13.962333333333332,5.109666666666667,11.63,91.4,0.14,-0.1,-0.07333333333333333,NA,0.13,262.53333333333336,171,231.03333333333333,7.63,38.75016,-91.08145666666668,205,990.622222222222
274,2026-03-05,2026-03-05 11:09:15,14.001666666666669,5.104666666666667,11.63,91.4,0.14333333333333334,-0.1,0.06,NA,0.12,262.43333333333334,171,231.13333333333333,7.63,38.75016,-91.08146,205.46666666666667,990.6666666666666
274,2026-03-05,2026-03-05 11:09:18,14.031,5.099333333333333,11.63,91.4,0.11333333333333331,-0.12333333333333334,0.00666666666666666,NA,0.12,262.3333333333333,170.66666666666666,231.2,7.63,38.75016,-91.08146,205.43333333333337,990.5333333333332
274,2026-03-05,2026-03-05 11:09:21,14.065333333333331,5.095000000000001,11.63,91.4,0.24333333333333332,-0.12666666666666668,0.7666666666666667,NA,0.12,262.23333333333335,170,231.3,7.63,38.75016,-91.08146333333332,205.6,990.6666666666666
274,2026-03-05,2026-03-05 11:09:24,14.096333333333334,5.094666666666667,11.63,91.36666666666667,1.5266666666666666,0.02666666666666667,0.14666666666666667,NA,0.12,262.4,171,231.36666666666667,7.63,38.75016,-91.08146333333332,205.73333333333335,990.622222222222
274,2026-03-05,2026-03-05 11:09:27,14.143333333333333,5.093333333333334,11.623333333333331,91.3,0.18333333333333332,-0.11666666666666668,-0.05333333333333334,NA,0.12333333333333334,262.5,171,231.43333333333337,7.63,38.75016,-91.08146666666669,205.66666666666669,990.622222222222
274,2026-03-05,2026-03-05 11:09:33,14.182666666666666,5.0906666666666665,11.62,91.3,0.14666666666666667,-0.10333333333333332,-0.04999999999999999,NA,0.12,262.3333333333333,170.66666666666666,231.6,7.63,38.75016,-91.08147,205.73333333333332,990.6666666666666
274,2026-03-05,2026-03-05 11:09:36,14.232333333333331,5.0873333333333335,11.62,91.3,0.37,-0.08666666666666667,-0.11333333333333331,NA,0.12,262.3666666666667,170.66666666666666,231.7,7.63,38.75016,-91.08147,205.5,990.6666666666666
274,2026-03-05,2026-03-05 11:09:39,14.275666666666666,5.085666666666667,11.62,91.2,0.15,-0.07666666666666666,-0.1,NA,0.13,262.6666666666667,171,231.76666666666668,7.63,38.75016,-91.08146666666669,205.4,990.6666666666666
274,2026-03-05,2026-03-05 11:09:42,14.352666666666666,5.083333333333333,11.613333333333332,91.2,0.10333333333333332,-0.11666666666666668,-0.19666666666666663,NA,0.12666666666666668,262.53333333333336,171,231.86666666666667,7.63,38.75016,-91.08146666666669,205.6,990.6666666666666
274,2026-03-05,2026-03-05 11:09:45,14.418,5.082,11.61,91.16666666666669,0.14,-0.12333333333333334,-0.13,NA,0.12333333333333334,262.46666666666664,171,231.9,7.63,38.75016,-91.08146666666669,205.63333333333333,990.6666666666666
274,2026-03-05,2026-03-05 11:09:48,14.457666666666666,5.081666666666667,11.61,91.1,0.16666666666666666,-0.1,0.07333333333333333,NA,0.12,262.3666666666667,171,232,7.63,38.75016,-91.08146,205.26666666666665,990.622222222222
274,2026-03-05,2026-03-05 11:09:51,14.529,5.075666666666667,11.606666666666666,91.1,0.18666666666666668,-0.12,1.086666666666667,NA,0.12333333333333334,262.46666666666664,171,232.1,7.63,38.75016,-91.08146,205.03333333333333,990.6666666666666
274,2026-03-05,2026-03-05 11:09:54,14.613,5.073666666666667,11.603333333333332,91.1,0.5466666666666666,-0.06,-0.07,NA,0.13,262.6666666666667,171,232.16666666666663,7.63,38.75016,-91.08146,204.83333333333337,990.622222222222
274,2026-03-05,2026-03-05 11:09:57,14.783,5.071666666666666,11.6,91.06666666666666,0.14,-0.08666666666666667,-0.17,NA,0.12333333333333334,262.5,171,232.23333333333332,7.623333333333333,38.75016,-91.08146,205.3,990.622222222222
274,2026-03-05,2026-03-05 11:10:00,14.87,5.072666666666667,11.596666666666666,91.03333333333332,0.25333333333333335,-0.11,-0.19666666666666663,NA,0.12,262.43333333333334,171,232.33333333333337,7.62,38.75016,-91.08146,205.23333333333332,990.622222222222
274,2026-03-05,2026-03-05 11:10:03,15.007333333333332,5.0696666666666665,11.593333333333334,91,0.3566666666666667,-0.12333333333333334,-0.24666666666666667,NA,0.12666666666666668,262.46666666666664,171,232.4,7.62,38.75016,-91.08146,205.3,990.6666666666666
274,2026-03-05,2026-03-05 11:10:06,15.115,5.069,11.59,91,0.59,-0.02666666666666667,-0.08,NA,0.12666666666666668,262.6,171,232.5,7.62,38.75016,-91.08147,206.16666666666663,990.7111111111112
274,2026-03-05,2026-03-05 11:10:09,15.229666666666668,5.068333333333333,11.59,91,0.14333333333333334,-0.11,0.02333333333333333,NA,0.12666666666666668,262.6333333333333,171,232.56666666666663,7.62,38.75016,-91.08147,206.16666666666663,990.6666666666666
274,2026-03-05,2026-03-05 11:10:12,15.315666666666669,5.068,11.59,91,0.12333333333333334,-0.08666666666666667,-0.03666666666666667,NA,0.12333333333333334,262.46666666666664,170.66666666666666,232.63333333333333,7.62,38.75016,-91.08147,206.66666666666663,990.622222222222
274,2026-03-05,2026-03-05 11:10:15,15.455,5.067333333333333,11.59,90.96666666666668,0.16999999999999998,-0.09,1.163333333333333,NA,0.12666666666666668,262.5,171,232.7,7.62,38.75016,-91.08147,206.8,990.6666666666666
274,2026-03-05,2026-03-05 11:10:18,15.589,5.067666666666667,11.58,90.9,0.43333333333333335,-0.07,1.0699999999999998,NA,0.12,262.26666666666665,170,232.8,7.62,38.75016,-91.08147,206.7,990.6666666666666
274,2026-03-05,2026-03-05 11:10:21,15.701333333333332,5.066333333333334,11.58,90.9,0.16333333333333333,-0.12,-0.33666666666666667,NA,0.12333333333333334,262.5,171,232.86666666666667,7.62,38.75016,-91.08147,206.86666666666667,990.622222222222
274,2026-03-05,2026-03-05 11:10:24,15.782,5.066666666666666,11.58,90.9,0.12666666666666668,-0.1,0.11333333333333334,NA,0.13,262.6666666666667,171,232.9,7.62,38.75016,-91.08147,207.06666666666663,990.622222222222
274,2026-03-05,2026-03-05 11:10:27,15.879666666666669,5.065666666666667,11.58,90.9,0.12666666666666665,-0.13,-0.23,NA,0.12,262.3666666666667,170.66666666666666,233,7.62,38.75016,-91.08147,207.1,990.622222222222
274,2026-03-05,2026-03-05 11:10:30,15.966333333333331,5.065333333333333,11.58,90.9,0.11666666666666668,-0.13,0.9,NA,0.12333333333333334,262.3666666666667,170.33333333333334,233.06666666666663,7.62,38.75016,-91.08147,207.16666666666663,990.6666666666666
274,2026-03-05,2026-03-05 11:10:33,16.074333333333335,5.0633333333333335,11.58,90.9,0.15666666666666668,-0.11666666666666668,-0.17333333333333334,NA,0.12666666666666668,262.56666666666666,171,233.13333333333333,7.62,38.75016,-91.08147,207.26666666666668,990.6666666666666
274,2026-03-05,2026-03-05 11:10:36,16.140666666666668,5.063666666666666,11.58,90.9,0.11333333333333334,-0.14,0.10333333333333332,NA,0.13,262.56666666666666,171,233.2,7.62,38.75015,-91.08147,207.56666666666663,990.6666666666666
274,2026-03-05,2026-03-05 11:10:39,16.209333333333333,5.063,11.58,90.9,0.13,-0.13333333333333333,0.01666666666666666,NA,0.13,262.6,171,233.3,7.62,38.75015,-91.08146666666669,207.53333333333333,990.6666666666666
274,2026-03-05,2026-03-05 11:10:42,16.274,5.062666666666667,11.58,90.9,0.17,-0.08333333333333333,-0.11666666666666668,NA,0.12,262.4,171,233.33333333333337,7.62,38.75015,-91.08146,207.2,990.6666666666666
274,2026-03-05,2026-03-05 11:10:45,16.413666666666668,5.062,11.58,90.9,0.09333333333333334,-0.11333333333333334,-0.18000000000000002,NA,0.12,262.3,170.66666666666666,233.4,7.62,38.75015,-91.08146,207.13333333333333,990.6666666666666
274,2026-03-05,2026-03-05 11:10:48,16.514,5.0633333333333335,11.58,90.9,0.12666666666666668,-0.13,-0.13333333333333333,NA,0.12333333333333334,262.46666666666664,170.66666666666666,233.46666666666667,7.62,38.75015,-91.08146,207.2,990.6666666666666
274,2026-03-05,2026-03-05 11:10:51,16.608999999999998,5.063,11.58,90.9,0.2066666666666667,-0.14,-0.27,NA,0.12666666666666668,262.6,171,233.5,7.62,38.75015,-91.08146,207.1,990.6666666666666
274,2026-03-05,2026-03-05 11:10:54,16.727999999999998,5.061333333333334,11.576666666666666,90.86666666666667,0.14,-0.09333333333333334,0.3466666666666667,NA,0.12666666666666668,262.56666666666666,171,233.6,7.62,38.750146666666666,-91.08146,207,990.6666666666666
274,2026-03-05,2026-03-05 11:10:57,16.830666666666666,5.060333333333333,11.58,90.9,0.10666666666666667,-0.11,-0.06,NA,0.12333333333333334,262.43333333333334,171,233.66666666666663,7.62,38.750146666666666,-91.08146,207.3,990.6666666666666
274,2026-03-05,2026-03-05 11:11:00,16.930333333333333,5.059,11.58,90.9,0.12333333333333334,-0.11333333333333331,-0.05333333333333334,NA,0.12666666666666668,262.5,171,233.73333333333332,7.61,38.750146666666666,-91.08146333333332,207.53333333333333,990.622222222222
274,2026-03-05,2026-03-05 11:11:03,17.021666666666665,5.059333333333333,11.58,90.86666666666667,0.14,-0.12,-0.17333333333333334,NA,0.13,262.56666666666666,171,233.8,7.613333333333333,38.75014,-91.08146,207.73333333333335,990.6666666666666
274,2026-03-05,2026-03-05 11:11:06,17.083666666666666,5.056666666666667,11.58,90.86666666666667,0.12,-0.12333333333333334,-0.12333333333333334,NA,0.12333333333333334,262.5,171,233.8,7.61,38.75014,-91.08146,208.03333333333333,990.5777777777778
274,2026-03-05,2026-03-05 11:11:09,17.18,5.054666666666667,11.58,90.9,0.16333333333333333,-0.12666666666666668,0.12666666666666665,NA,0.12,262.3333333333333,171,233.9,7.61,38.75014,-91.08146,208.2,990.6666666666666
274,2026-03-05,2026-03-05 11:11:12,17.282666666666668,5.054333333333333,11.58,90.86666666666667,0.15666666666666668,-0.1,0.03666666666666666,NA,0.12,262.5,171,234,7.61,38.75014,-91.08146,208.46666666666667,990.5777777777778
274,2026-03-05,2026-03-05 11:11:15,17.362333333333336,5.056,11.58,90.86666666666667,0.16,-0.08666666666666667,-0.17,NA,0.12,262.46666666666664,171,234.03333333333333,7.61,38.75014,-91.08146,208.63333333333333,990.6666666666666
274,2026-03-05,2026-03-05 11:11:18,17.447,5.056,11.576666666666666,90.8,0.13333333333333333,-0.10333333333333332,-0.14666666666666667,NA,0.12666666666666668,262.6,171,234.1,7.61,38.75014,-91.08146333333332,208.53333333333333,990.6666666666666
274,2026-03-05,2026-03-05 11:11:21,17.557,5.057,11.576666666666666,90.83333333333331,0.15,-0.11333333333333334,-0.06,NA,0.12,262.5,171,234.13333333333333,7.61,38.75014,-91.08146,208.16666666666663,990.6666666666666
274,2026-03-05,2026-03-05 11:11:24,17.651666666666667,5.057,11.576666666666666,90.86666666666667,0.11,-0.12333333333333334,-0.11,NA,0.12,262.26666666666665,170.33333333333334,234.23333333333332,7.61,38.75014,-91.08146,207.93333333333337,990.6666666666666
274,2026-03-05,2026-03-05 11:11:27,17.720666666666666,5.056333333333334,11.576666666666666,90.83333333333331,0.21666666666666667,-0.13,0.09333333333333334,NA,0.12,262.3333333333333,170.66666666666666,234.3,7.61,38.75014,-91.08145666666668,207.4,990.6666666666666
274,2026-03-05,2026-03-05 11:11:30,17.793,5.055666666666666,11.576666666666666,90.8,0.14333333333333334,-0.10333333333333332,0.06333333333333334,NA,0.12666666666666668,262.53333333333336,171,234.36666666666667,7.61,38.75014,-91.08145333333334,207.33333333333337,990.6666666666666
274,2026-03-05,2026-03-05 11:11:33,17.873,5.055,11.576666666666666,90.86666666666667,0.11666666666666668,-0.12333333333333334,-0.13,NA,0.12,262.43333333333334,171,234.4,7.61,38.75014,-91.08146,207.46666666666667,990.622222222222
274,2026-03-05,2026-03-05 11:11:36,17.941666666666666,5.055666666666666,11.58,90.83333333333331,0.14666666666666667,-0.12,-0.11333333333333334,NA,0.12,262.3,170.33333333333334,234.46666666666667,7.61,38.75014,-91.08146,207.63333333333333,990.5777777777778
274,2026-03-05,2026-03-05 11:11:39,18.030333333333335,5.056,11.57,90.8,0.14,-0.09333333333333334,-0.14666666666666667,NA,0.12,262.26666666666665,170.33333333333334,234.5,7.61,38.75014,-91.08147,208.1,990.622222222222
274,2026-03-05,2026-03-05 11:11:42,18.140333333333334,5.055666666666666,11.576666666666666,90.83333333333331,0.16333333333333333,-0.09666666666666666,-0.2633333333333333,NA,0.13,262.6333333333333,171,234.6,7.61,38.75014,-91.08146666666669,208.13333333333333,990.6666666666666
274,2026-03-05,2026-03-05 11:11:45,18.282,5.055666666666666,11.58,90.83333333333331,0.13333333333333333,-0.10666666666666667,-0.02333333333333333,NA,0.12,262.43333333333334,171,234.63333333333333,7.61,38.75014,-91.08147,208.4,990.622222222222
274,2026-03-05,2026-03-05 11:11:48,18.412333333333333,5.055666666666666,11.573333333333334,90.8,0.19666666666666663,-0.08666666666666667,0.24666666666666667,NA,0.12,262.4,171,234.7,7.61,38.75014,-91.08147,207.83333333333337,990.6666666666666
274,2026-03-05,2026-03-05 11:11:51,18.547666666666668,5.055,11.57,90.8,0.12666666666666668,-0.10333333333333332,-0.01666666666666666,NA,0.12333333333333334,262.5333333333333,171,234.8,7.61,38.75014,-91.08146666666669,207.7,990.6666666666666
274,2026-03-05,2026-03-05 11:11:54,18.618333333333332,5.056333333333334,11.57,90.8,0.31333333333333335,-0.1,0.00666666666666666,NA,0.12333333333333334,262.5,171,234.83333333333337,7.61,38.75014,-91.08146,207.5,990.6666666666666
274,2026-03-05,2026-03-05 11:11:57,18.712,5.054666666666667,11.57,90.8,0.53,-0.12333333333333334,-0.18000000000000002,NA,0.12666666666666668,262.6666666666667,171,234.9,7.61,38.75014,-91.08146,207.66666666666663,990.6666666666666
274,2026-03-05,2026-03-05 11:12:00,18.78366666666667,5.054333333333333,11.57,90.8,0.18666666666666668,-0.13333333333333333,-0.33333333333333337,NA,0.12,262.23333333333335,170.33333333333334,234.96666666666667,7.61,38.75014,-91.08146,207.6,990.6666666666666
274,2026-03-05,2026-03-05 11:12:03,18.855333333333338,5.050333333333334,11.57,90.8,0.15666666666666668,-0.10666666666666667,0.02,NA,0.12,262.4,171,235.03333333333333,7.61,38.75014,-91.08146,207.2,990.6666666666666
274,2026-03-05,2026-03-05 11:12:06,18.922333333333334,5.051,11.57,90.8,0.20333333333333337,-0.08,-0.15666666666666668,NA,0.12,262.3333333333333,171,235.1,7.61,38.75014,-91.08146,207.13333333333333,990.6666666666666
274,2026-03-05,2026-03-05 11:12:09,18.979,5.050333333333334,11.57,90.8,0.14666666666666667,-0.11,-0.12666666666666668,NA,0.12,262.43333333333334,171,235.16666666666663,7.61,38.75014,-91.08146,207.06666666666663,990.6666666666666
274,2026-03-05,2026-03-05 11:12:12,19.027666666666665,5.046666666666667,11.57,90.8,0.15,-0.15666666666666668,-0.18333333333333332,NA,0.12,262.46666666666664,171,235.2,7.61,38.75014,-91.08145,206.1,990.6666666666666
274,2026-03-05,2026-03-05 11:12:15,19.121333333333332,5.045,11.57,90.8,0.12,-0.12666666666666668,-0.04666666666666667,NA,0.12,262.3333333333333,171,235.3,7.61,38.75014,-91.08145666666668,205.93333333333337,990.622222222222
274,2026-03-05,2026-03-05 11:12:18,19.173333333333332,5.044333333333333,11.57,90.76666666666668,0.12666666666666668,-0.11666666666666668,-0.05333333333333334,NA,0.12,262.1666666666667,170,235.36666666666667,7.61,38.75015,-91.08146,205.66666666666663,990.6666666666666
274,2026-03-05,2026-03-05 11:12:21,19.273,5.043333333333333,11.57,90.8,0.14333333333333334,-0.14,-0.23333333333333336,NA,0.12333333333333334,262.4,170.66666666666666,235.4,7.61,38.75015,-91.08146,205.5,990.5777777777778
274,2026-03-05,2026-03-05 11:12:24,19.321,5.041333333333333,11.57,90.76666666666668,0.23333333333333336,-0.14333333333333334,-0.2066666666666667,NA,0.13,262.7,171,235.43333333333337,7.61,38.75015,-91.08146,206.06666666666663,990.622222222222
274,2026-03-05,2026-03-05 11:12:27,19.411,5.040333333333334,11.57,90.73333333333332,0.1,-0.13,1.08,NA,0.12,262.5,171,235.53333333333333,7.61,38.750146666666666,-91.08146666666669,206.43333333333337,990.6666666666666
274,2026-03-05,2026-03-05 11:12:30,19.497,5.040333333333334,11.57,90.8,0.11,-0.12666666666666665,-0.29,NA,0.12,262.3666666666667,170.66666666666666,235.6,7.61,38.75014,-91.08147,206.86666666666667,990.622222222222
274,2026-03-05,2026-03-05 11:12:33,19.605,5.04,11.57,90.73333333333332,0.10666666666666667,-0.11333333333333331,-0.39,NA,0.12,262.4,171,235.63333333333333,7.61,38.75014,-91.08147,207.1,990.5777777777778
274,2026-03-05,2026-03-05 11:12:36,19.667,5.036333333333333,11.57,90.7,0.11666666666666668,-0.12333333333333334,-0.3166666666666667,NA,0.12,262.5,171,235.7,7.61,38.75014,-91.08147,207,990.622222222222
274,2026-03-05,2026-03-05 11:12:39,19.813666666666663,5.033,11.566666666666666,90.7,0.13666666666666666,-0.11,-0.16333333333333333,NA,0.12333333333333334,262.5,171,235.76666666666668,7.61,38.75013666666667,-91.08147,207.76666666666668,990.5777777777778
274,2026-03-05,2026-03-05 11:12:42,19.918666666666667,5.031666666666666,11.566666666666666,90.7,0.12333333333333334,-0.10333333333333332,1.5166666666666666,NA,0.12333333333333334,262.4666666666667,170.66666666666666,235.8,7.61,38.75013,-91.08146333333332,207.9,990.5777777777778
274,2026-03-05,2026-03-05 11:12:45,20.01,5.031333333333333,11.566666666666666,90.7,0.14666666666666667,-0.11666666666666668,-0.08666666666666667,NA,0.12,262.3,170.66666666666666,235.9,7.61,38.75013,-91.08146,207.7,990.6666666666666
274,2026-03-05,2026-03-05 11:12:48,20.083666666666662,5.028666666666666,11.566666666666666,90.7,0.13666666666666666,-0.12333333333333334,-0.13333333333333333,NA,0.12333333333333334,262.53333333333336,170.66666666666666,236,7.61,38.75012,-91.08145333333334,207.93333333333337,990.622222222222
274,2026-03-05,2026-03-05 11:12:51,20.13,5.027,11.566666666666666,90.7,0.12,-0.14333333333333334,-0.25333333333333335,NA,0.12333333333333334,262.5,171,236.03333333333333,7.61,38.75012,-91.08145,207.36666666666667,990.6666666666666
274,2026-03-05,2026-03-05 11:12:54,20.234,5.025333333333333,11.56,90.7,0.09666666666666666,-0.1366666666666667,-0.14,NA,0.13,262.6666666666667,171,236.1,7.61,38.75012666666667,-91.08145,207.26666666666668,990.6666666666666
274,2026-03-05,2026-03-05 11:12:57,20.418333333333333,5.020333333333333,11.566666666666666,90.7,0.66,-0.10666666666666667,-0.17,NA,0.12666666666666668,262.56666666666666,171,236.1,7.61,38.75013,-91.08145333333334,207.86666666666667,990.6666666666666
274,2026-03-05,2026-03-05 11:13:00,20.530333333333335,5.02,11.563333333333334,90.7,0.15,-0.14333333333333334,-0.22666666666666663,NA,0.12,262.26666666666665,170.33333333333334,236.16666666666663,7.61,38.75012,-91.08145333333334,208.3,990.6666666666666
274,2026-03-05,2026-03-05 11:13:03,20.721,5.019,11.566666666666666,90.7,0.12666666666666668,-0.13666666666666666,-0.12666666666666668,NA,0.12333333333333334,262.53333333333336,171,236.2,7.61,38.75011333333333,-91.08145,208.26666666666668,990.622222222222
274,2026-03-05,2026-03-05 11:13:06,20.884,5.017666666666667,11.56,90.63333333333333,0.07666666666666666,-0.11666666666666668,-0.23333333333333336,NA,0.12666666666666668,262.53333333333336,171,236.3,7.61,38.75011333333333,-91.08145,207.26666666666665,990.6666666666666
274,2026-03-05,2026-03-05 11:13:09,21.021,5.013333333333334,11.56,90.6,0.08333333333333333,-0.11,-0.13333333333333333,NA,0.12,262.3,170.66666666666666,236.3,7.61,38.75012,-91.08145,206.76666666666668,990.6666666666666
274,2026-03-05,2026-03-05 11:13:12,21.108,4.998,11.563333333333334,90.6,0.11333333333333334,-0.10333333333333332,-0.21666666666666667,NA,0.12333333333333334,262.4666666666667,171,236.4,7.603333333333333,38.75012,-91.08145,206.5,990.6666666666666
274,2026-03-05,2026-03-05 11:13:15,21.212666666666667,4.979666666666667,11.56,90.6,0.21,-0.11666666666666668,-0.15333333333333332,NA,0.12666666666666668,262.6333333333333,171,236.46666666666667,7.6,38.75012,-91.08145,206.03333333333333,990.622222222222
274,2026-03-05,2026-03-05 11:13:18,21.321666666666665,4.971666666666667,11.56,90.5,0.07666666666666666,-0.16333333333333333,-0.2833333333333333,NA,0.13,262.76666666666665,171,236.53333333333333,7.6,38.75012,-91.08145,206.1,990.6666666666666
274,2026-03-05,2026-03-05 11:13:21,21.425333333333334,4.968333333333334,11.56,90.5,0.09000000000000001,-0.13333333333333333,-0.3566666666666667,NA,0.12,262.4,170.66666666666666,236.6,7.603333333333333,38.75012,-91.08145,206.13333333333333,990.6666666666666
274,2026-03-05,2026-03-05 11:13:24,21.526666666666667,4.967666666666666,11.56,90.5,0.14666666666666667,-0.11666666666666668,-0.3,NA,0.12333333333333334,262.53333333333336,171,236.6,7.61,38.75012,-91.08145,205.66666666666663,990.6666666666666
274,2026-03-05,2026-03-05 11:13:27,21.612333333333336,4.968666666666667,11.56,90.5,0.14666666666666667,-0.1,-0.07666666666666667,NA,0.12,262.46666666666664,171,236.6,7.61,38.75012,-91.08144,205.4,990.622222222222
274,2026-03-05,2026-03-05 11:13:30,21.708333333333332,4.968333333333334,11.56,90.5,0.14,-0.09,-0.23333333333333336,NA,0.12,262.3666666666667,171,236.7,7.606666666666667,38.75012,-91.08144,205.26666666666668,990.6666666666666
274,2026-03-05,2026-03-05 11:13:33,21.76,4.968,11.56,90.5,0.08,-0.11666666666666668,-0.11666666666666668,NA,0.12666666666666668,262.76666666666665,171,236.8,7.606666666666667,38.75012,-91.08144,205.16666666666663,990.6666666666666
274,2026-03-05,2026-03-05 11:13:36,21.825,4.964333333333333,11.56,90.5,0.05333333333333334,-0.11333333333333334,-0.18000000000000002,NA,0.12333333333333334,262.5,171,236.83333333333337,7.603333333333333,38.75012,-91.08144,205.36666666666667,990.6666666666666
274,2026-03-05,2026-03-05 11:13:39,21.921333333333333,4.955,11.56,90.5,0.6833333333333333,-0.08666666666666667,-0.06999999999999999,NA,0.12,262.53333333333336,171,236.9,7.6,38.75012,-91.08144,205.43333333333337,990.6666666666666
274,2026-03-05,2026-03-05 11:13:42,22.065,4.951333333333333,11.56,90.5,0.12,-0.1,-0.32,NA,0.12,262.4,171,237,7.6,38.75012,-91.08144,205.7,990.6666666666666
274,2026-03-05,2026-03-05 11:13:45,22.175,4.948,11.56,90.46666666666668,0.10333333333333332,-0.13333333333333333,-0.25333333333333335,NA,0.12,262.56666666666666,171,237,7.6,38.75011666666667,-91.08144,205.8,990.6666666666666
274,2026-03-05,2026-03-05 11:13:48,22.285333333333337,4.937666666666667,11.56,90.4,0.11666666666666668,-0.12,-0.22333333333333333,NA,0.13,262.76666666666665,171,237.1,7.6,38.75011,-91.08144,206.6,990.6666666666666
274,2026-03-05,2026-03-05 11:13:51,22.366666666666667,4.936333333333334,11.56,90.4,0.13333333333333333,-0.11333333333333331,-0.09666666666666666,NA,0.12333333333333334,262.6333333333333,171,237.13333333333333,7.6,38.75011,-91.08144,206.93333333333337,990.6666666666666
274,2026-03-05,2026-03-05 11:13:54,22.457,4.932333333333333,11.56,90.4,0.11,-0.11,-0.1366666666666667,NA,0.12666666666666668,262.6,171,237.23333333333332,7.6,38.75011,-91.08144,207.8,990.6666666666666
274,2026-03-05,2026-03-05 11:13:57,22.567333333333337,4.924333333333333,11.556666666666668,90.4,0.07,-0.14,-0.20333333333333337,NA,0.12333333333333334,262.6666666666667,171,237.3,7.6,38.75011,-91.08144,208.33333333333337,990.622222222222
274,2026-03-05,2026-03-05 11:14:00,22.676333333333332,4.918,11.56,90.4,0.09333333333333334,-0.12,-0.27666666666666667,NA,0.12666666666666668,262.7,171,237.4,7.6,38.75011,-91.08144,208.43333333333337,990.6666666666666
274,2026-03-05,2026-03-05 11:14:03,22.78,4.916333333333333,11.56,90.4,0.08666666666666667,-0.12333333333333334,-0.22333333333333333,NA,0.12333333333333334,262.6,171,237.5,7.6,38.75010666666667,-91.08144,208.9,990.6666666666666
274,2026-03-05,2026-03-05 11:14:06,22.855333333333338,4.910666666666667,11.56,90.33333333333331,0.28,-0.08333333333333333,-0.23666666666666664,NA,0.12,262.4,170.66666666666666,237.5,7.6,38.75011,-91.08144,208.5,990.6666666666666
274,2026-03-05,2026-03-05 11:14:09,22.981333333333332,4.904333333333333,11.56,90.4,0.07333333333333333,-0.11,-0.22666666666666663,NA,0.12666666666666668,262.6,171,237.56666666666663,7.6,38.75011,-91.08144,207.43333333333337,990.622222222222
274,2026-03-05,2026-03-05 11:14:12,23.107,4.898666666666666,11.56,90.3,0.09,-0.13333333333333333,-0.3566666666666667,NA,0.12333333333333334,262.6333333333333,171,237.6,7.6,38.75011,-91.08144,206.8,990.622222222222
274,2026-03-05,2026-03-05 11:14:15,23.202333333333335,4.894666666666667,11.56,90.33333333333331,0.09666666666666666,-0.12,-0.30333333333333334,NA,0.12333333333333334,262.6666666666667,171,237.73333333333332,7.6,38.75011,-91.08144,206.96666666666667,990.5777777777778
274,2026-03-05,2026-03-05 11:14:18,23.275,4.895,11.56,90.3,0.09666666666666666,-0.08333333333333333,-0.4033333333333334,NA,0.12333333333333334,262.6,171,237.8,7.6,38.75011,-91.08144,207.13333333333333,990.6666666666666
274,2026-03-05,2026-03-05 11:14:21,23.362,4.895333333333333,11.55,90.3,0.13,-0.12666666666666665,-0.18666666666666668,NA,0.12,262.5,171,237.9,7.6,38.75011,-91.08144,206.7,990.6666666666666
274,2026-03-05,2026-03-05 11:14:24,23.494666666666667,4.887666666666666,11.55,90.26666666666668,0.05,-0.12,1.5,NA,0.13,262.73333333333335,171,237.93333333333337,7.6,38.75011,-91.08144666666666,206.2,990.622222222222
274,2026-03-05,2026-03-05 11:14:27,23.59766666666667,4.879333333333333,11.546666666666669,90.2,0.06,-0.13666666666666666,-0.30333333333333334,NA,0.12666666666666668,262.7,171,238.06666666666663,7.6,38.75011,-91.08145,205.7,990.6666666666666
274,2026-03-05,2026-03-05 11:14:30,23.723,4.877666666666666,11.54,90.16666666666669,0.17666666666666667,-0.13333333333333333,-0.15,NA,0.12666666666666668,262.6666666666667,171,238.16666666666663,7.596666666666667,38.75011,-91.08145,205.76666666666665,990.6666666666666
274,2026-03-05,2026-03-05 11:14:33,23.855333333333338,4.878333333333333,11.533333333333331,90.06666666666666,0.29,-0.12,-0.19666666666666663,NA,0.12333333333333334,262.56666666666666,171,238.26666666666668,7.59,38.75011,-91.08145,205.93333333333337,990.6666666666666
274,2026-03-05,2026-03-05 11:14:36,23.915,4.878,11.52,89.96666666666667,0.5166666666666666,-0.07666666666666666,-0.27666666666666667,NA,0.12666666666666668,262.6666666666667,171,238.33333333333337,7.59,38.75011,-91.08145,205.53333333333333,990.6666666666666
274,2026-03-05,2026-03-05 11:14:39,23.981333333333335,4.8726666666666665,11.51,89.9,0.09666666666666666,-0.10666666666666667,-0.13,NA,0.13,262.9666666666667,171,238.43333333333337,7.59,38.75011,-91.08144333333334,205.76666666666668,990.6666666666666
274,2026-03-05,2026-03-05 11:14:42,24.016,4.872,11.5,89.8,0.09333333333333334,-0.13,0.06,NA,0.12666666666666668,262.8333333333333,171,238.5,7.59,38.75011,-91.08144,206.3,990.6666666666666
274,2026-03-05,2026-03-05 11:14:45,24.05,4.87,11.5,89.8,0.06,-0.12666666666666668,-0.03666666666666666,NA,0.13,262.8,171,238.6,7.59,38.75011,-91.08144,206.33333333333337,990.6666666666666
274,2026-03-05,2026-03-05 11:14:48,24.103,4.87,11.49,89.76666666666667,0.12666666666666668,-0.13,-0.25,NA,0.13,262.76666666666665,171,238.66666666666663,7.59,38.75011,-91.08144,206.76666666666668,990.6666666666666
274,2026-03-05,2026-03-05 11:14:51,24.188333333333333,4.87,11.483333333333334,89.7,0.18333333333333335,-0.12,-0.22333333333333333,NA,0.13,262.8333333333333,171,238.76666666666668,7.59,38.75011,-91.08144333333334,206.83333333333337,990.6666666666666
274,2026-03-05,2026-03-05 11:14:54,24.229333333333333,4.87,11.48,89.66666666666667,0.17,-0.1,-0.13666666666666666,NA,0.13,262.73333333333335,171,238.83333333333337,7.59,38.75011,-91.08144,207.33333333333337,990.6666666666666
274,2026-03-05,2026-03-05 11:14:57,24.270333333333333,4.869,11.476666666666668,89.6,0.11,-0.12666666666666668,-0.09,NA,0.12,262.5,171,238.9,7.59,38.75011,-91.08144,207.86666666666667,990.7111111111112
274,2026-03-05,2026-03-05 11:15:00,24.340666666666667,4.869,11.47,89.6,0.07666666666666666,-0.15,-0.22,NA,0.12333333333333334,262.6333333333333,171,238.96666666666667,7.583333333333333,38.7501,-91.08144,207.83333333333337,990.6666666666666
274,2026-03-05,2026-03-05 11:15:03,24.404,4.866333333333333,11.47,89.56666666666666,0.12,-0.09666666666666666,-0.17333333333333334,NA,0.12333333333333334,262.7,171,239,7.58,38.7501,-91.08144,207.66666666666663,990.6666666666666
274,2026-03-05,2026-03-05 11:15:06,24.433,4.865,11.47,89.53333333333333,0.22666666666666663,-0.12,-0.26333333333333336,NA,0.13,262.8,171,239.1,7.58,38.7501,-91.08144,206.83333333333337,990.6666666666666
274,2026-03-05,2026-03-05 11:15:09,24.479333333333333,4.865333333333333,11.463333333333336,89.53333333333333,0.07,-0.1,0.01333333333333333,NA,0.12666666666666668,262.7,171,239.16666666666663,7.58,38.7501,-91.08144,206.33333333333337,990.6666666666666
274,2026-03-05,2026-03-05 11:15:12,24.531,4.864,11.46,89.5,0.21666666666666667,-0.10333333333333332,-0.07666666666666667,NA,0.12,262.6,171,239.2,7.58,38.7501,-91.08144,206.46666666666667,990.6666666666666
274,2026-03-05,2026-03-05 11:15:15,24.584,4.861666666666667,11.46,89.5,0.15000000000000002,-0.11,0.03333333333333333,NA,0.12666666666666668,262.8333333333333,171,239.3,7.58,38.7501,-91.08144666666666,206.2,990.6666666666666
274,2026-03-05,2026-03-05 11:15:18,24.638,4.86,11.46,89.5,0.1,-0.08666666666666667,0.2733333333333333,NA,0.13,262.9,171,239.36666666666667,7.58,38.7501,-91.08144,206.13333333333333,990.6666666666666
274,2026-03-05,2026-03-05 11:15:21,24.690333333333335,4.860333333333333,11.46,89.5,0.09,-0.11,-0.11,NA,0.13,262.9666666666667,171,239.43333333333337,7.58,38.7501,-91.08144,206.26666666666668,990.6666666666666
274,2026-03-05,2026-03-05 11:15:24,24.749666666666663,4.858666666666667,11.46,89.5,0.07,-0.12,-0.14333333333333334,NA,0.12333333333333334,262.6666666666667,171,239.5,7.58,38.7501,-91.08144,206.5,990.6666666666666
274,2026-03-05,2026-03-05 11:15:27,24.802333333333333,4.8566666666666665,11.46,89.46666666666667,0.15333333333333332,-0.12,-0.36333333333333334,NA,0.12666666666666668,262.6666666666667,171,239.56666666666663,7.58,38.7501,-91.08144,206.83333333333337,990.6666666666666
274,2026-03-05,2026-03-05 11:15:30,24.835333333333335,4.855333333333333,11.453333333333331,89.4,0.09,-0.09,-0.22,NA,0.12333333333333334,262.6,171,239.6,7.58,38.7501,-91.08144,206.96666666666667,990.6666666666666
274,2026-03-05,2026-03-05 11:15:33,24.916,4.854333333333334,11.46,89.5,0.10333333333333332,-0.10333333333333332,0.8266666666666667,NA,0.13,262.93333333333334,171,239.7,7.58,38.7501,-91.08143666666666,207.63333333333333,990.6666666666666
274,2026-03-05,2026-03-05 11:15:36,24.944666666666667,4.854333333333334,11.46,89.5,0.08,-0.11666666666666668,-0.11333333333333334,NA,0.13,262.8333333333333,171,239.73333333333332,7.58,38.7501,-91.08143,208.16666666666663,990.6666666666666
274,2026-03-05,2026-03-05 11:15:39,24.987333333333332,4.8533333333333335,11.46,89.5,0.10666666666666666,-0.12666666666666668,-0.11333333333333334,NA,0.12,262.53333333333336,171,239.8,7.58,38.7501,-91.08143,208.3,990.6666666666666
274,2026-03-05,2026-03-05 11:15:42,25.042,4.854333333333334,11.46,89.5,0.16333333333333333,-0.12333333333333334,-0.11,NA,0.12333333333333334,262.6333333333333,171,239.86666666666667,7.58,38.7501,-91.08143,208.36666666666667,990.7111111111112
274,2026-03-05,2026-03-05 11:15:45,25.141333333333332,4.859,11.46,89.5,0.09666666666666666,-0.13333333333333333,-0.05,NA,0.13,262.8333333333333,171,239.9,7.58,38.7501,-91.08142,208.33333333333337,990.6666666666666
274,2026-03-05,2026-03-05 11:15:48,25.162333333333333,4.860333333333333,11.46,89.5,0.09666666666666666,-0.13,-0.05,NA,0.12333333333333334,262.6666666666667,171,239.96666666666667,7.58,38.7501,-91.08142,208.26666666666668,990.6666666666666
274,2026-03-05,2026-03-05 11:15:51,25.207,4.86,11.46,89.5,0.09333333333333334,-0.11333333333333331,-0.18333333333333335,NA,0.12333333333333334,262.6333333333333,171,240,7.58,38.7501,-91.08142,208.13333333333333,990.6666666666666
274,2026-03-05,2026-03-05 11:15:54,25.24866666666667,4.860666666666667,11.46,89.5,0.07333333333333333,-0.12,0.14333333333333334,NA,0.12333333333333334,262.6,171,240.1,7.58,38.7501,-91.08142333333332,207.96666666666667,990.6666666666666
274,2026-03-05,2026-03-05 11:15:57,25.305,4.86,11.46,89.5,0.1,-0.13,-0.12,NA,0.12,262.53333333333336,171,240.13333333333333,7.58,38.7501,-91.08143,207.6,990.6666666666666
274,2026-03-05,2026-03-05 11:16:00,25.334666666666667,4.858666666666666,11.46,89.46666666666667,0.18333333333333332,-0.09000000000000001,0.9633333333333334,NA,0.12666666666666668,262.6333333333333,171,240.2,7.58,38.7501,-91.08143,207.63333333333333,990.6666666666666
274,2026-03-05,2026-03-05 11:16:03,25.380333333333333,4.855333333333333,11.46,89.5,0.20333333333333337,-0.10666666666666667,-0.1,NA,0.13,262.8666666666667,171,240.26666666666668,7.58,38.7501,-91.08143,207.56666666666663,990.6666666666666
274,2026-03-05,2026-03-05 11:16:06,25.46666666666667,4.854666666666667,11.46,89.5,0.12666666666666668,-0.11,0.3066666666666667,NA,0.12666666666666668,262.6666666666667,171,240.33333333333337,7.58,38.7501,-91.08143,207.63333333333333,990.7111111111112
274,2026-03-05,2026-03-05 11:16:09,25.525333333333332,4.852666666666667,11.46,89.43333333333334,0.13,-0.10333333333333332,0.18666666666666665,NA,0.12333333333333334,262.6666666666667,171,240.4,7.58,38.750103333333335,-91.08143,207.73333333333332,990.6666666666666
274,2026-03-05,2026-03-05 11:16:12,25.581666666666667,4.852333333333333,11.46,89.46666666666667,0.06333333333333334,-0.14,-0.38666666666666666,NA,0.12666666666666668,262.73333333333335,171,240.46666666666667,7.576666666666667,38.75010666666667,-91.08143,207.93333333333337,990.7111111111112
274,2026-04-24,2026-04-24 11:45:06,0.02499999999999999,19.765,9.696666666666667,106.2,0.12,0.07333333333333333,-0.2633333333333333,NA,0.12,260.23333333333335,169,246.3,NA,38.75017,-91.08147,209.96666666666667,983.2
274,2026-04-24,2026-04-24 11:45:09,0.13799999999999998,19.752666666666663,9.77,107,0.11333333333333331,0.06,-0.2066666666666667,NA,0.12,260.3,169,245.8,NA,38.75017,-91.08147,209.4,983.3333333333334
274,2026-04-24,2026-04-24 11:45:12,0.249,19.744666666666667,9.816666666666666,107.5,0.12666666666666668,0.07333333333333333,-0.32333333333333336,NA,0.12,260.23333333333335,169,245.53333333333333,NA,38.75017,-91.08147,209.23333333333335,983.2
274,2026-04-24,2026-04-24 11:45:15,0.387,19.716666666666665,9.85,107.8,0.14666666666666667,0.06666666666666667,-0.17333333333333334,NA,0.12,260.3333333333333,169,245.3,NA,38.75017,-91.08147,209.13333333333333,983.2444444444444
274,2026-04-24,2026-04-24 11:45:18,0.45666666666666667,19.701,9.88,108.1,0.16,0.03,-0.19666666666666663,NA,0.12,260.6333333333333,169,245.06666666666663,NA,38.75017,-91.08147,208.9,983.2444444444444
274,2026-04-24,2026-04-24 11:45:21,0.5196666666666667,19.692666666666668,9.8966666666666665,108.23333333333332,0.15,0.06,-0.14666666666666667,NA,0.12,260.6333333333333,169,244.76666666666668,NA,38.75017,-91.08147,208.93333333333337,983.3333333333334
274,2026-04-24,2026-04-24 11:45:24,0.595,19.653666666666663,9.92,108.46666666666668,0.16333333333333333,0.03,-0.18,NA,0.12,260.6666666666667,169,244.6,NA,38.750166666666665,-91.08147,208.63333333333333,983.2888888888888
274,2026-04-24,2026-04-24 11:45:27,0.6603333333333333,19.606,9.943333333333332,108.6,0.14,0.04666666666666667,-0.3333333333333333,NA,0.12,260.43333333333334,169,244.43333333333337,NA,38.75016,-91.08147,208.26666666666668,983.2888888888888
274,2026-04-24,2026-04-24 11:45:30,0.767,19.560333333333332,9.96,108.66666666666669,0.15333333333333335,0.04666666666666667,-0.4066666666666667,NA,0.12,260.2,169,244.16666666666663,NA,38.75016,-91.08147,208.03333333333333,983.2888888888888
274,2026-04-24,2026-04-24 11:45:33,0.8596666666666667,19.534333333333333,9.976666666666668,108.8,0.15,0.05666666666666667,-0.23,NA,0.12,259.93333333333334,169,244.03333333333333,NA,38.75016333333333,-91.08147,207.76666666666665,983.2444444444444
274,2026-04-24,2026-04-24 11:45:36,0.9553333333333334,19.498333333333335,9.986666666666666,108.86666666666667,0.17,0.07666666666666666,-0.26,NA,0.12,259.96666666666664,169,243.9,NA,38.75016,-91.08147,207.46666666666667,983.2444444444444
274,2026-04-24,2026-04-24 11:45:39,1.0533333333333332,19.476666666666667,10,108.9,0.13333333333333333,0.06666666666666667,-0.18,NA,0.12,260,169,243.66666666666663,NA,38.75016,-91.08147,207.36666666666667,983.3333333333334
274,2026-04-24,2026-04-24 11:45:42,1.1503333333333334,19.467333333333332,10.01,109,0.16333333333333333,0.06333333333333334,-0.19333333333333333,NA,0.12,259.9666666666667,169,243.53333333333333,NA,38.75016,-91.08146666666669,207.36666666666667,983.377777777778
274,2026-04-24,2026-04-24 11:45:45,1.2313333333333334,19.467666666666663,10.016666666666666,109.06666666666666,0.16,0.07666666666666667,-0.21666666666666667,NA,0.12,259.9,169,243.36666666666667,NA,38.75016,-91.08146,207.3,983.2888888888888
274,2026-04-24,2026-04-24 11:45:48,1.3086666666666666,19.455,10.016666666666666,109.06666666666666,0.14,0.05333333333333334,-0.32666666666666666,NA,0.12,259.9,169,243.2,NA,38.75016,-91.08146,207.16666666666663,983.2444444444444
274,2026-04-24,2026-04-24 11:45:51,1.3683333333333334,19.439666666666668,10.023333333333332,109.1,0.16666666666666669,0.04,-0.16,NA,0.12,259.8666666666667,169,243.03333333333333,NA,38.75016,-91.08146,206.86666666666667,983.2888888888888
274,2026-04-24,2026-04-24 11:45:54,1.4363333333333332,19.431666666666665,10.03,109.13333333333333,0.19666666666666663,0.06333333333333334,-0.16,NA,0.12,259.9,169,242.86666666666667,NA,38.75016,-91.08146,206.56666666666663,983.3333333333334
274,2026-04-24,2026-04-24 11:45:57,1.5586666666666666,19.436,10.03,109.2,0.17333333333333334,0.04666666666666667,-0.14333333333333334,NA,0.12,259.76666666666665,169,242.66666666666663,NA,38.75016,-91.08146,206.43333333333337,983.2888888888888
274,2026-04-24,2026-04-24 11:46:00,1.641,19.426,10.033333333333331,109.16666666666669,0.17666666666666667,0.02,-0.15,NA,0.12,259.6666666666667,169,242.53333333333333,NA,38.75016,-91.08146,206.36666666666667,983.2
274,2026-04-24,2026-04-24 11:46:03,1.7086666666666668,19.417333333333335,10.036666666666664,109.2,0.16333333333333333,0.06333333333333334,-0.11333333333333334,NA,0.12,259.8,169,242.36666666666667,NA,38.75016,-91.08146,206.3,983.377777777778
274,2026-04-24,2026-04-24 11:46:06,1.801,19.41,10.04,109.2,0.19333333333333333,0.06666666666666667,-0.15333333333333335,NA,0.12,259.8,169,242.2,NA,38.75017,-91.08146,206.26666666666668,983.2888888888888
274,2026-04-24,2026-04-24 11:46:09,1.895,19.404,10.04,109.2,0.20333333333333337,0.06,-0.24666666666666667,NA,0.12,259.6666666666667,169,242.13333333333333,NA,38.75017,-91.08146666666669,206.26666666666668,983.2888888888888
274,2026-04-24,2026-04-24 11:46:12,1.9853333333333336,19.403666666666663,10.043333333333331,109.23333333333332,0.2,0.04333333333333333,-0.23333333333333336,NA,0.12,259.6333333333333,169,242.03333333333333,NA,38.75017,-91.08147,206.26666666666668,983.3777777777776
274,2026-04-24,2026-04-24 11:46:15,2.109,19.398,10.05,109.3,0.22333333333333333,0.04666666666666667,-0.06,NA,0.12,259.6333333333333,169,242.1,NA,38.75017,-91.08147,206.3,983.4222222222222
274,2026-04-24,2026-04-24 11:46:18,2.2173333333333334,19.392666666666667,10.06,109.3,0.24333333333333337,0.04666666666666667,-0.11333333333333334,NA,0.12,259.6666666666667,169,242.2,NA,38.75017,-91.08147,206.3,983.2
274,2026-04-24,2026-04-24 11:46:21,2.365666666666667,19.385,10.06,109.3,0.21666666666666667,0.04666666666666667,-0.13,NA,0.12,259.73333333333335,169,242.2,NA,38.75017333333333,-91.08147666666666,206.2,983.3333333333334
274,2026-04-24,2026-04-24 11:46:24,2.4843333333333333,19.386666666666667,10.053333333333336,109.3,0.24666666666666667,0.03666666666666667,-0.09333333333333334,NA,0.12,259.6,169,242.1,NA,38.75018,-91.08148,206.06666666666663,983.3333333333334
274,2026-04-24,2026-04-24 11:46:27,2.5773333333333333,19.389333333333333,10.06,109.4,0.22333333333333333,0.01,-0.2733333333333333,NA,0.12,259.6666666666667,169,242.2,NA,38.75018,-91.08148333333334,206.16666666666663,983.377777777778
274,2026-04-24,2026-04-24 11:46:30,2.7023333333333333,19.38,10.06,109.4,0.21666666666666667,0.02333333333333333,-0.25,NA,0.12,259.6333333333333,169,242.16666666666663,NA,38.75018,-91.08149,206.36666666666667,983.3333333333334
274,2026-04-24,2026-04-24 11:46:33,2.808,19.375666666666667,10.06,109.4,0.19333333333333333,0.05333333333333334,-0.16333333333333333,NA,0.12,259.8,169,242.13333333333333,NA,38.75018,-91.08149333333334,206.56666666666663,983.3333333333334
274,2026-04-24,2026-04-24 11:46:36,2.911666666666666,19.369,10.07,109.4,0.2733333333333333,0.06333333333333334,-0.18666666666666668,NA,0.12,259.8666666666667,169,242.1,NA,38.75018,-91.0815,206.7,983.2444444444444
274,2026-04-24,2026-04-24 11:46:39,3.006333333333333,19.358333333333334,10.07,109.43333333333334,0.21,0.04333333333333333,-0.1366666666666667,NA,0.12,259.6666666666667,169,242.06666666666663,NA,38.75018,-91.0815,206.63333333333333,983.377777777778
274,2026-04-24,2026-04-24 11:46:42,3.110666666666667,19.354666666666667,10.07,109.43333333333334,0.26,0.07333333333333333,-0.00666666666666666,NA,0.12,259.73333333333335,169,242.03333333333333,NA,38.75018,-91.0815,206.8,983.2444444444444
274,2026-04-24,2026-04-24 11:46:45,3.2270000000000003,19.354,10.08,109.5,0.22333333333333333,0.07,0.09666666666666668,NA,0.12,259.8333333333333,169,242.1,NA,38.75018,-91.0815,206.9,983.377777777778
274,2026-04-24,2026-04-24 11:46:48,3.319,19.337333333333333,10.086666666666666,109.53333333333332,0.30333333333333334,0.05666666666666667,-0.06333333333333334,NA,0.12,259.8333333333333,169,242.03333333333333,NA,38.75018,-91.08150666666668,206.96666666666667,983.2888888888888
274,2026-04-24,2026-04-24 11:46:51,3.3723333333333336,19.326333333333334,10.093333333333334,109.6,0.22666666666666668,0.02666666666666667,0.04999999999999999,NA,0.12,259.8666666666667,169,241.9,NA,38.75018,-91.08151,206.96666666666667,983.377777777778
274,2026-04-24,2026-04-24 11:46:54,3.4713333333333334,19.326666666666668,10.1,109.63333333333333,0.32666666666666666,0.02,0.11333333333333334,NA,0.12,260,169,241.76666666666668,NA,38.75018,-91.08151,207.06666666666663,983.377777777778
274,2026-04-24,2026-04-24 11:46:57,3.5673333333333335,19.308333333333337,10.106666666666666,109.7,0.3,0.01666666666666666,0.04666666666666667,NA,0.12,259.96666666666664,169,241.7,NA,38.75018,-91.08151,207.2,983.3333333333334
274,2026-04-24,2026-04-24 11:47:00,3.6613333333333338,19.28,10.12,109.76666666666668,0.42,0.02,-0.00999999999999999,NA,0.12,260.1333333333333,169,241.66666666666663,NA,38.75018,-91.08152,207.23333333333332,983.377777777778
274,2026-04-24,2026-04-24 11:47:03,3.7816666666666663,19.265666666666668,10.133333333333336,109.93333333333334,0.27999999999999997,0.03,0.07,NA,0.12,260.03333333333336,169,241.56666666666663,NA,38.75018,-91.08151666666666,207.23333333333332,983.2888888888888
274,2026-04-24,2026-04-24 11:47:06,3.881666666666667,19.255333333333333,10.153333333333334,110.06666666666666,0.27,0.04666666666666667,0.10333333333333336,NA,0.12,260.1333333333333,169,241.46666666666667,NA,38.75018,-91.08151,207.03333333333333,983.3333333333334
274,2026-04-24,2026-04-24 11:47:09,3.995,19.241333333333333,10.166666666666666,110.23333333333332,0.22333333333333333,0.04,0.12333333333333334,NA,0.12,260.26666666666665,169,241.36666666666667,NA,38.75018,-91.08151,206.93333333333337,983.2444444444444
274,2026-04-24,2026-04-24 11:47:12,4.109,19.22566666666667,10.186666666666666,110.43333333333334,0.31333333333333335,0.03666666666666667,0.08,NA,0.12,260.4,169,241.3,NA,38.75018,-91.08151,206.83333333333337,983.2888888888888
274,2026-04-24,2026-04-24 11:47:15,4.229,19.197666666666667,10.196666666666664,110.4,0.42333333333333334,0.04666666666666667,0.22,NA,0.12,260.3333333333333,169,241.2,NA,38.75018,-91.08151,206.8,983.3333333333334
274,2026-04-24,2026-04-24 11:47:18,4.3196666666666665,19.186666666666667,10.206666666666669,110.5,0.2733333333333333,0.05333333333333334,0.29666666666666663,NA,0.12,260.2,169,241.1,NA,38.75018,-91.08151,206.9,983.377777777778
274,2026-04-24,2026-04-24 11:47:21,4.4366666666666665,19.18,10.21,110.5,0.32666666666666666,0.03666666666666667,0.43,NA,0.12,260.3,169,241.1,NA,38.75018,-91.08151,207.26666666666668,983.4222222222222
274,2026-04-24,2026-04-24 11:47:24,4.554,19.153,10.223333333333334,110.6,0.3333333333333333,0.03666666666666667,0.4866666666666667,NA,0.12,260.3,169,241.03333333333333,NA,38.75018,-91.08151,207.6,983.3333333333334
274,2026-04-24,2026-04-24 11:47:27,4.641333333333333,19.15,10.236666666666666,110.76666666666668,0.35333333333333333,0.03666666666666667,0.12333333333333334,NA,0.12,260.3333333333333,169,241,NA,38.75018,-91.08151,207.76666666666668,983.2888888888888
274,2026-04-24,2026-04-24 11:47:30,4.730333333333333,19.110666666666667,10.223333333333334,110.56666666666666,0.2833333333333333,0.01666666666666666,0.05000000000000001,NA,0.12,260.4666666666667,169,240.93333333333337,NA,38.75018,-91.08151,207.83333333333337,983.377777777778
274,2026-04-24,2026-04-24 11:47:33,4.812,18.953666666666667,10.256666666666666,110.6,0.42,0.05,0.16333333333333333,NA,0.12,261.06666666666666,170,240.86666666666667,NA,38.75018,-91.08151,207.73333333333332,983.4222222222222
274,2026-04-24,2026-04-24 11:47:36,4.885666666666666,18.939666666666668,10.28,110.73333333333332,0.32,0.05333333333333334,0.35666666666666663,NA,0.12,261.06666666666666,170,240.8,NA,38.75018,-91.08151,207.53333333333333,983.2888888888888
274,2026-04-24,2026-04-24 11:47:39,4.9656666666666665,18.905333333333335,10.29,110.8,0.36333333333333334,0.02666666666666666,0.2733333333333334,NA,0.12,260.93333333333334,169.66666666666666,240.8,NA,38.75018,-91.08151,207.5,983.3333333333334
274,2026-04-24,2026-04-24 11:47:42,5.0826666666666664,18.788666666666668,10.293333333333331,110.63333333333333,0.35333333333333333,0.01,0.45666666666666667,NA,0.12,260.9,169.66666666666666,240.8,NA,38.75018,-91.08151,207.53333333333333,983.3333333333334
274,2026-04-24,2026-04-24 11:47:45,5.164,18.629,10.316666666666666,110.6,0.2866666666666667,0.07666666666666667,0.15333333333333332,NA,0.12,261.3333333333333,169.66666666666666,240.8,NA,38.75018,-91.08151,207.4,983.377777777778
274,2026-04-24,2026-04-24 11:47:48,5.249,18.382,10.406666666666666,110.86666666666667,0.39,0.04666666666666667,0.02666666666666667,NA,0.12,262.2,170.33333333333334,240.86666666666667,NA,38.75018,-91.08151,207.3,983.2888888888888
274,2026-04-24,2026-04-24 11:47:51,5.3180000000000005,18.289,10.423333333333334,110.9,0.29333333333333333,0.03666666666666667,0.19666666666666668,NA,0.12,262.2,170,240.96666666666667,NA,38.75018,-91.08152,207.13333333333333,983.2888888888888
274,2026-04-24,2026-04-24 11:47:54,5.359333333333333,18.047333333333334,10.46,110.8,0.31,0.04999999999999999,0.43666666666666665,NA,0.13,262.8666666666667,171,240.9,NA,38.75018,-91.08152,206.93333333333337,983.377777777778
274,2026-04-24,2026-04-24 11:47:57,5.434333333333333,17.719666666666665,10.52,110.7,0.30666666666666664,0.03666666666666667,0.24,NA,0.13,263.59999999999997,171,241.2,NA,38.75018,-91.08152666666666,206.93333333333337,983.2888888888888
274,2026-04-24,2026-04-24 11:48:00,5.513999999999999,17.407666666666668,10.563333333333334,110.36666666666666,0.31,0.04333333333333333,0.15,NA,0.13,264.1666666666667,171.66666666666666,241.6,NA,38.75018,-91.08153,206.93333333333337,983.2888888888888
274,2026-04-24,2026-04-24 11:48:03,5.604333333333334,17.233,10.51,109.53333333333332,0.41,0.04,0.03333333333333333,NA,0.13,263.5,171.33333333333334,241.73333333333332,NA,38.75018,-91.08153,206.96666666666667,983.377777777778
274,2026-04-24,2026-04-24 11:48:06,5.682333333333333,16.809666666666665,10.613333333333332,109.43333333333334,0.35333333333333333,0.02666666666666666,0.6066666666666667,NA,0.13,264.53333333333336,172,242.06666666666663,NA,38.75018,-91.08153,207.33333333333337,983.377777777778
274,2026-04-24,2026-04-24 11:48:09,5.778333333333333,16.609,10.65,109.5,0.25666666666666665,0.05666666666666667,0.14333333333333334,NA,0.13,264.3333333333333,172,242.2,NA,38.75018,-91.08153333333334,207.83333333333337,983.377777777778
274,2026-04-24,2026-04-24 11:48:12,5.882666666666666,16.462,10.683333333333334,109.43333333333334,0.3466666666666667,0.05666666666666667,0.55,NA,0.13,264.3,172,242.43333333333337,NA,38.75018,-91.08154,208.23333333333335,983.377777777778
274,2026-04-24,2026-04-24 11:48:15,5.993,16.285666666666668,10.65,108.73333333333332,0.4066666666666667,0.04,0.2,NA,0.13,264.03333333333336,171.33333333333334,242.63333333333333,NA,38.75018,-91.08154,208.23333333333332,983.3333333333334
274,2026-04-24,2026-04-24 11:48:18,6.075,15.969333333333331,10.703333333333331,108.53333333333332,0.41,0.02666666666666666,0.44,NA,0.13,265.3666666666667,172.66666666666666,243,NA,38.75018,-91.08154,208.03333333333333,983.3333333333334
274,2026-04-24,2026-04-24 11:48:21,6.146333333333334,15.914,10.65,107.8,0.31,0.00666666666666666,0.6466666666666666,NA,0.13,265.2,172,243.2,NA,38.75018,-91.08154,207.8,983.2888888888888
274,2026-04-24,2026-04-24 11:48:24,6.257666666666666,15.679,10.646666666666668,107.3,0.45,-0.01333333333333333,0.05999999999999999,NA,0.13,266.2,173,243.5,NA,38.75018,-91.08154,207.73333333333332,983.377777777778
274,2026-04-24,2026-04-24 11:48:27,6.3693333333333335,15.403,10.593333333333334,106.1,0.46,0.02,0.11333333333333334,NA,0.13,266.93333333333334,173.33333333333334,243.9,NA,38.75018,-91.08154,207.6,983.3333333333334
274,2026-04-24,2026-04-24 11:48:30,6.506333333333333,14.694333333333333,10.66,105.33333333333331,0.42666666666666664,0.03,0.2733333333333333,NA,0.13,265.2,172.33333333333334,244.76666666666668,NA,38.75018,-91.08154,207.43333333333337,983.377777777778
274,2026-04-24,2026-04-24 11:48:33,6.64,14.375333333333334,10.696666666666664,104.73333333333332,0.33,0.03333333333333333,0.21,NA,0.13,265.3,172,245.2,NA,38.75018,-91.08154,207.33333333333337,983.377777777778
274,2026-04-24,2026-04-24 11:48:36,6.761,14.021,10.76,104.7,0.39,0.03333333333333333,0.17666666666666667,NA,0.13,267.1666666666667,173.66666666666666,245.46666666666667,NA,38.75018,-91.08154,207.13333333333333,983.4222222222222
274,2026-04-24,2026-04-24 11:48:39,6.847333333333333,13.678333333333333,10.763333333333334,103.8,0.26666666666666666,-0.02333333333333333,0.13333333333333333,NA,0.13,268.8,174.66666666666666,245.66666666666663,NA,38.75018,-91.08154,206.83333333333337,983.3333333333334
274,2026-04-24,2026-04-24 11:48:42,6.931,13.698,10.64,102.6,0.44,-0.00666666666666666,0.87,NA,0.13,267.3666666666667,174,245.9,NA,38.75018,-91.08154,206.7,983.3333333333334
274,2026-04-24,2026-04-24 11:48:45,6.995666666666667,13.220333333333333,10.52,100.7,0.4033333333333333,-0.01,1.25,NA,0.13,269.93333333333334,175.33333333333334,246.23333333333332,NA,38.75018,-91.08154,206.73333333333332,983.3777777777776
274,2026-04-24,2026-04-24 11:48:48,7.094333333333333,12.109333333333334,10.756666666666666,100.4,0.51,-0.00666666666666666,0.6566666666666666,NA,0.13,273.90000000000003,178,247.03333333333333,NA,38.75018,-91.08154,206.86666666666667,983.377777777778
274,2026-04-24,2026-04-24 11:48:51,7.191,11.841666666666669,10.876666666666669,100.66666666666669,0.44333333333333336,0.00333333333333333,0.9166666666666666,NA,0.13,271.2,176.33333333333334,247.76666666666668,NA,38.75018,-91.08154,206.73333333333332,983.377777777778
274,2026-04-24,2026-04-24 11:48:54,7.285,11.841,10.85,100.33333333333331,0.4866666666666667,0.03333333333333333,0.9466666666666668,NA,0.13,269.9,175.66666666666666,248.03333333333333,NA,38.75018,-91.08153,206.46666666666667,983.2888888888888
274,2026-04-24,2026-04-24 11:48:57,7.376,11.764333333333331,10.82,100,0.43,0.03,0.78,NA,0.13,267.9,174,248.16666666666663,NA,38.75017333333333,-91.08153,206.4,983.4222222222222
274,2026-04-24,2026-04-24 11:49:00,7.469666666666667,11.723,10.8,99.7,0.41,-0.01,0.8733333333333334,NA,0.13,266.73333333333335,173.33333333333334,248.36666666666667,NA,38.75017,-91.08153,206.53333333333333,983.2888888888888
274,2026-04-24,2026-04-24 11:49:03,7.602666666666667,11.439333333333334,10.833333333333334,99.43333333333334,0.4,0,0.75,NA,0.13,267.1,173.66666666666666,248.5,NA,38.75017,-91.08153,206.76666666666668,983.3333333333334
274,2026-04-24,2026-04-24 11:49:06,7.689333333333334,11.339333333333332,10.873333333333331,99.4,0.5966666666666667,0.01666666666666666,1.1766666666666663,NA,0.13,266.8666666666667,173.33333333333334,248.73333333333335,NA,38.75017,-91.08152666666666,206.86666666666667,983.377777777778
274,2026-04-24,2026-04-24 11:49:09,7.769333333333333,11.266333333333334,10.84,99.03333333333332,0.72,0.02666666666666666,1.3333333333333333,NA,0.13,267.1666666666667,173.66666666666666,248.93333333333337,NA,38.75017,-91.08152,206.93333333333337,983.2888888888888
274,2026-04-24,2026-04-24 11:49:12,7.834,10.779,10.893333333333334,98.46666666666668,0.6066666666666667,-0.00666666666666666,1.4833333333333334,NA,0.13,270.0333333333333,175.33333333333334,249.26666666666668,NA,38.75017,-91.08152,207,983.377777777778
274,2026-04-24,2026-04-24 11:49:15,7.919,10.485666666666669,10.87,97.73333333333332,0.6833333333333333,0.02,1.11,NA,0.13,269.0333333333333,174.66666666666666,249.63333333333333,NA,38.75017,-91.08152,207,983.2888888888888
274,2026-04-24,2026-04-24 11:49:18,8.097333333333333,10.076333333333332,11.03,98.03333333333332,0.4666666666666667,-0.02666666666666667,0.75,NA,0.13,268.1,174,250.06666666666663,NA,38.75017,-91.08152,207.13333333333333,983.377777777778
274,2026-04-24,2026-04-24 11:49:21,8.253666666666666,9.931666666666668,11.096666666666666,98.3,0.42333333333333334,0.01,0.7266666666666667,NA,0.13,267.56666666666666,174,250.43333333333337,NA,38.75017,-91.08151666666666,207.23333333333332,983.3333333333334
274,2026-04-24,2026-04-24 11:49:24,8.357000000000001,9.829333333333333,11.116666666666664,98.16666666666669,0.38333333333333336,-0.01333333333333333,0.14,NA,0.13,267.3666666666667,174,250.76666666666668,NA,38.75017,-91.08151,207.3,983.2888888888888
274,2026-04-24,2026-04-24 11:49:27,8.442666666666666,9.744333333333334,11.126666666666669,98.1,0.4,-0.03,0.6933333333333334,NA,0.13,267.3,174,250.96666666666667,NA,38.75017,-91.08151,207.13333333333333,983.2888888888888
274,2026-04-24,2026-04-24 11:49:30,8.549,9.531666666666666,11.14,97.76666666666668,0.4033333333333333,0,0.9133333333333332,NA,0.13,267.1666666666667,173.66666666666666,251.16666666666663,NA,38.75017,-91.08151,206.83333333333337,983.2
274,2026-04-24,2026-04-24 11:49:33,8.652666666666667,9.435333333333332,11.17,97.73333333333332,0.37,-0.01333333333333333,0.54,NA,0.13,266.76666666666665,173.33333333333334,251.33333333333337,NA,38.75017,-91.08151,206.4,983.2888888888888
274,2026-04-24,2026-04-24 11:49:36,8.719333333333333,9.361666666666666,11.2,97.8,0.37666666666666665,0.01333333333333333,0.3466666666666667,NA,0.13,267.1333333333333,173.66666666666666,251.46666666666667,NA,38.75017,-91.08151666666666,205.96666666666667,983.2444444444444
274,2026-04-24,2026-04-24 11:49:39,8.779,9.37,11.16,97.53333333333332,0.3833333333333333,0.00333333333333333,0.22666666666666668,NA,0.13,266.26666666666665,173,251.6,NA,38.75017,-91.08152,205.66666666666663,983.2888888888888
274,2026-04-24,2026-04-24 11:49:42,8.854666666666667,9.27,11.163333333333334,97.26666666666668,0.4133333333333334,-0.02,0.5700000000000001,NA,0.13,266.9,173.66666666666666,251.8,13.82,38.75017,-91.08152,205.56666666666663,983.377777777778
274,2026-04-24,2026-04-24 11:49:45,8.931333333333333,9.042333333333334,11.186666666666666,97.06666666666666,0.6533333333333333,0,0.78,NA,0.13,267.76666666666665,174,252.06666666666663,13.6,38.75017,-91.08152,205.63333333333333,983.2444444444444
274,2026-04-24,2026-04-24 11:49:48,9.045,8.870666666666667,11.183333333333334,96.5,0.6133333333333333,-0.02333333333333333,0.8966666666666667,NA,0.13,266.6,173.33333333333334,252.46666666666667,13.4,38.75017,-91.08152,205.46666666666667,983.2888888888888
274,2026-04-24,2026-04-24 11:49:51,9.123666666666669,8.595666666666666,11.206666666666669,96.26666666666668,0.4966666666666667,-0.03666666666666667,0.6866666666666666,NA,0.13,267.53333333333336,174,252.6,13.206666666666669,38.75017,-91.08152,205.23333333333332,983.2
274,2026-04-24,2026-04-24 11:49:54,9.220666666666666,8.465666666666667,11.213333333333331,95.83333333333331,0.43333333333333335,-0.01,0.53,NA,0.13,267.1666666666667,174,252.8,13.043333333333331,38.75017,-91.08152,205.13333333333333,983.2888888888888
274,2026-04-24,2026-04-24 11:49:57,9.284666666666666,8.429666666666666,11.136666666666668,95.06666666666666,0.32666666666666666,-0.03333333333333333,0.6433333333333333,NA,0.13,267.06666666666666,173.66666666666666,253.1,12.89,38.75017,-91.08152,205.16666666666663,983.3333333333334
274,2026-04-24,2026-04-24 11:50:00,9.361333333333333,8.456,11.066666666666666,94.53333333333332,0.31666666666666665,-0.05,0.5533333333333333,NA,0.13,266.03333333333336,173,253.4,12.74,38.75017,-91.08152,205.5,983.3333333333334
274,2026-04-24,2026-04-24 11:50:03,9.42,8.446666666666667,11.02,94.13333333333333,0.32333333333333336,-0.07666666666666667,0.61,NA,0.13,265.73333333333335,173,253.53333333333333,12.603333333333332,38.75017,-91.08152,205.6,983.3333333333334
274,2026-04-24,2026-04-24 11:50:06,9.501666666666669,8.299666666666667,11.006666666666666,93.76666666666668,0.2733333333333333,-0.05,0.6566666666666667,NA,0.13,266.1666666666667,173,253.7,12.476666666666668,38.75017,-91.08152,205.56666666666663,983.3333333333334
274,2026-04-24,2026-04-24 11:50:09,9.579333333333333,8.182666666666666,10.963333333333331,93.13333333333333,0.32333333333333336,-0.02666666666666666,0.4666666666666667,NA,0.13,266.8666666666667,173.33333333333334,254,12.35,38.75017,-91.08152,205.46666666666667,983.3333333333334
274,2026-04-24,2026-04-24 11:50:12,9.685,8.058666666666667,10.956666666666669,92.7,0.3333333333333333,-0.04,0.4733333333333334,NA,0.13,266.56666666666666,173,254.2,12.236666666666666,38.75018,-91.08152,205.33333333333337,983.2444444444444
274,2026-04-24,2026-04-24 11:50:15,9.785,8.007333333333333,10.903333333333334,92.16666666666669,0.37333333333333335,-0.04666666666666666,0.34,NA,0.13,266.3,173,254.43333333333337,12.13,38.75018,-91.08152,205.23333333333332,983.2
274,2026-04-24,2026-04-24 11:50:18,9.894666666666668,7.941666666666666,10.836666666666666,91.46666666666668,0.29000000000000004,-0.04333333333333333,0.42,NA,0.13,265.3666666666667,172.33333333333334,254.76666666666668,12.023333333333332,38.75018,-91.08151,205.13333333333333,983.2
274,2026-04-24,2026-04-24 11:50:21,10.024,7.814333333333333,10.8,90.9,0.2866666666666667,-0.05666666666666666,0.42666666666666664,NA,0.13,265.8666666666667,173,255,11.93,38.75018,-91.08151,205.06666666666663,983.2444444444444
274,2026-04-24,2026-04-24 11:50:24,10.121,7.738666666666667,10.736666666666666,90.16666666666669,0.34,-0.02666666666666667,0.57,NA,0.13,265.93333333333334,173,255.2,11.836666666666666,38.75018,-91.08151,205.13333333333333,983.2444444444444
274,2026-04-24,2026-04-24 11:50:27,10.211333333333332,7.610666666666667,10.676666666666666,89.36666666666666,0.36666666666666664,-0.03666666666666667,0.4633333333333333,NA,0.13,266.23333333333335,173,255.43333333333337,11.746666666666666,38.75018,-91.08150666666668,205.16666666666663,983.2888888888888
274,2026-04-24,2026-04-24 11:50:30,10.291,7.526333333333333,10.62,88.7,0.36666666666666664,-0.06333333333333332,0.3466666666666667,NA,0.13,266.5333333333333,173,255.7,11.66,38.75018,-91.0815,205.16666666666663,983.2444444444444
274,2026-04-24,2026-04-24 11:50:33,10.382666666666667,7.513333333333334,10.536666666666669,88,0.31666666666666665,-0.03666666666666667,0.15333333333333332,NA,0.13,266.56666666666666,173,255.93333333333337,11.573333333333334,38.75018,-91.0815,205.26666666666668,983.2888888888888
274,2026-04-24,2026-04-24 11:50:36,10.487333333333334,7.471,10.456666666666669,87.23333333333333,0.32,-0.05,0.22666666666666668,NA,0.13,266.1666666666667,173,256.2,11.49,38.75018,-91.0815,205.36666666666667,983.3333333333334
274,2026-04-24,2026-04-24 11:50:39,10.609666666666666,7.364333333333334,10.4,86.56666666666666,0.26,-0.05,0.6066666666666667,NA,0.13,266.4,173,256.5,11.413333333333334,38.75018,-91.0815,205.36666666666667,983.2
274,2026-04-24,2026-04-24 11:50:42,10.688333333333333,7.209,10.35,85.8,0.2566666666666667,-0.05666666666666666,0.45,NA,0.13,267.3333333333333,174,256.6666666666667,11.34,38.75018,-91.0815,205.16666666666663,983.3333333333334
274,2026-04-24,2026-04-24 11:50:45,10.792666666666666,7.159666666666667,10.29,85.16666666666667,0.2966666666666667,-0.07,0.22333333333333336,NA,0.13,267.1,174,256.9,11.266666666666666,38.75017,-91.0815,205.1,983.3333333333334
274,2026-04-24,2026-04-24 11:50:48,10.910666666666668,7.153,10.193333333333332,84.36666666666666,0.3233333333333333,-0.07666666666666666,0.11,NA,0.13,266.9666666666667,173.66666666666666,257.2,11.193333333333332,38.75017666666667,-91.08149666666668,204.93333333333337,983.2444444444444
274,2026-04-24,2026-04-24 11:50:51,11.049333333333331,7.048666666666667,10.12,83.6,0.2533333333333333,-0.08333333333333334,0.32333333333333336,NA,0.13,267.09999999999997,173.66666666666666,257.4,11.13,38.75017,-91.08149,204.73333333333332,983.2444444444444
274,2026-04-24,2026-04-24 11:50:54,11.186333333333334,6.983333333333333,10.06,82.93333333333334,0.24333333333333337,-0.03333333333333333,0.20333333333333337,NA,0.13,267.1,174,257.7,11.07,38.75017,-91.08149,204.86666666666667,983.2444444444444
274,2026-04-24,2026-04-24 11:50:57,11.306,6.971333333333333,9.96,82.06666666666666,0.19666666666666668,-0.05333333333333334,0.38,NA,0.13,266.8,173,257.93333333333334,11.01,38.75017,-91.08149,204.93333333333337,983.2888888888888
274,2026-04-24,2026-04-24 11:51:00,11.443333333333332,6.900333333333333,9.91,81.5,0.20333333333333337,-0.04666666666666667,0.37666666666666665,NA,0.13,266.93333333333334,173.66666666666666,258.23333333333335,10.95,38.75017,-91.08149,204.96666666666667,983.3333333333334
274,2026-04-24,2026-04-24 11:51:03,11.543,6.8773333333333335,9.836666666666666,80.83333333333333,0.16666666666666669,-0.09333333333333334,0.42,NA,0.13,266.93333333333334,173.33333333333334,258.56666666666666,10.89,38.75017,-91.08148666666666,205.03333333333333,983.2444444444444
274,2026-04-24,2026-04-24 11:51:06,11.636333333333331,6.8389999999999995,9.746666666666666,80.06666666666666,0.21333333333333335,-0.05333333333333334,0.21,NA,0.13,267.03333333333336,174,258.8,10.83,38.75017,-91.08148,205.26666666666668,983.2444444444444
274,2026-04-24,2026-04-24 11:51:09,11.732666666666669,6.825,9.666666666666666,79.33333333333333,0.13333333333333333,-0.08333333333333333,0.12,NA,0.13,267,174,259,10.776666666666666,38.75017,-91.08148,205.46666666666667,983.3333333333334
274,2026-04-24,2026-04-24 11:51:12,11.794,6.826,9.593333333333334,78.7,0.17666666666666667,-0.06,0.21,NA,0.13,266.96666666666664,174,259.2,10.723333333333334,38.75017,-91.08148,205.63333333333333,983.377777777778
274,2026-04-24,2026-04-24 11:51:15,11.925333333333333,6.800333333333334,9.523333333333332,78.1,0.22,-0.08333333333333333,0.17333333333333334,NA,0.13,266.8333333333333,173,259.5,10.67,38.75017,-91.08148,205.83333333333337,983.377777777778
274,2026-04-24,2026-04-24 11:51:18,12.109333333333334,6.769333333333333,9.456666666666669,77.5,0.21333333333333335,-0.06,0.41666666666666663,NA,0.13,266.8666666666667,173,259.8,10.616666666666667,38.75017,-91.08147666666666,206,983.377777777778
274,2026-04-24,2026-04-24 11:51:21,12.296,6.756333333333333,9.393333333333333,76.96666666666667,0.2,-0.07333333333333333,0.17666666666666667,NA,0.13,266.73333333333335,173,260,10.56,38.75017,-91.08147,206.36666666666667,983.4222222222222
274,2026-04-24,2026-04-24 11:51:24,12.449333333333334,6.742,9.34,76.46666666666667,0.21666666666666667,-0.09666666666666666,0.35,NA,0.13,267.0333333333333,173.66666666666666,260.1666666666667,10.513333333333334,38.75016333333333,-91.08147,206.76666666666668,983.2888888888888
274,2026-04-24,2026-04-24 11:51:27,12.513333333333334,6.730666666666667,9.29,76.06666666666666,0.18000000000000002,-0.08666666666666667,0.07333333333333333,NA,0.13,267.2,174,260.26666666666665,10.47,38.75016,-91.08147,206.7,983.377777777778
274,2026-04-24,2026-04-24 11:51:30,12.657666666666668,6.718666666666667,9.243333333333334,75.7,0.22,-0.09666666666666666,0.06,NA,0.13,266.9666666666667,173.66666666666666,260.4,10.426666666666666,38.75016333333333,-91.08147,206.36666666666667,983.3333333333334
274,2026-04-24,2026-04-24 11:51:33,12.847,6.704666666666666,9.203333333333331,75.3,0.18666666666666668,-0.07666666666666667,0.26333333333333336,NA,0.13,266.96666666666664,173.66666666666666,260.53333333333336,10.383333333333333,38.75017,-91.08147,206.16666666666663,983.2888888888888
274,2026-04-24,2026-04-24 11:51:36,13.048666666666668,6.696666666666666,9.17,75.03333333333333,0.2066666666666667,-0.08,1.1033333333333333,NA,0.13,266.76666666666665,173,260.6,10.343333333333334,38.75016,-91.08147,206.16666666666663,983.3333333333334
274,2026-04-24,2026-04-24 11:51:39,13.142333333333331,6.699666666666666,9.14,74.76666666666667,0.22666666666666663,-0.04666666666666667,0.5733333333333334,NA,0.13,266.9666666666667,173.66666666666666,260.7,10.3,38.75016,-91.08147,206.26666666666668,983.377777777778
274,2026-04-24,2026-04-24 11:51:42,13.306333333333331,6.686,9.113333333333332,74.53333333333333,0.14666666666666667,-0.10333333333333332,0.03333333333333333,NA,0.13,267,174,260.76666666666665,10.263333333333334,38.75017,-91.08147,206.23333333333332,983.2444444444444
274,2026-04-24,2026-04-24 11:51:45,13.497666666666667,6.679666666666667,9.093333333333334,74.36666666666667,0.19,-0.07,-0.08,NA,0.13,266.9,173.33333333333334,260.8666666666667,10.23,38.75017,-91.08147,206.16666666666663,983.4222222222222
274,2026-04-24,2026-04-24 11:51:48,13.613333333333332,6.673333333333333,9.073333333333334,74.2,0.23666666666666664,-0.07666666666666667,0.06333333333333334,NA,0.13,267.06666666666666,174,260.93333333333334,10.19,38.75017,-91.08147,206.03333333333333,983.3333333333334
274,2026-04-24,2026-04-24 11:51:51,13.784,6.667,9.056666666666668,74.06666666666666,0.15666666666666668,-0.03,0.16,NA,0.13,266.8666666666667,173.33333333333334,261,10.156666666666666,38.75017,-91.08147,205.9,983.4222222222222
274,2026-04-24,2026-04-24 11:51:54,13.898666666666667,6.665333333333334,9.04,73.93333333333334,0.16333333333333333,-0.12,0.4133333333333334,NA,0.13,266.93333333333334,173.33333333333334,261.1,10.12,38.75017,-91.08147666666666,205.83333333333337,983.377777777778
274,2026-04-24,2026-04-24 11:51:57,13.99,6.664,9.023333333333332,73.76666666666667,0.14,-0.1,0.39666666666666667,NA,0.13,267,174,261.1,10.09,38.75017,-91.08148,205.73333333333335,983.4222222222222
274,2026-04-24,2026-04-24 11:52:00,14.077666666666666,6.654,9.006666666666666,73.63333333333333,0.12,-0.1,0.21333333333333332,NA,0.13,267.1,174,261.2,10.06,38.75017,-91.08148,205.56666666666663,983.4222222222222
274,2026-04-24,2026-04-24 11:52:03,14.208,6.6466666666666665,8.996666666666666,73.53333333333333,0.14,-0.1,-0.00666666666666666,NA,0.13,267.2,174,261.26666666666665,10.026666666666666,38.75016333333333,-91.08148,205.46666666666667,983.3333333333334
274,2026-04-24,2026-04-24 11:52:06,14.318666666666669,6.635666666666666,8.976666666666667,73.36666666666667,0.12333333333333334,-0.08,0.20333333333333337,NA,0.13,266.96666666666664,174,261.3,9.993333333333334,38.75016,-91.08148,205.6,983.3333333333334
274,2026-04-24,2026-04-24 11:52:09,14.469,6.625333333333334,8.966666666666667,73.23333333333333,0.15,-0.10333333333333332,0.06,NA,0.13,267.06666666666666,174,261.3666666666667,9.97,38.75016,-91.08148,205.86666666666667,983.3333333333334
274,2026-04-24,2026-04-24 11:52:12,14.541333333333332,6.621333333333333,8.953333333333333,73.1,0.14,-0.08666666666666667,0.09,NA,0.13,267.06666666666666,174,261.4,9.94,38.75016,-91.08148,206.06666666666663,983.2888888888888
274,2026-04-24,2026-04-24 11:52:15,14.623666666666669,6.625333333333334,8.936666666666666,72.96666666666667,0.19666666666666668,-0.11,0.29000000000000004,NA,0.13,267.03333333333336,174,261.43333333333334,9.91,38.75016,-91.08148,206.13333333333333,983.377777777778
274,2026-04-24,2026-04-24 11:52:18,14.726,6.6193333333333335,8.92,72.86666666666667,0.2,-0.10666666666666667,0.43,NA,0.13,267.23333333333335,174,261.5,9.88,38.75016,-91.08148,206.2,983.377777777778
274,2026-04-24,2026-04-24 11:52:21,14.806,6.605333333333333,8.91,72.73333333333333,0.13333333333333333,-0.09333333333333334,0.26666666666666666,NA,0.13,267.3,174,261.5,9.85,38.75016,-91.08148,206.56666666666663,983.4222222222222
274,2026-04-24,2026-04-24 11:52:24,14.880333333333333,6.599,8.9,72.63333333333333,0.14333333333333334,-0.09333333333333334,-0.05,NA,0.13,267.1666666666667,174,261.6,9.83,38.75016,-91.08148,206.8,983.3333333333334
274,2026-04-24,2026-04-24 11:52:27,14.965,6.59,8.893333333333334,72.56666666666666,0.13,-0.08333333333333334,0.30333333333333334,NA,0.13,267.3333333333333,174,261.6333333333333,9.8,38.75016,-91.08148,206.83333333333337,983.2888888888888
274,2026-04-24,2026-04-24 11:52:30,15.106,6.578,8.88,72.46666666666667,0.17333333333333334,-0.08666666666666667,0.23333333333333336,NA,0.13,267.2,174,261.73333333333335,9.77,38.75016,-91.08148,206.7,983.2888888888888
274,2026-04-24,2026-04-24 11:52:33,15.190333333333331,6.5776666666666666,8.873333333333333,72.4,0.22333333333333333,-0.08,0.01333333333333333,NA,0.13,267.2,174,261.8,9.746666666666666,38.75016,-91.08148,206.76666666666665,983.3333333333334
274,2026-04-24,2026-04-24 11:52:36,15.287666666666668,6.575333333333334,8.86,72.26666666666667,0.21,-0.10333333333333332,0.02666666666666667,NA,0.13,267.2,174,261.8666666666667,9.72,38.75015666666667,-91.08148,207.06666666666663,983.4222222222222
274,2026-04-24,2026-04-24 11:52:39,15.417,6.562333333333333,8.85,72.16666666666667,0.18,-0.1,-0.11666666666666668,NA,0.13,267.23333333333335,174,261.96666666666664,9.696666666666664,38.75015,-91.08148,207.23333333333332,983.3333333333334
274,2026-04-24,2026-04-24 11:52:42,15.587,6.549666666666667,8.843333333333334,72.06666666666666,0.15333333333333335,-0.13333333333333333,0.08666666666666667,NA,0.13,267.2,174,262.1333333333333,9.67,38.75015,-91.08148,207.33333333333337,983.3333333333334
274,2026-04-24,2026-04-24 11:52:45,15.719,6.535333333333333,8.83,72,0.21333333333333335,-0.08,0.09000000000000001,NA,0.13,267.23333333333335,174,262.26666666666665,9.64,38.75015,-91.08148,207.33333333333337,983.377777777778
274,2026-04-24,2026-04-24 11:52:48,15.788,6.5343333333333335,8.823333333333334,71.86666666666667,0.12,-0.09666666666666666,0.32,NA,0.13,267.43333333333334,174,262.43333333333334,9.62,38.75015,-91.08149,207.13333333333333,983.3333333333334
274,2026-04-24,2026-04-24 11:52:51,15.941666666666666,6.5280000000000005,8.81,71.8,0.14333333333333334,-0.12,0.01,NA,0.13,267.3333333333333,174,262.56666666666666,9.59,38.75015333333333,-91.08149,206.96666666666667,983.4222222222222
274,2026-04-24,2026-04-24 11:52:54,16.052,6.527,8.8,71.7,0.10666666666666666,-0.1,0.19666666666666663,NA,0.13,267.26666666666665,174,262.8,9.57,38.75016,-91.08149,206.86666666666667,983.3333333333334
274,2026-04-24,2026-04-24 11:52:57,16.169333333333334,6.526666666666666,8.79,71.6,0.12666666666666668,-0.09666666666666666,-0.06,NA,0.13,267.1666666666667,174,262.93333333333334,9.54,38.75016,-91.0815,206.8,983.4222222222222
274,2026-04-24,2026-04-24 11:53:00,16.321,6.527,8.783333333333333,71.56666666666666,0.11666666666666668,-0.08,-0.01333333333333333,NA,0.13,267.1333333333333,174,263.1,9.52,38.75016,-91.0815,206.6,983.4222222222222
274,2026-04-24,2026-04-24 11:53:03,16.497666666666667,6.528666666666666,8.776666666666666,71.5,0.10333333333333332,-0.07666666666666667,-0.06666666666666667,NA,0.13,267.1666666666667,174,263.26666666666665,9.496666666666666,38.75016,-91.0815,206.43333333333337,983.3333333333334
274,2026-04-24,2026-04-24 11:53:06,16.635,6.529,8.77,71.43333333333334,0.17,-0.11666666666666668,0.01,NA,0.13,267.3,174,263.46666666666664,9.47,38.75016,-91.0815,206.53333333333333,983.3333333333334
274,2026-04-24,2026-04-24 11:53:09,16.749333333333333,6.528,8.763333333333334,71.4,0.14333333333333334,-0.12666666666666668,0.01666666666666666,NA,0.13,267.3666666666667,174,263.7,9.446666666666664,38.75016,-91.0815,206.33333333333337,983.377777777778
274,2026-04-24,2026-04-24 11:53:12,16.938333333333333,6.528,8.756666666666666,71.33333333333333,0.14,-0.09333333333333334,0.07666666666666667,NA,0.13,267.3,174,263.96666666666664,9.42,38.75016,-91.0815,206.13333333333333,983.377777777778
274,2026-04-24,2026-04-24 11:53:15,17.12,6.527666666666667,8.75,71.3,0.20333333333333337,-0.11333333333333331,-0.07666666666666666,NA,0.13,267.1,174,264.1333333333333,9.3966666666666665,38.75016,-91.0815,206,983.377777777778
274,2026-04-24,2026-04-24 11:53:18,17.278,6.527,8.75,71.26666666666667,0.15333333333333335,-0.11666666666666668,0.15666666666666668,NA,0.13,266.93333333333334,173.33333333333334,264.3,9.376666666666669,38.75016333333333,-91.08150333333332,206,983.3333333333334
274,2026-04-24,2026-04-24 11:53:21,17.411333333333335,6.525,8.74,71.2,0.12333333333333334,-0.09666666666666666,0.20333333333333337,NA,0.13,267.0333333333333,173.66666666666666,264.46666666666664,9.356666666666666,38.75017,-91.08151,205.7,983.3333333333334
274,2026-04-24,2026-04-24 11:53:24,17.534666666666666,6.522333333333333,8.74,71.2,0.21333333333333335,-0.08,0.13666666666666666,NA,0.13,267.26666666666665,174,264.6,9.333333333333334,38.75017,-91.08151,205.46666666666667,983.4666666666668
274,2026-04-24,2026-04-24 11:53:27,17.641666666666666,6.520666666666666,8.733333333333334,71.13333333333333,0.15333333333333332,-0.1,0.04666666666666667,NA,0.13,267.3,174,264.76666666666665,9.313333333333334,38.75017,-91.08151,205.43333333333337,983.4666666666668
274,2026-04-24,2026-04-24 11:53:30,17.769666666666666,6.515666666666666,8.73,71.1,0.11333333333333334,-0.10666666666666667,0.13666666666666666,NA,0.13,267.3333333333333,174,264.93333333333334,9.293333333333331,38.75017,-91.08151,205.33333333333337,983.4222222222222
274,2026-04-24,2026-04-24 11:53:33,17.873,6.512666666666666,8.723333333333334,71.03333333333333,0.14666666666666667,-0.12666666666666668,1.0533333333333332,NA,0.13,267.3,174,265.06666666666666,9.273333333333332,38.75017,-91.08151,205.56666666666663,983.3333333333334
274,2026-04-24,2026-04-24 11:53:36,17.971666666666668,6.512666666666666,8.72,71,0.14333333333333334,-0.10666666666666667,0.31333333333333335,NA,0.13,267.1,174,265.26666666666665,9.253333333333334,38.75017,-91.08151,205.73333333333332,983.3333333333334
274,2026-04-24,2026-04-24 11:53:39,18,6.501333333333333,8.713333333333335,70.93333333333334,0.12666666666666668,-0.11666666666666668,-0.08333333333333334,NA,0.13,267.4,174,265.4,9.236666666666666,38.75017,-91.08151,205.96666666666667,983.377777777778
274,2026-04-24,2026-04-24 11:53:42,18.140333333333334,6.484,8.71,70.9,0.10666666666666667,-0.10333333333333332,-0.10333333333333332,NA,0.13,267.46666666666664,174,265.56666666666666,9.216666666666669,38.750166666666665,-91.08150333333332,206.3,983.3333333333334
274,2026-04-24,2026-04-24 11:53:45,18.211333333333336,6.474666666666667,8.703333333333333,70.83333333333333,0.12333333333333334,-0.09333333333333334,0.04333333333333333,NA,0.13,267.46666666666664,174,265.73333333333335,9.196666666666664,38.75016,-91.0815,206.5,983.377777777778
274,2026-04-24,2026-04-24 11:53:48,18.31533333333333,6.467666666666666,8.7,70.73333333333333,0.12666666666666668,-0.10666666666666667,-0.04333333333333333,NA,0.13,267.3,174,265.8666666666667,9.18,38.75016,-91.0815,206.26666666666665,983.4222222222222
274,2026-04-24,2026-04-24 11:53:51,18.369666666666667,6.461666666666667,8.69,70.7,0.10666666666666667,-0.10333333333333332,-0.16333333333333333,NA,0.13,267.23333333333335,174,265.96666666666664,9.16,38.75016,-91.08149666666668,206.3,983.2444444444444
274,2026-04-24,2026-04-24 11:53:54,18.427333333333333,6.455333333333333,8.69,70.63333333333333,0.08333333333333333,-0.10333333333333332,-0.12,NA,0.13,267.3333333333333,174,266.1333333333333,9.143333333333334,38.75016,-91.08149,206.26666666666668,983.4222222222222
274,2026-04-24,2026-04-24 11:53:57,18.458333333333332,6.456333333333333,8.683333333333334,70.6,0.05333333333333334,-0.12666666666666668,0.06333333333333334,NA,0.13,267.4,174,266.26666666666665,9.126666666666669,38.75016,-91.08149,206.13333333333333,983.4222222222222
274,2026-04-24,2026-04-24 11:54:00,18.513,6.454,8.68,70.6,0.09,-0.08666666666666667,-0.02666666666666667,NA,0.13,267.3666666666667,174,266.43333333333334,9.106666666666666,38.75016,-91.08149,206.1,983.4222222222222
274,2026-04-24,2026-04-24 11:54:03,18.552333333333333,6.451333333333333,8.68,70.56666666666666,0.11333333333333334,-0.06666666666666667,0.03,NA,0.13,267.3,174,266.6,9.086666666666666,38.75016,-91.08149,206.1,983.4222222222222
274,2026-04-24,2026-04-24 11:54:06,18.675333333333334,6.448333333333333,8.67,70.5,0.09666666666666666,-0.12,-0.00333333333333332,NA,0.13,267.06666666666666,174,266.76666666666665,9.07,38.75016,-91.08149,206.13333333333333,983.3333333333334
274,2026-04-24,2026-04-24 11:54:09,18.809,6.447666666666667,8.67,70.5,0.13,-0.12666666666666668,0.14666666666666667,NA,0.13,267.2,174,266.96666666666664,9.053333333333336,38.75016,-91.08149,206.03333333333333,983.377777777778
274,2026-04-24,2026-04-24 11:54:12,18.968333333333337,6.45,8.67,70.5,0.08,-0.11,-0.11,NA,0.13,267.3,174,267.06666666666666,9.036666666666664,38.75016,-91.08149,205.86666666666667,983.4222222222222
274,2026-04-24,2026-04-24 11:54:15,19.062666666666665,6.449,8.66,70.43333333333334,0.19,-0.1,-0.02333333333333333,NA,0.13,267.26666666666665,174,267.23333333333335,9.023333333333332,38.75016,-91.08149,205.83333333333337,983.3333333333334
274,2026-04-24,2026-04-24 11:54:18,19.186666666666667,6.448333333333333,8.66,70.4,0.12,-0.12666666666666668,0.02666666666666667,NA,0.13,267.26666666666665,174,267.3666666666667,9.003333333333334,38.750166666666665,-91.08149,205.8,983.3333333333334
274,2026-04-24,2026-04-24 11:54:21,19.299333333333333,6.447666666666667,8.656666666666666,70.4,0.13333333333333333,-0.10666666666666667,-0.01333333333333333,NA,0.13,267.23333333333335,174,267.46666666666664,8.986666666666666,38.75017,-91.08149,205.7,983.377777777778
274,2026-04-24,2026-04-24 11:54:24,19.365666666666662,6.449,8.65,70.33333333333333,0.13,-0.12,-0.05333333333333334,NA,0.13,267.03333333333336,174,267.6,8.973333333333334,38.75017,-91.08149,205.56666666666663,983.3333333333334
274,2026-04-24,2026-04-24 11:54:27,19.400666666666663,6.448,8.64,70.26666666666667,0.09,-0.10333333333333332,0.27999999999999997,NA,0.13,267.43333333333334,174,267.7,8.956666666666667,38.75017,-91.08149,205.66666666666663,983.4666666666668
274,2026-04-24,2026-04-24 11:54:30,19.430666666666667,6.448666666666667,8.633333333333335,70.2,0.09333333333333334,-0.10666666666666666,-0.01666666666666666,NA,0.13,267.3666666666667,174,267.8333333333333,8.943333333333333,38.75016333333333,-91.08149,205.7,983.377777777778
274,2026-04-24,2026-04-24 11:54:33,19.451,6.437333333333333,8.63,70.13333333333333,0.05666666666666666,-0.11,-0.05666666666666667,NA,0.13,267.43333333333334,174,267.96666666666664,8.926666666666666,38.75016,-91.08149,205.6,983.377777777778
274,2026-04-24,2026-04-24 11:54:36,19.583333333333332,6.424666666666666,8.623333333333333,70.06666666666666,0.07333333333333333,-0.12,-0.03,NA,0.13,267.3666666666667,174,268.1333333333333,8.913333333333334,38.75016,-91.08149333333334,205.5,983.3333333333334
274,2026-04-24,2026-04-24 11:54:39,19.638333333333335,6.420999999999999,8.61,69.96666666666667,0.07333333333333333,-0.09333333333333334,-0.23333333333333336,NA,0.13,267.06666666666666,174,268.23333333333335,8.8966666666666665,38.75016,-91.0815,205.56666666666663,983.2444444444444
274,2026-04-24,2026-04-24 11:54:42,19.841,6.4143333333333334,8.593333333333334,69.8,0.07666666666666666,-0.10666666666666667,-0.11333333333333334,NA,0.13,267.1666666666667,174,268.43333333333334,8.883333333333335,38.75016,-91.0815,205.66666666666663,983.4222222222222
274,2026-04-24,2026-04-24 11:54:45,20.019333333333332,6.4093333333333335,8.58,69.7,0.07666666666666666,-0.14333333333333334,-0.2066666666666667,NA,0.13,267.2,174,268.56666666666666,8.863333333333333,38.75016,-91.0815,205.76666666666668,983.3333333333334
274,2026-04-24,2026-04-24 11:54:48,20.187333333333335,6.404,8.57,69.6,0.10666666666666666,-0.11333333333333334,-0.21333333333333332,NA,0.13,267.23333333333335,174,268.7,8.8533333333333335,38.75016,-91.08149666666668,206.06666666666663,983.2888888888888
274,2026-04-24,2026-04-24 11:54:51,20.366666666666667,6.402333333333333,8.566666666666666,69.6,0.15666666666666668,-0.10333333333333332,-0.01666666666666666,NA,0.13,267.3666666666667,174,268.8,8.836666666666666,38.75016,-91.08149,206.8,983.377777777778
274,2026-04-24,2026-04-24 11:54:54,20.546666666666667,6.397666666666667,8.563333333333334,69.53333333333333,0.10666666666666667,-0.11,-0.08,NA,0.13,267.3333333333333,174,268.9,8.826666666666666,38.75016,-91.08149333333334,207.33333333333337,983.3333333333334
274,2026-04-24,2026-04-24 11:54:57,20.702666666666666,6.379333333333333,8.563333333333334,69.5,0.09333333333333334,-0.13666666666666666,-0.20333333333333337,NA,0.13,267.46666666666664,174,268.96666666666664,8.813333333333334,38.75016,-91.08149666666668,207.5,983.3333333333334
274,2026-04-24,2026-04-24 11:55:00,20.84733333333333,6.373666666666667,8.57,69.53333333333333,0.04333333333333333,-0.13333333333333333,-0.24,NA,0.13,267.43333333333334,174,269.06666666666666,8.8,38.75016,-91.0815,207.43333333333337,983.377777777778
274,2026-04-24,2026-04-24 11:55:03,20.953333333333333,6.366666666666666,8.57,69.6,0.08666666666666667,-0.11333333333333331,-0.14666666666666667,NA,0.13,267.3,174,269.1666666666667,8.786666666666665,38.75016,-91.0815,207.53333333333333,983.4222222222222
274,2026-04-24,2026-04-24 11:55:06,21.172666666666668,6.350333333333333,8.576666666666666,69.6,0.12333333333333334,-0.14,-0.03,NA,0.13,267.4,174,269.26666666666665,8.773333333333333,38.75016,-91.0815,207.66666666666663,983.377777777778
274,2026-04-24,2026-04-24 11:55:09,21.505333333333333,6.343666666666667,8.586666666666666,69.6,0.06,-0.1,-0.21666666666666667,NA,0.13,267.3333333333333,174,269.3666666666667,8.763333333333334,38.75016,-91.0815,207.63333333333333,983.3333333333334
274,2026-04-24,2026-04-24 11:55:12,21.749666666666663,6.342333333333333,8.593333333333334,69.7,0.12333333333333334,-0.08666666666666667,-0.03,NA,0.13,267.2,174,269.46666666666664,8.75,38.75016,-91.0815,207.23333333333332,983.2888888888888
274,2026-04-24,2026-04-24 11:55:15,21.914,6.335666666666667,8.6,69.7,0.08666666666666667,-0.10666666666666666,6.9388939039072276e-18,NA,0.13,267.1666666666667,174,269.5,8.736666666666666,38.75016,-91.0815,207.16666666666663,983.377777777778
274,2026-04-24,2026-04-24 11:55:18,22.031333333333333,6.325,8.61,69.8,0.11333333333333331,-0.12,-0.38,NA,0.13,267.1333333333333,174,269.56666666666666,8.726666666666667,38.75016,-91.08150666666668,207.36666666666667,983.3333333333334
274,2026-04-24,2026-04-24 11:55:21,22.128666666666668,6.317666666666667,8.61,69.8,0.05333333333333334,-0.14,-0.29333333333333333,NA,0.13,267.23333333333335,174,269.7,8.716666666666667,38.75016,-91.08151,207.5,983.2444444444444
274,2026-04-24,2026-04-24 11:55:24,22.247333333333337,6.314,8.61,69.8,0.03333333333333333,-0.13,-0.19666666666666668,NA,0.13,267.2,174,269.73333333333335,8.703333333333333,38.75016,-91.08151,207.43333333333337,983.3333333333334
274,2026-04-24,2026-04-24 11:55:27,22.358,6.312,8.61,69.76666666666667,0.07666666666666666,-0.12,-0.08,NA,0.13,267.3666666666667,174,269.8,8.693333333333333,38.75016,-91.08151,207.13333333333333,983.2888888888888
274,2026-04-24,2026-04-24 11:55:30,22.414666666666665,6.312666666666667,8.6033333333333335,69.7,0.05666666666666667,-0.10333333333333332,0.04333333333333333,NA,0.13,267.4,174,269.9,8.683333333333334,38.75016,-91.08152,207,983.3333333333334
274,2026-04-24,2026-04-24 11:55:33,22.478666666666665,6.311,8.596666666666666,69.66666666666667,0.06,-0.10666666666666667,-0.20333333333333337,NA,0.13,267.43333333333334,174,270,8.67,38.75016,-91.08152,207.13333333333333,983.377777777778
274,2026-04-24,2026-04-24 11:55:36,22.619666666666667,6.311,8.59,69.6,0.02,-0.12333333333333334,-0.17333333333333334,NA,0.13,267.5,174,270.1,8.66,38.75016,-91.08152,206.76666666666665,983.2888888888888
274,2026-04-24,2026-04-24 11:55:39,22.718,6.309,8.583333333333334,69.56666666666666,0.02,-0.14333333333333334,-0.29,NA,0.13,267.40000000000003,174,270.1666666666667,8.6466666666666665,38.75017,-91.08152,206.33333333333337,983.2888888888888
274,2026-04-24,2026-04-24 11:55:42,22.824,6.306666666666667,8.58,69.5,0.05666666666666667,-0.12,-0.02333333333333333,NA,0.13,267.4,174,270.2,8.636666666666667,38.75017,-91.08152,206.23333333333332,983.3333333333334
274,2026-04-24,2026-04-24 11:55:45,22.948333333333338,6.305,8.58,69.5,0.04666666666666666,-0.1366666666666667,-0.09666666666666666,NA,0.13,267.3666666666667,174,270.23333333333335,8.63,38.75017,-91.08152,206.23333333333332,983.3333333333334
274,2026-04-24,2026-04-24 11:55:48,23.105666666666668,6.3,8.573333333333334,69.5,0.08333333333333333,-0.1366666666666667,-0.36,NA,0.13,267.43333333333334,174,270.3,8.616666666666665,38.75017,-91.08152666666666,206.36666666666667,983.2888888888888
274,2026-04-24,2026-04-24 11:55:51,23.239333333333335,6.299333333333333,8.57,69.4,0.04,-0.13333333333333333,-0.30333333333333334,NA,0.13,267.4,174,270.4,8.606666666666666,38.75017,-91.08153,206.36666666666667,983.2888888888888
274,2026-04-24,2026-04-24 11:55:54,23.352666666666668,6.295,8.566666666666666,69.4,0.09333333333333334,-0.15666666666666668,-0.16,NA,0.13,267.3666666666667,174,270.5,8.596666666666666,38.75017,-91.08153,206.3,983.3333333333334
274,2026-04-24,2026-04-24 11:55:57,23.528,6.284666666666666,8.553333333333335,69.26666666666667,0.09333333333333334,-0.13,-0.00333333333333333,NA,0.13,267.4,174,270.5,8.586666666666666,38.75017,-91.08153,206.1,983.2888888888888
274,2026-04-24,2026-04-24 11:56:00,23.673,6.2669999999999995,8.556666666666667,69.26666666666667,0.05666666666666667,-0.15333333333333335,-0.07,NA,0.13,267.4,174,270.5,8.576666666666666,38.75017,-91.08153,205.93333333333337,983.2888888888888
274,2026-04-24,2026-04-24 11:56:03,23.834,6.238333333333333,8.56,69.3,0.06,-0.15333333333333332,-0.25,NA,0.13,267.46666666666664,174,270.6,8.57,38.75017,-91.08153,206.03333333333333,983.2444444444444
274,2026-04-24,2026-04-24 11:56:06,24.034333333333333,6.229666666666667,8.563333333333334,69.26666666666667,0.08,-0.14333333333333334,-0.22333333333333333,NA,0.13,267.4,174,270.6,8.56,38.75017,-91.08153333333334,206.2,983.3333333333334
274,2026-04-24,2026-04-24 11:56:09,24.143333333333334,6.231,8.57,69.3,0.03,-0.13333333333333333,-0.21333333333333332,NA,0.13,267.53333333333336,174,270.6,8.55,38.75017,-91.08154,206.3,983.377777777778
274,2026-04-24,2026-04-24 11:56:12,24.328666666666667,6.231333333333334,8.563333333333334,69.26666666666667,0.05,-0.11666666666666668,-0.2866666666666667,NA,0.13,267.5,174,270.7,8.54,38.75016,-91.08154,206.53333333333333,983.2444444444444
438,2026-01-12,2026-01-12 10:49:33,0.103,5.601,11.93,94.9,0.76,-0.08,0.75,NA,0.11,227.9,148,167.2,8.81,38.90152,-92.34243,224.5,997.2
438,2026-01-12,2026-01-12 10:49:34,0.148,5.598,11.93,94.9,0.78,-0.09,0.76,NA,0.11,227.8,148,167.1,8.81,38.90152,-92.34243,224.6,997.0666666666666
438,2026-01-12,2026-01-12 10:49:37,0.186,5.589,11.9,94.7,0.77,-0.13,0.9,NA,0.11,228.1,148,166.7,8.78,38.90152,-92.34243,224.2,997.2
438,2026-01-12,2026-01-12 10:49:42,0.256,5.585,11.88,94.5,0.89,-0.07,0.96,NA,0.11,227.9,148,166.7,8.82,38.90152,-92.34244,222.9,997.0666666666666
438,2026-01-12,2026-01-12 10:49:43,0.278,5.583,11.88,94.5,0.89,-0.09,0.9,NA,0.11,228,148,166.8,8.8,38.90152,-92.34244,222.6,997.2
438,2026-01-12,2026-01-12 10:49:44,0.306,5.581,11.87,94.4,0.87,-0.08,0.83,NA,0.11,227.9,148,166.9,8.81,38.90152,-92.34244,222.4,997.2
438,2026-01-12,2026-01-12 10:49:50,0.383,5.584,11.83,94.1,0.87,-0.04,0.87,NA,0.11,228.2,148,167,8.83,38.90152,-92.34244,221.6,997.2
438,2026-01-12,2026-01-12 10:49:51,0.44,5.583,11.82,94,0.9,-0.05,0.91,NA,0.11,228.2,148,166.9,8.84,38.90152,-92.34244,221.8,997.2
438,2026-01-12,2026-01-12 10:49:52,0.468,5.584,11.8,93.8,0.96,-0.08,0.83,NA,0.11,228.2,148,166.9,8.84,38.90152,-92.34244,221.7,997.2
438,2026-01-12,2026-01-12 10:49:56,0.55,5.577,11.78,93.7,0.93,-0.03,1.17,NA,0.11,228.1,148,166.6,8.82,38.90152,-92.34244,221,997.0666666666666
438,2026-01-12,2026-01-12 10:49:57,0.591,5.58,11.77,93.6,0.98,-0.02,1.22,NA,0.11,228.2,148,166.6,8.82,38.90152,-92.34244,220.8,997.0666666666666
438,2026-01-12,2026-01-12 10:49:58,0.611,5.58,11.76,93.5,1.01,0,1.11,NA,0.11,228.2,148,166.6,8.82,38.90152,-92.34244,220.8,997.2
438,2026-01-12,2026-01-12 10:49:59,0.637,5.579,11.76,93.5,1.06,-0.01,1.23,NA,0.11,228.3,148,166.5,8.81,38.90152,-92.34244,220.6,997.0666666666666
438,2026-01-12,2026-01-12 10:50:00,0.666,5.572,11.76,93.5,1.06,-0.03,1.32,NA,0.11,228.3,148,166.6,8.82,38.90152,-92.34244,220.6,997.2
438,2026-01-12,2026-01-12 10:50:01,0.694,5.563,11.76,93.5,1.01,0,1.29,NA,0.11,228.4,148,166.5,8.82,38.90152,-92.34244,220.5,997.0666666666666
438,2026-01-12,2026-01-12 10:50:03,0.747,5.558,11.76,93.5,1.1,-0.06,1.34,NA,0.11,228.1,148,166.6,8.82,38.90152,-92.34244,220.4,997.2
438,2026-01-12,2026-01-12 10:50:04,0.768,5.556,11.76,93.5,1.14,-0.06,1.39,NA,0.11,228.1,148,166.5,8.82,38.90152,-92.34244,220.2,997.2
438,2026-01-12,2026-01-12 10:50:11,0.856,5.516,11.78,93.5,1.18,0.03,1.34,NA,0.11,228.6,149,165.7,8.75,38.90152,-92.34243,220.1,997.0666666666666
438,2026-01-12,2026-01-12 10:50:15,0.927,5.522,11.79,93.6,1.42,-0.02,1.88,NA,0.11,228.2,148,166.3,8.81,38.90152,-92.34243,219.9,997.0666666666666
438,2026-01-12,2026-01-12 10:50:17,0.969,5.522,11.8,93.7,1.34,0.06,1.68,NA,0.11,228.1,148,166.4,8.84,38.90152,-92.34243,219.8,997.0666666666666
438,2026-01-12,2026-01-12 10:50:18,0.991,5.523,11.8,93.7,1.32,0.09,1.91,NA,0.11,228.1,148,166.1,8.82,38.90152,-92.34243,219.8,997.0666666666666
438,2026-01-12,2026-01-12 10:50:20,1.025,5.518,11.8,93.7,1.59,0.04,2.11,NA,0.11,228.1,148,166.5,8.85,38.90152,-92.34243,219.8,997.0666666666666
438,2026-01-12,2026-01-12 10:50:24,1.083,5.516,11.8,93.7,1.86,0.06,2.38,NA,0.11,228,148,166.3,8.84,38.90152,-92.34243,219.7,997.2
438,2026-01-12,2026-01-12 10:50:25,1.107,5.511,11.8,93.7,1.99,0.04,2.3,NA,0.11,228,148,166.1,8.84,38.90152,-92.34243,219.8,997.0666666666666
438,2026-01-12,2026-01-12 10:50:27,1.139,5.504,11.8,93.7,1.75,0.08,2.48,NA,0.11,227.9,148,166.1,8.82,38.90152,-92.34243,219.5,997.0666666666666
438,2026-01-12,2026-01-12 10:50:28,1.183,5.501,11.8,93.7,1.79,0.07,2.53,NA,0.11,227.9,148,166.4,8.85,38.90152,-92.34243,219.5,997.0666666666666
438,2026-01-12,2026-01-12 10:50:29,1.203,5.502,11.81,93.7,1.86,0.08,2.5,NA,0.11,228.1,148,166.5,8.87,38.90152,-92.34243,219.6,997.2
438,2026-01-12,2026-01-12 10:50:31,1.231,5.505,11.8,93.6,2.02,0.12,2.5,NA,0.11,228,148,165.8,8.84,38.90152,-92.34244,219.6,997.2
438,2026-01-12,2026-01-12 10:50:33,1.282,5.482,11.8,93.6,2.01,0.1,2.8,NA,0.11,228.3,148,166.2,8.86,38.90152,-92.34244,219.8,997.0666666666666
438,2026-01-12,2026-01-12 10:50:34,1.316,5.472,11.8,93.6,2,0.08,3.01,NA,0.11,228.3,148,166.3,8.87,38.90152,-92.34244,219.7,997.2
438,2026-01-12,2026-01-12 10:50:36,1.345,5.442,11.79,93.5,2.01,0.07,3.3,NA,0.11,228.2,148,166.4,8.89,38.90152,-92.34244,219.7,997.2
438,2026-01-12,2026-01-12 10:50:37,1.388,5.439,11.79,93.4,2.1,0.07,3.5,NA,0.11,228.2,148,166.3,8.89,38.90152,-92.34244,219.4,997.0666666666666
438,2026-01-12,2026-01-12 10:50:38,1.421,5.44,11.79,93.4,2.39,0.09,3.63,NA,0.11,228.2,148,166,8.87,38.90152,-92.34244,219.3,997.0666666666666
438,2026-01-12,2026-01-12 10:50:40,1.453,5.439,11.78,93.3,2.91,0.11,4.13,NA,0.11,228.2,148,166.1,8.87,38.90152,-92.34244,219.6,997.2
438,2026-01-12,2026-01-12 10:50:41,1.489,5.437,11.78,93.3,2.9,0.13,4.13,NA,0.11,228.4,148,166.1,8.88,38.90152,-92.34244,219.7,997.2
438,2026-01-12,2026-01-12 10:50:42,1.512,5.436,11.77,93.3,2.86,0.15,4.4,NA,0.11,228.5,149,165.9,8.87,38.90152,-92.34244,220,997.0666666666666
438,2026-01-12,2026-01-12 10:50:44,1.559,5.434,11.77,93.2,3.24,0.18,4.15,NA,0.11,228.3,148,166.2,8.89,38.90152,-92.34244,219.7,997.0666666666666
438,2026-01-12,2026-01-12 10:50:45,1.595,5.435,11.77,93.2,3.31,0.21,4.19,NA,0.11,228.1,148,165.9,8.89,38.90152,-92.34244,219.4,997.2
438,2026-01-12,2026-01-12 10:50:46,1.626,5.435,11.77,93.3,3.45,0.2,4.37,NA,0.11,228,148,165.8,8.89,38.90152,-92.34244,219.5,997.2
438,2026-01-12,2026-01-12 10:50:48,1.663,5.434,11.77,93.2,3.51,0.19,5.01,NA,0.11,228.1,148,165.5,8.85,38.90152,-92.34244,219.5,997.2
438,2026-01-12,2026-01-12 10:50:49,1.709,5.43,11.77,93.3,3.52,0.2,4.99,NA,0.11,228.2,148,165.8,8.86,38.90152,-92.34244,219.9,997.2
438,2026-01-12,2026-01-12 10:50:50,1.756,5.426,11.78,93.3,3.52,0.17,5.06,NA,0.11,228.1,148,166.3,8.9,38.90152,-92.34244,220,997.2
438,2026-01-12,2026-01-12 10:50:51,1.784,5.421,11.79,93.4,3.53,0.17,5.17,NA,0.11,228.1,148,166,8.9,38.90151,-92.34244,220.1,997.2
438,2026-01-12,2026-01-12 10:50:52,1.806,5.414,11.79,93.3,3.63,0.21,5.25,NA,0.11,228.3,148,165.8,8.89,38.90151,-92.34244,220,997.0666666666666
438,2026-01-12,2026-01-12 10:50:53,1.846,5.402,11.79,93.4,3.8,0.23,5.22,NA,0.11,228.5,148,165.7,8.88,38.90151,-92.34244,220.2,997.0666666666666
438,2026-01-12,2026-01-12 10:50:54,1.883,5.378,11.8,93.4,3.97,0.19,4.94,NA,0.11,228.5,149,165.6,8.87,38.90151,-92.34244,220,997.2
438,2026-01-12,2026-01-12 10:50:55,1.906,5.35,11.8,93.3,4.01,0.22,4.92,NA,0.11,228.6,149,165.5,8.87,38.90151,-92.34244,220.3,997.2
438,2026-01-12,2026-01-12 10:50:57,1.928,5.341,11.8,93.3,4.03,0.19,5.54,NA,0.11,228.6,149,165.3,8.85,38.90151,-92.34245,219.6,997.2
438,2026-01-12,2026-01-12 10:50:58,1.954,5.339,11.81,93.3,4.06,0.15,5.6,NA,0.11,228.7,149,165.3,8.85,38.90151,-92.34245,219.6,997.2
438,2026-01-12,2026-01-12 10:51:01,2.034,5.335,11.79,93.1,4.1,0.16,5.51,NA,0.11,228.6,149,165.8,8.9,38.90151,-92.34245,219.8,997.2
438,2026-01-12,2026-01-12 10:51:02,2.067,5.334,11.78,93.1,3.96,0.17,5.41,NA,0.11,228.5,149,165.7,8.91,38.90151,-92.34245,219.8,997.2
438,2026-01-12,2026-01-12 10:51:03,2.106,5.328,11.76,92.9,3.87,0.13,5.4,NA,0.11,228.4,148,165.5,8.9,38.90152,-92.34245,219.8,997.2
438,2026-01-12,2026-01-12 10:51:05,2.132,5.324,11.75,92.8,3.97,0.18,5.41,NA,0.11,228.4,148,165.9,8.91,38.90152,-92.34245,219.5,997.2
438,2026-01-12,2026-01-12 10:51:06,2.172,5.323,11.73,92.7,3.99,0.14,5.43,NA,0.11,228.3,148,165.9,8.93,38.90152,-92.34245,219.5,997.2
438,2026-01-12,2026-01-12 10:51:08,2.203,5.32,11.71,92.5,3.9,0.15,5.39,NA,0.11,228.4,148,165.6,8.92,38.90152,-92.34245,220.1,997.2
438,2026-01-12,2026-01-12 10:51:09,2.237,5.313,11.7,92.4,3.87,0.13,5.33,NA,0.11,228.5,149,165.4,8.9,38.90151,-92.34245,220,997.2
438,2026-01-12,2026-01-12 10:51:10,2.28,5.305,11.69,92.4,3.97,0.09,5.3,NA,0.11,228.5,149,165.3,8.89,38.90151,-92.34245,220.5,997.2
438,2026-01-12,2026-01-12 10:51:11,2.318,5.303,11.68,92.3,3.96,0.06,5.36,NA,0.11,228.5,149,165.3,8.89,38.90151,-92.34245,220.4,997.2
438,2026-01-12,2026-01-12 10:51:13,2.362,5.305,11.66,92,4.13,0.09,5.4,NA,0.11,228.5,149,165.4,8.9,38.90152,-92.34244,220.9,997.2
438,2026-01-12,2026-01-12 10:51:14,2.404,5.304,11.66,92.1,4.2,0.08,5.43,NA,0.11,228.4,148,165.4,8.9,38.90152,-92.34244,221.2,997.2
438,2026-01-12,2026-01-12 10:51:15,2.424,5.301,11.65,92,4.16,0.07,5.72,NA,0.11,228.5,149,165.3,8.9,38.90152,-92.34245,221.1,997.2
438,2026-01-12,2026-01-12 10:51:17,2.458,5.3,11.63,91.8,4.05,0.04,5.72,NA,0.11,228.4,148,164.7,8.85,38.90152,-92.34245,221.1,997.2
438,2026-01-12,2026-01-12 10:51:18,2.489,5.298,11.63,91.8,3.83,-0.01,5.64,NA,0.11,228.4,148,165,8.85,38.90152,-92.34244,221.2,997.0666666666666
438,2026-01-12,2026-01-12 10:51:21,2.563,5.278,11.62,91.7,4.21,0.05,5.19,NA,0.11,228.4,148,165,8.89,38.90152,-92.34244,221,997.3333333333334
438,2026-01-12,2026-01-12 10:51:22,2.596,5.278,11.61,91.6,4.38,0.02,5.3,NA,0.11,228.5,149,165.1,8.88,38.90152,-92.34244,220.8,997.3333333333334
438,2026-01-12,2026-01-12 10:51:23,2.624,5.272,11.6,91.6,4.14,0.03,5.24,NA,0.11,228.5,149,165.4,8.91,38.90152,-92.34244,220.9,997.2
438,2026-01-12,2026-01-12 10:51:27,2.692,5.239,11.59,91.4,4,-0.01,5.4,NA,0.11,228.6,149,165,8.9,38.90151,-92.34244,221,997.0666666666666
438,2026-01-12,2026-01-12 10:51:30,2.752,5.212,11.58,91.3,4,-0.01,5.39,NA,0.11,228.9,149,164.7,8.88,38.90151,-92.34244,221.3,997.2
438,2026-01-12,2026-01-12 10:51:31,2.772,5.206,11.58,91.3,4.06,0.02,5.66,NA,0.11,228.8,149,164.5,8.85,38.90151,-92.34244,221.3,997.2
438,2026-01-12,2026-01-12 10:51:32,2.793,5.203,11.6,91.3,4.05,-0.02,5.71,NA,0.11,228.7,149,164.8,8.87,38.90151,-92.34244,221.2,997.2
438,2026-01-12,2026-01-12 10:51:34,2.84,5.21,11.57,91.1,4.06,-0.05,5.03,NA,0.11,228.4,148,165.3,8.93,38.90151,-92.34244,220.8,997.0666666666666
438,2026-01-12,2026-01-12 10:51:39,2.923,5.207,11.55,91,3.89,-0.01,5.39,NA,0.11,228.5,149,165.2,8.91,38.90151,-92.34244,219.9,997.3333333333334
438,2026-01-12,2026-01-12 10:51:40,2.959,5.202,11.55,90.9,3.92,-0.02,5.4,NA,0.11,228.4,148,165.3,8.94,38.90152,-92.34244,219.8,997.2
438,2026-01-12,2026-01-12 10:51:42,2.986,5.196,11.52,90.7,4.2,-0.04,5.93,NA,0.11,228.3,148,164.6,8.9,38.90151,-92.34244,219.8,997.2
438,2026-01-12,2026-01-12 10:51:45,3.019,5.192,11.51,90.6,4.04,-0.03,5.81,NA,0.11,228.8,149,165.1,8.92,38.90151,-92.34243,220.4,997.0666666666666
438,2026-01-12,2026-01-12 10:51:47,3.062,5.195,11.5,90.6,4.15,-0.03,6.23,NA,0.11,228.8,149,165.1,8.95,38.90151,-92.34243,220.2,997.2
438,2026-01-12,2026-01-12 10:51:50,3.107,5.19,11.48,90.4,4.36,-0.01,6.43,NA,0.11,228.5,149,164.8,8.91,38.90151,-92.34243,219.9,997.2
438,2026-01-12,2026-01-12 10:51:51,3.129,5.188,11.48,90.4,4.41,0,6.46,NA,0.11,228.4,148,165,8.92,38.90151,-92.34243,219.8,997.2
438,2026-01-12,2026-01-12 10:51:52,3.151,5.185,11.47,90.3,4.43,-0.02,6.72,NA,0.11,228.5,149,165,8.94,38.90151,-92.34243,220,997.2
438,2026-01-12,2026-01-12 10:51:54,3.192,5.177,11.45,90.1,4.53,0.02,6.71,NA,0.11,228.7,149,164.6,8.92,38.90151,-92.34243,220,997.2
438,2026-01-12,2026-01-12 10:51:56,3.229,5.173,11.45,90.1,4.51,0.03,6.88,NA,0.11,228.7,149,164.5,8.91,38.90151,-92.34243,219.9,997.2
438,2026-01-12,2026-01-12 10:51:58,3.268,5.161,11.43,90,4.47,0.06,6.16,NA,0.11,228.5,149,164.9,8.93,38.90151,-92.34243,220,997.2
438,2026-01-12,2026-01-12 10:52:00,3.298,5.154,11.43,89.9,4.5,0.1,6.6,NA,0.11,228.5,149,164.8,8.92,38.90151,-92.34242,220.1,997.3333333333334
438,2026-01-12,2026-01-12 10:52:05,3.365,5.152,11.4,89.7,4.56,0.1,6.66,NA,0.11,228.5,148,164.4,8.92,38.90151,-92.34242,220.1,997.0666666666666
438,2026-01-12,2026-01-12 10:52:11,3.425,5.161,11.38,89.5,4.63,0.12,7.06,NA,0.11,228.3,148,164.3,8.88,38.90151,-92.34242,220.7,997.2
438,2026-01-12,2026-01-12 10:52:12,3.457,5.162,11.37,89.4,4.68,0.14,7,NA,0.11,228.3,148,164.3,8.89,38.90151,-92.34242,220.8,997.2
438,2026-01-12,2026-01-12 10:52:23,3.558,5.169,11.34,89.2,5.05,0.26,8.54,NA,0.11,228.4,148,164.5,8.93,38.90151,-92.34243,219.3,997.2
438,2026-01-12,2026-01-12 10:52:24,3.6,5.17,11.34,89.3,4.95,0.24,8.45,NA,0.11,228.3,148,164.4,8.93,38.90151,-92.34243,219.4,997.3333333333334
438,2026-01-12,2026-01-12 10:52:29,3.668,5.168,11.33,89.1,4.92,0.4,7.95,NA,0.11,228.3,148,164.6,8.95,38.90151,-92.34244,218.5,997.2
438,2026-02-02,2026-02-02 10:54:45,0.01666666666666666,2.521,11.776666666666667,86.43333333333334,0.41,-0.04666666666666667,0.10666666666666667,NA,0.12,257.73333333333335,167.66666666666666,176.4,8.48,38.90129,-92.34229,255.36666666666667,994.7111111111112
438,2026-02-02,2026-02-02 10:54:48,0.07233333333333333,2.564333333333334,11.773333333333332,86.43333333333334,0.44666666666666666,-0.05333333333333334,0.24333333333333337,NA,0.12,253.96666666666667,165,176.4,8.453333333333333,38.90130666666667,-92.34230333333332,250.7,994.8444444444444
438,2026-02-02,2026-02-02 10:54:51,0.16233333333333333,3.0746666666666664,11.77,87.4,0.5366666666666666,-0.03666666666666667,0.6799999999999999,NA,0.12,248.13333333333333,161,176.43333333333334,8.41,38.901313333333334,-92.34230666666666,248,994.7555555555556
438,2026-02-02,2026-02-02 10:54:54,0.23266666666666663,3.510666666666667,11.763333333333334,88.53333333333333,0.6466666666666667,-0.01,0.77,NA,0.12,245.3,159.33333333333334,176.83333333333334,8.356666666666667,38.901293333333335,-92.34229666666668,249.66666666666663,994.8
438,2026-02-02,2026-02-02 10:54:57,0.27666666666666667,3.7083333333333335,11.72,88.76666666666667,0.6966666666666667,0.02666666666666666,0.7966666666666666,NA,0.12,244.76666666666668,159,177.5,8.3,38.90129666666667,-92.3423,248.13333333333333,994.8888888888888
438,2026-02-02,2026-02-02 10:55:00,0.34199999999999997,3.830666666666666,11.766666666666666,89.33333333333334,0.7133333333333333,0.00666666666666666,0.8466666666666667,NA,0.12,244.73333333333332,159,178.26666666666668,8.243333333333334,38.901313333333334,-92.34231333333334,243.2,994.7555555555556
438,2026-02-02,2026-02-02 10:55:03,0.434,3.948,11.746666666666666,89.5,0.7433333333333333,-0.07,0.9233333333333332,NA,0.12,244.56666666666663,159,179.1,8.193333333333333,38.90133,-92.34232,240.23333333333332,994.8
438,2026-02-02,2026-02-02 10:55:06,0.49566666666666664,4.012,11.78,89.93333333333334,0.8066666666666666,-0.02,1.03,NA,0.12,244.53333333333333,159,179.53333333333333,8.16,38.90134,-92.34233,238.13333333333333,994.8
438,2026-02-02,2026-02-02 10:55:09,0.5623333333333334,4.062666666666667,11.796666666666669,90.2,0.9233333333333332,0.03666666666666667,1.3833333333333333,NA,0.12,244.43333333333337,159,180.03333333333333,8.133333333333333,38.90134333333333,-92.34233,235.56666666666663,994.7555555555556
438,2026-02-02,2026-02-02 10:55:12,0.6276666666666667,4.099333333333333,11.823333333333334,90.46666666666668,1.0166666666666666,0.05666666666666666,1.48,NA,0.12,244.66666666666663,159,180.5,8.11,38.90135,-92.34233666666668,231.5,994.8
438,2026-02-02,2026-02-02 10:55:15,0.685,4.120666666666667,11.836666666666666,90.66666666666669,1.17,0.01666666666666666,1.67,NA,0.12,244.6,159,180.76666666666668,8.09,38.90135,-92.34234,228.93333333333337,994.7555555555556
438,2026-02-02,2026-02-02 10:55:18,0.7383333333333333,4.1259999999999994,11.86,90.83333333333331,1.35,-0.00333333333333333,1.9166666666666667,NA,0.12,244.56666666666663,159,181,8.073333333333334,38.90136,-92.34234,227.23333333333332,994.8444444444444
438,2026-02-02,2026-02-02 10:55:21,0.8,4.149666666666667,11.87,90.96666666666668,1.4566666666666668,-0.02,2.3733333333333335,NA,0.12,244.56666666666663,159,181.26666666666668,8.056666666666667,38.90136,-92.34234,226.46666666666667,994.7111111111112
438,2026-02-02,2026-02-02 10:55:24,0.8366666666666667,4.153666666666667,11.876666666666669,91.06666666666666,1.6166666666666667,0.01,2.4033333333333333,NA,0.12,244.63333333333333,159,181.43333333333337,8.046666666666667,38.90136,-92.34234,226.16666666666663,994.8
438,2026-02-02,2026-02-02 10:55:27,0.8636666666666667,4.145333333333333,11.896666666666668,91.16666666666669,1.77,0.06333333333333334,2.5533333333333332,NA,0.12,244.86666666666667,159,181.63333333333333,8.036666666666665,38.90136,-92.34234,225.9,994.7555555555556
438,2026-02-02,2026-02-02 10:55:30,0.9093333333333332,4.155333333333333,11.903333333333334,91.23333333333332,1.98,0.12,3.026666666666667,NA,0.12,244.96666666666667,159,181.83333333333337,8.03,38.90136,-92.34234333333332,225.46666666666667,994.8
438,2026-02-02,2026-02-02 10:55:33,0.955,4.1593333333333335,11.92,91.36666666666667,2.17,0.11333333333333334,3.1866666666666665,NA,0.12,244.96666666666667,159,182,8.02,38.90136,-92.34234,225.4,994.8
438,2026-02-02,2026-02-02 10:55:36,1.003,4.156,11.933333333333334,91.5,2.3666666666666667,0.07,3.5,NA,0.12,244.96666666666667,159,182.16666666666663,8.01,38.90136,-92.34234333333332,225.3,994.8
438,2026-02-02,2026-02-02 10:55:39,1.0433333333333332,4.149666666666667,11.94,91.5,2.51,0.07,3.993333333333333,NA,0.12,245.16666666666663,159,182.36666666666667,8,38.90136,-92.34234666666666,225.1,994.7111111111112
438,2026-02-02,2026-02-02 10:55:42,1.098666666666667,4.151,11.95,91.6,2.68,0.09,4.11,NA,0.12,245,159,182.6,7.993333333333333,38.90136,-92.34235,224.5,994.7111111111112
438,2026-02-02,2026-02-02 10:55:45,1.146,4.148666666666666,11.953333333333331,91.6,2.83,0.15666666666666668,4.5200000000000005,NA,0.12,244.9,159,182.83333333333337,7.983333333333333,38.90137,-92.34235,223.9,994.7555555555556
438,2026-02-02,2026-02-02 10:55:48,1.1993333333333334,4.1466666666666665,11.956666666666669,91.66666666666669,2.9833333333333334,0.19333333333333333,4.92,NA,0.12,244.96666666666667,159,183.1,7.97,38.90137,-92.34235,223.3,994.7555555555556
438,2026-02-02,2026-02-02 10:55:51,1.244,4.144666666666667,11.96,91.7,3.2066666666666666,0.19,5.193333333333333,NA,0.12,244.9,159,183.4,7.956666666666667,38.90137,-92.34235,222.73333333333332,994.7555555555556
438,2026-02-02,2026-02-02 10:55:54,1.2973333333333334,4.1466666666666665,11.97,91.7,3.35,0.14666666666666667,5.49,NA,0.12,244.8,159,183.7,7.946666666666667,38.90137,-92.34235,222.4,994.7555555555556
438,2026-02-02,2026-02-02 10:55:57,1.3536666666666668,4.150666666666667,11.97,91.73333333333332,3.6033333333333335,0.12333333333333334,5.786666666666667,NA,0.12,244.83333333333337,159,184,7.933333333333334,38.90137,-92.34235,222.26666666666668,994.8
438,2026-02-02,2026-02-02 10:56:00,1.38,4.154333333333334,11.976666666666668,91.8,3.803333333333333,0.17666666666666667,6.076666666666666,NA,0.12,244.7,159,184.16666666666663,7.93,38.90137,-92.34235,222.2,994.7555555555556
438,2026-02-02,2026-02-02 10:56:03,1.4086666666666667,4.156666666666667,11.98,91.8,3.8833333333333337,0.24,6.31,NA,0.12,244.8,159,184.4,7.92,38.90137,-92.34235,222.26666666666668,994.7111111111112
438,2026-02-02,2026-02-02 10:56:06,1.436,4.16,11.976666666666668,91.8,4.036666666666666,0.29,6.5200000000000005,NA,0.12,244.96666666666667,159,184.56666666666663,7.913333333333333,38.90137,-92.34235,222.2,994.7111111111112
438,2026-02-02,2026-02-02 10:56:09,1.4813333333333334,4.16,11.973333333333334,91.8,4.1033333333333335,0.26666666666666666,6.653333333333333,NA,0.12,245.06666666666663,159,184.8,7.91,38.90137,-92.34235,222.1,994.7111111111112
438,2026-02-02,2026-02-02 10:56:12,1.5083333333333333,4.162,11.973333333333334,91.8,4.296666666666667,0.19666666666666668,6.713333333333333,NA,0.12,245.03333333333333,159,184.96666666666667,7.9,38.90137,-92.34235,222.06666666666663,994.7555555555556
438,2026-02-02,2026-02-02 10:56:15,1.532333333333333,4.166666666666667,11.97,91.8,4.41,0.16,7.043333333333334,NA,0.12,244.8,159,185.16666666666663,7.9,38.90137,-92.34235,221.9,994.7111111111112
438,2026-02-02,2026-02-02 10:56:18,1.5606666666666666,4.1673333333333336,11.97,91.76666666666668,4.529999999999999,0.2,7.27,NA,0.12,244.9,159,185.36666666666667,7.89,38.90137666666667,-92.34235,221.63333333333333,994.7555555555556
438,2026-02-02,2026-02-02 10:56:21,1.6116666666666666,4.164666666666666,11.97,91.8,4.493333333333333,0.2833333333333333,7.436666666666667,NA,0.12,245,159,185.56666666666663,7.89,38.90138,-92.34235,221.4,994.6666666666666
438,2026-02-02,2026-02-02 10:56:24,1.662,4.165333333333333,11.97,91.8,4.663333333333334,0.36666666666666664,7.596666666666667,NA,0.12,245.16666666666663,159,185.76666666666668,7.88,38.90138,-92.34235,221.3,994.7111111111112
438,2026-02-02,2026-02-02 10:56:27,1.7376666666666667,4.168333333333333,11.97,91.8,4.726666666666667,0.2733333333333333,7.7,NA,0.12,245.1,159,185.9,7.873333333333333,38.90138,-92.34235,221.06666666666663,994.7555555555556
438,2026-02-02,2026-02-02 10:56:30,1.807,4.171,11.97,91.8,4.803333333333334,0.2066666666666667,7.616666666666666,NA,0.12,245.03333333333333,159,186.06666666666663,7.87,38.90138,-92.34234666666666,221.2,994.7555555555556
438,2026-02-02,2026-02-02 10:56:33,1.861,4.172666666666666,11.97,91.8,4.926666666666667,0.19333333333333333,7.72,NA,0.12,244.96666666666667,159,186.23333333333332,7.86,38.90138,-92.34234,221.3,994.6666666666666
438,2026-02-02,2026-02-02 10:56:36,1.9036666666666664,4.174666666666667,11.973333333333334,91.8,4.88,0.21666666666666667,7.816666666666666,NA,0.12,245.13333333333333,159,186.36666666666667,7.856666666666667,38.90138,-92.34234333333332,221.2,994.7111111111112
438,2026-02-02,2026-02-02 10:56:39,1.9463333333333332,4.177,11.97,91.8,4.803333333333333,0.30666666666666664,8.01,NA,0.12,245.1,159,186.53333333333333,7.85,38.90138,-92.34235,221.56666666666663,994.8444444444444
438,2026-02-02,2026-02-02 10:56:42,2.001333333333333,4.177666666666666,11.966666666666669,91.76666666666668,5.036666666666667,0.36333333333333334,7.77,NA,0.12,245.13333333333333,159,186.7,7.846666666666667,38.90137333333333,-92.34235,221.8,994.8444444444444
438,2026-02-02,2026-02-02 10:56:45,2.0353333333333334,4.179333333333333,11.96,91.7,4.976666666666667,0.3333333333333333,8.12,NA,0.12,245.1,159,186.83333333333337,7.84,38.90137333333333,-92.34235,221.7,994.8888888888888
438,2026-02-02,2026-02-02 10:56:48,2.082,4.183333333333334,11.953333333333331,91.7,4.8933333333333335,0.24333333333333337,7.989999999999999,NA,0.12,245.16666666666663,159,187,7.833333333333333,38.90138,-92.34235,221.46666666666667,994.8444444444444
438,2026-02-02,2026-02-02 10:56:51,2.1353333333333335,4.187333333333333,11.95,91.7,4.99,0.18000000000000002,7.706666666666667,NA,0.12,245.16666666666663,159,187.16666666666663,7.83,38.90138,-92.34235,221.36666666666667,994.8
438,2026-02-02,2026-02-02 10:56:54,2.1763333333333335,4.191,11.943333333333332,91.63333333333333,5.043333333333333,0.23,7.77,NA,0.12,244.9,159,187.33333333333337,7.823333333333333,38.90138,-92.34235,221.4,994.8
438,2026-02-02,2026-02-02 10:56:57,2.206,4.193,11.933333333333334,91.6,4.963333333333334,0.3433333333333333,7.946666666666666,NA,0.12,245.16666666666663,159,187.46666666666667,7.82,38.90138,-92.34235,221.26666666666668,994.8444444444444
438,2026-02-02,2026-02-02 10:57:00,2.2506666666666666,4.194333333333334,11.926666666666666,91.5,4.9366666666666665,0.3466666666666667,8.173333333333334,NA,0.12,245.06666666666663,159,187.63333333333333,7.813333333333333,38.90138,-92.34235,221.16666666666663,994.8
438,2026-02-02,2026-02-02 10:57:03,2.293,4.196666666666666,11.92,91.5,5.056666666666667,0.35,8.49,NA,0.12,245.1,159,187.8,7.81,38.90138,-92.34235,221.36666666666667,994.8444444444444
438,2026-02-02,2026-02-02 10:57:06,2.336333333333333,4.197333333333334,11.91,91.4,5.1033333333333335,0.31,8.11,NA,0.12,245.26666666666665,159,187.93333333333337,7.8,38.90138,-92.34235,221.36666666666667,994.8444444444444
438,2026-02-02,2026-02-02 10:57:09,2.377,4.198,11.906666666666666,91.4,5.076666666666666,0.20333333333333337,7.913333333333333,NA,0.12,245.26666666666665,159.33333333333334,188.13333333333333,7.8,38.90138,-92.34235,221.13333333333333,994.7555555555556
438,2026-02-02,2026-02-02 10:57:12,2.4233333333333333,4.199,11.896666666666668,91.3,5.006666666666667,0.16666666666666666,7.93,NA,0.12,245.3,159.33333333333334,188.26666666666668,7.793333333333333,38.90138,-92.34235,220.93333333333337,994.8
438,2026-02-02,2026-02-02 10:57:15,2.49,4.198666666666667,11.886666666666668,91.23333333333332,5.033333333333333,0.23,7.813333333333333,NA,0.12,245.26666666666668,159,188.46666666666667,7.786666666666667,38.90138,-92.34235,220.96666666666667,994.8444444444444
438,2026-02-02,2026-02-02 10:57:18,2.5516666666666667,4.199,11.876666666666669,91.13333333333333,5.08,0.30333333333333334,7.683333333333334,NA,0.12,245,159,188.6,7.78,38.90138,-92.34235,221.1,994.7555555555556
438,2026-02-02,2026-02-02 10:57:21,2.6013333333333333,4.196666666666666,11.863333333333332,91.03333333333332,5.05,0.34,7.326666666666667,NA,0.12,245.2,159,188.76666666666668,7.773333333333333,38.90138,-92.34235,221,994.8
438,2026-02-02,2026-02-02 10:57:24,2.6373333333333333,4.197333333333334,11.85,90.9,4.926666666666667,0.2866666666666667,7.536666666666666,NA,0.12,245.3,159,188.9,7.77,38.90138,-92.34235,220.53333333333333,994.8
438,2026-02-02,2026-02-02 10:57:27,2.679,4.1946666666666665,11.823333333333334,90.73333333333332,4.766666666666667,0.19,7.766666666666667,NA,0.12,245.26666666666668,159,189.03333333333333,7.763333333333333,38.90138,-92.34234666666666,220.06666666666663,994.8444444444444
438,2026-02-02,2026-02-02 10:57:30,2.717,4.193,11.803333333333336,90.56666666666666,4.663333333333333,0.15333333333333335,7.026666666666666,NA,0.12,245.3,159,189.2,7.76,38.90138,-92.34234,219.9,994.8888888888888
438,2026-02-02,2026-02-02 10:57:33,2.756333333333333,4.192666666666667,11.783333333333331,90.43333333333334,4.71,0.22,7.383333333333333,NA,0.12,245.36666666666667,159.33333333333334,189.43333333333337,7.75,38.90138,-92.34234,220.03333333333333,994.7555555555556
438,2026-02-02,2026-02-02 10:57:36,2.8053333333333335,4.192666666666667,11.76,90.23333333333332,4.573333333333333,0.2733333333333334,7.3,NA,0.12,245.6,160,189.63333333333333,7.746666666666667,38.90138,-92.34234,220.2,994.7555555555556
438,2026-02-02,2026-02-02 10:57:39,2.8533333333333335,4.192333333333333,11.743333333333334,90.1,4.583333333333333,0.2866666666666667,7.003333333333334,NA,0.12,245.63333333333333,160,189.8,7.74,38.90138,-92.34234,220.26666666666668,994.8
438,2026-02-02,2026-02-02 10:57:42,2.909333333333333,4.191666666666666,11.723333333333334,89.93333333333334,4.516666666666667,0.23,6.786666666666667,NA,0.12,245.76666666666668,160,189.96666666666667,7.736666666666667,38.90138,-92.34234,220.23333333333332,994.7111111111112
438,2026-02-02,2026-02-02 10:57:45,2.948,4.191,11.713333333333336,89.86666666666667,4.493333333333333,0.17,6.75,NA,0.12,245.73333333333332,160,190.16666666666663,7.73,38.90138,-92.34234,220.43333333333337,994.7555555555556
438,2026-02-02,2026-02-02 10:57:48,3.014333333333333,4.195333333333333,11.693333333333332,89.73333333333333,4.57,0.13,6.4366666666666665,NA,0.12,245.96666666666667,160,190.36666666666667,7.726666666666667,38.90138,-92.34234,220.36666666666667,994.8
438,2026-02-02,2026-02-02 10:57:51,3.080333333333334,4.202333333333334,11.68,89.63333333333333,4.506666666666667,0.16666666666666666,6.803333333333334,NA,0.12,246.03333333333333,160,190.6,7.72,38.90138,-92.34234,220.2,994.7555555555556
438,2026-02-02,2026-02-02 10:57:54,3.148333333333333,4.208333333333333,11.663333333333334,89.53333333333333,4.6066666666666665,0.2733333333333333,7.973333333333334,NA,0.12,246.03333333333333,160,190.8,7.71,38.90138,-92.34234,220.3,994.8444444444444
438,2026-02-02,2026-02-02 10:57:57,3.202,4.215333333333334,11.646666666666668,89.43333333333334,4.616666666666667,0.32333333333333336,7.663333333333333,NA,0.12,246.06666666666663,160,191,7.706666666666667,38.90138,-92.34234,220.6,994.8
438,2026-02-02,2026-02-02 10:58:00,3.260666666666667,4.2236666666666665,11.63,89.33333333333333,4.673333333333333,0.2966666666666667,7.646666666666667,NA,0.12,246.06666666666663,160,191.2,7.696666666666667,38.90138,-92.34234,220.6,994.8
438,2026-02-02,2026-02-02 10:58:03,3.3123333333333336,4.228,11.61,89.16666666666667,4.913333333333333,0.30666666666666664,8.27,NA,0.12,246.03333333333333,160,191.4,7.69,38.90138,-92.34234,220.53333333333333,994.7111111111112
438,2026-02-02,2026-02-02 10:58:06,3.3806666666666665,4.232,11.59,89.03333333333333,5.12,0.27666666666666667,8.126666666666667,NA,0.12,246.2,160,191.63333333333333,7.683333333333334,38.90138,-92.34234,220.76666666666665,994.8444444444444
438,2026-02-02,2026-02-02 10:58:21,3.4363333333333332,4.237,11.496666666666666,88.3,5.426666666666667,0.38333333333333336,8.616666666666665,NA,0.12,246.23333333333332,160,192.46666666666667,7.66,38.901383333333335,-92.34234,220.2,994.8444444444444
438,2026-02-02,2026-02-02 10:58:27,3.469,4.237333333333334,11.463333333333336,88.06666666666666,5.203333333333334,0.26666666666666666,9.366666666666667,NA,0.12,246.23333333333332,160,192.66666666666663,7.65,38.90139,-92.34234,219.26666666666665,994.7555555555556
438,2026-02-02,2026-02-02 10:58:30,3.5103333333333335,4.238666666666667,11.446666666666664,87.93333333333334,5.113333333333333,0.36,8.713333333333333,NA,0.12,246.4,160,192.76666666666668,7.65,38.90139,-92.34234,219.06666666666663,994.8
438,2026-02-02,2026-02-02 10:58:33,3.5813333333333333,4.238333333333333,11.433333333333334,87.83333333333333,5.14,0.41,8.41,NA,0.12,246.66666666666663,160,192.93333333333337,7.643333333333333,38.90139,-92.34234,218.96666666666667,994.7111111111112
438,2026-02-02,2026-02-02 10:58:39,3.6373333333333338,4.239333333333334,11.406666666666666,87.6,5.273333333333333,0.31333333333333335,8.513333333333334,NA,0.12,246.46666666666667,160,193.23333333333332,7.63,38.90139,-92.34234,218.8,994.7555555555556
438,2026-02-02,2026-02-02 10:58:42,3.677,4.240666666666667,11.393333333333334,87.53333333333333,5.233333333333333,0.26,9.176666666666666,NA,0.12,246.33333333333337,160,193.4,7.63,38.90139,-92.34234,218.63333333333333,994.7111111111112
438,2026-02-02,2026-02-02 10:58:48,3.7276666666666665,4.241666666666666,11.37,87.36666666666667,5.406666666666667,0.42,9.586666666666666,NA,0.12,246.5,160,193.7,7.62,38.90139,-92.34234,218.46666666666667,994.7555555555556
438,2026-02-02,2026-02-02 10:58:51,3.752,4.242,11.363333333333332,87.3,5.966666666666667,0.5833333333333333,10.41,NA,0.12,246.43333333333337,160,193.86666666666667,7.61,38.90139,-92.34234,218.56666666666663,994.7555555555556
438,2026-02-02,2026-02-02 10:59:03,3.8123333333333336,4.243,11.34,87.1,7.67,0.7666666666666667,15.316666666666666,NA,0.12,246.5,160,194.5,7.6,38.90139,-92.34234,218.8,994.7555555555556
438,2026-02-02,2026-02-02 10:59:06,3.8413333333333335,4.243666666666667,11.33,87.03333333333333,6.7299999999999995,0.63,15.413333333333334,NA,0.12,246.36666666666667,160,194.63333333333333,7.59,38.90139333333333,-92.34234,218.7,994.8
438,2026-02-02,2026-02-02 10:59:18,3.902,4.245,11.31,86.9,6.173333333333334,0.5166666666666667,17.076666666666668,NA,0.12,246.6,160,195.13333333333333,7.58,38.9014,-92.34234,218.8,994.6666666666666
438,2026-02-02,2026-02-02 10:59:21,3.926,4.245,11.31,86.9,6.49,0.5433333333333333,6.68,NA,0.12,246.56666666666663,160,195.4,7.58,38.90139666666667,-92.34234333333332,219.03333333333333,994.7555555555556
438,2026-03-09,2026-03-09 12:38:16,0.086,13.179,10.02,95.6,1.45,0.32,-3.42,NA,0.1,214.4,139,196.7,8.08,38.90138,-92.34231,221.9,980.1333333333332
438,2026-03-09,2026-03-09 12:38:17,0.145,13.066,10.12,96.2,1.4,0.28,-3.63,NA,0.1,212.6,138,198,8.06,38.90138,-92.34231,222,979.8666666666668
438,2026-03-09,2026-03-09 12:38:18,0.2,12.903,10.21,96.8,1.51,0.23,-3.49,NA,0.1,212.2,138,198.8,8.06,38.90138,-92.34231,222.1,979.8666666666668
438,2026-03-09,2026-03-09 12:38:19,0.242,12.867,10.27,97.2,1.68,0.26,-3.49,NA,0.1,211.8,138,199.3,8.05,38.90138,-92.34231,222.1,980
438,2026-03-09,2026-03-09 12:38:22,0.326,12.769,10.39,98.2,1.65,0.27,-3.47,NA,0.1,211.8,138,201.1,8.04,38.90138,-92.34231,222.2,979.8666666666668
438,2026-03-09,2026-03-09 12:38:23,0.37,12.739,10.45,98.6,1.82,0.27,-3.98,NA,0.1,211.2,137,201.6,8.03,38.90138,-92.34231,222.3,980
438,2026-03-09,2026-03-09 12:38:25,0.43,12.685,10.48,98.9,2.31,0.25,-3.76,NA,0.1,211.2,137,202.7,8.02,38.90138,-92.34231,222.3,979.8666666666668
438,2026-03-09,2026-03-09 12:38:26,0.459,12.618,10.5,99,2.35,0.32,-4.1,NA,0.1,211.7,138,203.1,8.02,38.90138,-92.34231,222.3,979.8666666666668
438,2026-03-09,2026-03-09 12:38:27,0.495,12.58,10.55,99.3,2.39,0.33,-3.99,NA,0.1,212,138,203.6,8.01,38.90138,-92.34231,222.3,980
438,2026-03-09,2026-03-09 12:38:30,0.547,12.68,10.57,99.7,2.43,0.34,-3.32,NA,0.1,211,137,204.9,8,38.90138,-92.34231,222.5,980
438,2026-03-09,2026-03-09 12:38:31,0.573,12.633,10.57,99.6,2.55,0.31,-2.83,NA,0.1,211.1,137,205.2,8,38.90138,-92.34231,222.5,980
438,2026-03-09,2026-03-09 12:38:32,0.606,12.493,10.59,99.6,2.96,0.33,-2.83,NA,0.1,211.8,138,205.7,7.99,38.90138,-92.34231,222.3,979.8666666666668
438,2026-03-09,2026-03-09 12:38:33,0.67,12.368,10.63,99.7,3.04,0.33,-2.96,NA,0.1,212.3,138,206.1,7.99,38.90138,-92.34231,222.2,979.8666666666668
438,2026-03-09,2026-03-09 12:38:34,0.708,12.326,10.68,99.9,3.19,0.34,-2.69,NA,0.1,212.4,138,206.5,7.99,38.90138,-92.34231,222.1,980
438,2026-03-09,2026-03-09 12:38:35,0.744,12.294,10.7,100,3.3,0.43,-2.6,NA,0.1,211.8,138,207,7.99,38.90138,-92.34231,222,980.1333333333332
438,2026-03-09,2026-03-09 12:38:36,0.765,12.213,10.72,100.1,3.3,0.41,-2.56,NA,0.1,211,137,207.3,7.98,38.90138,-92.34231,221.9,979.8666666666668
438,2026-03-09,2026-03-09 12:38:37,0.799,12.078,10.75,100.1,3.41,0.36,-2.26,NA,0.1,210.8,137,207.8,7.98,38.90138,-92.34231,221.9,980
438,2026-03-09,2026-03-09 12:38:38,0.831,12.027,10.77,100,3.54,0.4,-2.19,NA,0.1,211,137,208.2,7.97,38.90138,-92.34231,221.8,979.8666666666668
438,2026-03-09,2026-03-09 12:38:39,0.862,11.94,10.75,99.8,3.61,0.4,-2.12,NA,0.1,211.7,138,208.6,7.97,38.90138,-92.34231,221.7,980
438,2026-03-09,2026-03-09 12:38:40,0.904,11.81,10.77,99.7,3.6,0.35,-1.98,NA,0.1,212.1,138,208.9,7.96,38.90138,-92.34231,221.7,980
438,2026-03-09,2026-03-09 12:38:41,0.943,11.783,10.81,99.8,3.64,0.41,-1.71,NA,0.1,212.2,138,209.1,7.96,38.90138,-92.34231,221.5,980
438,2026-03-09,2026-03-09 12:38:42,0.97,11.811,10.81,99.8,3.83,0.48,-1.42,NA,0.1,212,138,209.6,7.96,38.90138,-92.34231,221.4,979.8666666666668
438,2026-03-09,2026-03-09 12:38:43,0.991,11.81,10.79,99.8,3.86,0.49,-1.48,NA,0.1,211.9,138,209.9,7.95,38.90138,-92.34231,221.4,980
438,2026-03-09,2026-03-09 12:38:44,1.012,11.706,10.79,99.7,3.83,0.48,-1.4,NA,0.1,212.3,138,210.2,7.95,38.90138,-92.34231,221.5,980
438,2026-03-09,2026-03-09 12:38:45,1.038,11.627,10.83,99.7,3.82,0.47,-1.61,NA,0.1,212.6,138,210.4,7.95,38.90138,-92.34231,221.6,980
438,2026-03-09,2026-03-09 12:38:46,1.063,11.619,10.83,99.7,3.85,0.51,-1.72,NA,0.1,212.6,138,210.7,7.94,38.90138,-92.34231,221.6,980.1333333333332
438,2026-03-09,2026-03-09 12:38:47,1.122,11.618,10.84,99.8,3.95,0.48,-1.64,NA,0.1,212.4,138,211.1,7.94,38.90139,-92.34231,221.7,979.8666666666668
438,2026-03-09,2026-03-09 12:38:48,1.17,11.573,10.85,99.8,3.94,0.46,-1.67,NA,0.1,212.1,138,211.3,7.94,38.90139,-92.34231,221.7,979.7333333333332
438,2026-03-09,2026-03-09 12:38:49,1.208,11.535,10.86,99.8,3.99,0.52,-1.49,NA,0.1,211.8,138,211.6,7.94,38.90139,-92.34231,221.9,979.8666666666668
438,2026-03-09,2026-03-09 12:38:50,1.254,11.541,10.85,99.7,4.03,0.54,-1.05,NA,0.1,211.5,137,211.9,7.93,38.90139,-92.34231,222,979.8666666666668
438,2026-03-09,2026-03-09 12:38:52,1.299,11.54,10.81,99.4,3.88,0.4,-1.41,NA,0.1,211.3,137,212.5,7.93,38.90139,-92.34231,222.2,980
438,2026-03-09,2026-03-09 12:38:54,1.358,11.438,10.83,99.3,4.01,0.48,-1.42,NA,0.1,211,137,213.1,7.92,38.90139,-92.34231,222.3,979.8666666666668
438,2026-03-09,2026-03-09 12:38:55,1.405,11.401,10.83,99.2,4.13,0.48,-1.28,NA,0.1,210.6,137,213.4,7.92,38.90139,-92.34231,222.3,980
438,2026-03-09,2026-03-09 12:38:56,1.444,11.373,10.84,99.2,4.11,0.45,-1.49,NA,0.1,210.4,137,213.5,7.91,38.90139,-92.34231,222.4,979.8666666666668
438,2026-03-09,2026-03-09 12:38:57,1.467,11.348,10.85,99.3,4.06,0.47,-1.32,NA,0.1,210.5,137,214,7.91,38.90139,-92.34231,222.5,980
438,2026-03-09,2026-03-09 12:38:58,1.504,11.341,10.85,99.2,4.05,0.47,-0.98,NA,0.1,210.5,137,214.2,7.9,38.90139,-92.34231,222.5,980
438,2026-03-09,2026-03-09 12:38:59,1.555,11.337,10.84,99.1,4.12,0.43,-0.85,NA,0.1,210.4,137,214.4,7.9,38.90139,-92.34231,222.6,980.1333333333332
438,2026-03-09,2026-03-09 12:39:02,1.619,11.028,10.83,98.6,4.26,0.44,-0.79,NA,0.1,211.7,138,215.2,7.89,38.90139,-92.34231,222.7,979.8666666666668
438,2026-03-09,2026-03-09 12:39:03,1.648,10.861,10.83,98,4.35,0.43,-0.59,NA,0.1,212.5,138,215.5,7.89,38.90139,-92.34231,222.6,979.8666666666668
438,2026-03-09,2026-03-09 12:39:04,1.697,10.832,10.81,97.7,4.44,0.4,-0.03,NA,0.1,212.6,138,215.7,7.88,38.90139,-92.34231,222.6,979.8666666666668
438,2026-03-09,2026-03-09 12:39:05,1.726,10.781,10.79,97.5,4.44,0.41,-0.16,NA,0.1,212.5,138,216,7.88,38.90139,-92.34231,222.6,980
438,2026-03-09,2026-03-09 12:39:06,1.753,10.736,10.82,97.6,4.45,0.45,-0.55,NA,0.1,212.5,138,216.1,7.87,38.90139,-92.34231,222.6,980
438,2026-03-09,2026-03-09 12:39:09,1.818,10.771,10.72,96.9,4.45,0.54,-0.93,NA,0.1,211.1,137,216.8,7.86,38.90139,-92.34231,222.3,979.8666666666668
438,2026-03-09,2026-03-09 12:39:10,1.892,10.656,10.66,96.1,4.47,0.45,-0.83,NA,0.1,211.4,137,217.1,7.85,38.90139,-92.34231,222.3,979.8666666666668
438,2026-03-09,2026-03-09 12:39:11,1.924,10.625,10.65,95.9,4.48,0.41,-1.08,NA,0.1,211.5,137,217.3,7.85,38.90139,-92.34231,222.3,979.8666666666668
438,2026-03-09,2026-03-09 12:39:12,1.989,10.585,10.64,95.7,4.39,0.44,-1.77,NA,0.1,211.3,137,217.6,7.84,38.90139,-92.34231,222.3,979.8666666666668
438,2026-03-09,2026-03-09 12:39:13,2.022,10.475,10.67,95.8,4.25,0.44,-2.22,NA,0.1,211.6,138,217.8,7.84,38.90139,-92.34231,222.2,979.8666666666668
438,2026-03-09,2026-03-09 12:39:14,2.047,10.255,10.73,95.9,4.14,0.43,-2.2,NA,0.1,212.4,138,218,7.83,38.90139,-92.34231,222.2,979.8666666666668
438,2026-03-09,2026-03-09 12:39:15,2.081,10.114,10.78,95.9,4.17,0.48,-1.52,NA,0.1,213,138,218.2,7.82,38.90139,-92.34232,222.1,979.8666666666668
438,2026-03-09,2026-03-09 12:39:16,2.102,10.139,10.75,95.5,4.14,0.48,-1.05,NA,0.1,212.7,138,218.3,7.82,38.9014,-92.34232,222.1,979.8666666666668
438,2026-03-09,2026-03-09 12:39:17,2.158,10.134,10.58,94,3.89,0.45,-1.96,NA,0.1,212.6,138,218.8,7.82,38.90139,-92.34232,222.1,979.7333333333332
438,2026-03-09,2026-03-09 12:39:19,2.23,9.855,10.52,93.2,3.59,0.37,-2.68,NA,0.1,214,139,220,7.79,38.90139,-92.34232,222,979.8666666666668
438,2026-03-09,2026-03-09 12:39:20,2.265,9.672,10.56,93.1,3.73,0.41,-2.23,NA,0.1,215.4,140,220.3,7.78,38.90139,-92.34232,221.9,980
438,2026-03-09,2026-03-09 12:39:21,2.305,9.609,10.57,92.9,3.72,0.42,-1.94,NA,0.1,215.9,140,220.4,7.77,38.90139,-92.34232,221.9,979.7333333333332
438,2026-03-09,2026-03-09 12:39:22,2.325,9.455,10.55,92.5,3.74,0.38,-2.26,NA,0.1,217.6,141,220.7,7.76,38.90139,-92.34232,221.9,979.8666666666668
438,2026-03-09,2026-03-09 12:39:23,2.371,9.254,10.48,91.4,3.87,0.42,-2.19,NA,0.1,219.2,142,221,7.75,38.90139,-92.34232,221.9,979.8666666666668
438,2026-03-09,2026-03-09 12:39:24,2.417,9.122,10.42,90.5,3.76,0.39,-1.75,NA,0.11,221,144,221.2,7.74,38.90139,-92.34232,221.8,980
438,2026-03-09,2026-03-09 12:39:25,2.45,9.071,10.43,90.5,3.5,0.39,-2.27,NA,0.11,221.8,144,221.6,7.73,38.90139,-92.34232,221.8,979.7333333333332
438,2026-03-09,2026-03-09 12:39:26,2.557,8.89,10.32,89.4,3.37,0.33,-3.21,NA,0.11,223.4,145,222.1,7.72,38.90139,-92.34232,221.7,980
438,2026-03-09,2026-03-09 12:39:27,2.7,8.522,10.26,88,3.27,0.27,-3.33,NA,0.11,225.9,147,222.6,7.7,38.90139,-92.34232,221.6,980
438,2026-03-09,2026-03-09 12:39:28,2.842,8.492,10.24,87.6,3.31,0.37,-3.19,NA,0.11,225.9,147,222.8,7.68,38.90139,-92.34232,221.6,979.8666666666668
438,2026-03-09,2026-03-09 12:39:29,2.891,8.381,10.16,86.8,3.26,0.34,-3.17,NA,0.11,226.4,147,223,7.67,38.90139,-92.34232,221.6,979.8666666666668
438,2026-03-09,2026-03-09 12:39:30,2.966,8.243,10.11,86.1,3.09,0.33,-3.08,NA,0.11,227.1,148,223.1,7.66,38.90139,-92.34232,221.6,980
438,2026-03-09,2026-03-09 12:39:31,3.02,8.102,10.08,85.6,3,0.35,-3.57,NA,0.11,227.9,148,223.3,7.65,38.90139,-92.34232,221.6,980
438,2026-03-09,2026-03-09 12:39:32,3.084,8.038,10.05,85,3.12,0.35,-3.76,NA,0.11,228.6,149,223.5,7.64,38.90139,-92.34232,221.7,979.8666666666668
438,2026-03-09,2026-03-09 12:39:33,3.109,8.076,9.96,84.3,3.34,0.35,-3.11,NA,0.11,228.5,148,223.6,7.63,38.90139,-92.34232,221.7,980
438,2026-03-09,2026-03-09 12:39:34,3.13,8.086,9.85,83.4,3.42,0.37,-2.58,NA,0.11,228,148,223.8,7.62,38.90139,-92.34232,221.8,979.8666666666668
438,2026-03-09,2026-03-09 12:39:35,3.192,8.025,9.76,82.6,3.35,0.38,-3.08,NA,0.11,227.6,148,224,7.61,38.90139,-92.34232,221.8,979.7333333333332
438,2026-03-09,2026-03-09 12:39:36,3.226,7.979,9.7,82,3.26,0.37,-3.51,NA,0.11,227.7,148,224.1,7.61,38.90139,-92.34232,221.8,979.7333333333332
438,2026-03-09,2026-03-09 12:39:37,3.272,7.893,9.62,81.2,3.11,0.34,-3.72,NA,0.11,228.6,149,224.3,7.6,38.90139,-92.34232,221.8,979.7333333333332
438,2026-03-09,2026-03-09 12:39:38,3.294,7.885,9.58,80.7,3.08,0.34,-4.16,NA,0.11,228.8,149,224.4,7.59,38.90139,-92.34232,222,979.7333333333332
438,2026-03-09,2026-03-09 12:39:39,3.317,7.863,9.52,80.2,2.96,0.36,-4.47,NA,0.11,229,149,224.6,7.59,38.90139,-92.34232,222.1,979.7333333333332
438,2026-03-09,2026-03-09 12:39:40,3.353,7.812,9.47,79.7,2.99,0.39,-4.53,NA,0.11,228.7,149,224.7,7.58,38.90139,-92.34233,222.1,979.7333333333332
438,2026-03-09,2026-03-09 12:39:42,3.406,7.803,9.35,78.6,2.96,0.37,-4.58,NA,0.11,228.4,148,225,7.56,38.90139,-92.34233,222.3,979.8666666666668
438,2026-03-09,2026-03-09 12:39:44,3.463,7.825,9.19,77.3,2.75,0.36,-4.45,NA,0.11,227.9,148,225.4,7.54,38.90139,-92.34233,222.3,979.8666666666668
438,2026-03-09,2026-03-09 12:39:45,3.509,7.831,9.08,76.4,2.81,0.33,-4.51,NA,0.11,227.8,148,225.6,7.53,38.90139,-92.34234,222.3,979.8666666666668
438,2026-03-09,2026-03-09 12:39:46,3.537,7.849,9.02,75.9,2.9,0.32,-4.04,NA,0.11,227.7,148,225.7,7.53,38.90139,-92.34234,222.3,979.7333333333332
438,2026-03-09,2026-03-09 12:39:49,3.596,7.822,8.68,73,3,0.4,-3.23,NA,0.11,227.7,148,226.3,7.5,38.90139,-92.34234,222.4,979.8666666666668
438,2026-03-09,2026-03-09 12:39:50,3.633,7.815,8.58,72.2,2.95,0.35,-3.51,NA,0.11,227.8,148,226.5,7.49,38.90139,-92.34235,222.4,979.8666666666668
438,2026-03-09,2026-03-09 12:39:51,3.663,7.814,8.51,71.6,2.94,0.36,-3.91,NA,0.11,227.8,148,226.6,7.49,38.90139,-92.34235,222.3,979.7333333333332
438,2026-03-09,2026-03-09 12:39:53,3.73,7.802,8.32,70,2.89,0.36,-4.01,NA,0.11,227.7,148,227,7.47,38.90139,-92.34235,222.3,979.8666666666668
438,2026-03-09,2026-03-09 12:39:54,3.783,7.792,8.25,69.4,2.96,0.37,-4.03,NA,0.11,227.9,148,227.1,7.47,38.90139,-92.34235,222.4,979.8666666666668
438,2026-03-09,2026-03-09 12:39:55,3.808,7.792,8.18,68.8,3.8,0.62,-3.65,NA,0.11,227.9,148,227.3,7.46,38.90139,-92.34235,222.4,979.7333333333332
438,2026-04-07,2026-04-07 09:05:51,0.152,15.216,9.4,93.7,0.23,0.03,0.68,NA,0.1,206.7,134,203.2,7.56,38.90141,-92.34241,222.6,1001.0666666666666
438,2026-04-07,2026-04-07 09:05:56,0.337,15.221,9.34,93.2,0.2,0.08,0.79,NA,0.1,206.6,134,204.5,7.56,38.90141,-92.34241,222.6,1001.0666666666666
438,2026-04-07,2026-04-07 09:05:57,0.459,15.214,9.34,93.1,0.25,0.08,0.76,NA,0.1,206.8,134,204.7,7.56,38.9014,-92.34241,222.5,1001.0666666666666
438,2026-04-07,2026-04-07 09:06:00,0.58,15.214,9.32,92.9,0.21,0.05,0.71,NA,0.1,206.7,134,204.9,7.57,38.9014,-92.3424,221.7,1001.0666666666666
438,2026-04-07,2026-04-07 09:06:01,0.634,15.21,9.31,92.8,0.22,0.01,0.74,NA,0.1,206.7,134,205.2,7.57,38.9014,-92.3424,221.5,1001.0666666666666
438,2026-04-07,2026-04-07 09:06:02,0.759,15.21,9.31,92.8,0.2,0,0.74,NA,0.1,206.8,134,205.3,7.57,38.9014,-92.3424,221.5,1001.0666666666666
438,2026-04-07,2026-04-07 09:06:03,0.793,15.213,9.31,92.8,0.21,0.01,0.77,NA,0.1,206.7,134,205.6,7.57,38.9014,-92.3424,221.3,1001.0666666666666
438,2026-04-07,2026-04-07 09:06:08,0.913,15.222,9.28,92.6,0.19,0.05,0.67,NA,0.1,206.7,134,206.3,7.57,38.9014,-92.34239,221.1,1001.0666666666666
438,2026-04-07,2026-04-07 09:06:09,0.944,15.224,9.28,92.6,0.19,0.03,0.77,NA,0.1,206.6,134,206.2,7.57,38.9014,-92.34239,221.1,1001.0666666666666
438,2026-04-07,2026-04-07 09:06:10,0.996,15.227,9.28,92.6,0.19,0,0.81,NA,0.1,206.7,134,206.2,7.57,38.9014,-92.34239,221,1001.0666666666666
438,2026-04-07,2026-04-07 09:06:11,1.027,15.23,9.28,92.5,0.2,-0.01,0.74,NA,0.1,206.7,134,206.2,7.58,38.9014,-92.34239,221,1001.0666666666666
438,2026-04-07,2026-04-07 09:06:12,1.134,15.231,9.27,92.5,0.21,0.05,0.85,NA,0.1,206.8,134,206.3,7.58,38.9014,-92.34239,221,1001.2
438,2026-04-07,2026-04-07 09:06:13,1.175,15.23,9.27,92.5,0.23,0.08,0.85,NA,0.1,207,135,206.5,7.58,38.9014,-92.34239,220.9,1001.0666666666666
438,2026-04-07,2026-04-07 09:06:16,1.24,15.234,9.27,92.4,0.18,0.04,0.77,NA,0.1,206.8,134,206.9,7.58,38.9014,-92.34239,220.6,1001.0666666666666
438,2026-04-07,2026-04-07 09:06:17,1.302,15.233,9.27,92.4,0.19,0.12,0.78,NA,0.1,206.8,134,207.1,7.58,38.9014,-92.34239,220.6,1001.0666666666666
438,2026-04-07,2026-04-07 09:06:18,1.38,15.231,9.26,92.3,0.22,0.11,0.76,NA,0.1,206.8,134,207.2,7.58,38.9014,-92.34239,220.6,1001.0666666666666
438,2026-04-07,2026-04-07 09:06:19,1.452,15.232,9.26,92.3,0.23,0.06,0.8,NA,0.1,206.8,134,207.3,7.58,38.9014,-92.34239,220.6,1001.0666666666666
438,2026-04-07,2026-04-07 09:06:20,1.486,15.233,9.26,92.3,0.21,0.06,0.7,NA,0.1,206.7,134,207.5,7.58,38.9014,-92.34239,220.6,1001.2
438,2026-04-07,2026-04-07 09:06:21,1.527,15.233,9.26,92.3,0.19,0.03,0.66,NA,0.1,206.6,134,207.7,7.58,38.90141,-92.34239,220.6,1001.2
438,2026-04-07,2026-04-07 09:06:22,1.574,15.231,9.25,92.3,0.21,0.06,0.73,NA,0.1,206.8,134,207.8,7.57,38.90141,-92.34239,220.6,1001.0666666666666
438,2026-04-07,2026-04-07 09:06:23,1.628,15.229,9.25,92.2,0.19,0.09,0.71,NA,0.1,206.9,134,207.9,7.57,38.90141,-92.34239,220.6,1001.2
438,2026-04-07,2026-04-07 09:06:24,1.751,15.228,9.25,92.3,0.2,0.06,0.74,NA,0.1,207,135,208,7.58,38.90141,-92.34239,220.6,1001.0666666666666
438,2026-04-07,2026-04-07 09:06:25,1.86,15.227,9.25,92.2,0.24,0,0.79,NA,0.1,207,135,208.1,7.58,38.90141,-92.34239,220.6,1001.0666666666666
438,2026-04-07,2026-04-07 09:06:26,2.013,15.225,9.25,92.2,0.19,0,0.7,NA,0.1,207,135,208.3,7.58,38.90141,-92.34239,220.5,1001.0666666666666
438,2026-04-07,2026-04-07 09:06:27,2.078,15.223,9.25,92.2,0.19,0.05,0.66,NA,0.1,206.8,134,208.3,7.58,38.90141,-92.34239,220.5,1001.0666666666666
438,2026-04-07,2026-04-07 09:06:28,2.1,15.222,9.25,92.2,0.19,0.03,0.67,NA,0.1,206.7,134,208.3,7.58,38.90141,-92.34239,220.5,1001.0666666666666
438,2026-04-07,2026-04-07 09:06:29,2.147,15.222,9.25,92.2,0.13,-0.01,0.64,NA,0.1,206.8,134,208.4,7.58,38.90141,-92.34239,220.6,1001.2
438,2026-04-07,2026-04-07 09:06:30,2.233,15.219,9.25,92.2,0.14,-0.02,0.68,NA,0.1,206.8,134,208.4,7.58,38.90141,-92.34238,220.6,1001.0666666666666
438,2026-04-07,2026-04-07 09:06:31,2.39,15.052,9.19,91.5,0.15,0.01,0.8,NA,0.1,207.5,135,209,7.58,38.90141,-92.34238,220.6,1001.0666666666666
438,2026-04-07,2026-04-07 09:06:32,2.434,14.885,9.19,91.1,0.16,0.02,0.67,NA,0.1,208.4,135,209.2,7.58,38.90141,-92.34238,220.6,1001.0666666666666
438,2026-04-07,2026-04-07 09:06:33,2.488,14.845,9.14,90.5,0.18,0.01,0.59,NA,0.1,208.3,135,209.2,7.57,38.90141,-92.34238,220.6,1001.0666666666666
438,2026-04-07,2026-04-07 09:06:34,2.577,14.494,8.95,88.3,0.19,0.05,0.7,NA,0.1,210.1,137,210.3,7.57,38.90141,-92.34238,220.6,1001.2
438,2026-04-07,2026-04-07 09:06:35,2.623,13.892,8.94,87.1,0.18,0.04,0.77,NA,0.1,213,138,210.9,7.56,38.90141,-92.34238,220.6,1001.0666666666666
438,2026-04-07,2026-04-07 09:06:37,2.676,13.613,8.82,84.9,0.19,0.05,0.74,NA,0.1,214.8,140,211.2,7.54,38.90141,-92.34238,220.7,1001.0666666666666
438,2026-04-07,2026-04-07 09:06:38,2.756,13.528,8.18,78.7,0.19,0.04,0.61,NA,0.1,215.1,140,211.4,7.54,38.90141,-92.34238,220.7,1001.0666666666666
438,2026-04-07,2026-04-07 09:06:39,2.829,12.799,7.99,76.2,0.19,0.04,0.57,NA,0.1,218,142,212.1,7.53,38.90141,-92.34238,220.6,1001.0666666666666
438,2026-04-07,2026-04-07 09:06:40,2.858,12.497,7.85,73.8,0.19,0.08,0.63,NA,0.11,220.2,143,212.6,7.52,38.90141,-92.34239,220.7,1001.2
438,2026-04-07,2026-04-07 09:06:41,2.933,12.128,7.52,70.5,0.19,0.09,0.71,NA,0.11,221,144,213.6,7.5,38.90141,-92.34239,220.6,1001.0666666666666
438,2026-04-07,2026-04-07 09:06:42,2.993,11.602,7.46,68.9,0.19,0.1,0.77,NA,0.11,223.4,145,214.7,7.49,38.90141,-92.34239,220.5,1001.2
438,2026-04-07,2026-04-07 09:06:43,3.022,11.466,6.76,62.1,0.21,0.1,0.74,NA,0.11,223.7,145,214.9,7.47,38.90141,-92.34238,220.4,1001.0666666666666
438,2026-04-07,2026-04-07 09:06:44,3.048,11.047,6.34,57.9,0.21,0.08,0.74,NA,0.11,225.1,146,215.4,7.46,38.90141,-92.34238,220.4,1001.0666666666666
438,2026-04-07,2026-04-07 09:06:45,3.121,10.766,5.91,53.5,0.26,0.1,0.73,NA,0.11,224.7,146,216,7.45,38.90141,-92.34238,220.3,1001.0666666666666
438,2026-04-07,2026-04-07 09:06:46,3.196,10.424,5.76,51.7,0.31,0.09,0.84,NA,0.11,225,146,216.8,7.44,38.90141,-92.34238,220.2,1001.0666666666666
438,2026-04-07,2026-04-07 09:06:48,3.257,10.336,4.72,42.2,0.37,0.15,0.99,NA,0.11,224.7,146,217.4,7.42,38.90141,-92.34238,220.3,1001.0666666666666
438,2026-04-07,2026-04-07 09:06:49,3.349,10.025,4.48,39.9,0.49,0.16,1.17,NA,0.11,225.2,146,218.3,7.41,38.90141,-92.34238,220.3,1001.0666666666666
438,2026-04-07,2026-04-07 09:06:50,3.397,9.956,4.12,36.5,0.53,0.2,1.24,NA,0.11,225.4,147,219,7.39,38.90141,-92.34238,220.3,1001.0666666666666
438,2026-04-07,2026-04-07 09:06:51,3.516,9.826,4,35.4,0.62,0.18,1.34,NA,0.11,225.7,147,219.6,7.38,38.90141,-92.34238,220.5,1001.0666666666666
438,2026-04-07,2026-04-07 09:06:52,3.594,9.593,3.82,33.6,0.72,0.15,1.42,NA,0.11,226.9,147,220.2,7.37,38.90141,-92.34238,220.6,1001.0666666666666
438,2026-04-07,2026-04-07 09:06:54,3.645,9.602,3.33,29.3,0.76,0.16,1.4,NA,0.11,227.2,148,220.7,7.35,38.90141,-92.34238,221,1001.0666666666666
438,2026-04-07,2026-04-07 09:06:55,3.714,9.587,3.13,27.5,0.77,0.16,1.34,NA,0.11,227.1,148,220.9,7.34,38.90141,-92.34238,221.2,1001.2
438,2026-04-07,2026-04-07 09:06:56,3.742,9.515,2.92,25.6,0.79,0.22,1.43,NA,0.11,227.6,148,221.1,7.33,38.90141,-92.34238,221.2,1001.0666666666666
438,2026-04-07,2026-04-07 09:06:58,3.78,9.389,2.58,22.6,0.87,0.29,1.65,NA,0.11,228.1,148,218.8,7.32,38.90141,-92.34238,221.3,1001.0666666666666
440,2026-01-13,2026-01-13 10:39:34,0.098,4.839,13.03,101.7,3.28,0.17,8.45,NA,0.04,85.7,56,172,7.78,38.8937,-91.7373,239,982
440,2026-01-13,2026-01-13 10:39:39,0.163,4.78,13.13,102.3,3.51,0.27,9.86,NA,0.04,85.8,56,172.2,7.79,38.89369,-91.7373,239.4,982.1333333333332
440,2026-01-13,2026-01-13 10:39:40,0.19,4.788,13.14,102.4,3.62,0.31,9.74,NA,0.04,85.6,56,172.3,7.79,38.89369,-91.7373,239.6,982
440,2026-01-13,2026-01-13 10:39:42,0.224,4.807,13.16,102.6,3.93,0.23,8.92,NA,0.04,85.3,55,171.5,7.8,38.89369,-91.7373,240.4,982
440,2026-01-13,2026-01-13 10:39:43,0.245,4.789,13.17,102.6,3.69,0.22,9.53,NA,0.04,85.4,56,171.6,7.8,38.89369,-91.7373,240.8,982.1333333333332
440,2026-01-13,2026-01-13 10:39:44,0.265,4.779,13.18,102.7,3.47,0.25,9.54,NA,0.04,85.5,56,171.8,7.8,38.89369,-91.7373,240.9,982.1333333333332
440,2026-01-13,2026-01-13 10:39:48,0.319,4.77,13.24,103,3.91,0.16,9.27,NA,0.04,85.4,56,171.6,7.81,38.89369,-91.7373,240.5,982.1333333333332
440,2026-01-13,2026-01-13 10:39:56,0.429,4.744,13.29,103.4,4.14,0.16,9.21,NA,0.04,85.1,55,171.2,7.82,38.89369,-91.7373,240.5,982.1333333333332
440,2026-01-13,2026-01-13 10:40:00,0.5,4.755,13.32,103.6,3.89,0.14,12.39,NA,0.04,85.2,55,171.2,7.81,38.89369,-91.7373,240.5,982.2666666666668
440,2026-01-13,2026-01-13 10:40:02,0.543,4.749,13.32,103.7,4.74,0.16,12.78,NA,0.04,85,55,171,7.82,38.89368,-91.7373,240.4,982.1333333333332
440,2026-01-13,2026-01-13 10:40:04,0.575,4.754,13.34,103.9,5.81,0.17,12.27,NA,0.04,84.9,55,170.9,7.82,38.89368,-91.7373,240,982.1333333333332
440,2026-01-13,2026-01-13 10:40:05,0.595,4.756,13.35,103.9,5.84,0.19,13.35,NA,0.04,84.9,55,171,7.82,38.89368,-91.7373,239.7,982.1333333333332
440,2026-01-13,2026-01-13 10:40:09,0.645,4.753,13.37,104,6.3,0.22,13.45,NA,0.04,85,55,170.5,7.82,38.89368,-91.7373,239.1,982.1333333333332
440,2026-01-13,2026-01-13 10:40:10,0.68,4.754,13.38,104.1,5.96,0.17,14.07,NA,0.04,85,55,170.6,7.83,38.89368,-91.7373,239.1,982
440,2026-01-13,2026-01-13 10:40:12,0.707,4.752,13.37,104,5.27,0.09,16.78,NA,0.04,85,55,170.5,7.83,38.89368,-91.7373,238.6,982.1333333333332
440,2026-01-13,2026-01-13 10:40:13,0.755,4.747,13.38,104.1,5.91,0.13,16.62,NA,0.04,85,55,170.3,7.84,38.89368,-91.7373,238.2,982
440,2026-01-13,2026-01-13 10:40:16,0.792,4.749,13.41,104.3,6.06,-0.04,14.13,NA,0.04,84.9,55,170.1,7.84,38.89368,-91.7373,238,982.1333333333332
440,2026-01-13,2026-01-13 10:40:17,0.825,4.745,13.42,104.4,5.9,-0.02,15.14,NA,0.04,85,55,170.2,7.84,38.89368,-91.7373,238,982
440,2026-01-13,2026-01-13 10:40:18,0.85,4.745,13.42,104.4,5.92,0.02,15.04,NA,0.04,85,55,170,7.84,38.89368,-91.7373,237.9,981.8666666666668
440,2026-01-13,2026-01-13 10:40:26,0.923,4.742,13.44,104.6,6.46,-0.07,15.92,NA,0.04,85,55,169.4,7.86,38.8937,-91.7373,237.9,982
440,2026-01-13,2026-01-13 10:40:27,0.958,4.738,13.45,104.6,5.91,-0.08,16.26,NA,0.04,85,55,169.2,7.86,38.8937,-91.7373,237.9,982.1333333333332
440,2026-01-13,2026-01-13 10:40:28,0.979,4.736,13.47,104.8,5.82,-0.03,15.58,NA,0.04,84.9,55,169.3,7.86,38.8937,-91.7373,237.7,982.2666666666668
440,2026-01-13,2026-01-13 10:40:29,1.009,4.733,13.47,104.8,6.16,0.07,14.68,NA,0.04,85.1,55,169.1,7.86,38.8937,-91.7373,237.7,982.1333333333332
440,2026-01-13,2026-01-13 10:40:30,1.035,4.73,13.46,104.7,6.37,0.09,14.58,NA,0.04,85.1,55,169,7.86,38.8937,-91.7373,237.6,982
440,2026-01-13,2026-01-13 10:40:31,1.07,4.731,13.46,104.7,6.16,0.03,14.89,NA,0.04,85.1,55,169.9,7.87,38.8937,-91.7373,237.4,982.1333333333332
440,2026-01-13,2026-01-13 10:40:33,1.113,4.738,13.46,104.7,7.19,-0.02,20.41,NA,0.04,85,55,169.6,7.87,38.8937,-91.7373,237.1,982.1333333333332
440,2026-01-13,2026-01-13 10:40:35,1.152,4.742,13.47,104.8,6.04,-0.04,18.13,NA,0.04,84.9,55,168.9,7.87,38.8937,-91.7373,237.6,982.1333333333332
440,2026-01-13,2026-01-13 10:40:39,1.204,4.728,13.46,104.7,6.6,0.05,16.42,NA,0.04,85,55,169.3,7.87,38.8937,-91.7373,238.3,982.1333333333332
440,2026-01-13,2026-01-13 10:40:41,1.245,4.733,13.47,104.8,7.19,0.07,18.36,NA,0.04,85,55,168.8,7.87,38.8937,-91.7373,238.6,982.1333333333332
440,2026-01-13,2026-01-13 10:40:42,1.284,4.735,13.48,104.8,7.4,0.11,19.12,NA,0.04,84.9,55,168.8,7.87,38.8937,-91.7373,238.6,982.1333333333332
440,2026-01-13,2026-01-13 10:40:45,1.333,4.737,13.48,104.8,6.82,0.12,17.24,NA,0.04,84.9,55,168.4,7.87,38.89369,-91.7373,238.2,982.2666666666668
440,2026-01-13,2026-01-13 10:40:48,1.392,4.734,13.48,104.8,7.2,0.16,19.1,NA,0.04,85,55,168.8,7.88,38.89369,-91.73731,238.4,982.2666666666668
440,2026-01-13,2026-01-13 10:40:49,1.441,4.736,13.48,104.9,6.45,0.18,20.25,NA,0.04,85,55,168.4,7.88,38.89369,-91.73731,238.5,982.2666666666668
440,2026-01-13,2026-01-13 10:40:51,1.497,4.74,13.47,104.8,6.99,0.27,18.53,NA,0.04,84.9,55,168.2,7.88,38.89369,-91.73731,238,982.1333333333332
440,2026-01-13,2026-01-13 10:40:53,1.554,4.744,13.48,104.8,7.25,0.29,19.26,NA,0.04,84.8,55,169,7.89,38.89369,-91.73731,237.8,982.1333333333332
440,2026-01-13,2026-01-13 10:40:54,1.587,4.744,13.47,104.8,7.45,0.29,17.19,NA,0.04,84.8,55,169.1,7.89,38.89369,-91.73731,237.7,982.1333333333332
440,2026-01-13,2026-01-13 10:40:56,1.628,4.749,13.46,104.7,6.84,0.3,16.77,NA,0.04,85.1,55,169,7.89,38.89369,-91.7373,238,982.2666666666668
440,2026-01-13,2026-01-13 10:40:59,1.684,4.746,13.48,104.9,7.51,0.38,17.58,NA,0.04,85,55,168.6,7.89,38.89369,-91.7373,238.5,982.1333333333332
440,2026-01-13,2026-01-13 10:41:00,1.709,4.747,13.48,104.9,7.47,0.4,19.49,NA,0.04,85,55,168.4,7.89,38.89369,-91.7373,238.4,982
440,2026-01-13,2026-01-13 10:41:01,1.73,4.747,13.47,104.8,6.61,0.37,20.49,NA,0.04,85,55,168.5,7.89,38.89369,-91.7373,238.5,982.1333333333332
440,2026-01-13,2026-01-13 10:41:03,1.793,4.739,13.48,104.9,7.11,0.37,19.51,NA,0.04,85.1,55,167.9,7.89,38.89369,-91.7373,238.3,982.1333333333332
440,2026-01-13,2026-01-13 10:41:04,1.82,4.742,13.5,105,7.16,0.45,19.96,NA,0.04,85,55,167.7,7.89,38.89369,-91.73731,238.5,982.1333333333332
440,2026-01-13,2026-01-13 10:41:07,1.865,4.747,13.49,104.9,7.63,0.43,20.02,NA,0.04,85.1,55,168,7.89,38.89369,-91.73731,239,982
440,2026-01-13,2026-01-13 10:41:08,1.902,4.743,13.48,104.9,6.55,0.47,17.67,NA,0.04,85.1,55,167.9,7.9,38.89369,-91.73731,239.1,982.1333333333332
440,2026-01-13,2026-01-13 10:41:10,1.938,4.739,13.49,104.9,6.82,0.49,20.5,NA,0.04,85,55,168.4,7.9,38.89369,-91.73731,239.4,982
440,2026-01-13,2026-01-13 10:41:11,1.985,4.741,13.49,105,7.36,0.56,19.03,NA,0.04,85.1,55,168,7.9,38.89369,-91.73731,239.3,982.1333333333332
440,2026-01-13,2026-01-13 10:41:12,2.019,4.742,13.5,105,8.24,0.63,17.52,NA,0.04,85.1,55,168,7.9,38.89369,-91.73731,239.2,982.1333333333332
440,2026-01-13,2026-01-13 10:41:13,2.039,4.743,13.5,105,8.02,0.61,17.76,NA,0.04,85,55,168,7.9,38.89369,-91.73731,238.9,982
440,2026-01-13,2026-01-13 10:41:16,2.099,4.746,13.49,105,7.26,0.53,19.4,NA,0.04,84.9,55,168,7.9,38.89369,-91.73731,238.9,982
440,2026-01-13,2026-01-13 10:41:17,2.135,4.747,13.5,105,6.95,0.55,22.86,NA,0.04,84.9,55,168.3,7.9,38.89369,-91.73731,238.7,982.1333333333332
440,2026-01-13,2026-01-13 10:41:28,2.27,4.744,13.52,105.2,7.46,0.6,19.79,NA,0.04,85,55,167.9,7.9,38.89368,-91.73731,238.7,982.1333333333332
440,2026-01-13,2026-01-13 10:41:29,2.291,4.743,13.52,105.2,7.31,0.58,18.02,NA,0.04,85.1,55,167.2,7.9,38.89368,-91.7373,238.5,982
440,2026-01-13,2026-01-13 10:41:31,2.312,4.741,13.54,105.3,7.17,0.57,20.66,NA,0.04,85,55,167.9,7.91,38.89368,-91.73731,238.7,982.1333333333332
440,2026-01-13,2026-01-13 10:41:32,2.34,4.74,13.54,105.3,6.97,0.55,20.2,NA,0.04,85.1,55,168,7.92,38.89368,-91.7373,238.9,982
440,2026-01-13,2026-01-13 10:41:33,2.379,4.74,13.54,105.3,7.27,0.6,20.46,NA,0.04,85,55,167.7,7.92,38.89368,-91.73731,239.3,982
440,2026-01-13,2026-01-13 10:41:36,2.423,4.741,13.53,105.2,7.87,0.74,18.12,NA,0.04,84.9,55,167.9,7.94,38.89369,-91.7373,239.6,982.1333333333332
440,2026-01-13,2026-01-13 10:41:37,2.453,4.738,13.53,105.2,8.07,0.69,19.99,NA,0.04,85,55,167.9,7.95,38.89369,-91.7373,239.9,982.1333333333332
440,2026-01-13,2026-01-13 10:41:38,2.476,4.736,13.52,105.2,7.64,0.59,19.5,NA,0.04,85.1,55,167.9,7.96,38.89369,-91.7373,239.8,982.1333333333332
440,2026-01-13,2026-01-13 10:41:40,2.531,4.736,13.53,105.2,7.15,0.65,18.2,NA,0.04,85.2,55,167.6,7.97,38.89369,-91.7373,239.8,982.1333333333332
440,2026-01-13,2026-01-13 10:41:44,2.601,4.732,13.52,105.2,7.36,0.63,18.88,NA,0.04,85.2,55,167.4,7.99,38.89369,-91.73731,239.4,982
440,2026-01-13,2026-01-13 10:41:45,2.628,4.732,13.53,105.2,8.48,0.66,18.19,NA,0.04,85,55,167.3,7.99,38.89369,-91.73731,239.4,982
440,2026-01-13,2026-01-13 10:41:47,2.651,4.735,13.54,105.3,7.58,0.58,18.54,NA,0.04,85.1,55,167.8,8.01,38.8937,-91.73731,239.6,982.1333333333332
440,2026-01-13,2026-01-13 10:41:49,2.697,4.737,13.54,105.3,7.46,0.5,18.6,NA,0.04,85.2,55,167.9,8.02,38.8937,-91.73731,239.6,982.1333333333332
440,2026-01-13,2026-01-13 10:41:53,2.778,4.737,13.54,105.3,7.18,0.5,19.36,NA,0.04,85.2,55,167.1,8.03,38.8937,-91.73732,239,981.8666666666668
440,2026-01-13,2026-01-13 10:41:54,2.802,4.737,13.55,105.4,7.56,0.55,21.28,NA,0.04,85,55,166.8,8.02,38.8937,-91.73732,238.8,982
440,2026-01-13,2026-01-13 10:41:55,2.825,4.736,13.55,105.4,7.02,0.48,19.93,NA,0.04,85,55,167.1,8.03,38.8937,-91.73732,238.9,981.8666666666668
440,2026-01-13,2026-01-13 10:41:59,2.891,4.735,13.54,105.3,7.98,0.39,19.03,NA,0.04,85.1,55,166.7,8.05,38.8937,-91.73732,239.4,982
440,2026-01-13,2026-01-13 10:42:01,2.933,4.736,13.54,105.3,7.05,0.31,20.96,NA,0.04,85.2,55,167.3,8.07,38.8937,-91.73732,239.4,982
440,2026-01-13,2026-01-13 10:42:02,2.973,4.734,13.54,105.3,6.74,0.29,20.06,NA,0.04,85.2,55,166.3,8.07,38.8937,-91.73732,239.5,982
440,2026-01-13,2026-01-13 10:42:04,3.001,4.731,13.55,105.4,7.18,0.35,18.16,NA,0.04,85.1,55,166.8,8.09,38.89371,-91.73732,239.3,982
440,2026-01-13,2026-01-13 10:42:05,3.037,4.731,13.56,105.4,6.68,0.33,17.95,NA,0.04,85,55,166.6,8.1,38.89371,-91.73732,239.3,982
440,2026-01-13,2026-01-13 10:42:06,3.062,4.732,13.56,105.4,6.48,0.35,17.06,NA,0.04,85,55,166.6,8.1,38.89371,-91.73732,239.5,982
440,2026-01-13,2026-01-13 10:42:09,3.088,4.731,13.56,105.4,6.68,0.21,20.72,NA,0.04,85,55,166.6,8.14,38.89371,-91.73732,239.3,982
440,2026-01-13,2026-01-13 10:42:10,3.115,4.732,13.56,105.4,6.86,0.17,21.26,NA,0.04,85.1,55,166.6,8.15,38.89371,-91.73732,239.4,981.8666666666668
440,2026-01-13,2026-01-13 10:42:13,3.171,4.732,13.55,105.4,6.76,0.22,17.22,NA,0.04,85.1,55,166.7,8.21,38.89371,-91.73733,239.4,982
440,2026-01-13,2026-01-13 10:42:17,3.216,4.729,13.55,105.4,6.77,0.07,20.41,NA,0.04,85,55,166.7,8.26,38.89372,-91.73733,239.8,981.8666666666668
440,2026-01-13,2026-01-13 10:42:18,3.248,4.726,13.55,105.4,6.85,0.15,16.98,NA,0.04,85,55,166.5,8.26,38.89372,-91.73733,240.1,981.8666666666668
440,2026-01-13,2026-01-13 10:42:19,3.271,4.725,13.55,105.4,6.87,0.17,16.9,NA,0.04,85,55,166.5,8.26,38.89372,-91.73733,240.1,982
440,2026-01-13,2026-01-13 10:42:20,3.295,4.724,13.55,105.4,7.29,0.15,17.32,NA,0.04,85.1,55,166.5,8.26,38.89372,-91.73733,240.3,982
440,2026-01-13,2026-01-13 10:42:21,3.327,4.724,13.56,105.5,7.31,0.15,17.38,NA,0.04,85.2,55,166.4,8.27,38.89372,-91.73733,240.4,982
440,2026-01-13,2026-01-13 10:42:22,3.36,4.724,13.55,105.4,6.53,0.05,18.63,NA,0.04,85.1,55,166.3,8.27,38.89372,-91.73733,240.5,982
440,2026-01-13,2026-01-13 10:42:26,3.419,4.727,13.53,105.2,7.6,0.11,22.41,NA,0.04,85.1,55,166.1,8.27,38.89372,-91.73733,240.6,981.8666666666668
440,2026-01-13,2026-01-13 10:42:28,3.47,4.727,13.53,105.2,6.78,0.14,17.91,NA,0.04,85.1,55,166.1,8.28,38.89373,-91.73733,240.5,982
440,2026-01-13,2026-01-13 10:42:33,3.547,4.727,13.54,105.3,8.25,0.07,20.49,NA,0.04,85.2,55,166,8.29,38.89373,-91.73733,241.5,982
440,2026-01-13,2026-01-13 10:42:34,3.585,4.725,13.53,105.2,7.72,0.02,21.72,NA,0.04,85.2,55,165.6,8.29,38.89373,-91.73733,241.4,982
440,2026-01-13,2026-01-13 10:42:35,3.619,4.722,13.54,105.3,7.35,-0.02,20.75,NA,0.04,85.1,55,165.2,8.27,38.89373,-91.73733,241.9,981.8666666666668
440,2026-02-13,2026-02-13 10:25:31,0.063,5.097,11.02,86.5,0.58,0.23,-5.55,NA,0.04,84.6,55,231.8,6.92,38.89368,-91.73736,243.6,991.4666666666668
440,2026-02-13,2026-02-13 10:25:34,0.158,5.028,10.98,86.1,0.57,0.2,-5.99,NA,0.04,84.4,55,232.6,6.92,38.89368,-91.73736,243.3,991.6
440,2026-02-13,2026-02-13 10:25:35,0.227,4.981,10.97,85.9,0.55,0.24,-6.12,NA,0.04,84.2,55,233.5,6.91,38.89368,-91.73736,243.2,991.6
440,2026-02-13,2026-02-13 10:25:36,0.265,5.001,10.97,85.9,0.54,0.24,-5.86,NA,0.04,84.1,55,234.4,6.89,38.89368,-91.73736,243.2,991.6
440,2026-02-13,2026-02-13 10:25:37,0.312,5.018,10.96,85.9,0.53,0.24,-5.78,NA,0.04,84.2,55,234.8,6.88,38.89368,-91.73736,243.2,991.6
440,2026-02-13,2026-02-13 10:25:38,0.345,5.009,10.94,85.7,0.53,0.22,-5.94,NA,0.04,84.2,55,235.1,6.88,38.89368,-91.73736,243.2,991.7333333333332
440,2026-02-13,2026-02-13 10:25:39,0.387,5,10.93,85.6,0.56,0.26,-5.73,NA,0.04,84.3,55,235.2,6.89,38.89368,-91.73736,243.3,991.6
440,2026-02-13,2026-02-13 10:25:41,0.444,4.963,10.92,85.4,0.55,0.15,-5.3,NA,0.04,84.3,55,235.8,6.88,38.89368,-91.73736,243.6,991.6
440,2026-02-13,2026-02-13 10:25:43,0.491,4.947,10.91,85.4,0.56,0.21,-5.3,NA,0.04,84.3,55,236.6,6.88,38.89368,-91.73735,243.7,991.4666666666668
440,2026-02-13,2026-02-13 10:25:44,0.546,4.915,10.9,85.2,0.54,0.25,-5.25,NA,0.04,84.4,55,236.8,6.88,38.89368,-91.73735,243.8,991.4666666666668
440,2026-02-13,2026-02-13 10:25:45,0.577,4.906,10.9,85.2,0.58,0.27,-5.34,NA,0.04,84.4,55,237,6.88,38.89368,-91.73735,243.9,991.6
440,2026-02-13,2026-02-13 10:25:46,0.598,4.898,10.9,85.2,0.61,0.2,-5.14,NA,0.04,84.4,55,237,6.88,38.89368,-91.73735,244.1,991.6
440,2026-02-13,2026-02-13 10:25:47,0.631,4.895,10.9,85.1,0.57,0.19,-5.12,NA,0.04,84.5,55,237.3,6.88,38.89368,-91.73735,244.4,991.4666666666668
440,2026-02-13,2026-02-13 10:25:48,0.665,4.897,10.89,85.1,0.56,0.21,-4.91,NA,0.04,84.4,55,237.4,6.88,38.89368,-91.73735,244.5,991.6
440,2026-02-13,2026-02-13 10:25:51,0.713,4.889,10.88,84.9,0.68,0.24,-5.04,NA,0.04,84.3,55,237.8,6.89,38.89368,-91.73735,244.8,991.4666666666668
440,2026-02-13,2026-02-13 10:25:52,0.736,4.884,10.87,84.9,0.61,0.25,-4.98,NA,0.04,84.3,55,238,6.89,38.89368,-91.73735,244.7,991.4666666666668
440,2026-02-13,2026-02-13 10:25:53,0.791,4.871,10.87,84.9,0.54,0.21,-4.69,NA,0.04,84.3,55,238.2,6.89,38.89368,-91.73735,244.6,991.4666666666668
440,2026-02-13,2026-02-13 10:25:56,0.837,4.814,10.85,84.6,0.61,0.25,-4.68,NA,0.04,84.3,55,238.9,6.89,38.89368,-91.73736,244.3,991.6
440,2026-02-13,2026-02-13 10:25:58,0.877,4.801,10.85,84.6,0.59,0.19,-4.68,NA,0.04,84.2,55,239.2,6.89,38.89368,-91.73736,244.2,991.6
440,2026-02-13,2026-02-13 10:25:59,0.916,4.804,10.84,84.5,0.63,0.14,-4.83,NA,0.04,84.1,55,239.5,6.89,38.89368,-91.73736,244.3,991.6
440,2026-02-13,2026-02-13 10:26:00,0.947,4.807,10.84,84.5,0.63,0.18,-4.83,NA,0.04,84,55,239.6,6.89,38.89368,-91.73736,244.3,991.4666666666668
440,2026-02-13,2026-02-13 10:26:01,0.967,4.808,10.83,84.4,0.6,0.22,-4.73,NA,0.04,84.1,55,239.7,6.89,38.89368,-91.73736,244.3,991.4666666666668
440,2026-02-13,2026-02-13 10:26:02,0.997,4.801,10.82,84.3,0.61,0.24,-4.66,NA,0.04,84.1,55,240,6.89,38.89368,-91.73736,244.3,991.4666666666668
440,2026-02-13,2026-02-13 10:26:03,1.036,4.789,10.82,84.3,0.68,0.21,-4.56,NA,0.04,84.1,55,240.2,6.89,38.89368,-91.73736,244.3,991.4666666666668
440,2026-02-13,2026-02-13 10:26:05,1.087,4.796,10.81,84.2,0.62,0.25,-4.71,NA,0.04,84.1,55,240.8,6.89,38.89368,-91.73736,244.1,991.6
440,2026-02-13,2026-02-13 10:26:07,1.129,4.76,10.81,84.1,0.68,0.22,-4.55,NA,0.04,84.1,55,241.1,6.89,38.89368,-91.73736,243.8,991.6
440,2026-02-13,2026-02-13 10:26:09,1.168,4.765,10.81,84.2,0.69,0.23,-4.54,NA,0.04,84.1,55,241.2,6.89,38.89368,-91.73736,243.5,991.4666666666668
440,2026-02-13,2026-02-13 10:26:10,1.2,4.764,10.81,84.1,0.75,0.26,-4.46,NA,0.04,84.1,55,241.4,6.9,38.89368,-91.73737,243.5,991.4666666666668
440,2026-02-13,2026-02-13 10:26:11,1.227,4.729,10.81,84.1,0.79,0.23,-4.48,NA,0.04,84.2,55,241.6,6.9,38.89368,-91.73737,243.3,991.4666666666668
440,2026-02-13,2026-02-13 10:26:12,1.255,4.714,10.81,84.1,0.8,0.22,-4.63,NA,0.04,84.2,55,241.7,6.9,38.89368,-91.73737,243.1,991.4666666666668
440,2026-02-13,2026-02-13 10:26:13,1.275,4.716,10.81,84.1,0.84,0.25,-4.63,NA,0.04,84.1,55,241.8,6.9,38.89368,-91.73737,242.9,991.4666666666668
440,2026-02-13,2026-02-13 10:26:14,1.328,4.722,10.81,84,0.84,0.21,-4.43,NA,0.04,84.1,55,242,6.9,38.89368,-91.73737,242.8,991.4666666666668
440,2026-02-13,2026-02-13 10:26:17,1.419,4.71,10.8,83.9,0.86,0.23,-4.23,NA,0.04,83.9,55,242.4,6.9,38.89369,-91.73737,242.7,991.6
440,2026-02-13,2026-02-13 10:26:18,1.454,4.699,10.8,83.9,0.93,0.24,-4.28,NA,0.04,84,55,242.5,6.9,38.89369,-91.73737,242.9,991.4666666666668
440,2026-02-13,2026-02-13 10:26:19,1.478,4.7,10.79,83.9,1.01,0.27,-4.26,NA,0.04,84,55,242.8,6.9,38.89369,-91.73737,242.8,991.6
440,2026-02-13,2026-02-13 10:26:25,1.595,4.694,10.76,83.6,0.98,0.23,-4.03,NA,0.04,84,55,244.8,6.89,38.89369,-91.73737,242.8,991.7333333333332
440,2026-02-13,2026-02-13 10:26:26,1.641,4.687,10.76,83.6,0.97,0.22,-4.17,NA,0.04,84.1,55,245.5,6.88,38.89369,-91.73737,242.9,991.6
440,2026-02-13,2026-02-13 10:26:28,1.671,4.693,10.75,83.6,1.13,0.28,-4.47,NA,0.04,83.9,55,245.4,6.88,38.89369,-91.73737,243.1,991.6
440,2026-02-13,2026-02-13 10:26:29,1.714,4.683,10.75,83.5,1.16,0.31,-4.33,NA,0.04,83.9,55,245.6,6.89,38.89369,-91.73737,242.8,991.4666666666668
440,2026-02-13,2026-02-13 10:26:30,1.749,4.667,10.75,83.5,1.12,0.3,-4,NA,0.04,83.9,55,246.2,6.88,38.89369,-91.73737,242.6,991.4666666666668
440,2026-02-13,2026-02-13 10:26:32,1.802,4.669,10.75,83.5,1.2,0.27,-3.86,NA,0.04,83.9,55,246.7,6.88,38.89369,-91.73737,243,991.4666666666668
440,2026-02-13,2026-02-13 10:26:33,1.845,4.67,10.75,83.5,1.25,0.28,-3.93,NA,0.04,83.9,55,246.9,6.87,38.89369,-91.73737,243.2,991.6
440,2026-02-13,2026-02-13 10:26:35,1.897,4.675,10.75,83.5,1.26,0.28,-3.64,NA,0.04,83.9,55,247.4,6.87,38.89369,-91.73737,243.8,991.4666666666668
440,2026-02-13,2026-02-13 10:26:36,1.93,4.674,10.74,83.4,1.28,0.27,-3.48,NA,0.04,83.9,55,247.6,6.87,38.89369,-91.73737,243.9,991.4666666666668
440,2026-02-13,2026-02-13 10:26:38,1.97,4.67,10.74,83.4,1.43,0.31,-3.15,NA,0.04,84,55,248,6.87,38.89369,-91.73737,244.1,991.4666666666668
440,2026-02-13,2026-02-13 10:26:39,2.014,4.671,10.74,83.4,1.33,0.33,-3.27,NA,0.04,84,55,248.1,6.87,38.8937,-91.73737,244.4,991.4666666666668
440,2026-02-13,2026-02-13 10:26:40,2.045,4.669,10.74,83.4,1.44,0.34,-3.28,NA,0.04,84,55,248.1,6.87,38.8937,-91.73738,244.8,991.6
440,2026-02-13,2026-02-13 10:26:41,2.073,4.665,10.73,83.3,1.58,0.27,-3.12,NA,0.04,84.1,55,248.2,6.88,38.8937,-91.73738,244.8,991.4666666666668
440,2026-02-13,2026-02-13 10:26:42,2.097,4.66,10.73,83.3,1.53,0.26,-2.92,NA,0.04,84.1,55,248.3,6.88,38.8937,-91.73738,244.9,991.4666666666668
440,2026-02-13,2026-02-13 10:26:43,2.131,4.66,10.73,83.3,1.52,0.28,-2.95,NA,0.04,84,55,248.3,6.88,38.8937,-91.73738,245.3,991.4666666666668
440,2026-02-13,2026-02-13 10:26:44,2.153,4.66,10.72,83.2,1.6,0.31,-3.02,NA,0.04,83.9,55,248.3,6.88,38.8937,-91.73738,245.7,991.4666666666668
440,2026-02-13,2026-02-13 10:26:45,2.193,4.653,10.72,83.2,1.56,0.33,-2.77,NA,0.04,84,55,248.2,6.89,38.8937,-91.73738,245.7,991.6
440,2026-02-13,2026-02-13 10:26:46,2.217,4.652,10.71,83.2,1.56,0.33,-2.75,NA,0.04,84,55,248,6.89,38.8937,-91.73738,245.5,991.4666666666668
440,2026-02-13,2026-02-13 10:26:47,2.263,4.655,10.71,83.2,1.51,0.29,-2.78,NA,0.04,84,55,247.9,6.9,38.8937,-91.73738,245.4,991.6
440,2026-02-13,2026-02-13 10:26:49,2.294,4.657,10.71,83.1,1.61,0.28,-2.67,NA,0.04,84,55,247.8,6.9,38.8937,-91.73739,245.5,991.6
440,2026-02-13,2026-02-13 10:26:50,2.325,4.654,10.71,83.1,1.67,0.29,-2.64,NA,0.04,84,55,248.1,6.9,38.8937,-91.73738,245.3,991.4666666666668
440,2026-02-13,2026-02-13 10:26:51,2.396,4.65,10.7,83.1,1.69,0.3,-2.7,NA,0.04,84.1,55,248.4,6.9,38.8937,-91.73738,245.1,991.4666666666668
440,2026-02-13,2026-02-13 10:26:54,2.472,4.651,10.71,83.1,1.55,0.32,-3.19,NA,0.04,84,55,249,6.9,38.89371,-91.73738,245.1,991.4666666666668
440,2026-02-13,2026-02-13 10:26:55,2.517,4.652,10.71,83.1,1.46,0.3,-3.22,NA,0.04,84,55,249.1,6.9,38.8937,-91.73738,245,991.4666666666668
440,2026-02-13,2026-02-13 10:26:56,2.552,4.652,10.7,83,1.53,0.27,-3.2,NA,0.04,84,55,249.3,6.9,38.8937,-91.73738,245.1,991.4666666666668
440,2026-02-13,2026-02-13 10:26:57,2.575,4.649,10.69,83,1.57,0.35,-3.13,NA,0.04,84,55,249.4,6.9,38.8937,-91.73738,245,991.4666666666668
440,2026-02-13,2026-02-13 10:26:58,2.607,4.646,10.69,83,1.49,0.36,-3.17,NA,0.04,84.1,55,249.5,6.9,38.8937,-91.73738,245.3,991.6
440,2026-02-13,2026-02-13 10:26:59,2.637,4.64,10.7,83,1.49,0.27,-3.47,NA,0.04,84.1,55,249.7,6.9,38.8937,-91.73738,245.2,991.4666666666668
440,2026-02-13,2026-02-13 10:27:00,2.66,4.633,10.7,83,1.45,0.3,-3.57,NA,0.04,84.1,55,249.9,6.9,38.8937,-91.73738,245.1,991.4666666666668
440,2026-02-13,2026-02-13 10:27:01,2.694,4.628,10.69,83,1.51,0.37,-3.49,NA,0.04,84.1,55,250.1,6.9,38.8937,-91.73739,244.8,991.4666666666668
440,2026-02-13,2026-02-13 10:27:02,2.733,4.622,10.69,82.9,1.61,0.38,-3.12,NA,0.04,84.1,55,250.4,6.9,38.8937,-91.73739,244.6,991.4666666666668
440,2026-02-13,2026-02-13 10:27:03,2.761,4.622,10.69,82.9,1.66,0.34,-3.13,NA,0.04,84.1,55,250.5,6.9,38.8937,-91.73739,244.5,991.4666666666668
440,2026-02-13,2026-02-13 10:27:04,2.79,4.618,10.68,82.9,1.63,0.3,-3.12,NA,0.04,84.1,55,250.7,6.9,38.8937,-91.73739,244.6,991.4666666666668
440,2026-02-13,2026-02-13 10:27:05,2.822,4.611,10.68,82.8,1.72,0.35,-3.02,NA,0.04,84.1,55,250.8,6.9,38.8937,-91.73739,244.5,991.6
440,2026-02-13,2026-02-13 10:27:06,2.867,4.606,10.68,82.8,1.66,0.34,-3,NA,0.04,84.1,55,251,6.9,38.8937,-91.7374,244.3,991.4666666666668
440,2026-02-13,2026-02-13 10:27:07,2.907,4.604,10.68,82.8,1.7,0.31,-2.63,NA,0.04,84.1,55,251.1,6.9,38.8937,-91.7374,244.2,991.4666666666668
440,2026-02-13,2026-02-13 10:27:08,2.931,4.605,10.68,82.8,1.74,0.33,-2.47,NA,0.04,84,55,251.2,6.9,38.8937,-91.7374,244.1,991.4666666666668
440,2026-02-13,2026-02-13 10:27:09,2.954,4.605,10.68,82.8,1.69,0.34,-2.78,NA,0.04,84,55,251.3,6.9,38.89369,-91.7374,244,991.4666666666668
440,2026-02-13,2026-02-13 10:27:11,3.048,4.605,10.69,82.9,1.65,0.38,-2.8,NA,0.04,84,55,251.6,6.9,38.89369,-91.7374,243.8,991.4666666666668
440,2026-02-13,2026-02-13 10:27:12,3.091,4.604,10.69,82.9,1.67,0.35,-2.57,NA,0.04,84,55,251.7,6.9,38.89369,-91.7374,243.5,991.4666666666668
440,2026-02-13,2026-02-13 10:27:15,3.145,4.607,10.69,82.8,1.75,0.31,-1.6,NA,0.04,84.2,55,252.1,6.9,38.89369,-91.73739,242.9,991.6
440,2026-02-13,2026-02-13 10:27:17,3.219,4.611,10.68,82.8,1.75,0.35,-2.77,NA,0.04,84.1,55,252.3,6.9,38.89369,-91.73739,243,991.4666666666668
440,2026-02-13,2026-02-13 10:27:20,3.313,4.602,10.68,82.8,1.84,0.29,-2.89,NA,0.04,84,55,252.9,6.9,38.89369,-91.73739,242.6,991.4666666666668
440,2026-02-13,2026-02-13 10:27:23,3.351,4.604,10.68,82.8,1.61,0.37,-2.48,NA,0.04,84,55,253.6,6.9,38.89369,-91.73739,242.7,991.4666666666668
440,2026-02-13,2026-02-13 10:27:24,3.386,4.604,10.68,82.8,1.65,0.3,-2.49,NA,0.04,84,55,253.8,6.89,38.89369,-91.73739,242.8,991.4666666666668
440,2026-02-13,2026-02-13 10:27:25,3.407,4.603,10.68,82.8,1.66,0.28,-2.58,NA,0.04,83.9,55,253.9,6.89,38.89369,-91.73739,242.8,991.4666666666668
440,2026-02-13,2026-02-13 10:27:26,3.429,4.602,10.67,82.7,1.66,0.3,-2.06,NA,0.04,84,55,254.1,6.89,38.89369,-91.73739,242.9,991.6
440,2026-02-13,2026-02-13 10:27:27,3.473,4.602,10.67,82.7,1.67,0.31,-2.07,NA,0.04,84,55,254.3,6.89,38.89369,-91.73739,242.9,991.4666666666668
440,2026-02-13,2026-02-13 10:27:28,3.494,4.602,10.67,82.7,1.67,0.31,-2.4,NA,0.04,84,55,254.4,6.89,38.89369,-91.73739,242.8,991.4666666666668
440,2026-02-13,2026-02-13 10:27:29,3.528,4.602,10.68,82.8,1.83,0.31,-2.63,NA,0.04,84,55,254.6,6.89,38.89369,-91.73739,242.8,991.4666666666668
440,2026-02-13,2026-02-13 10:27:30,3.551,4.601,10.68,82.8,1.75,0.33,-2.54,NA,0.04,84,55,254.7,6.89,38.89368,-91.73739,242.7,991.4666666666668
440,2026-02-13,2026-02-13 10:27:31,3.584,4.6,10.68,82.8,1.6,0.32,-2.62,NA,0.04,84,55,254.8,6.89,38.89368,-91.73739,242.7,991.4666666666668
440,2026-02-13,2026-02-13 10:27:32,3.605,4.601,10.68,82.8,1.53,0.31,-2.8,NA,0.04,83.9,55,255,6.89,38.89368,-91.73738,242.6,991.4666666666668
440,2026-02-13,2026-02-13 10:27:33,3.625,4.601,10.68,82.8,1.6,0.33,-2.91,NA,0.04,83.9,55,255.1,6.89,38.89368,-91.73738,242.5,991.6
440,2026-02-13,2026-02-13 10:27:35,3.686,4.601,10.68,82.8,1.58,0.36,-2.75,NA,0.04,84.1,55,255.4,6.89,38.89368,-91.73738,242.5,991.4666666666668
440,2026-02-13,2026-02-13 10:27:36,3.722,4.601,10.68,82.8,1.54,0.36,-2.27,NA,0.04,84.1,55,255.6,6.89,38.89368,-91.73738,242.5,991.4666666666668
440,2026-02-13,2026-02-13 10:27:38,3.768,4.601,10.68,82.8,1.77,0.4,-1.95,NA,0.04,84.1,55,255.8,6.89,38.89368,-91.73738,242.6,991.4666666666668
440,2026-02-13,2026-02-13 10:27:54,3.915,4.623,10.63,82.4,2.18,0.4,1.05,NA,0.04,83.9,55,257.5,6.9,38.89368,-91.73738,241.9,991.6
440,2026-03-02,2026-03-02 13:16:21,0.029,7.094,11.65,96.2,0.55,-0.08,0.7,NA,0.04,80.8,53,118.3,6.88,38.89359,-91.73746,245.3,993.0666666666666
440,2026-03-02,2026-03-02 13:16:20,0.068,7.086,11.72,96.8,0.54,-0.06,0.57,NA,0.04,79.9,52,118.1,6.88,38.89359,-91.73746,245.1,993.2
440,2026-03-02,2026-03-02 13:16:24,0.102,7.117,11.56,95.5,0.57,-0.07,0.53,NA,0.04,80.8,53,118.8,6.88,38.89359,-91.73747,245.4,993.2
440,2026-03-02,2026-03-02 13:16:25,0.151,7.118,11.52,95.2,0.57,-0.05,0.79,NA,0.04,80.7,52,119.1,6.88,38.89359,-91.73747,245.4,993.2
440,2026-03-02,2026-03-02 13:16:28,0.182,7.111,11.45,94.6,0.59,0,0.84,NA,0.04,80.8,53,119.7,6.88,38.89359,-91.73746,245.1,993.3333333333334
440,2026-03-02,2026-03-02 13:16:30,0.216,7.118,11.42,94.3,0.66,-0.07,0.88,NA,0.04,80.8,53,119.9,6.88,38.89359,-91.73746,244.4,993.0666666666666
440,2026-03-02,2026-03-02 13:16:31,0.256,7.12,11.4,94.2,0.64,-0.06,0.78,NA,0.04,80.9,53,120,6.88,38.89359,-91.73746,244.4,993.2
440,2026-03-02,2026-03-02 13:16:33,0.295,7.123,11.37,93.9,0.68,-0.07,0.72,NA,0.04,80.7,52,120.3,6.88,38.89359,-91.73746,244.3,993.2
440,2026-03-02,2026-03-02 13:16:34,0.337,7.121,11.35,93.8,0.72,-0.08,0.88,NA,0.04,80.8,52,120.6,6.89,38.89359,-91.73746,244.3,993.2
440,2026-03-02,2026-03-02 13:16:35,0.362,7.117,11.33,93.7,0.72,-0.07,0.89,NA,0.04,80.8,53,120.8,6.89,38.89359,-91.73746,244.2,993.2
440,2026-03-02,2026-03-02 13:16:36,0.385,7.114,11.32,93.5,0.74,-0.05,0.88,NA,0.04,80.8,53,120.9,6.89,38.89359,-91.73746,244.1,993.2
440,2026-03-02,2026-03-02 13:16:37,0.432,7.113,11.31,93.4,0.73,-0.05,0.7,NA,0.04,80.8,53,121.2,6.89,38.89359,-91.73746,244.1,993.2
440,2026-03-02,2026-03-02 13:16:40,0.491,7.104,11.27,93.1,0.81,-0.04,1.15,NA,0.04,80.9,53,121.8,6.89,38.89359,-91.73746,243.6,993.2
440,2026-03-02,2026-03-02 13:16:42,0.554,7.104,11.25,93,0.77,-0.06,1.06,NA,0.04,80.8,53,122,6.89,38.89359,-91.73746,242.9,993.2
440,2026-03-02,2026-03-02 13:16:43,0.612,7.103,11.25,92.9,0.78,-0.08,0.89,NA,0.04,80.9,53,122.2,6.89,38.89359,-91.73746,242.6,993.2
440,2026-03-02,2026-03-02 13:16:44,0.682,7.1,11.23,92.8,0.77,-0.06,1.14,NA,0.04,80.9,53,122.4,6.9,38.8936,-91.73746,242.4,993.2
440,2026-03-02,2026-03-02 13:16:45,0.761,7.092,11.22,92.7,0.79,-0.02,1.3,NA,0.04,80.9,53,122.7,6.9,38.89359,-91.73746,242.1,993.2
440,2026-03-02,2026-03-02 13:16:46,0.832,7.089,11.21,92.6,0.85,-0.02,1.13,NA,0.04,80.9,53,123,6.9,38.89359,-91.73746,242.4,993.2
440,2026-03-02,2026-03-02 13:16:47,0.914,7.088,11.21,92.5,0.85,-0.03,1.1,NA,0.04,80.9,53,123.2,6.9,38.89359,-91.73746,242.5,993.3333333333334
440,2026-03-02,2026-03-02 13:16:48,0.957,7.082,11.19,92.4,0.82,-0.04,1.2,NA,0.04,81,53,123.5,6.9,38.89359,-91.73746,242.3,993.2
440,2026-03-02,2026-03-02 13:16:49,0.986,7.074,11.19,92.4,0.77,-0.02,1.24,NA,0.04,81,53,123.8,6.9,38.89359,-91.73746,242.5,993.2
440,2026-03-02,2026-03-02 13:16:54,1.01,7.075,11.15,92.1,0.73,-0.07,1.07,NA,0.04,80.9,53,124.8,6.9,38.89359,-91.73746,242.4,993.2
440,2026-03-02,2026-03-02 13:16:57,1.104,7.054,11.13,91.8,0.83,-0.06,0.78,NA,0.04,80.9,53,125.5,6.91,38.89359,-91.73746,242.2,993.2
440,2026-03-02,2026-03-02 13:16:58,1.138,7.044,11.13,91.8,0.87,-0.05,1.07,NA,0.04,80.9,53,125.7,6.91,38.89358,-91.73746,242.5,993.2
440,2026-03-02,2026-03-02 13:16:59,1.195,7.04,11.13,91.8,0.85,-0.08,1.16,NA,0.04,81,53,126.1,6.91,38.89358,-91.73746,242.7,993.3333333333334
440,2026-03-02,2026-03-02 13:17:00,1.232,7.039,11.12,91.7,0.83,-0.07,1.01,NA,0.04,80.9,53,126.2,6.91,38.89358,-91.73746,243.1,993.2
440,2026-03-02,2026-03-02 13:17:01,1.287,7.029,11.11,91.7,0.87,-0.03,1.03,NA,0.04,81,53,126.5,6.91,38.89358,-91.73746,243.1,993.0666666666666
440,2026-03-02,2026-03-02 13:17:03,1.315,7.023,11.11,91.6,0.92,-0.02,1.16,NA,0.04,81,53,126.9,6.91,38.89359,-91.73746,243.1,993.2
440,2026-03-02,2026-03-02 13:17:05,1.387,7.014,11.1,91.5,0.97,-0.09,0.97,NA,0.04,81,53,127.4,6.91,38.89359,-91.73746,243.2,993.0666666666666
440,2026-03-02,2026-03-02 13:17:07,1.415,7.012,11.1,91.5,0.99,-0.06,1.32,NA,0.04,80.9,53,127.8,6.91,38.89359,-91.73747,243,993.3333333333334
440,2026-03-02,2026-03-02 13:17:09,1.457,7.007,11.1,91.5,1.02,-0.09,1.24,NA,0.04,81,53,128.3,6.92,38.89359,-91.73747,242.5,993.2
440,2026-03-02,2026-03-02 13:17:10,1.498,7.008,11.1,91.5,1.06,-0.09,1.15,NA,0.04,80.9,53,128.5,6.92,38.89359,-91.73747,242.5,993.2
440,2026-03-02,2026-03-02 13:17:11,1.529,7.005,11.1,91.4,1.01,-0.04,1.11,NA,0.04,80.9,53,128.8,6.92,38.89359,-91.73747,242.4,993.0666666666666
440,2026-03-02,2026-03-02 13:17:13,1.566,6.999,11.09,91.4,1.05,-0.06,1.48,NA,0.04,80.9,53,129.3,6.92,38.89359,-91.73747,242.4,993.2
440,2026-03-02,2026-03-02 13:17:15,1.604,6.996,11.1,91.4,1.13,-0.07,1.42,NA,0.04,81,53,129.7,6.92,38.89359,-91.73747,242.7,993.2
440,2026-03-02,2026-03-02 13:17:19,1.657,6.998,11.08,91.3,1.1,-0.02,1.38,NA,0.04,80.9,53,130.6,6.92,38.89358,-91.73746,242.6,993.0666666666666
440,2026-03-02,2026-03-02 13:17:21,1.696,6.986,11.08,91.3,1.09,-0.06,1.53,NA,0.04,80.9,53,131,6.92,38.89358,-91.73746,243.2,993.2
440,2026-03-02,2026-03-02 13:17:23,1.746,6.982,11.08,91.3,1.1,-0.09,1.87,NA,0.04,81,53,131.4,6.92,38.89358,-91.73746,243.3,993.2
440,2026-03-02,2026-03-02 13:17:24,1.78,6.978,11.08,91.2,1.13,-0.08,1.84,NA,0.04,80.9,53,131.6,6.92,38.89358,-91.73746,243.4,993.2
440,2026-03-02,2026-03-02 13:17:26,1.823,6.974,11.08,91.2,1.02,-0.08,2.01,NA,0.04,80.9,53,132.1,6.92,38.89358,-91.73746,243.5,993.2
440,2026-03-02,2026-03-02 13:17:27,1.843,6.972,11.08,91.2,1.12,-0.07,1.99,NA,0.04,80.9,53,132.2,6.93,38.89358,-91.73746,243.6,993.2
440,2026-03-02,2026-03-02 13:17:28,1.864,6.957,11.08,91.2,1.23,-0.04,2.08,NA,0.04,81,53,132.5,6.93,38.89358,-91.73746,243.6,993.0666666666666
440,2026-03-02,2026-03-02 13:17:31,1.909,6.91,11.06,91,1.38,0,2.51,NA,0.04,81.1,53,133.1,6.93,38.89358,-91.73746,243.7,993.2
440,2026-03-02,2026-03-02 13:17:32,1.929,6.847,11.06,90.9,1.55,-0.03,3.04,NA,0.04,81.2,53,133.4,6.93,38.89358,-91.73746,243.7,993.2
440,2026-03-02,2026-03-02 13:17:33,1.958,6.772,11.07,90.8,1.59,-0.01,3.05,NA,0.04,81.4,53,133.6,6.93,38.89358,-91.73746,243.6,993.0666666666666
440,2026-03-02,2026-03-02 13:17:34,1.982,6.758,11.08,90.8,1.65,0.03,3.36,NA,0.04,81.3,53,133.8,6.93,38.89358,-91.73746,243.6,993.2
440,2026-03-02,2026-03-02 13:17:35,2.044,6.692,11.08,90.7,1.97,0,3.61,NA,0.04,81.3,53,134.3,6.93,38.89358,-91.73746,243.4,993.0666666666666
440,2026-03-02,2026-03-02 13:17:36,2.066,6.668,11.09,90.7,1.96,-0.03,4.18,NA,0.04,81.3,53,134.5,6.93,38.89358,-91.73746,243.6,993.0666666666666
440,2026-03-02,2026-03-02 13:17:39,2.093,6.728,11.08,90.7,1.85,0,3.75,NA,0.04,81,53,135,6.93,38.89359,-91.73746,243.1,993.2
440,2026-03-02,2026-03-02 13:17:40,2.144,6.564,11.08,90.5,2.31,0.04,4.36,NA,0.04,81.4,53,135.4,6.93,38.89359,-91.73746,242.9,993.0666666666666
440,2026-03-02,2026-03-02 13:17:41,2.175,6.511,11.12,90.5,2.71,0.09,5.05,NA,0.04,81.5,53,135.7,6.93,38.89359,-91.73746,242.9,993.2
440,2026-03-02,2026-03-02 13:17:43,2.232,6.452,11.14,90.6,2.24,0.03,5.15,NA,0.04,81.6,53,136.2,6.94,38.89358,-91.73746,243.4,993.2
440,2026-03-02,2026-03-02 13:17:44,2.263,6.396,11.13,90.4,2.39,0.05,5.36,NA,0.04,81.7,53,136.4,6.94,38.89358,-91.73746,243.3,993.2
440,2026-03-02,2026-03-02 13:17:46,2.294,6.331,11.14,90.4,2.67,0.05,5.14,NA,0.04,81.6,53,136.8,6.94,38.89358,-91.73746,243.3,993.0666666666666
440,2026-03-02,2026-03-02 13:17:47,2.336,6.193,11.14,90.1,2.67,0.05,5.42,NA,0.04,81.8,53,137.1,6.94,38.89358,-91.73746,243.3,993.2
440,2026-03-02,2026-03-02 13:17:48,2.366,6.152,11.16,90,2.87,0.09,5.49,NA,0.04,81.7,53,137.3,6.94,38.89359,-91.73746,243.4,993.2
440,2026-03-02,2026-03-02 13:17:49,2.398,6.154,11.17,90.1,2.94,0.05,5.72,NA,0.04,81.8,53,137.6,6.94,38.89359,-91.73746,243.2,993.2
440,2026-03-02,2026-03-02 13:17:50,2.437,6.148,11.16,90,2.94,0.04,5.49,NA,0.04,81.9,53,137.8,6.94,38.89359,-91.73746,243.2,993.0666666666666
440,2026-03-02,2026-03-02 13:17:52,2.491,6.136,11.17,90.1,2.83,0.07,5.66,NA,0.04,81.8,53,138.2,6.94,38.89359,-91.73746,243.3,993.0666666666666
440,2026-03-02,2026-03-02 13:17:53,2.522,6.163,11.15,89.9,2.91,0.06,5.61,NA,0.04,81.6,53,138.5,6.94,38.89359,-91.73746,243.1,993.0666666666666
440,2026-03-02,2026-03-02 13:17:55,2.577,6.096,11.15,89.9,2.84,0.07,6.16,NA,0.04,81.7,53,139,6.94,38.89359,-91.73746,242.8,993.0666666666666
440,2026-03-02,2026-03-02 13:17:56,2.628,6.014,11.18,89.9,2.86,0.06,5.97,NA,0.04,81.8,53,139.2,6.94,38.89359,-91.73746,242.6,993.0666666666666
440,2026-03-02,2026-03-02 13:17:57,2.656,5.954,11.2,90,2.68,0.06,6.05,NA,0.04,82,53,139.4,6.94,38.89359,-91.73746,242.5,993.0666666666666
440,2026-03-02,2026-03-02 13:17:59,2.696,5.92,11.23,90.1,2.76,0.02,7.4,NA,0.04,82.1,53,139.8,6.95,38.89359,-91.73746,242,993.0666666666666
440,2026-03-02,2026-03-02 13:18:00,2.733,5.923,11.24,90.1,2.66,0.02,7.52,NA,0.04,82,53,140,6.95,38.8936,-91.73746,241.6,993.0666666666666
440,2026-03-02,2026-03-02 13:18:01,2.765,5.921,11.25,90.2,2.66,0.07,5.44,NA,0.04,82,53,140.2,6.95,38.8936,-91.73746,241.3,993.0666666666666
440,2026-03-02,2026-03-02 13:18:03,2.815,5.863,11.3,90.4,2.58,0.08,5.23,NA,0.04,81.9,53,140.6,6.95,38.8936,-91.73746,241.1,993.2
440,2026-03-02,2026-03-02 13:18:04,2.842,5.939,11.31,90.6,2.6,0.07,5.34,NA,0.04,81.7,53,140.8,6.95,38.8936,-91.73747,240.9,993.0666666666666
440,2026-03-02,2026-03-02 13:18:08,2.903,5.801,11.38,91,2.57,0.04,5.76,NA,0.04,81.9,53,141.5,6.95,38.8936,-91.73747,240.3,993.0666666666666
440,2026-03-02,2026-03-02 13:18:09,2.927,5.748,11.4,91.1,2.6,0.05,5.83,NA,0.04,81.8,53,141.6,6.95,38.8936,-91.73747,240.2,993.2
440,2026-03-02,2026-03-02 13:18:10,2.952,5.734,11.43,91.2,2.67,0.04,5.06,NA,0.04,81.7,53,141.9,6.95,38.8936,-91.73746,240.1,993.2
440,2026-03-02,2026-03-02 13:18:12,3.016,5.737,11.44,91.3,2.62,0.04,5.65,NA,0.04,81.6,53,142.2,6.95,38.8936,-91.73747,239.8,993.2
440,2026-03-02,2026-03-02 13:18:13,3.069,5.733,11.43,91.2,2.48,0.03,5.48,NA,0.04,81.5,53,142.4,6.95,38.8936,-91.73747,240,993.2
440,2026-03-02,2026-03-02 13:18:15,3.104,5.702,11.44,91.2,2.66,0.08,5.97,NA,0.04,81.6,53,142.8,6.96,38.8936,-91.73747,240,993.0666666666666
440,2026-03-02,2026-03-02 13:18:16,3.171,5.701,11.44,91.3,2.78,0.09,5.62,NA,0.04,81.5,53,143,6.96,38.8936,-91.73747,240.2,993.0666666666666
440,2026-03-02,2026-03-02 13:18:17,3.203,5.701,11.44,91.2,2.76,0.08,5.63,NA,0.04,81.4,53,143.1,6.96,38.8936,-91.73747,240.2,993.2
440,2026-03-02,2026-03-02 13:18:19,3.24,5.672,11.42,91,2.56,0.08,5.61,NA,0.04,81.5,53,143.5,6.96,38.8936,-91.73747,239.9,993.2
440,2026-03-02,2026-03-02 13:18:20,3.288,5.646,11.41,90.9,2.47,0.07,5.52,NA,0.04,81.6,53,143.7,6.96,38.8936,-91.73747,239.9,993.2
440,2026-03-02,2026-03-02 13:18:22,3.317,5.641,11.4,90.8,2.49,0.05,5.49,NA,0.04,81.5,53,144,6.96,38.8936,-91.73747,239.8,993.2
440,2026-03-02,2026-03-02 13:18:23,3.362,5.638,11.38,90.6,2.45,0.05,5.07,NA,0.04,81.6,53,144.1,6.96,38.8936,-91.73747,239.9,993.2
440,2026-03-02,2026-03-02 13:18:25,3.411,5.624,11.33,90.2,2.55,0.04,4.58,NA,0.04,81.6,53,144.4,6.96,38.8936,-91.73747,240.1,993.0666666666666
440,2026-03-02,2026-03-02 13:18:26,3.434,5.621,11.31,90,2.44,0.02,4.43,NA,0.04,81.5,53,144.5,6.95,38.8936,-91.73747,240.2,993.0666666666666
440,2026-03-02,2026-03-02 13:18:27,3.477,5.62,11.28,89.7,2.48,0.03,4.67,NA,0.04,81.4,53,144.7,6.95,38.8936,-91.73747,240.2,993.0666666666666
440,2026-03-02,2026-03-02 13:18:28,3.56,5.622,11.24,89.5,2.56,0.07,4.94,NA,0.04,81.4,53,144.9,6.95,38.8936,-91.73747,240.4,993.2
440,2026-03-02,2026-03-02 13:18:29,3.59,5.625,11.21,89.2,2.43,0.06,4.72,NA,0.04,81.3,53,145,6.95,38.8936,-91.73747,240.3,993.0666666666666
440,2026-03-02,2026-03-02 13:18:30,3.613,5.626,11.19,89,2.33,0.05,4.33,NA,0.04,81.3,53,145.2,6.95,38.8936,-91.73747,240.3,993.0666666666666
440,2026-03-02,2026-03-02 13:18:31,3.639,5.629,11.14,88.6,2.53,0.07,4.38,NA,0.04,81.3,53,145.4,6.95,38.8936,-91.73747,240.3,993.0666666666666
440,2026-03-02,2026-03-02 13:18:32,3.667,5.633,11.11,88.5,2.53,0.06,5.01,NA,0.04,81.3,53,145.5,6.95,38.8936,-91.73747,240.4,993.0666666666666
440,2026-03-02,2026-03-02 13:18:34,3.704,5.625,11.05,88,2.44,0.05,5.13,NA,0.04,81.3,53,145.7,6.95,38.8936,-91.73748,240.5,993.2
440,2026-03-02,2026-03-02 13:18:35,3.753,5.621,11.03,87.8,2.42,0.05,4.96,NA,0.04,81.3,53,145.9,6.95,38.8936,-91.73748,240.7,993.0666666666666
440,2026-03-02,2026-03-02 13:18:37,3.804,5.618,11,87.5,2.43,0.08,5.08,NA,0.04,81.3,53,146.1,6.95,38.8936,-91.73748,240.9,993.0666666666666
440,2026-03-02,2026-03-02 13:18:38,3.83,5.607,10.97,87.3,2.23,0.06,4.73,NA,0.04,81.4,53,146.2,6.95,38.8936,-91.73748,240.8,993.0666666666666
440,2026-03-02,2026-03-02 13:18:39,3.86,5.599,10.96,87.2,2.07,0.04,4.48,NA,0.04,81.4,53,146.3,6.95,38.8936,-91.73748,240.6,993.0666666666666
440,2026-03-02,2026-03-02 13:18:40,3.921,5.588,10.94,87,2.21,0.05,4.2,NA,0.04,81.4,53,146.3,6.95,38.8936,-91.73748,240.5,993.0666666666666
440,2026-03-02,2026-03-02 13:18:41,3.963,5.585,10.93,86.9,2.45,0.09,4.41,NA,0.04,81.4,53,146.3,6.95,38.8936,-91.73748,240.6,993.2
440,2026-03-02,2026-03-02 13:18:43,4.004,5.587,10.88,86.5,2.53,0.11,5.77,NA,0.04,81.4,53,146.3,6.95,38.8936,-91.73748,240.7,993.0666666666666
440,2026-03-02,2026-03-02 13:18:49,4.082,5.593,10.75,85.5,2.87,0.27,53.83,NA,0.04,81.2,53,146.5,6.94,38.8936,-91.73748,240.5,993.2
440,2026-04-17,2026-04-17 10:21:24,0.072,23.153,7.79,91.2,0.78,0.09,2.48,NA,0.04,84.1,55,223.9,7.52,38.89378,-91.73742,242.1,981.0666666666666
440,2026-04-17,2026-04-17 10:21:26,0.126,23.114,7.75,90.6,0.84,-0.01,2.5,NA,0.04,83.5,54,225.7,7.45,38.89378,-91.73742,241.6,981.0666666666666
440,2026-04-17,2026-04-17 10:21:29,0.153,23.086,7.68,89.7,0.87,-0.04,2.97,NA,0.04,82.5,54,226.8,7.39,38.89378,-91.73742,242,981.2
440,2026-04-17,2026-04-17 10:21:30,0.189,23.087,7.66,89.5,0.84,0,2.77,NA,0.04,82.3,53,226.9,7.37,38.89378,-91.73742,241.7,981.2
440,2026-04-17,2026-04-17 10:21:31,0.233,23.081,7.65,89.3,0.84,0.04,2.66,NA,0.04,82.1,53,227,7.37,38.89378,-91.73742,241.6,981.0666666666666
440,2026-04-17,2026-04-17 10:21:32,0.267,23.069,7.64,89.2,0.89,0.07,2.81,NA,0.04,82,53,227.1,7.36,38.89378,-91.73742,241.7,981.0666666666666
440,2026-04-17,2026-04-17 10:21:33,0.298,23.036,7.62,89,0.86,0.14,3.02,NA,0.04,82,53,227.4,7.36,38.89378,-91.73742,241.8,980.9333333333334
440,2026-04-17,2026-04-17 10:21:34,0.329,22.971,7.62,88.8,0.9,0.12,3.05,NA,0.04,81.9,53,227.5,7.35,38.89378,-91.73742,241.7,981.0666666666666
440,2026-04-17,2026-04-17 10:21:35,0.39,22.906,7.62,88.7,0.96,0.03,2.9,NA,0.04,81.7,53,227.5,7.35,38.89378,-91.73742,241.7,981.0666666666666
440,2026-04-17,2026-04-17 10:21:36,0.413,22.888,7.62,88.6,0.97,-0.01,2.8,NA,0.04,81.6,53,227.5,7.35,38.89378,-91.73742,241.7,981.0666666666666
440,2026-04-17,2026-04-17 10:21:37,0.442,22.898,7.61,88.6,0.98,0.05,2.89,NA,0.04,81.6,53,227.6,7.35,38.89378,-91.73742,241.8,981.0666666666666
440,2026-04-17,2026-04-17 10:21:38,0.5,22.811,7.6,88.3,0.96,0.15,3.07,NA,0.04,81.6,53,227.7,7.35,38.89378,-91.73742,241.7,980.9333333333334
440,2026-04-17,2026-04-17 10:21:39,0.537,22.652,7.62,88.3,0.96,0.11,3.11,NA,0.04,81.8,53,227.8,7.35,38.89378,-91.73742,241.7,980.9333333333334
440,2026-04-17,2026-04-17 10:21:40,0.576,22.586,7.64,88.5,0.95,0.04,3.06,NA,0.04,81.9,53,227.8,7.35,38.89378,-91.73742,241.7,981.0666666666666
440,2026-04-17,2026-04-17 10:21:41,0.603,22.359,7.65,88.3,1,0.05,3.08,NA,0.04,82.1,53,227.9,7.35,38.89378,-91.73742,241.6,980.9333333333334
440,2026-04-17,2026-04-17 10:21:43,0.65,22.112,7.66,87.9,1.08,0.12,3.39,NA,0.04,82.4,54,228.4,7.35,38.89378,-91.73742,241.5,980.9333333333334
440,2026-04-17,2026-04-17 10:21:44,0.716,21.952,7.57,86.7,1.08,0.08,3.52,NA,0.04,82.3,54,228.6,7.35,38.89378,-91.73742,241.4,981.0666666666666
440,2026-04-17,2026-04-17 10:21:45,0.742,21.484,7.6,86.5,1.13,0.04,3.57,NA,0.04,82.6,54,228.8,7.35,38.89378,-91.73742,241.5,981.0666666666666
440,2026-04-17,2026-04-17 10:21:47,0.803,21.074,7.64,85.9,1.24,0.3,3.82,NA,0.04,82.4,54,229.2,7.35,38.89378,-91.73742,241.6,980.9333333333334
440,2026-04-17,2026-04-17 10:21:49,0.848,20.682,7.67,85.6,1.39,0.19,4.2,NA,0.04,82.6,54,229.4,7.35,38.89378,-91.73741,241.8,981.0666666666666
440,2026-04-17,2026-04-17 10:21:50,0.893,20.407,7.7,85.5,1.44,0.15,4.52,NA,0.04,82.9,54,229.6,7.35,38.89377,-91.73741,241.8,981.0666666666666
440,2026-04-17,2026-04-17 10:21:52,0.948,20.051,7.81,86.1,1.51,0.18,4.85,NA,0.04,82.8,54,229.9,7.35,38.89377,-91.7374,241.7,981.0666666666666
440,2026-04-17,2026-04-17 10:21:53,0.969,19.783,7.84,86.2,1.6,0.23,4.84,NA,0.04,82.6,54,230,7.36,38.89377,-91.7374,241.8,981.0666666666666
440,2026-04-17,2026-04-17 10:21:54,1.002,19.278,7.95,86.5,1.56,0.16,5.01,NA,0.04,83.4,54,230.1,7.36,38.89378,-91.7374,241.8,981.0666666666666
440,2026-04-17,2026-04-17 10:21:55,1.025,18.82,8.19,88.1,1.58,0.13,5.07,NA,0.04,83.8,54,230.2,7.37,38.89378,-91.7374,241.9,981.0666666666666
440,2026-04-17,2026-04-17 10:21:56,1.079,18.577,8.36,89.6,1.62,0.23,5.07,NA,0.04,82.6,54,230.7,7.37,38.89378,-91.7374,241.9,981.0666666666666
440,2026-04-17,2026-04-17 10:21:57,1.101,18.303,8.55,91.1,1.67,0.32,5.36,NA,0.04,81.9,53,230.6,7.38,38.89378,-91.7374,241.8,981.0666666666666
440,2026-04-17,2026-04-17 10:21:58,1.153,18.07,8.73,92.4,1.83,0.3,5.82,NA,0.04,81,53,230.2,7.4,38.89377,-91.7374,241.8,981.0666666666666
440,2026-04-17,2026-04-17 10:21:59,1.177,17.577,8.81,92.9,2.04,0.28,6.23,NA,0.04,81.7,53,230.2,7.41,38.89377,-91.7374,241.8,981.0666666666666
440,2026-04-17,2026-04-17 10:22:01,1.21,16.861,9.25,95.5,2.34,0.23,6.99,NA,0.04,82,53,230.8,7.42,38.89378,-91.7374,241.8,981.0666666666666
440,2026-04-17,2026-04-17 10:22:03,1.248,16.551,9.35,95.9,2.27,0.14,7.35,NA,0.04,81.5,53,230.8,7.43,38.89378,-91.7374,241.9,981.0666666666666
440,2026-04-17,2026-04-17 10:22:04,1.283,16.1,9.38,95.8,2.43,0.27,7.22,NA,0.04,81.9,53,231,7.44,38.89378,-91.7374,242,981.0666666666666
440,2026-04-17,2026-04-17 10:22:05,1.309,15.666,9.57,96.5,2.47,0.26,7.33,NA,0.04,82.9,54,231.2,7.44,38.89378,-91.7374,242.2,981.0666666666666
440,2026-04-17,2026-04-17 10:22:11,1.386,15.435,9.36,93.7,2.58,0.39,8.78,NA,0.04,80.7,52,231.2,7.45,38.89378,-91.73739,242.3,981.0666666666666
440,2026-04-17,2026-04-17 10:22:15,1.419,15.079,9.16,91.1,2.84,0.45,9.4,NA,0.04,81.3,53,231.6,7.45,38.89378,-91.73738,242.3,981.0666666666666
440,2026-04-17,2026-04-17 10:22:17,1.488,14.437,8.91,87.7,3.07,0.48,10.96,NA,0.04,81.6,53,232.1,7.44,38.89378,-91.73738,242,981.0666666666666
440,2026-04-17,2026-04-17 10:22:18,1.519,14.223,8.85,86.5,3.07,0.51,11.01,NA,0.04,82,53,232.2,7.44,38.89378,-91.73738,241.9,981.0666666666666
440,2026-04-17,2026-04-17 10:22:19,1.567,13.907,8.73,84.9,3.34,0.6,12.1,NA,0.04,82.2,53,232.3,7.43,38.89378,-91.73738,241.8,981.0666666666666
440,2026-04-17,2026-04-17 10:22:20,1.607,13.569,8.08,77.9,3.51,0.58,12.81,NA,0.04,82.5,54,232.6,7.43,38.89378,-91.73738,241.9,981.0666666666666
440,2026-04-17,2026-04-17 10:22:21,1.631,13.131,7.8,74.7,3.52,0.54,12.32,NA,0.04,83,54,232.9,7.42,38.89378,-91.73737,241.9,981.0666666666666
440,2026-04-17,2026-04-17 10:22:22,1.671,12.905,7.52,71.4,3.53,0.52,11.72,NA,0.04,83.6,54,233.1,7.41,38.89378,-91.73737,241.8,980.9333333333334
440,2026-04-17,2026-04-17 10:22:23,1.705,12.754,7.24,68.4,3.51,0.56,11.64,NA,0.04,83.8,54,233.2,7.41,38.89378,-91.73737,241.8,981.0666666666666
440,2026-04-17,2026-04-17 10:22:29,1.815,12.529,5.02,47.1,2.65,0.4,8.78,NA,0.04,83.1,54,234.1,7.36,38.89378,-91.73737,241.2,981.2
440,2026-04-17,2026-04-17 10:22:36,1.903,11.974,3.81,35.4,1.92,0.26,7.72,NA,0.04,84.3,55,235,7.31,38.89378,-91.73737,241.6,981.0666666666666
440,2026-04-17,2026-04-17 10:22:38,1.957,11.933,3.5,32.4,1.7,0.25,5.47,NA,0.04,83.5,54,235.2,7.29,38.89378,-91.73737,241.3,981.0666666666666
440,2026-04-17,2026-04-17 10:22:39,1.979,11.887,3.39,31.4,1.48,0.21,5.7,NA,0.04,83.2,54,235.2,7.29,38.89378,-91.73737,241.2,980.9333333333334
440,2026-04-17,2026-04-17 10:22:40,2.01,11.726,3.27,30.2,1.47,0.18,5.86,NA,0.04,83.1,54,235.4,7.28,38.89378,-91.73737,241,980.9333333333334
440,2026-04-17,2026-04-17 10:22:41,2.032,11.465,3.16,29,1.42,0.26,5.66,NA,0.04,83.3,54,235.6,7.27,38.89378,-91.73737,240.9,980.9333333333334
440,2026-04-17,2026-04-17 10:22:43,2.08,11.235,2.99,27.3,1.46,0.35,5.23,NA,0.04,83.6,54,235.7,7.26,38.89378,-91.73737,241.1,981.0666666666666
440,2026-04-17,2026-04-17 10:22:46,2.143,11.038,2.77,25.1,1.26,0.24,4.11,NA,0.04,83.3,54,235.9,7.25,38.89378,-91.73737,240.8,981.0666666666666
440,2026-04-17,2026-04-17 10:22:47,2.164,11.046,2.66,24.2,1.26,0.26,3.91,NA,0.04,82.9,54,236.2,7.24,38.89378,-91.73737,240.7,981.0666666666666
440,2026-04-17,2026-04-17 10:22:48,2.208,11,2.6,23.6,1.32,0.36,3.73,NA,0.04,82.4,54,236.3,7.24,38.89378,-91.73737,240.7,981.0666666666666
440,2026-04-17,2026-04-17 10:22:49,2.234,10.927,2.54,23,1.31,0.34,3.74,NA,0.04,82.3,54,236.3,7.23,38.89378,-91.73737,240.8,981.0666666666666
440,2026-04-17,2026-04-17 10:22:50,2.263,10.815,2.43,22,1.21,0.33,3.86,NA,0.04,82.8,54,236.3,7.23,38.89378,-91.73737,240.9,980.9333333333334
440,2026-04-17,2026-04-17 10:22:52,2.301,10.553,2.36,21.2,1.15,0.26,3.61,NA,0.04,83.1,54,236.4,7.23,38.89378,-91.73737,240.8,981.0666666666666
440,2026-04-17,2026-04-17 10:22:53,2.333,9.89,2.31,20.5,1.18,0.35,4.11,NA,0.04,83,54,236.5,7.22,38.89378,-91.73737,240.7,981.0666666666666
440,2026-04-17,2026-04-17 10:22:55,2.375,9.615,2.25,19.8,1.32,0.41,4.64,NA,0.04,83.1,54,236.8,7.21,38.89378,-91.73737,241,980.9333333333334
440,2026-04-17,2026-04-17 10:22:56,2.416,9.397,2.2,19.2,1.46,0.4,5.3,NA,0.04,83.4,54,236.9,7.21,38.89378,-91.73737,241,981.0666666666666
440,2026-04-17,2026-04-17 10:22:57,2.454,9.359,2.16,18.9,1.49,0.59,5.75,NA,0.04,83.4,54,237,7.2,38.89378,-91.73737,241.1,981.0666666666666
440,2026-04-17,2026-04-17 10:22:59,2.505,9.263,2.04,17.8,1.54,0.85,5.02,NA,0.04,83.2,54,237.5,7.19,38.89378,-91.73737,241.1,981.0666666666666
440,2026-04-17,2026-04-17 10:23:00,2.531,9.212,1.98,17.2,1.53,0.86,5.69,NA,0.04,83.1,54,237.7,7.19,38.89378,-91.73737,241.1,981.2
440,2026-04-17,2026-04-17 10:23:01,2.563,9.343,1.91,16.6,1.46,0.88,6.1,NA,0.04,82.6,54,237.9,7.18,38.89378,-91.73737,241.3,981.0666666666666
440,2026-04-17,2026-04-17 10:23:03,2.592,9.289,1.73,15.2,1.37,1.02,6.83,NA,0.04,82.6,54,238.4,7.16,38.89378,-91.73737,241.5,981.0666666666666
440,2026-04-17,2026-04-17 10:23:04,2.636,9.063,1.65,14.4,1.1,1.16,6.4,NA,0.04,82.8,54,238.2,7.15,38.89378,-91.73737,241.6,981.0666666666666
440,2026-04-17,2026-04-17 10:23:05,2.66,8.908,1.57,13.6,1.09,1.13,5.38,NA,0.04,83.1,54,235.6,7.14,38.89378,-91.73737,241.7,981.0666666666666
440,2026-04-17,2026-04-17 10:23:07,2.683,8.914,1.48,12.8,0.99,1.08,5.32,NA,0.04,82.9,54,231.3,7.13,38.89378,-91.73737,241.5,981.0666666666666
440,2026-04-17,2026-04-17 10:23:08,2.703,8.762,1.39,12,0.98,1.04,4.93,NA,0.04,83.2,54,227.3,7.12,38.89378,-91.73737,241.2,981.2
440,2026-04-17,2026-04-17 10:23:13,2.754,8.565,1.16,10,1.03,0.98,4.45,NA,0.04,83.9,55,198.2,7.09,38.89378,-91.73738,241,981.0666666666666
440,2026-04-17,2026-04-17 10:23:16,2.84,8.478,1.03,8.8,1.12,1.02,4.49,NA,0.04,84.5,55,183.9,7.06,38.89378,-91.73739,241.1,981.0666666666666
440,2026-04-17,2026-04-17 10:23:17,2.885,8.388,0.98,8.3,1.09,0.81,4.02,NA,0.04,84.9,55,176.7,7.04,38.89378,-91.73739,241.1,981.0666666666666
440,2026-04-17,2026-04-17 10:23:18,2.94,8.326,0.95,8.1,1.05,0.7,4.05,NA,0.04,85.2,55,171.6,7.04,38.89378,-91.73739,241.2,981.0666666666666
440,2026-04-17,2026-04-17 10:23:19,2.966,8.17,0.92,7.8,1.06,0.69,3.81,NA,0.04,86.2,56,165.4,7.03,38.89378,-91.73739,241.1,981.0666666666666
440,2026-04-17,2026-04-17 10:23:20,3.013,8.082,0.87,7.4,1.08,0.6,3.56,NA,0.04,86.9,56,156.7,7.02,38.89378,-91.73739,241.1,981.0666666666666
440,2026-04-17,2026-04-17 10:23:21,3.046,7.982,0.85,7.2,1.1,0.59,3.33,NA,0.04,87.4,57,151.5,7.01,38.89378,-91.73739,241.2,981.0666666666666
440,2026-04-17,2026-04-17 10:23:22,3.092,7.947,0.82,7,1.1,0.72,3.26,NA,0.04,88.2,57,133.3,7.01,38.89378,-91.73739,241.2,981.0666666666666
440,2026-04-17,2026-04-17 10:23:24,3.127,7.877,0.77,6.5,0.96,0.77,3.41,NA,0.04,89.9,58,118,6.99,38.89378,-91.73739,241,981.0666666666666
440,2026-04-17,2026-04-17 10:23:25,3.157,7.89,0.75,6.3,0.91,0.61,3.75,NA,0.04,90.3,59,115.1,6.98,38.89378,-91.73739,241.2,981.0666666666666
440,2026-04-17,2026-04-17 10:23:27,3.178,8.18,0.7,5.9,0.94,0.62,3.84,NA,0.04,89.9,58,96.8,6.96,38.89378,-91.73739,241.7,981.0666666666666
440,2026-04-17,2026-04-17 10:23:28,3.206,8.042,0.68,5.7,1,0.69,3.56,NA,0.04,90.8,59,88.8,6.94,38.89378,-91.7374,242,981.0666666666666
440,2026-04-17,2026-04-17 10:23:29,3.24,7.947,0.66,5.6,1.03,0.67,3.24,NA,0.04,91.4,59,85.9,6.92,38.89378,-91.73739,242.1,981.0666666666666
440,2026-04-17,2026-04-17 10:23:30,3.267,7.924,0.65,5.5,1.02,0.6,3.27,NA,0.04,91.7,60,83.1,6.9,38.89378,-91.73739,242.3,981.0666666666666
440,2026-04-17,2026-04-17 10:23:33,3.331,7.857,0.61,5.1,0.9,0.63,3.71,NA,0.04,92.5,60,68.8,6.84,38.89378,-91.73739,242.8,981.0666666666666
440,2026-04-17,2026-04-17 10:23:34,3.358,7.845,0.6,5,0.95,0.61,3.55,NA,0.04,92.8,60,64.2,6.83,38.89377,-91.73739,242.9,981.0666666666666
440,2026-04-17,2026-04-17 10:23:35,3.383,7.824,0.58,4.9,0.95,0.61,3.64,NA,0.04,93.2,61,58.6,6.82,38.89377,-91.73739,242.8,981.0666666666666
440,2026-04-17,2026-04-17 10:23:36,3.404,7.82,0.57,4.8,0.94,0.64,3.75,NA,0.04,93.5,61,55.3,6.81,38.89378,-91.73739,242.6,981.0666666666666
440,2026-04-17,2026-04-17 10:23:37,3.424,7.819,0.56,4.7,0.89,0.62,3.68,NA,0.04,93.5,61,51.4,6.8,38.89378,-91.73739,242.5,981.0666666666666
440,2026-04-17,2026-04-17 10:23:38,3.445,7.798,0.55,4.6,0.93,0.58,3.26,NA,0.04,93.9,61,47.3,6.78,38.89378,-91.73739,242.4,981.0666666666666
440,2026-04-17,2026-04-17 10:23:39,3.485,7.768,0.54,4.6,0.96,0.56,3.14,NA,0.04,94.9,62,44.7,6.78,38.89378,-91.73739,242.4,981.0666666666666
440,2026-04-17,2026-04-17 10:23:41,3.518,7.735,0.52,4.4,0.86,0.58,3.23,NA,0.04,95.3,62,36.9,6.74,38.89378,-91.73739,242.2,981.0666666666666
440,2026-04-17,2026-04-17 10:23:42,3.557,7.718,0.52,4.3,0.84,0.62,3.36,NA,0.04,96.1,62,34.5,6.73,38.89378,-91.73739,242.2,981.0666666666666
440,2026-04-17,2026-04-17 10:23:44,3.584,7.652,0.5,4.2,0.86,0.71,3.31,NA,0.05,98.3,64,27.2,6.71,38.89377,-91.73739,242.5,981.0666666666666
440,2026-04-17,2026-04-17 10:23:45,3.612,7.645,0.5,4.1,0.87,0.59,3.36,NA,0.05,98.4,64,25.5,6.7,38.89377,-91.73739,242.6,981.0666666666666
440,2026-04-17,2026-04-17 10:23:46,3.639,7.665,0.49,4.1,0.87,0.51,3.37,NA,0.05,98.6,64,22.8,6.69,38.89378,-91.73739,242.6,981.0666666666666
440,2026-04-17,2026-04-17 10:23:49,3.695,7.631,0.47,3.9,0.83,0.54,3,NA,0.05,102.7,67,15.5,6.66,38.89378,-91.73739,242.2,981.0666666666666
440,2026-04-17,2026-04-17 10:23:50,3.719,7.637,0.46,3.8,0.86,0.62,3.22,NA,0.05,102.9,67,12.9,6.66,38.89378,-91.73739,242.1,981.0666666666666
440,2026-04-17,2026-04-17 10:23:53,3.766,7.581,0.44,3.7,0.87,0.56,2.78,NA,0.05,104.5,68,7.2,6.64,38.89378,-91.7374,241.9,980.9333333333334
440,2026-04-17,2026-04-17 10:23:54,3.787,7.591,0.43,3.6,0.85,0.57,2.86,NA,0.05,105.2,68,5.3,6.64,38.89378,-91.7374,241.9,981.0666666666666
440,2026-04-17,2026-04-17 10:24:00,3.888,7.578,0.39,3.3,0.78,0.64,2.95,NA,0.05,112,73,-4.9,6.61,38.89378,-91.73741,242.1,981.0666666666666
440,2026-04-17,2026-04-17 10:24:02,3.927,7.545,0.38,3.2,0.8,0.57,2.88,NA,0.05,114.6,74,-7.3,6.6,38.89377,-91.73741,242.4,981.0666666666666
440,2026-04-17,2026-04-17 10:24:05,3.961,7.564,0.36,3,0.85,0.62,2.84,NA,0.05,116.7,76,-11.3,6.59,38.89377,-91.73741,242.6,980.9333333333334
440,2026-04-17,2026-04-17 10:24:06,4.015,7.548,0.35,3,0.81,0.57,2.85,NA,0.06,117,76,-11.9,6.59,38.89377,-91.73741,242.6,981.0666666666666
440,2026-04-17,2026-04-17 10:24:11,4.09,7.552,0.33,2.7,0.85,0.52,2.87,NA,0.06,119.2,78,-17,6.57,38.89377,-91.7374,242.9,981.0666666666666
440,2026-04-17,2026-04-17 10:24:13,4.128,7.564,0.32,2.7,0.91,0.69,3.17,NA,0.06,121.4,79,-18.7,6.57,38.89377,-91.7374,243.1,981.0666666666666
440,2026-04-17,2026-04-17 10:24:15,4.17,7.552,0.31,2.6,0.92,0.63,3.07,NA,0.06,122.7,80,-21.1,6.57,38.89377,-91.7374,243.2,981.0666666666666
440,2026-04-17,2026-04-17 10:24:16,4.201,7.545,0.31,2.6,0.88,0.57,3.06,NA,0.06,122.8,80,-22.3,6.57,38.89377,-91.7374,243,981.2
440,2026-04-17,2026-04-17 10:24:18,4.231,7.547,0.3,2.5,0.86,0.58,2.87,NA,0.06,123.3,80,-24.8,6.57,38.89378,-91.73739,243,981.0666666666666
440,2026-04-17,2026-04-17 10:24:20,4.271,7.545,0.3,2.5,0.84,0.63,2.77,NA,0.06,124.2,81,-27.4,6.57,38.89378,-91.73739,242.8,981.2
440,2026-04-17,2026-04-17 10:24:26,4.338,7.519,0.28,2.4,0.88,0.62,3.06,NA,0.06,125.6,82,-33,6.58,38.89377,-91.73737,242.6,981.0666666666666
446,2026-01-06,2026-01-06 09:41:10,0.037,1.181,15.85,112,26.06,3.16,64.17,NA,0.23,474,308,170.9,8.33,44.22457,-93.56287,305.1,969.4666666666668
446,2026-01-06,2026-01-06 09:41:11,0.159,1.448,15.9,112.9,23.34,2.66,58.45,NA,0.22,471.4,306,170.9,8.33,44.22457,-93.56287,305.1,969.4666666666668
446,2026-01-06,2026-01-06 09:41:12,0.228,1.638,15.87,113.5,15.64,1.75,43.04,NA,0.22,471.2,306,171,8.33,44.22457,-93.56287,305,969.3333333333334
446,2026-01-06,2026-01-06 09:41:18,0.305,1.779,15.83,114,18.49,1.65,39.24,NA,0.23,473.1,308,171.2,8.29,44.22457,-93.56287,304.6,969.4666666666668
446,2026-01-06,2026-01-06 09:41:19,0.348,1.857,15.81,113.8,12.39,1.04,41.74,NA,0.23,472.7,307,171.2,8.29,44.22457,-93.56287,304.6,969.3333333333334
446,2026-01-06,2026-01-06 09:41:20,0.392,1.928,15.69,113.3,11.11,0.84,36.19,NA,0.23,472.3,307,171.2,8.28,44.22457,-93.56287,304.8,969.3333333333334
446,2026-01-06,2026-01-06 09:41:21,0.414,1.955,15.67,113.3,11.61,0.92,24.73,NA,0.23,472.2,307,171.2,8.28,44.22457,-93.56287,305.1,969.3333333333334
446,2026-01-06,2026-01-06 09:41:22,0.452,1.994,15.66,113.3,10.41,0.85,22.18,NA,0.23,471.9,307,171.2,8.28,44.22457,-93.56287,305.1,969.4666666666668
446,2026-01-06,2026-01-06 09:41:23,0.489,2.043,15.61,113.1,9.46,0.82,22.58,NA,0.23,471.4,306,171.3,8.27,44.22457,-93.56287,305.2,969.3333333333334
446,2026-01-06,2026-01-06 09:41:24,0.515,2.057,15.54,112.7,9.47,0.92,23.77,NA,0.23,471.1,306,171.5,8.26,44.22457,-93.56287,305.3,969.6
446,2026-01-06,2026-01-06 09:41:26,0.567,2.046,15.55,112.7,9.05,1.01,23.53,NA,0.23,471.4,306,171.6,8.25,44.22457,-93.56287,305.1,969.4666666666668
446,2026-01-06,2026-01-06 09:41:27,0.598,2.062,15.58,113,7.2,0.81,22.65,NA,0.23,471.2,306,171.7,8.24,44.22457,-93.56287,305.2,969.4666666666668
446,2026-01-06,2026-01-06 09:41:28,0.631,2.068,15.53,112.7,4.72,0.56,21.01,NA,0.23,471.2,306,171.7,8.23,44.22457,-93.56287,305,969.4666666666668
446,2026-01-06,2026-01-06 09:41:29,0.651,2.077,15.42,111.9,4.19,0.52,14.55,NA,0.23,471.2,306,171.7,8.22,44.22457,-93.56287,305.2,969.6
446,2026-01-06,2026-01-06 09:41:31,0.685,2.096,15.27,110.9,4.58,0.44,12.29,NA,0.23,470.9,306,171.9,8.2,44.22457,-93.56287,305,969.4666666666668
446,2026-01-06,2026-01-06 09:41:32,0.721,2.091,15.21,110.4,4.76,0.42,14.27,NA,0.23,471,306,172.1,8.19,44.22457,-93.56287,305.1,969.4666666666668
446,2026-01-06,2026-01-06 09:41:33,0.752,2.168,15.12,109.8,5.19,0.43,17.38,NA,0.22,470.4,306,172.2,8.18,44.22457,-93.56287,305.2,969.4666666666668
446,2026-01-06,2026-01-06 09:41:35,0.799,2.285,14.97,109.2,5.83,0.66,14.74,NA,0.22,468.9,305,172.3,8.17,44.22457,-93.56287,305.2,969.6
446,2026-01-06,2026-01-06 09:41:36,0.838,2.305,14.87,108.6,5.15,0.58,12.43,NA,0.22,468.8,305,172.4,8.16,44.22457,-93.56287,305.2,969.4666666666668
446,2026-01-06,2026-01-06 09:41:37,0.866,2.309,14.75,107.7,4.2,0.34,11.97,NA,0.22,468.8,305,172.4,8.16,44.22457,-93.56287,305.2,969.4666666666668
446,2026-01-06,2026-01-06 09:41:38,0.896,2.31,14.71,107.4,4.06,0.38,13.29,NA,0.22,468.9,305,172.4,8.15,44.22457,-93.56287,305.2,969.4666666666668
446,2026-01-06,2026-01-06 09:41:39,0.926,2.314,14.67,107.1,4.54,0.43,13.09,NA,0.22,469.1,305,172.5,8.15,44.22457,-93.56287,305.2,969.6
446,2026-01-06,2026-01-06 09:41:40,0.955,2.317,14.62,106.8,4.57,0.49,12.52,NA,0.22,469.3,305,172.5,8.14,44.22457,-93.56287,305.2,969.6
446,2026-01-06,2026-01-06 09:41:42,0.999,2.303,14.52,106,4.11,0.44,13.74,NA,0.22,469.8,305,172.5,8.13,44.22457,-93.56287,305.1,969.6
446,2026-01-06,2026-01-06 09:41:43,1.024,2.296,14.46,105.6,4.25,0.51,14.47,NA,0.22,470,306,172.5,8.13,44.22457,-93.56287,305.1,969.4666666666668
446,2026-01-06,2026-01-06 09:41:44,1.045,2.288,14.4,105.1,4,0.57,14.39,NA,0.22,470.1,306,172.5,8.13,44.22457,-93.56287,305,969.6
446,2026-01-06,2026-01-06 09:41:46,1.097,2.374,14.29,104.4,4.24,0.5,8.94,NA,0.22,469.1,305,172.4,8.12,44.22457,-93.56287,304.9,969.4666666666668
446,2026-01-06,2026-01-06 09:41:47,1.134,2.474,14.26,104.6,3.88,0.49,7.8,NA,0.22,468.7,305,172.4,8.11,44.22457,-93.56287,304.9,969.4666666666668
446,2026-01-06,2026-01-06 09:41:48,1.171,2.566,14.29,104.9,3.63,0.48,9.57,NA,0.22,468,304,172.5,8.11,44.22457,-93.56287,304.9,969.4666666666668
446,2026-01-06,2026-01-06 09:41:49,1.195,2.835,14.22,104.9,3.34,0.39,9.56,NA,0.22,465.3,302,172.5,8.1,44.22457,-93.56287,304.9,969.6
446,2026-01-06,2026-01-06 09:41:50,1.23,2.93,14.06,104.3,3.37,0.3,8.89,NA,0.22,464.6,302,172.6,8.1,44.22457,-93.56287,305.1,969.6
446,2026-01-06,2026-01-06 09:41:52,1.277,2.873,13.91,103.1,3.39,0.32,9.37,NA,0.22,467.9,304,172.5,8.09,44.22457,-93.56287,305.3,969.6
446,2026-01-06,2026-01-06 09:41:53,1.305,2.898,13.84,102.6,2.85,0.25,7.49,NA,0.22,469.4,305,172.5,8.09,44.22457,-93.56287,305.3,969.6
446,2026-01-06,2026-01-06 09:41:54,1.35,3.011,13.68,101.7,2.3,0.23,6.05,NA,0.23,470.1,306,172.5,8.08,44.22457,-93.56287,305.3,969.4666666666668
446,2026-04-21,2026-04-21 09:17:01,0.047,11.325,11.81,108.1,2.47,0.18,7.37,NA,0.21,436.3,284,206.6,8.6,44.22364,-93.55157,304,973.8666666666668
446,2026-04-21,2026-04-21 09:17:02,0.114,11.241,11.93,109,2.78,0.2,8.04,NA,0.21,436.1,283,206.5,8.61,44.22364,-93.55157,304.1,973.8666666666668
446,2026-04-21,2026-04-21 09:17:03,0.152,11.186,12.04,109.9,2.97,0.18,8.27,NA,0.21,437,284,206.5,8.61,44.22364,-93.55157,304.1,973.8666666666668
446,2026-04-21,2026-04-21 09:17:04,0.174,11.157,12.16,110.9,3.1,0.24,8.45,NA,0.21,437.8,285,206.4,8.61,44.22364,-93.55157,304.1,973.8666666666668
446,2026-04-21,2026-04-21 09:17:06,0.207,11.191,12.36,112.6,3,0.17,9.14,NA,0.21,438.2,285,206.4,8.61,44.22364,-93.55157,304.3,973.8666666666668
446,2026-04-21,2026-04-21 09:17:07,0.241,11.189,12.4,113.2,3.23,0.2,9.35,NA,0.21,438.7,285,206.5,8.61,44.22364,-93.55157,304.4,973.8666666666668
446,2026-04-21,2026-04-21 09:17:08,0.264,11.144,12.48,113.7,3.31,0.17,9.54,NA,0.21,439.4,286,206.5,8.61,44.22364,-93.55157,304.3,974
446,2026-04-21,2026-04-21 09:17:10,0.313,11.012,12.62,114.7,3.16,0.35,9.69,NA,0.21,441.6,287,206.6,8.6,44.22364,-93.55157,304.4,974.1333333333332
446,2026-04-21,2026-04-21 09:17:11,0.335,10.986,12.71,115.4,3.39,0.31,9.7,NA,0.21,441.8,287,206.6,8.6,44.22364,-93.55157,304.4,974
446,2026-04-21,2026-04-21 09:17:13,0.385,10.973,12.8,116.2,3.73,0.2,10.89,NA,0.21,441.9,287,206.6,8.6,44.22364,-93.55157,304.4,973.8666666666668
446,2026-04-21,2026-04-21 09:17:14,0.414,10.954,12.84,116.5,3.8,0.21,10.92,NA,0.21,442.4,288,206.7,8.59,44.22364,-93.55157,304.4,973.8666666666668
446,2026-04-21,2026-04-21 09:17:15,0.436,10.94,12.89,116.9,3.83,0.23,10.55,NA,0.21,443,288,206.8,8.59,44.22364,-93.55157,304.3,973.8666666666668
446,2026-04-21,2026-04-21 09:17:16,0.458,10.955,12.93,117.2,3.84,0.26,10.63,NA,0.21,443.1,288,206.7,8.59,44.22364,-93.55157,304.4,973.8666666666668
446,2026-04-21,2026-04-21 09:17:17,0.486,10.949,12.95,117.5,3.9,0.24,11.3,NA,0.21,443.1,288,206.7,8.59,44.22364,-93.55157,304.4,973.8666666666668
446,2026-04-21,2026-04-21 09:17:19,0.531,10.895,13.03,118.1,4.16,0.23,11.25,NA,0.21,443.6,288,206.8,8.58,44.22364,-93.55156,304.5,973.8666666666668
446,2026-04-21,2026-04-21 09:17:21,0.574,10.898,13.1,118.7,3.99,0.22,11.73,NA,0.22,444,289,206.8,8.58,44.22364,-93.55156,304.5,973.8666666666668
446,2026-04-21,2026-04-21 09:17:22,0.601,10.91,13.13,118.9,4.14,0.22,11.66,NA,0.22,444.2,289,206.8,8.58,44.22364,-93.55156,304.6,973.8666666666668
446,2026-04-21,2026-04-21 09:17:23,0.629,10.912,13.14,119.1,4.35,0.24,12.01,NA,0.22,444.3,289,206.8,8.58,44.22364,-93.55156,304.6,974
446,2026-04-21,2026-04-21 09:17:27,0.721,10.836,13.21,119.6,4.39,0.27,12.57,NA,0.22,445.2,289,206.8,8.57,44.22364,-93.55156,304.8,973.8666666666668
446,2026-04-21,2026-04-21 09:17:28,0.756,10.833,13.24,119.7,4.33,0.24,13.54,NA,0.22,445.1,289,206.9,8.57,44.22364,-93.55156,304.8,974
446,2026-04-21,2026-04-21 09:17:31,0.833,10.81,13.29,120.2,4.4,0.27,14.14,NA,0.22,445.5,290,206.9,8.57,44.22364,-93.55156,304.9,974
446,2026-04-21,2026-04-21 09:17:32,0.858,10.794,13.3,120.2,4.84,0.3,14.5,NA,0.22,445.7,290,206.9,8.57,44.22364,-93.55156,304.9,973.8666666666668
446,2026-04-21,2026-04-21 09:17:33,0.887,10.796,13.31,120.3,4.99,0.29,14.64,NA,0.22,446.1,290,206.9,8.57,44.22364,-93.55156,304.9,973.8666666666668
446,2026-04-21,2026-04-21 09:17:35,0.931,10.792,13.33,120.5,4.75,0.27,14.58,NA,0.22,446.2,290,206.9,8.57,44.22364,-93.55156,304.9,973.8666666666668
446,2026-04-21,2026-04-21 09:17:36,0.964,10.763,13.35,120.6,4.9,0.25,14.77,NA,0.22,446,290,206.9,8.57,44.22364,-93.55156,304.9,974
446,2026-04-21,2026-04-21 09:17:37,1.004,10.744,13.38,120.8,5.02,0.26,14.71,NA,0.22,446.2,290,207,8.56,44.22364,-93.55156,304.9,974
446,2026-04-21,2026-04-21 09:17:38,1.026,10.741,13.4,121,4.93,0.3,14.15,NA,0.22,446.5,290,207,8.56,44.22364,-93.55156,305,974
446,2026-04-21,2026-04-21 09:17:39,1.059,10.735,13.4,121,4.87,0.25,13.76,NA,0.22,446.6,290,206.9,8.56,44.22364,-93.55156,305,974
446,2026-04-21,2026-04-21 09:17:40,1.084,10.729,13.41,121,4.93,0.26,14.14,NA,0.22,446.8,290,206.9,8.56,44.22364,-93.55156,305,974.1333333333332
446,2026-04-21,2026-04-21 09:17:41,1.117,10.733,13.41,121.1,5,0.28,14.75,NA,0.22,446.8,290,206.9,8.56,44.22364,-93.55156,304.9,974.1333333333332
446,2026-04-21,2026-04-21 09:17:42,1.14,10.737,13.42,121.1,5.42,0.28,14.63,NA,0.22,446.7,290,206.9,8.56,44.22364,-93.55156,304.9,974
446,2026-04-21,2026-04-21 09:17:44,1.193,10.739,13.42,121.1,5.02,0.28,14.19,NA,0.22,445.8,290,206.9,8.56,44.22364,-93.55156,305,974
446,2026-04-21,2026-04-21 09:17:45,1.247,10.692,13.43,121.1,5.06,0.29,14.75,NA,0.22,445.5,290,207,8.56,44.22364,-93.55156,304.9,974
446,2026-04-21,2026-04-21 09:17:47,1.281,10.633,13.46,121.2,5.24,0.34,15.26,NA,0.22,446.3,290,207,8.56,44.22364,-93.55156,304.9,974
446,2026-04-21,2026-04-21 09:17:48,1.318,10.624,13.47,121.3,4.85,0.31,14.88,NA,0.22,446.5,290,207,8.56,44.22364,-93.55156,305,974
446,2026-04-21,2026-04-21 09:17:49,1.341,10.632,13.49,121.4,4.86,0.31,14.58,NA,0.22,446.5,290,207,8.56,44.22364,-93.55156,304.9,974
446,2026-04-21,2026-04-21 09:17:51,1.372,10.683,13.48,121.5,5.02,0.3,14.95,NA,0.22,446.3,290,206.9,8.56,44.22364,-93.55156,304.9,974
446,2026-04-21,2026-04-21 09:17:52,1.397,10.706,13.47,121.5,5.34,0.37,15.27,NA,0.22,445.9,290,206.9,8.56,44.22364,-93.55156,304.9,974.1333333333332
446,2026-04-21,2026-04-21 09:17:53,1.442,10.71,13.46,121.4,5.7,0.37,15.47,NA,0.22,445.4,289,206.9,8.55,44.22364,-93.55156,305,974
446,2026-04-21,2026-04-21 09:17:55,1.47,10.702,13.46,121.4,5.19,0.29,16.95,NA,0.22,445.7,290,207,8.55,44.22364,-93.55156,305,974.1333333333332
446,2026-04-21,2026-04-21 09:17:56,1.519,10.665,13.48,121.5,5.67,0.3,16.01,NA,0.22,445.9,290,207,8.55,44.22364,-93.55156,305,974.1333333333332
446,2026-04-21,2026-04-21 09:17:57,1.548,10.636,13.5,121.6,5.86,0.32,14.09,NA,0.22,446.4,290,207.1,8.55,44.22364,-93.55156,304.9,974
446,2026-04-21,2026-04-21 09:18:00,1.6,10.577,13.5,121.4,5.45,0.25,15.4,NA,0.22,447,291,207,8.55,44.22364,-93.55156,304.9,974
446,2026-04-21,2026-04-21 09:18:01,1.637,10.582,13.51,121.5,5.35,0.27,16.15,NA,0.22,447.2,291,207,8.55,44.22364,-93.55157,304.9,974.1333333333332
446,2026-04-21,2026-04-21 09:18:04,1.688,10.558,13.52,121.5,6.79,0.37,15.15,NA,0.22,447.6,291,207.1,8.54,44.22364,-93.55157,304.9,974.1333333333332
446,2026-04-21,2026-04-21 09:18:05,1.718,10.56,13.52,121.5,6.27,0.32,14.82,NA,0.22,447.5,291,207.1,8.54,44.22364,-93.55157,304.9,974.1333333333332
446,2026-04-21,2026-04-21 09:18:08,1.782,10.551,13.52,121.5,6.3,0.35,14.95,NA,0.22,447.3,291,207.1,8.54,44.22364,-93.55157,304.9,974.1333333333332
446,2026-04-21,2026-04-21 09:18:09,1.811,10.553,13.51,121.4,6.17,0.36,14.89,NA,0.22,447.3,291,207.1,8.54,44.22364,-93.55157,304.9,974.1333333333332
446,2026-04-21,2026-04-21 09:18:12,1.908,10.521,13.49,121.2,5.57,0.31,14.72,NA,0.22,447,291,207.2,8.54,44.22364,-93.55157,304.9,974
446,2026-04-21,2026-04-21 09:18:13,1.961,10.517,13.49,121.2,5.59,0.3,13.83,NA,0.22,446.7,290,207.2,8.54,44.22364,-93.55157,304.9,974.1333333333332
446,2026-04-21,2026-04-21 09:18:14,1.988,10.519,13.49,121.1,5.55,0.28,13.62,NA,0.22,446.8,290,207.2,8.54,44.22364,-93.55157,304.9,974.1333333333332
446,2026-04-21,2026-04-21 09:18:16,2.034,10.526,13.49,121.1,5.71,0.31,14.88,NA,0.22,447,291,207.2,8.53,44.22364,-93.55157,305,974.1333333333332
446,2026-04-21,2026-04-21 09:18:17,2.068,10.531,13.47,121,5.59,0.24,16.09,NA,0.22,446.9,290,207.1,8.53,44.22364,-93.55157,305,974.1333333333332
446,2026-04-21,2026-04-21 09:18:18,2.097,10.535,13.46,120.9,5.81,0.25,16.17,NA,0.22,446.7,290,207.1,8.53,44.22364,-93.55157,304.9,974.2666666666668
446,2026-04-21,2026-04-21 09:18:19,2.117,10.536,13.45,120.8,6.06,0.31,15.88,NA,0.22,446.7,290,207.1,8.53,44.22364,-93.55157,304.9,974.1333333333332
446,2026-04-21,2026-04-21 09:18:20,2.143,10.531,13.44,120.7,6.03,0.35,17.12,NA,0.22,446.8,290,207.2,8.53,44.22364,-93.55157,305,974.1333333333332
446,2026-04-21,2026-04-21 09:18:21,2.184,10.519,13.44,120.7,5.84,0.28,18.51,NA,0.22,446.9,290,207.2,8.53,44.22364,-93.55157,304.9,974
446,2026-04-21,2026-04-21 09:18:22,2.208,10.512,13.44,120.6,5.52,0.26,17.24,NA,0.22,447.3,291,207.1,8.53,44.22364,-93.55157,304.9,974
446,2026-04-21,2026-04-21 09:18:25,2.26,10.5,13.42,120.4,5.76,0.3,15.56,NA,0.22,447.5,291,207.2,8.53,44.22364,-93.55157,304.9,973.8666666666668
446,2026-04-21,2026-04-21 09:18:28,2.315,10.506,13.39,120.2,5.48,0.3,15.63,NA,0.22,447.6,291,207.2,8.53,44.22365,-93.55157,304.9,974.2666666666668
446,2026-04-21,2026-04-21 09:18:29,2.345,10.504,13.39,120.2,5.86,0.3,16.39,NA,0.22,447.5,291,207.2,8.53,44.22365,-93.55157,304.9,974.5333333333332
446,2026-04-21,2026-04-21 09:18:37,2.433,10.497,13.34,119.8,5.89,0.26,14.69,NA,0.22,447.9,291,207.2,8.53,44.22365,-93.55157,304.8,973.0666666666666
446,2026-04-21,2026-04-21 09:18:41,2.501,10.486,13.33,119.6,6.06,0.31,15.67,NA,0.22,447.9,291,207.2,8.53,44.22365,-93.55157,304.7,973.0666666666666
446,2026-04-21,2026-04-21 09:18:42,2.527,10.487,13.33,119.6,6.36,0.32,14.25,NA,0.22,447.9,291,207.2,8.53,44.22365,-93.55157,304.7,973.2
446,2026-04-21,2026-04-21 09:18:43,2.569,10.484,13.33,119.6,6.25,0.34,15.6,NA,0.22,448.1,291,207.2,8.53,44.22365,-93.55157,304.7,973.2
446,2026-04-21,2026-04-21 09:18:45,2.629,10.481,13.33,119.6,6.44,0.38,15.34,NA,0.22,448.4,291,207.2,8.53,44.22365,-93.55157,304.6,973.2
446,2026-04-21,2026-04-21 09:18:46,2.656,10.48,13.33,119.6,6.6,0.4,16,NA,0.22,448.6,292,207.2,8.53,44.22365,-93.55157,304.6,973.2
446,2026-04-21,2026-04-21 09:18:47,2.682,10.482,13.33,119.6,6.59,0.39,18.32,NA,0.22,448.5,292,207.2,8.53,44.22365,-93.55157,304.6,973.0666666666666
446,2026-04-21,2026-04-21 09:18:48,2.713,10.481,13.32,119.5,6.5,0.37,20.36,NA,0.22,448.6,292,207.2,8.53,44.22365,-93.55157,304.6,973.0666666666666
446,2026-04-21,2026-04-21 09:18:49,2.751,10.479,13.32,119.5,6.39,0.36,20.42,NA,0.22,448.7,292,207.2,8.53,44.22365,-93.55157,304.5,973.0666666666666
446,2026-04-21,2026-04-21 09:18:50,2.773,10.476,13.32,119.5,6.32,0.32,18.85,NA,0.22,448.7,292,207.2,8.53,44.22365,-93.55157,304.5,973.0666666666666
446,2026-04-21,2026-04-21 09:18:51,2.824,10.455,13.32,119.4,6.53,0.28,17.81,NA,0.22,449.1,292,207.2,8.52,44.22365,-93.55157,304.5,973.0666666666666
446,2026-04-21,2026-04-21 09:18:53,2.879,10.434,13.34,119.5,6.75,0.32,18.78,NA,0.22,449.9,292,207.3,8.52,44.22365,-93.55157,304.5,973.0666666666666
446,2026-04-21,2026-04-21 09:18:54,2.913,10.438,13.34,119.5,7.39,0.35,17.4,NA,0.22,450,292,207.3,8.52,44.22365,-93.55157,304.4,973.2
446,2026-04-21,2026-04-21 09:18:55,2.935,10.437,13.34,119.5,7.31,0.33,17.62,NA,0.22,450.3,293,207.3,8.52,44.22365,-93.55157,304.5,973.2
446,2026-04-21,2026-04-21 09:18:57,2.966,10.438,13.35,119.7,6.54,0.28,18.37,NA,0.22,450.3,293,207.3,8.52,44.22365,-93.55157,304.4,973.0666666666666
446,2026-04-21,2026-04-21 09:19:00,2.997,10.43,13.36,119.8,6.96,0.41,20.1,NA,0.22,450.8,293,207.3,8.52,44.22365,-93.55157,304.3,973.0666666666666
446,2026-04-21,2026-04-21 09:19:01,3.028,10.429,13.37,119.8,7.28,0.42,22.19,NA,0.22,451,293,207.3,8.52,44.22365,-93.55157,304.3,973.0666666666666
446,2026-04-21,2026-04-21 09:19:03,3.08,10.432,13.38,119.9,7.42,0.4,22.38,NA,0.22,451.2,293,207.4,8.52,44.22365,-93.55157,304.3,973.0666666666666
446,2026-04-21,2026-04-21 09:19:05,3.115,10.434,13.38,119.9,6.83,0.35,20.25,NA,0.22,451.9,294,207.4,8.52,44.22365,-93.55157,304.2,973.2
446,2026-04-21,2026-04-21 09:19:10,3.186,10.429,13.38,119.9,7.43,0.35,18.54,NA,0.22,452,294,207.4,8.52,44.22365,-93.55158,304.1,973.0666666666666
446,2026-04-21,2026-04-21 09:19:12,3.214,10.432,13.38,119.9,7.46,0.35,17.56,NA,0.22,452,294,207.4,8.52,44.22365,-93.55158,304.1,973.0666666666666
446,2026-04-21,2026-04-21 09:19:14,3.269,10.432,13.38,119.9,7.03,0.34,20.77,NA,0.22,452.8,294,207.4,8.52,44.22365,-93.55158,304.1,973.2
446,2026-04-21,2026-04-21 09:19:16,3.292,10.43,13.38,119.9,6.46,0.28,18.82,NA,0.22,453.2,295,207.5,8.52,44.22365,-93.55158,304.1,973.0666666666666
446,2026-04-21,2026-04-21 09:19:17,3.322,10.429,13.37,119.8,6.35,0.31,18.27,NA,0.22,453.2,295,207.5,8.52,44.22365,-93.55158,304.1,973.0666666666666
446,2026-04-21,2026-04-21 09:19:18,3.375,10.429,13.38,119.9,6.37,0.29,18.48,NA,0.22,453.1,294,207.5,8.52,44.22365,-93.55158,304.1,973.2
446,2026-04-21,2026-04-21 09:19:21,3.413,10.431,13.37,119.8,7.6,0.4,22.78,NA,0.22,453.3,295,207.5,8.52,44.22365,-93.55158,304.1,973.0666666666666
446,2026-04-21,2026-04-21 09:19:22,3.444,10.434,13.37,119.8,8.07,0.42,22.45,NA,0.22,453.5,295,207.5,8.52,44.22365,-93.55158,304.1,973.0666666666666
446,2026-04-21,2026-04-21 09:19:23,3.475,10.435,13.37,119.8,7.83,0.42,20.99,NA,0.22,453.6,295,207.5,8.51,44.22365,-93.55158,304.1,973.0666666666666
446,2026-04-21,2026-04-21 09:19:25,3.512,10.434,13.36,119.8,7.06,0.39,18.61,NA,0.22,453.5,295,207.6,8.51,44.22365,-93.55158,304.1,973.0666666666666
446,2026-04-21,2026-04-21 09:19:26,3.539,10.434,13.36,119.8,6.99,0.58,20.13,NA,0.22,453.5,295,207.6,8.51,44.22365,-93.55158,304.1,973.0666666666666
446,2026-04-21,2026-04-21 09:19:47,3.698,10.438,13.32,119.4,8.18,0.65,48.33,NA,0.22,453.6,295,217.4,7.88,44.22364,-93.55157,303.9,973.0666666666666
