Kor MEASUREMENT DATA FILE EXPORT,,,,,,,,,,,,,,,,,,,,,,,,,,,,,
,,,,,,,,,,,,,,,,,,,,,,,,,,,,,
FILE CREATED:,5/22/2026 20:16,,,,,,,,,,,,,,,,,,,,,,,,,,,,
,,,,,,,,,,,,,,,,,,,,,,,,,,,,,
MEAN VALUE:,,,,,0.36,3.44,739.3,0.61,1.25,231.6,262.8,171,0.13,265.6,12.217,12.223,17.354,48.6,4.36,50,37.90096,-93.31726,253,125.4,NA,-75.2,12.1,0,18.814
STANDARD DEVIATION:,,,,,0.56,5.24,0.1,0.95,1.64,6.3,6,4,0,6.8,7.527,7.527,10.698,45.1,3.98,46.4,0.00003,0.00001,1.2,25.5,0.69,39.5,0,0,2.036
,,,,,,,,,,,,,,,,,,,,,,,,,,,,,
SENSOR SERIAL NUMBER:,,,,,24A100701,25F104839,17F105819,24A100701,25F104839,18D101258,18D101258,18D101258,18D101258,18D101258,24E102415,24E102415,24E102415,18D104461,18D104461,18D104461,17F105819,17F105819,17F105819,24B104395,24B104395,24B104395,17F105819,17F105819,18D101258
TIME (h:mm:ss tt),DATE (M/d/yyyy),FILE NAME,SITE NAME,FAULT CODE,TAL PC RFU,TAL PE RFU,BAROMETER MMHG,CHLOROPHYLL RFU,CHLOROPHYLL RFU,COND µS/CM,SPCOND µS/CM,TDS MG/L,SAL PSU,NLF COND µS/CM,DEPTH M,VERTICAL POSITION M,PRESSURE PSI A,ODO % SAT,ODO MG/L,ODO % CB,GPS LATITUDE °,GPS LONGITUDE °,ALTITUDE M,ORP MV,PH,PH MV,CABLE PWR V,BATTERY V,TEMP °C
2:33:59 PM,5/21/2026,260521-141240-184.bin,92,0,0.19,0.93,739.4,0.22,0.49,223.9,273.8,178,0.13,277.8,24.178,24.172,34.359,0.1,0.01,0.1,37.90094,-93.31728,253.4,7.9,7.08,-30.6,12.1,0,15.457
2:33:58 PM,5/21/2026,260521-141240-184.bin,92,0,0.2,0.84,739.4,0.14,0.45,223.9,273.8,178,0.13,277.8,24.177,24.174,34.358,0.1,0.01,0.1,37.90094,-93.31728,253.4,7.1,7.1,-31.7,12.1,0,15.457
2:33:57 PM,5/21/2026,260521-141240-184.bin,92,0,0.13,0.78,739.3,0.12,0.53,223.8,273.7,178,0.13,277.7,24.207,24.195,34.401,0.1,0.01,0.1,37.90094,-93.31728,253.8,6.9,7.1,-32,12.1,0,15.458
2:33:56 PM,5/21/2026,260521-141240-184.bin,92,0,0.03,0.87,739.3,0.09,0.54,223.6,273.5,178,0.13,277.5,24.236,24.242,34.443,0.1,0.01,0.1,37.90094,-93.31728,253.9,7,7.1,-32.1,12.1,0,15.459
2:33:55 PM,5/21/2026,260521-141240-184.bin,92,0,0.05,0.84,739.3,0.1,0.51,223.6,273.4,178,0.13,277.4,24.21,24.226,34.405,0.1,0.01,0.1,37.90094,-93.31728,253.8,7.2,7.1,-32.2,12.1,0,15.46
2:33:54 PM,5/21/2026,260521-141240-184.bin,92,0,0.14,0.69,739.3,0.15,0.49,223.6,273.4,178,0.13,277.4,24.177,24.176,34.358,0.1,0.01,0.1,37.90094,-93.31728,253.8,7.3,7.11,-32.4,12.1,0,15.46
2:33:53 PM,5/21/2026,260521-141240-184.bin,92,0,0.2,0.72,739.4,0.18,0.49,223.6,273.4,178,0.13,277.5,24.213,24.206,34.41,0.1,0.01,0.1,37.90094,-93.31728,253.9,7.3,7.11,-32.6,12.1,0,15.46
2:33:52 PM,5/21/2026,260521-141240-184.bin,92,0,0.18,0.66,739.4,0.24,0.5,223.7,273.6,178,0.13,277.6,24.237,24.265,34.443,0.1,0.01,0.1,37.90094,-93.31728,253.8,7.6,7.11,-32.6,12.1,0,15.46
2:33:51 PM,5/21/2026,260521-141240-184.bin,92,0,0.15,0.68,739.3,0.25,0.5,223.8,273.6,178,0.13,277.7,24.178,24.184,34.359,0.1,0.01,0.1,37.90094,-93.31728,253.7,8.3,7.1,-32.2,12.1,0,15.46
2:33:50 PM,5/21/2026,260521-141240-184.bin,92,0,0.09,0.96,739.3,0.18,0.5,223.9,273.7,178,0.13,277.8,24.206,24.146,34.4,0.1,0.01,0.1,37.90094,-93.31728,253.7,9.4,7.09,-31.5,12.1,0,15.461
2:33:49 PM,5/21/2026,260521-141240-184.bin,92,0,0.06,0.94,739.3,0.1,0.5,224,273.9,178,0.13,277.9,24.223,24.234,34.423,0.1,0.01,0.1,37.90094,-93.31728,253.7,10.3,7.08,-30.7,12.1,0,15.46
2:33:48 PM,5/21/2026,260521-141240-184.bin,92,0,0.03,0.72,739.3,0.09,0.48,223.8,273.7,178,0.13,277.7,24.209,24.258,34.403,0.1,0.01,0.1,37.90094,-93.31728,253.8,11.3,7.07,-30.2,12.1,0,15.461
2:33:47 PM,5/21/2026,260521-141240-184.bin,92,0,0.02,0.75,739.3,0.14,0.47,223.7,273.6,178,0.13,277.6,24.207,24.176,34.402,0.1,0.01,0.1,37.90094,-93.31728,253.7,12.4,7.05,-29.3,12.1,0,15.461
2:33:46 PM,5/21/2026,260521-141240-184.bin,92,0,0.02,0.82,739.3,0.2,0.5,223.7,273.6,178,0.13,277.6,24.207,24.172,34.4,0.1,0.01,0.1,37.90095,-93.31728,253.9,12.7,7.05,-29.2,12.1,0,15.461
2:33:45 PM,5/21/2026,260521-141240-184.bin,92,0,0.15,1.17,739.3,0.24,0.6,223.6,273.4,178,0.13,277.5,24.21,24.244,34.405,0.1,0.01,0.1,37.90095,-93.31728,253.8,13,7.05,-29.3,12.1,0,15.461
2:33:44 PM,5/21/2026,260521-141240-184.bin,92,0,0.28,1.1,739.3,0.27,0.58,223.5,273.3,178,0.13,277.4,24.21,24.234,34.405,0.1,0.01,0.1,37.90095,-93.31728,253.4,13,7.06,-29.7,12.1,0,15.461
2:33:43 PM,5/21/2026,260521-141240-184.bin,92,0,0.27,0.8,739.3,0.25,0.51,223.6,273.4,178,0.13,277.4,24.208,24.19,34.402,0.1,0.01,0.1,37.90096,-93.31728,253.5,13,7.07,-30,12.1,0,15.46
2:33:42 PM,5/21/2026,260521-141240-184.bin,92,0,0.23,0.87,739.4,0.18,0.51,223.6,273.4,178,0.13,277.4,24.236,24.242,34.441,0.1,0.01,0.1,37.90096,-93.31728,253.5,13.4,7.07,-30,12.1,0,15.461
2:33:41 PM,5/21/2026,260521-141240-184.bin,92,0,0.12,0.89,739.5,0.12,0.55,223.5,273.2,178,0.13,277.3,24.207,24.229,34.401,0.1,0.01,0.1,37.90096,-93.31728,253.3,13.6,7.07,-30.1,12.1,0,15.462
2:33:40 PM,5/21/2026,260521-141240-184.bin,92,0,-0.01,0.88,739.4,0.12,0.53,223.5,273.3,178,0.13,277.3,24.208,24.187,34.402,0.1,0.01,0.1,37.90096,-93.31728,253.3,13.9,7.07,-30.1,12.1,0,15.463
2:33:39 PM,5/21/2026,260521-141240-184.bin,92,0,0.07,0.75,739.4,0.2,0.49,223.6,273.4,178,0.13,277.4,24.208,24.199,34.402,0.1,0.01,0.1,37.90096,-93.31728,253.3,14.3,7.07,-30.1,12.1,0,15.465
2:33:38 PM,5/21/2026,260521-141240-184.bin,92,0,0.24,0.79,739.5,0.21,0.49,223.5,273.3,178,0.13,277.3,24.209,24.224,34.403,0.1,0.01,0.1,37.90096,-93.31728,253.3,14.9,7.07,-30,12.1,0,15.466
2:33:37 PM,5/21/2026,260521-141240-184.bin,92,0,0.28,0.81,739.4,0.23,0.53,223.5,273.3,178,0.13,277.3,24.177,24.182,34.359,0.1,0.01,0.1,37.90096,-93.31728,253.3,15.2,7.07,-30.1,12.1,0,15.468
2:33:36 PM,5/21/2026,260521-141240-184.bin,92,0,0.26,0.66,739.4,0.25,0.51,223.6,273.3,178,0.13,277.4,24.179,24.139,34.36,0.1,0.01,0.1,37.90096,-93.31728,253.4,15.4,7.07,-30.2,12.1,0,15.47
2:33:35 PM,5/21/2026,260521-141240-184.bin,92,0,0.22,0.65,739.4,0.2,0.45,223.6,273.4,178,0.13,277.4,24.207,24.196,34.4,0.1,0.01,0.1,37.90096,-93.31728,253.3,16.3,7.06,-29.9,12.1,0,15.472
2:33:34 PM,5/21/2026,260521-141240-184.bin,92,0,0.18,0.69,739.4,0.21,0.48,223.6,273.3,178,0.13,277.3,24.236,24.244,34.443,0.1,0.01,0.1,37.90096,-93.31728,253.2,16.4,7.07,-30.3,12.1,0,15.475
2:33:33 PM,5/21/2026,260521-141240-184.bin,92,0,0.13,0.82,739.3,0.14,0.5,223.6,273.3,178,0.13,277.4,24.208,24.193,34.402,0.1,0.01,0.1,37.90096,-93.31728,253.2,16.3,7.08,-30.8,12.1,0,15.478
2:33:32 PM,5/21/2026,260521-141240-184.bin,92,0,0.05,0.95,739.3,0.09,0.5,223.7,273.4,178,0.13,277.4,24.198,24.148,34.388,0.1,0.01,0.1,37.90096,-93.31728,253.2,16.9,7.08,-30.6,12.1,0,15.482
2:33:31 PM,5/21/2026,260521-141240-184.bin,92,0,0.12,0.85,739.4,0.15,0.53,223.8,273.5,178,0.13,277.5,24.207,24.242,34.4,0.1,0.01,0.1,37.90096,-93.31728,253.2,17.7,7.07,-30.3,12.1,0,15.485
2:33:30 PM,5/21/2026,260521-141240-184.bin,92,0,0.24,0.8,739.4,0.22,0.49,223.9,273.5,178,0.13,277.6,24.209,24.2,34.403,0.1,0.01,0.1,37.90097,-93.31728,253.2,18.8,7.06,-29.7,12.1,0,15.49
2:33:29 PM,5/21/2026,260521-141240-184.bin,92,0,0.3,0.83,739.4,0.27,0.46,223.8,273.5,178,0.13,277.5,24.175,24.146,34.355,0.1,0.01,0.1,37.90097,-93.31728,253.1,19.1,7.06,-29.7,12.1,0,15.495
2:33:28 PM,5/21/2026,260521-141240-184.bin,92,0,0.28,0.79,739.4,0.27,0.48,223.7,273.3,178,0.13,277.4,24.205,24.17,34.398,0.1,0.01,0.1,37.90097,-93.31728,253.2,19.3,7.07,-30.1,12.1,0,15.498
2:33:27 PM,5/21/2026,260521-141240-184.bin,92,0,0.24,0.64,739.3,0.23,0.5,223.7,273.3,178,0.13,277.3,24.213,24.244,34.409,0.1,0.01,0.1,37.90097,-93.31728,253.5,19.7,7.07,-30.2,12.1,0,15.5
2:33:26 PM,5/21/2026,260521-141240-184.bin,92,0,0.18,0.58,739.4,0.18,0.47,223.7,273.2,178,0.13,277.3,24.208,24.231,34.402,0.1,0.01,0.1,37.90097,-93.31728,253.6,20.4,7.07,-30,12.1,0,15.504
2:33:25 PM,5/21/2026,260521-141240-184.bin,92,0,0.04,0.69,739.4,0.11,0.43,223.5,273,177,0.13,277,24.206,24.177,34.4,0.1,0.01,0.1,37.90097,-93.31728,253.7,20.9,7.07,-30,12.1,0,15.506
2:33:24 PM,5/21/2026,260521-141240-184.bin,92,0,0,0.7,739.3,0.08,0.47,223.4,272.9,177,0.13,276.9,24.207,24.183,34.4,0.1,0.01,0.1,37.90097,-93.31728,253.6,21.5,7.07,-30,12.1,0,15.508
2:33:23 PM,5/21/2026,260521-141240-184.bin,92,0,0.06,0.97,739.3,0.12,0.59,223.6,273.1,178,0.13,277.1,24.208,24.232,34.401,0.1,0.01,0.1,37.90096,-93.31728,253.8,22.2,7.06,-29.9,12.1,0,15.511
2:33:22 PM,5/21/2026,260521-141240-184.bin,92,0,0.09,1.18,739.3,0.19,0.66,223.6,273.1,178,0.13,277.2,24.208,24.238,34.402,0.1,0.01,0.1,37.90096,-93.31728,253.9,22.9,7.06,-29.8,12.1,0,15.512
2:33:21 PM,5/21/2026,260521-141240-184.bin,92,0,0.2,0.92,739.4,0.23,0.6,223.7,273.2,178,0.13,277.2,24.207,24.221,34.401,0.1,0.01,0.1,37.90096,-93.31728,254,23.8,7.06,-29.5,12.1,0,15.515
2:33:20 PM,5/21/2026,260521-141240-184.bin,92,0,0.31,0.74,739.3,0.28,0.56,223.7,273.2,178,0.13,277.2,24.209,24.219,34.404,0.1,0.01,0.1,37.90096,-93.31728,254,24.7,7.05,-29.3,12.1,0,15.518
2:33:19 PM,5/21/2026,260521-141240-184.bin,92,0,0.29,0.79,739.3,0.32,0.54,223.6,273.1,177,0.13,277.1,24.207,24.231,34.4,0.1,0.01,0.1,37.90096,-93.31728,253.9,25.4,7.05,-29.3,12.1,0,15.521
2:33:18 PM,5/21/2026,260521-141240-184.bin,92,0,0.32,0.84,739.3,0.28,0.57,223.5,272.9,177,0.13,276.9,24.232,24.224,34.436,0.1,0.01,0.1,37.90096,-93.31728,254,25.9,7.06,-29.4,12.1,0,15.524
2:33:17 PM,5/21/2026,260521-141240-184.bin,92,0,0.3,0.93,739.3,0.26,0.6,223.5,272.9,177,0.13,276.9,24.235,24.234,34.44,0.1,0.01,0.1,37.90096,-93.31728,254,26.4,7.06,-29.7,12.1,0,15.528
2:33:16 PM,5/21/2026,260521-141240-184.bin,92,0,0.17,1.09,739.2,0.21,0.62,223.7,273.1,177,0.13,277.1,24.177,24.182,34.357,0.1,0.01,0.1,37.90096,-93.31728,253.9,27.2,7.06,-29.6,12.1,0,15.531
2:33:15 PM,5/21/2026,260521-141240-184.bin,92,0,0.13,1.06,739.3,0.12,0.6,223.6,273,177,0.13,277,24.174,24.144,34.353,0.1,0.01,0.1,37.90096,-93.31728,253.9,28.2,7.06,-29.4,12.1,0,15.534
2:33:14 PM,5/21/2026,260521-141240-184.bin,92,0,0.1,0.97,739.3,0.09,0.57,223.6,273,177,0.13,277,24.207,24.226,34.401,0.1,0.01,0.1,37.90096,-93.31728,253.9,29.3,7.05,-29.1,12.1,0,15.536
2:33:13 PM,5/21/2026,260521-141240-184.bin,92,0,0.04,0.93,739.4,0.13,0.55,223.7,273.1,177,0.13,277.1,24.209,24.248,34.404,0.1,0.01,0.1,37.90096,-93.31728,253.8,30.8,7.04,-28.6,12.1,0,15.538
2:33:12 PM,5/21/2026,260521-141240-184.bin,92,0,0.05,0.77,739.2,0.13,0.54,223.7,273,177,0.13,277,24.207,24.181,34.4,0.1,0.01,0.1,37.90096,-93.31728,253.5,31.9,7.04,-28.4,12.1,0,15.538
2:33:11 PM,5/21/2026,260521-141240-184.bin,92,0,0.05,0.82,739.4,0.07,0.55,223.5,272.8,177,0.13,276.8,24.203,24.147,34.395,0.1,0.01,0.1,37.90095,-93.31728,253.4,32.9,7.04,-28.4,12.1,0,15.538
2:33:10 PM,5/21/2026,260521-141240-184.bin,92,0,0.04,0.96,739.3,0.03,0.55,223.5,272.8,177,0.13,276.8,24.224,24.245,34.424,0.1,0.01,0.1,37.90095,-93.31728,253.3,33.8,7.04,-28.4,12.1,0,15.537
2:33:09 PM,5/21/2026,260521-141240-184.bin,92,0,0,0.87,739.4,0.07,0.53,223.5,272.9,177,0.13,276.9,24.207,24.249,34.401,0.1,0.01,0.1,37.90095,-93.31728,253.2,34.6,7.04,-28.5,12.1,0,15.536
2:33:08 PM,5/21/2026,260521-141240-184.bin,92,0,-0.05,0.84,739.3,0.06,0.51,223.6,273,177,0.13,277,24.205,24.175,34.397,0.1,0.01,0.1,37.90095,-93.31728,253.4,35.7,7.04,-28.5,12.1,0,15.536
2:33:07 PM,5/21/2026,260521-141240-184.bin,92,0,-0.05,0.97,739.3,0.1,0.53,223.7,273,177,0.13,277,24.196,24.171,34.385,0.1,0.01,0.1,37.90096,-93.31728,253.7,36.9,7.04,-28.5,12.1,0,15.536
2:33:06 PM,5/21/2026,260521-141240-184.bin,92,0,-0.05,1.18,739.4,0.17,0.64,223.7,273.1,178,0.13,277.1,24.205,24.238,34.398,0.1,0.01,0.1,37.90096,-93.31728,253.7,37.9,7.04,-28.7,12.1,0,15.536
2:33:05 PM,5/21/2026,260521-141240-184.bin,92,0,-0.05,1.1,739.3,0.14,0.64,223.7,273.1,178,0.13,277.1,24.206,24.227,34.398,0.1,0.01,0.1,37.90096,-93.31728,253.9,39,7.05,-29,12.1,0,15.536
2:33:04 PM,5/21/2026,260521-141240-184.bin,92,0,-0.05,1,739.3,0.17,0.57,223.7,273,177,0.13,277,24.204,24.179,34.396,0.1,0.01,0.1,37.90096,-93.31728,254.1,40.3,7.06,-29.4,12.1,0,15.534
2:33:03 PM,5/21/2026,260521-141240-184.bin,92,0,-0.02,1.08,739.2,0.27,0.57,223.6,273,177,0.13,277,24.201,24.172,34.392,0.1,0.01,0.1,37.90096,-93.31727,254.3,42.1,7.06,-29.5,12.1,0,15.533
2:33:02 PM,5/21/2026,260521-141240-184.bin,92,0,-0.02,1.15,739.3,0.34,0.63,223.6,273,177,0.13,277,24.201,24.19,34.392,0.1,0.01,0.1,37.90096,-93.31727,254.3,42.9,7.06,-29.4,12.1,0,15.531
2:33:01 PM,5/21/2026,260521-141240-184.bin,92,0,0.01,1.22,739.3,0.39,0.7,223.7,273.1,178,0.13,277.1,24.203,24.223,34.395,0.1,0.01,0.1,37.90096,-93.31727,254.5,45,7.05,-29.3,12.1,0,15.529
2:33:00 PM,5/21/2026,260521-141240-184.bin,92,0,0.08,1.09,739.3,0.54,0.68,223.8,273.2,178,0.13,277.2,24.203,24.215,34.395,0.1,0.01,0.1,37.90096,-93.31728,254.5,48.3,7.05,-28.9,12.1,0,15.532
2:32:59 PM,5/21/2026,260521-141240-184.bin,92,0,0.04,0.89,739.2,0.63,0.6,223.7,273,177,0.13,277,24.204,24.224,34.395,0.1,0.01,0.1,37.90096,-93.31727,254.7,53.1,7.05,-28.8,12.1,0,15.546
2:32:58 PM,5/21/2026,260521-141240-184.bin,92,0,0.05,0.85,739.3,0.46,0.54,223.7,272.9,177,0.13,276.9,24.201,24.187,34.392,0.1,0.01,0.1,37.90096,-93.31727,255,63,7.04,-28.8,12.1,0,15.56
2:32:57 PM,5/21/2026,260521-141240-184.bin,92,0,0.2,1.01,739.4,0.27,0.54,223.7,272.8,177,0.13,276.8,24.202,24.194,34.393,0.1,0.01,0.1,37.90096,-93.31727,255,65.8,7.05,-28.8,12.1,0,15.572
2:32:56 PM,5/21/2026,260521-141240-184.bin,92,0,0.23,1.15,739.3,0.28,0.62,223.5,272.6,177,0.13,276.6,24.23,24.261,34.433,0.1,0.01,0.1,37.90096,-93.31727,255.1,68.2,7.04,-28.8,12.1,0,15.578
2:32:55 PM,5/21/2026,260521-141240-184.bin,92,0,0.2,1.38,739.2,0.29,0.76,223.4,272.4,177,0.13,276.4,24.201,24.209,34.392,0.1,0.01,0.1,37.90096,-93.31727,255.2,70.5,7.05,-29,12.1,0,15.581
2:32:54 PM,5/21/2026,260521-141240-184.bin,92,0,0.27,1.72,739.4,0.32,0.77,223.5,272.5,177,0.13,276.4,24.165,24.133,34.34,0.1,0.01,0.1,37.90096,-93.31727,255.4,72.9,7.05,-29.1,12.1,0,15.585
2:32:53 PM,5/21/2026,260521-141240-184.bin,92,0,0.34,2.69,739.3,0.36,0.78,223.6,272.6,177,0.13,276.5,24.208,24.202,34.402,0.2,0.02,0.2,37.90096,-93.31727,255.4,76.4,7.05,-29.1,12.1,0,15.589
2:32:52 PM,5/21/2026,260521-141240-184.bin,92,0,0.41,3.12,739.2,0.42,0.99,223.6,272.5,177,0.13,276.5,24.22,24.248,34.418,0.2,0.02,0.2,37.90096,-93.31727,255.3,78.5,7.06,-29.4,12.1,0,15.591
2:32:51 PM,5/21/2026,260521-141240-184.bin,92,0,0.59,2.43,739.3,0.59,0.91,223.5,272.4,177,0.13,276.4,24.169,24.164,34.346,0.2,0.02,0.2,37.90096,-93.31727,255.1,80.9,7.06,-29.7,12.1,0,15.587
2:32:50 PM,5/21/2026,260521-141240-184.bin,92,0,0.71,1.83,739.3,0.72,0.73,223.4,272.4,177,0.13,276.4,24.143,24.098,34.309,0.2,0.02,0.2,37.90096,-93.31727,255.1,83,7.06,-29.7,12.1,0,15.585
2:32:49 PM,5/21/2026,260521-141240-184.bin,92,0,0.65,1.62,739.4,0.78,0.8,223.3,272.3,177,0.13,276.3,24.156,24.175,34.328,0.2,0.02,0.2,37.90096,-93.31727,255.1,85.4,7.06,-29.7,12.1,0,15.586
2:32:48 PM,5/21/2026,260521-141240-184.bin,92,0,0.66,1.83,739.3,0.77,0.88,223.4,272.4,177,0.13,276.4,24.119,24.153,34.275,0.2,0.02,0.2,37.90096,-93.31727,255.1,88,7.06,-29.8,12.1,0,15.59
2:32:47 PM,5/21/2026,260521-141240-184.bin,92,0,0.58,2.35,739.3,0.67,1.01,223.5,272.4,177,0.13,276.4,24.107,24.085,34.259,0.2,0.02,0.3,37.90096,-93.31727,255.1,91.2,7.07,-30,12.1,0,15.598
2:32:46 PM,5/21/2026,260521-141240-184.bin,92,0,0.48,2.65,739.4,0.61,1.04,223.5,272.2,177,0.13,276.2,24.089,24.076,34.233,0.3,0.03,0.3,37.90096,-93.31727,255.1,95.1,7.07,-30.5,12.1,0,15.623
2:32:45 PM,5/21/2026,260521-141240-184.bin,92,0,0.49,2.2,739.3,0.54,0.93,223.5,272.2,177,0.13,276.2,24.071,24.102,34.207,0.3,0.03,0.3,37.90096,-93.31727,255,100.1,7.08,-31,12.1,0,15.633
2:32:44 PM,5/21/2026,260521-141240-184.bin,92,0,0.52,2.03,739.3,0.47,0.93,223.5,272.3,177,0.13,276.2,24.06,24.084,34.191,0.3,0.03,0.3,37.90096,-93.31727,255,105.5,7.09,-31.5,12.1,0,15.62
2:32:43 PM,5/21/2026,260521-141240-184.bin,92,0,0.48,2.07,739.3,0.48,0.92,223.4,272.2,177,0.13,276.1,24.052,24.038,34.18,0.3,0.03,0.3,37.90096,-93.31727,254.9,107.8,7.11,-32.2,12.1,0,15.611
2:32:42 PM,5/21/2026,260521-141240-184.bin,92,0,0.44,1.6,739.3,0.6,0.77,221.7,270.1,176,0.13,274,24.037,24.016,34.158,0.3,0.03,0.3,37.90096,-93.31727,254.9,107.9,7.12,-32.8,12.1,0,15.62
2:32:41 PM,5/21/2026,260521-141240-184.bin,92,0,0.58,1.37,739.3,0.84,0.66,220.6,268.7,175,0.13,272.6,24.022,24.051,34.137,0.3,0.03,0.3,37.90096,-93.31727,254.9,108.3,7.12,-32.9,12.1,0,15.639
2:32:40 PM,5/21/2026,260521-141240-184.bin,92,0,0.8,2.16,739.4,1.25,0.95,222.2,270.1,176,0.13,274.1,24.002,24.016,34.108,0.3,0.03,0.3,37.90096,-93.31727,255,109.2,7.11,-32.6,12.1,0,15.714
2:32:39 PM,5/21/2026,260521-141240-184.bin,92,0,0.78,5.55,739.3,1.58,2.08,222.1,269.8,175,0.13,273.7,23.991,23.977,34.092,0.3,0.03,0.3,37.90096,-93.31727,255,109.7,7.11,-32.5,12.1,0,15.75
2:32:38 PM,5/21/2026,260521-141240-184.bin,92,0,0.77,7.28,739.4,1.38,2.62,222,269.7,175,0.13,273.6,23.963,23.968,34.052,0.3,0.03,0.3,37.90096,-93.31727,255,109.7,7.12,-33,12.1,0,15.747
2:32:37 PM,5/21/2026,260521-141240-184.bin,92,0,0.59,3.77,739.3,0.63,1.49,221.9,269.6,175,0.13,273.5,23.949,23.965,34.032,0.3,0.03,0.3,37.90096,-93.31727,255,109.1,7.14,-34.3,12.1,0,15.745
2:32:36 PM,5/21/2026,260521-141240-184.bin,92,0,0.2,0.99,739.3,0.14,0.57,221.9,269.6,175,0.13,273.5,23.973,23.967,34.067,0.3,0.03,0.3,37.90096,-93.31727,255,108.6,7.15,-34.9,12.1,0,15.747
2:32:35 PM,5/21/2026,260521-141240-184.bin,92,0,0.11,0.7,739.3,0.13,0.48,222,269.4,175,0.13,273.3,23.953,23.989,34.038,0.3,0.03,0.3,37.90096,-93.31727,255.1,110.7,7.12,-33,12.1,0,15.775
2:32:34 PM,5/21/2026,260521-141240-184.bin,92,0,0.02,0.86,739.3,0.1,0.47,222.1,269.4,175,0.13,273.3,23.847,23.868,33.887,0.3,0.03,0.3,37.90096,-93.31727,255,111.7,7.11,-32.7,12.1,0,15.794
2:32:33 PM,5/21/2026,260521-141240-184.bin,92,0,-0.04,0.88,739.4,0.1,0.47,222.1,269.5,175,0.13,273.3,23.816,23.803,33.844,0.3,0.03,0.3,37.90096,-93.31726,255,112,7.11,-32.6,12.1,0,15.801
2:32:32 PM,5/21/2026,260521-141240-184.bin,92,0,0.01,0.78,739.3,0.09,0.48,222,269.2,175,0.13,273,23.841,23.855,33.879,0.3,0.03,0.3,37.90096,-93.31727,255,112.5,7.11,-32.4,12,0,15.814
2:32:31 PM,5/21/2026,260521-141240-184.bin,92,0,0.07,0.81,739.3,0.14,0.51,221.9,269.1,175,0.13,272.9,23.794,23.848,33.811,0.3,0.03,0.3,37.90096,-93.31727,255,112.6,7.11,-32.5,12,0,15.815
2:32:30 PM,5/21/2026,260521-141240-184.bin,92,0,0.1,0.83,739.4,0.28,0.49,221.9,269.1,175,0.13,273,23.773,23.747,33.782,0.3,0.03,0.3,37.90096,-93.31727,254.8,112.2,7.12,-33.2,12,0,15.812
2:32:29 PM,5/21/2026,260521-141240-184.bin,92,0,0.14,0.9,739.3,0.25,0.48,222,269.1,175,0.13,273,23.726,23.7,33.715,0.3,0.03,0.3,37.90096,-93.31726,255,111.9,7.13,-33.7,12,0,15.826
2:32:28 PM,5/21/2026,260521-141240-184.bin,92,0,0.14,0.84,739.3,0.17,0.47,222,269,175,0.13,272.9,23.736,23.759,33.729,0.3,0.03,0.3,37.90096,-93.31726,255.2,112.5,7.13,-33.4,12,0,15.845
2:32:27 PM,5/21/2026,260521-141240-184.bin,92,0,0.13,0.71,739.3,0.22,0.44,222,269,175,0.13,272.9,23.713,23.739,33.697,0.3,0.03,0.3,37.90096,-93.31727,255.4,113.6,7.11,-32.5,12,0,15.847
2:32:26 PM,5/21/2026,260521-141240-184.bin,92,0,0.19,0.73,739.3,0.27,0.44,222,269,175,0.13,272.9,23.722,23.69,33.709,0.3,0.03,0.3,37.90096,-93.31727,255.4,113.9,7.11,-32.3,12,0,15.849
2:32:25 PM,5/21/2026,260521-141240-184.bin,92,0,0.22,0.72,739.4,0.25,0.49,222.1,269.2,175,0.13,273,23.72,23.704,33.706,0.3,0.03,0.4,37.90096,-93.31727,255.7,114.1,7.11,-32.3,12,0,15.85
2:32:24 PM,5/21/2026,260521-141240-184.bin,92,0,0.24,0.62,739.4,0.22,0.48,222.2,269.3,175,0.13,273.1,23.736,23.757,33.73,0.3,0.03,0.4,37.90096,-93.31728,255.5,114.5,7.11,-32.2,12,0,15.847
2:32:23 PM,5/21/2026,260521-141240-184.bin,92,0,0.27,0.65,739.3,0.24,0.44,222.1,269.2,175,0.13,273,23.741,23.759,33.736,0.4,0.03,0.4,37.90096,-93.31728,255.2,114.9,7.1,-32.1,12,0,15.846
2:32:22 PM,5/21/2026,260521-141240-184.bin,92,0,0.25,0.75,739.3,0.2,0.46,222,269,175,0.13,272.9,23.722,23.715,33.71,0.3,0.03,0.4,37.90096,-93.31728,255.2,115.2,7.1,-32,12,0,15.849
2:32:21 PM,5/21/2026,260521-141240-184.bin,92,0,0.18,0.72,739.2,0.17,0.48,222,269,175,0.13,272.9,23.677,23.669,33.646,0.3,0.03,0.4,37.90096,-93.31728,255.2,115.5,7.1,-32,12,0,15.849
2:32:20 PM,5/21/2026,260521-141240-184.bin,92,0,0.12,0.64,739.2,0.15,0.49,222,269,175,0.13,272.9,23.662,23.68,33.624,0.4,0.03,0.4,37.90096,-93.31728,255.3,115.6,7.1,-32.1,12,0,15.848
2:32:19 PM,5/21/2026,260521-141240-184.bin,92,0,0.1,0.53,739.2,0.13,0.48,221.9,268.9,175,0.13,272.7,23.65,23.641,33.607,0.4,0.04,0.4,37.90096,-93.31728,255.4,115.6,7.11,-32.4,12,0,15.848
2:32:18 PM,5/21/2026,260521-141240-184.bin,92,0,0.05,0.68,739.3,0.14,0.47,221.8,268.8,175,0.13,272.6,23.627,23.66,33.574,0.3,0.03,0.4,37.90096,-93.31728,255.5,115.6,7.11,-32.6,12,0,15.849
2:32:17 PM,5/21/2026,260521-141240-184.bin,92,0,-0.02,0.95,739.3,0.1,0.53,221.7,268.6,175,0.13,272.5,23.57,23.588,33.494,0.3,0.03,0.4,37.90096,-93.31728,255.6,115.6,7.11,-32.7,12,0,15.851
2:32:16 PM,5/21/2026,260521-141240-184.bin,92,0,-0.03,0.8,739.3,0.11,0.53,221.7,268.6,175,0.13,272.4,23.521,23.5,33.424,0.3,0.03,0.3,37.90096,-93.31728,255.7,115.4,7.12,-33.1,12,0,15.858
2:32:15 PM,5/21/2026,260521-141240-184.bin,92,0,0.01,0.69,739.2,0.15,0.48,221.8,268.6,175,0.13,272.5,23.562,23.561,33.482,0.3,0.03,0.4,37.90096,-93.31728,255.7,115.5,7.12,-33,12,0,15.869
2:32:14 PM,5/21/2026,260521-141240-184.bin,92,0,0.09,0.71,739.3,0.17,0.49,222,268.8,175,0.13,272.7,23.558,23.587,33.477,0.4,0.03,0.4,37.90096,-93.31728,255.8,115.8,7.12,-33,12,0,15.877
2:32:13 PM,5/21/2026,260521-141240-184.bin,92,0,0.17,0.77,739.3,0.19,0.48,222.2,269.1,175,0.13,273,23.503,23.507,33.398,0.4,0.04,0.4,37.90096,-93.31728,255.8,115.8,7.12,-33.2,12,0,15.873
2:32:12 PM,5/21/2026,260521-141240-184.bin,92,0,0.19,0.76,739.3,0.21,0.52,222.2,269.1,175,0.13,273,23.51,23.469,33.409,0.4,0.04,0.4,37.90096,-93.31728,255.9,115.9,7.12,-33.3,12,0,15.87
2:32:11 PM,5/21/2026,260521-141240-184.bin,92,0,0.18,0.7,739.3,0.19,0.52,222.1,268.9,175,0.13,272.8,23.515,23.539,33.415,0.4,0.04,0.4,37.90096,-93.31728,255.9,116.2,7.12,-33.2,12,0,15.878
2:32:10 PM,5/21/2026,260521-141240-184.bin,92,0,0.21,0.76,739.3,0.19,0.46,222,268.7,175,0.13,272.6,23.44,23.485,33.308,0.4,0.04,0.4,37.90095,-93.31728,255.9,116.5,7.12,-33.2,12,0,15.886
2:32:09 PM,5/21/2026,260521-141240-184.bin,92,0,0.16,0.79,739.4,0.23,0.46,221.9,268.6,175,0.13,272.5,23.394,23.38,33.243,0.4,0.04,0.4,37.90095,-93.31727,255.9,116.7,7.12,-33.1,12,0,15.891
2:32:08 PM,5/21/2026,260521-141240-184.bin,92,0,0.1,0.78,739.3,0.17,0.48,221.9,268.6,175,0.13,272.4,23.325,23.304,33.146,0.4,0.04,0.4,37.90095,-93.31727,256,116.8,7.12,-33.1,12,0,15.897
2:32:07 PM,5/21/2026,260521-141240-184.bin,92,0,0.1,0.74,739.3,0.09,0.51,222,268.7,175,0.13,272.5,23.297,23.348,33.105,0.4,0.04,0.4,37.90095,-93.31727,256,116.9,7.12,-33.2,12,0,15.9
2:32:06 PM,5/21/2026,260521-141240-184.bin,92,0,0.02,0.69,739.3,0.09,0.5,222.1,268.8,175,0.13,272.6,23.26,23.299,33.052,0.4,0.04,0.4,37.90095,-93.31727,256,117.1,7.12,-33.2,12,0,15.905
2:32:05 PM,5/21/2026,260521-141240-184.bin,92,0,-0.03,0.59,739.4,0.13,0.46,222.1,268.8,175,0.13,272.6,23.235,23.223,33.017,0.4,0.04,0.4,37.90095,-93.31727,256,117.4,7.12,-33.1,12,0,15.91
2:32:04 PM,5/21/2026,260521-141240-184.bin,92,0,0,0.57,739.4,0.16,0.48,222.1,268.7,175,0.13,272.6,23.185,23.182,32.945,0.4,0.04,0.4,37.90096,-93.31728,256.2,117.6,7.12,-33.1,12,0,15.921
2:32:03 PM,5/21/2026,260521-141240-184.bin,92,0,0.02,0.58,739.3,0.18,0.48,222.2,268.7,175,0.13,272.5,23.165,23.21,32.917,0.4,0.04,0.4,37.90095,-93.31728,256.4,117.6,7.12,-33.2,12,0,15.936
2:32:02 PM,5/21/2026,260521-141240-184.bin,92,0,0.05,0.57,739.4,0.2,0.47,222.1,268.6,175,0.13,272.4,23.136,23.126,32.876,0.4,0.04,0.4,37.90096,-93.31727,255.8,117.5,7.13,-33.5,12.1,0,15.938
2:32:01 PM,5/21/2026,260521-141240-184.bin,92,0,0.14,0.69,739.4,0.2,0.5,221.9,268.3,174,0.13,272.2,23.111,23.101,32.841,0.4,0.04,0.4,37.90096,-93.31727,255.1,117.3,7.13,-33.8,12.1,0,15.944
2:32:00 PM,5/21/2026,260521-141240-184.bin,92,0,0.2,0.82,739.4,0.22,0.49,221.8,268,174,0.13,271.8,23.059,23.089,32.767,0.4,0.04,0.4,37.90096,-93.31727,255.1,117,7.14,-34.3,12.1,0,15.962
2:31:59 PM,5/21/2026,260521-141240-184.bin,92,0,0.19,0.7,739.4,0.22,0.49,221.8,267.9,174,0.13,271.7,22.985,22.998,32.661,0.4,0.04,0.4,37.90096,-93.31727,255.1,117.2,7.14,-34.2,12.1,0,15.983
2:31:58 PM,5/21/2026,260521-141240-184.bin,92,0,0.12,0.56,739.4,0.21,0.49,221.9,268.1,174,0.13,271.9,23.002,22.995,32.685,0.4,0.04,0.4,37.90096,-93.31727,255.2,117.7,7.14,-33.9,12.1,0,15.983
2:31:57 PM,5/21/2026,260521-141240-184.bin,92,0,0.05,0.63,739.4,0.14,0.47,222,268.2,174,0.13,272,23.026,23.047,32.72,0.4,0.04,0.4,37.90096,-93.31727,254.9,117.6,7.14,-34,12.1,0,15.977
2:31:56 PM,5/21/2026,260521-141240-184.bin,92,0,0.02,0.62,739.4,0.07,0.46,221.8,268,174,0.13,271.8,22.97,22.983,32.64,0.4,0.04,0.4,37.90096,-93.31727,254.6,117.6,7.14,-34.2,12.1,0,15.978
2:31:55 PM,5/21/2026,260521-141240-184.bin,92,0,-0.01,0.6,739.4,0.09,0.46,221.9,268.1,174,0.13,271.9,22.965,22.97,32.632,0.4,0.04,0.4,37.90096,-93.31727,254.6,117.3,7.15,-34.9,12.1,0,15.975
2:31:54 PM,5/21/2026,260521-141240-184.bin,92,0,0.01,0.83,739.3,0.15,0.46,222,268.2,174,0.13,272,23.019,23.016,32.71,0.4,0.04,0.4,37.90096,-93.31727,254.4,117,7.16,-35.2,12.1,0,15.97
2:31:53 PM,5/21/2026,260521-141240-184.bin,92,0,0.08,0.81,739.3,0.22,0.48,221.8,268,174,0.13,271.8,23.014,23.045,32.703,0.4,0.04,0.4,37.90096,-93.31727,254.6,117.8,7.15,-34.6,12.1,0,15.974
2:31:52 PM,5/21/2026,260521-141240-184.bin,92,0,0.15,0.74,739.3,0.25,0.48,221.8,268,174,0.13,271.8,22.94,22.952,32.598,0.4,0.04,0.4,37.90096,-93.31727,254.4,118.5,7.14,-34,12.1,0,15.984
2:31:51 PM,5/21/2026,260521-141240-184.bin,92,0,0.22,0.84,739.3,0.26,0.5,221.9,268.1,174,0.13,271.9,22.942,22.91,32.6,0.4,0.04,0.4,37.90096,-93.31727,254.3,118.7,7.14,-33.9,12.1,0,15.98
2:31:50 PM,5/21/2026,260521-141240-184.bin,92,0,0.22,0.88,739.4,0.24,0.52,221.9,268.1,174,0.13,271.9,22.989,22.99,32.667,0.4,0.04,0.4,37.90096,-93.31727,254.1,118.7,7.14,-34,12.1,0,15.975
2:31:49 PM,5/21/2026,260521-141240-184.bin,92,0,0.19,0.84,739.3,0.14,0.51,221.8,268,174,0.13,271.8,22.99,23.017,32.668,0.4,0.04,0.4,37.90097,-93.31727,254,118.5,7.14,-34.3,12.1,0,15.977
2:31:48 PM,5/21/2026,260521-141240-184.bin,92,0,0.13,0.74,739.3,0.07,0.49,221.8,267.9,174,0.13,271.8,22.961,22.946,32.628,0.4,0.04,0.4,37.90097,-93.31727,253.8,118.4,7.15,-34.5,12.1,0,15.98
2:31:47 PM,5/21/2026,260521-141240-184.bin,92,0,0.03,0.73,739.4,0.12,0.46,221.7,267.9,174,0.13,271.7,22.959,22.941,32.625,0.4,0.04,0.4,37.90097,-93.31727,253.6,118.6,7.14,-34.4,12.1,0,15.986
2:31:46 PM,5/21/2026,260521-141240-184.bin,92,0,0.03,0.73,739.3,0.15,0.47,221.7,267.9,174,0.13,271.7,22.992,22.999,32.671,0.4,0.04,0.4,37.90097,-93.31727,253.4,118.7,7.14,-34.4,12.1,0,15.986
2:31:45 PM,5/21/2026,260521-141240-184.bin,92,0,0.07,0.82,739.4,0.19,0.52,221.7,267.8,174,0.13,271.6,22.975,23.004,32.647,0.4,0.04,0.4,37.90096,-93.31727,253.2,118.7,7.15,-34.5,12.1,0,15.993
2:31:44 PM,5/21/2026,260521-141240-184.bin,92,0,0.13,0.76,739.3,0.24,0.5,221.8,267.7,174,0.13,271.5,22.974,22.95,32.646,0.4,0.04,0.4,37.90096,-93.31727,252.9,118.9,7.15,-34.5,12.1,0,16.01
2:31:43 PM,5/21/2026,260521-141240-184.bin,92,0,0.22,0.67,739.4,0.22,0.47,221.8,267.8,174,0.13,271.6,22.966,22.99,32.634,0.4,0.04,0.4,37.90096,-93.31726,252.3,119.1,7.15,-34.5,12.1,0,16.015
2:31:42 PM,5/21/2026,260521-141240-184.bin,92,0,0.27,0.72,739.3,0.2,0.48,221.8,267.7,174,0.13,271.5,22.919,22.953,32.568,0.4,0.04,0.4,37.90096,-93.31726,252,119.3,7.14,-34.5,12.1,0,16.022
2:31:41 PM,5/21/2026,260521-141240-184.bin,92,0,0.2,0.8,739.4,0.16,0.51,221.7,267.4,174,0.13,271.2,22.873,22.909,32.502,0.4,0.04,0.4,37.90097,-93.31726,252.1,119.3,7.15,-34.7,12.1,0,16.047
2:31:40 PM,5/21/2026,260521-141240-184.bin,92,0,0.06,0.82,739.3,0.07,0.51,221.7,267.4,174,0.13,271.1,22.827,22.831,32.437,0.4,0.04,0.4,37.90097,-93.31726,252.2,119.1,7.16,-35.1,12.1,0,16.053
2:31:39 PM,5/21/2026,260521-141240-184.bin,92,0,0.01,0.71,739.2,0.06,0.46,221.7,267.4,174,0.13,271.2,22.777,22.799,32.365,0.4,0.04,0.4,37.90097,-93.31726,252.2,118.6,7.17,-35.7,12.1,0,16.053
2:31:38 PM,5/21/2026,260521-141240-184.bin,92,0,-0.03,0.76,739.2,0.14,0.44,221.8,267.5,174,0.13,271.2,22.75,22.748,32.328,0.4,0.04,0.4,37.90097,-93.31726,252.2,118.5,7.17,-35.9,12.1,0,16.059
2:31:37 PM,5/21/2026,260521-141240-184.bin,92,0,-0.01,0.68,739.2,0.23,0.46,222,267.7,174,0.13,271.4,22.714,22.715,32.276,0.4,0.04,0.4,37.90097,-93.31726,252.2,119,7.16,-35.6,12.1,0,16.068
2:31:36 PM,5/21/2026,260521-141240-184.bin,92,0,0.1,0.65,739.2,0.25,0.48,222.1,267.7,174,0.13,271.5,22.657,22.678,32.195,0.4,0.04,0.4,37.90097,-93.31726,252.3,119.3,7.16,-35.4,12.1,0,16.086
2:31:35 PM,5/21/2026,260521-141240-184.bin,92,0,0.15,0.78,739.3,0.26,0.45,222.2,267.6,174,0.13,271.3,22.616,22.615,32.137,0.4,0.04,0.4,37.90097,-93.31726,252.3,119.5,7.16,-35.3,12.1,0,16.113
2:31:34 PM,5/21/2026,260521-141240-184.bin,92,0,0.16,0.79,739.2,0.27,0.48,222.2,267.5,174,0.13,271.3,22.568,22.542,32.068,0.4,0.04,0.4,37.90097,-93.31727,252.4,119.6,7.16,-35.3,12.1,0,16.134
2:31:33 PM,5/21/2026,260521-141240-184.bin,92,0,0.11,0.69,739.2,0.15,0.51,222.3,267.4,174,0.13,271.1,22.59,22.583,32.099,0.4,0.04,0.4,37.90098,-93.31727,252.4,119.7,7.16,-35.3,12.1,0,16.158
2:31:32 PM,5/21/2026,260521-141240-184.bin,92,0,0.07,0.6,739.3,0.05,0.52,222.1,267.2,174,0.13,271,22.594,22.629,32.105,0.4,0.04,0.4,37.90098,-93.31727,252.6,119.7,7.16,-35.5,12.1,0,16.168
2:31:31 PM,5/21/2026,260521-141240-184.bin,92,0,0.06,0.61,739.2,0.12,0.49,222,267,174,0.13,270.8,22.556,22.545,32.051,0.4,0.04,0.4,37.90098,-93.31727,252.5,119.4,7.17,-35.9,12.1,0,16.164
2:31:30 PM,5/21/2026,260521-141240-184.bin,92,0,0.07,0.67,739.3,0.15,0.46,221.9,267,174,0.13,270.7,22.526,22.491,32.009,0.4,0.04,0.4,37.90098,-93.31727,252.6,118.9,7.18,-36.5,12.1,0,16.163
2:31:29 PM,5/21/2026,260521-141240-184.bin,92,0,0.09,0.69,739.3,0.18,0.47,221.9,266.9,173,0.13,270.6,22.536,22.56,32.022,0.4,0.04,0.5,37.90098,-93.31727,252.5,118.5,7.19,-37,12.1,0,16.171
2:31:28 PM,5/21/2026,260521-141240-184.bin,92,0,0.16,0.58,739.4,0.22,0.47,222,267,174,0.13,270.7,22.482,22.542,31.945,0.4,0.04,0.5,37.90098,-93.31727,252.5,118.3,7.2,-37.4,12.1,0,16.177
2:31:27 PM,5/21/2026,260521-141240-184.bin,92,0,0.18,0.63,739.2,0.22,0.47,222.1,267.1,174,0.13,270.8,22.449,22.433,31.899,0.4,0.04,0.5,37.90098,-93.31727,252.4,118.3,7.2,-37.4,12.1,0,16.18
2:31:26 PM,5/21/2026,260521-141240-184.bin,92,0,0.16,0.66,739.2,0.22,0.45,222.4,267.4,174,0.13,271.1,22.415,22.403,31.85,0.4,0.04,0.5,37.90098,-93.31726,252.5,118.3,7.2,-37.6,12.1,0,16.181
2:31:25 PM,5/21/2026,260521-141240-184.bin,92,0,0.12,0.63,739.3,0.2,0.46,222.5,267.4,174,0.13,271.2,22.396,22.441,31.824,0.4,0.04,0.5,37.90098,-93.31726,252.8,118.4,7.2,-37.6,12.1,0,16.195
2:31:24 PM,5/21/2026,260521-141240-184.bin,92,0,0.03,0.75,739.3,0.15,0.43,222.4,267.4,174,0.13,271.1,22.364,22.394,31.778,0.5,0.04,0.5,37.90098,-93.31726,253,118.6,7.2,-37.5,12.1,0,16.194
2:31:23 PM,5/21/2026,260521-141240-184.bin,92,0,-0.03,0.72,739.4,0.11,0.42,222.4,267.4,174,0.13,271.2,22.34,22.33,31.743,0.5,0.04,0.5,37.90099,-93.31726,253.4,118.7,7.2,-37.5,12.1,0,16.189
2:31:22 PM,5/21/2026,260521-141240-184.bin,92,0,-0.01,0.57,739.3,0.12,0.45,222.5,267.5,174,0.13,271.2,22.313,22.298,31.705,0.5,0.04,0.5,37.90099,-93.31726,253.5,118.8,7.2,-37.5,12.1,0,16.196
2:31:21 PM,5/21/2026,260521-141240-184.bin,92,0,0.07,0.54,739.3,0.15,0.44,222.6,267.5,174,0.13,271.3,22.294,22.325,31.678,0.5,0.05,0.5,37.90099,-93.31726,253.4,119,7.2,-37.4,12.1,0,16.2
2:31:20 PM,5/21/2026,260521-141240-184.bin,92,0,0.07,0.7,739.3,0.23,0.47,222.5,267.4,174,0.13,271.2,22.264,22.3,31.635,0.5,0.05,0.5,37.90099,-93.31726,253.3,119.1,7.2,-37.5,12.1,0,16.201
2:31:19 PM,5/21/2026,260521-141240-184.bin,92,0,0.11,0.66,739.3,0.28,0.51,222.4,267.4,174,0.13,271.1,22.23,22.229,31.588,0.5,0.04,0.5,37.90098,-93.31726,253.2,119,7.2,-37.7,12.1,0,16.202
2:31:18 PM,5/21/2026,260521-141240-184.bin,92,0,0.13,0.69,739.4,0.2,0.47,222.4,267.4,174,0.13,271.1,22.192,22.22,31.533,0.5,0.04,0.5,37.90098,-93.31726,253.1,118.9,7.21,-38,12.1,0,16.202
2:31:17 PM,5/21/2026,260521-141240-184.bin,92,0,0.05,0.76,739.2,0.11,0.49,222.5,267.4,174,0.13,271.2,22.145,22.179,31.466,0.5,0.04,0.5,37.90098,-93.31726,253.1,118.8,7.21,-38.1,12.1,0,16.203
2:31:16 PM,5/21/2026,260521-141240-184.bin,92,0,0.04,0.67,739.3,0.1,0.52,222.6,267.5,174,0.13,271.3,22.115,22.115,31.424,0.5,0.05,0.5,37.90098,-93.31726,253.2,119,7.21,-38.1,12.1,0,16.21
2:31:15 PM,5/21/2026,260521-141240-184.bin,92,0,0,0.76,739.4,0.13,0.52,222.6,267.4,174,0.13,271.2,22.102,22.112,31.406,0.5,0.05,0.5,37.90098,-93.31726,253.3,119.4,7.2,-37.7,12.1,0,16.214
2:31:14 PM,5/21/2026,260521-141240-184.bin,92,0,0.06,0.7,739.4,0.16,0.5,222.5,267.3,174,0.13,271.1,22.066,22.071,31.355,0.5,0.05,0.5,37.90098,-93.31727,253.3,119.8,7.2,-37.5,12.1,0,16.212
2:31:13 PM,5/21/2026,260521-141240-184.bin,92,0,0.17,0.57,739.3,0.2,0.49,222.5,267.4,174,0.13,271.1,22.039,22.02,31.316,0.5,0.05,0.5,37.90098,-93.31727,253.3,120,7.2,-37.4,12.1,0,16.214
2:31:12 PM,5/21/2026,260521-141240-184.bin,92,0,0.17,0.64,739.4,0.25,0.51,222.6,267.4,174,0.13,271.2,22.072,22.074,31.363,0.5,0.05,0.5,37.90098,-93.31726,253.3,120.1,7.19,-37.3,12.1,0,16.217
2:31:11 PM,5/21/2026,260521-141240-184.bin,92,0,0.18,0.58,739.3,0.26,0.47,222.5,267.3,174,0.13,271.1,22.031,22.084,31.304,0.5,0.05,0.5,37.90098,-93.31727,253.2,120.3,7.19,-37.2,12.1,0,16.22
2:31:10 PM,5/21/2026,260521-141240-184.bin,92,0,0.2,0.49,739.2,0.2,0.44,222.5,267.3,174,0.13,271,21.987,21.971,31.241,0.5,0.05,0.5,37.90098,-93.31727,253.1,120.7,7.19,-37,12.1,0,16.225
2:31:09 PM,5/21/2026,260521-141240-184.bin,92,0,0.13,0.59,739.2,0.15,0.49,222.5,267.3,174,0.13,271,22.015,21.962,31.282,0.5,0.05,0.5,37.90098,-93.31726,253,121,7.19,-36.9,12.1,0,16.226
2:31:08 PM,5/21/2026,260521-141240-184.bin,92,0,0.03,0.66,739.3,0.11,0.52,222.4,267.2,174,0.13,271,22.048,22.053,31.329,0.5,0.05,0.5,37.90098,-93.31726,253,121.1,7.19,-36.8,12.1,0,16.224
2:31:07 PM,5/21/2026,260521-141240-184.bin,92,0,-0.03,0.67,739.3,0.13,0.5,222.5,267.3,174,0.13,271,22.017,22.066,31.285,0.5,0.05,0.5,37.90099,-93.31726,253.1,121.4,7.18,-36.6,12.1,0,16.223
2:31:06 PM,5/21/2026,260521-141240-184.bin,92,0,0.03,0.65,739.3,0.16,0.47,222.5,267.3,174,0.13,271.1,21.989,21.979,31.245,0.5,0.05,0.5,37.90099,-93.31726,253.1,121.6,7.18,-36.6,12.1,0,16.226
2:31:05 PM,5/21/2026,260521-141240-184.bin,92,0,0.06,0.83,739.2,0.17,0.5,222.6,267.4,174,0.13,271.1,21.949,21.935,31.188,0.5,0.05,0.5,37.90099,-93.31726,253.1,121.7,7.18,-36.6,12.1,0,16.23
2:31:04 PM,5/21/2026,260521-141240-184.bin,92,0,0.1,0.84,739.3,0.21,0.53,222.6,267.3,174,0.13,271.1,21.931,21.976,31.163,0.5,0.05,0.5,37.90099,-93.31726,253.1,121.7,7.18,-36.7,12.1,0,16.236
2:31:03 PM,5/21/2026,260521-141240-184.bin,92,0,0.18,0.61,739.3,0.25,0.52,222.5,267.2,174,0.13,270.9,21.915,21.935,31.139,0.5,0.05,0.5,37.90099,-93.31726,253.1,121.7,7.19,-36.9,12.1,0,16.236
2:31:02 PM,5/21/2026,260521-141240-184.bin,92,0,0.14,0.64,739.3,0.19,0.5,222.4,267.1,174,0.13,270.8,21.92,21.895,31.147,0.5,0.05,0.5,37.90099,-93.31726,253.1,121.7,7.19,-37,12.1,0,16.234
2:31:01 PM,5/21/2026,260521-141240-184.bin,92,0,0.1,0.67,739.2,0.16,0.44,222.3,267,174,0.13,270.8,21.916,21.9,31.141,0.5,0.05,0.5,37.90099,-93.31725,253.3,121.7,7.19,-37.1,12.1,0,16.236
2:31:00 PM,5/21/2026,260521-141240-184.bin,92,0,0.1,0.69,739.3,0.14,0.46,222.4,267.1,174,0.13,270.8,21.904,21.929,31.124,0.5,0.05,0.5,37.90099,-93.31725,253.3,121.8,7.19,-37.2,12.1,0,16.239
2:30:59 PM,5/21/2026,260521-141240-184.bin,92,0,0.06,0.71,739.3,0.07,0.48,222.3,267,174,0.13,270.7,21.889,21.92,31.102,0.5,0.05,0.5,37.90099,-93.31725,253.3,121.9,7.19,-37.2,12.1,0,16.24
2:30:58 PM,5/21/2026,260521-141240-184.bin,92,0,0,0.61,739.2,0.07,0.5,222.2,266.9,173,0.13,270.6,21.867,21.86,31.071,0.5,0.05,0.5,37.901,-93.31725,253.3,122.1,7.19,-37.2,12.1,0,16.242
2:30:57 PM,5/21/2026,260521-141240-184.bin,92,0,-0.01,0.65,739.3,0.13,0.51,222.2,266.8,173,0.13,270.5,21.832,21.839,31.022,0.5,0.05,0.5,37.901,-93.31725,253.2,122.2,7.19,-37.2,12.1,0,16.244
2:30:56 PM,5/21/2026,260521-141240-184.bin,92,0,0.01,0.67,739.2,0.19,0.48,222.1,266.7,173,0.13,270.5,21.832,21.811,31.022,0.5,0.05,0.5,37.901,-93.31725,253,122.4,7.19,-37.2,12.1,0,16.243
2:30:55 PM,5/21/2026,260521-141240-184.bin,92,0,0.07,0.58,739.2,0.2,0.49,222.1,266.7,173,0.13,270.4,21.843,21.84,31.037,0.5,0.05,0.5,37.901,-93.31725,253.1,122.4,7.19,-37.2,12.1,0,16.249
2:30:54 PM,5/21/2026,260521-141240-184.bin,92,0,0.11,0.59,739.3,0.19,0.42,222.1,266.6,173,0.13,270.3,21.848,21.88,31.044,0.5,0.05,0.5,37.901,-93.31725,253.1,122.6,7.19,-37.2,12.1,0,16.252
2:30:53 PM,5/21/2026,260521-141240-184.bin,92,0,0.1,0.66,739.3,0.19,0.41,222,266.5,173,0.13,270.2,21.821,21.834,31.006,0.5,0.05,0.5,37.901,-93.31725,253.1,122.9,7.19,-37.1,12.1,0,16.249
2:30:52 PM,5/21/2026,260521-141240-184.bin,92,0,0.11,0.69,739.3,0.2,0.46,221.9,266.4,173,0.13,270.1,21.781,21.757,30.95,0.5,0.05,0.5,37.901,-93.31725,253.2,123.1,7.19,-37,12.1,0,16.248
2:30:51 PM,5/21/2026,260521-141240-184.bin,92,0,0.07,0.73,739.3,0.23,0.44,221.9,266.4,173,0.13,270.1,21.816,21.811,31,0.5,0.05,0.5,37.90101,-93.31725,253.1,123.3,7.19,-37,12.1,0,16.249
2:30:50 PM,5/21/2026,260521-141240-184.bin,92,0,0.11,0.77,739.3,0.21,0.47,221.9,266.4,173,0.13,270.1,21.8,21.845,30.976,0.5,0.05,0.6,37.90101,-93.31725,253.1,123.3,7.19,-37,12.1,0,16.252
2:30:49 PM,5/21/2026,260521-141240-184.bin,92,0,0.17,0.72,739.3,0.21,0.47,222,266.5,173,0.13,270.2,21.777,21.759,30.943,0.5,0.05,0.5,37.90101,-93.31725,253,123.4,7.19,-37.1,12.1,0,16.26
2:30:48 PM,5/21/2026,260521-141240-184.bin,92,0,0.22,0.71,739.3,0.2,0.42,222,266.4,173,0.13,270.1,21.762,21.713,30.922,0.5,0.05,0.5,37.90101,-93.31725,253,123.4,7.19,-37.1,12.1,0,16.265
2:30:47 PM,5/21/2026,260521-141240-184.bin,92,0,0.2,0.74,739.4,0.2,0.47,221.9,266.3,173,0.13,270,21.789,21.803,30.961,0.5,0.05,0.5,37.90101,-93.31725,252.9,123.4,7.19,-37.3,12.1,0,16.263
2:30:46 PM,5/21/2026,260521-141240-184.bin,92,0,0.2,0.69,739.3,0.24,0.49,222,266.5,173,0.13,270.2,21.758,21.789,30.917,0.5,0.05,0.5,37.90101,-93.31725,252.9,123.5,7.2,-37.3,12.1,0,16.259
2:30:45 PM,5/21/2026,260521-141240-184.bin,92,0,0.27,0.54,739.4,0.24,0.49,222,266.5,173,0.13,270.2,21.749,21.729,30.904,0.5,0.05,0.5,37.90101,-93.31725,252.8,123.6,7.2,-37.3,12.1,0,16.26
2:30:44 PM,5/21/2026,260521-141240-184.bin,92,0,0.25,0.59,739.2,0.24,0.49,221.9,266.4,173,0.13,270.1,21.711,21.725,30.849,0.5,0.05,0.5,37.90101,-93.31725,252.8,123.7,7.2,-37.3,12.1,0,16.265
2:30:43 PM,5/21/2026,260521-141240-184.bin,92,0,0.21,0.66,739.2,0.27,0.47,221.9,266.2,173,0.13,269.9,21.682,21.723,30.808,0.5,0.05,0.5,37.90101,-93.31725,252.7,123.8,7.2,-37.4,12.1,0,16.274
2:30:42 PM,5/21/2026,260521-141240-184.bin,92,0,0.18,0.7,739.3,0.25,0.48,222,266.3,173,0.13,270,21.654,21.64,30.768,0.5,0.05,0.6,37.90101,-93.31725,252.7,123.8,7.2,-37.5,12.1,0,16.277
2:30:41 PM,5/21/2026,260521-141240-184.bin,92,0,0.18,0.73,739.2,0.23,0.49,222,266.3,173,0.13,270,21.635,21.632,30.741,0.5,0.05,0.6,37.90101,-93.31725,252.7,123.9,7.2,-37.6,12.1,0,16.279
2:30:40 PM,5/21/2026,260521-141240-184.bin,92,0,0.17,0.64,739.2,0.22,0.48,221.9,266.2,173,0.13,269.9,21.623,21.644,30.724,0.5,0.05,0.6,37.90102,-93.31725,252.6,124,7.2,-37.6,12.1,0,16.284
2:30:39 PM,5/21/2026,260521-141240-184.bin,92,0,0.15,0.68,739.3,0.25,0.43,221.8,266.1,173,0.13,269.7,21.618,21.636,30.717,0.5,0.05,0.6,37.90102,-93.31725,252.7,124.3,7.2,-37.4,12.1,0,16.287
2:30:38 PM,5/21/2026,260521-141240-184.bin,92,0,0.14,0.71,739.2,0.25,0.43,221.7,265.9,173,0.13,269.6,21.612,21.603,30.709,0.5,0.05,0.6,37.90102,-93.31725,252.7,124.6,7.2,-37.3,12.1,0,16.289
2:30:37 PM,5/21/2026,260521-141240-184.bin,92,0,0.1,0.72,739.2,0.23,0.47,221.7,265.9,173,0.13,269.6,21.635,21.64,30.742,0.5,0.05,0.6,37.90101,-93.31725,252.8,124.7,7.2,-37.4,12.1,0,16.29
2:30:36 PM,5/21/2026,260521-141240-184.bin,92,0,0.16,0.7,739.2,0.19,0.48,221.6,265.9,173,0.13,269.5,21.607,21.632,30.702,0.5,0.05,0.6,37.90102,-93.31725,252.9,124.9,7.2,-37.5,12.1,0,16.292
2:30:35 PM,5/21/2026,260521-141240-184.bin,92,0,0.16,0.71,739.3,0.19,0.43,221.7,265.9,173,0.13,269.5,21.557,21.589,30.631,0.6,0.05,0.6,37.90102,-93.31725,252.9,125.2,7.2,-37.5,12.1,0,16.297
2:30:34 PM,5/21/2026,260521-141240-184.bin,92,0,0.1,0.73,739.3,0.18,0.43,221.8,265.9,173,0.13,269.6,21.534,21.531,30.597,0.6,0.05,0.6,37.90102,-93.31725,252.9,125.3,7.2,-37.6,12.1,0,16.302
2:30:33 PM,5/21/2026,260521-141240-184.bin,92,0,0.12,0.68,739.3,0.13,0.48,221.9,266.1,173,0.13,269.7,21.542,21.562,30.609,0.6,0.05,0.6,37.90102,-93.31725,253,125.3,7.2,-37.8,12.1,0,16.305
2:30:32 PM,5/21/2026,260521-141240-184.bin,92,0,0.14,0.72,739.2,0.1,0.48,221.9,266.1,173,0.13,269.7,21.454,21.483,30.485,0.6,0.06,0.6,37.90102,-93.31725,253.1,125.4,7.21,-37.9,12.1,0,16.309
2:30:31 PM,5/21/2026,260521-141240-184.bin,92,0,0.15,0.74,739.3,0.09,0.45,221.8,265.9,173,0.13,269.6,21.422,21.405,30.438,0.6,0.06,0.6,37.90102,-93.31725,253,125.4,7.21,-38.1,12.1,0,16.315
2:30:30 PM,5/21/2026,260521-141240-184.bin,92,0,0.15,0.79,739.3,0.1,0.45,221.8,265.8,173,0.13,269.5,21.449,21.456,30.477,0.6,0.06,0.6,37.90102,-93.31725,253.1,126,7.21,-37.9,12.1,0,16.327
2:30:29 PM,5/21/2026,260521-141240-184.bin,92,0,0.1,0.99,739.2,0.12,0.5,221.8,265.8,173,0.13,269.5,21.427,21.459,30.446,0.6,0.06,0.6,37.90102,-93.31725,253,126.6,7.2,-37.5,12.1,0,16.326
2:30:28 PM,5/21/2026,260521-141240-184.bin,92,0,0.11,0.92,739.3,0.1,0.5,221.9,266,173,0.13,269.6,21.424,21.403,30.442,0.6,0.06,0.6,37.90102,-93.31725,253,126.8,7.2,-37.5,12.1,0,16.323
2:30:27 PM,5/21/2026,260521-141240-184.bin,92,0,0.02,0.81,739.2,0.08,0.49,222,266,173,0.13,269.7,21.383,21.373,30.383,0.6,0.06,0.6,37.90102,-93.31725,253,126.8,7.2,-37.7,12.1,0,16.33
2:30:26 PM,5/21/2026,260521-141240-184.bin,92,0,0,0.83,739.2,0.1,0.54,222,266,173,0.13,269.7,21.368,21.409,30.362,0.6,0.06,0.6,37.90102,-93.31725,253,126.9,7.2,-37.7,12.1,0,16.341
2:30:25 PM,5/21/2026,260521-141240-184.bin,92,0,0.01,0.85,739.2,0.12,0.51,222,265.9,173,0.13,269.6,21.351,21.377,30.337,0.6,0.06,0.6,37.90102,-93.31725,252.9,127.1,7.2,-37.7,12.1,0,16.345
2:30:24 PM,5/21/2026,260521-141240-184.bin,92,0,-0.05,0.82,739.2,0.11,0.48,221.9,265.8,173,0.13,269.5,21.334,21.314,30.313,0.6,0.06,0.6,37.90102,-93.31725,252.9,127.2,7.21,-37.9,12.1,0,16.352
2:30:23 PM,5/21/2026,260521-141240-184.bin,92,0,0.02,0.61,739.2,0.16,0.46,221.8,265.7,173,0.13,269.4,21.315,21.295,30.286,0.6,0.06,0.6,37.90102,-93.31725,252.9,127.2,7.21,-38,12.1,0,16.353
2:30:22 PM,5/21/2026,260521-141240-184.bin,92,0,0.1,0.57,739.3,0.2,0.47,221.7,265.5,173,0.13,269.2,21.301,21.301,30.266,0.6,0.06,0.6,37.90102,-93.31725,252.9,127.5,7.2,-37.8,12.1,0,16.354
2:30:21 PM,5/21/2026,260521-141240-184.bin,92,0,0.12,0.71,739.2,0.18,0.48,221.7,265.6,173,0.13,269.2,21.286,21.322,30.245,0.6,0.06,0.6,37.90102,-93.31725,252.9,127.8,7.2,-37.7,12.1,0,16.358
2:30:20 PM,5/21/2026,260521-141240-184.bin,92,0,0.12,0.69,739.2,0.2,0.47,221.8,265.5,173,0.13,269.2,21.254,21.289,30.2,0.6,0.06,0.6,37.90102,-93.31725,252.9,128.1,7.2,-37.6,12.1,0,16.371
2:30:19 PM,5/21/2026,260521-141240-184.bin,92,0,0.08,0.75,739.2,0.22,0.48,221.8,265.5,173,0.13,269.2,21.204,21.224,30.128,0.6,0.06,0.6,37.90102,-93.31725,252.9,128.4,7.2,-37.6,12.1,0,16.378
2:30:18 PM,5/21/2026,260521-141240-184.bin,92,0,0.08,0.72,739.3,0.21,0.48,221.8,265.6,173,0.13,269.2,21.176,21.174,30.089,0.6,0.06,0.6,37.90102,-93.31725,252.9,128.8,7.2,-37.4,12.1,0,16.379
2:30:17 PM,5/21/2026,260521-141240-184.bin,92,0,0.14,0.71,739.2,0.23,0.45,221.8,265.5,173,0.13,269.1,21.203,21.23,30.127,0.6,0.06,0.7,37.90102,-93.31725,252.8,128.9,7.2,-37.4,12.1,0,16.383
2:30:16 PM,5/21/2026,260521-141240-184.bin,92,0,0.2,0.68,739.2,0.23,0.45,221.6,265.3,172,0.13,269,21.159,21.194,30.064,0.6,0.06,0.7,37.90103,-93.31725,252.8,129,7.2,-37.5,12.1,0,16.384
2:30:15 PM,5/21/2026,260521-141240-184.bin,92,0,0.16,0.67,739.3,0.26,0.44,221.7,265.3,172,0.13,269,21.083,21.114,29.956,0.6,0.06,0.7,37.90103,-93.31725,252.7,129.2,7.2,-37.3,12.1,0,16.388
2:30:14 PM,5/21/2026,260521-141240-184.bin,92,0,0.16,0.72,739.3,0.25,0.46,221.8,265.3,172,0.13,269,21.007,20.996,29.849,0.6,0.06,0.7,37.90103,-93.31725,252.6,129.8,7.19,-37.1,12.1,0,16.402
2:30:13 PM,5/21/2026,260521-141240-184.bin,92,0,0.24,0.66,739.3,0.18,0.48,221.8,265.3,172,0.13,268.9,21.031,21.015,29.883,0.6,0.06,0.7,37.90103,-93.31725,252.8,129.8,7.19,-37.2,12.1,0,16.408
2:30:12 PM,5/21/2026,260521-141240-184.bin,92,0,0.16,0.63,739.3,0.17,0.47,221.7,265.2,172,0.13,268.8,21.055,21.082,29.917,0.6,0.06,0.7,37.90103,-93.31724,252.8,129.8,7.2,-37.4,12.1,0,16.409
2:30:11 PM,5/21/2026,260521-141240-184.bin,92,0,0.11,0.7,739.3,0.16,0.47,221.7,265.2,172,0.13,268.9,21.036,21.035,29.89,0.7,0.06,0.7,37.90103,-93.31724,252.6,130,7.2,-37.4,12.1,0,16.409
2:30:10 PM,5/21/2026,260521-141240-184.bin,92,0,0.11,0.72,739.2,0.11,0.49,221.6,265.2,172,0.13,268.8,21.006,20.982,29.846,0.7,0.06,0.7,37.90103,-93.31724,252.5,130.1,7.2,-37.5,12.1,0,16.406
2:30:09 PM,5/21/2026,260521-141240-184.bin,92,0,0.08,0.71,739.3,0.12,0.49,221.8,265.4,172,0.13,269,21.056,21.059,29.918,0.7,0.06,0.7,37.90103,-93.31724,252.5,130.3,7.2,-37.4,12.1,0,16.407
2:30:08 PM,5/21/2026,260521-141240-184.bin,92,0,0.03,0.7,739.3,0.11,0.47,222,265.6,173,0.13,269.2,21.023,21.068,29.87,0.7,0.06,0.7,37.90103,-93.31724,252.4,130.7,7.19,-37.2,12.1,0,16.41
2:30:07 PM,5/21/2026,260521-141240-184.bin,92,0,0.02,0.73,739.2,0.09,0.44,222,265.5,173,0.13,269.1,20.99,20.979,29.824,0.7,0.07,0.7,37.90103,-93.31724,252.2,131.1,7.19,-37.1,12.1,0,16.421
2:30:06 PM,5/21/2026,260521-141240-184.bin,92,0,0.04,0.66,739.2,0.13,0.48,222.1,265.5,173,0.13,269.1,20.959,20.928,29.78,0.7,0.07,0.7,37.90103,-93.31724,252.2,131.1,7.19,-37.3,12.1,0,16.439
2:30:05 PM,5/21/2026,260521-141240-184.bin,92,0,0.04,0.78,739.2,0.17,0.48,222.1,265.5,173,0.13,269.1,20.959,20.972,29.78,0.7,0.07,0.7,37.90103,-93.31723,252.2,131.2,7.2,-37.4,12.1,0,16.452
2:30:04 PM,5/21/2026,260521-141240-184.bin,92,0,0.14,0.8,739.2,0.19,0.44,222.1,265.4,173,0.13,269,20.888,20.941,29.68,0.7,0.07,0.7,37.90104,-93.31723,252.2,131.3,7.2,-37.4,12.1,0,16.462
2:30:03 PM,5/21/2026,260521-141240-184.bin,92,0,0.16,0.63,739.2,0.21,0.43,222.1,265.3,172,0.13,268.9,20.861,20.852,29.641,0.7,0.07,0.7,37.90104,-93.31723,252.2,131.6,7.2,-37.3,12.1,0,16.468
2:30:02 PM,5/21/2026,260521-141240-184.bin,92,0,0.19,0.67,739.2,0.24,0.45,222.2,265.4,172,0.13,269,20.825,20.847,29.589,0.7,0.07,0.7,37.90104,-93.31723,252.1,132.2,7.19,-37.1,12.1,0,16.473
2:30:01 PM,5/21/2026,260521-141240-184.bin,92,0,0.21,0.77,739.2,0.24,0.44,222.3,265.5,173,0.13,269.1,20.779,20.82,29.524,0.7,0.07,0.7,37.90104,-93.31723,252.1,132.2,7.19,-37.2,12.1,0,16.483
2:30:00 PM,5/21/2026,260521-141240-184.bin,92,0,0.21,0.77,739.3,0.22,0.45,222.3,265.5,173,0.13,269.1,20.736,20.735,29.462,0.7,0.07,0.8,37.90104,-93.31723,252.1,132.2,7.19,-37.3,12.1,0,16.496
2:29:59 PM,5/21/2026,260521-141240-184.bin,92,0,0.21,0.66,739.3,0.17,0.45,222.4,265.4,173,0.13,269.1,20.687,20.688,29.393,0.8,0.07,0.8,37.90104,-93.31723,252.1,132.6,7.19,-37.2,12.1,0,16.511
2:29:58 PM,5/21/2026,260521-141240-184.bin,92,0,0.07,0.78,739.3,0.13,0.43,222.5,265.5,173,0.13,269.1,20.656,20.675,29.35,0.8,0.07,0.8,37.90104,-93.31723,252.1,132.8,7.19,-37.2,12.1,0,16.517
2:29:57 PM,5/21/2026,260521-141240-184.bin,92,0,0.02,0.83,739.3,0.11,0.48,222.5,265.5,173,0.13,269.1,20.641,20.633,29.327,0.8,0.07,0.8,37.90104,-93.31723,252.2,132.9,7.19,-37.2,12.1,0,16.522
2:29:56 PM,5/21/2026,260521-141240-184.bin,92,0,0.07,0.75,739.3,0.08,0.49,222.6,265.6,173,0.13,269.2,20.628,20.614,29.309,0.7,0.07,0.8,37.90104,-93.31723,252.2,132.9,7.19,-37.3,12.1,0,16.526
2:29:55 PM,5/21/2026,260521-141240-184.bin,92,0,0.07,0.71,739.2,0.11,0.47,222.5,265.4,173,0.13,269,20.606,20.604,29.277,0.7,0.07,0.8,37.90104,-93.31723,252.2,133,7.2,-37.4,12.1,0,16.536
2:29:54 PM,5/21/2026,260521-141240-184.bin,92,0,0.05,0.7,739.3,0.19,0.46,222.4,265.2,172,0.13,268.8,20.57,20.593,29.227,0.8,0.07,0.8,37.90104,-93.31723,252.2,133,7.2,-37.5,12.1,0,16.543
2:29:53 PM,5/21/2026,260521-141240-184.bin,92,0,0.12,0.6,739.3,0.22,0.48,222.3,265.1,172,0.13,268.7,20.522,20.517,29.158,0.8,0.07,0.8,37.90104,-93.31723,252.2,133,7.2,-37.7,12.1,0,16.547
2:29:52 PM,5/21/2026,260521-141240-184.bin,92,0,0.15,0.55,739.2,0.22,0.48,222.3,265.1,172,0.13,268.7,20.545,20.534,29.192,0.8,0.07,0.8,37.90104,-93.31723,252.2,133.1,7.2,-37.9,12.1,0,16.548
2:29:51 PM,5/21/2026,260521-141240-184.bin,92,0,0.17,0.65,739.3,0.22,0.45,222.3,265,172,0.13,268.6,20.532,20.567,29.173,0.8,0.07,0.8,37.90104,-93.31723,252.1,133.2,7.21,-37.9,12.1,0,16.554
2:29:50 PM,5/21/2026,260521-141240-184.bin,92,0,0.25,0.82,739.3,0.17,0.47,222.3,265.1,172,0.13,268.7,20.461,20.475,29.072,0.8,0.07,0.8,37.90104,-93.31723,252.1,133.4,7.2,-37.8,12.1,0,16.559
2:29:49 PM,5/21/2026,260521-141240-184.bin,92,0,0.24,0.78,739.2,0.13,0.5,222.4,265.1,172,0.13,268.7,20.398,20.383,28.982,0.8,0.07,0.8,37.90104,-93.31723,252.1,133.7,7.2,-37.7,12.1,0,16.56
2:29:48 PM,5/21/2026,260521-141240-184.bin,92,0,0.19,0.87,739.4,0.12,0.51,222.3,265,172,0.13,268.6,20.425,20.425,29.021,0.8,0.07,0.8,37.90104,-93.31722,252.1,133.9,7.2,-37.7,12.1,0,16.561
2:29:47 PM,5/21/2026,260521-141240-184.bin,92,0,0.09,1.1,739.4,0.12,0.58,222.3,265,172,0.13,268.6,20.391,20.437,28.973,0.8,0.07,0.8,37.90104,-93.31722,252.1,134,7.2,-37.7,12.1,0,16.563
2:29:46 PM,5/21/2026,260521-141240-184.bin,92,0,-0.01,0.88,739.2,0.1,0.54,222.4,265.1,172,0.13,268.7,20.359,20.345,28.927,0.8,0.07,0.8,37.90104,-93.31722,252.2,134.4,7.2,-37.5,12.1,0,16.57
2:29:45 PM,5/21/2026,260521-141240-184.bin,92,0,0.02,0.68,739.2,0.1,0.47,222.5,265.1,172,0.13,268.7,20.352,20.301,28.918,0.8,0.08,0.8,37.90104,-93.31722,252.2,134.8,7.2,-37.4,12.1,0,16.579
2:29:44 PM,5/21/2026,260521-141240-184.bin,92,0,0.03,0.69,739.3,0.14,0.5,222.5,265.1,172,0.13,268.7,20.38,20.387,28.956,0.8,0.08,0.8,37.90104,-93.31722,252.2,134.8,7.2,-37.6,12.1,0,16.581
2:29:43 PM,5/21/2026,260521-141240-184.bin,92,0,0.06,0.78,739.3,0.19,0.48,222.4,265,172,0.13,268.6,20.367,20.39,28.938,0.8,0.08,0.8,37.90104,-93.31723,252.2,134.9,7.2,-37.6,12.1,0,16.591
2:29:42 PM,5/21/2026,260521-141240-184.bin,92,0,0.05,0.79,739.2,0.23,0.46,222.4,265,172,0.13,268.6,20.336,20.35,28.894,0.8,0.08,0.8,37.90104,-93.31723,252.2,135.1,7.2,-37.6,12.1,0,16.594
2:29:41 PM,5/21/2026,260521-141240-184.bin,92,0,0.05,0.76,739.3,0.23,0.51,222.4,264.9,172,0.13,268.5,20.321,20.302,28.873,0.8,0.08,0.8,37.90104,-93.31723,252.2,135.2,7.2,-37.7,12.1,0,16.596
2:29:40 PM,5/21/2026,260521-141240-184.bin,92,0,0.14,0.71,739.2,0.2,0.47,222.4,264.9,172,0.13,268.4,20.309,20.312,28.855,0.8,0.08,0.8,37.90104,-93.31723,252.3,135.1,7.21,-38,12.1,0,16.603
2:29:39 PM,5/21/2026,260521-141240-184.bin,92,0,0.13,0.65,739.2,0.16,0.44,222.5,264.9,172,0.13,268.5,20.311,20.326,28.858,0.8,0.08,0.8,37.90104,-93.31723,252.3,135,7.21,-38.2,12.1,0,16.609
2:29:38 PM,5/21/2026,260521-141240-184.bin,92,0,0.08,0.68,739.2,0.1,0.46,222.5,264.9,172,0.13,268.5,20.298,20.299,28.841,0.8,0.08,0.8,37.90104,-93.31723,252.4,134.7,7.22,-38.9,12.1,0,16.608
2:29:37 PM,5/21/2026,260521-141240-184.bin,92,0,0.06,0.78,739.2,0.1,0.48,222.5,265,172,0.13,268.6,20.241,20.239,28.759,0.8,0.08,0.8,37.90104,-93.31723,252.5,134.5,7.23,-39,12.1,0,16.606
2:29:36 PM,5/21/2026,260521-141240-184.bin,92,0,0.05,0.67,739.3,0.14,0.49,222.5,265,172,0.13,268.5,20.215,20.229,28.722,0.8,0.08,0.8,37.90104,-93.31723,252.5,135.4,7.21,-38.2,12.1,0,16.61
2:29:35 PM,5/21/2026,260521-141240-184.bin,92,0,0.06,0.54,739.2,0.17,0.47,222.6,265,172,0.13,268.6,20.22,20.217,28.729,0.8,0.08,0.8,37.90105,-93.31723,252.5,136.1,7.2,-37.8,12.1,0,16.618
2:29:34 PM,5/21/2026,260521-141240-184.bin,92,0,0.15,0.54,739.2,0.23,0.47,222.6,265,172,0.13,268.6,20.225,20.23,28.736,0.8,0.08,0.8,37.90105,-93.31723,252.5,136.3,7.2,-37.7,12.1,0,16.627
2:29:33 PM,5/21/2026,260521-141240-184.bin,92,0,0.28,0.64,739.4,0.25,0.46,222.6,264.9,172,0.13,268.5,20.194,20.202,28.692,0.8,0.08,0.8,37.90105,-93.31723,252.5,137.6,7.18,-36.6,12.1,0,16.637
2:29:32 PM,5/21/2026,260521-141240-184.bin,92,0,0.21,0.99,739.2,0.21,0.46,222.6,264.9,172,0.13,268.4,20.119,20.12,28.586,0.8,0.08,0.8,37.90104,-93.31723,252.4,138.2,7.18,-36.3,12.1,0,16.649
2:29:31 PM,5/21/2026,260521-141240-184.bin,92,0,0.1,1,739.2,0.17,0.49,222.7,264.9,172,0.13,268.5,20.131,20.128,28.603,0.8,0.08,0.8,37.90104,-93.31723,252.4,138.3,7.18,-36.4,12.1,0,16.654
2:29:30 PM,5/21/2026,260521-141240-184.bin,92,0,0.06,0.77,739.3,0.12,0.45,222.8,265,172,0.13,268.5,20.116,20.173,28.581,0.8,0.08,0.8,37.90104,-93.31723,252.4,138.5,7.18,-36.4,12.1,0,16.659
2:29:29 PM,5/21/2026,260521-141240-184.bin,92,0,0.01,0.77,739.2,0.07,0.43,222.7,264.9,172,0.13,268.5,20.092,20.091,28.547,0.8,0.08,0.8,37.90104,-93.31723,252.3,138.6,7.18,-36.6,12.1,0,16.666
2:29:28 PM,5/21/2026,260521-141240-184.bin,92,0,0.01,0.75,739.2,0.1,0.44,222.7,264.9,172,0.13,268.4,20.06,20.035,28.502,0.8,0.08,0.9,37.90104,-93.31723,252.3,138.7,7.18,-36.7,12.1,0,16.668
2:29:27 PM,5/21/2026,260521-141240-184.bin,92,0,0.07,0.74,739.2,0.18,0.42,222.6,264.8,172,0.13,268.3,20.072,20.096,28.518,0.8,0.08,0.9,37.90104,-93.31723,252.3,138.7,7.19,-37,12.1,0,16.67
2:29:26 PM,5/21/2026,260521-141240-184.bin,92,0,0.16,0.71,739.2,0.19,0.42,222.6,264.7,172,0.13,268.2,20.017,20.075,28.44,0.8,0.08,0.9,37.90104,-93.31723,252.2,138.9,7.19,-37.1,12.1,0,16.675
2:29:25 PM,5/21/2026,260521-141240-184.bin,92,0,0.21,0.74,739.3,0.19,0.47,222.5,264.5,172,0.13,268.1,19.99,19.979,28.402,0.9,0.08,0.9,37.90104,-93.31723,252.3,139.2,7.19,-36.9,12.1,0,16.683
2:29:24 PM,5/21/2026,260521-141240-184.bin,92,0,0.18,0.73,739.3,0.16,0.48,222.6,264.6,172,0.13,268.1,19.949,19.972,28.344,0.9,0.08,0.9,37.90104,-93.31723,252.3,139.6,7.19,-36.8,12.1,0,16.695
2:29:23 PM,5/21/2026,260521-141240-184.bin,92,0,0.07,0.67,739.3,0.12,0.43,222.8,264.6,172,0.13,268.2,19.918,19.951,28.299,0.9,0.08,0.9,37.90104,-93.31723,252.3,139.6,7.19,-37,12.1,0,16.713
2:29:22 PM,5/21/2026,260521-141240-184.bin,92,0,0.02,0.71,739.3,0.1,0.42,222.9,264.7,172,0.13,268.2,19.878,19.881,28.243,0.9,0.09,0.9,37.90104,-93.31723,252.2,139.6,7.19,-37.1,12.1,0,16.732
2:29:21 PM,5/21/2026,260521-141240-184.bin,92,0,0,0.74,739.2,0.12,0.44,223,264.8,172,0.13,268.3,19.865,19.843,28.225,0.9,0.09,0.9,37.90104,-93.31723,252.2,139.6,7.2,-37.3,12.1,0,16.736
2:29:20 PM,5/21/2026,260521-141240-184.bin,92,0,0,0.83,739.3,0.19,0.45,223,264.9,172,0.13,268.4,19.865,19.886,28.224,0.9,0.09,0.9,37.90104,-93.31723,252.2,139.9,7.19,-37.2,12.1,0,16.731
2:29:19 PM,5/21/2026,260521-141240-184.bin,92,0,0.02,0.75,739.3,0.23,0.44,223.1,265,172,0.13,268.5,19.841,19.866,28.19,0.9,0.09,0.9,37.90104,-93.31723,252.1,140.2,7.19,-37,12.1,0,16.731
2:29:18 PM,5/21/2026,260521-141240-184.bin,92,0,0.13,0.62,739.2,0.21,0.44,223.2,265,172,0.13,268.5,19.808,19.809,28.143,0.9,0.09,0.9,37.90104,-93.31723,252.3,140.5,7.19,-37,12.1,0,16.739
2:29:17 PM,5/21/2026,260521-141240-184.bin,92,0,0.21,0.68,739.2,0.17,0.46,223.1,264.8,172,0.13,268.3,19.781,19.779,28.105,0.9,0.09,0.9,37.90104,-93.31723,252.2,140.6,7.19,-37.1,12.1,0,16.749
2:29:16 PM,5/21/2026,260521-141240-184.bin,92,0,0.19,0.7,739.3,0.14,0.44,223.1,264.8,172,0.13,268.3,19.764,19.788,28.08,0.9,0.09,1,37.90104,-93.31723,252,140.5,7.2,-37.4,12.1,0,16.755
2:29:15 PM,5/21/2026,260521-141240-184.bin,92,0,0.14,0.78,739.3,0.12,0.44,223.2,264.9,172,0.13,268.4,19.733,19.765,28.036,0.9,0.09,1,37.90104,-93.31722,251.9,140.6,7.2,-37.4,12.1,0,16.764
2:29:14 PM,5/21/2026,260521-141240-184.bin,92,0,0.02,0.97,739.3,0.09,0.46,223.2,264.9,172,0.13,268.4,19.719,19.707,28.016,0.9,0.09,1,37.90104,-93.31722,251.8,140.9,7.2,-37.3,12.1,0,16.764
2:29:13 PM,5/21/2026,260521-141240-184.bin,92,0,-0.02,0.9,739.3,0.14,0.43,223.1,264.7,172,0.13,268.2,19.717,19.736,28.013,0.9,0.09,1,37.90104,-93.31723,251.8,141,7.2,-37.4,12.1,0,16.776
2:29:12 PM,5/21/2026,260521-141240-184.bin,92,0,0.15,0.64,739.2,0.22,0.44,223,264.5,172,0.13,268,19.662,19.682,27.936,1,0.09,1,37.90104,-93.31723,251.7,141.3,7.19,-37.3,12.1,0,16.788
2:29:11 PM,5/21/2026,260521-141240-184.bin,92,0,0.25,0.61,739.3,0.22,0.47,223,264.4,172,0.13,268,19.622,19.601,27.879,0.9,0.09,1,37.90104,-93.31723,251.7,141.7,7.19,-37.1,12.1,0,16.787
2:29:10 PM,5/21/2026,260521-141240-184.bin,92,0,0.2,0.66,739.3,0.18,0.43,222.8,264.3,172,0.13,267.8,19.665,19.666,27.939,0.9,0.09,1,37.90104,-93.31723,251.7,142,7.19,-36.9,12.1,0,16.79
2:29:09 PM,5/21/2026,260521-141240-184.bin,92,0,0.16,0.61,739.4,0.17,0.39,222.9,264.3,172,0.13,267.8,19.653,19.68,27.923,0.9,0.09,1,37.90104,-93.31723,251.6,142.1,7.19,-37,12.1,0,16.795
2:29:08 PM,5/21/2026,260521-141240-184.bin,92,0,0.11,0.64,739.3,0.17,0.42,223.1,264.6,172,0.13,268.1,19.626,19.609,27.885,0.9,0.09,1,37.90104,-93.31723,251.5,142.2,7.19,-37.1,12.1,0,16.797
2:29:07 PM,5/21/2026,260521-141240-184.bin,92,0,0.02,0.66,739.3,0.15,0.44,223.3,264.8,172,0.13,268.3,19.626,19.602,27.884,1,0.09,1,37.90104,-93.31723,251.5,142.2,7.19,-37.1,12.1,0,16.795
2:29:06 PM,5/21/2026,260521-141240-184.bin,92,0,-0.02,0.67,739.3,0.13,0.42,223.3,264.8,172,0.13,268.3,19.628,19.608,27.887,0.9,0.09,1,37.90104,-93.31723,251.3,142.2,7.2,-37.4,12.1,0,16.791
2:29:05 PM,5/21/2026,260521-141240-184.bin,92,0,-0.03,0.76,739.3,0.14,0.45,223.1,264.6,172,0.13,268.1,19.629,19.674,27.889,1,0.09,1,37.90104,-93.31723,251.3,142.3,7.2,-37.5,12.1,0,16.795
2:29:04 PM,5/21/2026,260521-141240-184.bin,92,0,0.04,0.73,739.2,0.18,0.45,223,264.4,172,0.13,267.9,19.627,19.598,27.886,1,0.09,1,37.90104,-93.31723,251.3,142.6,7.2,-37.3,12.1,0,16.799
2:29:03 PM,5/21/2026,260521-141240-184.bin,92,0,0.15,0.69,739.2,0.21,0.42,223,264.4,172,0.13,267.9,19.618,19.598,27.873,1,0.09,1,37.90104,-93.31724,251.4,142.9,7.19,-37.2,12.1,0,16.803
2:29:02 PM,5/21/2026,260521-141240-184.bin,92,0,0.21,0.99,739.3,0.2,0.48,223.1,264.5,172,0.13,268,19.633,19.644,27.894,1,0.09,1,37.90104,-93.31724,251.5,143,7.19,-37.2,12.1,0,16.802
2:29:01 PM,5/21/2026,260521-141240-184.bin,92,0,0.21,0.94,739.2,0.2,0.53,223.1,264.5,172,0.13,268,19.656,19.66,27.927,1,0.09,1,37.90104,-93.31724,251.5,143.2,7.19,-37.3,12.1,0,16.799
2:29:00 PM,5/21/2026,260521-141240-184.bin,92,0,0.19,0.78,739.2,0.16,0.48,223.2,264.5,172,0.13,268,19.638,19.647,27.901,1,0.09,1,37.90104,-93.31724,251.6,143.2,7.2,-37.4,12.1,0,16.811
2:28:59 PM,5/21/2026,260521-141240-184.bin,92,0,0.19,0.74,739.3,0.1,0.4,223.3,264.5,172,0.13,268,19.609,19.624,27.86,1,0.1,1,37.90104,-93.31724,251.6,143.3,7.2,-37.5,12.1,0,16.831
2:28:58 PM,5/21/2026,260521-141240-184.bin,92,0,0.11,0.66,739.2,0.07,0.39,223.3,264.5,172,0.13,268,19.546,19.562,27.771,1,0.1,1,37.90104,-93.31724,251.7,143.5,7.2,-37.5,12.1,0,16.844
2:28:57 PM,5/21/2026,260521-141240-184.bin,92,0,0.06,0.68,739.1,0.07,0.44,223.2,264.4,172,0.13,267.9,19.531,19.535,27.749,1,0.1,1,37.90104,-93.31724,251.7,143.5,7.2,-37.6,12.1,0,16.846
2:28:56 PM,5/21/2026,260521-141240-184.bin,92,0,0.03,0.53,739.3,0.09,0.5,223.1,264.2,172,0.13,267.7,19.572,19.567,27.808,1,0.1,1,37.90103,-93.31724,251.7,143.7,7.2,-37.7,12.1,0,16.847
2:28:55 PM,5/21/2026,260521-141240-184.bin,92,0,0,0.66,739.3,0.08,0.48,223.1,264.2,172,0.13,267.7,19.569,19.591,27.803,1,0.1,1,37.90103,-93.31724,251.7,143.8,7.2,-37.8,12.1,0,16.853
2:28:54 PM,5/21/2026,260521-141240-184.bin,92,0,-0.04,0.76,739.3,0.09,0.41,223.1,264.2,172,0.13,267.7,19.496,19.508,27.699,1,0.1,1.1,37.90103,-93.31724,251.7,143.7,7.21,-38.1,12.1,0,16.853
2:28:53 PM,5/21/2026,260521-141240-184.bin,92,0,-0.04,0.62,739.2,0.08,0.46,223,264.1,172,0.13,267.6,19.482,19.456,27.679,1,0.1,1.1,37.90103,-93.31724,251.7,143.7,7.21,-38.3,12.1,0,16.856
2:28:52 PM,5/21/2026,260521-141240-184.bin,92,0,0,0.65,739.2,0.07,0.47,223.1,264.1,172,0.13,267.6,19.486,19.508,27.686,1,0.1,1.1,37.90103,-93.31724,251.8,143.8,7.21,-38.3,12.1,0,16.873
2:28:51 PM,5/21/2026,260521-141240-184.bin,92,0,-0.03,0.81,739.2,0.09,0.46,223.2,264.2,172,0.13,267.7,19.443,19.471,27.624,1.1,0.1,1.1,37.90103,-93.31724,251.8,143.9,7.21,-38.4,12.1,0,16.872
2:28:50 PM,5/21/2026,260521-141240-184.bin,92,0,-0.05,0.76,739.2,0.11,0.45,223.2,264.3,172,0.13,267.8,19.433,19.413,27.61,1.1,0.1,1.1,37.90103,-93.31724,251.9,144.1,7.21,-38.3,12.1,0,16.869
2:28:49 PM,5/21/2026,260521-141240-184.bin,92,0,-0.05,0.61,739.2,0.13,0.43,223.4,264.4,172,0.13,267.9,19.401,19.369,27.564,1.1,0.1,1.1,37.90103,-93.31724,251.9,144.3,7.21,-38.4,12.1,0,16.87
2:28:48 PM,5/21/2026,260521-141240-184.bin,92,0,-0.06,0.61,739.3,0.11,0.44,223.4,264.4,172,0.13,267.9,19.38,19.418,27.534,1.1,0.1,1.1,37.90103,-93.31724,252,144.4,7.22,-38.5,12.1,0,16.879
2:28:47 PM,5/21/2026,260521-141240-184.bin,92,0,-0.01,0.48,739.3,0.11,0.45,223.5,264.4,172,0.13,267.9,19.347,19.375,27.488,1.1,0.1,1.1,37.90103,-93.31724,252.1,144.5,7.22,-38.5,12.1,0,16.887
2:28:46 PM,5/21/2026,260521-141240-184.bin,92,0,0.05,0.4,739.2,0.11,0.46,223.4,264.4,172,0.13,267.9,19.318,19.315,27.447,1.1,0.11,1.1,37.90103,-93.31724,252.2,144.6,7.22,-38.5,12.1,0,16.892
2:28:45 PM,5/21/2026,260521-141240-184.bin,92,0,0.08,0.48,739.3,0.1,0.46,223.5,264.5,172,0.13,267.9,19.274,19.27,27.384,1.1,0.11,1.1,37.90103,-93.31724,252.3,144.8,7.22,-38.5,12.1,0,16.893
2:28:44 PM,5/21/2026,260521-141240-184.bin,92,0,0.07,0.56,739.2,0.13,0.45,223.7,264.6,172,0.13,268.1,19.256,19.295,27.358,1.1,0.11,1.1,37.90103,-93.31724,252.3,144.8,7.22,-38.6,12.1,0,16.9
2:28:43 PM,5/21/2026,260521-141240-184.bin,92,0,0.02,0.52,739.2,0.15,0.43,223.7,264.6,172,0.13,268.1,19.229,19.264,27.32,1.1,0.11,1.2,37.90103,-93.31724,252.3,144.7,7.22,-38.9,12.1,0,16.905
2:28:42 PM,5/21/2026,260521-141240-184.bin,92,0,0,0.52,739.2,0.16,0.43,223.7,264.6,172,0.13,268.1,19.206,19.249,27.287,1.1,0.11,1.2,37.90103,-93.31724,252.4,144.8,7.22,-38.9,12.1,0,16.911
2:28:41 PM,5/21/2026,260521-141240-184.bin,92,0,-0.01,0.75,739.2,0.21,0.42,223.9,264.7,172,0.13,268.2,19.162,19.192,27.224,1.1,0.11,1.2,37.90103,-93.31724,252.4,145,7.22,-38.9,12.1,0,16.918
2:28:40 PM,5/21/2026,260521-141240-184.bin,92,0,0.02,0.82,739.2,0.21,0.45,224,264.8,172,0.13,268.3,19.148,19.141,27.204,1.1,0.11,1.2,37.90103,-93.31724,252.5,145.2,7.22,-38.8,12.1,0,16.928
2:28:39 PM,5/21/2026,260521-141240-184.bin,92,0,0.06,0.71,739.2,0.19,0.48,223.9,264.7,172,0.13,268.2,19.158,19.169,27.219,1.1,0.11,1.2,37.90103,-93.31724,252.6,145.4,7.22,-38.7,12.1,0,16.932
2:28:38 PM,5/21/2026,260521-141240-184.bin,92,0,0.08,0.67,739.3,0.2,0.44,223.9,264.7,172,0.13,268.2,19.156,19.172,27.216,1.1,0.11,1.2,37.90103,-93.31724,252.5,145.7,7.22,-38.5,12.1,0,16.93
2:28:37 PM,5/21/2026,260521-141240-184.bin,92,0,0.09,0.74,739.2,0.2,0.45,223.9,264.7,172,0.13,268.1,19.132,19.147,27.182,1.1,0.11,1.2,37.90103,-93.31724,252.4,145.9,7.22,-38.5,12.1,0,16.93
2:28:36 PM,5/21/2026,260521-141240-184.bin,92,0,0.15,0.68,739.2,0.2,0.45,223.8,264.5,172,0.13,268,19.105,19.095,27.144,1.1,0.11,1.2,37.90103,-93.31724,252.5,146,7.21,-38.4,12.1,0,16.934
2:28:35 PM,5/21/2026,260521-141240-184.bin,92,0,0.22,0.65,739.3,0.19,0.44,223.8,264.5,172,0.13,268,19.1,19.097,27.136,1.2,0.11,1.2,37.90103,-93.31724,252.5,146.2,7.21,-38.4,12.1,0,16.947
2:28:34 PM,5/21/2026,260521-141240-184.bin,92,0,0.21,0.81,739.2,0.2,0.47,223.9,264.5,172,0.13,267.9,19.087,19.121,27.117,1.2,0.11,1.2,37.90103,-93.31724,252.4,146.3,7.21,-38.3,12.1,0,16.96
2:28:33 PM,5/21/2026,260521-141240-184.bin,92,0,0.16,0.67,739.2,0.2,0.49,223.9,264.5,172,0.13,267.9,19.039,19.045,27.049,1.2,0.11,1.2,37.90103,-93.31724,252.4,146.7,7.21,-38.1,12.1,0,16.959
2:28:32 PM,5/21/2026,260521-141240-184.bin,92,0,0.16,0.61,739.2,0.18,0.47,224,264.6,172,0.13,268.1,19.008,18.992,27.006,1.2,0.11,1.2,37.90103,-93.31724,252.4,146.8,7.21,-38.1,12.1,0,16.96
2:28:31 PM,5/21/2026,260521-141240-184.bin,92,0,0.22,0.64,739.3,0.22,0.43,224.1,264.8,172,0.13,268.2,19.033,19.043,27.04,1.2,0.11,1.2,37.90103,-93.31724,252.5,146.9,7.21,-38.2,12.1,0,16.965
2:28:30 PM,5/21/2026,260521-141240-184.bin,92,0,0.25,0.63,739.2,0.24,0.46,224.3,264.9,172,0.13,268.4,19.012,19.052,27.011,1.2,0.11,1.2,37.90103,-93.31724,252.5,146.9,7.21,-38.3,12.1,0,16.965
2:28:29 PM,5/21/2026,260521-141240-184.bin,92,0,0.15,0.65,739.2,0.19,0.47,224.4,264.9,172,0.13,268.4,19.006,18.98,27.003,1.2,0.11,1.2,37.90103,-93.31724,252.5,146.9,7.22,-38.5,12.1,0,16.977
2:28:28 PM,5/21/2026,260521-141240-184.bin,92,0,0.07,0.65,739.2,0.14,0.45,224.4,265,172,0.13,268.4,19.005,18.976,27.001,1.2,0.11,1.2,37.90103,-93.31724,252.4,147,7.22,-38.5,12.1,0,16.98
2:28:27 PM,5/21/2026,260521-141240-184.bin,92,0,0.05,0.61,739.3,0.1,0.44,224.2,264.8,172,0.13,268.3,19.038,19.035,27.048,1.2,0.12,1.2,37.90102,-93.31724,252.4,147.1,7.22,-38.5,12.1,0,16.977
2:28:26 PM,5/21/2026,260521-141240-184.bin,92,0,0.06,0.53,739.4,0.09,0.43,224.3,264.8,172,0.13,268.2,19.008,19.044,27.006,1.2,0.12,1.2,37.90102,-93.31724,252.4,147.1,7.22,-38.6,12.1,0,16.99
2:28:25 PM,5/21/2026,260521-141240-184.bin,92,0,0.1,0.55,739.3,0.12,0.42,224.3,264.7,172,0.13,268.1,18.981,18.967,26.966,1.2,0.12,1.3,37.90102,-93.31724,252.4,147.2,7.22,-38.6,12.1,0,17.006
2:28:24 PM,5/21/2026,260521-141240-184.bin,92,0,0.08,0.61,739.2,0.11,0.43,224.3,264.6,172,0.13,268.1,18.929,18.932,26.892,1.2,0.12,1.3,37.90102,-93.31724,252.4,147.2,7.22,-38.7,12.1,0,17.019
2:28:23 PM,5/21/2026,260521-141240-184.bin,92,0,0.04,0.72,739.2,0.07,0.44,224.5,264.9,172,0.13,268.3,18.91,18.917,26.865,1.2,0.12,1.3,37.90102,-93.31724,252.5,147,7.22,-39,12.1,0,17.023
2:28:22 PM,5/21/2026,260521-141240-184.bin,92,0,-0.01,0.61,739.3,0.07,0.42,224.7,265,172,0.13,268.5,18.889,18.938,26.835,1.3,0.12,1.3,37.90102,-93.31724,252.5,147.1,7.22,-38.9,12.1,0,17.037
2:28:21 PM,5/21/2026,260521-141240-184.bin,92,0,-0.01,0.61,739.1,0.11,0.46,224.8,265.1,172,0.13,268.5,18.863,18.847,26.798,1.3,0.12,1.3,37.90102,-93.31724,252.5,147.3,7.22,-38.8,12.1,0,17.047
2:28:20 PM,5/21/2026,260521-141240-184.bin,92,0,0.05,0.63,739.3,0.11,0.47,224.9,265.1,172,0.13,268.5,18.862,18.885,26.798,1.3,0.12,1.3,37.90102,-93.31725,252.5,147.4,7.22,-38.8,12.1,0,17.059
2:28:19 PM,5/21/2026,260521-141240-184.bin,92,0,0.05,0.59,739.2,0.13,0.46,225,265.2,172,0.13,268.6,18.843,18.865,26.77,1.3,0.12,1.3,37.90102,-93.31725,252.4,147.3,7.22,-38.9,12.1,0,17.058
2:28:18 PM,5/21/2026,260521-141240-184.bin,92,0,0.03,0.57,739.4,0.21,0.44,224.9,265.1,172,0.13,268.5,18.844,18.842,26.772,1.3,0.13,1.3,37.90102,-93.31725,252.5,147.2,7.23,-39.1,12.1,0,17.055
2:28:17 PM,5/21/2026,260521-141240-184.bin,92,0,0.07,0.59,739.3,0.24,0.43,224.8,264.9,172,0.13,268.3,18.807,18.828,26.719,1.3,0.13,1.4,37.90102,-93.31725,252.6,147.1,7.23,-39.2,12.1,0,17.077
2:28:16 PM,5/21/2026,260521-141240-184.bin,92,0,0.15,0.6,739.4,0.23,0.41,225,265,172,0.13,268.4,18.728,18.745,26.607,1.4,0.13,1.4,37.90102,-93.31725,252.6,147.2,7.23,-39.1,12.1,0,17.106
2:28:15 PM,5/21/2026,260521-141240-184.bin,92,0,0.21,0.62,739.3,0.21,0.38,225.2,265.2,172,0.13,268.6,18.707,18.717,26.578,1.4,0.13,1.4,37.90102,-93.31725,252.6,147.3,7.23,-39.1,12.1,0,17.106
2:28:14 PM,5/21/2026,260521-141240-184.bin,92,0,0.15,0.67,739.3,0.2,0.43,225.4,265.4,172,0.13,268.8,18.712,18.734,26.584,1.4,0.13,1.4,37.90102,-93.31725,252.5,147.4,7.22,-39,12.1,0,17.108
2:28:13 PM,5/21/2026,260521-141240-184.bin,92,0,0.11,0.51,739.4,0.21,0.45,225.4,265.4,172,0.13,268.8,18.668,18.705,26.522,1.4,0.14,1.5,37.90102,-93.31725,252.5,147.6,7.22,-38.8,12.1,0,17.116
2:28:12 PM,5/21/2026,260521-141240-184.bin,92,0,0.17,0.52,739.3,0.18,0.45,225.5,265.3,172,0.13,268.8,18.609,18.624,26.438,1.4,0.14,1.5,37.90102,-93.31725,252.6,147.5,7.22,-38.9,12.1,0,17.134
2:28:11 PM,5/21/2026,260521-141240-184.bin,92,0,0.13,0.67,739.2,0.13,0.43,225.5,265.3,172,0.13,268.7,18.564,18.536,26.374,1.5,0.14,1.5,37.90102,-93.31725,252.6,147.3,7.23,-39.1,12.1,0,17.157
2:28:10 PM,5/21/2026,260521-141240-184.bin,92,0,0.1,0.65,739.2,0.14,0.4,225.6,265.3,172,0.13,268.7,18.582,18.589,26.4,1.5,0.14,1.5,37.90102,-93.31725,252.6,147.3,7.22,-39,12.1,0,17.169
2:28:09 PM,5/21/2026,260521-141240-184.bin,92,0,0.1,0.61,739.2,0.1,0.46,225.8,265.4,172,0.13,268.7,18.535,18.59,26.332,1.5,0.15,1.6,37.90102,-93.31725,252.6,147.3,7.22,-38.9,12.1,0,17.196
2:28:08 PM,5/21/2026,260521-141240-184.bin,92,0,0.07,0.56,739.3,0.09,0.46,225.9,265.4,173,0.13,268.8,18.494,18.481,26.274,1.6,0.15,1.6,37.90102,-93.31725,252.6,147.3,7.22,-39,12.1,0,17.204
2:28:07 PM,5/21/2026,260521-141240-184.bin,92,0,0.06,0.54,739.3,0.09,0.45,225.9,265.4,173,0.13,268.8,18.465,18.453,26.233,1.6,0.15,1.6,37.90102,-93.31725,252.7,147.3,7.22,-39,12.1,0,17.204
2:28:06 PM,5/21/2026,260521-141240-184.bin,92,0,-0.02,0.51,739.3,0.1,0.46,226,265.4,173,0.13,268.8,18.446,18.482,26.206,1.6,0.15,1.7,37.90102,-93.31725,252.9,147.2,7.22,-39,12.1,0,17.215
2:28:05 PM,5/21/2026,260521-141240-184.bin,92,0,-0.01,0.58,739.3,0.13,0.41,226,265.4,173,0.13,268.8,18.39,18.43,26.126,1.6,0.16,1.7,37.90102,-93.31725,252.9,147.1,7.23,-39.1,12.1,0,17.228
2:28:04 PM,5/21/2026,260521-141240-184.bin,92,0,0.07,0.61,739.3,0.13,0.43,226.2,265.4,173,0.13,268.8,18.351,18.342,26.071,1.7,0.16,1.7,37.90102,-93.31725,252.9,147,7.23,-39.1,12.1,0,17.252
2:28:03 PM,5/21/2026,260521-141240-184.bin,92,0,0.06,0.46,739.2,0.16,0.45,226.3,265.5,173,0.13,268.9,18.285,18.287,25.977,1.7,0.16,1.7,37.90102,-93.31725,252.8,146.9,7.23,-39.1,12.1,0,17.269
2:28:02 PM,5/21/2026,260521-141240-184.bin,92,0,0.07,0.51,739.3,0.16,0.47,226.5,265.6,173,0.13,268.9,18.24,18.255,25.912,1.7,0.16,1.8,37.90102,-93.31725,252.8,146.8,7.23,-39.1,12.1,0,17.291
2:28:01 PM,5/21/2026,260521-141240-184.bin,92,0,0.21,0.63,739.2,0.15,0.46,226.6,265.6,173,0.13,269,18.194,18.236,25.847,1.7,0.17,1.8,37.90102,-93.31725,252.8,146.7,7.23,-39.2,12.1,0,17.318
2:28:00 PM,5/21/2026,260521-141240-184.bin,92,0,0.26,0.67,739.2,0.19,0.4,226.7,265.7,173,0.13,269,18.175,18.189,25.82,1.8,0.17,1.8,37.90101,-93.31725,252.8,146.6,7.23,-39.2,12.1,0,17.327
2:27:59 PM,5/21/2026,260521-141240-184.bin,92,0,0.21,0.64,739.3,0.19,0.41,226.7,265.5,173,0.13,268.9,18.145,18.17,25.777,1.8,0.17,1.9,37.90101,-93.31725,252.8,146.5,7.23,-39.3,12.1,0,17.335
2:27:58 PM,5/21/2026,260521-141240-184.bin,92,0,0.15,0.59,739.3,0.15,0.43,226.5,265.4,172,0.13,268.7,18.106,18.102,25.722,1.9,0.18,1.9,37.90101,-93.31725,252.6,146.3,7.23,-39.4,12.1,0,17.338
2:27:57 PM,5/21/2026,260521-141240-184.bin,92,0,0.11,0.58,739.4,0.1,0.4,226.5,265.4,172,0.13,268.7,18.099,18.089,25.713,1.9,0.18,2,37.90101,-93.31725,252.6,146.1,7.24,-39.7,12.1,0,17.338
2:27:56 PM,5/21/2026,260521-141240-184.bin,92,0,0.1,0.5,739.3,0.08,0.37,226.6,265.5,173,0.13,268.8,18.076,18.096,25.68,2,0.19,2,37.90101,-93.31725,252.6,146,7.24,-39.7,12.1,0,17.344
2:27:55 PM,5/21/2026,260521-141240-184.bin,92,0,0.04,0.48,739.4,0.08,0.38,226.6,265.4,173,0.13,268.7,18.027,18.042,25.61,2,0.19,2.1,37.90101,-93.31725,252.8,145.9,7.24,-39.7,12.1,0,17.349
2:27:54 PM,5/21/2026,260521-141240-184.bin,92,0,-0.02,0.51,739.3,0.1,0.35,226.6,265.3,172,0.13,268.7,17.974,17.952,25.535,2,0.2,2.1,37.90101,-93.31725,252.7,145.9,7.24,-39.8,12.1,0,17.351
2:27:53 PM,5/21/2026,260521-141240-184.bin,92,0,0.02,0.5,739.3,0.13,0.34,226.7,265.5,173,0.13,268.8,17.988,17.984,25.555,2.1,0.2,2.1,37.90101,-93.31725,252.7,145.8,7.24,-39.8,12.1,0,17.354
2:27:52 PM,5/21/2026,260521-141240-184.bin,92,0,0.12,0.46,739.3,0.16,0.38,226.8,265.6,173,0.13,268.9,17.992,18.016,25.56,2.1,0.2,2.2,37.901,-93.31725,252.6,145.7,7.24,-40,12,0,17.357
2:27:51 PM,5/21/2026,260521-141240-184.bin,92,0,0.21,0.53,739.3,0.16,0.39,226.8,265.5,173,0.13,268.9,17.953,17.944,25.504,2.2,0.21,2.2,37.901,-93.31725,252.8,145.7,7.24,-40.1,12,0,17.359
2:27:50 PM,5/21/2026,260521-141240-184.bin,92,0,0.22,0.62,739.2,0.18,0.42,226.7,265.4,172,0.13,268.7,17.921,17.893,25.459,2.2,0.21,2.3,37.901,-93.31725,252.7,145.5,7.25,-40.3,12,0,17.363
2:27:49 PM,5/21/2026,260521-141240-184.bin,92,0,0.19,0.56,739.2,0.17,0.41,226.7,265.4,172,0.13,268.7,17.93,17.945,25.472,2.2,0.21,2.3,37.901,-93.31725,252.6,145.4,7.25,-40.3,12,0,17.365
2:27:48 PM,5/21/2026,260521-141240-184.bin,92,0,0.11,0.54,739.2,0.1,0.37,226.7,265.4,172,0.13,268.7,17.9,17.947,25.43,2.3,0.22,2.3,37.901,-93.31725,252.5,145.5,7.25,-40.3,12,0,17.374
2:27:47 PM,5/21/2026,260521-141240-184.bin,92,0,0.06,0.52,739.2,0.06,0.37,226.7,265.4,172,0.13,268.7,17.898,17.87,25.426,2.3,0.22,2.4,37.901,-93.31725,252.4,145.4,7.25,-40.4,12,0,17.376
2:27:46 PM,5/21/2026,260521-141240-184.bin,92,0,-0.03,0.48,739.2,0.06,0.42,226.7,265.3,172,0.13,268.7,17.909,17.864,25.442,2.4,0.23,2.5,37.901,-93.31725,252.3,145.4,7.25,-40.4,12,0,17.37
2:27:45 PM,5/21/2026,260521-141240-184.bin,92,0,-0.01,0.57,739.3,0.05,0.43,226.7,265.4,173,0.13,268.7,17.914,17.941,25.45,2.4,0.23,2.5,37.901,-93.31725,252.3,145.5,7.25,-40.4,12,0,17.367
2:27:44 PM,5/21/2026,260521-141240-184.bin,92,0,0.07,0.67,739.2,0.08,0.41,226.7,265.4,173,0.13,268.8,17.898,17.925,25.427,2.5,0.24,2.6,37.901,-93.31725,252.3,145.5,7.25,-40.4,12,0,17.367
2:27:43 PM,5/21/2026,260521-141240-184.bin,92,0,0.07,0.57,739.2,0.16,0.42,226.8,265.5,173,0.13,268.8,17.866,17.861,25.381,2.5,0.24,2.6,37.90099,-93.31725,252.2,145.5,7.25,-40.4,12,0,17.369
2:27:42 PM,5/21/2026,260521-141240-184.bin,92,0,0.12,0.52,739.2,0.18,0.43,226.8,265.5,173,0.13,268.9,17.825,17.819,25.322,2.6,0.25,2.7,37.90099,-93.31725,252.2,145.5,7.25,-40.4,12,0,17.372
2:27:41 PM,5/21/2026,260521-141240-184.bin,92,0,0.13,0.58,739.3,0.17,0.41,226.8,265.5,173,0.13,268.8,17.824,17.837,25.321,2.6,0.25,2.7,37.90099,-93.31725,252.2,145.5,7.25,-40.4,12,0,17.373
2:27:40 PM,5/21/2026,260521-141240-184.bin,92,0,0.15,0.62,739.3,0.16,0.39,226.8,265.5,173,0.13,268.9,17.828,17.845,25.328,2.7,0.26,2.8,37.90099,-93.31725,252,145.6,7.25,-40.3,12,0,17.373
2:27:39 PM,5/21/2026,260521-141240-184.bin,92,0,0.19,0.66,739.3,0.1,0.39,226.9,265.6,173,0.13,268.9,17.826,17.82,25.324,2.8,0.27,2.9,37.90099,-93.31725,252,145.8,7.25,-40.2,12,0,17.375
2:27:38 PM,5/21/2026,260521-141240-184.bin,92,0,0.13,0.49,739.3,0.06,0.43,226.9,265.5,173,0.13,268.9,17.813,17.832,25.306,2.8,0.27,2.9,37.90099,-93.31725,252.1,145.8,7.24,-40.1,12,0,17.377
2:27:37 PM,5/21/2026,260521-141240-184.bin,92,0,0.04,0.36,739.2,0.06,0.38,226.7,265.3,172,0.13,268.6,17.778,17.78,25.256,2.9,0.28,3,37.90099,-93.31725,252.1,145.8,7.24,-40.2,12,0,17.378
2:27:36 PM,5/21/2026,260521-141240-184.bin,92,0,0.07,0.46,739.3,0.09,0.34,226.7,265.3,172,0.13,268.6,17.825,17.824,25.322,3,0.29,3.1,37.90099,-93.31725,252,145.8,7.25,-40.2,12,0,17.383
2:27:35 PM,5/21/2026,260521-141240-184.bin,92,0,0.1,0.54,739.2,0.13,0.36,226.8,265.5,173,0.13,268.8,17.83,17.845,25.33,3.1,0.29,3.2,37.90099,-93.31725,251.9,145.7,7.25,-40.4,12,0,17.381
2:27:34 PM,5/21/2026,260521-141240-184.bin,92,0,0.06,0.43,739.3,0.15,0.39,226.8,265.4,173,0.13,268.8,17.797,17.803,25.283,3.1,0.3,3.2,37.90099,-93.31725,251.8,145.7,7.25,-40.3,12,0,17.377
2:27:33 PM,5/21/2026,260521-141240-184.bin,92,0,0.11,0.46,739.3,0.15,0.38,226.9,265.5,173,0.13,268.8,17.787,17.779,25.269,3.2,0.31,3.3,37.90099,-93.31725,251.7,145.8,7.25,-40.3,12,0,17.381
2:27:32 PM,5/21/2026,260521-141240-184.bin,92,0,0.21,0.53,739.3,0.12,0.35,227.1,265.7,173,0.13,269,17.823,17.826,25.319,3.3,0.32,3.4,37.90099,-93.31725,251.6,145.7,7.25,-40.4,12.1,0,17.386
2:27:31 PM,5/21/2026,260521-141240-184.bin,92,0,0.2,0.45,739.3,0.05,0.41,227,265.6,173,0.13,269,17.817,17.84,25.312,3.4,0.32,3.5,37.90099,-93.31725,251.6,145.5,7.25,-40.7,12.1,0,17.39
2:27:30 PM,5/21/2026,260521-141240-184.bin,92,0,0.09,0.51,739.3,0.03,0.42,227,265.6,173,0.13,269,17.791,17.779,25.274,3.5,0.34,3.6,37.90099,-93.31725,251.6,145.4,7.26,-40.8,12.1,0,17.39
2:27:29 PM,5/21/2026,260521-141240-184.bin,92,0,0.01,0.54,739.2,0.05,0.41,227,265.6,173,0.13,269,17.788,17.743,25.27,3.6,0.35,3.7,37.90099,-93.31725,251.6,145.4,7.26,-40.9,12.1,0,17.393
2:27:28 PM,5/21/2026,260521-141240-184.bin,92,0,0.07,0.43,739.2,0.1,0.41,227,265.6,173,0.13,269,17.808,17.823,25.299,3.7,0.36,3.8,37.90099,-93.31725,251.5,145.3,7.26,-41,12.1,0,17.396
2:27:27 PM,5/21/2026,260521-141240-184.bin,92,0,0.16,0.45,739.3,0.16,0.4,227.2,265.8,173,0.13,269.1,17.78,17.807,25.259,3.9,0.37,4,37.90099,-93.31725,251.5,145.5,7.26,-40.9,12.1,0,17.396
2:27:26 PM,5/21/2026,260521-141240-184.bin,92,0,0.14,0.55,739.3,0.17,0.39,227.3,265.9,173,0.13,269.3,17.771,17.753,25.246,4.1,0.39,4.2,37.90099,-93.31725,251.5,145.3,7.26,-41,12.1,0,17.396
2:27:25 PM,5/21/2026,260521-141240-184.bin,92,0,0.15,0.68,739.2,0.17,0.43,227.4,266,173,0.13,269.3,17.703,17.72,25.149,4.2,0.4,4.3,37.90099,-93.31725,251.4,144.8,7.27,-41.5,12.1,0,17.399
2:27:24 PM,5/21/2026,260521-141240-184.bin,92,0,0.13,0.64,739.3,0.14,0.44,227.4,266,173,0.13,269.3,17.699,17.704,25.143,4.4,0.42,4.5,37.90099,-93.31725,251.4,144.3,7.28,-42.1,12.1,0,17.402
2:27:23 PM,5/21/2026,260521-141240-184.bin,92,0,0.05,0.48,739.3,0.07,0.41,227.5,266,173,0.13,269.3,17.681,17.712,25.118,4.5,0.43,4.7,37.90098,-93.31725,251.3,144.4,7.28,-42,12.1,0,17.417
2:27:22 PM,5/21/2026,260521-141240-184.bin,92,0,-0.01,0.52,739.2,0.03,0.4,227.4,265.9,173,0.13,269.3,17.671,17.654,25.103,4.8,0.46,4.9,37.90098,-93.31725,251.2,144.8,7.27,-41.6,12.1,0,17.423
2:27:21 PM,5/21/2026,260521-141240-184.bin,92,0,0,0.52,739.2,0.03,0.38,227.3,265.8,173,0.13,269.1,17.658,17.644,25.086,5,0.47,5.1,37.90098,-93.31726,251.2,145.1,7.26,-41.2,12.1,0,17.424
2:27:20 PM,5/21/2026,260521-141240-184.bin,92,0,0.06,0.48,739.3,0.1,0.39,227.3,265.7,173,0.13,269,17.645,17.636,25.066,5.2,0.5,5.3,37.90098,-93.31726,251.3,145.1,7.26,-41.2,12.1,0,17.425
2:27:19 PM,5/21/2026,260521-141240-184.bin,92,0,0.13,0.48,739.2,0.14,0.36,227.3,265.7,173,0.13,269.1,17.629,17.621,25.044,5.4,0.51,5.5,37.90098,-93.31726,251.2,145.1,7.26,-41.1,12.1,0,17.428
2:27:18 PM,5/21/2026,260521-141240-184.bin,92,0,0.13,0.5,739.3,0.12,0.36,227.4,265.8,173,0.13,269.1,17.6,17.615,25.003,5.6,0.53,5.7,37.90098,-93.31726,251.1,145.3,7.26,-41,12.1,0,17.439
2:27:17 PM,5/21/2026,260521-141240-184.bin,92,0,0.14,0.45,739.3,0.14,0.42,227.3,265.7,173,0.13,269,17.554,17.571,24.938,5.8,0.55,5.9,37.90098,-93.31726,251.1,145.3,7.26,-40.9,12.1,0,17.446
2:27:16 PM,5/21/2026,260521-141240-184.bin,92,0,0.1,0.43,739.2,0.11,0.41,227.2,265.5,173,0.13,268.8,17.5,17.487,24.86,6,0.57,6.1,37.90098,-93.31726,251.2,145.3,7.26,-41.1,12.1,0,17.452
2:27:15 PM,5/21/2026,260521-141240-184.bin,92,0,0.02,0.48,739.3,0.06,0.35,227.4,265.7,173,0.13,269,17.512,17.502,24.878,6.1,0.59,6.3,37.90098,-93.31726,251.3,145.2,7.26,-41.1,12.1,0,17.454
2:27:14 PM,5/21/2026,260521-141240-184.bin,92,0,-0.03,0.49,739.2,0.06,0.35,227.5,265.7,173,0.13,269,17.489,17.531,24.844,6.4,0.61,6.6,37.90098,-93.31726,251.4,145.2,7.26,-41.2,12.1,0,17.462
2:27:13 PM,5/21/2026,260521-141240-184.bin,92,0,-0.05,0.43,739.3,0.13,0.4,227.6,265.8,173,0.13,269.1,17.378,17.396,24.687,6.6,0.63,6.7,37.90098,-93.31726,251.4,145.1,7.26,-41.3,12.1,0,17.474
2:27:12 PM,5/21/2026,260521-141240-184.bin,92,0,-0.02,0.52,739.2,0.2,0.41,227.8,265.9,173,0.13,269.2,17.342,17.332,24.636,6.7,0.65,6.9,37.90098,-93.31726,251.5,144.8,7.27,-41.6,12.1,0,17.485
2:27:11 PM,5/21/2026,260521-141240-184.bin,92,0,0.11,0.6,739.2,0.17,0.38,227.9,266,173,0.13,269.3,17.338,17.345,24.63,6.9,0.66,7.1,37.90098,-93.31726,251.5,144.7,7.27,-41.6,12.1,0,17.497
2:27:10 PM,5/21/2026,260521-141240-184.bin,92,0,0.18,0.65,739.3,0.15,0.39,227.9,265.9,173,0.13,269.2,17.303,17.347,24.58,7.1,0.68,7.3,37.90098,-93.31726,251.4,144.8,7.27,-41.6,12.1,0,17.505
2:27:09 PM,5/21/2026,260521-141240-184.bin,92,0,0.11,0.6,739.2,0.17,0.37,227.8,265.8,173,0.13,269.1,17.265,17.261,24.526,7.3,0.69,7.5,37.90098,-93.31726,251.4,144.7,7.27,-41.7,12.1,0,17.513
2:27:08 PM,5/21/2026,260521-141240-184.bin,92,0,0.11,0.56,739.2,0.14,0.34,227.9,265.9,173,0.13,269.2,17.24,17.199,24.49,7.4,0.71,7.7,37.90097,-93.31726,251.4,144.6,7.27,-41.8,12.1,0,17.517
2:27:07 PM,5/21/2026,260521-141240-184.bin,92,0,0.08,0.62,739.2,0.1,0.36,228,266,173,0.13,269.3,17.265,17.274,24.527,7.6,0.72,7.8,37.90097,-93.31726,251.3,144.5,7.28,-41.9,12.1,0,17.519
2:27:06 PM,5/21/2026,260521-141240-184.bin,92,0,0.01,0.61,739.2,0.1,0.4,227.9,265.9,173,0.13,269.2,17.25,17.279,24.505,7.7,0.74,7.9,37.90097,-93.31726,251.3,144.4,7.28,-42,12.1,0,17.527
2:27:05 PM,5/21/2026,260521-141240-184.bin,92,0,-0.01,0.6,739.1,0.09,0.4,228.2,266.1,173,0.13,269.4,17.19,17.188,24.421,7.8,0.74,8,37.90097,-93.31727,251.3,144.4,7.28,-42,12.1,0,17.535
2:27:04 PM,5/21/2026,260521-141240-184.bin,92,0,0.01,0.62,739.3,0.09,0.37,228.3,266.2,173,0.13,269.5,17.167,17.151,24.387,7.9,0.76,8.1,37.90097,-93.31727,251.2,144.6,7.28,-41.9,12.1,0,17.539
2:27:03 PM,5/21/2026,260521-141240-184.bin,92,0,0.07,0.65,739.2,0.13,0.41,228.1,266,173,0.13,269.3,17.157,17.191,24.374,8,0.77,8.3,37.90097,-93.31727,251.3,144.7,7.27,-41.8,12.1,0,17.541
2:27:02 PM,5/21/2026,260521-141240-184.bin,92,0,0.13,0.65,739.4,0.18,0.41,228,265.9,173,0.13,269.2,17.137,17.162,24.344,8.2,0.78,8.4,37.90097,-93.31727,251.3,144.9,7.27,-41.5,12.1,0,17.542
2:27:01 PM,5/21/2026,260521-141240-184.bin,92,0,0.18,0.64,739.4,0.21,0.36,228,265.9,173,0.13,269.2,17.112,17.109,24.309,8.3,0.79,8.5,37.90097,-93.31727,251.3,145.1,7.27,-41.3,12.1,0,17.548
2:27:00 PM,5/21/2026,260521-141240-184.bin,92,0,0.22,0.64,739.3,0.17,0.37,228.1,265.9,173,0.13,269.2,17.077,17.091,24.26,8.4,0.81,8.7,37.90097,-93.31727,251.4,145.2,7.26,-41.3,12.1,0,17.552
2:26:59 PM,5/21/2026,260521-141240-184.bin,92,0,0.26,0.57,739.3,0.13,0.41,228.1,265.9,173,0.13,269.2,17.05,17.045,24.221,8.6,0.82,8.8,37.90097,-93.31727,251.3,145,7.27,-41.5,12.1,0,17.552
2:26:58 PM,5/21/2026,260521-141240-184.bin,92,0,0.16,0.63,739.2,0.16,0.42,228,265.8,173,0.13,269.1,17.055,17.05,24.228,8.7,0.83,8.9,37.90097,-93.31727,251.3,144.8,7.27,-41.7,12.1,0,17.555
2:26:57 PM,5/21/2026,260521-141240-184.bin,92,0,0.14,0.6,739.2,0.18,0.4,228.2,266,173,0.13,269.3,17.036,17.029,24.2,8.8,0.84,9.1,37.90097,-93.31727,251.3,145,7.27,-41.5,12.1,0,17.562
2:26:56 PM,5/21/2026,260521-141240-184.bin,92,0,0.19,0.45,739.3,0.17,0.39,228.3,266.1,173,0.13,269.3,17.02,17.026,24.179,8.9,0.85,9.2,37.90096,-93.31727,251.3,145.1,7.27,-41.5,12.1,0,17.565
2:26:55 PM,5/21/2026,260521-141240-184.bin,92,0,0.17,0.55,739.3,0.13,0.38,228.3,266.1,173,0.13,269.3,17.002,17.003,24.153,9.1,0.86,9.3,37.90096,-93.31727,251.4,145.1,7.27,-41.5,12.1,0,17.57
2:26:54 PM,5/21/2026,260521-141240-184.bin,92,0,0.2,0.53,739.4,0.11,0.36,228.4,266.1,173,0.13,269.4,17.009,17.009,24.163,9.2,0.88,9.5,37.90096,-93.31727,251.4,145.1,7.27,-41.5,12.1,0,17.572
2:26:53 PM,5/21/2026,260521-141240-184.bin,92,0,0.18,0.55,739.2,0.07,0.36,228.3,266.1,173,0.13,269.4,16.987,17.024,24.132,9.4,0.89,9.6,37.90096,-93.31727,251.4,145.2,7.27,-41.4,12.1,0,17.573
2:26:52 PM,5/21/2026,260521-141240-184.bin,92,0,0.15,0.58,739.3,0.04,0.38,228.3,266,173,0.13,269.3,16.935,16.931,24.057,9.5,0.91,9.8,37.90096,-93.31727,251.4,145.3,7.27,-41.4,12.1,0,17.579
2:26:51 PM,5/21/2026,260521-141240-184.bin,92,0,0.18,0.6,739.3,0.06,0.38,228.4,266.1,173,0.13,269.4,16.91,16.896,24.022,9.7,0.92,9.9,37.90096,-93.31727,251.4,145.2,7.27,-41.5,12.1,0,17.589
2:26:50 PM,5/21/2026,260521-141240-184.bin,92,0,0.19,0.59,739.2,0.05,0.35,228.6,266.2,173,0.13,269.5,16.934,16.94,24.056,9.8,0.93,10.1,37.90096,-93.31727,251.5,145.2,7.27,-41.5,12.1,0,17.6
2:26:49 PM,5/21/2026,260521-141240-184.bin,92,0,0.11,0.49,739.3,0.04,0.37,228.6,266.2,173,0.13,269.5,16.908,16.943,24.019,9.9,0.95,10.2,37.90096,-93.31727,251.5,145.3,7.27,-41.3,12.1,0,17.603
2:26:48 PM,5/21/2026,260521-141240-184.bin,92,0,0.07,0.5,739.4,0.05,0.38,228.6,266.2,173,0.13,269.4,16.874,16.864,23.97,10.1,0.96,10.4,37.90096,-93.31727,251.5,145.4,7.27,-41.3,12.1,0,17.603
2:26:47 PM,5/21/2026,260521-141240-184.bin,92,0,0.05,0.56,739.2,0.04,0.4,228.6,266.2,173,0.13,269.5,16.855,16.829,23.944,10.2,0.98,10.5,37.90096,-93.31727,251.5,145.3,7.27,-41.4,12.1,0,17.605
2:26:46 PM,5/21/2026,260521-141240-184.bin,92,0,0.03,0.52,739.3,0.04,0.41,228.6,266.2,173,0.13,269.5,16.863,16.88,23.956,10.4,1,10.7,37.90095,-93.31728,251.5,145.2,7.27,-41.4,12.1,0,17.605
2:26:45 PM,5/21/2026,260521-141240-184.bin,92,0,0.03,0.43,739.2,0.03,0.35,228.5,266.2,173,0.13,269.4,16.818,16.853,23.892,10.6,1.01,10.9,37.90095,-93.31728,251.5,145.2,7.27,-41.5,12.1,0,17.602
2:26:44 PM,5/21/2026,260521-141240-184.bin,92,0,0.02,0.4,739.2,0,0.37,228.6,266.2,173,0.13,269.5,16.803,16.791,23.869,10.8,1.03,11.2,37.90095,-93.31728,251.6,145.2,7.27,-41.6,12.1,0,17.604
2:26:43 PM,5/21/2026,260521-141240-184.bin,92,0,0.04,0.44,739.3,0.03,0.42,228.7,266.2,173,0.13,269.5,16.774,16.789,23.828,11,1.05,11.4,37.90095,-93.31728,251.6,145,7.27,-41.8,12.1,0,17.611
2:26:42 PM,5/21/2026,260521-141240-184.bin,92,0,0.07,0.58,739.2,0.08,0.41,228.7,266.2,173,0.13,269.5,16.751,16.791,23.796,11.3,1.07,11.6,37.90095,-93.31728,251.5,144.6,7.28,-42.2,12.1,0,17.621
2:26:41 PM,5/21/2026,260521-141240-184.bin,92,0,-0.01,0.59,739.3,0.09,0.4,228.6,266.1,173,0.13,269.3,16.696,16.728,23.717,11.5,1.09,11.8,37.90095,-93.31728,251.5,144.3,7.28,-42.4,12.1,0,17.626
2:26:40 PM,5/21/2026,260521-141240-184.bin,92,0,-0.04,0.48,739.2,0.13,0.4,228.6,266,173,0.13,269.3,16.672,16.658,23.684,11.7,1.11,12,37.90095,-93.31728,251.4,144.3,7.29,-42.4,12.1,0,17.631
2:26:39 PM,5/21/2026,260521-141240-184.bin,92,0,-0.01,0.46,739.3,0.1,0.36,228.7,266.2,173,0.13,269.4,16.641,16.635,23.64,11.8,1.13,12.2,37.90094,-93.31728,251.4,144.2,7.29,-42.5,12.1,0,17.633
2:26:38 PM,5/21/2026,260521-141240-184.bin,92,0,0.02,0.54,739.3,0.05,0.34,228.8,266.2,173,0.13,269.5,16.606,16.633,23.589,12,1.14,12.3,37.90094,-93.31728,251.4,144.1,7.29,-42.6,12.1,0,17.651
2:26:37 PM,5/21/2026,260521-141240-184.bin,92,0,0.01,0.52,739.2,0.08,0.37,229.2,266.5,173,0.13,269.8,16.576,16.579,23.547,12.1,1.15,12.5,37.90094,-93.31728,251.5,144.1,7.29,-42.6,12.1,0,17.673
2:26:36 PM,5/21/2026,260521-141240-184.bin,92,0,0.04,0.45,739.2,0.13,0.4,229.4,266.7,173,0.13,269.9,16.558,16.569,23.521,12.2,1.17,12.6,37.90094,-93.31728,251.5,144.2,7.29,-42.5,12.1,0,17.676
2:26:35 PM,5/21/2026,260521-141240-184.bin,92,0,0.05,0.47,739.2,0.15,0.4,229.3,266.6,173,0.13,269.9,16.556,16.563,23.519,12.3,1.17,12.7,37.90094,-93.31728,251.5,144.2,7.29,-42.5,12.1,0,17.676
2:26:34 PM,5/21/2026,260521-141240-184.bin,92,0,0.03,0.49,739.3,0.18,0.37,229.4,266.6,173,0.13,269.8,16.519,16.502,23.465,12.5,1.19,12.8,37.90094,-93.31728,251.5,144.3,7.29,-42.5,12.1,0,17.69
2:26:33 PM,5/21/2026,260521-141240-184.bin,92,0,0.08,0.51,739.3,0.18,0.4,229.3,266.4,173,0.13,269.7,16.536,16.53,23.49,12.6,1.2,12.9,37.90094,-93.31727,251.5,144.3,7.29,-42.5,12.1,0,17.701
2:26:32 PM,5/21/2026,260521-141240-184.bin,92,0,0.08,0.55,739.3,0.17,0.39,229.2,266.4,173,0.13,269.6,16.555,16.578,23.517,12.7,1.21,13,37.90094,-93.31727,251.5,144.2,7.29,-42.6,12.1,0,17.702
2:26:31 PM,5/21/2026,260521-141240-184.bin,92,0,0.08,0.55,739.3,0.19,0.36,229.1,266.2,173,0.13,269.4,16.524,16.536,23.473,12.8,1.22,13.2,37.90094,-93.31727,251.6,144.2,7.29,-42.7,12.1,0,17.708
2:26:30 PM,5/21/2026,260521-141240-184.bin,92,0,0.19,0.49,739.2,0.17,0.38,229,266,173,0.13,269.2,16.47,16.456,23.396,13,1.23,13.3,37.90094,-93.31727,251.7,144.2,7.29,-42.7,12.1,0,17.722
2:26:29 PM,5/21/2026,260521-141240-184.bin,92,0,0.18,0.46,739.2,0.15,0.33,229.1,266,173,0.13,269.2,16.489,16.492,23.423,13.1,1.24,13.4,37.90094,-93.31728,251.7,144.1,7.29,-42.8,12.1,0,17.733
2:26:28 PM,5/21/2026,260521-141240-184.bin,92,0,0.08,0.54,739.3,0.15,0.33,229.1,266.1,173,0.13,269.3,16.451,16.494,23.369,13.2,1.26,13.6,37.90093,-93.31728,251.7,144.1,7.29,-42.8,12.1,0,17.735
2:26:27 PM,5/21/2026,260521-141240-184.bin,92,0,0.11,0.68,739.3,0.13,0.39,229.1,266,173,0.13,269.2,16.417,16.411,23.321,13.3,1.27,13.7,37.90093,-93.31728,251.7,144.2,7.29,-42.8,12.1,0,17.733
2:26:26 PM,5/21/2026,260521-141240-184.bin,92,0,0.17,0.7,739.2,0.12,0.38,229.2,266.1,173,0.13,269.3,16.382,16.359,23.271,13.4,1.28,13.8,37.90093,-93.31727,251.7,144.2,7.29,-42.8,12.1,0,17.732
2:26:25 PM,5/21/2026,260521-141240-184.bin,92,0,0.14,0.53,739.2,0.1,0.39,229.1,266,173,0.13,269.2,16.376,16.398,23.263,13.5,1.29,13.9,37.90093,-93.31727,251.6,144.2,7.29,-42.8,12.1,0,17.735
2:26:24 PM,5/21/2026,260521-141240-184.bin,92,0,0.11,0.51,739.2,0.09,0.39,229.1,266,173,0.13,269.2,16.308,16.359,23.166,13.7,1.3,14.1,37.90093,-93.31727,251.6,144.2,7.29,-42.8,12.1,0,17.741
2:26:23 PM,5/21/2026,260521-141240-184.bin,92,0,0.06,0.62,739.3,0.06,0.41,229.2,266.1,173,0.13,269.3,16.287,16.262,23.136,13.8,1.31,14.2,37.90093,-93.31727,251.6,144.2,7.29,-42.9,12.1,0,17.74
2:26:22 PM,5/21/2026,260521-141240-184.bin,92,0,0.04,0.55,739.3,0.02,0.41,229.2,266.1,173,0.13,269.3,16.288,16.27,23.138,13.9,1.32,14.3,37.90093,-93.31727,251.6,144.2,7.29,-42.9,12.1,0,17.74
2:26:21 PM,5/21/2026,260521-141240-184.bin,92,0,0.03,0.49,739.3,0.05,0.35,229.3,266.2,173,0.13,269.4,16.289,16.31,23.139,14,1.34,14.4,37.90093,-93.31727,251.6,144.2,7.29,-42.9,12.1,0,17.741
2:26:20 PM,5/21/2026,260521-141240-184.bin,92,0,0.02,0.51,739.3,0.08,0.33,229.3,266.2,173,0.13,269.5,16.27,16.302,23.112,14.1,1.35,14.6,37.90093,-93.31727,251.6,144.2,7.3,-43,12.1,0,17.745
2:26:19 PM,5/21/2026,260521-141240-184.bin,92,0,0.05,0.59,739.2,0.1,0.37,229.3,266.2,173,0.13,269.4,16.242,16.235,23.072,14.3,1.36,14.7,37.90092,-93.31727,251.6,144,7.3,-43.2,12.1,0,17.746
2:26:18 PM,5/21/2026,260521-141240-184.bin,92,0,0.06,0.71,739.3,0.16,0.44,229.4,266.2,173,0.13,269.5,16.214,16.206,23.032,14.5,1.38,14.9,37.90092,-93.31727,251.6,144,7.3,-43.3,12.1,0,17.746
2:26:17 PM,5/21/2026,260521-141240-184.bin,92,0,0.05,0.65,739.2,0.17,0.43,229.4,266.3,173,0.13,269.5,16.189,16.216,22.997,14.6,1.39,15,37.90092,-93.31727,251.6,143.8,7.3,-43.5,12.1,0,17.747
2:26:16 PM,5/21/2026,260521-141240-184.bin,92,0,0.09,0.61,739.3,0.19,0.42,229.4,266.3,173,0.13,269.5,16.176,16.171,22.978,14.8,1.41,15.2,37.90092,-93.31727,251.5,143.8,7.31,-43.6,12.1,0,17.748
2:26:15 PM,5/21/2026,260521-141240-184.bin,92,0,0.13,0.54,739.3,0.21,0.4,229.4,266.3,173,0.13,269.5,16.169,16.182,22.969,14.9,1.42,15.3,37.90092,-93.31727,251.5,143.8,7.31,-43.7,12.1,0,17.751
2:26:14 PM,5/21/2026,260521-141240-184.bin,92,0,0.12,0.49,739.3,0.15,0.4,229.5,266.4,173,0.13,269.6,16.131,16.144,22.914,15,1.43,15.4,37.90092,-93.31728,251.5,143.7,7.31,-43.7,12.1,0,17.755
2:26:13 PM,5/21/2026,260521-141240-184.bin,92,0,0.12,0.55,739.3,0.15,0.41,229.6,266.4,173,0.13,269.6,16.084,16.073,22.848,15.1,1.44,15.6,37.90092,-93.31728,251.4,143.7,7.31,-43.8,12.1,0,17.766
2:26:12 PM,5/21/2026,260521-141240-184.bin,92,0,0.08,0.59,739.4,0.16,0.39,229.5,266.3,173,0.13,269.5,16.104,16.113,22.876,15.3,1.45,15.7,37.90092,-93.31728,251.4,143.6,7.31,-44,12.1,0,17.779
2:26:11 PM,5/21/2026,260521-141240-184.bin,92,0,0.04,0.68,739.4,0.1,0.41,229.6,266.3,173,0.13,269.6,16.075,16.111,22.834,15.4,1.46,15.9,37.90092,-93.31728,251.3,143.2,7.32,-44.4,12.1,0,17.781
2:26:10 PM,5/21/2026,260521-141240-184.bin,92,0,0.01,0.66,739.4,0.07,0.39,229.6,266.3,173,0.13,269.5,16.05,16.034,22.799,15.6,1.48,16,37.90092,-93.31728,251.2,143.1,7.32,-44.5,12.1,0,17.786
2:26:09 PM,5/21/2026,260521-141240-184.bin,92,0,-0.01,0.55,739.3,0.04,0.4,229.7,266.4,173,0.13,269.6,16.009,15.994,22.741,15.7,1.49,16.2,37.90092,-93.31728,251.1,143.2,7.32,-44.4,12.1,0,17.794
2:26:08 PM,5/21/2026,260521-141240-184.bin,92,0,-0.03,0.57,739.3,0.06,0.49,229.7,266.4,173,0.13,269.6,16.034,16.038,22.777,15.9,1.51,16.4,37.90092,-93.31728,250.9,143.3,7.32,-44.4,12.1,0,17.795
2:26:07 PM,5/21/2026,260521-141240-184.bin,92,0,-0.05,0.63,739.2,0.14,0.49,229.7,266.4,173,0.13,269.6,16.012,16.041,22.746,16.1,1.53,16.5,37.90092,-93.31728,250.9,143.2,7.32,-44.5,12.1,0,17.794
2:26:06 PM,5/21/2026,260521-141240-184.bin,92,0,0.03,0.55,739.2,0.17,0.38,229.7,266.4,173,0.13,269.6,15.987,15.973,22.71,16.3,1.55,16.7,37.90092,-93.31728,250.9,143.2,7.32,-44.6,12.1,0,17.798
2:26:05 PM,5/21/2026,260521-141240-184.bin,92,0,0.14,0.52,739.2,0.19,0.35,229.8,266.4,173,0.13,269.6,15.952,15.929,22.66,16.5,1.57,17,37.90092,-93.31728,250.9,143.2,7.32,-44.7,12.1,0,17.806
2:26:04 PM,5/21/2026,260521-141240-184.bin,92,0,0.26,0.57,739.2,0.19,0.37,230,266.6,173,0.13,269.8,15.955,15.973,22.665,16.8,1.59,17.2,37.90092,-93.31728,250.9,143.2,7.32,-44.7,12.1,0,17.812
2:26:03 PM,5/21/2026,260521-141240-184.bin,92,0,0.17,0.61,739.3,0.15,0.36,230,266.6,173,0.13,269.8,15.907,15.945,22.596,17,1.61,17.5,37.90092,-93.31728,250.9,143.2,7.33,-44.8,12.1,0,17.81
2:26:02 PM,5/21/2026,260521-141240-184.bin,92,0,0.15,0.61,739.2,0.19,0.37,229.9,266.5,173,0.13,269.7,15.879,15.87,22.556,17.3,1.64,17.8,37.90092,-93.31728,250.8,143.2,7.33,-44.8,12.1,0,17.812
2:26:01 PM,5/21/2026,260521-141240-184.bin,92,0,0.16,0.79,739.3,0.18,0.4,229.8,266.3,173,0.13,269.5,15.849,15.843,22.514,17.5,1.66,18,37.90092,-93.31728,250.8,143.3,7.33,-44.7,12.1,0,17.818
2:26:00 PM,5/21/2026,260521-141240-184.bin,92,0,0.04,0.72,739.2,0.14,0.4,229.8,266.3,173,0.13,269.4,15.815,15.856,22.465,17.8,1.69,18.3,37.90092,-93.31728,250.6,143.4,7.33,-44.7,12.1,0,17.839
2:25:59 PM,5/21/2026,260521-141240-184.bin,92,0,0.01,0.46,739.2,0.09,0.34,229.8,266.1,173,0.13,269.3,15.78,15.81,22.415,18.1,1.72,18.6,37.90092,-93.31728,250.6,143.4,7.32,-44.7,12.1,0,17.859
2:25:58 PM,5/21/2026,260521-141240-184.bin,92,0,0.04,0.44,739.2,0.07,0.31,229.9,266.2,173,0.13,269.3,15.761,15.754,22.388,18.4,1.75,19,37.90092,-93.31728,250.5,143.5,7.32,-44.7,12.1,0,17.861
2:25:57 PM,5/21/2026,260521-141240-184.bin,92,0,0.01,0.53,739.2,0.09,0.38,230,266.3,173,0.13,269.5,15.741,15.742,22.36,18.7,1.78,19.3,37.90092,-93.31728,250.4,143.5,7.33,-44.8,12.1,0,17.859
2:25:56 PM,5/21/2026,260521-141240-184.bin,92,0,-0.01,0.56,739.2,0.1,0.38,230,266.4,173,0.13,269.5,15.72,15.726,22.331,19.1,1.81,19.6,37.90092,-93.31728,250.4,143.5,7.33,-44.8,12.1,0,17.858
2:25:55 PM,5/21/2026,260521-141240-184.bin,92,0,0.01,0.51,739.3,0.13,0.32,230.2,266.5,173,0.13,269.6,15.725,15.725,22.337,19.3,1.84,19.9,37.90092,-93.31728,250.4,143.4,7.33,-44.9,12.1,0,17.868
2:25:54 PM,5/21/2026,260521-141240-184.bin,92,0,0.15,0.47,739.4,0.16,0.32,230.2,266.4,173,0.13,269.6,15.715,15.746,22.324,19.7,1.87,20.2,37.90092,-93.31728,250.5,143.3,7.33,-45.1,12.1,0,17.876
2:25:53 PM,5/21/2026,260521-141240-184.bin,92,0,0.15,0.58,739.2,0.2,0.4,230.1,266.3,173,0.13,269.4,15.686,15.696,22.282,19.9,1.89,20.5,37.90092,-93.31728,250.5,143.2,7.34,-45.3,12.1,0,17.881
2:25:52 PM,5/21/2026,260521-141240-184.bin,92,0,0.14,0.47,739.2,0.16,0.37,230.2,266.2,173,0.13,269.4,15.657,15.631,22.241,20.2,1.91,20.8,37.90092,-93.31728,250.5,143.1,7.34,-45.5,12.1,0,17.902
2:25:51 PM,5/21/2026,260521-141240-184.bin,92,0,0.2,0.49,739.3,0.09,0.37,230.3,266.3,173,0.13,269.5,15.651,15.659,22.233,20.4,1.93,21,37.90092,-93.31728,250.5,143,7.34,-45.7,12.1,0,17.916
2:25:50 PM,5/21/2026,260521-141240-184.bin,92,0,0.08,0.71,739.2,0.05,0.41,230.2,266.2,173,0.13,269.4,15.623,15.671,22.193,20.6,1.95,21.2,37.90092,-93.31728,250.5,142.9,7.34,-45.8,12.1,0,17.916
2:25:49 PM,5/21/2026,260521-141240-184.bin,92,0,0.02,0.67,739.2,0.06,0.42,230.2,266.2,173,0.13,269.3,15.592,15.58,22.148,20.8,1.97,21.4,37.90092,-93.31728,250.5,143,7.34,-45.8,12.1,0,17.921
2:25:48 PM,5/21/2026,260521-141240-184.bin,92,0,0.01,0.66,739.4,0.09,0.42,230.2,266.2,173,0.13,269.3,15.566,15.533,22.112,21,1.99,21.6,37.90092,-93.31728,250.6,143,7.34,-45.8,12.1,0,17.931
2:25:47 PM,5/21/2026,260521-141240-184.bin,92,0,0.02,0.57,739.2,0.1,0.36,230.4,266.3,173,0.13,269.5,15.571,15.579,22.118,21.2,2.01,21.8,37.90092,-93.31728,250.6,142.9,7.35,-45.9,12.1,0,17.939
2:25:46 PM,5/21/2026,260521-141240-184.bin,92,0,0.09,0.59,739.2,0.17,0.33,230.6,266.5,173,0.13,269.7,15.529,15.561,22.059,21.4,2.03,22,37.90092,-93.31728,250.6,142.8,7.35,-46.1,12.1,0,17.943
2:25:45 PM,5/21/2026,260521-141240-184.bin,92,0,0.11,0.61,739.2,0.23,0.36,230.7,266.6,173,0.13,269.8,15.516,15.496,22.04,21.6,2.04,22.2,37.90092,-93.31728,250.7,142.7,7.35,-46.3,12.1,0,17.951
2:25:44 PM,5/21/2026,260521-141240-184.bin,92,0,0.17,0.43,739.2,0.21,0.39,230.7,266.5,173,0.13,269.6,15.475,15.47,21.982,21.8,2.06,22.4,37.90092,-93.31728,250.8,142.6,7.36,-46.5,12.1,0,17.961
2:25:43 PM,5/21/2026,260521-141240-184.bin,92,0,0.16,0.59,739.2,0.13,0.39,230.6,266.3,173,0.13,269.5,15.453,15.489,21.951,22,2.08,22.6,37.90092,-93.31728,250.8,142.6,7.36,-46.5,12.1,0,17.969
2:25:42 PM,5/21/2026,260521-141240-184.bin,92,0,0.08,0.83,739.2,0.08,0.45,230.5,266.3,173,0.13,269.4,15.421,15.449,21.905,22.2,2.1,22.8,37.90092,-93.31728,250.8,142.6,7.36,-46.6,12.1,0,17.967
2:25:41 PM,5/21/2026,260521-141240-184.bin,92,0,-0.03,0.76,739.2,0.06,0.44,230.4,266.1,173,0.13,269.3,15.413,15.402,21.894,22.4,2.12,23,37.90092,-93.31728,250.9,142.6,7.36,-46.8,12.1,0,17.968
2:25:40 PM,5/21/2026,260521-141240-184.bin,92,0,-0.02,0.58,739.3,0.07,0.4,230.4,266.1,173,0.13,269.3,15.404,15.391,21.881,22.6,2.14,23.2,37.90092,-93.31728,250.9,142.5,7.36,-46.9,12.1,0,17.974
2:25:39 PM,5/21/2026,260521-141240-184.bin,92,0,0.03,0.52,739.2,0.13,0.38,230.6,266.3,173,0.13,269.4,15.376,15.406,21.841,22.8,2.15,23.4,37.90092,-93.31728,251,142.5,7.36,-46.9,12.1,0,17.986
2:25:38 PM,5/21/2026,260521-141240-184.bin,92,0,0.09,0.43,739.2,0.17,0.39,230.7,266.3,173,0.13,269.5,15.348,15.365,21.801,23,2.17,23.6,37.90092,-93.31728,251,142.7,7.36,-46.7,12.1,0,17.994
2:25:37 PM,5/21/2026,260521-141240-184.bin,92,0,0.13,0.54,739.3,0.2,0.37,230.8,266.4,173,0.13,269.5,15.328,15.327,21.773,23.2,2.19,23.8,37.90092,-93.31728,251,142.9,7.36,-46.6,12.1,0,17.997
2:25:36 PM,5/21/2026,260521-141240-184.bin,92,0,0.15,0.59,739.1,0.17,0.35,230.8,266.4,173,0.13,269.5,15.301,15.319,21.734,23.4,2.21,24.1,37.90092,-93.31728,251,143,7.36,-46.6,12.1,0,18.003
2:25:35 PM,5/21/2026,260521-141240-184.bin,92,0,0.21,0.61,739.3,0.1,0.33,230.7,266.2,173,0.13,269.3,15.255,15.261,21.668,23.6,2.23,24.3,37.90092,-93.31728,250.9,143,7.36,-46.6,12.1,0,18.013
2:25:34 PM,5/21/2026,260521-141240-184.bin,92,0,0.16,0.63,739.2,0.07,0.36,230.5,266,173,0.13,269.1,15.258,15.256,21.674,23.8,2.25,24.5,37.90092,-93.31728,250.9,143,7.36,-46.7,12.1,0,18.026
2:25:33 PM,5/21/2026,260521-141240-184.bin,92,0,0.06,0.67,739.3,0.08,0.4,230.6,266,173,0.13,269.1,15.217,15.259,21.616,24,2.27,24.7,37.90092,-93.31728,250.7,142.8,7.36,-47,12.1,0,18.035
2:25:32 PM,5/21/2026,260521-141240-184.bin,92,0,0,0.59,739.2,0.15,0.41,230.7,266.1,173,0.13,269.2,15.147,15.162,21.515,24.2,2.29,24.9,37.90092,-93.31728,250.6,142.7,7.37,-47.1,12.1,0,18.044
2:25:31 PM,5/21/2026,260521-141240-184.bin,92,0,0.04,0.45,739.3,0.2,0.4,230.8,266.1,173,0.13,269.2,15.112,15.094,21.466,24.4,2.31,25.1,37.90092,-93.31728,250.5,142.7,7.37,-47.2,12.1,0,18.051
2:25:30 PM,5/21/2026,260521-141240-184.bin,92,0,0.08,0.53,739.3,0.19,0.37,230.7,266,173,0.13,269.1,15.157,15.144,21.53,24.6,2.33,25.3,37.90092,-93.31728,250.4,142.5,7.37,-47.5,12.1,0,18.055
2:25:29 PM,5/21/2026,260521-141240-184.bin,92,0,0.12,0.5,739.2,0.16,0.37,230.7,265.9,173,0.13,269,15.114,15.169,21.469,24.8,2.35,25.5,37.90092,-93.31728,250.4,142.4,7.38,-47.6,12.1,0,18.069
2:25:28 PM,5/21/2026,260521-141240-184.bin,92,0,0.13,0.47,739.3,0.13,0.36,230.8,265.9,173,0.13,269,15.054,15.046,21.383,25.1,2.37,25.8,37.90092,-93.31728,250.4,142.4,7.38,-47.7,12.1,0,18.079
2:25:27 PM,5/21/2026,260521-141240-184.bin,92,0,0.11,0.48,739.2,0.1,0.35,230.8,266,173,0.13,269.1,15.006,15,21.315,25.4,2.4,26.1,37.90092,-93.31728,250.4,142.4,7.38,-47.8,12.1,0,18.078
2:25:26 PM,5/21/2026,260521-141240-184.bin,92,0,0.04,0.47,739.3,0.03,0.36,231.1,266.3,173,0.13,269.4,14.984,15.024,21.284,25.7,2.42,26.4,37.90092,-93.31728,250.3,142.3,7.38,-48,12.1,0,18.083
2:25:25 PM,5/21/2026,260521-141240-184.bin,92,0,-0.01,0.5,739.2,0.05,0.3,231.3,266.4,173,0.13,269.5,14.906,14.976,21.173,25.9,2.45,26.7,37.90092,-93.31728,250.3,142.2,7.39,-48.2,12.1,0,18.099
2:25:24 PM,5/21/2026,260521-141240-184.bin,92,0,0,0.62,739.4,0.12,0.33,231.3,266.3,173,0.13,269.4,14.829,14.848,21.064,26.2,2.47,26.9,37.90092,-93.31728,250.2,142.1,7.39,-48.4,12.1,0,18.114
2:25:23 PM,5/21/2026,260521-141240-184.bin,92,0,0.03,0.65,739.2,0.13,0.4,231.2,266.2,173,0.13,269.3,14.797,14.783,21.018,26.4,2.49,27.1,37.90092,-93.31728,250.1,142.3,7.39,-48.3,12.1,0,18.112
2:25:22 PM,5/21/2026,260521-141240-184.bin,92,0,0.14,0.52,739.3,0.21,0.4,231.2,266.2,173,0.13,269.3,14.782,14.813,20.997,26.6,2.51,27.4,37.90092,-93.31728,250.2,142.4,7.39,-48.3,12.1,0,18.114
2:25:21 PM,5/21/2026,260521-141240-184.bin,92,0,0.22,0.47,739.3,0.22,0.4,231.2,266.1,173,0.13,269.2,14.732,14.768,20.926,26.8,2.53,27.6,37.90092,-93.31727,250.2,142.4,7.39,-48.4,12.1,0,18.121
2:25:20 PM,5/21/2026,260521-141240-184.bin,92,0,0.16,0.52,739.3,0.11,0.39,231.2,266,173,0.13,269.1,14.689,14.687,20.865,27,2.55,27.8,37.90092,-93.31727,250.2,142.3,7.39,-48.5,12.1,0,18.14
2:25:19 PM,5/21/2026,260521-141240-184.bin,92,0,0.04,0.57,739.3,0.07,0.38,231.5,266.3,173,0.13,269.3,14.629,14.627,20.78,27.2,2.57,28,37.90092,-93.31727,250.4,142.2,7.39,-48.7,12.1,0,18.157
2:25:18 PM,5/21/2026,260521-141240-184.bin,92,0,0,0.71,739.3,0.05,0.37,231.6,266.4,173,0.13,269.5,14.601,14.608,20.74,27.4,2.59,28.2,37.90092,-93.31727,250.4,142.2,7.4,-48.8,12.1,0,18.16
2:25:17 PM,5/21/2026,260521-141240-184.bin,92,0,0.02,0.68,739.4,0.06,0.36,231.5,266.3,173,0.13,269.4,14.598,14.596,20.735,27.7,2.61,28.5,37.90092,-93.31727,250.5,142.1,7.4,-49.1,12.1,0,18.163
2:25:16 PM,5/21/2026,260521-141240-184.bin,92,0,0.04,0.44,739.2,0.14,0.31,231.5,266.3,173,0.13,269.3,14.583,14.575,20.714,27.9,2.63,28.7,37.90092,-93.31727,250.5,142,7.4,-49.1,12.1,0,18.164
2:25:15 PM,5/21/2026,260521-141240-184.bin,92,0,0.14,0.43,739.3,0.17,0.32,231.4,266.2,173,0.13,269.2,14.541,14.566,20.654,28.1,2.65,28.9,37.90092,-93.31727,250.4,142,7.4,-49.2,12.1,0,18.171
2:25:14 PM,5/21/2026,260521-141240-184.bin,92,0,0.21,0.54,739.3,0.17,0.4,231.4,266.1,173,0.13,269.1,14.48,14.476,20.567,28.3,2.67,29.1,37.90092,-93.31728,250.4,141.8,7.41,-49.6,12.1,0,18.181
2:25:13 PM,5/21/2026,260521-141240-184.bin,92,0,0.2,0.48,739.3,0.13,0.38,231.5,266.1,173,0.13,269.1,14.465,14.484,20.546,28.5,2.68,29.3,37.90092,-93.31728,250.5,141.6,7.41,-49.8,12.1,0,18.193
2:25:12 PM,5/21/2026,260521-141240-184.bin,92,0,0.16,0.45,739.3,0.08,0.35,231.6,266,173,0.13,269.1,14.427,14.461,20.492,28.6,2.7,29.5,37.90092,-93.31728,250.5,141.4,7.42,-50.1,12.1,0,18.212
2:25:11 PM,5/21/2026,260521-141240-184.bin,92,0,0.11,0.55,739.2,0.08,0.38,231.7,266.1,173,0.13,269.1,14.355,14.385,20.389,28.7,2.71,29.6,37.90092,-93.31728,250.5,141.3,7.42,-50.2,12.1,0,18.23
2:25:10 PM,5/21/2026,260521-141240-184.bin,92,0,0.06,0.54,739.3,0.08,0.36,231.9,266.1,173,0.13,269.2,14.289,14.28,20.296,28.9,2.72,29.7,37.90092,-93.31727,250.5,141.3,7.42,-50.2,12.1,0,18.257
2:25:09 PM,5/21/2026,260521-141240-184.bin,92,0,0.02,0.53,739.2,0.09,0.34,232.1,266.3,173,0.13,269.4,14.303,14.303,20.316,29,2.72,29.8,37.90092,-93.31727,250.5,141.2,7.42,-50.4,12.1,0,18.262
2:25:08 PM,5/21/2026,260521-141240-184.bin,92,0,0.06,0.56,739.2,0.13,0.38,232.2,266.5,173,0.13,269.5,14.274,14.317,20.275,29.1,2.73,29.9,37.90092,-93.31727,250.8,141.1,7.43,-50.5,12.1,0,18.258
2:25:07 PM,5/21/2026,260521-141240-184.bin,92,0,0.13,0.53,739.2,0.17,0.38,232.1,266.5,173,0.13,269.5,14.256,14.247,20.249,29.1,2.74,30,37.90092,-93.31727,250.8,141.1,7.43,-50.5,12.1,0,18.258
2:25:06 PM,5/21/2026,260521-141240-184.bin,92,0,0.18,0.51,739.3,0.2,0.38,232,266.2,173,0.13,269.3,14.216,14.207,20.192,29.2,2.75,30.1,37.90092,-93.31727,250.8,141.1,7.43,-50.6,12.1,0,18.268
2:25:05 PM,5/21/2026,260521-141240-184.bin,92,0,0.19,0.58,739.3,0.18,0.41,232.1,266.3,173,0.13,269.3,14.206,14.219,20.177,29.3,2.76,30.1,37.90092,-93.31727,250.8,141.1,7.43,-50.6,12.1,0,18.278
2:25:04 PM,5/21/2026,260521-141240-184.bin,92,0,0.16,0.6,739.2,0.12,0.41,232.2,266.4,173,0.13,269.4,14.164,14.209,20.118,29.4,2.77,30.2,37.90092,-93.31727,250.8,141.2,7.43,-50.6,12.1,0,18.282
2:25:03 PM,5/21/2026,260521-141240-184.bin,92,0,0.18,0.53,739.3,0.11,0.4,232.3,266.4,173,0.13,269.4,14.12,14.119,20.056,29.5,2.77,30.3,37.90092,-93.31727,250.8,141.3,7.43,-50.5,12.1,0,18.286
2:25:02 PM,5/21/2026,260521-141240-184.bin,92,0,0.15,0.5,739.2,0.09,0.38,232.2,266.3,173,0.13,269.3,14.083,14.1,20.003,29.5,2.78,30.4,37.90092,-93.31727,250.7,141.3,7.43,-50.6,12.1,0,18.288
2:25:01 PM,5/21/2026,260521-141240-184.bin,92,0,0.06,0.55,739.2,0.04,0.37,232,266.1,173,0.13,269.1,14.056,14.084,19.965,29.6,2.79,30.5,37.90092,-93.31727,250.7,141.3,7.43,-50.6,12.1,0,18.292
2:25:00 PM,5/21/2026,260521-141240-184.bin,92,0,0.1,0.77,739.2,0.03,0.37,231.9,266,173,0.13,269,14.039,14.033,19.94,29.7,2.79,30.6,37.90092,-93.31727,250.9,141.2,7.43,-50.6,12.1,0,18.294
2:24:59 PM,5/21/2026,260521-141240-184.bin,92,0,0.15,0.77,739.3,0.03,0.4,231.9,266,173,0.13,269,14.044,14.052,19.948,29.8,2.8,30.7,37.90092,-93.31727,250.9,141.1,7.43,-50.8,12.1,0,18.293
2:24:58 PM,5/21/2026,260521-141240-184.bin,92,0,0.12,0.71,739.3,0.03,0.46,232.1,266.2,173,0.13,269.2,14.012,14.033,19.903,29.9,2.81,30.8,37.90092,-93.31727,251,141.2,7.43,-50.8,12.1,0,18.293
2:24:57 PM,5/21/2026,260521-141240-184.bin,92,0,0.06,0.7,739.3,0.04,0.45,232.1,266.2,173,0.13,269.2,13.987,14.001,19.867,30.1,2.83,30.9,37.90092,-93.31727,251.1,141.3,7.43,-50.7,12.1,0,18.294
2:24:56 PM,5/21/2026,260521-141240-184.bin,92,0,0.07,0.48,739.3,0.06,0.39,232,266.1,173,0.13,269.1,13.965,13.961,19.836,30.2,2.84,31.1,37.90092,-93.31727,251.1,141.3,7.43,-50.7,12.1,0,18.296
2:24:55 PM,5/21/2026,260521-141240-184.bin,92,0,0.06,0.42,739.3,0.06,0.38,232,266.1,173,0.13,269.1,13.938,13.938,19.798,30.3,2.85,31.2,37.90092,-93.31727,251.1,141.5,7.43,-50.6,12.1,0,18.301
2:24:54 PM,5/21/2026,260521-141240-184.bin,92,0,0,0.41,739.2,0.04,0.37,232.2,266.2,173,0.13,269.2,13.869,13.899,19.7,30.5,2.87,31.4,37.90092,-93.31728,251.2,141.5,7.43,-50.7,12.1,0,18.306
2:24:53 PM,5/21/2026,260521-141240-184.bin,92,0,0.02,0.6,739.2,0.03,0.39,232.2,266.2,173,0.13,269.2,13.763,13.785,19.548,30.7,2.88,31.6,37.90092,-93.31728,251.2,141.5,7.43,-50.8,12.1,0,18.314
2:24:52 PM,5/21/2026,260521-141240-184.bin,92,0,0.06,0.8,739.2,0.07,0.38,232.2,266.1,173,0.13,269.1,13.752,13.756,19.533,30.9,2.9,31.7,37.90092,-93.31728,251.2,141.3,7.43,-51,12.1,0,18.323
2:24:51 PM,5/21/2026,260521-141240-184.bin,92,0,0.04,0.63,739.3,0.06,0.33,232.2,266.1,173,0.13,269.1,13.727,13.76,19.497,31,2.91,31.9,37.90092,-93.31728,251.3,141.3,7.44,-51.2,12.1,0,18.325
2:24:50 PM,5/21/2026,260521-141240-184.bin,92,0,0.03,0.62,739.3,0.05,0.36,232.4,266.3,173,0.13,269.4,13.654,13.672,19.394,31.1,2.92,32,37.90092,-93.31728,251.4,141.2,7.44,-51.3,12.1,0,18.33
2:24:49 PM,5/21/2026,260521-141240-184.bin,92,0,0.03,0.64,739.3,0.06,0.41,232.8,266.7,173,0.13,269.7,13.596,13.588,19.311,31.3,2.94,32.2,37.90092,-93.31728,251.5,141.3,7.44,-51.3,12.1,0,18.34
2:24:48 PM,5/21/2026,260521-141240-184.bin,92,0,0.02,0.48,739.3,0.04,0.41,232.7,266.5,173,0.13,269.5,13.604,13.613,19.323,31.4,2.95,32.3,37.90092,-93.31728,251.5,141.2,7.44,-51.4,12.1,0,18.353
2:24:47 PM,5/21/2026,260521-141240-184.bin,92,0,0.06,0.64,739.2,0.11,0.43,232.6,266.4,173,0.13,269.4,13.582,13.608,19.292,31.6,2.97,32.5,37.90092,-93.31728,251.4,141,7.45,-51.7,12.1,0,18.363
2:24:46 PM,5/21/2026,260521-141240-184.bin,92,0,0.08,0.73,739.3,0.12,0.42,232.6,266.4,173,0.13,269.4,13.555,13.546,19.253,31.8,2.99,32.7,37.90092,-93.31728,251.5,140.9,7.45,-51.9,12.1,0,18.361
2:24:45 PM,5/21/2026,260521-141240-184.bin,92,0,-0.02,0.56,739.3,0.12,0.37,232.6,266.4,173,0.13,269.4,13.553,13.515,19.251,32,3,32.9,37.90092,-93.31728,251.5,140.9,7.45,-51.8,12.1,0,18.36
2:24:44 PM,5/21/2026,260521-141240-184.bin,92,0,-0.05,0.55,739.2,0.14,0.38,232.4,266.1,173,0.13,269.1,13.576,13.584,19.283,32.3,3.03,33.2,37.90092,-93.31727,251.5,141,7.45,-51.8,12.1,0,18.362
2:24:43 PM,5/21/2026,260521-141240-184.bin,92,0,0.01,0.6,739.3,0.14,0.41,232.4,266.2,173,0.13,269.2,13.576,13.586,19.283,32.5,3.05,33.4,37.90092,-93.31728,251.5,141,7.45,-51.8,12.1,0,18.354
2:24:42 PM,5/21/2026,260521-141240-184.bin,92,0,0.03,0.67,739.2,0.14,0.44,232.5,266.4,173,0.13,269.4,13.548,13.566,19.244,32.7,3.07,33.7,37.90092,-93.31728,251.5,141,7.45,-51.8,12.1,0,18.351
2:24:41 PM,5/21/2026,260521-141240-184.bin,92,0,0.07,0.71,739.2,0.15,0.43,232.5,266.2,173,0.13,269.2,13.518,13.514,19.2,32.9,3.09,33.9,37.90092,-93.31728,251.4,140.9,7.45,-52,12.1,0,18.369
2:24:40 PM,5/21/2026,260521-141240-184.bin,92,0,0.08,0.63,739.2,0.21,0.43,232.5,266.1,173,0.13,269.1,13.497,13.503,19.171,33.1,3.11,34.1,37.90092,-93.31728,251.4,140.8,7.45,-52.1,12.1,0,18.39
2:24:39 PM,5/21/2026,260521-141240-184.bin,92,0,0.11,0.56,739.2,0.24,0.46,232.5,266,173,0.13,268.9,13.486,13.508,19.154,33.3,3.13,34.3,37.90092,-93.31728,251.4,140.8,7.45,-52.1,12.1,0,18.42
2:24:38 PM,5/21/2026,260521-141240-184.bin,92,0,0.15,0.65,739.3,0.21,0.45,232.5,265.9,173,0.13,268.9,13.458,13.472,19.115,33.5,3.14,34.5,37.90092,-93.31728,251.4,140.9,7.45,-52.1,12.1,0,18.426
2:24:37 PM,5/21/2026,260521-141240-184.bin,92,0,0.11,0.73,739.2,0.23,0.45,232.6,266,173,0.13,268.9,13.392,13.4,19.021,33.7,3.16,34.6,37.90092,-93.31728,251.4,140.9,7.46,-52.2,12.1,0,18.425
2:24:36 PM,5/21/2026,260521-141240-184.bin,92,0,0.08,0.7,739.2,0.23,0.41,232.6,265.9,173,0.13,268.8,13.315,13.345,18.912,33.8,3.16,34.7,37.90092,-93.31728,251.4,140.6,7.46,-52.5,12.1,0,18.436
2:24:35 PM,5/21/2026,260521-141240-184.bin,92,0,0.19,0.59,739.2,0.19,0.37,232.6,265.8,173,0.13,268.8,13.301,13.301,18.892,33.9,3.17,34.8,37.90092,-93.31728,251.4,140.6,7.46,-52.6,12.1,0,18.459
2:24:34 PM,5/21/2026,260521-141240-184.bin,92,0,0.23,0.47,739.3,0.18,0.43,232.7,265.8,173,0.13,268.7,13.286,13.29,18.871,34,3.18,34.9,37.90092,-93.31727,251.4,140.6,7.46,-52.6,12.1,0,18.477
2:24:33 PM,5/21/2026,260521-141240-184.bin,92,0,0.16,0.61,739.3,0.18,0.44,232.6,265.6,173,0.13,268.6,13.235,13.254,18.798,34.1,3.19,35,37.90092,-93.31727,251.4,140.5,7.46,-52.7,12.1,0,18.494
2:24:32 PM,5/21/2026,260521-141240-184.bin,92,0,0.2,0.67,739.3,0.15,0.35,232.7,265.8,173,0.13,268.8,13.208,13.187,18.76,34.2,3.2,35.2,37.90092,-93.31727,251.5,140.4,7.47,-52.8,12.1,0,18.483
2:24:31 PM,5/21/2026,260521-141240-184.bin,92,0,0.2,0.57,739.2,0.14,0.35,233,266.1,173,0.13,269.1,13.223,13.22,18.781,34.2,3.21,35.2,37.90092,-93.31727,251.5,140.4,7.47,-52.9,12.1,0,18.476
2:24:30 PM,5/21/2026,260521-141240-184.bin,92,0,0.19,0.74,739.3,0.13,0.37,233,266.1,173,0.13,269.1,13.203,13.232,18.752,34.4,3.22,35.4,37.90092,-93.31727,251.5,140.4,7.47,-53,12.1,0,18.482
2:24:29 PM,5/21/2026,260521-141240-184.bin,92,0,0.21,0.71,739.3,0.1,0.4,233,266.1,173,0.13,269.1,13.144,13.169,18.669,34.5,3.23,35.5,37.90092,-93.31727,251.4,140.4,7.47,-53,12.1,0,18.489
2:24:28 PM,5/21/2026,260521-141240-184.bin,92,0,0.19,0.59,739.2,0.07,0.43,233.1,266.1,173,0.13,269.1,13.131,13.118,18.65,34.5,3.23,35.5,37.90092,-93.31727,251.4,140.3,7.47,-53.1,12.1,0,18.496
2:24:27 PM,5/21/2026,260521-141240-184.bin,92,0,0.14,0.66,739.2,0.1,0.38,233.1,266.1,173,0.13,269.1,13.109,13.105,18.619,34.6,3.24,35.6,37.90091,-93.31727,251.5,140.3,7.47,-53.2,12.1,0,18.502
2:24:26 PM,5/21/2026,260521-141240-184.bin,92,0,0.18,0.56,739.2,0.06,0.38,233,265.9,173,0.13,268.8,13.091,13.122,18.594,34.7,3.25,35.7,37.90091,-93.31727,251.6,140.2,7.48,-53.3,12.1,0,18.527
2:24:25 PM,5/21/2026,260521-141240-184.bin,92,0,0.13,0.47,739.2,0,0.37,233,265.8,173,0.13,268.7,13.069,13.091,18.562,34.8,3.25,35.8,37.90091,-93.31727,251.6,140.1,7.48,-53.4,12.1,0,18.545
2:24:24 PM,5/21/2026,260521-141240-184.bin,92,0,0,0.55,739.3,0.06,0.37,233,265.8,173,0.13,268.8,13.078,13.068,18.575,34.9,3.27,35.9,37.90092,-93.31727,251.5,139.8,7.48,-53.7,12.1,0,18.539
2:24:23 PM,5/21/2026,260521-141240-184.bin,92,0,-0.04,0.58,739.3,0.07,0.39,233.1,265.9,173,0.13,268.8,13.083,13.072,18.582,35,3.27,36,37.90092,-93.31727,251.4,139.4,7.49,-54.2,12.1,0,18.542
2:24:22 PM,5/21/2026,260521-141240-184.bin,92,0,-0.01,0.52,739.2,0.1,0.41,233.2,265.9,173,0.13,268.9,13.071,13.069,18.564,35.1,3.28,36.1,37.90092,-93.31727,251.3,139.3,7.49,-54.4,12.1,0,18.555
2:24:21 PM,5/21/2026,260521-141240-184.bin,92,0,0.05,0.52,739.2,0.14,0.4,233.3,266,173,0.13,268.9,13.054,13.081,18.54,35.1,3.28,36.1,37.90092,-93.31727,251.3,139.3,7.5,-54.4,12.1,0,18.564
2:24:20 PM,5/21/2026,260521-141240-184.bin,92,0,0.04,0.64,739.3,0.11,0.38,233.5,266.1,173,0.13,269,12.993,13.019,18.454,35.2,3.29,36.2,37.90092,-93.31727,251.3,139.2,7.5,-54.5,12.1,0,18.592
2:24:19 PM,5/21/2026,260521-141240-184.bin,92,0,0.05,0.66,739.3,0.17,0.41,233.5,266,173,0.13,268.9,12.943,12.971,18.383,35.2,3.29,36.2,37.90092,-93.31727,251.2,139.1,7.5,-54.6,12.1,0,18.607
2:24:18 PM,5/21/2026,260521-141240-184.bin,92,0,0.09,0.6,739.2,0.21,0.39,233.4,265.8,173,0.13,268.7,12.886,12.895,18.302,35.3,3.29,36.3,37.90092,-93.31727,251.2,139,7.5,-54.8,12.1,0,18.619
2:24:17 PM,5/21/2026,260521-141240-184.bin,92,0,0.16,0.68,739.2,0.16,0.41,233.4,265.8,173,0.13,268.7,12.859,12.862,18.263,35.3,3.29,36.3,37.90092,-93.31727,251.1,138.9,7.5,-54.9,12.1,0,18.623
2:24:16 PM,5/21/2026,260521-141240-184.bin,92,0,0.25,0.73,739.2,0.12,0.42,233.4,265.8,173,0.13,268.7,12.843,12.869,18.241,35.3,3.3,36.3,37.90092,-93.31727,251.1,138.9,7.5,-54.9,12.1,0,18.625
2:24:15 PM,5/21/2026,260521-141240-184.bin,92,0,0.25,0.81,739.2,0.15,0.39,233.4,265.8,173,0.13,268.6,12.785,12.811,18.158,35.3,3.3,36.3,37.90092,-93.31727,251.1,138.9,7.5,-54.8,12.1,0,18.625
2:24:14 PM,5/21/2026,260521-141240-184.bin,92,0,0.22,0.69,739.2,0.19,0.43,233.4,265.7,173,0.13,268.6,12.744,12.722,18.1,35.3,3.3,36.3,37.90092,-93.31728,251.1,139,7.5,-54.7,12.1,0,18.626
2:24:13 PM,5/21/2026,260521-141240-184.bin,92,0,0.23,0.5,739.2,0.19,0.44,233.4,265.7,173,0.13,268.6,12.751,12.752,18.11,35.3,3.3,36.3,37.90092,-93.31728,251.1,139.1,7.5,-54.7,12.1,0,18.627
2:24:12 PM,5/21/2026,260521-141240-184.bin,92,0,0.12,0.64,739.2,0.15,0.47,233.4,265.7,173,0.13,268.6,12.738,12.76,18.092,35.3,3.3,36.4,37.90092,-93.31728,251.1,139,7.5,-54.8,12.1,0,18.627
2:24:11 PM,5/21/2026,260521-141240-184.bin,92,0,0.1,0.67,739.2,0.08,0.45,233.3,265.6,173,0.13,268.5,12.701,12.7,18.04,35.3,3.3,36.4,37.90092,-93.31728,251,138.9,7.5,-54.9,12.1,0,18.628
2:24:10 PM,5/21/2026,260521-141240-184.bin,92,0,0.14,0.61,739.2,0.09,0.42,233.4,265.7,173,0.13,268.6,12.661,12.643,17.982,35.4,3.3,36.4,37.90092,-93.31728,251,138.9,7.5,-54.9,12.1,0,18.631
2:24:09 PM,5/21/2026,260521-141240-184.bin,92,0,0.08,0.68,739.2,0.08,0.42,233.4,265.7,173,0.13,268.6,12.667,12.675,17.991,35.4,3.31,36.4,37.90092,-93.31728,251,138.8,7.51,-55,12.1,0,18.631
2:24:08 PM,5/21/2026,260521-141240-184.bin,92,0,0.02,0.78,739.2,0.05,0.47,233.3,265.7,173,0.13,268.5,12.631,12.666,17.939,35.4,3.31,36.4,37.90092,-93.31728,251,138.7,7.51,-55.1,12.1,0,18.631
2:24:07 PM,5/21/2026,260521-141240-184.bin,92,0,0.01,0.9,739.3,0.06,0.49,233.3,265.7,173,0.13,268.5,12.6,12.596,17.896,35.4,3.31,36.4,37.90092,-93.31728,251,138.7,7.51,-55.2,12.1,0,18.632
2:24:06 PM,5/21/2026,260521-141240-184.bin,92,0,-0.01,0.93,739.3,0.11,0.41,233.3,265.6,173,0.13,268.5,12.563,12.561,17.843,35.4,3.31,36.5,37.90092,-93.31727,251,138.6,7.51,-55.3,12.1,0,18.632
2:24:05 PM,5/21/2026,260521-141240-184.bin,92,0,0.01,0.73,739.3,0.14,0.38,233.2,265.5,173,0.13,268.4,12.566,12.585,17.848,35.5,3.31,36.5,37.90092,-93.31727,251.1,138.5,7.51,-55.3,12.1,0,18.632
2:24:04 PM,5/21/2026,260521-141240-184.bin,92,0,0.08,0.53,739.2,0.17,0.34,233.3,265.6,173,0.13,268.5,12.519,12.559,17.78,35.5,3.31,36.5,37.90092,-93.31727,251.1,138.4,7.51,-55.4,12.1,0,18.632
2:24:03 PM,5/21/2026,260521-141240-184.bin,92,0,0.17,0.64,739.2,0.23,0.33,233.5,265.8,173,0.13,268.7,12.479,12.477,17.723,35.5,3.32,36.5,37.90092,-93.31727,251.1,138.3,7.51,-55.5,12.1,0,18.632
2:24:02 PM,5/21/2026,260521-141240-184.bin,92,0,0.22,0.63,739.2,0.24,0.4,233.6,266,173,0.13,268.9,12.444,12.439,17.675,35.5,3.32,36.5,37.90092,-93.31727,251.1,138.3,7.51,-55.5,12.1,0,18.632
2:24:01 PM,5/21/2026,260521-141240-184.bin,92,0,0.22,0.61,739.3,0.21,0.43,233.7,266.1,173,0.13,268.9,12.412,12.442,17.628,35.5,3.32,36.5,37.90092,-93.31727,251.1,138.2,7.52,-55.6,12.1,0,18.632
2:24:00 PM,5/21/2026,260521-141240-184.bin,92,0,0.16,0.77,739.3,0.2,0.42,233.7,266,173,0.13,268.9,12.395,12.393,17.604,35.5,3.32,36.6,37.90092,-93.31727,251.1,138.1,7.52,-55.7,12.1,0,18.632
2:23:59 PM,5/21/2026,260521-141240-184.bin,92,0,0.12,0.89,739.3,0.2,0.38,233.6,265.9,173,0.13,268.8,12.377,12.386,17.579,35.6,3.32,36.6,37.90092,-93.31727,251.2,137.9,7.52,-55.9,12.1,0,18.631
2:23:58 PM,5/21/2026,260521-141240-184.bin,92,0,0.08,0.75,739.3,0.13,0.38,233.5,265.8,173,0.13,268.7,12.318,12.332,17.494,35.6,3.32,36.6,37.90092,-93.31727,251.2,137.8,7.52,-56,12.1,0,18.631
2:23:57 PM,5/21/2026,260521-141240-184.bin,92,0,0.02,0.6,739.3,0.08,0.43,233.4,265.8,173,0.13,268.7,12.263,12.282,17.417,35.6,3.33,36.6,37.90092,-93.31727,251.3,137.6,7.53,-56.3,12.1,0,18.632
2:23:56 PM,5/21/2026,260521-141240-184.bin,92,0,0.02,0.65,739.3,0.09,0.42,233.5,265.8,173,0.13,268.7,12.239,12.265,17.383,35.6,3.33,36.7,37.90092,-93.31727,251.3,137.5,7.53,-56.3,12.1,0,18.634
2:23:55 PM,5/21/2026,260521-141240-184.bin,92,0,0.03,0.78,739.3,0.09,0.42,233.5,265.8,173,0.13,268.7,12.191,12.226,17.315,35.7,3.33,36.7,37.90092,-93.31727,251.3,137.6,7.53,-56.3,12.1,0,18.635
2:23:54 PM,5/21/2026,260521-141240-184.bin,92,0,0,0.73,739.2,0.15,0.4,233.5,265.8,173,0.13,268.7,12.133,12.134,17.232,35.7,3.33,36.7,37.90092,-93.31727,251.3,137.6,7.53,-56.3,12.1,0,18.635
2:23:53 PM,5/21/2026,260521-141240-184.bin,92,0,0.03,0.65,739.2,0.21,0.4,233.6,265.9,173,0.13,268.8,12.135,12.118,17.235,35.7,3.33,36.7,37.90093,-93.31728,251.3,137.5,7.53,-56.3,12.1,0,18.634
2:23:52 PM,5/21/2026,260521-141240-184.bin,92,0,0.15,0.71,739.2,0.22,0.4,233.7,266,173,0.13,268.9,12.166,12.169,17.28,35.7,3.34,36.8,37.90093,-93.31728,251.3,137.6,7.53,-56.3,12.1,0,18.634
2:23:51 PM,5/21/2026,260521-141240-184.bin,92,0,0.18,0.69,739.1,0.19,0.41,233.4,265.7,173,0.13,268.6,12.137,12.172,17.238,35.8,3.34,36.8,37.90093,-93.31728,251.2,137.6,7.53,-56.3,12.1,0,18.635
2:23:50 PM,5/21/2026,260521-141240-184.bin,92,0,0.19,0.66,739.3,0.16,0.42,233.3,265.6,173,0.13,268.5,12.112,12.108,17.203,35.8,3.34,36.8,37.90093,-93.31728,251.3,137.5,7.53,-56.3,12.1,0,18.635
2:23:49 PM,5/21/2026,260521-141240-184.bin,92,0,0.16,0.62,739.2,0.14,0.42,233.4,265.7,173,0.13,268.6,12.062,12.064,17.132,35.8,3.34,36.8,37.90093,-93.31728,251.2,137.5,7.53,-56.4,12.1,0,18.634
2:23:48 PM,5/21/2026,260521-141240-184.bin,92,0,0.09,0.7,739.3,0.08,0.49,233.4,265.7,173,0.13,268.6,12.045,12.076,17.107,35.9,3.35,36.9,37.90093,-93.31728,251.2,137.3,7.53,-56.5,12.1,0,18.634
2:23:47 PM,5/21/2026,260521-141240-184.bin,92,0,0.1,0.76,739.3,0.07,0.49,233.3,265.6,173,0.13,268.5,11.995,12.038,17.037,35.9,3.35,36.9,37.90093,-93.31728,251.3,137.2,7.53,-56.6,12.1,0,18.635
2:23:46 PM,5/21/2026,260521-141240-184.bin,92,0,0.03,0.62,739.2,0.09,0.43,233.4,265.7,173,0.13,268.6,11.97,11.959,17,35.9,3.36,37,37.90093,-93.31728,251.3,137.2,7.53,-56.6,12.1,0,18.635
2:23:45 PM,5/21/2026,260521-141240-184.bin,92,0,0.06,0.68,739.3,0.13,0.42,233.4,265.7,173,0.13,268.6,11.936,11.932,16.952,36,3.36,37,37.90093,-93.31728,251.3,137,7.54,-56.9,12.1,0,18.635
2:23:44 PM,5/21/2026,260521-141240-184.bin,92,0,0.14,0.78,739.3,0.16,0.44,233.4,265.6,173,0.13,268.5,11.891,11.927,16.888,36.1,3.37,37.1,37.90093,-93.31728,251.2,136.4,7.55,-57.4,12.1,0,18.637
2:23:43 PM,5/21/2026,260521-141240-184.bin,92,0,0.18,0.8,739.2,0.16,0.47,233.3,265.6,173,0.13,268.5,11.861,11.895,16.846,36.1,3.37,37.2,37.90093,-93.31728,251.3,136.4,7.55,-57.5,12.1,0,18.637
2:23:42 PM,5/21/2026,260521-141240-184.bin,92,0,0.17,0.74,739.2,0.16,0.44,233.4,265.6,173,0.13,268.5,11.829,11.839,16.8,36.2,3.38,37.2,37.90093,-93.31728,251.3,136.3,7.55,-57.6,12.1,0,18.636
2:23:41 PM,5/21/2026,260521-141240-184.bin,92,0,0.07,0.64,739.2,0.13,0.43,233.5,265.8,173,0.13,268.7,11.746,11.78,16.683,36.2,3.38,37.3,37.90093,-93.31728,251.2,136.2,7.55,-57.7,12.1,0,18.639
2:23:40 PM,5/21/2026,260521-141240-184.bin,92,0,0.1,0.62,739.2,0.1,0.42,233.6,265.9,173,0.13,268.8,11.703,11.689,16.622,36.3,3.39,37.3,37.90093,-93.31728,251.1,136,7.56,-57.9,12.1,0,18.642
2:23:39 PM,5/21/2026,260521-141240-184.bin,92,0,0.05,0.6,739.2,0.1,0.4,233.5,265.8,173,0.13,268.7,11.741,11.737,16.676,36.4,3.4,37.4,37.90094,-93.31728,251.2,135.8,7.56,-58.2,12.1,0,18.641
2:23:38 PM,5/21/2026,260521-141240-184.bin,92,0,-0.03,0.77,739.2,0.11,0.42,233.5,265.7,173,0.13,268.6,11.732,11.735,16.663,36.5,3.41,37.5,37.90094,-93.31728,251.3,135.8,7.56,-58.2,12.1,0,18.641
2:23:37 PM,5/21/2026,260521-141240-184.bin,92,0,0.06,0.73,739.2,0.12,0.42,233.4,265.7,173,0.13,268.6,11.683,11.702,16.594,36.6,3.41,37.6,37.90094,-93.31728,251.3,135.9,7.56,-58.1,12.1,0,18.642
2:23:36 PM,5/21/2026,260521-141240-184.bin,92,0,0.08,0.71,739.3,0.15,0.43,233.4,265.7,173,0.13,268.5,11.655,11.646,16.554,36.7,3.43,37.7,37.90094,-93.31728,251.3,136,7.56,-58,12.1,0,18.641
2:23:35 PM,5/21/2026,260521-141240-184.bin,92,0,0.11,0.79,739.2,0.18,0.44,233.5,265.8,173,0.13,268.7,11.663,11.674,16.565,36.8,3.44,37.8,37.90094,-93.31728,251.4,136.3,7.55,-57.8,12.1,0,18.64
2:23:34 PM,5/21/2026,260521-141240-184.bin,92,0,0.15,0.66,739.3,0.19,0.45,233.7,265.9,173,0.13,268.8,11.635,11.667,16.525,36.9,3.45,38,37.90094,-93.31728,251.3,136.2,7.56,-57.9,12.1,0,18.645
2:23:33 PM,5/21/2026,260521-141240-184.bin,92,0,0.12,0.72,739.2,0.14,0.47,233.7,266,173,0.13,268.8,11.591,11.603,16.463,37,3.46,38.1,37.90094,-93.31728,251.5,136,7.56,-58.2,12.1,0,18.649
2:23:32 PM,5/21/2026,260521-141240-184.bin,92,0,0.14,0.63,739.3,0.07,0.48,233.6,265.9,173,0.13,268.7,11.528,11.541,16.372,37.2,3.47,38.2,37.90094,-93.31728,251.5,135.9,7.56,-58.4,12.1,0,18.653
2:23:31 PM,5/21/2026,260521-141240-184.bin,92,0,0.07,0.46,739.2,0.07,0.46,233.6,265.8,173,0.13,268.7,11.527,11.522,16.372,37.3,3.48,38.4,37.90094,-93.31728,251.5,135.9,7.57,-58.5,12.1,0,18.661
2:23:30 PM,5/21/2026,260521-141240-184.bin,92,0,-0.02,0.55,739.3,0.06,0.4,233.6,265.8,173,0.13,268.7,11.491,11.548,16.32,37.5,3.5,38.6,37.90094,-93.31728,251.7,136,7.57,-58.5,12.1,0,18.664
2:23:29 PM,5/21/2026,260521-141240-184.bin,92,0,0,0.57,739.2,0.09,0.41,233.7,265.8,173,0.13,268.7,11.41,11.421,16.205,37.7,3.51,38.7,37.90094,-93.31728,251.7,136,7.57,-58.5,12.1,0,18.669
2:23:28 PM,5/21/2026,260521-141240-184.bin,92,0,0.11,0.61,739.2,0.15,0.39,233.9,266,173,0.13,268.9,11.391,11.37,16.178,37.8,3.53,38.9,37.90094,-93.31728,251.5,136.1,7.57,-58.6,12.1,0,18.677
2:23:27 PM,5/21/2026,260521-141240-184.bin,92,0,0.16,0.66,739.2,0.16,0.39,233.9,266,173,0.13,268.9,11.4,11.424,16.191,38,3.54,39.1,37.90094,-93.31728,251.6,136.1,7.57,-58.6,12.1,0,18.686
2:23:26 PM,5/21/2026,260521-141240-184.bin,92,0,0.11,0.73,739.2,0.14,0.41,234,266,173,0.13,268.9,11.372,11.393,16.151,38.1,3.56,39.2,37.90095,-93.31728,251.7,136,7.57,-58.8,12.1,0,18.688
2:23:25 PM,5/21/2026,260521-141240-184.bin,92,0,0.09,0.85,739.3,0.13,0.46,233.9,266,173,0.13,268.9,11.375,11.363,16.156,38.2,3.57,39.3,37.90095,-93.31728,251.7,136,7.57,-59,12.1,0,18.688
2:23:24 PM,5/21/2026,260521-141240-184.bin,92,0,0.04,0.88,739.2,0.12,0.5,233.9,265.9,173,0.13,268.7,11.378,11.37,16.159,38.3,3.57,39.4,37.90095,-93.31728,251.8,135.9,7.58,-59,12.1,0,18.708
2:23:23 PM,5/21/2026,260521-141240-184.bin,92,0,-0.03,0.73,739.2,0.09,0.47,233.8,265.7,173,0.13,268.6,11.359,11.372,16.132,38.5,3.58,39.6,37.90095,-93.31728,251.9,136,7.58,-59,12.1,0,18.724
2:23:22 PM,5/21/2026,260521-141240-184.bin,92,0,-0.02,0.56,739.2,0.11,0.44,233.9,265.7,173,0.13,268.6,11.358,11.351,16.132,38.6,3.6,39.7,37.90095,-93.31728,251.9,136.1,7.57,-58.9,12.1,0,18.726
2:23:21 PM,5/21/2026,260521-141240-184.bin,92,0,-0.02,0.62,739.2,0.14,0.42,233.9,265.8,173,0.13,268.6,11.361,11.371,16.136,38.8,3.61,39.9,37.90095,-93.31728,252,136.2,7.57,-58.9,12,0,18.725
2:23:20 PM,5/21/2026,260521-141240-184.bin,92,0,0.03,0.72,739.2,0.15,0.42,233.9,265.7,173,0.13,268.6,11.331,11.332,16.093,38.9,3.63,40,37.90095,-93.31728,252,136,7.58,-59.1,12,0,18.729
2:23:19 PM,5/21/2026,260521-141240-184.bin,92,0,0.2,0.65,739.3,0.22,0.44,234,265.7,173,0.13,268.6,11.296,11.291,16.043,39,3.64,40.2,37.90095,-93.31728,252,135.7,7.58,-59.4,12,0,18.747
2:23:18 PM,5/21/2026,260521-141240-184.bin,92,0,0.25,0.79,739.3,0.2,0.46,234.1,265.8,173,0.13,268.7,11.273,11.294,16.011,39.2,3.65,40.3,37.90096,-93.31728,252.1,135.5,7.59,-59.7,12,0,18.76
2:23:17 PM,5/21/2026,260521-141240-184.bin,92,0,0.18,0.89,739.3,0.14,0.42,234.2,265.8,173,0.13,268.7,11.234,11.268,15.954,39.3,3.66,40.4,37.90096,-93.31728,252.1,135.4,7.59,-59.9,12,0,18.768
2:23:16 PM,5/21/2026,260521-141240-184.bin,92,0,0.19,0.77,739.2,0.15,0.42,234.3,265.9,173,0.13,268.7,11.17,11.191,15.864,39.4,3.67,40.5,37.90096,-93.31728,252.1,135.5,7.59,-59.9,12,0,18.772
2:23:15 PM,5/21/2026,260521-141240-184.bin,92,0,0.2,0.7,739.3,0.11,0.43,234.2,265.8,173,0.13,268.7,11.145,11.145,15.828,39.5,3.68,40.6,37.90096,-93.31728,252.1,135.4,7.59,-60,12,0,18.775
2:23:14 PM,5/21/2026,260521-141240-184.bin,92,0,0.13,0.69,739.2,0.09,0.48,234.2,265.8,173,0.13,268.6,11.143,11.169,15.825,39.6,3.69,40.8,37.90096,-93.31728,252.1,135.4,7.6,-60.2,12,0,18.779
2:23:13 PM,5/21/2026,260521-141240-184.bin,92,0,0.06,0.65,739.2,0.11,0.46,234.3,265.8,173,0.13,268.7,11.094,11.122,15.755,39.7,3.7,40.9,37.90096,-93.31728,252.1,135,7.6,-60.6,12,0,18.786
2:23:12 PM,5/21/2026,260521-141240-184.bin,92,0,0.08,0.5,739.2,0.14,0.41,234.3,265.8,173,0.13,268.7,11.027,11.056,15.661,39.9,3.71,41,37.90096,-93.31728,252.2,134.8,7.61,-60.8,12,0,18.795
2:23:11 PM,5/21/2026,260521-141240-184.bin,92,0,0,0.55,739.2,0.13,0.44,234.5,266,173,0.13,268.8,10.995,10.972,15.616,40,3.72,41.1,37.90096,-93.31728,252.2,134.9,7.61,-60.8,12,0,18.803
2:23:10 PM,5/21/2026,260521-141240-184.bin,92,0,-0.03,0.75,739.2,0.08,0.42,234.5,265.9,173,0.13,268.7,11.017,11.035,15.646,40.1,3.73,41.2,37.90096,-93.31728,252.2,134.9,7.61,-60.9,12,0,18.815
2:23:09 PM,5/21/2026,260521-141240-184.bin,92,0,0.07,0.85,739.2,0.05,0.48,234.3,265.6,173,0.13,268.5,10.974,11.003,15.586,40.2,3.74,41.3,37.90096,-93.31728,252.4,134.7,7.61,-61.1,12,0,18.82
2:23:08 PM,5/21/2026,260521-141240-184.bin,92,0,0.06,0.8,739.2,0.07,0.47,234.3,265.6,173,0.13,268.5,10.937,10.936,15.534,40.2,3.74,41.4,37.90096,-93.31728,252.6,134.6,7.62,-61.3,12,0,18.828
2:23:07 PM,5/21/2026,260521-141240-184.bin,92,0,0.03,0.74,739.2,0.08,0.41,234.4,265.6,173,0.13,268.5,10.89,10.894,15.466,40.3,3.75,41.5,37.90096,-93.31728,252.8,134.6,7.61,-61.2,12,0,18.841
2:23:06 PM,5/21/2026,260521-141240-184.bin,92,0,-0.01,0.62,739.2,0.1,0.41,234.4,265.6,173,0.13,268.4,10.887,10.9,15.462,40.4,3.76,41.6,37.90096,-93.31728,253.1,134.8,7.61,-61.1,12,0,18.845
2:23:05 PM,5/21/2026,260521-141240-184.bin,92,0,-0.07,0.6,739.3,0.14,0.43,234.4,265.6,173,0.13,268.4,10.865,10.882,15.431,40.5,3.77,41.7,37.90096,-93.31728,253.4,134.8,7.61,-61.1,12,0,18.847
2:23:04 PM,5/21/2026,260521-141240-184.bin,92,0,-0.02,0.86,739.2,0.15,0.51,234.4,265.7,173,0.13,268.5,10.841,10.829,15.396,40.6,3.77,41.7,37.90096,-93.31728,253.6,134.8,7.61,-61.1,12,0,18.849
2:23:03 PM,5/21/2026,260521-141240-184.bin,92,0,0.05,0.96,739.2,0.14,0.48,234.4,265.6,173,0.13,268.4,10.809,10.818,15.351,40.6,3.78,41.8,37.90096,-93.31728,253.6,134.8,7.61,-61.1,12,0,18.851
2:23:02 PM,5/21/2026,260521-141240-184.bin,92,0,0.07,0.87,739.2,0.15,0.42,234.2,265.4,173,0.13,268.2,10.765,10.794,15.288,40.7,3.79,41.9,37.90096,-93.31728,253.5,134.7,7.61,-61.2,12,0,18.853
2:23:01 PM,5/21/2026,260521-141240-184.bin,92,0,0.07,0.81,739.3,0.15,0.46,234.2,265.4,173,0.13,268.2,10.746,10.753,15.262,40.8,3.79,42,37.90096,-93.31728,253.6,134.4,7.62,-61.6,12.1,0,18.855
2:23:00 PM,5/21/2026,260521-141240-184.bin,92,0,0.12,0.73,739.3,0.15,0.44,234.2,265.3,172,0.13,268.1,10.707,10.724,15.206,40.9,3.81,42.1,37.90096,-93.31728,253.6,134.3,7.62,-61.8,12.1,0,18.86
2:22:59 PM,5/21/2026,260521-141240-184.bin,92,0,0.14,0.7,739.3,0.19,0.42,234.1,265.2,172,0.13,268,10.667,10.659,15.149,41,3.81,42.2,37.90096,-93.31728,253.7,134.2,7.63,-61.9,12.1,0,18.863
2:22:58 PM,5/21/2026,260521-141240-184.bin,92,0,0.11,0.7,739.2,0.22,0.41,234.2,265.3,172,0.13,268.1,10.624,10.646,15.088,41.2,3.83,42.3,37.90096,-93.31728,253.6,134.1,7.63,-62.1,12.1,0,18.863
2:22:57 PM,5/21/2026,260521-141240-184.bin,92,0,0.15,0.76,739.2,0.2,0.41,234.2,265.3,172,0.13,268.1,10.653,10.608,15.13,41.3,3.84,42.4,37.90096,-93.31728,253.5,134,7.63,-62.2,12.1,0,18.862
2:22:56 PM,5/21/2026,260521-141240-184.bin,92,0,0.22,0.89,739.3,0.2,0.46,234.2,265.2,172,0.13,268,10.665,10.679,15.147,41.4,3.85,42.6,37.90096,-93.31728,253.4,134,7.63,-62.3,12.1,0,18.868
2:22:55 PM,5/21/2026,260521-141240-184.bin,92,0,0.21,0.86,739.2,0.2,0.45,234.1,265.2,172,0.13,268,10.611,10.608,15.07,41.5,3.86,42.7,37.90096,-93.31728,253.4,134,7.63,-62.4,12.1,0,18.87
2:22:54 PM,5/21/2026,260521-141240-184.bin,92,0,0.23,0.75,739.2,0.18,0.45,234.3,265.3,172,0.13,268.1,10.521,10.557,14.942,41.6,3.87,42.8,37.90096,-93.31728,253.4,134,7.64,-62.5,12.1,0,18.881
2:22:53 PM,5/21/2026,260521-141240-184.bin,92,0,0.24,0.73,739.2,0.21,0.46,234.4,265.4,172,0.13,268.2,10.503,10.498,14.916,41.8,3.88,43,37.90096,-93.31728,253.2,134.1,7.64,-62.5,12.1,0,18.885
2:22:52 PM,5/21/2026,260521-141240-184.bin,92,0,0.2,0.84,739.3,0.2,0.42,234.3,265.3,172,0.13,268.1,10.497,10.515,14.908,41.9,3.89,43.1,37.90096,-93.31728,253.3,134,7.64,-62.6,12.1,0,18.885
2:22:51 PM,5/21/2026,260521-141240-184.bin,92,0,0.14,0.84,739.3,0.19,0.44,234.2,265.2,172,0.13,268,10.41,10.432,14.784,42.1,3.91,43.3,37.90096,-93.31728,253.3,133.8,7.64,-62.8,12.1,0,18.888
2:22:50 PM,5/21/2026,260521-141240-184.bin,92,0,0.1,0.71,739.3,0.2,0.57,234.3,265.3,172,0.13,268.1,10.422,10.387,14.801,42.3,3.93,43.5,37.90096,-93.31728,253.2,133.9,7.64,-62.7,12.1,0,18.884
2:22:49 PM,5/21/2026,260521-141240-184.bin,92,0,0.12,0.66,739.3,0.18,0.56,234.2,265.2,172,0.13,268,10.418,10.445,14.795,42.4,3.94,43.6,37.90096,-93.31728,253.2,134.1,7.64,-62.7,12.1,0,18.89
2:22:48 PM,5/21/2026,260521-141240-184.bin,92,0,0.07,0.67,739.2,0.12,0.43,234.1,265,172,0.13,267.8,10.353,10.385,14.703,42.6,3.96,43.9,37.90096,-93.31728,253.2,134.1,7.64,-62.8,12.1,0,18.895
2:22:47 PM,5/21/2026,260521-141240-184.bin,92,0,0.04,0.65,739.3,0.07,0.4,234.1,265,172,0.13,267.8,10.331,10.32,14.673,42.8,3.98,44.1,37.90096,-93.31728,253.2,134,7.65,-63.1,12.1,0,18.897
2:22:46 PM,5/21/2026,260521-141240-184.bin,92,0,0.04,0.52,739.2,0.06,0.44,234.2,265.1,172,0.13,267.8,10.263,10.279,14.575,43.1,4,44.3,37.90096,-93.31728,253.3,133.8,7.65,-63.3,12.1,0,18.91
2:22:45 PM,5/21/2026,260521-141240-184.bin,92,0,0.04,0.74,739.3,0.02,0.45,234.3,265.1,172,0.13,267.9,10.243,10.263,14.548,43.3,4.02,44.6,37.90096,-93.31728,253.4,133.8,7.65,-63.4,12.1,0,18.916
2:22:44 PM,5/21/2026,260521-141240-184.bin,92,0,0.03,0.87,739.3,0.04,0.43,234.3,265,172,0.13,267.8,10.196,10.24,14.48,43.5,4.04,44.8,37.90096,-93.31728,253.5,133.8,7.66,-63.7,12.1,0,18.935
2:22:43 PM,5/21/2026,260521-141240-184.bin,92,0,0.06,0.78,739.2,0.15,0.41,234.5,265.2,172,0.13,268,10.148,10.146,14.412,43.8,4.06,45,37.90096,-93.31728,253.5,133.6,7.66,-64.1,12.1,0,18.938
2:22:42 PM,5/21/2026,260521-141240-184.bin,92,0,0.05,0.95,739.3,0.17,0.47,234.6,265.2,172,0.13,268,10.108,10.112,14.355,44,4.08,45.3,37.90096,-93.31728,253.5,133.3,7.67,-64.6,12.1,0,18.951
2:22:41 PM,5/21/2026,260521-141240-184.bin,92,0,0.02,1.06,739.3,0.15,0.52,234.7,265.3,172,0.13,268,10.05,10.092,14.273,44.3,4.11,45.6,37.90096,-93.31728,253.5,133,7.68,-65,12.1,0,18.971
2:22:40 PM,5/21/2026,260521-141240-184.bin,92,0,0.06,0.91,739.3,0.19,0.45,234.8,265.4,172,0.13,268.1,10.024,10.035,14.236,44.6,4.13,45.8,37.90096,-93.31728,253.5,132.9,7.69,-65.4,12.1,0,18.961
2:22:39 PM,5/21/2026,260521-141240-184.bin,92,0,0.12,0.71,739.2,0.2,0.42,234.9,265.4,173,0.13,268.1,10.004,10.008,14.208,44.8,4.15,46.1,37.90096,-93.31728,253.5,132.8,7.69,-65.7,12.1,0,18.983
2:22:38 PM,5/21/2026,260521-141240-184.bin,92,0,0.24,0.7,739.2,0.23,0.44,235.5,265.8,173,0.13,268.5,9.93,9.942,14.103,45.2,4.18,46.4,37.90096,-93.31728,253.5,132.7,7.7,-66,12.1,0,19.041
2:22:37 PM,5/21/2026,260521-141240-184.bin,92,0,0.17,0.84,739.2,0.2,0.5,236,266,173,0.13,268.7,9.87,9.905,14.017,45.4,4.2,46.7,37.90096,-93.31728,253.4,132.6,7.71,-66.6,12.1,0,19.088
2:22:36 PM,5/21/2026,260521-141240-184.bin,92,0,0.09,0.89,739.2,0.15,0.57,236.5,266.3,173,0.13,269,9.828,9.838,13.958,45.7,4.22,47,37.90096,-93.31728,253.4,132.6,7.71,-66.7,12.1,0,19.142
2:22:35 PM,5/21/2026,260521-141240-184.bin,92,0,0.14,0.82,739.2,0.11,0.53,236.7,266.5,173,0.13,269.2,9.786,9.798,13.897,45.9,4.24,47.2,37.90096,-93.31728,253.4,132.7,7.71,-66.7,12.1,0,19.148
2:22:34 PM,5/21/2026,260521-141240-184.bin,92,0,0.15,1.05,739.2,0.1,0.51,236.8,266.5,173,0.13,269.2,9.715,9.739,13.796,46.1,4.26,47.4,37.90096,-93.31728,253.3,132.8,7.71,-66.7,12.1,0,19.154
2:22:33 PM,5/21/2026,260521-141240-184.bin,92,0,0.07,1.02,739.3,0.09,0.56,236.9,266.6,173,0.13,269.3,9.686,9.677,13.755,46.2,4.27,47.5,37.90096,-93.31728,253.3,132.8,7.71,-66.7,12.1,0,19.161
2:22:32 PM,5/21/2026,260521-141240-184.bin,92,0,-0.03,1.04,739.2,0.1,0.53,237,266.7,173,0.13,269.4,9.7,9.702,13.776,46.3,4.28,47.7,37.90096,-93.31728,253.3,132.8,7.71,-66.9,12.1,0,19.163
2:22:31 PM,5/21/2026,260521-141240-184.bin,92,0,0,1.03,739.3,0.14,0.51,237.2,266.9,174,0.13,269.6,9.662,9.706,13.721,46.5,4.3,47.8,37.90096,-93.31728,253.3,132.6,7.72,-67.2,12.1,0,19.173
2:22:30 PM,5/21/2026,260521-141240-184.bin,92,0,0.09,0.89,739.2,0.16,0.5,237.2,266.9,173,0.13,269.6,9.613,9.606,13.652,46.7,4.31,48,37.90096,-93.31728,253.2,132.4,7.72,-67.4,12.1,0,19.179
2:22:29 PM,5/21/2026,260521-141240-184.bin,92,0,0.16,0.93,739.3,0.17,0.45,237.1,266.8,173,0.13,269.5,9.614,9.576,13.652,46.8,4.32,48.1,37.90096,-93.31728,253.2,132.4,7.72,-67.5,12.1,0,19.176
2:22:28 PM,5/21/2026,260521-141240-184.bin,92,0,0.18,0.84,739.3,0.19,0.45,237.1,266.8,173,0.13,269.5,9.619,9.639,13.66,47,4.34,48.3,37.90096,-93.31728,253.1,132.5,7.72,-67.4,12.1,0,19.177
2:22:27 PM,5/21/2026,260521-141240-184.bin,92,0,0.18,0.74,739.3,0.2,0.46,237.2,266.8,173,0.13,269.5,9.574,9.605,13.597,47.1,4.35,48.5,37.90096,-93.31728,253.1,132.6,7.72,-67.5,12.1,0,19.183
2:22:26 PM,5/21/2026,260521-141240-184.bin,92,0,0.19,0.86,739.2,0.17,0.45,237.2,266.9,173,0.13,269.6,9.57,9.548,13.591,47.3,4.37,48.7,37.90096,-93.31728,253.2,132.6,7.72,-67.5,12.1,0,19.186
2:22:25 PM,5/21/2026,260521-141240-184.bin,92,0,0.13,0.95,739.2,0.12,0.45,237.4,267,174,0.13,269.7,9.552,9.546,13.565,47.5,4.39,48.9,37.90096,-93.31728,253.2,132.6,7.72,-67.6,12.1,0,19.185
2:22:24 PM,5/21/2026,260521-141240-184.bin,92,0,0.07,0.87,739.2,0.07,0.49,237.4,267.1,174,0.13,269.8,9.537,9.549,13.543,47.7,4.4,49.1,37.90096,-93.31728,253.2,132.4,7.73,-67.9,12.1,0,19.185
2:22:23 PM,5/21/2026,260521-141240-184.bin,92,0,0.05,0.86,739.3,0.05,0.5,237.5,267.1,174,0.13,269.8,9.519,9.533,13.518,47.9,4.42,49.2,37.90096,-93.31728,253.3,132.4,7.73,-68,12.1,0,19.189
2:22:22 PM,5/21/2026,260521-141240-184.bin,92,0,0.03,0.93,739.3,0.12,0.48,237.4,267.1,174,0.13,269.8,9.497,9.498,13.487,48,4.44,49.4,37.90096,-93.31728,253.3,132.2,7.74,-68.2,12.1,0,19.192
2:22:21 PM,5/21/2026,260521-141240-184.bin,92,0,0.07,0.91,739.3,0.17,0.47,237.4,267,174,0.13,269.7,9.453,9.456,13.424,48.2,4.45,49.6,37.90096,-93.31728,253.3,132,7.74,-68.5,12.1,0,19.198
2:22:20 PM,5/21/2026,260521-141240-184.bin,92,0,0.18,0.95,739.3,0.19,0.44,237.5,266.9,174,0.13,269.6,9.44,9.452,13.406,48.3,4.46,49.7,37.90096,-93.31728,253.3,132,7.74,-68.7,12.1,0,19.213
2:22:19 PM,5/21/2026,260521-141240-184.bin,92,0,0.28,1.02,739.3,0.22,0.44,237.6,266.9,173,0.13,269.5,9.43,9.444,13.392,48.4,4.47,49.8,37.90096,-93.31728,253.3,132.1,7.74,-68.6,12.1,0,19.245
2:22:18 PM,5/21/2026,260521-141240-184.bin,92,0,0.26,0.86,739.2,0.23,0.51,237.6,266.9,173,0.13,269.6,9.414,9.423,13.369,48.6,4.48,50,37.90096,-93.31728,253.3,132.2,7.74,-68.6,12.1,0,19.257
2:22:17 PM,5/21/2026,260521-141240-184.bin,92,0,0.17,0.74,739.4,0.16,0.53,237.4,266.7,173,0.13,269.3,9.379,9.395,13.319,48.7,4.49,50.1,37.90096,-93.31728,253.3,132.2,7.75,-68.8,12.1,0,19.258
2:22:16 PM,5/21/2026,260521-141240-184.bin,92,0,0.1,0.8,739.3,0.1,0.56,237.3,266.6,173,0.13,269.2,9.343,9.332,13.268,48.8,4.5,50.2,37.90096,-93.31728,253.2,132.3,7.74,-68.7,12.1,0,19.259
2:22:15 PM,5/21/2026,260521-141240-184.bin,92,0,0.05,0.87,739.2,0.08,0.55,237.3,266.4,173,0.13,269.1,9.341,9.343,13.266,48.8,4.5,50.2,37.90096,-93.31728,253.3,132.5,7.74,-68.7,12.1,0,19.267
2:22:14 PM,5/21/2026,260521-141240-184.bin,92,0,0,0.9,739.2,0.1,0.47,237.3,266.4,173,0.13,269,9.322,9.345,13.238,48.9,4.5,50.3,37.90096,-93.31728,253.3,132.5,7.74,-68.7,12.1,0,19.286
2:22:13 PM,5/21/2026,260521-141240-184.bin,92,0,0,0.92,739.2,0.14,0.41,237.3,266.3,173,0.13,268.9,9.259,9.269,13.149,48.9,4.51,50.3,37.90096,-93.31728,253.3,132.5,7.75,-68.8,12.1,0,19.309
2:22:12 PM,5/21/2026,260521-141240-184.bin,92,0,0.1,0.79,739.3,0.2,0.4,237.3,266.2,173,0.13,268.9,9.26,9.24,13.15,49,4.51,50.4,37.90096,-93.31728,253.3,132.4,7.75,-69,12.1,0,19.312
2:22:11 PM,5/21/2026,260521-141240-184.bin,92,0,0.19,0.77,739.3,0.25,0.44,237.2,266.1,173,0.13,268.8,9.269,9.279,13.163,49,4.51,50.4,37.90096,-93.31728,253.3,132.2,7.76,-69.3,12.1,0,19.314
2:22:10 PM,5/21/2026,260521-141240-184.bin,92,0,0.19,0.87,739.3,0.21,0.43,237.2,266,173,0.13,268.6,9.221,9.268,13.095,49.1,4.52,50.5,37.90096,-93.31727,253.3,132,7.76,-69.5,12.1,0,19.336
2:22:09 PM,5/21/2026,260521-141240-184.bin,92,0,0.17,0.8,739.2,0.15,0.42,237.3,266,173,0.13,268.7,9.194,9.186,13.056,49.1,4.52,50.5,37.90096,-93.31727,253.3,132,7.76,-69.6,12.1,0,19.343
2:22:08 PM,5/21/2026,260521-141240-184.bin,92,0,0.14,0.82,739.2,0.13,0.44,237.3,266.1,173,0.13,268.7,9.193,9.173,13.055,49.1,4.52,50.5,37.90096,-93.31727,253.3,131.9,7.76,-69.7,12.1,0,19.34
2:22:07 PM,5/21/2026,260521-141240-184.bin,92,0,0.03,0.83,739.3,0.13,0.44,237.3,266,173,0.13,268.6,9.209,9.22,13.078,49.1,4.52,50.5,37.90096,-93.31727,253.3,131.8,7.77,-69.9,12.1,0,19.353
2:22:06 PM,5/21/2026,260521-141240-184.bin,92,0,-0.02,0.77,739.2,0.17,0.44,237.3,266,173,0.13,268.6,9.207,9.211,13.074,49.1,4.52,50.5,37.90096,-93.31727,253.4,131.7,7.77,-70,12.1,0,19.358
2:22:05 PM,5/21/2026,260521-141240-184.bin,92,0,0.03,0.84,739.2,0.19,0.49,237.3,266,173,0.13,268.6,9.196,9.184,13.059,49.1,4.52,50.5,37.90096,-93.31727,253.3,131.6,7.77,-70.2,12.1,0,19.358
2:22:04 PM,5/21/2026,260521-141240-184.bin,92,0,0.09,0.92,739.3,0.22,0.52,237.4,266,173,0.13,268.6,9.17,9.17,13.021,49.1,4.52,50.6,37.90096,-93.31727,253.3,131.5,7.77,-70.4,12.1,0,19.366
2:22:03 PM,5/21/2026,260521-141240-184.bin,92,0,0.14,0.78,739.3,0.24,0.47,237.3,265.8,173,0.13,268.4,9.133,9.156,12.97,49.2,4.52,50.6,37.90096,-93.31727,253.3,131.5,7.77,-70.3,12.1,0,19.374
2:22:02 PM,5/21/2026,260521-141240-184.bin,92,0,0.17,0.8,739.4,0.16,0.46,237.1,265.7,173,0.13,268.3,9.118,9.134,12.948,49.2,4.52,50.6,37.90096,-93.31727,253.3,131.7,7.77,-70.2,12.1,0,19.376
2:22:01 PM,5/21/2026,260521-141240-184.bin,92,0,0.11,1.01,739.3,0.12,0.51,237.2,265.8,173,0.13,268.4,9.113,9.104,12.941,49.1,4.52,50.5,37.90096,-93.31727,253.3,131.7,7.77,-70.1,12.1,0,19.376
2:22:00 PM,5/21/2026,260521-141240-184.bin,92,0,0.04,0.93,739.2,0.12,0.52,237.1,265.6,173,0.13,268.2,9.099,9.115,12.921,49.1,4.52,50.5,37.90096,-93.31727,253.2,131.7,7.77,-70.1,12.1,0,19.377
2:21:59 PM,5/21/2026,260521-141240-184.bin,92,0,0.04,0.79,739.2,0.11,0.5,237,265.5,173,0.13,268.1,9.089,9.099,12.907,49.1,4.52,50.5,37.90096,-93.31727,253.1,131.6,7.77,-70.2,12.1,0,19.379
2:21:58 PM,5/21/2026,260521-141240-184.bin,92,0,0.05,0.76,739.3,0.14,0.5,237.1,265.5,173,0.13,268.1,9.084,9.08,12.9,49.1,4.52,50.5,37.90096,-93.31727,253.1,131.4,7.77,-70.5,12.1,0,19.39
2:21:57 PM,5/21/2026,260521-141240-184.bin,92,0,0.12,0.82,739.3,0.16,0.46,237.2,265.6,173,0.13,268.2,9.097,9.096,12.918,49.1,4.52,50.5,37.90096,-93.31727,252.9,131.3,7.78,-70.6,12.1,0,19.404
2:21:56 PM,5/21/2026,260521-141240-184.bin,92,0,0.11,0.9,739.3,0.2,0.45,237.3,265.7,173,0.13,268.3,9.082,9.087,12.897,49.1,4.51,50.5,37.90096,-93.31727,252.9,131.2,7.78,-70.8,12.1,0,19.413
2:21:55 PM,5/21/2026,260521-141240-184.bin,92,0,0.08,1.03,739.3,0.18,0.61,237.3,265.5,173,0.13,268.1,9.053,9.05,12.856,49.1,4.51,50.5,37.90096,-93.31727,253,131.2,7.78,-70.8,12.1,0,19.431
2:21:54 PM,5/21/2026,260521-141240-184.bin,92,0,0.12,1.12,739.3,0.11,0.61,237.1,265.1,172,0.13,267.7,9.066,9.068,12.874,49.1,4.51,50.5,37.90096,-93.31727,252.8,131.1,7.78,-71,12.1,0,19.464
2:21:53 PM,5/21/2026,260521-141240-184.bin,92,0,0.07,0.97,739.2,0.06,0.5,237.1,265.1,172,0.13,267.7,9.058,9.078,12.862,49.1,4.51,50.5,37.90096,-93.31727,252.8,130.9,7.79,-71.1,12.1,0,19.467
2:21:52 PM,5/21/2026,260521-141240-184.bin,92,0,0,1.65,739.3,0.13,0.56,237,265.2,172,0.13,267.7,9.045,9.036,12.844,49.1,4.51,50.5,37.90096,-93.31727,252.9,130.9,7.79,-71.2,12.1,0,19.446
2:21:51 PM,5/21/2026,260521-141240-184.bin,92,0,0,1.68,739.2,0.22,0.56,237.1,265.4,172,0.13,267.9,9.075,9.038,12.888,49,4.51,50.5,37.90096,-93.31727,253,130.9,7.79,-71.1,12.1,0,19.432
2:21:50 PM,5/21/2026,260521-141240-184.bin,92,0,0.06,0.88,739.2,0.22,0.49,237.3,265.5,173,0.13,268.1,9.109,9.108,12.935,49,4.51,50.4,37.90096,-93.31727,253.1,131.1,7.78,-70.9,12.1,0,19.429
2:21:49 PM,5/21/2026,260521-141240-184.bin,92,0,0.14,1.03,739.3,0.21,0.46,237.2,265.5,173,0.13,268.1,9.103,9.129,12.927,49,4.5,50.4,37.90096,-93.31727,253.3,131.3,7.78,-70.8,12.1,0,19.419
2:21:48 PM,5/21/2026,260521-141240-184.bin,92,0,0.2,1.05,739.3,0.2,0.51,237.1,265.5,173,0.13,268.1,9.098,9.081,12.92,48.9,4.5,50.3,37.90096,-93.31727,253.4,131.4,7.78,-70.7,12.1,0,19.409
2:21:47 PM,5/21/2026,260521-141240-184.bin,92,0,0.19,1,739.3,0.2,0.5,237.1,265.3,172,0.13,267.9,9.073,9.059,12.883,48.9,4.49,50.3,37.90096,-93.31727,253.5,131.4,7.78,-70.9,12.1,0,19.431
2:21:46 PM,5/21/2026,260521-141240-184.bin,92,0,0.1,0.97,739.2,0.16,0.46,237.1,265.2,172,0.13,267.7,9.083,9.093,12.898,48.9,4.49,50.3,37.90096,-93.31727,253.6,131.2,7.78,-71.1,12.1,0,19.46
2:21:45 PM,5/21/2026,260521-141240-184.bin,92,0,0.11,0.96,739.3,0.11,0.52,237,265.1,172,0.13,267.6,9.039,9.07,12.836,48.9,4.49,50.3,37.90096,-93.31727,253.6,131.1,7.79,-71.1,12.1,0,19.468
2:21:44 PM,5/21/2026,260521-141240-184.bin,92,0,0.09,1.1,739.2,0.13,0.55,237.1,265.1,172,0.13,267.7,9.016,9.01,12.802,48.9,4.49,50.3,37.90096,-93.31727,253.7,131,7.79,-71.3,12.1,0,19.474
2:21:43 PM,5/21/2026,260521-141240-184.bin,92,0,0.04,0.85,739.2,0.12,0.51,237.2,265.1,172,0.13,267.7,8.975,8.983,12.745,49,4.49,50.4,37.90096,-93.31727,253.7,131,7.79,-71.3,12.1,0,19.492
2:21:42 PM,5/21/2026,260521-141240-184.bin,92,0,0.08,0.78,739.2,0.11,0.5,237.3,265.1,172,0.13,267.6,8.971,8.987,12.738,49,4.49,50.4,37.90096,-93.31727,253.8,131.3,7.79,-71.2,12.1,0,19.517
2:21:41 PM,5/21/2026,260521-141240-184.bin,92,0,0.08,0.93,739.2,0.13,0.48,237.6,265.4,172,0.13,267.9,8.957,8.98,12.719,49,4.49,50.4,37.90096,-93.31727,253.6,131.2,7.79,-71.2,12.1,0,19.522
2:21:40 PM,5/21/2026,260521-141240-184.bin,92,0,0.05,0.81,739.2,0.13,0.49,237.7,265.5,173,0.13,268,8.939,8.934,12.694,49,4.5,50.4,37.90096,-93.31727,253.6,131,7.79,-71.5,12.1,0,19.524
2:21:39 PM,5/21/2026,260521-141240-184.bin,92,0,0.03,0.84,739.3,0.11,0.54,237.9,265.7,173,0.13,268.2,8.92,8.931,12.667,49.1,4.5,50.5,37.90096,-93.31727,253.6,130.9,7.79,-71.6,12.1,0,19.534
2:21:38 PM,5/21/2026,260521-141240-184.bin,92,0,0,0.95,739.2,0.15,0.56,238.1,265.7,173,0.13,268.3,8.873,8.909,12.6,49.1,4.5,50.6,37.90096,-93.31727,253.7,130.8,7.8,-71.9,12.1,0,19.561
2:21:37 PM,5/21/2026,260521-141240-184.bin,92,0,-0.01,0.98,739.3,0.17,0.54,238.2,265.7,173,0.13,268.2,8.853,8.85,12.572,49.2,4.51,50.6,37.90096,-93.31727,253.8,130.9,7.8,-71.9,12.1,0,19.575
2:21:36 PM,5/21/2026,260521-141240-184.bin,92,0,-0.02,0.95,739.3,0.11,0.58,238.4,265.8,173,0.13,268.3,8.849,8.861,12.566,49.2,4.51,50.6,37.90096,-93.31726,253.5,130.9,7.8,-71.9,12.1,0,19.592
2:21:35 PM,5/21/2026,260521-141240-184.bin,92,0,0.04,0.88,739.3,0.11,0.62,238.5,265.8,173,0.13,268.4,8.838,8.844,12.55,49.3,4.51,50.7,37.90096,-93.31726,253.3,130.7,7.8,-72.2,12.1,0,19.608
2:21:34 PM,5/21/2026,260521-141240-184.bin,92,0,0.08,1.03,739.3,0.12,0.53,238.3,265.6,173,0.13,268.1,8.84,8.809,12.553,49.3,4.51,50.7,37.90096,-93.31726,253.3,130.7,7.81,-72.2,12.1,0,19.611
2:21:33 PM,5/21/2026,260521-141240-184.bin,92,0,0.07,1.07,739.2,0.17,0.5,238.3,265.6,173,0.13,268.1,8.844,8.847,12.559,49.3,4.52,50.7,37.90096,-93.31726,253.3,130.7,7.81,-72.2,12.1,0,19.616
2:21:32 PM,5/21/2026,260521-141240-184.bin,92,0,0.05,0.96,739.4,0.19,0.53,238.3,265.6,173,0.13,268.1,8.854,8.87,12.573,49.4,4.52,50.8,37.90096,-93.31726,253.5,130.6,7.81,-72.4,12.1,0,19.617
2:21:31 PM,5/21/2026,260521-141240-184.bin,92,0,0.04,0.95,739.3,0.21,0.53,238.1,265.4,173,0.13,267.9,8.827,8.831,12.535,49.5,4.53,50.9,37.90096,-93.31726,253.3,130.4,7.81,-72.6,12.1,0,19.615
2:21:30 PM,5/21/2026,260521-141240-184.bin,92,0,0.05,1.02,739.2,0.22,0.54,238.2,265.5,173,0.13,268,8.831,8.81,12.54,49.6,4.54,51,37.90096,-93.31726,253.4,130.1,7.82,-73,12.1,0,19.61
2:21:29 PM,5/21/2026,260521-141240-184.bin,92,0,0.09,0.94,739.4,0.22,0.54,238.2,265.5,173,0.13,268,8.868,8.865,12.593,49.6,4.54,51,37.90096,-93.31726,253.3,129.8,7.82,-73.2,12.1,0,19.609
2:21:28 PM,5/21/2026,260521-141240-184.bin,92,0,0.17,0.95,739.3,0.27,0.54,238.2,265.5,173,0.13,268,8.858,8.883,12.578,49.7,4.55,51.1,37.90096,-93.31727,252.8,129.7,7.82,-73.4,12.1,0,19.617
2:21:27 PM,5/21/2026,260521-141240-184.bin,92,0,0.18,1.03,739.3,0.26,0.53,238.1,265.4,172,0.13,267.9,8.861,8.84,12.582,49.8,4.56,51.2,37.90096,-93.31727,253.1,129.6,7.83,-73.4,12.1,0,19.618
2:21:26 PM,5/21/2026,260521-141240-184.bin,92,0,0.16,0.93,739.3,0.25,0.48,238,265.2,172,0.13,267.7,8.849,8.83,12.565,49.9,4.57,51.3,37.90096,-93.31727,252.8,129.7,7.83,-73.4,12.1,0,19.62
2:21:25 PM,5/21/2026,260521-141240-184.bin,92,0,0.21,0.93,739.3,0.26,0.48,237.9,265.2,172,0.13,267.7,8.842,8.865,12.555,50,4.58,51.4,37.90096,-93.31727,252.9,129.6,7.83,-73.6,12.1,0,19.616
2:21:24 PM,5/21/2026,260521-141240-184.bin,92,0,0.19,0.97,739.2,0.26,0.51,237.7,265.2,172,0.13,267.7,8.842,8.843,12.555,50,4.58,51.5,37.90096,-93.31726,252.7,129.4,7.83,-73.7,12.1,0,19.592
2:21:23 PM,5/21/2026,260521-141240-184.bin,92,0,0.15,1.03,739.2,0.26,0.52,237.8,265.3,172,0.13,267.8,8.85,8.832,12.568,50.1,4.59,51.6,37.90096,-93.31726,253.2,129.5,7.83,-73.7,12.1,0,19.575
2:21:22 PM,5/21/2026,260521-141240-184.bin,92,0,0.24,0.98,739.2,0.28,0.53,238,265.4,173,0.13,268,8.856,8.843,12.575,50.2,4.6,51.7,37.90096,-93.31726,253.3,129.6,7.83,-73.7,12.1,0,19.578
2:21:21 PM,5/21/2026,260521-141240-184.bin,92,0,0.29,0.92,739.2,0.25,0.54,238,265.4,173,0.13,268,8.848,8.862,12.565,50.3,4.61,51.7,37.90096,-93.31726,253.6,129.7,7.83,-73.7,12.1,0,19.585
2:21:20 PM,5/21/2026,260521-141240-184.bin,92,0,0.22,0.95,739.2,0.23,0.57,238,265.4,173,0.13,267.9,8.842,8.835,12.556,50.4,4.62,51.9,37.90096,-93.31727,253.6,129.7,7.83,-73.6,12.1,0,19.583
2:21:19 PM,5/21/2026,260521-141240-184.bin,92,0,0.13,1.04,739.3,0.22,0.59,238,265.5,173,0.13,268,8.845,8.833,12.559,50.5,4.63,52,37.90096,-93.31727,253.6,129.6,7.83,-73.7,12.1,0,19.578
2:21:18 PM,5/21/2026,260521-141240-184.bin,92,0,0.15,0.96,739.4,0.17,0.56,238,265.6,173,0.13,268.1,8.855,8.849,12.574,50.7,4.64,52.1,37.90097,-93.31727,253.5,129.6,7.83,-73.8,12.1,0,19.571
2:21:17 PM,5/21/2026,260521-141240-184.bin,92,0,0.2,0.91,739.3,0.13,0.5,238,265.6,173,0.13,268.1,8.851,8.862,12.568,50.8,4.66,52.3,37.90097,-93.31727,253.4,129.6,7.83,-73.9,12.1,0,19.558
2:21:16 PM,5/21/2026,260521-141240-184.bin,92,0,0.1,1.15,739.3,0.14,0.5,237.9,265.5,173,0.13,268,8.847,8.838,12.563,51,4.67,52.4,37.90097,-93.31727,253.6,129.6,7.84,-73.9,12.1,0,19.554
2:21:15 PM,5/21/2026,260521-141240-184.bin,92,0,0.05,1.14,739.3,0.14,0.56,237.9,265.5,173,0.13,268.1,8.851,8.846,12.568,51.1,4.68,52.6,37.90097,-93.31727,253.5,129.6,7.84,-74,12.1,0,19.558
2:21:14 PM,5/21/2026,260521-141240-184.bin,92,0,0.05,0.89,739.3,0.13,0.6,237.8,265.4,172,0.13,267.9,8.83,8.836,12.539,51.3,4.7,52.7,37.90097,-93.31727,253.6,129.7,7.83,-73.9,12.1,0,19.566
2:21:13 PM,5/21/2026,260521-141240-184.bin,92,0,0.01,0.75,739.3,0.12,0.53,237.7,265.3,172,0.13,267.8,8.833,8.825,12.544,51.5,4.72,52.9,37.90097,-93.31727,253.6,129.9,7.83,-73.8,12.1,0,19.561
2:21:12 PM,5/21/2026,260521-141240-184.bin,92,0,0,0.94,739.4,0.17,0.54,237.7,265.3,172,0.13,267.8,8.848,8.845,12.564,51.7,4.74,53.2,37.90097,-93.31727,253.6,129.9,7.83,-73.8,12.1,0,19.566
2:21:11 PM,5/21/2026,260521-141240-184.bin,92,0,0,1.08,739.4,0.18,0.57,237.7,265.1,172,0.13,267.7,8.839,8.862,12.551,51.8,4.75,53.3,37.90097,-93.31727,253.6,129.8,7.84,-74,12.1,0,19.587
2:21:10 PM,5/21/2026,260521-141240-184.bin,92,0,-0.01,0.9,739.4,0.15,0.48,237.8,265.2,172,0.13,267.7,8.824,8.81,12.53,52.1,4.77,53.6,37.90097,-93.31728,253.6,129.8,7.84,-74.1,12.1,0,19.59
2:21:09 PM,5/21/2026,260521-141240-184.bin,92,0,0.03,0.85,739.4,0.18,0.46,237.8,265.2,172,0.13,267.8,8.816,8.798,12.518,52.3,4.79,53.8,37.90097,-93.31728,253.5,129.7,7.84,-74.2,12.1,0,19.59
2:21:08 PM,5/21/2026,260521-141240-184.bin,92,0,0.04,0.95,739.3,0.17,0.52,237.8,265.2,172,0.13,267.7,8.845,8.846,12.56,52.7,4.83,54.2,37.90097,-93.31728,253.6,129.7,7.84,-74.3,12.1,0,19.583
2:21:07 PM,5/21/2026,260521-141240-184.bin,92,0,0.09,1.09,739.4,0.2,0.61,237.8,265.3,172,0.13,267.8,8.838,8.859,12.55,53,4.86,54.5,37.90097,-93.31728,253.4,129.7,7.84,-74.4,12.1,0,19.576
2:21:06 PM,5/21/2026,260521-141240-184.bin,92,0,0.2,1.08,739.3,0.26,0.63,237.9,265.4,173,0.13,267.9,8.833,8.825,12.543,53.3,4.89,54.8,37.90097,-93.31728,253.5,129.6,7.85,-74.8,12.1,0,19.572
2:21:05 PM,5/21/2026,260521-141240-184.bin,92,0,0.24,1.01,739.2,0.23,0.6,238,265.6,173,0.13,268.2,8.817,8.81,12.521,53.7,4.92,55.2,37.90097,-93.31728,253.6,129.2,7.86,-75.6,12.1,0,19.558
2:21:04 PM,5/21/2026,260521-141240-184.bin,92,0,0.23,1.01,739.3,0.22,0.54,238.2,265.8,173,0.13,268.3,8.827,8.837,12.535,54.1,4.96,55.6,37.90097,-93.31728,253.6,128.8,7.88,-76.2,12.1,0,19.56
2:21:03 PM,5/21/2026,260521-141240-184.bin,92,0,0.2,1.1,739.3,0.22,0.49,238.2,265.8,173,0.13,268.3,8.836,8.85,12.547,54.4,4.99,56,37.90097,-93.31728,253.7,128.6,7.88,-76.6,12.1,0,19.565
2:21:02 PM,5/21/2026,260521-141240-184.bin,92,0,0.15,1.05,739.3,0.19,0.5,238.3,265.9,173,0.13,268.4,8.836,8.822,12.547,54.8,5.02,56.4,37.90097,-93.31728,253.8,128.6,7.89,-76.9,12.1,0,19.569
2:21:01 PM,5/21/2026,260521-141240-184.bin,92,0,0.14,1,739.4,0.19,0.51,238.4,265.8,173,0.13,268.3,8.837,8.824,12.548,55.2,5.06,56.8,37.90097,-93.31728,253.7,128.7,7.89,-77.1,12.1,0,19.597
2:21:00 PM,5/21/2026,260521-141240-184.bin,92,0,0.07,0.97,739.4,0.14,0.48,238.4,265.8,173,0.13,268.3,8.838,8.849,12.55,55.8,5.11,57.4,37.90097,-93.31728,253.7,128.7,7.89,-77.3,12.1,0,19.597
2:20:59 PM,5/21/2026,260521-141240-184.bin,92,0,0.05,0.97,739.3,0.11,0.49,238.3,265.8,173,0.13,268.4,8.848,8.853,12.564,56.4,5.16,58,37.90097,-93.31728,253.8,128.9,7.9,-77.4,12.1,0,19.582
2:20:58 PM,5/21/2026,260521-141240-184.bin,92,0,0.01,0.86,739.2,0.11,0.5,238.4,265.9,173,0.13,268.4,8.85,8.843,12.568,57,5.22,58.6,37.90098,-93.31728,253.8,129,7.9,-77.7,12.1,0,19.586
2:20:57 PM,5/21/2026,260521-141240-184.bin,92,0,-0.04,0.89,739.4,0.16,0.51,238.5,266,173,0.13,268.5,8.849,8.832,12.565,57.6,5.28,59.3,37.90098,-93.31728,253.8,128.8,7.91,-78.3,12.1,0,19.597
2:20:56 PM,5/21/2026,260521-141240-184.bin,92,0,-0.02,0.94,739.2,0.2,0.5,238.8,266.1,173,0.13,268.6,8.836,8.852,12.547,58.5,5.35,60.1,37.90098,-93.31728,253.7,128.6,7.92,-79.1,12.1,0,19.632
2:20:55 PM,5/21/2026,260521-141240-184.bin,92,0,0.07,1.07,739.2,0.19,0.5,239,266.3,173,0.13,268.8,8.833,8.827,12.542,59.2,5.41,60.9,37.90098,-93.31728,253.8,128.6,7.93,-79.3,12.1,0,19.64
2:20:54 PM,5/21/2026,260521-141240-184.bin,92,0,0.15,1.11,739.2,0.24,0.51,239.3,266.6,173,0.13,269.1,8.851,8.86,12.568,60,5.49,61.7,37.90098,-93.31728,253.8,128.6,7.94,-80.2,12.1,0,19.644
2:20:53 PM,5/21/2026,260521-141240-184.bin,92,0,0.15,1.04,739.3,0.29,0.52,239.8,266.7,173,0.13,269.1,8.828,8.838,12.535,60.8,5.55,62.5,37.90098,-93.31728,253.8,128.6,7.96,-81,12.1,0,19.715
2:20:52 PM,5/21/2026,260521-141240-184.bin,92,0,0.23,1.02,739.3,0.25,0.54,240.3,266.5,173,0.13,269,8.787,8.776,12.476,61.6,5.61,63.4,37.90098,-93.31728,253.8,128.4,7.97,-81.7,12.1,0,19.838
2:20:51 PM,5/21/2026,260521-141240-184.bin,92,0,0.22,0.91,739.3,0.21,0.53,240.5,266.4,173,0.13,268.8,8.794,8.789,12.486,62,5.65,63.8,37.90098,-93.31728,253.8,128.3,7.99,-83,12.1,0,19.905
2:20:50 PM,5/21/2026,260521-141240-184.bin,92,0,0.08,0.97,739.3,0.2,0.53,240.6,266.4,173,0.13,268.7,8.777,8.807,12.462,62.5,5.68,64.2,37.90098,-93.31727,253.9,128.2,8.02,-84.6,12.1,0,19.938
2:20:49 PM,5/21/2026,260521-141240-184.bin,92,0,0.07,0.94,739.3,0.2,0.52,240.6,266.1,173,0.13,268.5,8.729,8.735,12.394,62.7,5.7,64.5,37.90098,-93.31727,253.9,128.4,8.02,-84.7,12.1,0,19.973
2:20:48 PM,5/21/2026,260521-141240-184.bin,92,0,0.11,0.93,739.2,0.18,0.54,240.4,265.6,173,0.13,267.9,8.687,8.674,12.334,62.9,5.71,64.7,37.90098,-93.31727,254,128.5,8.02,-84.9,12.1,0,20.024
2:20:47 PM,5/21/2026,260521-141240-184.bin,92,0,0.05,1.08,739.2,0.16,0.52,240.3,265.2,172,0.13,267.5,8.686,8.698,12.333,63.1,5.72,64.9,37.90098,-93.31727,254.1,128.3,8.03,-85.1,12.1,0,20.082
2:20:46 PM,5/21/2026,260521-141240-184.bin,92,0,0.03,1.01,739.2,0.2,0.45,240,264.6,172,0.13,266.9,8.654,8.686,12.287,63.3,5.73,65.1,37.90098,-93.31727,254.1,128.2,8.04,-85.5,12.1,0,20.12
2:20:45 PM,5/21/2026,260521-141240-184.bin,92,0,0.03,1.08,739.2,0.24,0.5,239.9,264.4,172,0.13,266.7,8.634,8.628,12.259,63.5,5.75,65.3,37.90098,-93.31727,254,128.2,8.04,-85.8,12.1,0,20.15
2:20:44 PM,5/21/2026,260521-141240-184.bin,92,0,0.03,1.17,739.3,0.28,0.54,239.8,264.2,172,0.13,266.5,8.604,8.595,12.216,63.6,5.76,65.5,37.90098,-93.31727,254,127.9,8.05,-86.6,12.1,0,20.162
2:20:43 PM,5/21/2026,260521-141240-184.bin,92,0,0.14,1.03,739.2,0.32,0.51,239.8,264.1,172,0.13,266.3,8.595,8.624,12.204,63.7,5.77,65.6,37.90098,-93.31727,254,127.5,8.07,-87.3,12.1,0,20.188
2:20:42 PM,5/21/2026,260521-141240-184.bin,92,0,0.26,1.08,739.2,0.28,0.52,239.8,264,172,0.13,266.2,8.544,8.581,12.131,63.8,5.78,65.7,37.90098,-93.31727,254.1,127.3,8.08,-88.1,12.1,0,20.205
2:20:41 PM,5/21/2026,260521-141240-184.bin,92,0,0.26,1.16,739.3,0.24,0.55,239.7,263.8,171,0.13,266.1,8.49,8.505,12.054,64,5.79,65.8,37.90098,-93.31727,254,127.1,8.09,-88.5,12.1,0,20.221
2:20:40 PM,5/21/2026,260521-141240-184.bin,92,0,0.2,1.11,739.2,0.23,0.58,239.7,263.8,171,0.13,266,8.43,8.433,11.97,64,5.79,65.9,37.90098,-93.31727,254,126.8,8.09,-88.8,12.1,0,20.227
2:20:39 PM,5/21/2026,260521-141240-184.bin,92,0,0.15,1.24,739.3,0.18,0.69,239.8,263.9,172,0.13,266.1,8.393,8.415,11.917,64.1,5.79,65.9,37.90098,-93.31727,254,126.9,8.09,-88.8,12.1,0,20.23
2:20:38 PM,5/21/2026,260521-141240-184.bin,92,0,0.07,1.42,739.3,0.14,0.68,239.8,263.8,171,0.13,266,8.374,8.371,11.889,64.1,5.8,66,37.90098,-93.31727,254,127.1,8.09,-88.7,12.1,0,20.234
2:20:37 PM,5/21/2026,260521-141240-184.bin,92,0,0.02,1.41,739.3,0.15,0.56,239.8,263.8,171,0.13,266.1,8.367,8.358,11.879,64.1,5.8,66,37.90099,-93.31727,254,127.1,8.09,-88.7,12.1,0,20.235
2:20:36 PM,5/21/2026,260521-141240-184.bin,92,0,0.01,1.48,739.2,0.19,0.55,240,264,172,0.13,266.3,8.367,8.377,11.879,64.2,5.8,66,37.90099,-93.31727,254.2,127.1,8.09,-88.8,12.1,0,20.234
2:20:35 PM,5/21/2026,260521-141240-184.bin,92,0,-0.01,1.5,739.2,0.19,0.61,240,264.1,172,0.13,266.3,8.349,8.346,11.854,64.2,5.8,66,37.90099,-93.31727,254.1,127,8.09,-88.9,12.1,0,20.237
2:20:34 PM,5/21/2026,260521-141240-184.bin,92,0,0.1,1.19,739.3,0.22,0.58,239.8,263.8,171,0.13,266.1,8.366,8.361,11.878,64.2,5.81,66.1,37.90099,-93.31727,254.1,127,8.1,-89.1,12.1,0,20.242
2:20:33 PM,5/21/2026,260521-141240-184.bin,92,0,0.29,1.01,739.2,0.28,0.52,239.8,263.7,171,0.13,265.9,8.383,8.388,11.902,64.3,5.81,66.1,37.90099,-93.31727,254.1,126.9,8.1,-89.1,12.1,0,20.246
2:20:32 PM,5/21/2026,260521-141240-184.bin,92,0,0.36,1.36,739.2,0.28,0.54,239.8,263.7,171,0.13,265.9,8.352,8.358,11.859,64.3,5.82,66.2,37.90099,-93.31727,254.2,126.8,8.1,-89.2,12.1,0,20.256
2:20:31 PM,5/21/2026,260521-141240-184.bin,92,0,0.23,1.56,739.3,0.28,0.56,239.8,263.7,171,0.13,265.9,8.35,8.334,11.855,64.4,5.82,66.2,37.90099,-93.31727,254.2,126.6,8.1,-89.3,12.1,0,20.26
2:20:30 PM,5/21/2026,260521-141240-184.bin,92,0,0.16,1.35,739.2,0.26,0.55,239.9,263.7,171,0.13,266,8.379,8.377,11.896,64.4,5.83,66.3,37.90099,-93.31727,254.1,126.5,8.1,-89.3,12.1,0,20.258
2:20:29 PM,5/21/2026,260521-141240-184.bin,92,0,0.13,1.31,739.2,0.23,0.58,239.8,263.7,171,0.13,265.9,8.377,8.394,11.894,64.5,5.83,66.3,37.90099,-93.31727,254.1,126.5,8.1,-89.3,12.1,0,20.256
2:20:28 PM,5/21/2026,260521-141240-184.bin,92,0,0.06,1.07,739.3,0.23,0.57,239.8,263.6,171,0.13,265.9,8.368,8.359,11.88,64.5,5.83,66.4,37.90099,-93.31727,254.1,126.4,8.1,-89.4,12.1,0,20.259
2:20:27 PM,5/21/2026,260521-141240-184.bin,92,0,-0.02,1.07,739.3,0.16,0.53,239.7,263.6,171,0.13,265.9,8.365,8.347,11.877,64.6,5.84,66.5,37.90099,-93.31727,254.1,126.5,8.1,-89.4,12.1,0,20.256
2:20:26 PM,5/21/2026,260521-141240-184.bin,92,0,-0.05,1.39,739.3,0.15,0.61,239.7,263.6,171,0.13,265.9,8.384,8.39,11.904,64.7,5.85,66.5,37.90099,-93.31727,254.1,126.7,8.1,-89.3,12.1,0,20.244
2:20:25 PM,5/21/2026,260521-141240-184.bin,92,0,0.05,1.35,739.2,0.22,0.64,239.8,263.8,171,0.13,266.1,8.386,8.393,11.907,64.8,5.86,66.6,37.90099,-93.31727,254.1,126.4,8.11,-89.7,12.1,0,20.231
2:20:24 PM,5/21/2026,260521-141240-184.bin,92,0,0.12,1.16,739.2,0.27,0.61,239.9,263.9,172,0.13,266.2,8.387,8.373,11.908,64.9,5.87,66.7,37.90099,-93.31727,254.1,126,8.12,-90.2,12.1,0,20.231
2:20:23 PM,5/21/2026,260521-141240-184.bin,92,0,0.18,1.02,739.2,0.26,0.58,240,264,172,0.13,266.3,8.36,8.362,11.87,65,5.87,66.8,37.90099,-93.31727,254.1,125.9,8.12,-90.4,12.1,0,20.238
2:20:22 PM,5/21/2026,260521-141240-184.bin,92,0,0.19,1.07,739.2,0.24,0.55,240.1,264.1,172,0.13,266.3,8.354,8.362,11.862,65,5.88,66.9,37.90099,-93.31727,254.1,126,8.12,-90.4,12.1,0,20.24
2:20:21 PM,5/21/2026,260521-141240-184.bin,92,0,0.14,1.16,739.3,0.23,0.54,240,264,172,0.13,266.3,8.379,8.38,11.897,65.1,5.89,67,37.90099,-93.31727,254.1,126.3,8.12,-90.4,12.1,0,20.247
2:20:20 PM,5/21/2026,260521-141240-184.bin,92,0,0.12,1.23,739.3,0.19,0.55,240,263.8,172,0.13,266.1,8.383,8.384,11.902,65.3,5.9,67.1,37.90099,-93.31727,254.2,126.2,8.12,-90.6,12.1,0,20.258
2:20:19 PM,5/21/2026,260521-141240-184.bin,92,0,0.04,1.22,739.3,0.15,0.58,240,263.8,171,0.13,266,8.359,8.359,11.868,65.4,5.91,67.3,37.90099,-93.31727,254.2,126.1,8.13,-90.8,12.1,0,20.27
2:20:18 PM,5/21/2026,260521-141240-184.bin,92,0,-0.02,1.14,739.3,0.17,0.61,240,263.8,171,0.13,266,8.356,8.355,11.863,65.5,5.92,67.4,37.90099,-93.31727,254.2,126.1,8.13,-90.9,12.1,0,20.282
2:20:17 PM,5/21/2026,260521-141240-184.bin,92,0,0,1.29,739.2,0.23,0.59,240.1,263.8,171,0.13,266.1,8.373,8.367,11.889,65.7,5.94,67.6,37.90099,-93.31727,254.2,126.2,8.13,-90.9,12.1,0,20.282
2:20:16 PM,5/21/2026,260521-141240-184.bin,92,0,0.16,1.2,739.3,0.27,0.55,239.9,263.6,171,0.13,265.9,8.391,8.393,11.913,65.8,5.95,67.7,37.90099,-93.31727,254.2,126.3,8.13,-91.1,12.1,0,20.292
2:20:15 PM,5/21/2026,260521-141240-184.bin,92,0,0.23,1.2,739.3,0.33,0.54,239.9,263.5,171,0.13,265.7,8.37,8.379,11.883,66,5.96,67.9,37.90099,-93.31727,254.2,126.2,8.14,-91.7,12.1,0,20.316
2:20:14 PM,5/21/2026,260521-141240-184.bin,92,0,0.23,1.23,739.2,0.34,0.54,240,263.5,171,0.13,265.7,8.351,8.337,11.857,66.2,5.98,68.1,37.90099,-93.31727,254.2,126.1,8.16,-92.4,12.1,0,20.339
2:20:13 PM,5/21/2026,260521-141240-184.bin,92,0,0.27,1.13,739.2,0.25,0.56,240,263.4,171,0.13,265.6,8.377,8.375,11.894,66.4,5.99,68.3,37.90099,-93.31727,254.1,126.1,8.16,-92.6,12.1,0,20.35
2:20:12 PM,5/21/2026,260521-141240-184.bin,92,0,0.19,1.09,739.2,0.21,0.57,239.9,263.2,171,0.13,265.4,8.38,8.396,11.898,66.7,6.02,68.6,37.90099,-93.31727,254.1,126.1,8.16,-92.6,12.1,0,20.349
2:20:11 PM,5/21/2026,260521-141240-184.bin,92,0,0.06,0.98,739.2,0.23,0.57,239.8,263.2,171,0.13,265.4,8.378,8.359,11.894,66.9,6.04,68.9,37.90099,-93.31727,254.1,126.1,8.16,-92.9,12.1,0,20.338
2:20:10 PM,5/21/2026,260521-141240-184.bin,92,0,-0.01,1.32,739.2,0.2,0.63,239.8,263.2,171,0.13,265.4,8.376,8.377,11.892,67.2,6.07,69.1,37.90099,-93.31727,254.2,126.1,8.17,-93.5,12.1,0,20.336
2:20:09 PM,5/21/2026,260521-141240-184.bin,92,0,-0.02,1.29,739.3,0.2,0.66,239.8,263.2,171,0.13,265.4,8.367,8.386,11.88,67.4,6.08,69.4,37.90099,-93.31727,254.3,126,8.19,-94.3,12.1,0,20.339
2:20:08 PM,5/21/2026,260521-141240-184.bin,92,0,0.09,1.16,739.3,0.22,0.61,239.7,263.1,171,0.12,265.3,8.329,8.347,11.826,67.7,6.11,69.6,37.90099,-93.31727,254.3,125.9,8.2,-94.8,12.1,0,20.352
2:20:07 PM,5/21/2026,260521-141240-184.bin,92,0,0.22,1.37,739.1,0.25,0.61,239.6,262.8,171,0.12,265,8.286,8.295,11.764,68,6.13,69.9,37.90099,-93.31727,254.4,125.5,8.21,-95.5,12.1,0,20.369
2:20:06 PM,5/21/2026,260521-141240-184.bin,92,0,0.24,1.47,739.2,0.25,0.62,239.6,262.9,171,0.12,265,8.264,8.262,11.733,68.3,6.16,70.2,37.90099,-93.31727,254.4,125.1,8.22,-96.3,12.1,0,20.373
2:20:05 PM,5/21/2026,260521-141240-184.bin,92,0,0.19,1.54,739.3,0.24,0.62,239.8,263,171,0.12,265.2,8.263,8.278,11.731,68.6,6.19,70.5,37.90099,-93.31727,254.4,124.9,8.24,-97,12.1,0,20.37
2:20:04 PM,5/21/2026,260521-141240-184.bin,92,0,0.13,1.43,739.3,0.23,0.7,239.8,263.1,171,0.12,265.2,8.227,8.238,11.68,68.8,6.21,70.8,37.90099,-93.31727,254.3,125,8.24,-97.3,12.1,0,20.372
2:20:03 PM,5/21/2026,260521-141240-184.bin,92,0,0.02,1.25,739.3,0.15,0.63,239.9,263.1,171,0.12,265.3,8.196,8.2,11.636,69.1,6.23,71,37.90099,-93.31727,254.3,125.1,8.25,-97.8,12.1,0,20.382
2:20:02 PM,5/21/2026,260521-141240-184.bin,92,0,-0.06,1.33,739.3,0.15,0.6,239.9,263,171,0.12,265.2,8.163,8.181,11.59,69.3,6.25,71.3,37.90099,-93.31727,254.3,125,8.26,-98.3,12.1,0,20.396
2:20:01 PM,5/21/2026,260521-141240-184.bin,92,0,-0.02,1.7,739.3,0.25,0.67,239.7,262.7,171,0.12,264.9,8.114,8.143,11.52,69.5,6.27,71.5,37.90099,-93.31727,254.3,124.8,8.27,-98.8,12.1,0,20.408
2:20:00 PM,5/21/2026,260521-141240-184.bin,92,0,0.17,1.74,739.3,0.29,0.69,239.7,262.7,171,0.12,264.8,8.096,8.095,11.495,69.7,6.28,71.7,37.90099,-93.31727,254.3,124.7,8.27,-99.2,12.1,0,20.419
2:19:59 PM,5/21/2026,260521-141240-184.bin,92,0,0.23,1.53,739.2,0.3,0.69,239.8,262.7,171,0.12,264.9,8.078,8.092,11.469,69.9,6.29,71.9,37.90099,-93.31727,254.3,124.9,8.28,-99.5,12.1,0,20.428
2:19:58 PM,5/21/2026,260521-141240-184.bin,92,0,0.21,1.49,739.2,0.32,0.72,239.7,262.5,171,0.12,264.7,8.035,8.055,11.408,70.1,6.31,72.1,37.90099,-93.31727,254.3,124.9,8.29,-100,12.1,0,20.448
2:19:57 PM,5/21/2026,260521-141240-184.bin,92,0,0.23,1.47,739.2,0.32,0.75,239.7,262.5,171,0.12,264.6,8.006,8.022,11.366,70.2,6.32,72.2,37.90099,-93.31727,254.2,124.9,8.3,-100.5,12.1,0,20.46
2:19:56 PM,5/21/2026,260521-141240-184.bin,92,0,0.1,1.69,739.3,0.28,0.81,239.9,262.6,171,0.12,264.7,7.981,7.984,11.331,70.4,6.33,72.4,37.90099,-93.31727,254.2,124.7,8.3,-100.8,12.1,0,20.477
2:19:55 PM,5/21/2026,260521-141240-184.bin,92,0,0,2.04,739.3,0.23,0.88,239.9,262.6,171,0.12,264.7,7.967,7.975,11.311,70.5,6.34,72.5,37.90099,-93.31727,254.1,124.6,8.31,-101.2,12.1,0,20.482
2:19:54 PM,5/21/2026,260521-141240-184.bin,92,0,0.01,1.96,739.2,0.2,0.78,239.9,262.5,171,0.12,264.7,7.936,7.948,11.267,70.6,6.35,72.6,37.90099,-93.31727,254.1,124.5,8.31,-101.5,12.1,0,20.484
2:19:53 PM,5/21/2026,260521-141240-184.bin,92,0,0.03,1.93,739.2,0.22,0.82,239.7,262.3,170,0.12,264.4,7.894,7.892,11.207,70.7,6.36,72.7,37.90099,-93.31727,254.1,124.4,8.32,-102,12.1,0,20.491
2:19:52 PM,5/21/2026,260521-141240-184.bin,92,0,0.13,1.95,739.3,0.27,0.83,239.6,262.1,170,0.12,264.2,7.877,7.883,11.183,70.8,6.37,72.8,37.90099,-93.31727,254.1,124.2,8.33,-102.4,12.1,0,20.497
2:19:51 PM,5/21/2026,260521-141240-184.bin,92,0,0.28,1.85,739.3,0.32,0.79,239.5,262,170,0.12,264.1,7.855,7.873,11.152,70.9,6.38,72.9,37.90099,-93.31727,254,124.4,8.33,-102.3,12.1,0,20.502
2:19:50 PM,5/21/2026,260521-141240-184.bin,92,0,0.32,1.74,739.3,0.33,0.79,239.4,261.9,170,0.12,264,7.836,7.84,11.125,71,6.38,73,37.90099,-93.31727,254,124.4,8.33,-102.4,12.1,0,20.504
2:19:49 PM,5/21/2026,260521-141240-184.bin,92,0,0.26,1.77,739.2,0.27,0.78,239.3,261.8,170,0.12,263.9,7.83,7.817,11.116,71.1,6.39,73.1,37.90099,-93.31727,254.1,124.3,8.34,-102.8,12.1,0,20.507
2:19:48 PM,5/21/2026,260521-141240-184.bin,92,0,0.15,1.85,739.3,0.22,0.81,239.5,261.9,170,0.12,264.1,7.827,7.808,11.113,71.2,6.4,73.2,37.90099,-93.31727,254,124.4,8.34,-103,12.1,0,20.51
2:19:47 PM,5/21/2026,260521-141240-184.bin,92,0,0.03,1.75,739.3,0.15,0.77,239.5,262,170,0.12,264.1,7.831,7.844,11.118,71.3,6.42,73.4,37.90099,-93.31727,254,124.4,8.34,-103,12.1,0,20.514
2:19:46 PM,5/21/2026,260521-141240-184.bin,92,0,0.05,1.79,739.2,0.18,0.77,239.5,261.9,170,0.12,264.1,7.831,7.818,11.118,71.5,6.43,73.6,37.90099,-93.31727,254,124.3,8.34,-103,12.1,0,20.514
2:19:45 PM,5/21/2026,260521-141240-184.bin,92,0,0.15,1.99,739.3,0.27,0.8,239.5,262,170,0.12,264.1,7.841,7.813,11.132,71.7,6.45,73.7,37.90099,-93.31726,253.9,124,8.35,-103.5,12.1,0,20.51
2:19:44 PM,5/21/2026,260521-141240-184.bin,92,0,0.24,2.03,739.3,0.32,0.77,239.6,262.1,170,0.12,264.2,7.851,7.832,11.146,71.8,6.45,73.8,37.90099,-93.31727,253.9,123.7,8.35,-103.7,12.1,0,20.508
2:19:43 PM,5/21/2026,260521-141240-184.bin,92,0,0.39,2.08,739.2,0.37,0.73,239.5,262,170,0.12,264.1,7.849,7.862,11.143,71.9,6.47,73.9,37.90099,-93.31727,253.8,123.6,8.35,-103.8,12.1,0,20.509
2:19:42 PM,5/21/2026,260521-141240-184.bin,92,0,0.42,2.09,739.3,0.33,0.78,239.5,262,170,0.12,264.1,7.853,7.84,11.149,72,6.48,74.1,37.90099,-93.31727,253.8,123.8,8.35,-103.4,12.1,0,20.508
2:19:41 PM,5/21/2026,260521-141240-184.bin,92,0,0.25,1.83,739.4,0.25,0.77,239.5,262,170,0.12,264.1,7.858,7.861,11.156,72.2,6.5,74.3,37.90099,-93.31727,253.7,124.1,8.34,-103.2,12.1,0,20.503
2:19:40 PM,5/21/2026,260521-141240-184.bin,92,0,0.07,1.74,739.2,0.24,0.71,239.5,262,170,0.12,264.1,7.847,7.852,11.14,72.4,6.51,74.5,37.90099,-93.31727,253.7,124.1,8.34,-103.3,12.1,0,20.497
2:19:39 PM,5/21/2026,260521-141240-184.bin,92,0,0,1.66,739.2,0.26,0.69,239.4,261.9,170,0.12,264,7.851,7.85,11.146,72.5,6.52,74.5,37.90099,-93.31727,253.7,123.9,8.35,-103.4,12.1,0,20.496
2:19:38 PM,5/21/2026,260521-141240-184.bin,92,0,0.04,1.68,739.2,0.29,0.7,239.3,261.8,170,0.12,263.9,7.883,7.884,11.191,72.6,6.53,74.7,37.90099,-93.31727,253.8,124.2,8.35,-103.5,12.1,0,20.499
2:19:37 PM,5/21/2026,260521-141240-184.bin,92,0,0.08,1.84,739.2,0.39,0.72,239.4,261.9,170,0.12,264,7.876,7.892,11.182,72.7,6.54,74.8,37.90099,-93.31727,253.7,124.2,8.36,-103.9,12.1,0,20.507
2:19:36 PM,5/21/2026,260521-141240-184.bin,92,0,0.16,1.95,739.2,0.4,0.76,239.6,262,170,0.12,264.1,7.821,7.833,11.103,72.8,6.54,74.9,37.90099,-93.31727,253.7,123.7,8.37,-104.7,12.1,0,20.512
2:19:35 PM,5/21/2026,260521-141240-184.bin,92,0,0.28,1.92,739.2,0.34,0.75,239.5,261.9,170,0.12,264,7.808,7.807,11.085,72.8,6.55,74.9,37.90099,-93.31727,253.7,123.7,8.38,-105.1,12.1,0,20.52
2:19:34 PM,5/21/2026,260521-141240-184.bin,92,0,0.27,1.9,739.2,0.32,0.75,239.5,261.8,170,0.12,264,7.778,7.792,11.043,72.8,6.55,74.9,37.90099,-93.31727,253.7,123.6,8.39,-105.7,12.1,0,20.531
2:19:33 PM,5/21/2026,260521-141240-184.bin,92,0,0.13,1.84,739.3,0.28,0.77,239.5,261.8,170,0.12,263.9,7.713,7.734,10.95,72.8,6.55,74.9,37.90099,-93.31727,253.7,123.5,8.39,-106,12.1,0,20.541
2:19:32 PM,5/21/2026,260521-141240-184.bin,92,0,0.03,1.75,739.4,0.23,0.76,239.4,261.6,170,0.12,263.7,7.675,7.697,10.896,72.8,6.54,74.9,37.90099,-93.31727,253.7,123.6,8.39,-105.8,12.1,0,20.542
2:19:31 PM,5/21/2026,260521-141240-184.bin,92,0,0.02,1.71,739.3,0.18,0.74,239.3,261.6,170,0.12,263.7,7.62,7.621,10.819,72.7,6.54,74.8,37.90099,-93.31727,253.7,123.7,8.39,-105.6,12.1,0,20.544
2:19:30 PM,5/21/2026,260521-141240-184.bin,92,0,0.08,1.73,739.3,0.28,0.76,239.3,261.6,170,0.12,263.7,7.601,7.623,10.792,72.7,6.53,74.7,37.90099,-93.31727,253.8,123.8,8.38,-105.3,12.1,0,20.547
2:19:29 PM,5/21/2026,260521-141240-184.bin,92,0,0.22,1.84,739.3,0.38,0.79,239.4,261.7,170,0.12,263.7,7.528,7.573,10.688,72.6,6.53,74.7,37.90099,-93.31727,253.9,124,8.38,-105.1,12.1,0,20.549
2:19:28 PM,5/21/2026,260521-141240-184.bin,92,0,0.32,1.93,739.3,0.35,0.8,239.4,261.7,170,0.12,263.8,7.476,7.489,10.613,72.6,6.52,74.7,37.90099,-93.31727,253.9,124.2,8.37,-104.9,12.1,0,20.551
2:19:27 PM,5/21/2026,260521-141240-184.bin,92,0,0.3,1.94,739.3,0.32,0.78,239.3,261.6,170,0.12,263.7,7.442,7.434,10.566,72.5,6.52,74.6,37.90098,-93.31727,254,124.2,8.37,-104.7,12.1,0,20.552
2:19:26 PM,5/21/2026,260521-141240-184.bin,92,0,0.21,1.85,739.3,0.3,0.74,239.4,261.6,170,0.12,263.7,7.426,7.453,10.542,72.4,6.51,74.5,37.90098,-93.31727,254,124.1,8.37,-104.5,12.1,0,20.553
2:19:25 PM,5/21/2026,260521-141240-184.bin,92,0,0.13,1.94,739.3,0.22,0.69,239.3,261.5,170,0.12,263.6,7.391,7.413,10.494,72.3,6.5,74.4,37.90098,-93.31727,254,124.1,8.36,-104.3,12.1,0,20.553
2:19:24 PM,5/21/2026,260521-141240-184.bin,92,0,0.07,1.8,739.2,0.17,0.71,239.2,261.4,170,0.12,263.5,7.351,7.359,10.436,72.3,6.5,74.4,37.90098,-93.31727,254.1,124.3,8.35,-103.9,12.1,0,20.555
2:19:23 PM,5/21/2026,260521-141240-184.bin,92,0,0.06,1.63,739.4,0.27,0.7,239.4,261.6,170,0.12,263.7,7.285,7.314,10.342,72.4,6.51,74.5,37.90098,-93.31727,254.1,124.4,8.34,-103.1,12.1,0,20.556
2:19:22 PM,5/21/2026,260521-141240-184.bin,92,0,0.16,1.74,739.3,0.34,0.65,239.5,261.7,170,0.12,263.8,7.268,7.261,10.319,72.5,6.52,74.6,37.90098,-93.31727,254.2,124.4,8.33,-102.4,12.1,0,20.556
2:19:21 PM,5/21/2026,260521-141240-184.bin,92,0,0.28,1.7,739.3,0.37,0.65,239.4,261.6,170,0.12,263.7,7.251,7.259,10.294,72.7,6.53,74.8,37.90098,-93.31727,254.3,124.4,8.33,-102.4,12.1,0,20.556
2:19:20 PM,5/21/2026,260521-141240-184.bin,92,0,0.28,1.58,739.2,0.34,0.65,239.4,261.6,170,0.12,263.7,7.21,7.221,10.236,72.9,6.55,75,37.90098,-93.31727,254.3,124.3,8.33,-102.5,12.1,0,20.557
2:19:19 PM,5/21/2026,260521-141240-184.bin,92,0,0.22,1.74,739.3,0.28,0.67,239.4,261.6,170,0.12,263.7,7.164,7.173,10.171,73.1,6.57,75.2,37.90098,-93.31727,254.3,124.4,8.33,-102.5,12.1,0,20.557
2:19:18 PM,5/21/2026,260521-141240-184.bin,92,0,0.16,1.73,739.2,0.23,0.69,239.4,261.6,170,0.12,263.7,7.129,7.131,10.121,73.3,6.59,75.4,37.90098,-93.31728,254.4,124.5,8.33,-102.6,12.1,0,20.558
2:19:17 PM,5/21/2026,260521-141240-184.bin,92,0,0.03,1.48,739.2,0.15,0.68,239.5,261.7,170,0.12,263.8,7.132,7.123,10.125,73.5,6.61,75.6,37.90098,-93.31728,254.4,124.6,8.33,-102.6,12.1,0,20.558
2:19:16 PM,5/21/2026,260521-141240-184.bin,92,0,0.02,1.6,739.2,0.2,0.65,239.6,261.8,170,0.12,263.9,7.136,7.162,10.132,73.8,6.63,75.9,37.90098,-93.31728,254.4,124.5,8.34,-103.2,12.1,0,20.56
2:19:15 PM,5/21/2026,260521-141240-184.bin,92,0,0.2,1.79,739.3,0.26,0.66,239.6,261.7,170,0.12,263.8,7.069,7.098,10.037,74,6.65,76.1,37.90097,-93.31728,254.5,124.4,8.35,-103.7,12.1,0,20.565
2:19:14 PM,5/21/2026,260521-141240-184.bin,92,0,0.31,1.87,739.3,0.31,0.71,239.6,261.7,170,0.12,263.8,7.023,7.016,9.97,74.2,6.67,76.3,37.90097,-93.31728,254.5,124.3,8.35,-103.7,12.1,0,20.565
2:19:13 PM,5/21/2026,260521-141240-184.bin,92,0,0.27,1.87,739.3,0.39,0.71,239.6,261.8,170,0.12,263.9,7.05,7.042,10.009,74.4,6.69,76.6,37.90097,-93.31728,254.5,124.2,8.35,-103.8,12.1,0,20.563
2:19:12 PM,5/21/2026,260521-141240-184.bin,92,0,0.22,1.78,739.3,0.39,0.67,239.4,261.6,170,0.12,263.7,7.032,7.061,9.983,74.7,6.71,76.9,37.90097,-93.31728,254.4,123.8,8.36,-104.4,12.1,0,20.564
2:19:11 PM,5/21/2026,260521-141240-184.bin,92,0,0.16,1.66,739.3,0.3,0.68,239.3,261.4,170,0.12,263.5,7.017,7.006,9.962,75,6.74,77.1,37.90097,-93.31728,254.5,123.7,8.37,-104.6,12.1,0,20.564
2:19:10 PM,5/21/2026,260521-141240-184.bin,92,0,0.09,1.5,739.3,0.27,0.68,239.2,261.3,170,0.12,263.4,7.032,7.012,9.983,75.3,6.77,77.5,37.90097,-93.31728,254.5,123.8,8.37,-104.7,12.1,0,20.565
2:19:09 PM,5/21/2026,260521-141240-184.bin,92,0,0.06,1.73,739.3,0.23,0.71,239.1,261.2,170,0.12,263.3,7.028,7.049,9.978,75.6,6.79,77.8,37.90097,-93.31728,254.5,123.7,8.38,-105.4,12.1,0,20.572
2:19:08 PM,5/21/2026,260521-141240-184.bin,92,0,0.1,2,739.3,0.28,0.76,239.1,261.2,170,0.12,263.3,6.992,7.026,9.927,75.9,6.82,78.1,37.90096,-93.31728,254.5,123.3,8.4,-106.4,12.1,0,20.575
2:19:07 PM,5/21/2026,260521-141240-184.bin,92,0,0.22,2.13,739.3,0.34,0.74,239.1,261.2,170,0.12,263.2,6.973,6.968,9.9,76.1,6.83,78.3,37.90096,-93.31728,254.4,123.1,8.41,-107,12.1,0,20.574
2:19:06 PM,5/21/2026,260521-141240-184.bin,92,0,0.31,1.96,739.3,0.32,0.74,238.9,261,170,0.12,263,6.939,6.945,9.851,76.3,6.85,78.5,37.90096,-93.31728,254.4,122.8,8.42,-107.7,12.1,0,20.577
2:19:05 PM,5/21/2026,260521-141240-184.bin,92,0,0.33,1.68,739.3,0.36,0.7,238.8,260.8,170,0.12,262.9,6.931,6.938,9.84,76.5,6.87,78.7,37.90096,-93.31728,254.4,122.6,8.43,-108.3,12.1,0,20.582
2:19:04 PM,5/21/2026,260521-141240-184.bin,92,0,0.25,1.76,739.2,0.37,0.7,238.7,260.7,169,0.12,262.8,6.903,6.927,9.8,76.7,6.89,78.9,37.90096,-93.31728,254.4,122.4,8.44,-108.6,12.1,0,20.586
2:19:03 PM,5/21/2026,260521-141240-184.bin,92,0,0.12,1.78,739.4,0.3,0.84,238.8,260.8,170,0.12,262.9,6.884,6.882,9.773,77,6.91,79.2,37.90096,-93.31728,254.5,122.6,8.44,-108.6,12.1,0,20.587
2:19:02 PM,5/21/2026,260521-141240-184.bin,92,0,-0.02,1.92,739.2,0.23,0.88,238.9,260.9,170,0.12,263,6.871,6.86,9.755,77.2,6.93,79.4,37.90096,-93.31728,254.5,122.7,8.44,-108.6,12.1,0,20.589
2:19:01 PM,5/21/2026,260521-141240-184.bin,92,0,-0.03,2.16,739.3,0.22,0.81,238.8,260.8,169,0.12,262.8,6.864,6.88,9.744,77.3,6.95,79.6,37.90095,-93.31728,254.6,122.9,8.43,-108.4,12.1,0,20.593
2:19:00 PM,5/21/2026,260521-141240-184.bin,92,0,0.13,1.98,739.4,0.29,0.74,238.8,260.7,169,0.12,262.8,6.853,6.847,9.73,77.6,6.97,79.9,37.90095,-93.31728,254.5,123.2,8.43,-108.3,12.1,0,20.596
2:18:59 PM,5/21/2026,260521-141240-184.bin,92,0,0.28,1.89,739.2,0.36,0.71,238.8,260.7,169,0.12,262.8,6.831,6.842,9.698,78,7,80.2,37.90095,-93.31728,254.6,123.2,8.43,-108.3,12.1,0,20.597
2:18:58 PM,5/21/2026,260521-141240-184.bin,92,0,0.34,1.83,739.3,0.39,0.74,238.9,260.8,169,0.12,262.8,6.791,6.792,9.641,78.3,7.03,80.5,37.90095,-93.31728,254.5,122.9,8.44,-108.7,12.1,0,20.602
2:18:57 PM,5/21/2026,260521-141240-184.bin,92,0,0.3,1.8,739.2,0.36,0.74,238.7,260.6,169,0.12,262.7,6.751,6.748,9.584,78.6,7.06,80.9,37.90094,-93.31728,254.5,122.7,8.45,-109.1,12.1,0,20.606
2:18:56 PM,5/21/2026,260521-141240-184.bin,92,0,0.21,2.1,739.2,0.33,0.78,238.6,260.4,169,0.12,262.5,6.759,6.766,9.596,79,7.1,81.3,37.90094,-93.31728,254.5,122.7,8.45,-109.2,12.1,0,20.608
2:18:55 PM,5/21/2026,260521-141240-184.bin,92,0,0.13,2.26,739.4,0.28,0.8,238.6,260.5,169,0.12,262.5,6.744,6.763,9.575,79.5,7.13,81.7,37.90094,-93.31728,254.4,122.9,8.44,-109,12.1,0,20.608
2:18:54 PM,5/21/2026,260521-141240-184.bin,92,0,0.05,1.96,739.3,0.27,0.78,238.6,260.5,169,0.12,262.5,6.694,6.71,9.503,80,7.18,82.3,37.90094,-93.31728,254.4,123,8.44,-108.9,12.1,0,20.609
2:18:53 PM,5/21/2026,260521-141240-184.bin,92,0,0.11,1.88,739.3,0.33,0.77,238.5,260.3,169,0.12,262.4,6.682,6.666,9.486,80.5,7.23,82.8,37.90094,-93.31728,254.4,123,8.45,-109.2,12.1,0,20.61
2:18:52 PM,5/21/2026,260521-141240-184.bin,92,0,0.35,1.9,739.2,0.37,0.75,238.3,260.1,169,0.12,262.2,6.675,6.694,9.477,81.1,7.28,83.4,37.90094,-93.31728,254.3,122.9,8.46,-109.6,12.1,0,20.611
2:18:51 PM,5/21/2026,260521-141240-184.bin,92,0,0.44,2.05,739.2,0.39,0.75,238.1,259.9,169,0.12,262,6.632,6.66,9.416,81.7,7.33,84,37.90094,-93.31728,254.3,123,8.47,-110.3,12.1,0,20.612
2:18:50 PM,5/21/2026,260521-141240-184.bin,92,0,0.37,1.92,739.3,0.35,0.8,238,259.8,169,0.12,261.9,6.619,6.61,9.397,82.2,7.38,84.6,37.90094,-93.31728,254.4,123,8.49,-111.5,12.1,0,20.613
2:18:49 PM,5/21/2026,260521-141240-184.bin,92,0,0.28,1.65,739.3,0.32,0.8,238.1,259.8,169,0.12,261.9,6.582,6.582,9.344,82.8,7.43,85.2,37.90094,-93.31728,254.4,122.9,8.51,-112.5,12.1,0,20.62
2:18:48 PM,5/21/2026,260521-141240-184.bin,92,0,0.13,1.77,739.2,0.3,0.74,238,259.7,169,0.12,261.8,6.571,6.594,9.329,83.3,7.48,85.7,37.90094,-93.31728,254.4,122.7,8.52,-113.5,12.1,0,20.627
2:18:47 PM,5/21/2026,260521-141240-184.bin,92,0,0.04,2.06,739.3,0.26,0.76,237.6,259.2,168,0.12,261.2,6.532,6.561,9.273,83.8,7.52,86.2,37.90093,-93.31728,254.5,122.1,8.56,-115.5,12.1,0,20.634
2:18:46 PM,5/21/2026,260521-141240-184.bin,92,0,0.04,2.07,739.2,0.27,0.75,237.2,258.8,168,0.12,260.8,6.505,6.505,9.235,84.3,7.57,86.8,37.90093,-93.31728,254.5,121.7,8.57,-116.2,12.1,0,20.642
2:18:45 PM,5/21/2026,260521-141240-184.bin,92,0,0.14,2.12,739.3,0.36,0.76,237,258.5,168,0.12,260.5,6.473,6.481,9.19,84.7,7.6,87.1,37.90093,-93.31728,254.4,121.7,8.59,-117.2,12.1,0,20.65
2:18:44 PM,5/21/2026,260521-141240-184.bin,92,0,0.42,2.22,739.3,0.4,0.81,236.8,258.2,168,0.12,260.3,6.442,6.462,9.146,85,7.62,87.4,37.90093,-93.31728,254.4,121.7,8.6,-117.9,12.1,0,20.663
2:18:43 PM,5/21/2026,260521-141240-184.bin,92,0,0.44,2.11,739.4,0.39,0.81,236.8,258.1,168,0.12,260.1,6.41,6.435,9.1,85.2,7.64,87.6,37.90093,-93.31728,254.5,121.4,8.61,-118.4,12.1,0,20.674
2:18:42 PM,5/21/2026,260521-141240-184.bin,92,0,0.34,2.31,739.3,0.35,0.83,236.8,258.1,168,0.12,260.1,6.392,6.38,9.074,85.3,7.65,87.7,37.90093,-93.31728,254.5,121,8.62,-119,12.1,0,20.679
2:18:41 PM,5/21/2026,260521-141240-184.bin,92,0,0.28,2.39,739.4,0.33,0.82,236.8,258.1,168,0.12,260.1,6.375,6.392,9.051,85.4,7.66,87.8,37.90093,-93.31728,254.5,120.4,8.63,-119.8,12.1,0,20.679
2:18:40 PM,5/21/2026,260521-141240-184.bin,92,0,0.07,2.2,739.4,0.3,0.75,236.8,258.1,168,0.12,260.1,6.343,6.332,9.005,85.5,7.66,87.9,37.90093,-93.31728,254.5,120.2,8.64,-120.1,12.1,0,20.681
2:18:39 PM,5/21/2026,260521-141240-184.bin,92,0,0.02,2.25,739.3,0.29,0.76,236.7,258,168,0.12,260,6.34,6.345,9,85.5,7.67,88,37.90093,-93.31727,254.5,120.4,8.64,-120,12.1,0,20.683
2:18:38 PM,5/21/2026,260521-141240-184.bin,92,0,0.19,2.21,739.3,0.33,0.82,236.6,257.8,168,0.12,259.8,6.311,6.334,8.96,85.6,7.68,88.1,37.90093,-93.31727,254.6,120.3,8.64,-120.2,12.1,0,20.687
2:18:37 PM,5/21/2026,260521-141240-184.bin,92,0,0.3,2.21,739.3,0.4,0.83,236.5,257.7,168,0.12,259.7,6.27,6.284,8.902,85.7,7.68,88.2,37.90092,-93.31727,254.5,120.7,8.64,-120,12.1,0,20.691
2:18:36 PM,5/21/2026,260521-141240-184.bin,92,0,0.45,2.39,739.2,0.44,0.79,236.6,257.8,168,0.12,259.8,6.263,6.239,8.891,85.8,7.69,88.3,37.90092,-93.31727,254.6,120.7,8.63,-119.9,12.1,0,20.692
2:18:35 PM,5/21/2026,260521-141240-184.bin,92,0,0.59,2.4,739.3,0.43,0.81,236.5,257.7,168,0.12,259.7,6.268,6.283,8.898,85.9,7.7,88.3,37.90092,-93.31727,254.6,120.5,8.64,-120.3,12.1,0,20.693
2:18:34 PM,5/21/2026,260521-141240-184.bin,92,0,0.49,2.51,739.3,0.38,0.86,236.5,257.6,167,0.12,259.6,6.238,6.266,8.856,85.9,7.7,88.4,37.90092,-93.31727,254.6,120.5,8.64,-120.3,12.1,0,20.695
2:18:33 PM,5/21/2026,260521-141240-184.bin,92,0,0.43,2.64,739.3,0.34,0.9,236.7,257.9,168,0.12,259.9,6.199,6.202,8.8,86,7.71,88.5,37.90092,-93.31727,254.5,120.7,8.64,-120.2,12.1,0,20.697
2:18:32 PM,5/21/2026,260521-141240-184.bin,92,0,0.37,2.55,739.3,0.33,0.93,236.8,258,168,0.12,260,6.161,6.163,8.747,86.1,7.72,88.6,37.90092,-93.31727,254.5,120.8,8.64,-120.2,12.1,0,20.697
2:18:31 PM,5/21/2026,260521-141240-184.bin,92,0,0.13,2.53,739.3,0.27,0.89,236.7,257.9,168,0.12,259.9,6.16,6.171,8.746,86.2,7.72,88.6,37.90092,-93.31727,254.4,121.1,8.63,-119.9,12,0,20.698
2:18:30 PM,5/21/2026,260521-141240-184.bin,92,0,0.02,2.6,739.2,0.26,0.85,236.7,257.8,168,0.12,259.8,6.115,6.149,8.681,86.2,7.73,88.7,37.90092,-93.31727,254.5,121.5,8.63,-119.6,12,0,20.699
2:18:29 PM,5/21/2026,260521-141240-184.bin,92,0,0.22,2.73,739.2,0.3,0.9,236.7,257.9,168,0.12,259.9,6.09,6.088,8.646,86.3,7.74,88.8,37.90092,-93.31727,254.4,121.8,8.63,-119.5,12,0,20.7
2:18:28 PM,5/21/2026,260521-141240-184.bin,92,0,0.45,2.83,739.3,0.37,0.94,236.7,257.9,168,0.12,259.9,6.068,6.072,8.615,86.4,7.74,88.9,37.90092,-93.31727,254.4,121.6,8.63,-119.7,12,0,20.702
2:18:27 PM,5/21/2026,260521-141240-184.bin,92,0,0.55,2.66,739.3,0.39,0.83,236.6,257.7,168,0.12,259.7,6.055,6.067,8.596,86.5,7.75,89,37.90092,-93.31727,254.3,121.5,8.63,-119.7,12,0,20.702
2:18:26 PM,5/21/2026,260521-141240-184.bin,92,0,0.61,2.83,739.2,0.41,0.85,236.5,257.7,167,0.12,259.7,6.033,6.062,8.565,86.5,7.75,89,37.90092,-93.31727,254.3,122.1,8.62,-119.2,12,0,20.702
2:18:25 PM,5/21/2026,260521-141240-184.bin,92,0,0.61,2.84,739.2,0.5,0.87,236.5,257.6,167,0.12,259.6,6.017,6.006,8.542,86.6,7.76,89.1,37.90092,-93.31727,254.2,122.2,8.62,-119.2,12,0,20.701
2:18:24 PM,5/21/2026,260521-141240-184.bin,92,0,0.6,2.63,739.2,0.54,0.82,236.4,257.6,167,0.12,259.6,5.994,5.996,8.509,86.7,7.77,89.1,37.90092,-93.31727,254.2,122.1,8.63,-119.4,12,0,20.701
2:18:23 PM,5/21/2026,260521-141240-184.bin,92,0,0.53,2.85,739.3,0.53,0.92,236.5,257.6,167,0.12,259.6,5.956,5.978,8.456,86.7,7.77,89.2,37.90092,-93.31727,254.1,122,8.63,-119.5,12,0,20.701
2:18:22 PM,5/21/2026,260521-141240-184.bin,92,0,0.52,2.85,739.3,0.5,0.9,236.5,257.7,168,0.12,259.7,5.935,5.939,8.426,86.8,7.78,89.3,37.90092,-93.31727,254.1,121.9,8.63,-119.7,12,0,20.701
2:18:21 PM,5/21/2026,260521-141240-184.bin,92,0,0.55,2.96,739.3,0.42,0.91,236.4,257.6,167,0.12,259.6,5.919,5.923,8.403,86.9,7.79,89.4,37.90092,-93.31727,254,121.8,8.63,-119.9,12.1,0,20.701
2:18:20 PM,5/21/2026,260521-141240-184.bin,92,0,0.5,3.28,739.3,0.37,0.96,236.4,257.5,167,0.12,259.5,5.876,5.905,8.341,86.9,7.79,89.4,37.90092,-93.31727,253.9,121.7,8.64,-120.2,12.1,0,20.702
2:18:19 PM,5/21/2026,260521-141240-184.bin,92,0,0.51,3.32,739.3,0.4,0.94,236.4,257.5,167,0.12,259.5,5.861,5.861,8.321,87,7.8,89.5,37.90092,-93.31727,253.9,121.4,8.64,-120.5,12.1,0,20.703
2:18:18 PM,5/21/2026,260521-141240-184.bin,92,0,0.5,3.16,739.3,0.42,0.93,236.4,257.5,167,0.12,259.5,5.862,5.875,8.322,87.1,7.8,89.6,37.90092,-93.31727,253.9,121.2,8.65,-120.8,12.1,0,20.704
2:18:17 PM,5/21/2026,260521-141240-184.bin,92,0,0.41,2.93,739.3,0.38,0.85,236.3,257.4,167,0.12,259.4,5.847,5.857,8.301,87.1,7.81,89.6,37.90091,-93.31727,253.9,121,8.65,-121.1,12.1,0,20.704
2:18:16 PM,5/21/2026,260521-141240-184.bin,92,0,0.26,2.92,739.2,0.36,0.84,236.3,257.4,167,0.12,259.4,5.789,5.816,8.219,87.2,7.81,89.7,37.90091,-93.31727,253.8,121.4,8.65,-120.8,12.1,0,20.705
2:18:15 PM,5/21/2026,260521-141240-184.bin,92,0,0.3,2.94,739.2,0.35,0.88,236.4,257.5,167,0.12,259.5,5.79,5.763,8.219,87.2,7.82,89.7,37.90091,-93.31727,253.8,122.4,8.63,-119.9,12.1,0,20.705
2:18:14 PM,5/21/2026,260521-141240-184.bin,92,0,0.35,2.84,739.2,0.27,0.91,236.3,257.4,167,0.12,259.4,5.806,5.82,8.243,87.2,7.82,89.8,37.90091,-93.31727,253.8,122.7,8.63,-119.5,12.1,0,20.704
2:18:13 PM,5/21/2026,260521-141240-184.bin,92,0,0.28,2.71,739.3,0.22,0.92,236.4,257.5,167,0.12,259.5,5.783,5.791,8.209,87.3,7.82,89.8,37.90091,-93.31727,253.9,122.7,8.63,-119.6,12.1,0,20.703
2:18:12 PM,5/21/2026,260521-141240-184.bin,92,0,0.23,2.7,739.3,0.29,0.93,236.4,257.6,167,0.12,259.6,5.741,5.754,8.151,87.3,7.82,89.8,37.90091,-93.31727,253.8,122.6,8.63,-119.7,12.1,0,20.703
2:18:11 PM,5/21/2026,260521-141240-184.bin,92,0,0.12,2.87,739.2,0.29,0.92,236.4,257.5,167,0.12,259.5,5.715,5.697,8.114,87.4,7.83,89.9,37.90091,-93.31727,253.8,122.6,8.63,-119.7,12.1,0,20.704
2:18:10 PM,5/21/2026,260521-141240-184.bin,92,0,0.09,3.01,739.4,0.24,0.94,236.4,257.6,167,0.12,259.6,5.696,5.724,8.086,87.4,7.83,89.9,37.90091,-93.31727,253.7,122.5,8.64,-120,12.1,0,20.704
2:18:09 PM,5/21/2026,260521-141240-184.bin,92,0,0.07,2.91,739.4,0.25,0.95,236.4,257.5,167,0.12,259.5,5.661,5.676,8.037,87.5,7.84,90,37.90091,-93.31727,253.6,122.2,8.64,-120.3,12.1,0,20.704
2:18:08 PM,5/21/2026,260521-141240-184.bin,92,0,0.07,2.88,739.3,0.27,0.91,236.4,257.5,167,0.12,259.5,5.649,5.642,8.019,87.5,7.85,90.1,37.90091,-93.31727,253.5,121.8,8.65,-120.7,12.1,0,20.705
2:18:07 PM,5/21/2026,260521-141240-184.bin,92,0,0.05,2.76,739.4,0.24,0.85,236.2,257.4,167,0.12,259.4,5.623,5.616,7.982,87.6,7.85,90.2,37.90091,-93.31727,253.4,121.7,8.65,-120.9,12.1,0,20.705
2:18:06 PM,5/21/2026,260521-141240-184.bin,92,0,0,2.78,739.4,0.27,0.87,236.2,257.3,167,0.12,259.3,5.597,5.62,7.946,87.7,7.86,90.2,37.90091,-93.31727,253.4,121.7,8.65,-121,12.1,0,20.705
2:18:05 PM,5/21/2026,260521-141240-184.bin,92,0,0.04,3.32,739.2,0.28,0.91,236.3,257.4,167,0.12,259.4,5.572,5.592,7.91,87.7,7.86,90.2,37.90091,-93.31727,253.4,121.6,8.66,-121.1,12.1,0,20.705
2:18:04 PM,5/21/2026,260521-141240-184.bin,92,0,0.02,3.46,739.3,0.32,0.99,236.3,257.4,167,0.12,259.4,5.558,5.562,7.89,87.7,7.86,90.3,37.90091,-93.31727,253.4,121.6,8.66,-121.1,12.1,0,20.705
2:18:03 PM,5/21/2026,260521-141240-184.bin,92,0,0.06,3.23,739.3,0.36,0.97,236.4,257.5,167,0.12,259.5,5.526,5.544,7.845,87.8,7.87,90.3,37.90091,-93.31727,253.4,121.8,8.65,-121,12.1,0,20.706
2:18:02 PM,5/21/2026,260521-141240-184.bin,92,0,0.17,3.23,739.3,0.32,0.89,236.4,257.5,167,0.12,259.5,5.506,5.518,7.816,87.9,7.88,90.4,37.90091,-93.31727,253.4,122.1,8.65,-120.7,12.1,0,20.707
2:18:01 PM,5/21/2026,260521-141240-184.bin,92,0,0.28,3.27,739.3,0.36,0.93,236.4,257.5,167,0.12,259.5,5.502,5.522,7.811,87.9,7.88,90.4,37.90091,-93.31727,253.4,122.4,8.65,-120.6,12.1,0,20.709
2:18:00 PM,5/21/2026,260521-141240-184.bin,92,0,0.39,3.16,739.3,0.48,0.95,236.4,257.5,167,0.12,259.5,5.487,5.492,7.789,88,7.88,90.5,37.90091,-93.31727,253.3,122.4,8.65,-120.7,12.1,0,20.709
2:17:59 PM,5/21/2026,260521-141240-184.bin,92,0,0.46,3.06,739.3,0.49,0.93,236.4,257.5,167,0.12,259.5,5.436,5.455,7.718,88,7.89,90.5,37.90091,-93.31727,253.3,122.4,8.65,-120.7,12.1,0,20.708
2:17:58 PM,5/21/2026,260521-141240-184.bin,92,0,0.44,3,739.3,0.38,0.88,236.3,257.4,167,0.12,259.4,5.419,5.411,7.693,88,7.89,90.6,37.90091,-93.31727,253.2,122.3,8.65,-120.9,12.1,0,20.709
2:17:57 PM,5/21/2026,260521-141240-184.bin,92,0,0.42,3.04,739.3,0.4,0.85,236.3,257.4,167,0.12,259.4,5.416,5.425,7.689,88.1,7.89,90.6,37.90091,-93.31727,253.2,122.3,8.65,-120.9,12.1,0,20.71
2:17:56 PM,5/21/2026,260521-141240-184.bin,92,0,0.47,2.86,739.2,0.44,0.89,236.2,257.3,167,0.12,259.3,5.388,5.408,7.649,88.1,7.9,90.7,37.90091,-93.31727,253.2,122.8,8.65,-120.6,12.1,0,20.71
2:17:55 PM,5/21/2026,260521-141240-184.bin,92,0,0.58,2.71,739.3,0.48,0.94,236.2,257.3,167,0.12,259.3,5.34,5.363,7.581,88.2,7.9,90.7,37.90091,-93.31727,253.2,122.9,8.64,-120.5,12.1,0,20.71
2:17:54 PM,5/21/2026,260521-141240-184.bin,92,0,0.64,2.92,739.2,0.5,0.92,236.3,257.4,167,0.12,259.4,5.314,5.298,7.544,88.2,7.9,90.7,37.90091,-93.31727,253.1,122.9,8.65,-120.5,12.1,0,20.711
2:17:53 PM,5/21/2026,260521-141240-184.bin,92,0,0.61,2.98,739.3,0.45,0.89,236.3,257.3,167,0.12,259.3,5.298,5.322,7.521,88.1,7.9,90.7,37.90091,-93.31727,253.1,123,8.64,-120.5,12.1,0,20.711
2:17:52 PM,5/21/2026,260521-141240-184.bin,92,0,0.67,2.91,739.3,0.48,0.9,236.4,257.5,167,0.12,259.5,5.24,5.28,7.438,88.2,7.9,90.7,37.90091,-93.31727,253.1,122.9,8.65,-120.6,12.1,0,20.712
2:17:51 PM,5/21/2026,260521-141240-184.bin,92,0,0.77,2.89,739.2,0.49,0.91,236.4,257.5,167,0.12,259.5,5.207,5.203,7.392,88.2,7.9,90.7,37.90091,-93.31727,253.1,122.7,8.65,-120.8,12.1,0,20.712
2:17:50 PM,5/21/2026,260521-141240-184.bin,92,0,0.78,3.04,739.2,0.49,0.92,236.6,257.7,167,0.12,259.7,5.145,5.158,7.304,88.2,7.9,90.8,37.90091,-93.31727,253.1,122.6,8.65,-120.9,12.1,0,20.712
2:17:49 PM,5/21/2026,260521-141240-184.bin,92,0,0.77,3.13,739.3,0.52,0.94,236.7,257.8,168,0.12,259.8,5.135,5.148,7.29,88.2,7.91,90.8,37.90091,-93.31727,253.2,122.6,8.65,-120.9,12.1,0,20.713
2:17:48 PM,5/21/2026,260521-141240-184.bin,92,0,0.77,3.11,739.3,0.52,0.94,236.5,257.6,167,0.12,259.6,5.097,5.137,7.235,88.3,7.91,90.8,37.90091,-93.31727,253.2,122.7,8.65,-120.9,12.1,0,20.714
2:17:47 PM,5/21/2026,260521-141240-184.bin,92,0,0.75,3.05,739.3,0.51,0.98,236.3,257.4,167,0.12,259.3,5.072,5.061,7.201,88.3,7.91,90.8,37.90092,-93.31727,253.1,122.8,8.65,-120.8,12.1,0,20.714
2:17:46 PM,5/21/2026,260521-141240-184.bin,92,0,0.65,2.92,739.3,0.48,0.97,236.2,257.3,167,0.12,259.3,5.063,5.064,7.188,88.3,7.91,90.9,37.90092,-93.31727,253.2,122.7,8.65,-120.9,12.1,0,20.714
2:17:45 PM,5/21/2026,260521-141240-184.bin,92,0,0.54,3.11,739.3,0.43,0.96,236.3,257.4,167,0.12,259.4,5.053,5.07,7.173,88.4,7.92,90.9,37.90092,-93.31726,253.2,122.6,8.65,-121.1,12.1,0,20.714
2:17:44 PM,5/21/2026,260521-141240-184.bin,92,0,0.46,3.28,739.2,0.39,0.97,236.3,257.4,167,0.12,259.4,5.035,5.05,7.148,88.4,7.92,90.9,37.90092,-93.31726,253.3,122.5,8.66,-121.2,12.1,0,20.714
2:17:43 PM,5/21/2026,260521-141240-184.bin,92,0,0.36,3.18,739.3,0.38,0.93,236.4,257.5,167,0.12,259.5,5.009,5.009,7.11,88.4,7.92,90.9,37.90092,-93.31726,253.3,122.4,8.66,-121.3,12.1,0,20.714
2:17:42 PM,5/21/2026,260521-141240-184.bin,92,0,0.25,3.34,739.3,0.36,0.91,236.4,257.5,167,0.12,259.5,4.969,4.975,7.055,88.4,7.92,90.9,37.90092,-93.31726,253.4,122.3,8.66,-121.4,12.1,0,20.716
2:17:41 PM,5/21/2026,260521-141240-184.bin,92,0,0.18,3.27,739.2,0.35,0.92,236.3,257.4,167,0.12,259.4,4.929,4.954,6.997,88.4,7.92,91,37.90092,-93.31726,253.4,122.2,8.66,-121.6,12.1,0,20.717
2:17:40 PM,5/21/2026,260521-141240-184.bin,92,0,0.13,3.48,739.2,0.35,0.97,236.3,257.4,167,0.12,259.4,4.91,4.912,6.971,88.5,7.93,91,37.90092,-93.31726,253.5,122.1,8.67,-121.7,12.1,0,20.717
2:17:39 PM,5/21/2026,260521-141240-184.bin,92,0,0.11,3.64,739.3,0.31,1.08,236.4,257.4,167,0.12,259.4,4.869,4.901,6.913,88.5,7.93,91.1,37.90092,-93.31726,253.5,122.1,8.67,-121.7,12.1,0,20.717
2:17:38 PM,5/21/2026,260521-141240-184.bin,92,0,0.21,3.61,739.3,0.29,1.12,236.4,257.4,167,0.12,259.4,4.804,4.818,6.82,88.5,7.93,91.1,37.90092,-93.31726,253.5,122.2,8.67,-121.7,12.1,0,20.718
2:17:37 PM,5/21/2026,260521-141240-184.bin,92,0,0.26,3.61,739.2,0.38,1.14,236.4,257.4,167,0.12,259.4,4.749,4.759,6.742,88.5,7.93,91.1,37.90092,-93.31726,253.6,122.3,8.66,-121.6,12.1,0,20.719
2:17:36 PM,5/21/2026,260521-141240-184.bin,92,0,0.27,3.3,739.3,0.47,1.07,236.4,257.5,167,0.12,259.4,4.718,4.738,6.698,88.5,7.93,91.1,37.90092,-93.31726,253.6,122.6,8.66,-121.4,12.1,0,20.719
2:17:35 PM,5/21/2026,260521-141240-184.bin,92,0,0.46,3.56,739.3,0.51,1.01,236.4,257.5,167,0.12,259.5,4.705,4.711,6.679,88.6,7.93,91.1,37.90092,-93.31726,253.6,122.8,8.66,-121.2,12.1,0,20.719
2:17:34 PM,5/21/2026,260521-141240-184.bin,92,0,0.54,3.67,739.2,0.56,1.09,236.4,257.4,167,0.12,259.4,4.691,4.692,6.66,88.6,7.94,91.1,37.90092,-93.31726,253.6,122.7,8.66,-121.3,12.1,0,20.719
2:17:33 PM,5/21/2026,260521-141240-184.bin,92,0,0.69,3.55,739.3,0.62,1.1,236.4,257.5,167,0.12,259.5,4.676,4.663,6.639,88.6,7.94,91.2,37.90092,-93.31726,253.6,122.7,8.66,-121.4,12.1,0,20.719
2:17:32 PM,5/21/2026,260521-141240-184.bin,92,0,0.78,3.6,739.3,0.62,1.11,236.4,257.5,167,0.12,259.5,4.702,4.703,6.675,88.6,7.94,91.1,37.90092,-93.31726,253.7,122.7,8.66,-121.5,12.1,0,20.72
2:17:31 PM,5/21/2026,260521-141240-184.bin,92,0,0.66,3.41,739.2,0.53,1.14,236.4,257.5,167,0.12,259.5,4.698,4.715,6.669,88.6,7.94,91.1,37.90092,-93.31726,253.7,122.7,8.66,-121.5,12.1,0,20.72
2:17:30 PM,5/21/2026,260521-141240-184.bin,92,0,0.65,3.57,739.3,0.54,1.11,236.4,257.5,167,0.12,259.4,4.692,4.681,6.662,88.6,7.94,91.2,37.90092,-93.31726,253.7,122.6,8.66,-121.6,12.1,0,20.721
2:17:29 PM,5/21/2026,260521-141240-184.bin,92,0,0.67,3.78,739.4,0.51,1.13,236.3,257.3,167,0.12,259.3,4.684,4.678,6.65,88.7,7.94,91.2,37.90092,-93.31726,253.6,122.6,8.66,-121.6,12.1,0,20.722
2:17:28 PM,5/21/2026,260521-141240-184.bin,92,0,0.63,3.66,739.3,0.45,1.09,236.3,257.3,167,0.12,259.3,4.695,4.7,6.665,88.7,7.95,91.3,37.90092,-93.31726,253.5,122.7,8.66,-121.5,12.1,0,20.721
2:17:27 PM,5/21/2026,260521-141240-184.bin,92,0,0.56,3.36,739.2,0.51,1.04,236.3,257.3,167,0.12,259.3,4.712,4.715,6.689,88.7,7.95,91.3,37.90092,-93.31726,253.5,122.8,8.66,-121.5,12.1,0,20.721
2:17:26 PM,5/21/2026,260521-141240-184.bin,92,0,0.56,3.19,739.2,0.51,1.03,236.3,257.4,167,0.12,259.4,4.708,4.706,6.684,88.7,7.95,91.2,37.90092,-93.31726,253.6,122.9,8.66,-121.4,12.1,0,20.721
2:17:25 PM,5/21/2026,260521-141240-184.bin,92,0,0.42,3.21,739.3,0.45,1.03,236.5,257.5,167,0.12,259.5,4.702,4.688,6.676,88.7,7.95,91.3,37.90092,-93.31726,253.6,123,8.66,-121.4,12.1,0,20.721
2:17:24 PM,5/21/2026,260521-141240-184.bin,92,0,0.26,3.97,739.3,0.42,1.22,236.5,257.6,167,0.12,259.6,4.696,4.704,6.666,88.7,7.95,91.3,37.90092,-93.31726,253.6,123.1,8.66,-121.2,12.1,0,20.722
2:17:23 PM,5/21/2026,260521-141240-184.bin,92,0,0.23,4.54,739.3,0.42,1.56,236.6,257.6,167,0.12,259.6,4.688,4.704,6.655,88.7,7.95,91.3,37.90092,-93.31727,253.6,123.6,8.65,-120.7,12.1,0,20.721
2:17:22 PM,5/21/2026,260521-141240-184.bin,92,0,0.18,3.94,739.3,0.34,1.36,236.6,257.6,167,0.12,259.6,4.695,4.685,6.665,88.8,7.95,91.3,37.90092,-93.31727,253.7,123.7,8.65,-120.7,12.1,0,20.72
2:17:21 PM,5/21/2026,260521-141240-184.bin,92,0,0.2,3.43,739.3,0.33,1.04,236.4,257.5,167,0.12,259.4,4.691,4.706,6.66,88.8,7.95,91.3,37.90092,-93.31727,253.7,123.7,8.65,-120.8,12.1,0,20.72
2:17:20 PM,5/21/2026,260521-141240-184.bin,92,0,0.25,3.36,739.3,0.4,1.02,236.3,257.4,167,0.12,259.4,4.689,4.688,6.657,88.8,7.95,91.3,37.90092,-93.31727,253.6,123.5,8.65,-121.1,12.1,0,20.72
2:17:19 PM,5/21/2026,260521-141240-184.bin,92,0,0.36,3.41,739.2,0.4,1.08,236.4,257.4,167,0.12,259.4,4.693,4.689,6.663,88.8,7.96,91.4,37.90092,-93.31727,253.6,123.2,8.66,-121.3,12.1,0,20.719
2:17:18 PM,5/21/2026,260521-141240-184.bin,92,0,0.61,3.4,739.2,0.44,1.14,236.4,257.5,167,0.12,259.5,4.683,4.688,6.649,88.8,7.96,91.3,37.90093,-93.31726,253.5,123.5,8.65,-121.1,12.1,0,20.72
2:17:17 PM,5/21/2026,260521-141240-184.bin,92,0,0.79,3.36,739.3,0.48,1.04,236.4,257.5,167,0.12,259.5,4.685,4.681,6.651,88.8,7.96,91.4,37.90093,-93.31726,253.4,123.7,8.65,-120.8,12.1,0,20.72
2:17:16 PM,5/21/2026,260521-141240-184.bin,92,0,0.78,3.04,739.2,0.5,0.97,236.4,257.4,167,0.12,259.4,4.672,4.663,6.633,88.8,7.96,91.4,37.90093,-93.31726,253.1,123.9,8.65,-120.6,12.1,0,20.719
2:17:15 PM,5/21/2026,260521-141240-184.bin,92,0,0.79,3.01,739.3,0.57,0.99,236.4,257.4,167,0.12,259.4,4.686,4.68,6.652,88.9,7.96,91.4,37.90093,-93.31726,253.2,124.1,8.64,-120.5,12.1,0,20.72
2:17:14 PM,5/21/2026,260521-141240-184.bin,92,0,0.74,3.16,739.4,0.58,1,236.3,257.4,167,0.12,259.4,4.705,4.711,6.679,88.9,7.96,91.4,37.90093,-93.31726,253.3,124.1,8.64,-120.5,12.1,0,20.719
2:17:13 PM,5/21/2026,260521-141240-184.bin,92,0,0.54,3.29,739.4,0.53,1.04,236.3,257.3,167,0.12,259.3,4.676,4.687,6.639,88.9,7.96,91.4,37.90093,-93.31726,252.7,124.1,8.65,-120.5,12.1,0,20.719
2:17:12 PM,5/21/2026,260521-141240-184.bin,92,0,0.46,3.37,739.3,0.45,1.02,236.4,257.5,167,0.12,259.5,4.69,4.662,6.658,88.9,7.96,91.4,37.90093,-93.31727,252.7,124,8.65,-120.7,12.1,0,20.719
2:17:11 PM,5/21/2026,260521-141240-184.bin,92,0,0.4,3.2,739.4,0.39,0.96,236.4,257.5,167,0.12,259.5,4.711,4.712,6.688,88.9,7.97,91.5,37.90093,-93.31727,253,123.9,8.65,-120.8,12.1,0,20.719
2:17:10 PM,5/21/2026,260521-141240-184.bin,92,0,0.33,3.33,739.3,0.33,1.04,236.4,257.5,167,0.12,259.5,4.691,4.715,6.659,89,7.97,91.5,37.90093,-93.31727,253,123.8,8.65,-120.9,12.1,0,20.719
2:17:09 PM,5/21/2026,260521-141240-184.bin,92,0,0.16,3.65,739.3,0.25,1.13,236.4,257.4,167,0.12,259.4,4.689,4.674,6.657,89,7.97,91.6,37.90094,-93.31727,253,123.9,8.65,-120.8,12.1,0,20.719
2:17:08 PM,5/21/2026,260521-141240-184.bin,92,0,0.13,3.56,739.2,0.3,1.04,236.3,257.4,167,0.12,259.4,4.703,4.682,6.676,89,7.98,91.6,37.90094,-93.31727,253.3,124,8.65,-120.8,12.1,0,20.719
2:17:07 PM,5/21/2026,260521-141240-184.bin,92,0,0.34,3.52,739.3,0.39,1.08,236.5,257.5,167,0.12,259.5,4.699,4.717,6.671,89.1,7.98,91.6,37.90094,-93.31726,253.4,123.8,8.65,-121,12.1,0,20.719
2:17:06 PM,5/21/2026,260521-141240-184.bin,92,0,0.55,3.59,739.3,0.49,1.14,236.5,257.6,167,0.12,259.6,4.701,4.706,6.673,89.1,7.98,91.7,37.90094,-93.31726,253.4,123.4,8.66,-121.5,12.1,0,20.719
2:17:05 PM,5/21/2026,260521-141240-184.bin,92,0,0.72,3.69,739.4,0.55,1.05,236.6,257.7,167,0.12,259.6,4.704,4.692,6.678,89.2,7.99,91.7,37.90094,-93.31726,253.4,123.3,8.66,-121.6,12.1,0,20.719
2:17:04 PM,5/21/2026,260521-141240-184.bin,92,0,0.77,3.85,739.2,0.52,1.02,236.8,257.8,168,0.12,259.8,4.695,4.69,6.665,89.2,8,91.8,37.90094,-93.31726,253.5,123.7,8.66,-121.2,12.1,0,20.72
2:17:03 PM,5/21/2026,260521-141240-184.bin,92,0,0.69,3.88,739.3,0.54,1.05,236.7,257.7,168,0.12,259.7,4.702,4.703,6.676,89.3,8,91.9,37.90094,-93.31726,253.6,124.2,8.65,-120.7,12.1,0,20.721
2:17:02 PM,5/21/2026,260521-141240-184.bin,92,0,0.61,3.65,739.3,0.49,1.07,236.3,257.4,167,0.12,259.4,4.712,4.724,6.689,89.3,8,91.9,37.90094,-93.31726,253.7,124.5,8.65,-120.5,12.1,0,20.721
2:17:01 PM,5/21/2026,260521-141240-184.bin,92,0,0.49,3.56,739.3,0.4,1.06,236.2,257.2,167,0.12,259.2,4.703,4.703,6.676,89.4,8.01,91.9,37.90094,-93.31726,253.7,124.4,8.65,-120.7,12.1,0,20.722
2:17:00 PM,5/21/2026,260521-141240-184.bin,92,0,0.24,3.41,739.3,0.35,1,236.2,257.3,167,0.12,259.3,4.699,4.705,6.671,89.4,8.01,92,37.90094,-93.31726,253.8,124.3,8.65,-120.8,12.1,0,20.722
2:16:59 PM,5/21/2026,260521-141240-184.bin,92,0,0.13,3.09,739.4,0.31,0.97,236.3,257.3,167,0.12,259.3,4.708,4.71,6.683,89.5,8.02,92,37.90094,-93.31726,254,124.2,8.65,-120.9,12.1,0,20.721
2:16:58 PM,5/21/2026,260521-141240-184.bin,92,0,0.19,3.2,739.2,0.32,1.09,236.3,257.4,167,0.12,259.4,4.711,4.707,6.687,89.6,8.03,92.2,37.90094,-93.31726,254,124.4,8.65,-120.8,12.1,0,20.721
2:16:57 PM,5/21/2026,260521-141240-184.bin,92,0,0.43,3.52,739.3,0.43,1.23,236.3,257.4,167,0.12,259.4,4.721,4.723,6.702,89.7,8.04,92.3,37.90094,-93.31726,254.2,124.4,8.65,-120.8,12.1,0,20.719
2:16:56 PM,5/21/2026,260521-141240-184.bin,92,0,0.67,3.55,739.3,0.49,1.22,236.2,257.3,167,0.12,259.2,4.7,4.704,6.672,89.8,8.04,92.4,37.90094,-93.31727,253.8,124.3,8.65,-120.9,12.1,0,20.72
2:16:55 PM,5/21/2026,260521-141240-184.bin,92,0,0.74,3.4,739.3,0.53,1.08,236.3,257.3,167,0.12,259.3,4.699,4.686,6.671,89.9,8.05,92.4,37.90094,-93.31726,254,124.1,8.66,-121.1,12.1,0,20.72
2:16:54 PM,5/21/2026,260521-141240-184.bin,92,0,0.79,3.73,739.3,0.56,1.19,236.4,257.4,167,0.12,259.4,4.729,4.724,6.714,89.9,8.06,92.5,37.90094,-93.31726,254,124,8.66,-121.3,12.1,0,20.718
2:16:53 PM,5/21/2026,260521-141240-184.bin,92,0,0.7,3.8,739.3,0.47,1.23,236.4,257.4,167,0.12,259.4,4.739,4.746,6.728,90,8.06,92.6,37.90094,-93.31726,254,124,8.66,-121.3,12.1,0,20.718
2:16:52 PM,5/21/2026,260521-141240-184.bin,92,0,0.43,3.56,739.2,0.43,1.05,236.5,257.6,167,0.12,259.5,4.721,4.725,6.703,90.2,8.08,92.7,37.90094,-93.31726,253.9,124,8.66,-121.4,12.1,0,20.72
2:16:51 PM,5/21/2026,260521-141240-184.bin,92,0,0.17,3.91,739.3,0.35,1.16,236.5,257.5,167,0.12,259.5,4.7,4.686,6.673,90.3,8.08,92.9,37.90094,-93.31726,254,124,8.66,-121.4,12.1,0,20.723
2:16:50 PM,5/21/2026,260521-141240-184.bin,92,0,0.22,3.96,739.3,0.35,1.15,236.4,257.4,167,0.12,259.4,4.709,4.708,6.685,90.4,8.1,93,37.90094,-93.31726,254,124.2,8.66,-121.4,12.1,0,20.723
2:16:49 PM,5/21/2026,260521-141240-184.bin,92,0,0.54,3.67,739.4,0.44,1.06,236.4,257.4,167,0.12,259.4,4.691,4.714,6.66,90.5,8.11,93.1,37.90094,-93.31726,254,124.2,8.66,-121.4,12.1,0,20.724
2:16:48 PM,5/21/2026,260521-141240-184.bin,92,0,0.75,3.83,739.3,0.49,1.11,236.3,257.3,167,0.12,259.3,4.682,4.675,6.646,90.7,8.12,93.3,37.90094,-93.31726,253.9,124.1,8.66,-121.6,12.1,0,20.723
2:16:47 PM,5/21/2026,260521-141240-184.bin,92,0,0.82,3.57,739.3,0.57,1.08,236.4,257.4,167,0.12,259.4,4.67,4.668,6.63,90.8,8.14,93.4,37.90094,-93.31726,253.9,124,8.67,-121.7,12.1,0,20.722
2:16:46 PM,5/21/2026,260521-141240-184.bin,92,0,0.88,3.25,739.3,0.58,1.03,236.4,257.5,167,0.12,259.4,4.672,4.682,6.633,91,8.15,93.6,37.90095,-93.31726,253.9,124,8.67,-121.8,12.1,0,20.724
2:16:45 PM,5/21/2026,260521-141240-184.bin,92,0,0.7,3.2,739.2,0.5,1.05,236.5,257.5,167,0.12,259.5,4.658,4.676,6.612,91.1,8.16,93.7,37.90095,-93.31726,253.9,123.9,8.67,-121.9,12.1,0,20.727
2:16:44 PM,5/21/2026,260521-141240-184.bin,92,0,0.31,3.9,739.2,0.36,1.23,236.4,257.4,167,0.12,259.4,4.638,4.636,6.584,91.3,8.18,93.9,37.90095,-93.31726,253.9,124,8.67,-121.9,12.1,0,20.727
2:16:43 PM,5/21/2026,260521-141240-184.bin,92,0,0.12,4.28,739.3,0.32,1.22,236.3,257.3,167,0.12,259.3,4.623,4.614,6.562,91.5,8.2,94.1,37.90095,-93.31726,253.9,123.9,8.67,-122.1,12.1,0,20.727
2:16:42 PM,5/21/2026,260521-141240-184.bin,92,0,0.18,3.96,739.3,0.42,1.08,236.3,257.3,167,0.12,259.3,4.602,4.623,6.534,91.7,8.22,94.4,37.90095,-93.31726,253.9,123.8,8.68,-122.4,12.1,0,20.728
2:16:41 PM,5/21/2026,260521-141240-184.bin,92,0,0.27,3.67,739.2,0.45,1.06,236.2,257.2,167,0.12,259.2,4.585,4.586,6.51,91.9,8.23,94.5,37.90095,-93.31726,254,123.7,8.68,-122.5,12.1,0,20.729
2:16:40 PM,5/21/2026,260521-141240-184.bin,92,0,0.59,3.62,739.3,0.49,1.05,236.1,257.1,167,0.12,259.1,4.575,4.58,6.495,92.1,8.25,94.7,37.90095,-93.31726,253.9,123.5,8.68,-122.7,12.1,0,20.728
2:16:39 PM,5/21/2026,260521-141240-184.bin,92,0,0.86,4.11,739.3,0.54,1.04,236.1,257.1,167,0.12,259,4.545,4.559,6.452,92.3,8.27,95,37.90095,-93.31726,253.9,123.3,8.69,-122.9,12.1,0,20.727
2:16:38 PM,5/21/2026,260521-141240-184.bin,92,0,0.9,4.17,739.2,0.56,1.07,236.1,257.1,167,0.12,259.1,4.503,4.502,6.393,92.5,8.29,95.2,37.90095,-93.31726,253.9,123.3,8.69,-123.1,12.1,0,20.73
2:16:37 PM,5/21/2026,260521-141240-184.bin,92,0,0.59,4.12,739.3,0.44,1.25,236.1,257.1,167,0.12,259.1,4.497,4.5,6.384,92.8,8.31,95.4,37.90095,-93.31726,253.8,123.4,8.69,-123.1,12.1,0,20.735
2:16:36 PM,5/21/2026,260521-141240-184.bin,92,0,0.23,3.7,739.3,0.39,1.23,236.1,257.1,167,0.12,259,4.493,4.504,6.378,93.1,8.34,95.8,37.90095,-93.31726,253.9,123.5,8.69,-123,12.1,0,20.733
2:16:35 PM,5/21/2026,260521-141240-184.bin,92,0,0.24,3.72,739.4,0.4,1.08,236.2,257.2,167,0.12,259.1,4.473,4.471,6.351,93.4,8.36,96.1,37.90095,-93.31726,253.8,123.6,8.69,-123.1,12.1,0,20.731
2:16:34 PM,5/21/2026,260521-141240-184.bin,92,0,0.47,3.73,739.3,0.44,1.08,236.2,257.2,167,0.12,259.2,4.431,4.434,6.29,93.7,8.39,96.4,37.90095,-93.31726,253.8,123.7,8.69,-123.1,12.1,0,20.735
2:16:33 PM,5/21/2026,260521-141240-184.bin,92,0,0.61,3.24,739.3,0.51,1.05,236.1,257.1,167,0.12,259,4.423,4.429,6.279,94.1,8.43,96.8,37.90095,-93.31726,253.8,123.9,8.69,-123,12.1,0,20.733
2:16:32 PM,5/21/2026,260521-141240-184.bin,92,0,0.78,3.46,739.3,0.58,1.03,236.1,257,167,0.12,259,4.395,4.418,6.239,94.5,8.46,97.2,37.90095,-93.31726,253.7,124,8.69,-123.1,12.1,0,20.73
2:16:31 PM,5/21/2026,260521-141240-184.bin,92,0,0.85,3.71,739.3,0.58,1.06,236,256.9,167,0.12,258.9,4.363,4.366,6.194,94.8,8.49,97.6,37.90095,-93.31726,253.7,124.4,8.69,-122.8,12.1,0,20.732
2:16:30 PM,5/21/2026,260521-141240-184.bin,92,0,0.62,3.84,739.2,0.5,1.09,235.9,256.9,167,0.12,258.8,4.314,4.322,6.125,95.3,8.53,98,37.90096,-93.31726,253.7,124.9,8.68,-122.6,12.1,0,20.735
2:16:29 PM,5/21/2026,260521-141240-184.bin,92,0,0.36,4.1,739.4,0.44,1.17,236,256.9,167,0.12,258.9,4.296,4.315,6.099,95.7,8.57,98.4,37.90096,-93.31726,253.7,125.1,8.68,-122.5,12.1,0,20.738
2:16:28 PM,5/21/2026,260521-141240-184.bin,92,0,0.2,4.03,739.2,0.46,1.22,236,256.9,167,0.12,258.8,4.275,4.291,6.07,96.2,8.61,99,37.90096,-93.31726,253.7,125.2,8.68,-122.7,12.1,0,20.743
2:16:27 PM,5/21/2026,260521-141240-184.bin,92,0,0.4,4.22,739.3,0.45,1.26,236.1,257,167,0.12,258.9,4.25,4.253,6.034,96.6,8.65,99.4,37.90096,-93.31726,253.7,125.2,8.69,-123,12.1,0,20.751
2:16:26 PM,5/21/2026,260521-141240-184.bin,92,0,0.71,4.85,739.4,0.53,1.43,236.2,257,167,0.12,259,4.202,4.222,5.965,97.1,8.69,99.9,37.90096,-93.31725,253.6,125.1,8.69,-123.2,12.1,0,20.757
2:16:25 PM,5/21/2026,260521-141240-184.bin,92,0,0.81,5.08,739.3,0.71,1.53,236.1,256.9,167,0.12,258.9,4.158,4.182,5.903,97.6,8.74,100.4,37.90096,-93.31725,253.6,125.1,8.69,-123.3,12.1,0,20.761
2:16:24 PM,5/21/2026,260521-141240-184.bin,92,0,0.79,5.19,739.3,0.79,1.59,236,256.8,167,0.12,258.7,4.133,4.133,5.868,98.1,8.78,100.9,37.90096,-93.31726,253.6,125.1,8.7,-123.5,12.1,0,20.766
2:16:23 PM,5/21/2026,260521-141240-184.bin,92,0,0.76,5.31,739.4,0.77,1.55,235.9,256.6,167,0.12,258.5,4.111,4.113,5.836,98.5,8.81,101.3,37.90096,-93.31726,253.5,125.1,8.7,-123.6,12.1,0,20.772
2:16:22 PM,5/21/2026,260521-141240-184.bin,92,0,0.68,5.23,739.3,0.63,1.44,235.7,256.4,167,0.12,258.4,4.083,4.096,5.796,99.1,8.87,102,37.90096,-93.31726,253.5,125.2,8.7,-123.8,12.1,0,20.775
2:16:21 PM,5/21/2026,260521-141240-184.bin,92,0,0.35,5,739.2,0.64,1.52,235.8,256.5,167,0.12,258.4,4.042,4.066,5.738,99.6,8.91,102.5,37.90096,-93.31726,253.5,124.8,8.71,-124.3,12.1,0,20.779
2:16:20 PM,5/21/2026,260521-141240-184.bin,92,0,0.19,5.38,739.3,0.64,1.72,235.8,256.4,167,0.12,258.4,4.026,4.022,5.716,100.2,8.96,103.1,37.90096,-93.31726,253.5,124.6,8.72,-124.7,12.1,0,20.782
2:16:19 PM,5/21/2026,260521-141240-184.bin,92,0,0.36,5.47,739.4,0.57,1.59,235.7,256.4,167,0.12,258.3,4.017,4.013,5.703,100.5,8.99,103.4,37.90096,-93.31726,253.6,124.4,8.73,-125.2,12.1,0,20.788
2:16:18 PM,5/21/2026,260521-141240-184.bin,92,0,0.66,5.17,739.3,0.72,1.41,235.6,256.2,167,0.12,258.2,3.983,3.997,5.655,100.9,9.03,103.8,37.90096,-93.31726,253.5,124.4,8.73,-125.6,12.1,0,20.794
2:16:17 PM,5/21/2026,260521-141240-184.bin,92,0,0.92,5.24,739.2,0.83,1.54,235.5,256,166,0.12,258,3.933,3.95,5.584,101.3,9.06,104.2,37.90096,-93.31726,253.5,124.6,8.73,-125.7,12.1,0,20.807
2:16:16 PM,5/21/2026,260521-141240-184.bin,92,0,1.07,5.09,739.2,0.82,1.68,235.5,256,166,0.12,257.9,3.93,3.927,5.579,101.7,9.09,104.6,37.90096,-93.31726,253.5,124.6,8.74,-125.7,12.1,0,20.814
2:16:15 PM,5/21/2026,260521-141240-184.bin,92,0,1.06,5.27,739.3,0.88,1.7,235.5,256,166,0.12,257.9,3.917,3.943,5.56,102.1,9.13,105,37.90096,-93.31726,253.5,124.6,8.74,-125.9,12.1,0,20.816
2:16:14 PM,5/21/2026,260521-141240-184.bin,92,0,1.15,5.87,739.3,0.95,1.86,235.5,256,166,0.12,257.9,3.869,3.873,5.493,102.5,9.16,105.4,37.90096,-93.31726,253.6,124.6,8.74,-126,12.1,0,20.82
2:16:13 PM,5/21/2026,260521-141240-184.bin,92,0,1.14,6.06,739.4,0.88,1.92,235.5,255.9,166,0.12,257.8,3.841,3.842,5.453,102.9,9.2,105.9,37.90096,-93.31726,253.5,124.6,8.75,-126.3,12.1,0,20.828
2:16:12 PM,5/21/2026,260521-141240-184.bin,92,0,0.97,5.64,739.3,1.01,1.67,235.5,255.9,166,0.12,257.9,3.84,3.846,5.451,103.4,9.25,106.4,37.90096,-93.31726,253.5,124.5,8.75,-126.7,12.1,0,20.826
2:16:11 PM,5/21/2026,260521-141240-184.bin,92,0,1.05,5.73,739.3,1.1,1.75,235.5,255.9,166,0.12,257.8,3.818,3.84,5.42,103.8,9.28,106.8,37.90096,-93.31726,253.5,124.4,8.76,-127.1,12.1,0,20.822
2:16:10 PM,5/21/2026,260521-141240-184.bin,92,0,1.27,6.24,739.4,0.92,1.72,235.5,255.9,166,0.12,257.8,3.781,3.79,5.367,104.2,9.32,107.2,37.90096,-93.31726,253.4,124.3,8.77,-127.5,12.1,0,20.826
2:16:09 PM,5/21/2026,260521-141240-184.bin,92,0,1.35,6.48,739.3,0.88,1.62,235.6,255.9,166,0.12,257.9,3.749,3.741,5.322,104.5,9.34,107.5,37.90096,-93.31726,253.5,124,8.78,-128,12.1,0,20.834
2:16:08 PM,5/21/2026,260521-141240-184.bin,92,0,1.19,6.38,739.3,0.97,1.83,235.7,256,166,0.12,257.9,3.736,3.748,5.303,104.9,9.38,108,37.90096,-93.31726,253.5,123.9,8.78,-128.2,12.1,0,20.844
2:16:07 PM,5/21/2026,260521-141240-184.bin,92,0,1.05,6.36,739.4,1.02,1.9,235.7,255.9,166,0.12,257.9,3.696,3.72,5.246,105.3,9.41,108.3,37.90096,-93.31726,253.5,124.1,8.78,-128.1,12.1,0,20.855
2:16:06 PM,5/21/2026,260521-141240-184.bin,92,0,0.99,6.9,739.4,0.95,1.92,235.6,255.9,166,0.12,257.8,3.682,3.678,5.228,105.6,9.44,108.7,37.90096,-93.31726,253.4,124.7,8.77,-127.6,12.1,0,20.857
2:16:05 PM,5/21/2026,260521-141240-184.bin,92,0,0.8,7.1,739.3,0.89,2.09,235.5,255.8,166,0.12,257.7,3.671,3.679,5.211,106,9.47,109.1,37.90096,-93.31726,253.4,124.8,8.77,-127.7,12.1,0,20.856
2:16:04 PM,5/21/2026,260521-141240-184.bin,92,0,0.71,7.26,739.3,0.89,2.2,235.4,255.6,166,0.12,257.5,3.656,3.662,5.19,106.5,9.51,109.5,37.90096,-93.31726,253.4,124.7,8.77,-128,12.1,0,20.861
2:16:03 PM,5/21/2026,260521-141240-184.bin,92,0,0.7,7.28,739.3,0.89,2.14,235.1,255.2,166,0.12,257.2,3.644,3.661,5.172,106.8,9.54,109.9,37.90096,-93.31726,253.3,124.6,8.78,-128.4,12.1,0,20.869
2:16:02 PM,5/21/2026,260521-141240-184.bin,92,0,0.56,7.49,739.3,0.89,2.09,235.1,255.2,166,0.12,257.1,3.616,3.634,5.133,107.3,9.58,110.3,37.90096,-93.31726,253.4,124.6,8.78,-128.5,12.1,0,20.883
2:16:01 PM,5/21/2026,260521-141240-184.bin,92,0,0.37,7.56,739.4,0.95,2.22,235.3,255.3,166,0.12,257.2,3.591,3.583,5.097,107.6,9.61,110.7,37.90096,-93.31726,253.5,124.7,8.79,-128.7,12.1,0,20.89
2:16:00 PM,5/21/2026,260521-141240-184.bin,92,0,0.13,8.4,739.4,0.87,2.38,235.3,255.3,166,0.12,257.2,3.572,3.584,5.071,108,9.64,111.1,37.90096,-93.31726,253.4,124.7,8.79,-128.9,12.1,0,20.899
2:15:59 PM,5/21/2026,260521-141240-184.bin,92,0,0.14,8.91,739.3,0.81,2.69,235.3,255.3,166,0.12,257.2,3.569,3.567,5.066,108.4,9.67,111.5,37.90096,-93.31726,253.4,124.5,8.79,-129.1,12.1,0,20.902
2:15:58 PM,5/21/2026,260521-141240-184.bin,92,0,0.38,8.73,739.3,0.91,2.88,235.3,255.3,166,0.12,257.2,3.565,3.573,5.061,108.7,9.7,111.8,37.90096,-93.31726,253.5,124.6,8.79,-129,12.1,0,20.901
2:15:57 PM,5/21/2026,260521-141240-184.bin,92,0,0.71,9.06,739.3,1.03,2.68,235.3,255.3,166,0.12,257.2,3.536,3.55,5.019,109.1,9.74,112.2,37.90096,-93.31726,253.5,124.6,8.79,-129.1,12.1,0,20.898
2:15:56 PM,5/21/2026,260521-141240-184.bin,92,0,0.78,8.68,739.3,0.95,2.65,235.4,255.4,166,0.12,257.3,3.496,3.505,4.963,109.5,9.77,112.6,37.90096,-93.31726,253.5,124.5,8.8,-129.4,12.1,0,20.901
2:15:55 PM,5/21/2026,260521-141240-184.bin,92,0,0.71,8.63,739.3,0.93,2.73,235.5,255.5,166,0.12,257.4,3.501,3.498,4.97,109.9,9.81,113,37.90096,-93.31726,253.5,124.4,8.8,-129.6,12.1,0,20.909
2:15:54 PM,5/21/2026,260521-141240-184.bin,92,0,0.85,8.65,739.3,1.15,2.45,235.6,255.5,166,0.12,257.4,3.512,3.525,4.986,110.2,9.84,113.4,37.90096,-93.31726,253.5,124.5,8.8,-129.6,12.1,0,20.916
2:15:53 PM,5/21/2026,260521-141240-184.bin,92,0,1.07,8.19,739.3,1.13,2.21,235.4,255.3,166,0.12,257.2,3.49,3.502,4.955,110.5,9.86,113.7,37.90096,-93.31726,253.5,124.6,8.8,-129.7,12.1,0,20.926
2:15:52 PM,5/21/2026,260521-141240-184.bin,92,0,1.2,7.82,739.4,1.06,2.37,235.3,255.2,166,0.12,257.1,3.456,3.45,4.906,111,9.91,114.2,37.90096,-93.31726,253.6,124.7,8.81,-129.8,12.1,0,20.928
2:15:51 PM,5/21/2026,260521-141240-184.bin,92,0,1.38,7.94,739.3,1.19,2.55,235.4,255.2,166,0.12,257.1,3.461,3.466,4.914,111.4,9.94,114.6,37.90096,-93.31726,253.6,124.6,8.81,-129.9,12.1,0,20.927
2:15:50 PM,5/21/2026,260521-141240-184.bin,92,0,1.54,8.42,739.4,1.3,2.45,235.4,255.2,166,0.12,257.1,3.436,3.459,4.878,111.9,9.98,115.1,37.90096,-93.31726,253.7,124.6,8.81,-130.1,12.1,0,20.932
2:15:49 PM,5/21/2026,260521-141240-184.bin,92,0,1.67,9.52,739.3,1.33,2.64,235.4,255.2,166,0.12,257.1,3.415,3.413,4.848,112.3,10.02,115.5,37.90096,-93.31726,253.6,124.7,8.81,-130.2,12.1,0,20.945
2:15:48 PM,5/21/2026,260521-141240-184.bin,92,0,1.79,9.71,739.3,1.33,2.94,235.5,255.2,166,0.12,257.1,3.4,3.395,4.827,112.9,10.07,116.1,37.90096,-93.31726,253.6,124.9,8.81,-130.2,12.1,0,20.945
2:15:47 PM,5/21/2026,260521-141240-184.bin,92,0,1.66,9.64,739.4,1.29,2.7,235.5,255.3,166,0.12,257.2,3.393,3.406,4.817,113.4,10.11,116.6,37.90096,-93.31726,253.6,124.8,8.82,-130.5,12.1,0,20.936
2:15:46 PM,5/21/2026,260521-141240-184.bin,92,0,1.61,10.16,739.3,1.2,2.88,235.5,255.1,166,0.12,257,3.367,3.371,4.78,114,10.16,117.2,37.90096,-93.31726,253.5,124.7,8.82,-130.9,12.1,0,20.959
2:15:45 PM,5/21/2026,260521-141240-184.bin,92,0,1.31,9.96,739.4,1.26,3.12,235.4,254.8,166,0.12,256.7,3.348,3.35,4.753,114.6,10.21,117.9,37.90096,-93.31726,253.5,124.5,8.83,-131.4,12.1,0,21.001
2:15:44 PM,5/21/2026,260521-141240-184.bin,92,0,0.9,10.09,739.4,1.31,2.88,235.3,254.8,166,0.12,256.6,3.341,3.349,4.742,115.4,10.29,118.8,37.90096,-93.31726,253.5,124.4,8.84,-131.6,12.1,0,21.003
2:15:43 PM,5/21/2026,260521-141240-184.bin,92,0,0.7,11.05,739.3,1.26,3.18,235.4,254.9,166,0.12,256.7,3.327,3.343,4.722,116.2,10.35,119.5,37.90096,-93.31726,253.5,124.7,8.83,-131.5,12.1,0,20.999
2:15:42 PM,5/21/2026,260521-141240-184.bin,92,0,0.73,11.12,739.3,1.34,3.7,235.4,254.8,166,0.12,256.7,3.299,3.301,4.683,117.1,10.43,120.4,37.90096,-93.31726,253.5,124.9,8.83,-131.4,12.1,0,21.014
2:15:41 PM,5/21/2026,260521-141240-184.bin,92,0,0.92,11.07,739.3,1.29,3.6,235.5,254.8,166,0.12,256.7,3.286,3.282,4.664,117.6,10.48,121,37.90096,-93.31726,253.6,124.9,8.83,-131.5,12.1,0,21.027
2:15:40 PM,5/21/2026,260521-141240-184.bin,92,0,0.89,11.71,739.4,1.46,3.39,235.6,254.9,166,0.12,256.7,3.269,3.283,4.64,118.3,10.53,121.7,37.90096,-93.31726,253.5,124.9,8.84,-131.7,12.1,0,21.033
2:15:39 PM,5/21/2026,260521-141240-184.bin,92,0,0.88,12.44,739.4,1.78,3.58,235.6,254.6,165,0.12,256.4,3.227,3.25,4.581,119,10.58,122.4,37.90096,-93.31726,253.5,124.8,8.84,-132,12.1,0,21.09
2:15:38 PM,5/21/2026,260521-141240-184.bin,92,0,1.27,13.04,739.3,1.9,4.14,235.7,254.7,166,0.12,256.5,3.214,3.211,4.563,119.6,10.64,123,37.90096,-93.31726,253.6,124.8,8.84,-132.1,12.1,0,21.085
2:15:37 PM,5/21/2026,260521-141240-184.bin,92,0,1.82,12.33,739.4,2.02,3.96,235.7,254.7,166,0.12,256.5,3.212,3.216,4.559,120.1,10.67,123.5,37.90096,-93.31726,253.6,125,8.84,-132.1,12.1,0,21.089
2:15:36 PM,5/21/2026,260521-141240-184.bin,92,0,2.18,12.52,739.4,2.18,3.76,235.6,254.4,165,0.12,256.2,3.175,3.192,4.507,120.6,10.72,124.1,37.90096,-93.31726,253.6,125,8.85,-132.3,12.1,0,21.133
2:15:35 PM,5/21/2026,260521-141240-184.bin,92,0,2.21,12.91,739.3,2.27,4.18,235.7,254.5,165,0.12,256.3,3.132,3.133,4.446,121.3,10.78,124.7,37.90096,-93.31726,253.6,124.7,8.86,-132.9,12.1,0,21.121
2:15:34 PM,5/21/2026,260521-141240-184.bin,92,0,2.05,12.16,739.2,2.2,3.96,235.7,254.7,166,0.12,256.5,3.125,3.127,4.436,121.9,10.84,125.4,37.90096,-93.31726,253.7,124.7,8.87,-133.7,12.1,0,21.096
2:15:33 PM,5/21/2026,260521-141240-184.bin,92,0,1.84,11.85,739.3,2.07,3.57,235.8,254.7,166,0.12,256.5,3.106,3.121,4.409,122.3,10.87,125.8,37.90095,-93.31726,253.7,124.5,8.89,-134.5,12.1,0,21.106
2:15:32 PM,5/21/2026,260521-141240-184.bin,92,0,1.42,11.87,739.3,1.98,3.6,235.8,254.5,165,0.12,256.3,3.049,3.07,4.327,123,10.91,126.5,37.90095,-93.31726,253.6,123.9,8.91,-135.6,12.1,0,21.161
2:15:31 PM,5/21/2026,260521-141240-184.bin,92,0,0.95,12.83,739.3,2.06,4.47,236.1,254.1,165,0.12,255.8,3.001,3.004,4.259,123.5,10.94,127.1,37.90095,-93.31726,253.6,123.6,8.92,-136.2,12.1,0,21.268
2:15:30 PM,5/21/2026,260521-141240-184.bin,92,0,0.39,13.96,739.3,2.31,4.58,236.2,254,165,0.12,255.7,2.997,3.005,4.254,124,10.97,127.6,37.90095,-93.31726,253.6,123.4,8.93,-136.8,12.1,0,21.338
2:15:29 PM,5/21/2026,260521-141240-184.bin,92,0,0.38,14.63,739.4,2.4,4.31,236.2,253.8,165,0.12,255.4,2.955,2.99,4.195,124.3,10.99,127.9,37.90095,-93.31726,253.6,123.3,8.93,-137.3,12.1,0,21.376
2:15:28 PM,5/21/2026,260521-141240-184.bin,92,0,1.03,15.42,739.4,2.42,4.69,236.3,253.4,165,0.12,255,2.931,2.926,4.16,124.6,10.99,128.1,37.90095,-93.31726,253.6,123.4,8.94,-137.5,12.1,0,21.482
2:15:27 PM,5/21/2026,260521-141240-184.bin,92,0,1.71,14.8,739.3,2.69,4.51,236.4,253,164,0.12,254.6,2.912,2.908,4.134,124.8,11,128.4,37.90095,-93.31726,253.6,123.5,8.94,-137.5,12.1,0,21.555
2:15:26 PM,5/21/2026,260521-141240-184.bin,92,0,2.19,14.85,739.3,3.17,4.94,236.3,252.8,164,0.12,254.4,2.92,2.914,4.145,125.1,11.02,128.7,37.90095,-93.31726,253.6,123.5,8.94,-137.6,12.1,0,21.587
2:15:25 PM,5/21/2026,260521-141240-184.bin,92,0,2.46,15.56,739.3,3.62,5.42,236.2,252.7,164,0.12,254.3,2.895,2.914,4.109,125.3,11.04,128.9,37.90095,-93.31726,253.6,123.6,8.94,-137.6,12.1,0,21.588
2:15:24 PM,5/21/2026,260521-141240-184.bin,92,0,2.4,15.92,739.4,3.38,5.34,236.1,252.6,164,0.12,254.2,2.874,2.874,4.079,125.4,11.05,129,37.90095,-93.31726,253.6,124,8.93,-137.3,12.1,0,21.584
2:15:23 PM,5/21/2026,260521-141240-184.bin,92,0,2.16,16.58,739.3,3.11,5.48,236,252.5,164,0.12,254.1,2.854,2.853,4.051,125.4,11.05,129,37.90095,-93.31726,253.6,124.3,8.93,-137.2,12.1,0,21.583
2:15:22 PM,5/21/2026,260521-141240-184.bin,92,0,1.89,16.05,739.4,3.22,5.62,236.1,252.5,164,0.12,254.1,2.832,2.843,4.02,125.5,11.05,129.1,37.90094,-93.31726,253.6,124.3,8.93,-137.2,12.1,0,21.596
2:15:21 PM,5/21/2026,260521-141240-184.bin,92,0,1.36,15.8,739.3,3.12,5.52,236.2,252.6,164,0.12,254.2,2.829,2.842,4.016,125.6,11.05,129.2,37.90094,-93.31726,253.6,124.2,8.93,-137.4,12.1,0,21.614
2:15:20 PM,5/21/2026,260521-141240-184.bin,92,0,0.68,15.27,739.4,2.89,5.13,236.2,252.5,164,0.12,254.1,2.819,2.825,4.002,125.6,11.06,129.2,37.90094,-93.31726,253.6,124.2,8.94,-137.5,12.1,0,21.619
2:15:19 PM,5/21/2026,260521-141240-184.bin,92,0,0.43,15.48,739.4,2.84,5.17,236.2,252.5,164,0.12,254.1,2.802,2.81,3.977,125.6,11.06,129.2,37.90094,-93.31726,253.7,124.4,8.93,-137.4,12.1,0,21.621
2:15:18 PM,5/21/2026,260521-141240-184.bin,92,0,0.89,15.83,739.2,3.05,5.49,236.2,252.5,164,0.12,254.1,2.771,2.779,3.933,125.6,11.06,129.2,37.90094,-93.31726,253.7,124.6,8.93,-137.3,12.1,0,21.624
2:15:17 PM,5/21/2026,260521-141240-184.bin,92,0,1.64,16.17,739.3,3.36,5.52,236.2,252.4,164,0.12,254,2.772,2.772,3.934,125.6,11.06,129.2,37.90094,-93.31726,253.8,124.7,8.93,-137.2,12.1,0,21.628
2:15:16 PM,5/21/2026,260521-141240-184.bin,92,0,2.18,17.31,739.3,3.43,5.71,236.3,252.5,164,0.12,254.1,2.767,2.785,3.928,125.6,11.06,129.2,37.90094,-93.31726,253.9,124.8,8.93,-137.2,12.1,0,21.631
2:15:15 PM,5/21/2026,260521-141240-184.bin,92,0,2.3,17.96,739.3,3.56,6.01,236.3,252.5,164,0.12,254.1,2.743,2.753,3.894,125.7,11.06,129.3,37.90094,-93.31726,253.9,124.9,8.93,-137.2,12.1,0,21.631
2:15:14 PM,5/21/2026,260521-141240-184.bin,92,0,2.26,17.83,739.2,3.83,6.13,236.1,252.3,164,0.12,253.9,2.719,2.714,3.859,125.7,11.06,129.3,37.90094,-93.31726,253.9,124.8,8.93,-137.3,12.1,0,21.632
2:15:13 PM,5/21/2026,260521-141240-184.bin,92,0,2.07,18.58,739.3,3.41,6.39,236,252.2,164,0.12,253.8,2.722,2.725,3.864,125.7,11.06,129.3,37.90094,-93.31726,253.9,124.7,8.94,-137.5,12.1,0,21.632
2:15:12 PM,5/21/2026,260521-141240-184.bin,92,0,1.54,18.68,739.3,2.92,6.27,236,252.2,164,0.12,253.8,2.702,2.723,3.835,125.7,11.06,129.3,37.90094,-93.31726,253.9,124.8,8.93,-137.5,12.1,0,21.632
2:15:11 PM,5/21/2026,260521-141240-184.bin,92,0,0.7,17.43,739.3,2.6,5.96,236.1,252.4,164,0.12,253.9,2.68,2.698,3.804,125.7,11.06,129.3,37.90094,-93.31726,253.9,124.9,8.93,-137.4,12.1,0,21.632
2:15:10 PM,5/21/2026,260521-141240-184.bin,92,0,0.24,17.54,739.2,2.68,5.98,236.2,252.4,164,0.12,254,2.659,2.664,3.774,125.7,11.07,129.3,37.90094,-93.31726,253.8,125,8.93,-137.4,12.1,0,21.632
2:15:09 PM,5/21/2026,260521-141240-184.bin,92,0,0.78,17.46,739.2,3,6.02,236.2,252.5,164,0.12,254,2.638,2.64,3.745,125.8,11.07,129.4,37.90094,-93.31726,253.8,125,8.93,-137.3,12.1,0,21.633
2:15:08 PM,5/21/2026,260521-141240-184.bin,92,0,1.66,17.09,739.3,2.95,5.99,236.2,252.4,164,0.12,254,2.617,2.636,3.715,125.8,11.07,129.4,37.90094,-93.31726,253.8,124.9,8.94,-137.6,12.1,0,21.633
2:15:07 PM,5/21/2026,260521-141240-184.bin,92,0,2.27,17.21,739.3,3.34,5.94,236.2,252.4,164,0.12,254,2.594,2.588,3.682,125.7,11.07,129.3,37.90094,-93.31726,253.8,124.9,8.94,-137.7,12.1,0,21.633
2:15:06 PM,5/21/2026,260521-141240-184.bin,92,0,2.52,17.97,739.4,3.79,6.04,236.3,252.6,164,0.12,254.1,2.566,2.572,3.643,125.8,11.07,129.4,37.90094,-93.31726,253.8,125.3,8.93,-137.3,12.1,0,21.634
2:15:05 PM,5/21/2026,260521-141240-184.bin,92,0,2.27,17.81,739.2,3.47,5.97,236.2,252.5,164,0.12,254,2.556,2.572,3.628,125.8,11.07,129.4,37.90094,-93.31726,253.7,125.7,8.93,-137,12.1,0,21.635
2:15:04 PM,5/21/2026,260521-141240-184.bin,92,0,1.71,16.67,739.4,3.01,5.75,236.2,252.4,164,0.12,254,2.546,2.543,3.613,125.8,11.07,129.4,37.90094,-93.31726,253.7,125.6,8.93,-137.1,12.1,0,21.637
2:15:03 PM,5/21/2026,260521-141240-184.bin,92,0,1.1,16.59,739.4,2.79,5.8,236.2,252.4,164,0.12,254,2.534,2.534,3.597,125.9,11.07,129.5,37.90094,-93.31726,253.7,125.5,8.93,-137.2,12.1,0,21.638
2:15:02 PM,5/21/2026,260521-141240-184.bin,92,0,0.51,18.19,739.4,2.63,5.94,236.2,252.4,164,0.12,254,2.525,2.542,3.584,125.9,11.08,129.5,37.90094,-93.31726,253.7,125.5,8.93,-137.3,12.1,0,21.638
2:15:01 PM,5/21/2026,260521-141240-184.bin,92,0,0.55,18.19,739.4,2.73,6.03,236.3,252.5,164,0.12,254.1,2.484,2.501,3.526,125.9,11.08,129.5,37.90094,-93.31726,253.7,125.5,8.93,-137.4,12.1,0,21.639
2:15:00 PM,5/21/2026,260521-141240-184.bin,92,0,1.25,16.59,739.3,2.91,5.86,236.1,252.3,164,0.12,253.8,2.452,2.449,3.48,125.9,11.08,129.5,37.90094,-93.31726,253.7,125.5,8.93,-137.4,12.1,0,21.642
2:14:59 PM,5/21/2026,260521-141240-184.bin,92,0,2.07,16.5,739.3,3.27,5.57,235.8,252,164,0.12,253.6,2.451,2.455,3.479,125.9,11.08,129.5,37.90094,-93.31726,253.7,125.5,8.94,-137.5,12.1,0,21.642
2:14:58 PM,5/21/2026,260521-141240-184.bin,92,0,2.43,17.3,739.3,3.62,5.73,235.9,252,164,0.12,253.6,2.431,2.449,3.45,126,11.08,129.6,37.90094,-93.31726,253.8,125.3,8.94,-137.7,12.1,0,21.642
2:14:57 PM,5/21/2026,260521-141240-184.bin,92,0,2.19,17.39,739.3,3.45,5.81,236,252.2,164,0.12,253.8,2.363,2.376,3.353,125.9,11.08,129.6,37.90094,-93.31726,253.8,125.2,8.94,-137.9,12.1,0,21.641
2:14:56 PM,5/21/2026,260521-141240-184.bin,92,0,1.74,16.69,739.3,3.09,5.62,236.1,252.3,164,0.12,253.9,2.352,2.345,3.338,125.9,11.08,129.6,37.90094,-93.31726,253.9,125.2,8.94,-138,12.1,0,21.643
2:14:55 PM,5/21/2026,260521-141240-184.bin,92,0,0.97,16.87,739.3,2.93,5.61,236.1,252.2,164,0.12,253.8,2.348,2.359,3.333,126,11.09,129.6,37.90094,-93.31726,254,125.3,8.94,-137.9,12.1,0,21.643
2:14:54 PM,5/21/2026,260521-141240-184.bin,92,0,0.37,17.62,739.2,3.02,5.89,236,252.2,164,0.12,253.8,2.308,2.339,3.277,126,11.09,129.6,37.90094,-93.31726,254,125.3,8.95,-138.1,12.1,0,21.644
2:14:53 PM,5/21/2026,260521-141240-184.bin,92,0,0.75,17.29,739.4,3.11,5.66,236.1,252.2,164,0.12,253.8,2.29,2.285,3.25,126.1,11.09,129.7,37.90094,-93.31726,254.1,125.1,8.95,-138.3,12.1,0,21.645
2:14:52 PM,5/21/2026,260521-141240-184.bin,92,0,1.71,16.73,739.3,3.39,5.38,236.1,252.2,164,0.12,253.7,2.277,2.269,3.232,126.1,11.09,129.7,37.90094,-93.31726,254.3,125.1,8.95,-138.3,12.1,0,21.65
2:14:51 PM,5/21/2026,260521-141240-184.bin,92,0,2.32,16.62,739.2,3.47,5.51,236.2,252.3,164,0.12,253.9,2.278,2.289,3.234,126,11.09,129.7,37.90094,-93.31726,254.2,125.5,8.94,-138,12.1,0,21.651
2:14:50 PM,5/21/2026,260521-141240-184.bin,92,0,2.37,16.82,739.3,3.32,5.75,236.3,252.4,164,0.12,254,2.28,2.287,3.236,126,11.09,129.7,37.90094,-93.31726,254.1,125.6,8.94,-137.9,12.1,0,21.65
2:14:49 PM,5/21/2026,260521-141240-184.bin,92,0,2.09,18.2,739.3,3.22,6.29,236.3,252.4,164,0.12,254,2.274,2.271,3.228,126.1,11.09,129.7,37.90094,-93.31726,254.1,125.6,8.94,-138,12.1,0,21.651
2:14:48 PM,5/21/2026,260521-141240-184.bin,92,0,1.54,19.33,739.4,2.92,6.48,236.2,252.3,164,0.12,253.9,2.257,2.256,3.204,126,11.09,129.7,37.90094,-93.31726,254,125.6,8.95,-138.1,12.1,0,21.652
2:14:47 PM,5/21/2026,260521-141240-184.bin,92,0,0.68,19.3,739.4,2.82,6.45,236.1,252.2,164,0.12,253.8,2.235,2.253,3.172,126,11.09,129.7,37.90094,-93.31726,254,125.8,8.94,-138,12.1,0,21.653
2:14:46 PM,5/21/2026,260521-141240-184.bin,92,0,0.57,18.29,739.3,2.88,5.96,236,252.1,164,0.12,253.7,2.223,2.22,3.156,126.1,11.09,129.7,37.90094,-93.31726,254,125.9,8.94,-137.9,12.1,0,21.654
2:14:45 PM,5/21/2026,260521-141240-184.bin,92,0,1.24,18.22,739.3,2.94,5.7,235.9,252,164,0.12,253.6,2.214,2.212,3.142,126.1,11.09,129.7,37.90094,-93.31726,254,126.1,8.94,-137.7,12.1,0,21.654
2:14:44 PM,5/21/2026,260521-141240-184.bin,92,0,2.18,18.6,739.2,3.3,5.91,236,252.1,164,0.12,253.6,2.192,2.203,3.112,126.1,11.09,129.7,37.90094,-93.31726,254,126.3,8.94,-137.6,12.1,0,21.654
2:14:43 PM,5/21/2026,260521-141240-184.bin,92,0,2.46,18.07,739.4,3.54,6.08,236,252.2,164,0.12,253.7,2.153,2.166,3.056,126.1,11.09,129.7,37.90094,-93.31726,254,126.3,8.94,-137.6,12.1,0,21.654
2:14:42 PM,5/21/2026,260521-141240-184.bin,92,0,2.29,17.02,739.4,3.44,6.03,236.1,252.2,164,0.12,253.7,2.149,2.158,3.05,126.1,11.09,129.8,37.90094,-93.31726,254,126.3,8.94,-137.7,12.1,0,21.655
2:14:41 PM,5/21/2026,260521-141240-184.bin,92,0,1.68,16.71,739.3,3.2,5.75,236,252.1,164,0.12,253.7,2.136,2.145,3.031,126.2,11.1,129.8,37.90094,-93.31726,254,126.4,8.94,-137.7,12.1,0,21.658
2:14:40 PM,5/21/2026,260521-141240-184.bin,92,0,0.85,17.54,739.3,2.67,5.66,235.9,252,164,0.12,253.6,2.087,2.104,2.962,126.2,11.1,129.8,37.90094,-93.31726,254,126.8,8.93,-137.3,12.1,0,21.656
2:14:39 PM,5/21/2026,260521-141240-184.bin,92,0,0.57,18.07,739.4,2.67,5.57,235.9,252,164,0.12,253.6,2.077,2.066,2.947,126.2,11.1,129.8,37.90094,-93.31726,254,127.1,8.93,-137.1,12.1,0,21.654
2:14:38 PM,5/21/2026,260521-141240-184.bin,92,0,1.14,18.33,739.4,3.12,5.83,235.9,252,164,0.12,253.6,2.091,2.095,2.968,126.2,11.11,129.9,37.90094,-93.31726,254,127.2,8.93,-137.1,12.1,0,21.653
2:14:37 PM,5/21/2026,260521-141240-184.bin,92,0,1.9,17.95,739.3,3.4,6.41,235.9,252,164,0.12,253.6,2.065,2.091,2.931,126.3,11.11,129.9,37.90094,-93.31726,254,127.1,8.93,-137.2,12.1,0,21.654
2:14:36 PM,5/21/2026,260521-141240-184.bin,92,0,2.46,17.05,739.3,3.51,5.96,236,252.1,164,0.12,253.7,2.043,2.043,2.9,126.3,11.11,129.9,37.90094,-93.31726,253.9,126.9,8.94,-137.5,12.1,0,21.654
2:14:35 PM,5/21/2026,260521-141240-184.bin,92,0,2.42,16.64,739.3,3.24,5.22,236.1,252.2,164,0.12,253.8,2.028,2.021,2.879,126.3,11.12,130,37.90094,-93.31726,253.9,126.6,8.94,-137.8,12.1,0,21.652
2:14:34 PM,5/21/2026,260521-141240-184.bin,92,0,1.87,16.8,739.3,2.82,5.37,236.1,252.2,164,0.12,253.7,2.033,2.043,2.886,126.4,11.12,130,37.90094,-93.31726,253.9,126.8,8.94,-137.6,12.1,0,21.652
2:14:33 PM,5/21/2026,260521-141240-184.bin,92,0,0.98,16.43,739.3,2.66,5.39,236,252.2,164,0.12,253.7,2.018,2.035,2.864,126.4,11.12,130.1,37.90094,-93.31726,253.9,126.9,8.94,-137.6,12.1,0,21.652
2:14:32 PM,5/21/2026,260521-141240-184.bin,92,0,0.41,16.6,739.2,2.82,5.58,236,252.1,164,0.12,253.7,1.991,1.991,2.826,126.4,11.12,130,37.90094,-93.31726,253.9,127,8.94,-137.7,12.1,0,21.653
2:14:31 PM,5/21/2026,260521-141240-184.bin,92,0,0.79,17.4,739.3,3.03,5.75,236.1,252.2,164,0.12,253.8,1.967,1.969,2.792,126.4,11.11,130,37.90094,-93.31726,253.9,127.2,8.94,-137.5,12.1,0,21.66
2:14:30 PM,5/21/2026,260521-141240-184.bin,92,0,1.76,17.89,739.4,3.34,5.73,236.2,252.2,164,0.12,253.8,1.956,1.97,2.776,126.4,11.11,130,37.90094,-93.31726,253.8,127.6,8.93,-137.3,12.1,0,21.666
2:14:29 PM,5/21/2026,260521-141240-184.bin,92,0,2.38,19.21,739.3,3.6,6.34,236.1,252.2,164,0.12,253.7,1.933,1.954,2.744,126.4,11.12,130,37.90094,-93.31726,253.8,127.8,8.93,-137,12.1,0,21.669
2:14:28 PM,5/21/2026,260521-141240-184.bin,92,0,2.48,19.36,739.4,3.71,6.4,236.1,252.1,164,0.12,253.6,1.922,1.92,2.728,126.4,11.12,130,37.90094,-93.31726,253.8,128,8.92,-136.9,12.1,0,21.671
2:14:27 PM,5/21/2026,260521-141240-184.bin,92,0,2.36,18.67,739.4,3.72,6.06,236,252,164,0.12,253.5,1.913,1.923,2.715,126.4,11.11,130,37.90094,-93.31726,253.7,128.1,8.92,-136.8,12.1,0,21.672
2:14:26 PM,5/21/2026,260521-141240-184.bin,92,0,1.92,18.12,739.3,3.44,5.82,236,252,164,0.12,253.6,1.896,1.912,2.691,126.4,11.12,130,37.90094,-93.31726,253.7,128.1,8.92,-136.9,12.1,0,21.672
2:14:25 PM,5/21/2026,260521-141240-184.bin,92,0,1.28,18.01,739.4,3.13,5.54,235.9,251.9,164,0.12,253.4,1.881,1.896,2.67,126.4,11.12,130.1,37.90094,-93.31726,253.6,128.2,8.92,-136.9,12.1,0,21.672
2:14:24 PM,5/21/2026,260521-141240-184.bin,92,0,0.62,18,739.3,2.81,5.71,235.9,251.9,164,0.12,253.4,1.866,1.869,2.649,126.4,11.12,130.1,37.90094,-93.31726,253.5,128.4,8.92,-136.7,12.1,0,21.672
2:14:23 PM,5/21/2026,260521-141240-184.bin,92,0,0.2,18.02,739.3,2.73,6.01,235.9,251.9,164,0.12,253.5,1.839,1.851,2.61,126.4,11.12,130.1,37.90094,-93.31726,253.5,128.5,8.92,-136.7,12.1,0,21.674
2:14:22 PM,5/21/2026,260521-141240-184.bin,92,0,0.07,17.95,739.3,2.78,6.11,235.9,251.9,164,0.12,253.5,1.811,1.806,2.57,126.5,11.12,130.1,37.90094,-93.31726,253.5,128.4,8.93,-136.9,12.1,0,21.674
2:14:21 PM,5/21/2026,260521-141240-184.bin,92,0,0.11,17.51,739.3,2.64,5.92,235.8,251.8,164,0.12,253.3,1.814,1.82,2.575,126.4,11.11,130,37.90094,-93.31726,253.5,128.1,8.93,-137.3,12.1,0,21.676
2:14:20 PM,5/21/2026,260521-141240-184.bin,92,0,0.14,17.61,739.4,2.84,5.62,235.9,251.8,164,0.12,253.4,1.796,1.817,2.549,126.4,11.11,130,37.90094,-93.31726,253.4,128,8.93,-137.4,12.1,0,21.679
2:14:19 PM,5/21/2026,260521-141240-184.bin,92,0,0.2,18.04,739.3,2.87,5.66,236,252,164,0.12,253.5,1.774,1.781,2.518,126.4,11.11,130,37.90094,-93.31726,253.5,128.1,8.93,-137.4,12.1,0,21.683
2:14:18 PM,5/21/2026,260521-141240-184.bin,92,0,0.31,18.66,739.3,2.84,5.87,236,251.9,164,0.12,253.5,1.737,1.74,2.466,126.4,11.11,130.1,37.90094,-93.31726,253.5,128.1,8.93,-137.3,12.1,0,21.686
2:14:17 PM,5/21/2026,260521-141240-184.bin,92,0,0.42,17.82,739.3,2.95,5.47,236.1,252,164,0.12,253.6,1.73,1.733,2.456,126.4,11.11,130.1,37.90094,-93.31727,253.5,128.3,8.93,-137.3,12.1,0,21.688
2:14:16 PM,5/21/2026,260521-141240-184.bin,92,0,0.62,16.87,739.4,2.74,5.27,236.1,252.1,164,0.12,253.6,1.719,1.731,2.44,126.4,11.11,130,37.90094,-93.31727,253.4,128.4,8.93,-137.2,12.1,0,21.688
2:14:15 PM,5/21/2026,260521-141240-184.bin,92,0,0.86,17.02,739.2,2.64,5.84,236.2,252.1,164,0.12,253.7,1.702,1.7,2.416,126.4,11.11,130,37.90094,-93.31727,253.3,128.3,8.93,-137.4,12.1,0,21.689
2:14:14 PM,5/21/2026,260521-141240-184.bin,92,0,1.13,17.61,739.4,2.81,6.31,236.3,252.2,164,0.12,253.7,1.674,1.676,2.376,126.4,11.11,130,37.90094,-93.31727,253.3,128.2,8.94,-137.5,12.1,0,21.693
2:14:13 PM,5/21/2026,260521-141240-184.bin,92,0,1.29,18.02,739.3,2.91,6.29,236.3,252.2,164,0.12,253.7,1.675,1.681,2.378,126.4,11.11,130,37.90094,-93.31727,253.3,128.6,8.93,-137.2,12.1,0,21.695
2:14:12 PM,5/21/2026,260521-141240-184.bin,92,0,1.55,18.41,739.3,3.23,6.19,236.1,252,164,0.12,253.5,1.642,1.67,2.331,126.5,11.12,130.1,37.90094,-93.31727,253.3,128.8,8.93,-137.1,12.1,0,21.694
2:14:11 PM,5/21/2026,260521-141240-184.bin,92,0,1.85,18.04,739.3,3.34,5.82,235.9,251.9,164,0.12,253.4,1.614,1.618,2.291,126.4,11.12,130.1,37.90094,-93.31727,253.3,128.6,8.93,-137.3,12.1,0,21.686
2:14:10 PM,5/21/2026,260521-141240-184.bin,92,0,2.03,17.17,739.3,3.35,5.49,236,251.9,164,0.12,253.5,1.592,1.603,2.259,126.4,11.11,130,37.90094,-93.31727,253.3,128.7,8.93,-137.3,12.1,0,21.687
2:14:09 PM,5/21/2026,260521-141240-184.bin,92,0,2.25,16.92,739.3,3.66,5.35,236,251.9,164,0.12,253.4,1.576,1.59,2.237,126.4,11.11,130.1,37.90094,-93.31727,253.3,129,8.93,-137,12.1,0,21.692
2:14:08 PM,5/21/2026,260521-141240-184.bin,92,0,2.35,17.2,739.2,3.66,5.37,235.9,251.8,164,0.12,253.3,1.568,1.578,2.225,126.5,11.11,130.1,37.90094,-93.31727,253.3,129.2,8.93,-136.9,12.1,0,21.695
2:14:07 PM,5/21/2026,260521-141240-184.bin,92,0,2.44,17.81,739.4,3.71,5.51,235.8,251.7,164,0.12,253.3,1.553,1.556,2.204,126.4,11.11,130.1,37.90094,-93.31727,253.2,129.2,8.92,-136.9,12.1,0,21.697
2:14:06 PM,5/21/2026,260521-141240-184.bin,92,0,2.58,17.52,739.3,3.7,5.42,235.9,251.8,164,0.12,253.3,1.531,1.531,2.174,126.4,11.11,130,37.90094,-93.31727,253.2,129.3,8.92,-136.9,12.1,0,21.696
2:14:05 PM,5/21/2026,260521-141240-184.bin,92,0,2.69,17.41,739.3,3.85,5.73,236,251.9,164,0.12,253.4,1.524,1.538,2.163,126.4,11.11,130,37.90094,-93.31727,253.2,129.1,8.93,-137.2,12.1,0,21.696
2:14:04 PM,5/21/2026,260521-141240-184.bin,92,0,2.67,17.98,739.4,3.96,6.1,236.1,252,164,0.12,253.5,1.508,1.522,2.14,126.4,11.11,130,37.90094,-93.31727,253.2,128.8,8.94,-137.6,12.1,0,21.698
2:14:03 PM,5/21/2026,260521-141240-184.bin,92,0,2.46,17.39,739.4,3.62,6.1,236.2,252.1,164,0.12,253.7,1.488,1.49,2.112,126.3,11.1,130,37.90094,-93.31727,253.2,128.7,8.94,-137.7,12.1,0,21.699
2:14:02 PM,5/21/2026,260521-141240-184.bin,92,0,2.29,17.02,739.4,3.58,6.05,236.2,252.1,164,0.12,253.6,1.479,1.486,2.099,126.3,11.1,129.9,37.90094,-93.31727,253.1,128.9,8.94,-137.5,12.1,0,21.698
2:14:01 PM,5/21/2026,260521-141240-184.bin,92,0,2.17,17.87,739.3,3.62,5.54,236.1,252,164,0.12,253.5,1.46,1.469,2.072,126.3,11.1,129.9,37.90094,-93.31727,253,129,8.93,-137.4,12.1,0,21.7
2:14:00 PM,5/21/2026,260521-141240-184.bin,92,0,1.92,17.67,739.4,3.44,5.63,236,251.9,164,0.12,253.4,1.456,1.46,2.066,126.3,11.1,129.9,37.90094,-93.31727,252.9,129.1,8.93,-137.4,12.1,0,21.701
2:13:59 PM,5/21/2026,260521-141240-184.bin,92,0,1.58,17.44,739.4,3.1,5.78,236,251.9,164,0.12,253.5,1.448,1.458,2.056,126.3,11.1,129.9,37.90094,-93.31727,252.9,129.1,8.93,-137.5,12.1,0,21.701
2:13:58 PM,5/21/2026,260521-141240-184.bin,92,0,1.17,16.45,739.3,3,5.37,236.1,252,164,0.12,253.6,1.434,1.434,2.036,126.3,11.1,129.9,37.90094,-93.31727,252.9,129.1,8.94,-137.6,12.1,0,21.699
2:13:57 PM,5/21/2026,260521-141240-184.bin,92,0,0.67,15.94,739.3,2.8,5.25,236.1,252.1,164,0.12,253.6,1.428,1.424,2.026,126.3,11.1,129.9,37.90094,-93.31727,252.9,129.1,8.94,-137.6,12.1,0,21.693
2:13:56 PM,5/21/2026,260521-141240-184.bin,92,0,0.23,16.9,739.3,2.61,5.28,236,251.9,164,0.12,253.5,1.426,1.442,2.024,126.3,11.1,129.9,37.90094,-93.31727,252.9,129.2,8.94,-137.6,12.1,0,21.692
2:13:55 PM,5/21/2026,260521-141240-184.bin,92,0,0.22,16.65,739.4,2.77,5.28,235.9,251.8,164,0.12,253.3,1.414,1.432,2.007,126.4,11.11,130,37.90094,-93.31727,252.9,129.4,8.93,-137.5,12.1,0,21.697
2:13:54 PM,5/21/2026,260521-141240-184.bin,92,0,0.6,16.98,739.3,2.74,5.31,236.1,251.9,164,0.12,253.5,1.397,1.398,1.983,126.4,11.11,130,37.90094,-93.31727,253,129.5,8.93,-137.4,12.1,0,21.701
2:13:53 PM,5/21/2026,260521-141240-184.bin,92,0,1.07,17.1,739.3,2.83,5.44,236,251.9,164,0.12,253.4,1.388,1.376,1.97,126.3,11.1,130,37.90094,-93.31727,252.9,129.5,8.93,-137.5,12.1,0,21.702
2:13:52 PM,5/21/2026,260521-141240-184.bin,92,0,1.58,17.22,739.4,3.17,5.51,235.9,251.8,164,0.12,253.4,1.386,1.398,1.967,126.3,11.1,129.9,37.90094,-93.31727,252.9,129.5,8.94,-137.5,12.1,0,21.699
2:13:51 PM,5/21/2026,260521-141240-184.bin,92,0,1.98,17.29,739.2,3.22,5.42,236.1,251.9,164,0.12,253.5,1.367,1.388,1.94,126.3,11.1,129.9,37.90094,-93.31727,252.9,129.6,8.93,-137.4,12,0,21.699
2:13:50 PM,5/21/2026,260521-141240-184.bin,92,0,2.33,16.77,739.3,3.47,5.24,236.2,252,164,0.12,253.6,1.342,1.35,1.904,126.3,11.1,129.9,37.90094,-93.31727,252.9,129.8,8.93,-137.3,12,0,21.702
2:13:49 PM,5/21/2026,260521-141240-184.bin,92,0,2.61,17.15,739.4,3.57,5.39,236.1,251.9,164,0.12,253.4,1.315,1.313,1.867,126.3,11.09,129.9,37.90094,-93.31727,252.9,129.9,8.93,-137.3,12,0,21.713
2:13:48 PM,5/21/2026,260521-141240-184.bin,92,0,2.61,16.82,739.3,3.33,5.44,236.1,251.8,164,0.12,253.4,1.296,1.31,1.839,126.3,11.09,129.9,37.90094,-93.31727,252.8,130,8.93,-137.2,12,0,21.731
2:13:47 PM,5/21/2026,260521-141240-184.bin,92,0,2.3,16.33,739.4,3.34,5.39,236.2,251.9,164,0.12,253.5,1.275,1.289,1.81,126.3,11.09,129.9,37.90095,-93.31727,252.8,130.2,8.93,-137.1,12,0,21.738
2:13:46 PM,5/21/2026,260521-141240-184.bin,92,0,1.85,16.55,739.4,3.11,5.52,236.3,252,164,0.12,253.5,1.256,1.26,1.782,126.3,11.09,129.9,37.90095,-93.31727,252.8,130.3,8.93,-137.1,12,0,21.739
2:13:45 PM,5/21/2026,260521-141240-184.bin,92,0,1.36,16.85,739.3,2.97,5.47,236.4,252.1,164,0.12,253.6,1.232,1.23,1.749,126.2,11.08,129.9,37.90095,-93.31727,252.7,130.3,8.93,-137.2,12,0,21.746
2:13:44 PM,5/21/2026,260521-141240-184.bin,92,0,0.6,17.12,739.2,2.95,5.56,236.3,251.9,164,0.12,253.4,1.228,1.237,1.743,126.2,11.08,129.9,37.90095,-93.31727,252.7,130.2,8.93,-137.4,12,0,21.756
2:13:43 PM,5/21/2026,260521-141240-184.bin,92,0,0.36,16.64,739.4,2.87,5.55,236.2,251.8,164,0.12,253.3,1.224,1.224,1.737,126.2,11.08,129.8,37.90095,-93.31727,252.7,129.9,8.94,-137.7,12,0,21.754
2:13:42 PM,5/21/2026,260521-141240-184.bin,92,0,0.83,16.42,739.4,2.83,5.42,236.1,251.7,164,0.12,253.2,1.214,1.231,1.723,126.2,11.08,129.8,37.90095,-93.31727,252.7,129.8,8.94,-137.8,12,0,21.752
2:13:41 PM,5/21/2026,260521-141240-184.bin,92,0,1.37,16.32,739.3,2.93,5.26,236.1,251.7,164,0.12,253.2,1.181,1.193,1.676,126.1,11.08,129.8,37.90095,-93.31727,252.6,130,8.94,-137.6,12,0,21.751
2:13:40 PM,5/21/2026,260521-141240-184.bin,92,0,1.92,16.01,739.3,3.4,5.02,236.1,251.9,164,0.12,253.4,1.16,1.153,1.647,126.1,11.08,129.7,37.90095,-93.31727,252.5,130.3,8.93,-137.4,12,0,21.726
2:13:39 PM,5/21/2026,260521-141240-184.bin,92,0,2.46,16.39,739.3,3.84,5.31,236.1,251.9,164,0.12,253.4,1.165,1.171,1.653,126.1,11.08,129.7,37.90095,-93.31727,252.6,130.7,8.93,-137.1,12,0,21.714
2:13:38 PM,5/21/2026,260521-141240-184.bin,92,0,2.57,16.65,739.3,3.73,5.49,236.1,251.9,164,0.12,253.5,1.15,1.166,1.632,126.1,11.08,129.8,37.90095,-93.31727,252.6,130.8,8.93,-137.1,12,0,21.714
2:13:37 PM,5/21/2026,260521-141240-184.bin,92,0,2.07,16.61,739.3,3.28,5.55,236.1,251.9,164,0.12,253.4,1.122,1.13,1.592,126.1,11.08,129.7,37.90095,-93.31727,252.5,130.7,8.93,-137.2,12,0,21.714
2:13:36 PM,5/21/2026,260521-141240-184.bin,92,0,1.25,16,739.4,2.87,5.65,236.1,251.9,164,0.12,253.4,1.099,1.094,1.559,126.1,11.08,129.7,37.90095,-93.31727,252.5,130.8,8.93,-137.2,12,0,21.726
2:13:35 PM,5/21/2026,260521-141240-184.bin,92,0,0.48,15.76,739.3,2.52,5.77,236.2,251.8,164,0.12,253.3,1.105,1.109,1.568,126.1,11.07,129.7,37.90095,-93.31727,252.4,131,8.93,-137,12,0,21.74
2:13:34 PM,5/21/2026,260521-141240-184.bin,92,0,0.51,15.87,739.3,2.65,5.55,236.1,251.7,164,0.12,253.2,1.079,1.104,1.532,126.1,11.08,129.8,37.90095,-93.31727,252.5,131.1,8.93,-137,12,0,21.743
2:13:33 PM,5/21/2026,260521-141240-184.bin,92,0,1.22,15.94,739.3,2.98,5.22,236.1,251.8,164,0.12,253.3,1.045,1.054,1.484,126.2,11.08,129.8,37.90095,-93.31727,252.4,131.1,8.93,-137.1,12,0,21.747
2:13:32 PM,5/21/2026,260521-141240-184.bin,92,0,1.94,15.83,739.3,3.1,5.16,236.1,251.8,164,0.12,253.3,1.027,1.018,1.457,126.1,11.08,129.7,37.90095,-93.31727,252.5,131.1,8.93,-137.1,12,0,21.748
2:13:31 PM,5/21/2026,260521-141240-184.bin,92,0,2.43,15.58,739.3,3.28,5.05,236,251.7,164,0.12,253.2,1.028,1.035,1.46,126.1,11.07,129.7,37.90095,-93.31727,252.5,131.2,8.93,-137.1,12,0,21.746
2:13:30 PM,5/21/2026,260521-141240-184.bin,92,0,2.39,16.38,739.4,3.29,5.06,236.1,251.7,164,0.12,253.3,0.996,1.019,1.414,126.1,11.07,129.7,37.90095,-93.31727,252.5,131.3,8.93,-137.1,12,0,21.743
2:13:29 PM,5/21/2026,260521-141240-184.bin,92,0,1.9,16.36,739.4,3.16,4.97,236.2,251.9,164,0.12,253.4,0.975,0.977,1.384,126,11.07,129.6,37.90095,-93.31727,252.6,131.4,8.93,-137,12,0,21.738
2:13:28 PM,5/21/2026,260521-141240-184.bin,92,0,1.15,15.99,739.4,2.91,4.96,236.2,251.9,164,0.12,253.4,0.964,0.957,1.368,126,11.07,129.6,37.90096,-93.31727,252.6,131.5,8.92,-136.9,12,0,21.736
2:13:27 PM,5/21/2026,260521-141240-184.bin,92,0,0.41,16.8,739.3,2.63,5.14,236.1,251.9,164,0.12,253.4,0.948,0.963,1.346,126.1,11.07,129.7,37.90096,-93.31727,252.7,131.7,8.92,-136.8,12,0,21.731
2:13:26 PM,5/21/2026,260521-141240-184.bin,92,0,0.75,16.79,739.3,2.79,5.2,236.1,251.9,164,0.12,253.4,0.927,0.946,1.316,126,11.07,129.6,37.90096,-93.31727,252.8,131.9,8.92,-136.7,12,0,21.721
2:13:25 PM,5/21/2026,260521-141240-184.bin,92,0,1.77,16.48,739.3,3.2,5.12,236.3,252.1,164,0.12,253.6,0.904,0.907,1.283,126,11.06,129.6,37.90096,-93.31727,252.9,132,8.92,-136.7,12,0,21.724
2:13:24 PM,5/21/2026,260521-141240-184.bin,92,0,2.24,16.82,739.3,3.44,5.27,236.5,252.2,164,0.12,253.7,0.874,0.889,1.24,125.9,11.06,129.5,37.90096,-93.31727,253,132,8.92,-136.8,12,0,21.742
2:13:23 PM,5/21/2026,260521-141240-184.bin,92,0,2.27,16.61,739.4,3.39,5.08,236.4,252,164,0.12,253.5,0.855,0.862,1.213,125.9,11.05,129.5,37.90096,-93.31727,253.1,132,8.92,-136.8,12,0,21.762
2:13:22 PM,5/21/2026,260521-141240-184.bin,92,0,1.92,15.99,739.3,3.09,4.85,236.3,251.7,164,0.12,253.2,0.843,0.846,1.197,125.9,11.04,129.5,37.90096,-93.31727,253.1,132.1,8.92,-136.8,12,0,21.788
2:13:21 PM,5/21/2026,260521-141240-184.bin,92,0,1.15,15.91,739.2,2.75,4.96,236.2,251.5,163,0.12,252.9,0.821,0.839,1.165,125.9,11.04,129.5,37.90096,-93.31727,253.1,132.1,8.92,-136.8,12,0,21.812
2:13:20 PM,5/21/2026,260521-141240-184.bin,92,0,0.42,15.82,739.4,2.32,5.08,236.3,251.6,164,0.12,253.1,0.79,0.802,1.121,125.8,11.03,129.4,37.90096,-93.31727,253.2,132.2,8.92,-136.8,12,0,21.816
2:13:19 PM,5/21/2026,260521-141240-184.bin,92,0,0.58,15.84,739.4,2.44,5.14,236.3,251.6,164,0.12,253.1,0.759,0.77,1.078,125.8,11.03,129.4,37.90096,-93.31727,253.2,132.3,8.92,-136.8,12,0,21.821
2:13:18 PM,5/21/2026,260521-141240-184.bin,92,0,1.4,16.21,739.4,2.78,5.24,236.3,251.6,164,0.12,253,0.754,0.764,1.071,125.7,11.03,129.4,37.90096,-93.31727,253.2,132.2,8.92,-136.9,12,0,21.821
2:13:17 PM,5/21/2026,260521-141240-184.bin,92,0,2.11,15.82,739.3,3.1,5.29,236.2,251.5,164,0.12,253,0.733,0.751,1.041,125.7,11.02,129.3,37.90096,-93.31727,253.2,132.3,8.92,-136.9,12,0,21.817
2:13:16 PM,5/21/2026,260521-141240-184.bin,92,0,2.29,14.86,739.2,3.21,4.83,236.3,251.5,163,0.12,253,0.696,0.706,0.987,125.7,11.02,129.3,37.90096,-93.31727,253.2,132.3,8.92,-136.9,12,0,21.823
2:13:15 PM,5/21/2026,260521-141240-184.bin,92,0,2.02,14.59,739.3,3.01,4.54,236.3,251.4,163,0.12,252.9,0.667,0.666,0.946,125.7,11.02,129.3,37.90096,-93.31727,253.2,132.3,8.93,-137,12,0,21.844
2:13:14 PM,5/21/2026,260521-141240-184.bin,92,0,1.67,14.48,739.4,2.62,4.71,236.4,251.6,164,0.12,253,0.676,0.679,0.96,125.6,11.01,129.2,37.90096,-93.31727,253.4,132.2,8.93,-137.2,12,0,21.845
2:13:13 PM,5/21/2026,260521-141240-184.bin,92,0,1.16,13.95,739.4,2.41,4.61,236.6,251.8,164,0.12,253.3,0.673,0.684,0.955,125.5,11,129.1,37.90096,-93.31727,253.4,132.2,8.93,-137.2,12,0,21.845
2:13:12 PM,5/21/2026,260521-141240-184.bin,92,0,0.46,13.95,739.4,2.28,4.37,236.7,251.9,164,0.12,253.4,0.67,0.661,0.951,125.5,11,129.1,37.90096,-93.31727,253.4,132.3,8.93,-137.2,12,0,21.85
2:13:11 PM,5/21/2026,260521-141240-184.bin,92,0,0.04,13.93,739.4,2.13,4.31,236.7,251.9,164,0.12,253.3,0.663,0.659,0.941,125.5,11,129.1,37.90096,-93.31727,253.5,132.3,8.93,-137.2,12.1,0,21.856
2:13:10 PM,5/21/2026,260521-141240-184.bin,92,0,0.15,13.22,739.3,2.08,4.29,236.6,251.6,164,0.12,253.1,0.648,0.662,0.919,125.6,11,129.2,37.90096,-93.31727,253.4,132.3,8.93,-137.2,12.1,0,21.87
2:13:09 PM,5/21/2026,260521-141240-184.bin,92,0,0.48,12.47,739.4,2,4.05,236.6,251.6,164,0.12,253.1,0.595,0.631,0.844,125.6,11,129.2,37.90096,-93.31727,253.4,132.4,8.93,-137.2,12.1,0,21.874
2:13:08 PM,5/21/2026,260521-141240-184.bin,92,0,0.78,12.03,739.3,2.05,3.8,236.6,251.6,164,0.12,253.1,0.56,0.569,0.795,125.4,10.99,129,37.90096,-93.31727,253.4,132.4,8.93,-137.3,12.1,0,21.876
2:13:07 PM,5/21/2026,260521-141240-184.bin,92,0,1.05,11.79,739.3,2.18,3.69,236.7,251.7,164,0.12,253.2,0.522,0.529,0.741,125.4,10.98,129,37.90096,-93.31727,253.4,132.5,8.93,-137.3,12.1,0,21.878
2:13:06 PM,5/21/2026,260521-141240-184.bin,92,0,1.3,12.2,739.3,2.28,3.69,236.7,251.7,164,0.12,253.1,0.512,0.522,0.727,125.4,10.98,129,37.90096,-93.31727,253.4,132.7,8.93,-137.2,12.1,0,21.879
2:13:05 PM,5/21/2026,260521-141240-184.bin,92,0,1.42,12.53,739.3,2.38,3.83,236.5,251.5,163,0.12,253,0.51,0.521,0.724,125.3,10.97,128.9,37.90096,-93.31728,253.4,132.8,8.93,-137.2,12.1,0,21.877
2:13:04 PM,5/21/2026,260521-141240-184.bin,92,0,1.63,12.8,739.4,2.56,3.85,236.5,251.5,164,0.12,253,0.505,0.502,0.716,125.1,10.96,128.7,37.90095,-93.31728,253.2,132.8,8.93,-137.3,12.1,0,21.873
2:13:03 PM,5/21/2026,260521-141240-184.bin,92,0,1.77,12.31,739.4,2.64,3.77,236.4,251.4,163,0.12,252.8,0.455,0.482,0.645,125.1,10.96,128.7,37.90095,-93.31728,253.1,132.8,8.93,-137.3,12.1,0,21.88
2:13:02 PM,5/21/2026,260521-141240-184.bin,92,0,1.92,11.84,739.4,2.6,3.88,236.4,251.4,163,0.12,252.9,0.396,0.406,0.562,125.1,10.96,128.6,37.90095,-93.31728,253.1,132.9,8.93,-137.3,12.1,0,21.876
2:13:01 PM,5/21/2026,260521-141240-184.bin,92,0,2.17,12.69,739.3,2.66,4.07,236.5,251.6,164,0.12,253,0.404,0.396,0.574,124.9,10.94,128.5,37.90095,-93.31728,253.1,133.2,8.93,-137.1,12.1,0,21.86
2:13:00 PM,5/21/2026,260521-141240-184.bin,92,0,2.18,13.05,739.4,2.72,4.12,236.5,251.6,164,0.12,253.1,0.4,0.421,0.568,124.8,10.93,128.3,37.90095,-93.31728,253.1,133.4,8.92,-136.9,12.1,0,21.866
2:12:59 PM,5/21/2026,260521-141240-184.bin,92,0,1.97,12.56,739.3,2.49,3.99,236.7,251.6,164,0.12,253.1,0.35,0.36,0.496,124.8,10.93,128.4,37.90095,-93.31728,253.1,133.6,8.92,-136.8,12.1,0,21.892
2:12:58 PM,5/21/2026,260521-141240-184.bin,92,0,1.62,11.76,739.4,2.15,3.55,236.7,251.5,163,0.12,253,0.322,0.32,0.456,124.8,10.92,128.3,37.90095,-93.31728,253.1,133.9,8.92,-136.5,12.1,0,21.903
2:12:57 PM,5/21/2026,260521-141240-184.bin,92,0,1.19,10.93,739.4,1.89,3.14,236.7,251.6,164,0.12,253,0.252,0.299,0.358,124.7,10.92,128.3,37.90095,-93.31728,253,134.1,8.91,-136.3,12.1,0,21.909
2:12:56 PM,5/21/2026,260521-141240-184.bin,92,0,0.84,10.23,739.3,1.64,3.03,236.8,251.7,164,0.12,253.1,0.205,0.218,0.291,124.7,10.92,128.3,37.90095,-93.31728,253,134.2,8.91,-136.3,12.1,0,21.911
2:12:55 PM,5/21/2026,260521-141240-184.bin,92,0,0.49,10.06,739.3,1.43,2.91,236.7,251.6,164,0.12,253,0.163,0.171,0.231,124.7,10.92,128.3,37.90095,-93.31728,252.9,134.1,8.92,-136.7,12.1,0,21.909
2:12:54 PM,5/21/2026,260521-141240-184.bin,92,0,0.17,10,739.4,1.35,2.89,236.6,251.5,163,0.12,253,0.114,0.127,0.162,124.6,10.91,128.2,37.90095,-93.31728,252.8,134,8.92,-136.8,12.1,0,21.903
2:12:53 PM,5/21/2026,260521-141240-184.bin,92,0,0.2,9.73,739.4,1.38,2.94,236.6,251.5,163,0.12,253,0.102,0.112,0.145,124.5,10.9,128.1,37.90095,-93.31728,252.8,134.2,8.92,-136.7,12.1,0,21.896
2:12:52 PM,5/21/2026,260521-141240-184.bin,92,0,0.57,9.69,739.3,1.45,2.84,236.6,251.5,163,0.12,253,0.089,0.098,0.126,124.4,10.89,128,37.90095,-93.31728,252.8,134.5,8.92,-136.6,12.1,0,21.894
2:12:51 PM,5/21/2026,260521-141240-184.bin,92,0,1.03,9.61,739.4,1.55,2.87,236.6,251.5,164,0.12,253,0.08,0.077,0.113,124.3,10.89,127.9,37.90095,-93.31728,252.9,134.6,8.92,-136.6,12.1,0,21.89
2:12:50 PM,5/21/2026,260521-141240-184.bin,92,0,1.44,9.46,739.4,1.79,2.83,236.7,251.7,164,0.12,253.1,0.071,0.078,0.101,124.2,10.87,127.7,37.90095,-93.31728,252.9,134.7,8.92,-136.7,12.1,0,21.884
2:12:49 PM,5/21/2026,260521-141240-184.bin,92,0,1.64,9.43,739.2,1.93,2.81,236.8,251.8,164,0.12,253.2,0.071,0.076,0.101,124.1,10.86,127.6,37.90095,-93.31728,253,134.8,8.92,-136.7,12.1,0,21.88
2:12:48 PM,5/21/2026,260521-141240-184.bin,92,0,1.52,9.15,739.4,1.79,2.77,236.8,251.7,164,0.12,253.2,0.042,0.059,0.06,123.9,10.85,127.5,37.90095,-93.31728,253,134.8,8.92,-136.7,12.1,0,21.881
2:12:47 PM,5/21/2026,260521-141240-184.bin,92,0,1.2,8.36,739.3,1.46,2.41,236.5,251.4,163,0.12,252.9,0.015,0.02,0.021,123.7,10.83,127.3,37.90095,-93.31728,253.1,135.5,8.91,-136.3,12.1,0,21.889
2:12:46 PM,5/21/2026,260521-141240-184.bin,92,0,0.8,7.72,739.4,1.12,2.23,234.6,249.4,162,0.12,250.8,0.001,0.006,0.002,123.5,10.82,127.1,37.90095,-93.31728,253.1,136,8.9,-135.8,12.1,0,21.894
2:12:45 PM,5/21/2026,260521-141240-184.bin,92,0,0.33,7.46,739.4,1.04,2.17,200.4,213,138,0.1,214.2,-0.006,-0.003,-0.008,123.3,10.8,126.9,37.90095,-93.31728,253.1,136,8.9,-135.8,12.1,0,21.9
2:12:44 PM,5/21/2026,260521-141240-184.bin,92,0,0.08,7.44,739.3,1.01,2.13,236.5,251.4,163,0.12,252.8,-0.001,-0.003,-0.001,123.2,10.78,126.7,37.90095,-93.31728,253.2,136.1,8.91,-135.9,12.1,0,21.905
2:12:43 PM,5/21/2026,260521-141240-184.bin,92,0,0.31,7.72,739.4,1.07,2.17,236.1,250.9,163,0.12,252.4,0.01,0.012,0.014,123,10.76,126.5,37.90095,-93.31728,253.2,136.2,8.91,-135.9,12.1,0,21.906
2:12:42 PM,5/21/2026,260521-141240-184.bin,92,0,0.86,7.7,739.4,1.24,2.17,235.7,250.5,163,0.12,252,0,0.004,0.001,122.7,10.74,126.2,37.90095,-93.31728,253.2,136.4,8.91,-136,12.1,0,21.907
2:12:41 PM,5/21/2026,260521-141240-184.bin,92,0,1.28,7.63,739.4,1.38,2.24,235.1,249.9,162,0.12,251.3,-0.01,-0.018,-0.014,122.5,10.72,126,37.90095,-93.31728,253.5,136.6,8.91,-135.9,12,0,21.908
2:12:40 PM,5/21/2026,260521-141240-184.bin,92,0,1.34,7.61,739.4,1.45,2.29,227,241.2,157,0.11,242.6,0.003,0.002,0.004,122.2,10.7,125.7,37.90095,-93.31728,253.4,136.6,8.91,-136,12,0,21.909
