Kor MEASUREMENT DATA FILE EXPORT,,,,,,,,,,,,,,,,,,,,,,,,,,,,,
,,,,,,,,,,,,,,,,,,,,,,,,,,,,,
FILE CREATED:,1/24/2026 0:35,,,,,,,,,,,,,,,,,,,,,,,,,,,,
,,,,,,,,,,,,,,,,,,,,,,,,,,,,,
MEAN VALUE:,,,,,-0.11,0.26,752.1,0.03,-0.06,151.7,252.6,164,0.12,256,7.784,7.791,11.072,91.9,12.01,95.2,37.89785,-90.64317,269.9,197.1,NA,-88.3,11.8,0,4.092
STANDARD DEVIATION:,,,,,0.15,4.22,0.1,0.25,0.66,0.1,0.2,0,0,0.2,4.073,4.071,5.793,2.7,0.35,2.8,0.00002,0.00004,3,38.2,0.12,6.8,0,0,0.005
,,,,,,,,,,,,,,,,,,,,,,,,,,,,,
SENSOR SERIAL NUMBER:,,,,,18F102214,24D104465,21J101674,18F102214,24D104465,18D101258,18D101258,18D101258,18D101258,18D101258,21L103910,21L103910,21L103910,18D104461,18D104461,18D104461,21J101674,21J101674,21J101674,25F100472,25F100472,25F100472,21J101674,21J101674,18D101258
TIME (h:mm:ss tt),DATE (M/d/yyyy),FILE NAME,SITE NAME,FAULT CODE,TAL PC RFU,TAL PE RFU,BAROMETER MMHG,CHLOROPHYLL RFU,CHLOROPHYLL RFU,COND µS/CM,SPCOND µS/CM,TDS MG/L,SAL PSU,NLF COND µS/CM,DEPTH M,VERTICAL POSITION M,PRESSURE PSI A,ODO % SAT,ODO MG/L,ODO % CB,GPS LATITUDE °,GPS LONGITUDE °,ALTITUDE M,ORP MV,PH,PH MV,CABLE PWR V,BATTERY V,TEMP °C
1:10:03 PM,1/23/2026,260123-125510-112.bin,112,0,-0.04,-0.35,752.1,0.05,-0.09,151.7,252.6,164,0.12,256,12.532,12.527,17.826,83.5,10.91,86.5,37.89787,-90.64323,267.8,134.7,7.72,-73.4,11.8,0,4.091
1:10:02 PM,1/23/2026,260123-125510-112.bin,112,0,-0.04,-0.33,752.1,0.07,-0.07,151.7,252.6,164,0.12,256,12.554,12.575,17.857,83.5,10.92,86.5,37.89787,-90.64323,267.7,134.6,7.72,-73.5,11.8,0,4.092
1:10:01 PM,1/23/2026,260123-125510-112.bin,112,0,-0.08,-0.29,752.1,0.03,-0.11,151.7,252.5,164,0.12,255.9,12.51,12.516,17.795,83.6,10.92,86.5,37.89787,-90.64323,267.5,134.5,7.72,-73.5,11.8,0,4.092
1:10:00 PM,1/23/2026,260123-125510-112.bin,112,0,-0.09,-0.2,752.1,0.04,-0.1,151.6,252.5,164,0.12,255.8,12.51,12.483,17.795,83.6,10.92,86.5,37.89787,-90.64323,267.6,134.3,7.72,-73.5,11.8,0,4.091
1:09:59 PM,1/23/2026,260123-125510-112.bin,112,0,-0.09,-0.22,752.1,0.04,-0.08,151.7,252.5,164,0.12,255.9,12.533,12.526,17.827,83.6,10.92,86.5,37.89787,-90.64323,267.5,134.2,7.72,-73.5,11.8,0,4.091
1:09:58 PM,1/23/2026,260123-125510-112.bin,112,0,-0.08,-0.26,752.1,0.04,-0.08,151.6,252.4,164,0.12,255.8,12.555,12.565,17.858,83.6,10.93,86.6,37.89787,-90.64323,267.3,134.1,7.72,-73.5,11.8,0,4.092
1:09:57 PM,1/23/2026,260123-125510-112.bin,112,0,-0.08,-0.34,752.1,0.01,-0.09,151.6,252.4,164,0.12,255.8,12.533,12.534,17.827,83.6,10.93,86.6,37.89787,-90.64324,267.5,134,7.72,-73.5,11.8,0,4.092
1:09:56 PM,1/23/2026,260123-125510-112.bin,112,0,-0.1,-0.34,752.1,0,-0.11,151.7,252.6,164,0.12,255.9,12.51,12.503,17.794,83.6,10.93,86.6,37.89787,-90.64324,267.6,133.8,7.72,-73.6,11.8,0,4.091
1:09:55 PM,1/23/2026,260123-125510-112.bin,112,0,-0.1,-0.18,752.2,0.01,-0.12,151.7,252.6,164,0.12,255.9,12.538,12.531,17.834,83.6,10.93,86.6,37.89787,-90.64324,267.7,133.7,7.72,-73.6,11.8,0,4.091
1:09:54 PM,1/23/2026,260123-125510-112.bin,112,0,-0.11,-0.13,752.1,0.04,-0.13,151.6,252.5,164,0.12,255.8,12.553,12.565,17.856,83.6,10.93,86.6,37.89787,-90.64324,267.5,133.6,7.72,-73.6,11.8,0,4.092
1:09:53 PM,1/23/2026,260123-125510-112.bin,112,0,-0.08,-0.08,752.2,0.05,-0.15,151.6,252.4,164,0.12,255.8,12.531,12.539,17.824,83.6,10.93,86.6,37.89787,-90.64323,267.5,133.4,7.72,-73.6,11.8,0,4.093
1:09:52 PM,1/23/2026,260123-125510-112.bin,112,0,-0.04,-0.18,752.2,0.03,-0.11,151.8,252.7,164,0.12,256,12.509,12.507,17.793,83.7,10.93,86.6,37.89787,-90.64323,267.7,133.3,7.72,-73.6,11.8,0,4.093
1:09:51 PM,1/23/2026,260123-125510-112.bin,112,0,-0.04,-0.28,752.1,0.04,-0.11,151.8,252.8,164,0.12,256.1,12.553,12.552,17.856,83.7,10.93,86.6,37.89786,-90.64323,267.7,133.3,7.72,-73.6,11.8,0,4.092
1:09:50 PM,1/23/2026,260123-125510-112.bin,112,0,-0.01,-0.3,752.1,0.03,-0.12,151.8,252.8,164,0.12,256.1,12.533,12.573,17.827,83.7,10.93,86.6,37.89786,-90.64323,267.9,133.1,7.72,-73.6,11.8,0,4.092
1:09:49 PM,1/23/2026,260123-125510-112.bin,112,0,-0.02,-0.32,752.1,0.04,-0.12,151.7,252.6,164,0.12,255.9,12.532,12.507,17.825,83.7,10.93,86.6,37.89786,-90.64323,268,133,7.72,-73.6,11.8,0,4.092
1:09:48 PM,1/23/2026,260123-125510-112.bin,112,0,-0.05,-0.25,752.1,0.05,-0.14,151.6,252.4,164,0.12,255.7,12.532,12.492,17.825,83.7,10.94,86.7,37.89786,-90.64323,268.1,132.9,7.72,-73.6,11.8,0,4.092
1:09:47 PM,1/23/2026,260123-125510-112.bin,112,0,-0.05,-0.3,752,0.04,-0.17,151.6,252.5,164,0.12,255.8,12.534,12.562,17.828,83.7,10.94,86.7,37.89785,-90.64322,268.2,132.7,7.72,-73.7,11.8,0,4.092
1:09:46 PM,1/23/2026,260123-125510-112.bin,112,0,-0.07,-0.45,752.1,0.03,-0.15,151.7,252.5,164,0.12,255.9,12.534,12.567,17.829,83.7,10.94,86.7,37.89785,-90.64322,268.1,132.6,7.72,-73.7,11.8,0,4.092
1:09:45 PM,1/23/2026,260123-125510-112.bin,112,0,-0.07,-0.4,752,0.01,-0.14,151.8,252.7,164,0.12,256.1,12.532,12.525,17.826,83.7,10.94,86.7,37.89785,-90.64322,267.4,132.5,7.72,-73.7,11.8,0,4.092
1:09:44 PM,1/23/2026,260123-125510-112.bin,112,0,-0.06,-0.32,752.1,0.04,-0.12,151.7,252.6,164,0.12,255.9,12.531,12.499,17.825,83.8,10.94,86.7,37.89785,-90.64321,268.1,132.3,7.72,-73.7,11.8,0,4.092
1:09:43 PM,1/23/2026,260123-125510-112.bin,112,0,-0.07,-0.23,752.1,0.04,-0.12,151.5,252.3,164,0.12,255.6,12.553,12.552,17.856,83.8,10.94,86.7,37.89785,-90.64321,268.1,132.2,7.72,-73.7,11.8,0,4.092
1:09:42 PM,1/23/2026,260123-125510-112.bin,112,0,-0.08,-0.15,752.1,0.03,-0.13,151.6,252.4,164,0.12,255.7,12.537,12.575,17.833,83.8,10.95,86.7,37.89786,-90.64321,268.3,132.1,7.72,-73.7,11.8,0,4.092
1:09:41 PM,1/23/2026,260123-125510-112.bin,112,0,-0.07,-0.28,752.1,0.01,-0.13,151.7,252.5,164,0.12,255.9,12.532,12.51,17.826,83.8,10.95,86.8,37.89785,-90.6432,268.4,131.9,7.72,-73.8,11.8,0,4.092
1:09:40 PM,1/23/2026,260123-125510-112.bin,112,0,-0.03,-0.29,752,0.03,-0.12,151.7,252.6,164,0.12,255.9,12.529,12.492,17.822,83.8,10.95,86.8,37.89785,-90.6432,268.6,131.8,7.72,-73.8,11.8,0,4.092
1:09:39 PM,1/23/2026,260123-125510-112.bin,112,0,0.01,-0.31,752.1,0.04,-0.09,151.8,252.7,164,0.12,256.1,12.553,12.564,17.856,83.8,10.95,86.8,37.89786,-90.6432,268.9,131.7,7.72,-73.8,11.8,0,4.092
1:09:38 PM,1/23/2026,260123-125510-112.bin,112,0,-0.02,-0.28,752.1,0.07,-0.1,151.8,252.7,164,0.12,256,12.533,12.57,17.827,83.8,10.96,86.8,37.89785,-90.6432,269.1,131.6,7.72,-73.8,11.8,0,4.092
1:09:37 PM,1/23/2026,260123-125510-112.bin,112,0,-0.11,-0.23,752,0.07,-0.12,151.7,252.6,164,0.12,256,12.533,12.51,17.827,83.9,10.96,86.8,37.89785,-90.6432,269.3,131.4,7.72,-73.8,11.8,0,4.092
1:09:36 PM,1/23/2026,260123-125510-112.bin,112,0,-0.11,-0.34,752.1,0.05,-0.13,151.6,252.4,164,0.12,255.8,12.516,12.509,17.803,83.9,10.96,86.8,37.89785,-90.6432,269.6,131.3,7.72,-73.8,11.8,0,4.092
1:09:35 PM,1/23/2026,260123-125510-112.bin,112,0,-0.02,-0.41,752.1,0.06,-0.14,151.6,252.3,164,0.12,255.7,12.532,12.555,17.826,83.9,10.96,86.9,37.89785,-90.6432,269.7,131.1,7.72,-73.8,11.8,0,4.091
1:09:34 PM,1/23/2026,260123-125510-112.bin,112,0,-0.01,-0.2,752,0.09,-0.13,151.8,252.7,164,0.12,256.1,12.533,12.565,17.827,83.9,10.96,86.9,37.89785,-90.6432,270,131,7.72,-73.8,11.8,0,4.091
1:09:33 PM,1/23/2026,260123-125510-112.bin,112,0,-0.01,-0.2,752,0.1,-0.18,151.8,252.7,164,0.12,256.1,12.531,12.513,17.825,83.9,10.97,86.9,37.89785,-90.6432,270.2,130.9,7.72,-73.9,11.8,0,4.092
1:09:32 PM,1/23/2026,260123-125510-112.bin,112,0,-0.02,-0.27,752.1,0.05,-0.15,151.6,252.4,164,0.12,255.8,12.515,12.488,17.802,84,10.97,86.9,37.89785,-90.6432,270.2,130.8,7.72,-73.9,11.8,0,4.092
1:09:31 PM,1/23/2026,260123-125510-112.bin,112,0,-0.05,-0.27,752.1,0.05,-0.11,151.6,252.4,164,0.12,255.8,12.554,12.557,17.857,84,10.98,87,37.89785,-90.6432,270.1,130.6,7.72,-73.9,11.8,0,4.093
1:09:30 PM,1/23/2026,260123-125510-112.bin,112,0,-0.03,-0.36,752.1,0.05,-0.16,151.7,252.5,164,0.12,255.8,12.534,12.576,17.828,84,10.98,87,37.89786,-90.6432,270.4,130.5,7.72,-73.9,11.8,0,4.093
1:09:29 PM,1/23/2026,260123-125510-112.bin,112,0,-0.06,-0.35,752.1,0.08,-0.18,151.7,252.5,164,0.12,255.9,12.533,12.509,17.828,84,10.98,87,37.89786,-90.6432,270.7,130.4,7.72,-73.9,11.8,0,4.092
1:09:28 PM,1/23/2026,260123-125510-112.bin,112,0,-0.1,-0.3,752.1,0.04,-0.15,151.6,252.4,164,0.12,255.7,12.533,12.493,17.827,84,10.98,87,37.89786,-90.6432,270.7,130.3,7.72,-73.9,11.8,0,4.092
1:09:27 PM,1/23/2026,260123-125510-112.bin,112,0,-0.08,-0.27,752.1,0.03,-0.14,151.7,252.5,164,0.12,255.9,12.534,12.521,17.828,84,10.98,87,37.89786,-90.6432,270.4,130.1,7.73,-73.9,11.8,0,4.092
1:09:26 PM,1/23/2026,260123-125510-112.bin,112,0,-0.07,-0.25,752.1,0.06,-0.13,151.7,252.6,164,0.12,256,12.534,12.571,17.829,84.1,10.99,87,37.89786,-90.6432,270.4,130,7.73,-74,11.8,0,4.093
1:09:25 PM,1/23/2026,260123-125510-112.bin,112,0,-0.1,-0.25,752.1,0.03,-0.11,151.8,252.7,164,0.12,256,12.534,12.511,17.828,84.1,10.99,87.1,37.89786,-90.6432,270.4,129.9,7.73,-74,11.8,0,4.093
1:09:24 PM,1/23/2026,260123-125510-112.bin,112,0,-0.12,-0.22,752.1,0.04,-0.15,151.8,252.7,164,0.12,256.1,12.529,12.512,17.822,84.1,11,87.1,37.89786,-90.6432,270.3,129.7,7.73,-74,11.8,0,4.093
1:09:23 PM,1/23/2026,260123-125510-112.bin,112,0,-0.11,-0.2,752.1,0.05,-0.17,151.8,252.8,164,0.12,256.1,12.541,12.563,17.839,84.2,11,87.2,37.89786,-90.6432,270.5,129.6,7.73,-74,11.8,0,4.093
1:09:22 PM,1/23/2026,260123-125510-112.bin,112,0,-0.09,-0.18,752.1,0.06,-0.15,151.8,252.7,164,0.12,256.1,12.534,12.563,17.829,84.2,11.01,87.2,37.89786,-90.6432,269.9,129.5,7.73,-74.1,11.8,0,4.092
1:09:21 PM,1/23/2026,260123-125510-112.bin,112,0,-0.07,-0.19,752.1,0.06,-0.12,151.7,252.6,164,0.12,256,12.535,12.528,17.829,84.2,11.01,87.2,37.89786,-90.6432,269.9,129.3,7.73,-74.1,11.8,0,4.093
1:09:20 PM,1/23/2026,260123-125510-112.bin,112,0,-0.07,-0.18,752.1,0.03,-0.12,151.8,252.7,164,0.12,256.1,12.533,12.493,17.827,84.3,11.01,87.2,37.89786,-90.64319,269.7,129.2,7.73,-74.1,11.8,0,4.093
1:09:19 PM,1/23/2026,260123-125510-112.bin,112,0,-0.06,-0.18,752.1,0.02,-0.13,151.7,252.6,164,0.12,256,12.556,12.564,17.859,84.3,11.01,87.3,37.89786,-90.64319,269.9,129.1,7.73,-74.1,11.8,0,4.092
1:09:18 PM,1/23/2026,260123-125510-112.bin,112,0,-0.08,-0.25,752.1,0.03,-0.16,151.6,252.5,164,0.12,255.8,12.533,12.554,17.828,84.3,11.02,87.3,37.89786,-90.64319,269.8,128.9,7.73,-74.1,11.8,0,4.092
1:09:17 PM,1/23/2026,260123-125510-112.bin,112,0,-0.07,-0.24,752.1,0.05,-0.14,151.6,252.3,164,0.12,255.7,12.533,12.51,17.827,84.4,11.03,87.4,37.89786,-90.6432,269.8,128.8,7.73,-74.2,11.8,0,4.093
1:09:16 PM,1/23/2026,260123-125510-112.bin,112,0,-0.04,-0.22,752,0.03,-0.11,151.6,252.4,164,0.12,255.7,12.515,12.507,17.801,84.4,11.03,87.4,37.89786,-90.6432,270.3,128.6,7.73,-74.2,11.8,0,4.093
1:09:15 PM,1/23/2026,260123-125510-112.bin,112,0,-0.03,-0.23,752.1,0.03,-0.15,151.6,252.5,164,0.12,255.8,12.516,12.514,17.802,84.4,11.03,87.4,37.89786,-90.6432,270.2,128.5,7.73,-74.2,11.8,0,4.093
1:09:14 PM,1/23/2026,260123-125510-112.bin,112,0,-0.03,-0.18,752.2,0.02,-0.16,151.7,252.6,164,0.12,256,12.557,12.565,17.861,84.5,11.04,87.4,37.89786,-90.6432,269.9,128.4,7.73,-74.2,11.8,0,4.093
1:09:13 PM,1/23/2026,260123-125510-112.bin,112,0,-0.12,-0.27,752.1,0,-0.16,151.7,252.5,164,0.12,255.9,12.535,12.523,17.829,84.5,11.04,87.5,37.89786,-90.6432,269.7,128.3,7.73,-74.2,11.8,0,4.093
1:09:12 PM,1/23/2026,260123-125510-112.bin,112,0,-0.09,-0.24,752.1,0,-0.16,151.7,252.6,164,0.12,256,12.552,12.562,17.855,84.6,11.05,87.6,37.89786,-90.6432,269.5,128.2,7.73,-74.2,11.8,0,4.093
1:09:11 PM,1/23/2026,260123-125510-112.bin,112,0,-0.05,-0.21,752.1,0,-0.14,151.8,252.7,164,0.12,256,12.535,12.554,17.83,84.6,11.06,87.6,37.89786,-90.6432,269.5,128,7.73,-74.3,11.8,0,4.094
1:09:10 PM,1/23/2026,260123-125510-112.bin,112,0,-0.08,-0.31,752.1,0,-0.14,151.8,252.7,164,0.12,256,12.535,12.555,17.829,84.6,11.06,87.6,37.89786,-90.6432,269.7,127.9,7.73,-74.3,11.8,0,4.093
1:09:09 PM,1/23/2026,260123-125510-112.bin,112,0,-0.11,-0.25,752.2,0,-0.15,151.8,252.7,164,0.12,256.1,12.533,12.522,17.827,84.7,11.06,87.7,37.89786,-90.64321,270.2,127.7,7.73,-74.3,11.8,0,4.093
1:09:08 PM,1/23/2026,260123-125510-112.bin,112,0,-0.08,-0.11,752.1,0.01,-0.1,151.8,252.7,164,0.12,256,12.532,12.508,17.825,84.7,11.07,87.7,37.89786,-90.64321,271.1,127.6,7.73,-74.3,11.8,0,4.093
1:09:07 PM,1/23/2026,260123-125510-112.bin,112,0,-0.02,-0.11,752.1,0.02,-0.1,151.7,252.5,164,0.12,255.8,12.533,12.555,17.827,84.8,11.08,87.8,37.89786,-90.64321,270.7,127.5,7.73,-74.3,11.8,0,4.094
1:09:06 PM,1/23/2026,260123-125510-112.bin,112,0,-0.04,-0.2,752.2,0.05,-0.12,151.6,252.4,164,0.12,255.8,12.532,12.521,17.826,84.8,11.09,87.8,37.89786,-90.64321,271.1,127.4,7.73,-74.3,11.8,0,4.095
1:09:05 PM,1/23/2026,260123-125510-112.bin,112,0,-0.04,-0.28,752.1,0.11,-0.11,151.7,252.6,164,0.12,256,12.532,12.515,17.826,84.9,11.09,87.9,37.89787,-90.64322,271.3,127.2,7.73,-74.4,11.8,0,4.095
1:09:04 PM,1/23/2026,260123-125510-112.bin,112,0,-0.06,-0.29,752.1,0.11,-0.12,151.7,252.6,164,0.12,256,12.53,12.534,17.823,85,11.1,88,37.89787,-90.64322,271.6,127.1,7.73,-74.4,11.8,0,4.094
1:09:03 PM,1/23/2026,260123-125510-112.bin,112,0,-0.11,-0.28,752.2,0.07,-0.13,151.6,252.3,164,0.12,255.7,12.531,12.513,17.824,85,11.11,88,37.89787,-90.64322,271.1,127,7.73,-74.4,11.8,0,4.094
1:09:02 PM,1/23/2026,260123-125510-112.bin,112,0,-0.08,-0.38,752.2,0.05,-0.14,151.6,252.4,164,0.12,255.7,12.531,12.526,17.825,85.1,11.11,88.1,37.89787,-90.64323,271.4,126.8,7.73,-74.4,11.8,0,4.094
1:09:01 PM,1/23/2026,260123-125510-112.bin,112,0,-0.01,-0.37,752.1,0.02,-0.12,151.8,252.6,164,0.12,256,12.531,12.522,17.824,85.1,11.12,88.1,37.89787,-90.64323,271.5,126.7,7.73,-74.5,11.8,0,4.095
1:09:00 PM,1/23/2026,260123-125510-112.bin,112,0,-0.01,-0.25,752.1,0.03,-0.07,151.9,252.8,164,0.12,256.2,12.546,12.569,17.846,85.2,11.13,88.2,37.89787,-90.64323,272.7,126.6,7.73,-74.5,11.8,0,4.095
1:08:59 PM,1/23/2026,260123-125510-112.bin,112,0,-0.04,-0.25,752.1,0.06,-0.09,151.8,252.7,164,0.12,256.1,12.531,12.553,17.825,85.2,11.14,88.2,37.89787,-90.64323,272.4,126.4,7.74,-74.5,11.8,0,4.095
1:08:58 PM,1/23/2026,260123-125510-112.bin,112,0,-0.01,-0.35,752.2,0.09,-0.14,151.6,252.4,164,0.12,255.7,12.531,12.546,17.824,85.3,11.15,88.3,37.89787,-90.64323,272.5,126.3,7.74,-74.5,11.8,0,4.095
1:08:57 PM,1/23/2026,260123-125510-112.bin,112,0,-0.02,-0.27,752.1,0.09,-0.09,151.7,252.6,164,0.12,255.9,12.531,12.522,17.824,85.4,11.16,88.4,37.89787,-90.64323,272.6,126.1,7.74,-74.6,11.8,0,4.095
1:08:56 PM,1/23/2026,260123-125510-112.bin,112,0,-0.05,-0.24,752.1,0.07,-0.12,151.8,252.7,164,0.12,256.1,12.531,12.544,17.825,85.5,11.17,88.5,37.89787,-90.64323,271.7,126,7.74,-74.6,11.8,0,4.095
1:08:55 PM,1/23/2026,260123-125510-112.bin,112,0,-0.07,-0.33,752.1,0.06,-0.18,151.8,252.6,164,0.12,256,12.532,12.552,17.825,85.5,11.17,88.5,37.89787,-90.64323,270.3,125.9,7.74,-74.6,11.8,0,4.095
1:08:54 PM,1/23/2026,260123-125510-112.bin,112,0,-0.07,-0.27,752.1,0.03,-0.13,151.7,252.5,164,0.12,255.8,12.531,12.544,17.824,85.6,11.18,88.6,37.89787,-90.64324,267.7,125.7,7.74,-74.6,11.8,0,4.095
1:08:53 PM,1/23/2026,260123-125510-112.bin,112,0,-0.08,-0.24,752.2,0.03,-0.07,151.7,252.5,164,0.12,255.8,12.531,12.516,17.824,85.7,11.19,88.7,37.89787,-90.64324,267.6,125.6,7.74,-74.6,11.8,0,4.096
1:08:52 PM,1/23/2026,260123-125510-112.bin,112,0,-0.07,-0.18,752,0.03,-0.12,151.7,252.5,164,0.12,255.8,12.532,12.524,17.825,85.7,11.2,88.8,37.89787,-90.64324,267.5,125.4,7.74,-74.7,11.8,0,4.096
1:08:51 PM,1/23/2026,260123-125510-112.bin,112,0,-0.04,-0.14,752.2,0.04,-0.14,151.6,252.4,164,0.12,255.7,12.528,12.545,17.82,85.8,11.21,88.8,37.89787,-90.64324,267.5,125.3,7.74,-74.7,11.8,0,4.096
1:08:50 PM,1/23/2026,260123-125510-112.bin,112,0,-0.06,-0.21,752.1,0.04,-0.1,151.6,252.4,164,0.12,255.7,12.526,12.538,17.817,85.9,11.22,88.9,37.89787,-90.64325,268.1,125.2,7.74,-74.7,11.8,0,4.096
1:08:49 PM,1/23/2026,260123-125510-112.bin,112,0,-0.09,-0.26,752.1,0.03,-0.12,151.6,252.4,164,0.12,255.8,12.531,12.524,17.825,86,11.23,89,37.89787,-90.64325,267.8,125,7.74,-74.7,11.8,0,4.097
1:08:48 PM,1/23/2026,260123-125510-112.bin,112,0,-0.1,-0.33,752,0.02,-0.14,151.8,252.7,164,0.12,256,12.553,12.562,17.856,86,11.24,89.1,37.89787,-90.64325,267.9,124.9,7.74,-74.8,11.8,0,4.097
1:08:47 PM,1/23/2026,260123-125510-112.bin,112,0,-0.1,-0.37,752.1,0.03,-0.15,151.8,252.7,164,0.12,256.1,12.533,12.546,17.827,86.1,11.25,89.2,37.89786,-90.64324,267.7,124.7,7.74,-74.8,11.8,0,4.096
1:08:46 PM,1/23/2026,260123-125510-112.bin,112,0,-0.09,-0.26,752.1,0.05,-0.14,151.8,252.8,164,0.12,256.1,12.527,12.541,17.819,86.2,11.26,89.2,37.89786,-90.64324,269.1,124.6,7.74,-74.8,11.8,0,4.096
1:08:45 PM,1/23/2026,260123-125510-112.bin,112,0,-0.08,-0.17,752.1,0.06,-0.1,151.7,252.6,164,0.12,256,12.534,12.534,17.829,86.3,11.27,89.3,37.89786,-90.64323,268.9,124.5,7.74,-74.8,11.8,0,4.097
1:08:44 PM,1/23/2026,260123-125510-112.bin,112,0,-0.06,-0.25,752.2,0.05,-0.1,151.7,252.5,164,0.12,255.9,12.535,12.531,17.83,86.3,11.28,89.4,37.89785,-90.64323,268.8,124.3,7.74,-74.8,11.8,0,4.097
1:08:43 PM,1/23/2026,260123-125510-112.bin,112,0,-0.06,-0.3,752.1,0.02,-0.15,151.8,252.7,164,0.12,256,12.533,12.555,17.828,86.4,11.29,89.5,37.89785,-90.64323,268.9,124.2,7.74,-74.9,11.8,0,4.098
1:08:42 PM,1/23/2026,260123-125510-112.bin,112,0,-0.06,-0.33,752.1,0.03,-0.17,151.8,252.6,164,0.12,256,12.532,12.546,17.826,86.5,11.3,89.6,37.89785,-90.64323,268.3,124,7.74,-74.9,11.8,0,4.098
1:08:41 PM,1/23/2026,260123-125510-112.bin,112,0,-0.05,-0.21,752.1,0.05,-0.14,151.7,252.5,164,0.12,255.8,12.532,12.517,17.825,86.6,11.31,89.7,37.89786,-90.64323,269.1,123.9,7.74,-74.9,11.8,0,4.098
1:08:40 PM,1/23/2026,260123-125510-112.bin,112,0,-0.05,-0.2,752.1,0.02,-0.1,151.6,252.3,164,0.12,255.7,12.532,12.525,17.826,86.7,11.33,89.7,37.89786,-90.64323,269.3,123.8,7.74,-75,11.8,0,4.098
1:08:39 PM,1/23/2026,260123-125510-112.bin,112,0,-0.06,-0.35,752.1,0.03,-0.09,151.6,252.3,164,0.12,255.7,12.533,12.548,17.827,86.8,11.34,89.8,37.89786,-90.64323,269.5,123.6,7.74,-75,11.8,0,4.098
1:08:38 PM,1/23/2026,260123-125510-112.bin,112,0,-0.04,-0.22,752.1,0.04,-0.11,151.6,252.4,164,0.12,255.7,12.51,12.511,17.794,86.8,11.35,89.9,37.89786,-90.64323,268.7,123.5,7.74,-75,11.8,0,4.098
1:08:37 PM,1/23/2026,260123-125510-112.bin,112,0,-0.04,-0.22,752.1,0.05,-0.09,151.7,252.4,164,0.12,255.8,12.531,12.527,17.825,86.9,11.36,90,37.89786,-90.64323,268.9,123.4,7.75,-75.1,11.8,0,4.098
1:08:36 PM,1/23/2026,260123-125510-112.bin,112,0,-0.07,-0.23,752.1,0.05,-0.09,151.8,252.6,164,0.12,256,12.555,12.579,17.858,87,11.37,90.1,37.89786,-90.64323,269.3,123.2,7.75,-75.1,11.8,0,4.099
1:08:35 PM,1/23/2026,260123-125510-112.bin,112,0,-0.09,-0.07,752.1,0.02,-0.11,151.8,252.7,164,0.12,256.1,12.532,12.543,17.826,87.1,11.38,90.2,37.89787,-90.64323,269.7,123.1,7.75,-75.1,11.8,0,4.099
1:08:34 PM,1/23/2026,260123-125510-112.bin,112,0,-0.11,-0.09,752.1,0.03,-0.09,151.8,252.7,164,0.12,256,12.51,12.488,17.794,87.2,11.39,90.3,37.89787,-90.64323,269.8,122.9,7.75,-75.1,11.8,0,4.099
1:08:33 PM,1/23/2026,260123-125510-112.bin,112,0,-0.08,-0.26,752.1,0.03,-0.08,151.8,252.7,164,0.12,256,12.552,12.55,17.854,87.3,11.41,90.4,37.89787,-90.64323,270.3,122.8,7.75,-75.2,11.8,0,4.099
1:08:32 PM,1/23/2026,260123-125510-112.bin,112,0,-0.06,-0.38,752.1,-0.01,-0.13,151.8,252.6,164,0.12,255.9,12.553,12.557,17.856,87.4,11.42,90.5,37.89787,-90.64322,270.6,122.6,7.75,-75.2,11.8,0,4.099
1:08:31 PM,1/23/2026,260123-125510-112.bin,112,0,-0.08,-0.4,752.1,-0.01,-0.14,151.7,252.6,164,0.12,255.9,12.511,12.52,17.796,87.5,11.43,90.6,37.89787,-90.64322,270.9,122.5,7.75,-75.3,11.8,0,4.1
1:08:30 PM,1/23/2026,260123-125510-112.bin,112,0,-0.08,-0.27,752.1,0,-0.13,151.7,252.5,164,0.12,255.9,12.51,12.501,17.794,87.5,11.44,90.6,37.89787,-90.64322,270.8,122.4,7.75,-75.3,11.8,0,4.1
1:08:29 PM,1/23/2026,260123-125510-112.bin,112,0,-0.08,-0.13,752.1,0.01,-0.11,151.8,252.6,164,0.12,255.9,12.554,12.55,17.856,87.6,11.45,90.7,37.89787,-90.64322,270.4,122.2,7.75,-75.3,11.8,0,4.099
1:08:28 PM,1/23/2026,260123-125510-112.bin,112,0,-0.06,-0.3,752,0.02,-0.17,151.8,252.6,164,0.12,256,12.554,12.561,17.857,87.7,11.46,90.8,37.89787,-90.64322,270.2,122.1,7.75,-75.4,11.8,0,4.1
1:08:27 PM,1/23/2026,260123-125510-112.bin,112,0,-0.06,-0.4,752.1,0.01,-0.17,151.7,252.5,164,0.12,255.9,12.532,12.547,17.826,87.8,11.48,90.9,37.89787,-90.64322,270.3,122,7.75,-75.4,11.8,0,4.1
1:08:26 PM,1/23/2026,260123-125510-112.bin,112,0,-0.07,-0.4,752,0,-0.12,151.8,252.6,164,0.12,256,12.51,12.511,17.794,87.9,11.49,91,37.89786,-90.64322,269.7,121.8,7.75,-75.4,11.8,0,4.1
1:08:25 PM,1/23/2026,260123-125510-112.bin,112,0,-0.06,-0.33,752,0.02,-0.11,151.8,252.6,164,0.12,256,12.532,12.525,17.825,88.1,11.51,91.2,37.89786,-90.64322,268.7,121.6,7.75,-75.5,11.8,0,4.1
1:08:24 PM,1/23/2026,260123-125510-112.bin,112,0,-0.03,-0.34,752,0.03,-0.11,151.7,252.4,164,0.12,255.8,12.552,12.565,17.854,88.2,11.52,91.3,37.89786,-90.64322,268.4,121.6,7.75,-75.5,11.8,0,4.1
1:08:23 PM,1/23/2026,260123-125510-112.bin,112,0,0,-0.33,752.1,0.02,-0.15,151.7,252.5,164,0.12,255.9,12.512,12.514,17.797,88.3,11.53,91.4,37.89786,-90.64322,268.4,121.4,7.75,-75.6,11.8,0,4.1
1:08:22 PM,1/23/2026,260123-125510-112.bin,112,0,-0.02,-0.2,752.1,0.06,-0.1,151.8,252.6,164,0.12,256,12.533,12.488,17.828,88.4,11.55,91.5,37.89786,-90.64322,267.7,121.3,7.75,-75.6,11.8,0,4.099
1:08:21 PM,1/23/2026,260123-125510-112.bin,112,0,-0.04,-0.2,752,0.07,-0.11,151.8,252.7,164,0.12,256.1,12.534,12.542,17.828,88.4,11.55,91.5,37.89786,-90.64321,267.7,121.1,7.75,-75.6,11.8,0,4.099
1:08:20 PM,1/23/2026,260123-125510-112.bin,112,0,-0.04,-0.27,752,0.02,-0.15,151.8,252.7,164,0.12,256.1,12.534,12.578,17.828,88.5,11.57,91.7,37.89785,-90.64321,267.6,121,7.76,-75.7,11.8,0,4.099
1:08:19 PM,1/23/2026,260123-125510-112.bin,112,0,-0.04,-0.25,752,0.03,-0.12,151.9,252.8,164,0.12,256.1,12.533,12.524,17.827,88.7,11.59,91.8,37.89785,-90.64321,267.4,120.9,7.76,-75.7,11.8,0,4.099
1:08:18 PM,1/23/2026,260123-125510-112.bin,112,0,-0.05,-0.28,752.1,0.02,-0.11,151.8,252.7,164,0.12,256.1,12.511,12.485,17.796,88.7,11.59,91.8,37.89785,-90.64322,267.3,120.7,7.76,-75.7,11.8,0,4.1
1:08:17 PM,1/23/2026,260123-125510-112.bin,112,0,-0.04,-0.27,752.1,0.03,-0.14,151.8,252.6,164,0.12,256,12.534,12.529,17.828,88.8,11.6,91.9,37.89785,-90.64322,267.1,120.6,7.76,-75.8,11.8,0,4.1
1:08:16 PM,1/23/2026,260123-125510-112.bin,112,0,-0.07,-0.11,752,0.03,-0.1,151.8,252.7,164,0.12,256,12.554,12.58,17.857,88.9,11.62,92.1,37.89785,-90.64322,267.3,120.5,7.76,-75.8,11.8,0,4.1
1:08:15 PM,1/23/2026,260123-125510-112.bin,112,0,-0.07,-0.13,752.1,0.03,-0.11,151.8,252.6,164,0.12,256,12.533,12.542,17.826,89,11.63,92.1,37.89785,-90.64322,267.1,120.4,7.76,-75.9,11.8,0,4.1
1:08:14 PM,1/23/2026,260123-125510-112.bin,112,0,-0.04,-0.31,752,0.04,-0.13,151.7,252.5,164,0.12,255.9,12.51,12.485,17.795,89.1,11.64,92.3,37.89785,-90.64322,267.2,120.2,7.76,-75.9,11.8,0,4.101
1:08:13 PM,1/23/2026,260123-125510-112.bin,112,0,-0.01,-0.36,752,0.03,-0.14,151.7,252.4,164,0.12,255.8,12.532,12.527,17.826,89.2,11.66,92.4,37.89785,-90.64322,267.2,120.1,7.76,-75.9,11.8,0,4.1
1:08:12 PM,1/23/2026,260123-125510-112.bin,112,0,-0.02,-0.33,752.2,0.04,-0.14,151.7,252.4,164,0.12,255.8,12.555,12.577,17.859,89.3,11.66,92.4,37.89785,-90.64322,267.3,120,7.76,-76,11.8,0,4.1
1:08:11 PM,1/23/2026,260123-125510-112.bin,112,0,-0.05,-0.38,752.2,0.05,-0.14,151.6,252.4,164,0.12,255.7,12.51,12.516,17.795,89.4,11.68,92.5,37.89785,-90.64322,267.5,119.8,7.76,-76,11.8,0,4.1
1:08:10 PM,1/23/2026,260123-125510-112.bin,112,0,-0.03,-0.33,752.1,0.04,-0.12,151.7,252.5,164,0.12,255.8,12.529,12.487,17.822,89.4,11.69,92.6,37.89785,-90.64322,267.8,119.7,7.76,-76.1,11.8,0,4.101
1:08:09 PM,1/23/2026,260123-125510-112.bin,112,0,-0.03,-0.31,752.1,0.03,-0.1,151.7,252.5,164,0.12,255.9,12.531,12.539,17.824,89.5,11.69,92.7,37.89785,-90.64323,267.9,119.6,7.76,-76.1,11.8,0,4.1
1:08:08 PM,1/23/2026,260123-125510-112.bin,112,0,-0.03,-0.4,752.1,0.03,-0.15,151.7,252.5,164,0.12,255.9,12.553,12.578,17.855,89.6,11.7,92.7,37.89786,-90.64323,268.5,119.5,7.76,-76.1,11.8,0,4.1
1:08:07 PM,1/23/2026,260123-125510-112.bin,112,0,-0.04,-0.41,752.2,0.03,-0.13,151.7,252.5,164,0.12,255.8,12.531,12.539,17.825,89.7,11.72,92.8,37.89786,-90.64323,268.8,119.3,7.77,-76.2,11.8,0,4.1
1:08:06 PM,1/23/2026,260123-125510-112.bin,112,0,-0.05,-0.38,752.1,0.07,-0.11,151.7,252.5,164,0.12,255.9,12.512,12.485,17.798,89.7,11.72,92.9,37.89786,-90.64322,269.2,119.2,7.77,-76.2,11.8,0,4.1
1:08:05 PM,1/23/2026,260123-125510-112.bin,112,0,0.01,-0.36,752.1,0.21,-0.13,151.7,252.4,164,0.12,255.8,12.531,12.526,17.824,89.8,11.73,93,37.89786,-90.64323,269.3,119.2,7.77,-76.3,11.8,0,4.1
1:08:04 PM,1/23/2026,260123-125510-112.bin,112,0,0.06,-0.36,752,0.5,-0.11,151.6,252.4,164,0.12,255.7,12.554,12.579,17.857,89.9,11.74,93,37.89786,-90.64323,269.4,119,7.77,-76.4,11.8,0,4.101
1:08:03 PM,1/23/2026,260123-125510-112.bin,112,0,0.04,-0.34,752.1,0.6,-0.12,151.6,252.3,164,0.12,255.7,12.528,12.538,17.819,89.9,11.74,93.1,37.89786,-90.64323,269.7,118.9,7.77,-76.4,11.8,0,4.101
1:08:02 PM,1/23/2026,260123-125510-112.bin,112,0,-0.02,-0.26,752.1,0.27,-0.11,151.6,252.3,164,0.12,255.6,12.508,12.487,17.791,90,11.76,93.2,37.89787,-90.64322,269.9,118.8,7.77,-76.5,11.8,0,4.101
1:08:01 PM,1/23/2026,260123-125510-112.bin,112,0,-0.04,-0.32,752.1,0.07,-0.13,151.7,252.4,164,0.12,255.8,12.552,12.55,17.854,90,11.76,93.2,37.89787,-90.64322,270.4,118.7,7.77,-76.5,11.8,0,4.101
1:08:00 PM,1/23/2026,260123-125510-112.bin,112,0,-0.05,-0.13,752.1,0.04,-0.14,151.7,252.4,164,0.12,255.8,12.531,12.56,17.824,90,11.75,93.2,37.89787,-90.64322,270.4,118.7,7.77,-76.5,11.8,0,4.101
1:07:59 PM,1/23/2026,260123-125510-112.bin,112,0,-0.03,0.06,752.1,0.05,-0.13,151.6,252.4,164,0.12,255.8,12.53,12.506,17.823,90,11.76,93.2,37.89787,-90.64323,270.5,118.6,7.77,-76.5,11.8,0,4.101
1:07:58 PM,1/23/2026,260123-125510-112.bin,112,0,-0.03,-0.14,752.2,0.02,-0.16,151.7,252.6,164,0.12,255.9,12.529,12.489,17.822,90,11.76,93.2,37.89787,-90.64323,270.9,118.6,7.77,-76.5,11.8,0,4.101
1:07:57 PM,1/23/2026,260123-125510-112.bin,112,0,-0.03,-0.28,752.1,0.02,-0.13,151.8,252.7,164,0.12,256,12.53,12.516,17.823,90,11.76,93.2,37.89787,-90.64323,270.5,118.5,7.77,-76.6,11.8,0,4.101
1:07:56 PM,1/23/2026,260123-125510-112.bin,112,0,-0.03,-0.33,752.2,0.07,-0.13,151.8,252.6,164,0.12,256,12.532,12.559,17.826,90.1,11.77,93.3,37.89787,-90.64322,271.4,118.4,7.77,-76.7,11.8,0,4.101
1:07:55 PM,1/23/2026,260123-125510-112.bin,112,0,-0.02,-0.3,752.1,0.13,-0.14,151.8,252.6,164,0.12,256,12.531,12.506,17.824,90.1,11.77,93.3,37.89787,-90.64322,272.2,118.3,7.78,-76.8,11.8,0,4.101
1:07:54 PM,1/23/2026,260123-125510-112.bin,112,0,-0.05,-0.23,752,0.26,-0.11,151.9,252.7,164,0.12,256.1,12.53,12.508,17.822,90.1,11.77,93.3,37.89787,-90.64322,271.5,118.2,7.78,-76.9,11.8,0,4.101
1:07:53 PM,1/23/2026,260123-125510-112.bin,112,0,-0.08,-0.32,752.1,0.21,-0.1,151.8,252.6,164,0.12,255.9,12.55,12.546,17.851,90.1,11.77,93.3,37.89787,-90.64323,271.2,118.2,7.78,-76.9,11.8,0,4.101
1:07:52 PM,1/23/2026,260123-125510-112.bin,112,0,-0.05,-0.37,752,0.06,-0.12,151.7,252.5,164,0.12,255.9,12.554,12.565,17.857,90.1,11.78,93.3,37.89787,-90.64323,271,118.2,7.78,-76.9,11.8,0,4.101
1:07:51 PM,1/23/2026,260123-125510-112.bin,112,0,-0.04,-0.29,752,0.04,-0.15,151.7,252.6,164,0.12,255.9,12.554,12.571,17.856,90.1,11.78,93.3,37.89787,-90.64323,270.7,118.2,7.78,-77,11.8,0,4.101
1:07:50 PM,1/23/2026,260123-125510-112.bin,112,0,-0.07,-0.26,752.1,0.07,-0.13,151.7,252.5,164,0.12,255.9,12.528,12.509,17.82,90.1,11.78,93.3,37.89787,-90.64322,270.9,118.2,7.78,-77,11.8,0,4.101
1:07:49 PM,1/23/2026,260123-125510-112.bin,112,0,-0.02,-0.22,752.1,0.11,-0.12,151.6,252.4,164,0.12,255.7,12.552,12.561,17.855,90.2,11.78,93.4,37.89787,-90.64322,271,118.2,7.78,-77,11.8,0,4.1
1:07:48 PM,1/23/2026,260123-125510-112.bin,112,0,-0.02,-0.23,752,0.09,-0.14,151.5,252.2,164,0.12,255.5,12.532,12.551,17.825,90.2,11.78,93.4,37.89787,-90.64322,270.8,118.2,7.78,-77.1,11.8,0,4.1
1:07:47 PM,1/23/2026,260123-125510-112.bin,112,0,0.01,-0.35,752,0.1,-0.16,151.5,252.1,164,0.12,255.5,12.533,12.51,17.827,90.2,11.78,93.4,37.89787,-90.64322,270.9,118.2,7.78,-77.2,11.8,0,4.101
1:07:46 PM,1/23/2026,260123-125510-112.bin,112,0,0.03,-0.25,752.1,0.09,-0.13,151.6,252.3,164,0.12,255.7,12.53,12.511,17.822,90.2,11.78,93.4,37.89787,-90.64322,271,118.3,7.78,-77.2,11.8,0,4.1
1:07:45 PM,1/23/2026,260123-125510-112.bin,112,0,-0.02,-0.13,752,0.05,-0.07,151.7,252.5,164,0.12,255.8,12.531,12.519,17.824,90.2,11.79,93.4,37.89787,-90.64322,271.3,118.3,7.78,-77.3,11.8,0,4.1
1:07:44 PM,1/23/2026,260123-125510-112.bin,112,0,-0.06,-0.26,752.1,0.05,-0.09,151.8,252.7,164,0.12,256.1,12.533,12.564,17.827,90.2,11.79,93.4,37.89787,-90.64322,271.4,118.4,7.79,-77.3,11.8,0,4.099
1:07:43 PM,1/23/2026,260123-125510-112.bin,112,0,-0.05,-0.25,752.1,0.05,-0.11,151.8,252.6,164,0.12,256,12.532,12.511,17.826,90.2,11.79,93.4,37.89787,-90.64322,271.1,118.5,7.79,-77.4,11.8,0,4.099
1:07:42 PM,1/23/2026,260123-125510-112.bin,112,0,-0.03,-0.25,752,0,-0.1,151.8,252.6,164,0.12,256,12.532,12.516,17.825,90.3,11.79,93.4,37.89787,-90.64322,270.9,118.6,7.79,-77.4,11.8,0,4.099
1:07:41 PM,1/23/2026,260123-125510-112.bin,112,0,-0.05,-0.26,752,0.01,-0.12,151.8,252.7,164,0.12,256,12.532,12.558,17.825,90.3,11.79,93.5,37.89787,-90.64322,270.9,118.7,7.79,-77.5,11.8,0,4.098
1:07:40 PM,1/23/2026,260123-125510-112.bin,112,0,-0.07,-0.24,752,0.05,-0.13,151.8,252.7,164,0.12,256.1,12.534,12.567,17.828,90.3,11.8,93.5,37.89787,-90.64322,271,118.8,7.79,-77.6,11.8,0,4.097
1:07:39 PM,1/23/2026,260123-125510-112.bin,112,0,-0.07,-0.4,752.2,0.04,-0.14,151.8,252.7,164,0.12,256.1,12.532,12.521,17.826,90.3,11.8,93.5,37.89787,-90.64322,270.7,119,7.79,-77.6,11.8,0,4.097
1:07:38 PM,1/23/2026,260123-125510-112.bin,112,0,-0.1,-0.4,752.1,0.02,-0.15,151.8,252.8,164,0.12,256.1,12.532,12.501,17.825,90.3,11.8,93.5,37.89787,-90.64322,270.4,119.2,7.79,-77.7,11.8,0,4.096
1:07:37 PM,1/23/2026,260123-125510-112.bin,112,0,-0.09,-0.33,752,0.06,-0.13,151.8,252.6,164,0.12,256,12.554,12.565,17.857,90.3,11.8,93.5,37.89787,-90.64322,270.5,119.4,7.79,-77.8,11.8,0,4.096
1:07:36 PM,1/23/2026,260123-125510-112.bin,112,0,-0.04,-0.21,752.1,0.08,-0.09,151.8,252.7,164,0.12,256,12.532,12.553,17.825,90.4,11.81,93.6,37.89787,-90.64322,270.5,119.6,7.8,-77.8,11.8,0,4.097
1:07:35 PM,1/23/2026,260123-125510-112.bin,112,0,-0.07,-0.22,752.1,0.04,-0.1,151.7,252.5,164,0.12,255.8,12.532,12.51,17.826,90.4,11.81,93.6,37.89787,-90.64322,270.7,119.9,7.8,-77.9,11.8,0,4.096
1:07:34 PM,1/23/2026,260123-125510-112.bin,112,0,-0.04,-0.3,752,0.08,-0.12,151.6,252.4,164,0.12,255.7,12.52,12.509,17.809,90.4,11.81,93.6,37.89787,-90.64322,270.7,120.1,7.8,-77.9,11.8,0,4.096
1:07:33 PM,1/23/2026,260123-125510-112.bin,112,0,0.03,-0.29,752,0.13,-0.1,151.8,252.7,164,0.12,256,12.52,12.513,17.809,90.4,11.81,93.6,37.89787,-90.64322,270.6,120.4,7.8,-78,11.8,0,4.096
1:07:32 PM,1/23/2026,260123-125510-112.bin,112,0,0.12,-0.31,752,0.16,-0.1,151.9,252.8,164,0.12,256.2,12.52,12.531,17.809,90.4,11.81,93.6,37.89787,-90.64321,270.9,120.9,7.8,-78.1,11.8,0,4.096
1:07:31 PM,1/23/2026,260123-125510-112.bin,112,0,0.15,-0.35,752.1,0.16,-0.12,151.9,252.8,164,0.12,256.2,12.532,12.528,17.826,90.4,11.81,93.6,37.89787,-90.64321,271.1,121.2,7.8,-78.2,11.8,0,4.096
1:07:30 PM,1/23/2026,260123-125510-112.bin,112,0,0.03,-0.3,752,0.13,-0.13,151.9,252.9,164,0.12,256.2,12.53,12.515,17.823,90.4,11.82,93.6,37.89787,-90.64321,271.2,121.6,7.8,-78.2,11.8,0,4.095
1:07:29 PM,1/23/2026,260123-125510-112.bin,112,0,-0.02,-0.23,752.1,0.07,-0.12,151.9,252.9,164,0.12,256.2,12.53,12.518,17.823,90.4,11.82,93.6,37.89787,-90.64321,271.5,122,7.8,-78.2,11.8,0,4.095
1:07:28 PM,1/23/2026,260123-125510-112.bin,112,0,-0.01,-0.28,752,0.03,-0.09,151.8,252.8,164,0.12,256.1,12.531,12.558,17.824,90.4,11.82,93.6,37.89787,-90.64321,271.7,122.5,7.8,-78.3,11.8,0,4.096
1:07:27 PM,1/23/2026,260123-125510-112.bin,112,0,-0.02,0.01,752,0.02,-0.08,151.8,252.7,164,0.12,256.1,12.531,12.552,17.825,90.5,11.82,93.7,37.89787,-90.64321,271.8,122.9,7.81,-78.4,11.8,0,4.096
1:07:26 PM,1/23/2026,260123-125510-112.bin,112,0,-0.01,0.04,752,0.01,-0.07,151.8,252.6,164,0.12,256,12.53,12.52,17.823,90.5,11.83,93.7,37.89787,-90.64321,272.3,123.4,7.81,-78.5,11.8,0,4.096
1:07:25 PM,1/23/2026,260123-125510-112.bin,112,0,0,-0.25,752,0.01,-0.13,151.7,252.4,164,0.12,255.8,12.531,12.518,17.824,90.5,11.83,93.7,37.89787,-90.64321,272.4,123.9,7.81,-78.6,11.8,0,4.097
1:07:24 PM,1/23/2026,260123-125510-112.bin,112,0,0,-0.33,752.1,0.03,-0.14,151.7,252.5,164,0.12,255.9,12.531,12.552,17.825,90.6,11.83,93.8,37.89787,-90.6432,272.7,124.4,7.81,-78.7,11.8,0,4.098
1:07:23 PM,1/23/2026,260123-125510-112.bin,112,0,-0.01,-0.31,752,0.04,-0.13,151.7,252.5,164,0.12,255.9,12.532,12.554,17.825,90.6,11.84,93.8,37.89787,-90.6432,273.1,124.9,7.81,-78.7,11.8,0,4.098
1:07:22 PM,1/23/2026,260123-125510-112.bin,112,0,-0.07,-0.28,752,0.05,-0.14,151.6,252.4,164,0.12,255.7,12.532,12.525,17.825,90.6,11.84,93.8,37.89787,-90.6432,273,125.4,7.81,-78.8,11.8,0,4.098
1:07:21 PM,1/23/2026,260123-125510-112.bin,112,0,-0.08,-0.28,752.1,0.04,-0.11,151.6,252.4,164,0.12,255.7,12.532,12.556,17.826,90.6,11.84,93.8,37.89787,-90.6432,272.7,126,7.81,-78.9,11.8,0,4.098
1:07:20 PM,1/23/2026,260123-125510-112.bin,112,0,-0.04,-0.35,752.1,0.05,-0.14,151.7,252.5,164,0.12,255.8,12.532,12.553,17.826,90.6,11.84,93.8,37.89787,-90.6432,272.7,126.4,7.82,-79,11.8,0,4.097
1:07:19 PM,1/23/2026,260123-125510-112.bin,112,0,-0.02,-0.35,752,0.07,-0.14,151.8,252.7,164,0.12,256,12.532,12.553,17.825,90.7,11.85,93.9,37.89787,-90.6432,272.7,126.9,7.82,-79.1,11.8,0,4.096
1:07:18 PM,1/23/2026,260123-125510-112.bin,112,0,-0.02,-0.29,752.2,0.05,-0.13,151.8,252.7,164,0.12,256,12.531,12.519,17.825,90.7,11.85,93.9,37.89787,-90.6432,272.9,127.3,7.82,-79.1,11.8,0,4.096
1:07:17 PM,1/23/2026,260123-125510-112.bin,112,0,-0.05,-0.34,752,0.04,-0.12,151.7,252.5,164,0.12,255.9,12.532,12.518,17.826,90.7,11.86,93.9,37.89787,-90.6432,272.9,127.7,7.82,-79.2,11.8,0,4.095
1:07:16 PM,1/23/2026,260123-125510-112.bin,112,0,-0.07,-0.35,752.2,0.04,-0.15,151.8,252.6,164,0.12,256,12.531,12.551,17.824,90.7,11.85,93.9,37.89787,-90.6432,272.9,128.2,7.82,-79.3,11.8,0,4.095
1:07:15 PM,1/23/2026,260123-125510-112.bin,112,0,-0.04,-0.31,752,0.08,-0.16,151.8,252.7,164,0.12,256,12.532,12.551,17.825,90.8,11.86,94,37.89787,-90.6432,273.2,128.6,7.82,-79.4,11.8,0,4.095
1:07:14 PM,1/23/2026,260123-125510-112.bin,112,0,-0.02,-0.33,752.1,0.09,-0.12,151.8,252.7,164,0.12,256.1,12.532,12.525,17.826,90.8,11.86,94,37.89786,-90.6432,273.4,129.1,7.83,-79.5,11.8,0,4.095
1:07:13 PM,1/23/2026,260123-125510-112.bin,112,0,-0.02,-0.34,752.1,0.04,-0.12,151.8,252.7,164,0.12,256.1,12.531,12.547,17.824,90.8,11.87,94,37.89786,-90.6432,273.4,129.6,7.83,-79.6,11.8,0,4.095
1:07:12 PM,1/23/2026,260123-125510-112.bin,112,0,-0.04,-0.34,752.1,0.06,-0.13,151.8,252.7,164,0.12,256,12.53,12.553,17.823,90.9,11.87,94.1,37.89786,-90.6432,273.7,130.1,7.83,-79.7,11.8,0,4.097
1:07:11 PM,1/23/2026,260123-125510-112.bin,112,0,-0.06,-0.34,752,0.06,-0.16,151.8,252.7,164,0.12,256.1,12.551,12.559,17.853,90.9,11.88,94.1,37.89786,-90.64319,273.9,130.8,7.83,-79.8,11.8,0,4.097
1:07:10 PM,1/23/2026,260123-125510-112.bin,112,0,-0.04,-0.22,752.1,0.07,-0.14,151.7,252.6,164,0.12,255.9,12.553,12.56,17.856,91,11.88,94.2,37.89786,-90.64319,274.2,131.6,7.83,-79.9,11.8,0,4.097
1:07:09 PM,1/23/2026,260123-125510-112.bin,112,0,-0.04,-0.22,752,0.07,-0.09,151.7,252.4,164,0.12,255.8,12.531,12.546,17.825,91,11.89,94.2,37.89787,-90.64319,274.1,132.4,7.83,-80,11.8,0,4.097
1:07:08 PM,1/23/2026,260123-125510-112.bin,112,0,-0.05,-0.32,752.2,0.02,-0.06,151.7,252.6,164,0.12,255.9,12.509,12.512,17.792,91,11.89,94.2,37.89786,-90.64319,273.9,133.2,7.84,-80.1,11.8,0,4.098
1:07:07 PM,1/23/2026,260123-125510-112.bin,112,0,-0.05,-0.32,752,0.03,-0.08,151.7,252.6,164,0.12,255.9,12.539,12.539,17.835,91.1,11.9,94.3,37.89786,-90.64319,274.1,134,7.84,-80.2,11.8,0,4.098
1:07:06 PM,1/23/2026,260123-125510-112.bin,112,0,-0.06,-0.3,752.1,0.06,-0.11,151.8,252.6,164,0.12,256,12.553,12.576,17.855,91.1,11.9,94.3,37.89786,-90.64319,274,134.8,7.84,-80.3,11.8,0,4.098
1:07:05 PM,1/23/2026,260123-125510-112.bin,112,0,-0.06,-0.35,752.1,0.05,-0.1,151.9,252.8,164,0.12,256.1,12.52,12.527,17.808,91.1,11.91,94.4,37.89786,-90.64319,273.9,135.5,7.84,-80.4,11.8,0,4.098
1:07:04 PM,1/23/2026,260123-125510-112.bin,112,0,-0.09,-0.38,752.1,0.06,-0.11,151.9,252.8,164,0.12,256.1,12.508,12.513,17.792,91.2,11.91,94.4,37.89786,-90.64319,273.5,136.1,7.84,-80.5,11.8,0,4.098
1:07:03 PM,1/23/2026,260123-125510-112.bin,112,0,-0.1,-0.36,752.1,0.05,-0.13,151.8,252.6,164,0.12,256,12.545,12.547,17.844,91.2,11.92,94.5,37.89786,-90.64319,273.2,136.6,7.84,-80.6,11.8,0,4.097
1:07:02 PM,1/23/2026,260123-125510-112.bin,112,0,-0.08,-0.21,752.1,0.05,-0.12,151.7,252.6,164,0.12,255.9,12.553,12.56,17.855,91.2,11.92,94.5,37.89786,-90.6432,272.9,137.4,7.85,-80.7,11.8,0,4.097
1:07:01 PM,1/23/2026,260123-125510-112.bin,112,0,-0.04,-0.31,752,0.12,-0.11,151.8,252.7,164,0.12,256.1,12.532,12.548,17.825,91.3,11.93,94.5,37.89786,-90.6432,272.6,138.1,7.85,-80.9,11.8,0,4.098
1:07:00 PM,1/23/2026,260123-125510-112.bin,112,0,-0.05,-0.35,752.1,0.13,-0.14,151.8,252.7,164,0.12,256.1,12.531,12.52,17.824,91.4,11.94,94.6,37.89787,-90.6432,272.1,138.7,7.85,-80.9,11.8,0,4.098
1:06:59 PM,1/23/2026,260123-125510-112.bin,112,0,-0.05,-0.25,752.1,0.06,-0.14,151.7,252.6,164,0.12,255.9,12.532,12.527,17.825,91.4,11.95,94.7,37.89787,-90.6432,272.2,139.7,7.85,-81.1,11.8,0,4.098
1:06:58 PM,1/23/2026,260123-125510-112.bin,112,0,0.01,-0.21,752.1,0.05,-0.12,151.7,252.4,164,0.12,255.8,12.553,12.58,17.856,91.5,11.95,94.7,37.89787,-90.6432,272,140.2,7.86,-81.2,11.8,0,4.097
1:06:57 PM,1/23/2026,260123-125510-112.bin,112,0,-0.02,-0.31,752,0.05,-0.14,151.6,252.4,164,0.12,255.8,12.531,12.549,17.825,91.5,11.96,94.7,37.89787,-90.6432,272,140.5,7.86,-81.3,11.8,0,4.097
1:06:56 PM,1/23/2026,260123-125510-112.bin,112,0,-0.07,-0.28,752,0.04,-0.09,151.7,252.5,164,0.12,255.8,12.531,12.523,17.824,91.6,11.97,94.8,37.89787,-90.6432,271.7,141.4,7.86,-81.5,11.8,0,4.097
1:06:55 PM,1/23/2026,260123-125510-112.bin,112,0,-0.03,-0.19,752.2,0.04,-0.1,151.8,252.7,164,0.12,256,12.541,12.546,17.838,91.6,11.97,94.9,37.89787,-90.6432,271.5,142,7.86,-81.6,11.8,0,4.097
1:06:54 PM,1/23/2026,260123-125510-112.bin,112,0,-0.03,-0.19,752.1,0.03,-0.1,151.8,252.7,164,0.12,256,12.541,12.559,17.839,91.7,11.98,94.9,37.89787,-90.6432,271.3,142.5,7.86,-81.7,11.8,0,4.097
1:06:53 PM,1/23/2026,260123-125510-112.bin,112,0,-0.05,-0.18,752,0.03,-0.09,151.7,252.5,164,0.12,255.9,12.532,12.553,17.826,91.8,11.99,95,37.89787,-90.64321,270.9,143.3,7.87,-81.9,11.8,0,4.098
1:06:52 PM,1/23/2026,260123-125510-112.bin,112,0,-0.06,-0.13,752.1,0.01,-0.11,151.7,252.6,164,0.12,255.9,12.526,12.538,17.817,91.8,12,95.1,37.89787,-90.64321,270.5,143.9,7.87,-82,11.8,0,4.098
1:06:51 PM,1/23/2026,260123-125510-112.bin,112,0,-0.05,-0.2,752,0.04,-0.11,151.8,252.7,164,0.12,256.1,12.531,12.523,17.824,91.9,12,95.1,37.89787,-90.64321,270.3,144.5,7.87,-82.1,11.8,0,4.098
1:06:50 PM,1/23/2026,260123-125510-112.bin,112,0,-0.04,-0.31,752.1,0.04,-0.12,151.9,252.8,164,0.12,256.1,12.552,12.559,17.854,91.9,12.01,95.2,37.89787,-90.64321,270,145.5,7.88,-82.3,11.8,0,4.099
1:06:49 PM,1/23/2026,260123-125510-112.bin,112,0,-0.05,-0.34,752,0.03,-0.07,151.8,252.7,164,0.12,256.1,12.531,12.546,17.824,92,12.02,95.3,37.89787,-90.64321,269.4,146.5,7.88,-82.4,11.8,0,4.098
1:06:48 PM,1/23/2026,260123-125510-112.bin,112,0,-0.05,-0.29,752.1,0.04,-0.09,151.8,252.7,164,0.12,256.1,12.508,12.509,17.792,92.1,12.03,95.3,37.89787,-90.64321,268.8,147.3,7.88,-82.5,11.8,0,4.098
1:06:47 PM,1/23/2026,260123-125510-112.bin,112,0,-0.08,-0.26,752,0.07,-0.13,151.8,252.7,164,0.12,256.1,12.53,12.523,17.823,92.2,12.04,95.4,37.89787,-90.64322,268.9,148.9,7.88,-82.7,11.8,0,4.098
1:06:46 PM,1/23/2026,260123-125510-112.bin,112,0,-0.07,-0.24,752.1,0.1,-0.11,151.7,252.6,164,0.12,255.9,12.552,12.561,17.854,92.2,12.05,95.5,37.89787,-90.64322,268.5,150.5,7.88,-82.8,11.8,0,4.097
1:06:45 PM,1/23/2026,260123-125510-112.bin,112,0,-0.07,-0.15,752.1,0.12,-0.11,151.6,252.4,164,0.12,255.8,12.53,12.544,17.822,92.3,12.05,95.5,37.89788,-90.64322,268,151.5,7.89,-82.9,11.8,0,4.098
1:06:44 PM,1/23/2026,260123-125510-112.bin,112,0,-0.08,-0.12,752.1,0.11,-0.09,151.6,252.3,164,0.12,255.7,12.518,12.504,17.806,92.4,12.07,95.6,37.89788,-90.64323,267.7,152.8,7.89,-83.1,11.8,0,4.098
1:06:43 PM,1/23/2026,260123-125510-112.bin,112,0,-0.07,-0.1,752,0.1,-0.1,151.6,252.4,164,0.12,255.7,12.545,12.551,17.844,92.4,12.07,95.7,37.89788,-90.64323,267.2,154.2,7.89,-83.3,11.8,0,4.099
1:06:42 PM,1/23/2026,260123-125510-112.bin,112,0,-0.04,-0.06,752,0.11,-0.12,151.6,252.4,164,0.12,255.7,12.545,12.566,17.844,92.5,12.08,95.7,37.89788,-90.64322,266.8,155,7.89,-83.4,11.8,0,4.099
1:06:41 PM,1/23/2026,260123-125510-112.bin,112,0,0,-0.05,752,0.29,-0.09,151.7,252.5,164,0.12,255.9,12.53,12.535,17.823,92.5,12.09,95.8,37.89788,-90.64322,266.4,157.1,7.9,-83.5,11.8,0,4.1
1:06:40 PM,1/23/2026,260123-125510-112.bin,112,0,0,0.36,752,0.46,-0.08,151.8,252.7,164,0.12,256.1,12.518,12.525,17.805,92.6,12.1,95.9,37.89788,-90.64322,266,159,7.9,-83.7,11.8,0,4.101
1:06:39 PM,1/23/2026,260123-125510-112.bin,112,0,-0.04,1.05,752.1,0.33,0.04,151.8,252.7,164,0.12,256.1,12.53,12.526,17.823,92.7,12.11,95.9,37.89788,-90.64322,266.3,160.4,7.9,-83.8,11.8,0,4.101
1:06:38 PM,1/23/2026,260123-125510-112.bin,112,0,0.25,1.98,752.1,0.66,0.06,151.8,252.6,164,0.12,256,12.552,12.574,17.855,92.7,12.11,96,37.89788,-90.64322,266.1,165.1,7.9,-83.9,11.8,0,4.102
1:06:37 PM,1/23/2026,260123-125510-112.bin,112,0,0.4,3.88,752.1,1.02,-0.05,151.8,252.6,164,0.12,255.9,12.53,12.541,17.823,92.8,12.12,96,37.89788,-90.64322,266,170.1,7.91,-84.1,11.8,0,4.102
1:06:36 PM,1/23/2026,260123-125510-112.bin,112,0,0.29,3.44,752.1,0.77,0.01,151.8,252.6,164,0.12,256,12.506,12.508,17.789,92.8,12.12,96.1,37.89788,-90.64322,266.1,175.6,7.91,-84.2,11.8,0,4.101
1:06:35 PM,1/23/2026,260123-125510-112.bin,112,0,-0.09,2.01,752,0.19,0.1,151.8,252.7,164,0.12,256,12.529,12.523,17.822,92.8,12.13,96.1,37.89788,-90.64322,265.9,184,7.91,-84.3,11.8,0,4.1
1:06:34 PM,1/23/2026,260123-125510-112.bin,112,0,-0.08,2.79,752,0.14,0.12,151.8,252.7,164,0.12,256,12.552,12.574,17.854,92.8,12.13,96.1,37.89788,-90.64322,265.8,191.2,7.91,-84.5,11.8,0,4.099
1:06:33 PM,1/23/2026,260123-125510-112.bin,112,0,-0.05,5.07,752.2,0.16,0.33,151.8,252.6,164,0.12,256,12.54,12.558,17.837,92.8,12.13,96.1,37.89788,-90.64322,265.8,197.6,7.92,-84.6,11.8,0,4.098
1:06:32 PM,1/23/2026,260123-125510-112.bin,112,0,-0.08,5.97,752,0.09,0.42,151.7,252.5,164,0.12,255.9,12.505,12.492,17.787,92.8,12.13,96.1,37.89788,-90.64322,265.7,205.1,7.92,-84.7,11.8,0,4.097
1:06:31 PM,1/23/2026,260123-125510-112.bin,112,0,-0.13,5.97,752,0.03,0.45,151.6,252.4,164,0.12,255.8,12.526,12.522,17.818,92.9,12.13,96.1,37.89788,-90.64322,265.3,209.6,7.92,-84.9,11.8,0,4.096
1:06:30 PM,1/23/2026,260123-125510-112.bin,112,0,-0.15,6.31,752,0.04,0.55,151.6,252.4,164,0.12,255.8,12.547,12.559,17.848,92.9,12.13,96.1,37.89788,-90.64322,265.2,214.8,7.93,-85.2,11.8,0,4.095
1:06:29 PM,1/23/2026,260123-125510-112.bin,112,0,-0.17,8.1,752,0.11,0.67,151.7,252.5,164,0.12,255.9,12.516,12.528,17.802,92.9,12.13,96.1,37.89788,-90.64322,265.2,217.2,7.93,-85.4,11.8,0,4.095
1:06:28 PM,1/23/2026,260123-125510-112.bin,112,0,-0.13,12.64,752,0.1,1.25,151.7,252.6,164,0.12,255.9,12.501,12.5,17.781,92.9,12.13,96.1,37.89788,-90.64322,264.7,218.4,7.93,-85.6,11.8,0,4.095
1:06:27 PM,1/23/2026,260123-125510-112.bin,112,0,-0.12,16.99,752,0.05,1.9,151.7,252.5,164,0.12,255.9,12.521,12.498,17.81,92.8,12.13,96.1,37.89788,-90.64322,264.5,219.5,7.94,-85.8,11.8,0,4.095
1:06:26 PM,1/23/2026,260123-125510-112.bin,112,0,-0.02,20.35,752,0.16,1.89,151.7,252.5,164,0.12,255.8,12.543,12.565,17.841,92.8,12.13,96.1,37.89788,-90.64321,264.1,220.5,7.94,-86,11.8,0,4.095
1:06:25 PM,1/23/2026,260123-125510-112.bin,112,0,0.01,20.16,752.1,0.22,1.6,151.8,252.6,164,0.12,256,12.499,12.505,17.778,92.8,12.13,96.1,37.89788,-90.64321,263.4,222.2,7.94,-86.1,11.8,0,4.095
1:06:24 PM,1/23/2026,260123-125510-112.bin,112,0,0.04,18.13,752,0.31,1.78,151.7,252.6,164,0.12,255.9,12.52,12.498,17.809,92.8,12.13,96.1,37.89788,-90.64321,262.6,223.8,7.94,-86.2,11.8,0,4.095
1:06:23 PM,1/23/2026,260123-125510-112.bin,112,0,0.22,21.78,752,0.84,2.48,151.8,252.7,164,0.12,256,12.541,12.54,17.838,92.8,12.13,96.1,37.89788,-90.64321,262.5,225.1,7.94,-86.1,11.8,0,4.094
1:06:22 PM,1/23/2026,260123-125510-112.bin,112,0,0.42,19.56,752.1,1.11,2.08,151.8,252.7,164,0.12,256,12.541,12.563,17.839,92.9,12.13,96.1,37.89788,-90.64321,262.1,226.6,7.94,-85.8,11.8,0,4.094
1:06:21 PM,1/23/2026,260123-125510-112.bin,112,0,0.28,9.68,752.1,0.66,0.81,151.7,252.6,164,0.12,256,12.518,12.548,17.806,92.9,12.14,96.2,37.89788,-90.64321,261.6,227.1,7.94,-85.9,11.8,0,4.094
1:06:20 PM,1/23/2026,260123-125510-112.bin,112,0,0.1,7.91,752.1,0.46,0.7,151.7,252.6,164,0.12,255.9,12.507,12.476,17.79,92.9,12.14,96.1,37.89788,-90.64322,261.8,227.4,7.94,-86.1,11.8,0,4.093
1:06:19 PM,1/23/2026,260123-125510-112.bin,112,0,0.04,10.33,752.2,0.36,1.04,151.7,252.5,164,0.12,255.8,12.537,12.543,17.832,92.9,12.13,96.1,37.89788,-90.64322,261.6,227.4,7.95,-86.2,11.8,0,4.093
1:06:18 PM,1/23/2026,260123-125510-112.bin,112,0,-0.03,16.16,752.2,0.21,1.52,151.7,252.5,164,0.12,255.9,12.514,12.544,17.801,92.9,12.14,96.2,37.89787,-90.64321,261.1,227.4,7.95,-86.4,11.8,0,4.093
1:06:17 PM,1/23/2026,260123-125510-112.bin,112,0,0.01,18.25,752.2,0.44,1.98,151.8,252.7,164,0.12,256,12.508,12.486,17.791,92.9,12.14,96.2,37.89787,-90.64321,261.1,227.3,7.95,-86.5,11.8,0,4.092
1:06:16 PM,1/23/2026,260123-125510-112.bin,112,0,0.13,10.14,752,0.59,1.46,151.8,252.7,164,0.12,256,12.501,12.46,17.781,92.9,12.13,96.1,37.89787,-90.64321,261.1,227.2,7.95,-86.6,11.8,0,4.092
1:06:15 PM,1/23/2026,260123-125510-112.bin,112,0,0.18,3.13,752,0.69,0.5,151.8,252.7,164,0.12,256,12.499,12.47,17.778,92.9,12.14,96.2,37.89787,-90.64321,260.4,227.2,7.95,-86.6,11.8,0,4.092
1:06:14 PM,1/23/2026,260123-125510-112.bin,112,0,0.05,1.32,752,0.67,0.05,151.7,252.6,164,0.12,256,12.493,12.537,17.771,92.9,12.14,96.2,37.89787,-90.64321,260,227.2,7.95,-86.7,11.8,0,4.092
1:06:13 PM,1/23/2026,260123-125510-112.bin,112,0,0,1.69,752,0.5,0.02,151.8,252.8,164,0.12,256.1,12.483,12.461,17.756,92.9,12.13,96.1,37.89787,-90.64321,259.7,227.2,7.95,-86.7,11.8,0,4.092
1:06:12 PM,1/23/2026,260123-125510-112.bin,112,0,-0.03,1.99,752,0.32,0,151.8,252.7,164,0.12,256.1,12.478,12.459,17.749,92.9,12.13,96.1,37.89787,-90.6432,259.3,227.2,7.95,-86.7,11.8,0,4.092
1:06:11 PM,1/23/2026,260123-125510-112.bin,112,0,-0.05,1.43,752,0.23,-0.03,151.7,252.5,164,0.12,255.9,12.49,12.491,17.765,92.9,12.14,96.1,37.89787,-90.6432,258.8,227.2,7.95,-86.7,11.8,0,4.092
1:06:10 PM,1/23/2026,260123-125510-112.bin,112,0,-0.03,2.4,752,0.27,0.09,151.7,252.5,164,0.12,255.8,12.462,12.492,17.726,92.9,12.14,96.2,37.89787,-90.6432,258.3,227.2,7.96,-86.7,11.8,0,4.092
1:06:09 PM,1/23/2026,260123-125510-112.bin,112,0,0,4.9,752,0.41,0.14,151.7,252.6,164,0.12,256,12.454,12.476,17.715,92.9,12.14,96.2,37.89787,-90.6432,258,227.1,7.96,-86.8,11.8,0,4.093
1:06:08 PM,1/23/2026,260123-125510-112.bin,112,0,0.19,6.07,752,0.55,0.06,151.9,252.9,164,0.12,256.2,12.421,12.403,17.668,92.9,12.14,96.2,37.89787,-90.64321,258,227,7.96,-86.9,11.8,0,4.092
1:06:07 PM,1/23/2026,260123-125510-112.bin,112,0,0.22,12.16,752,0.48,0.53,151.8,252.7,164,0.12,256.1,12.43,12.403,17.68,92.9,12.14,96.2,37.89787,-90.64321,257.6,227,7.96,-86.9,11.8,0,4.091
1:06:06 PM,1/23/2026,260123-125510-112.bin,112,0,0.04,32.36,752,0.44,2.55,151.7,252.6,164,0.12,255.9,12.446,12.459,17.703,92.9,12.14,96.2,37.89787,-90.64321,258,226.9,7.96,-86.9,11.8,0,4.091
1:06:05 PM,1/23/2026,260123-125510-112.bin,112,0,0.01,53.89,752,0.45,7.41,151.7,252.6,164,0.12,256,12.414,12.455,17.658,92.9,12.14,96.2,37.89787,-90.6432,258.4,226.9,7.96,-86.9,11.8,0,4.091
1:06:04 PM,1/23/2026,260123-125510-112.bin,112,0,-0.02,64.48,752,0.43,12.49,151.8,252.7,164,0.12,256.1,12.402,12.385,17.641,92.9,12.14,96.2,37.89787,-90.6432,259,226.9,7.96,-87,11.8,0,4.091
1:06:03 PM,1/23/2026,260123-125510-112.bin,112,0,0.08,56.09,752,0.55,10.28,151.8,252.7,164,0.12,256.1,12.389,12.377,17.623,92.9,12.14,96.2,37.89787,-90.6432,259.4,226.8,7.96,-87.1,11.8,0,4.092
1:06:02 PM,1/23/2026,260123-125510-112.bin,112,0,0.48,24.37,752,1.07,3.27,151.8,252.7,164,0.12,256,12.396,12.418,17.632,92.9,12.14,96.2,37.89788,-90.6432,260.6,226.8,7.96,-87.1,11.8,0,4.092
1:06:01 PM,1/23/2026,260123-125510-112.bin,112,0,0.88,3.6,752,1.56,0.21,151.7,252.6,164,0.12,256,12.37,12.399,17.596,92.9,12.14,96.2,37.89788,-90.6432,261.5,226.8,7.96,-87.2,11.8,0,4.092
1:06:00 PM,1/23/2026,260123-125510-112.bin,112,0,1.77,3.74,752,2.89,0.73,151.8,252.7,164,0.12,256.1,12.365,12.353,17.588,92.9,12.14,96.2,37.89788,-90.6432,262.2,226.8,7.96,-87.3,11.8,0,4.093
1:05:59 PM,1/23/2026,260123-125510-112.bin,112,0,2.42,4.33,752.1,4.31,0.94,151.9,252.8,164,0.12,256.1,12.34,12.339,17.552,92.9,12.14,96.2,37.89788,-90.64321,262.8,226.8,7.97,-87.3,11.8,0,4.094
1:05:58 PM,1/23/2026,260123-125510-112.bin,112,0,1.58,2.72,752,3.24,0.39,151.8,252.7,164,0.12,256.1,12.343,12.371,17.557,92.9,12.14,96.2,37.89788,-90.64321,262.8,226.8,7.97,-87.3,11.8,0,4.093
1:05:57 PM,1/23/2026,260123-125510-112.bin,112,0,0.64,2.87,752,1.33,0.15,151.8,252.8,164,0.12,256.1,12.331,12.356,17.54,92.9,12.14,96.2,37.89788,-90.64321,263.1,226.7,7.97,-87.4,11.8,0,4.091
1:05:56 PM,1/23/2026,260123-125510-112.bin,112,0,0.22,4.52,752.1,0.38,0.2,151.9,252.8,164,0.12,256.2,12.317,12.309,17.52,92.9,12.14,96.2,37.89788,-90.64322,263.4,226.7,7.97,-87.4,11.8,0,4.09
1:05:55 PM,1/23/2026,260123-125510-112.bin,112,0,-0.03,2.27,752,0.07,0.07,151.8,252.7,164,0.12,256.1,12.287,12.282,17.478,92.9,12.14,96.2,37.89788,-90.64322,264.5,226.6,7.97,-87.5,11.8,0,4.09
1:05:54 PM,1/23/2026,260123-125510-112.bin,112,0,-0.08,-0.28,752,0.03,-0.13,151.8,252.7,164,0.12,256,12.272,12.305,17.455,92.9,12.14,96.2,37.89788,-90.64322,265,226.6,7.97,-87.5,11.8,0,4.091
1:05:53 PM,1/23/2026,260123-125510-112.bin,112,0,-0.09,-0.22,752,0.02,-0.11,151.8,252.7,164,0.12,256.1,12.221,12.235,17.383,92.9,12.14,96.2,37.89788,-90.64322,265.5,226.6,7.97,-87.5,11.8,0,4.091
1:05:52 PM,1/23/2026,260123-125510-112.bin,112,0,-0.13,-0.25,752,0.04,-0.12,151.7,252.6,164,0.12,256,12.184,12.179,17.331,92.9,12.14,96.2,37.89788,-90.64322,265.6,226.5,7.97,-87.5,11.8,0,4.09
1:05:51 PM,1/23/2026,260123-125510-112.bin,112,0,-0.14,-0.43,752.1,0.01,-0.12,151.8,252.8,164,0.12,256.1,12.147,12.151,17.277,92.9,12.14,96.2,37.89788,-90.64322,265.4,226.5,7.97,-87.6,11.8,0,4.09
1:05:50 PM,1/23/2026,260123-125510-112.bin,112,0,-0.11,-0.36,752.1,0.01,-0.14,151.8,252.8,164,0.12,256.2,12.127,12.158,17.25,92.9,12.14,96.2,37.89787,-90.64321,265.8,226.5,7.97,-87.6,11.8,0,4.09
1:05:49 PM,1/23/2026,260123-125510-112.bin,112,0,-0.12,-0.32,752,0.12,-0.13,151.7,252.6,164,0.12,256,12.091,12.124,17.199,92.9,12.14,96.2,37.89787,-90.64321,265.7,226.4,7.97,-87.6,11.8,0,4.091
1:05:48 PM,1/23/2026,260123-125510-112.bin,112,0,-0.14,-0.24,752,0.1,-0.13,151.7,252.6,164,0.12,255.9,12.076,12.063,17.177,92.9,12.14,96.2,37.89787,-90.64321,266.3,226.4,7.97,-87.7,11.8,0,4.09
1:05:47 PM,1/23/2026,260123-125510-112.bin,112,0,-0.15,-0.22,752,0.02,-0.12,151.9,252.8,164,0.12,256.2,12.059,12.048,17.152,92.9,12.15,96.2,37.89787,-90.64322,266.9,226.4,7.97,-87.7,11.8,0,4.091
1:05:46 PM,1/23/2026,260123-125510-112.bin,112,0,-0.18,-0.28,752,0.03,-0.14,151.9,252.8,164,0.12,256.2,12.042,12.067,17.128,92.9,12.14,96.2,37.89787,-90.64322,267.7,226.3,7.97,-87.7,11.8,0,4.092
1:05:45 PM,1/23/2026,260123-125510-112.bin,112,0,-0.17,-0.34,752,0.02,-0.16,151.8,252.7,164,0.12,256.1,12.018,12.052,17.095,92.9,12.15,96.2,37.89787,-90.64322,267.7,226.3,7.97,-87.7,11.8,0,4.091
1:05:44 PM,1/23/2026,260123-125510-112.bin,112,0,-0.14,-0.41,752,0.01,-0.14,151.9,252.8,164,0.12,256.2,11.998,11.99,17.065,92.9,12.15,96.2,37.89787,-90.64322,267.9,226.2,7.97,-87.7,11.8,0,4.09
1:05:43 PM,1/23/2026,260123-125510-112.bin,112,0,-0.15,-0.33,752,0,-0.13,151.9,252.8,164,0.12,256.2,11.971,11.971,17.027,92.9,12.15,96.2,37.89787,-90.64322,268.3,226.2,7.97,-87.8,11.8,0,4.091
1:05:42 PM,1/23/2026,260123-125510-112.bin,112,0,-0.17,-0.25,752.1,0,-0.13,151.8,252.8,164,0.12,256.1,11.954,11.971,17.003,93,12.15,96.2,37.89787,-90.64322,268.8,226.1,7.97,-87.8,11.8,0,4.091
1:05:41 PM,1/23/2026,260123-125510-112.bin,112,0,-0.16,-0.35,752,0.01,-0.13,151.8,252.7,164,0.12,256,11.951,11.939,17,92.9,12.15,96.2,37.89787,-90.64321,269.6,226.1,7.98,-87.9,11.8,0,4.09
1:05:40 PM,1/23/2026,260123-125510-112.bin,112,0,-0.18,-0.47,752.1,0.01,-0.12,151.7,252.5,164,0.12,255.9,11.945,11.936,16.991,92.9,12.14,96.2,37.89787,-90.64321,269.8,226.1,7.98,-87.9,11.8,0,4.091
1:05:39 PM,1/23/2026,260123-125510-112.bin,112,0,-0.18,-0.49,752,0.02,-0.13,151.7,252.6,164,0.12,256,11.926,11.925,16.964,92.9,12.14,96.2,37.89787,-90.6432,269.9,226,7.98,-87.9,11.8,0,4.091
1:05:38 PM,1/23/2026,260123-125510-112.bin,112,0,-0.14,-0.37,752,0.03,-0.13,151.7,252.6,164,0.12,256,11.912,11.939,16.943,93,12.15,96.2,37.89787,-90.6432,269.6,226,7.98,-88,11.8,0,4.091
1:05:37 PM,1/23/2026,260123-125510-112.bin,112,0,-0.12,-0.31,752.1,0.04,-0.12,151.7,252.6,164,0.12,255.9,11.9,11.927,16.927,93,12.15,96.3,37.89787,-90.6432,269.2,226,7.98,-88,11.8,0,4.091
1:05:36 PM,1/23/2026,260123-125510-112.bin,112,0,-0.13,-0.35,752,0.05,-0.12,151.8,252.7,164,0.12,256,11.881,11.882,16.899,92.9,12.15,96.2,37.89787,-90.6432,269.4,225.9,7.98,-88,11.8,0,4.091
1:05:35 PM,1/23/2026,260123-125510-112.bin,112,0,-0.17,-0.41,752,0.05,-0.13,151.8,252.7,164,0.12,256.1,11.856,11.876,16.864,92.9,12.15,96.2,37.89786,-90.6432,269.4,225.9,7.98,-88,11.8,0,4.09
1:05:34 PM,1/23/2026,260123-125510-112.bin,112,0,-0.17,-0.22,752,0.04,-0.15,151.9,252.8,164,0.12,256.2,11.822,11.852,16.815,93,12.15,96.2,37.89786,-90.6432,270.4,225.8,7.98,-88.1,11.8,0,4.09
1:05:33 PM,1/23/2026,260123-125510-112.bin,112,0,-0.13,-0.18,752,0.03,-0.12,151.9,252.8,164,0.12,256.2,11.797,11.789,16.78,93,12.15,96.3,37.89786,-90.6432,270.9,225.8,7.98,-88.1,11.8,0,4.09
1:05:32 PM,1/23/2026,260123-125510-112.bin,112,0,-0.14,-0.25,752,0.02,-0.1,151.8,252.8,164,0.12,256.1,11.777,11.769,16.752,93,12.15,96.3,37.89787,-90.6432,270.6,225.8,7.98,-88.1,11.8,0,4.09
1:05:31 PM,1/23/2026,260123-125510-112.bin,112,0,-0.17,-0.23,752,0.03,-0.11,151.9,252.8,164,0.12,256.2,11.756,11.774,16.722,93,12.15,96.2,37.89787,-90.6432,270.1,225.7,7.98,-88.2,11.8,0,4.09
1:05:30 PM,1/23/2026,260123-125510-112.bin,112,0,-0.16,-0.19,752,0.06,-0.13,151.8,252.8,164,0.12,256.2,11.719,11.73,16.669,93,12.15,96.3,37.89787,-90.6432,269.9,225.7,7.98,-88.2,11.8,0,4.091
1:05:29 PM,1/23/2026,260123-125510-112.bin,112,0,-0.15,-0.28,752.1,0.04,-0.14,151.8,252.7,164,0.12,256.1,11.715,11.729,16.663,93,12.15,96.3,37.89786,-90.64319,269.9,225.7,7.98,-88.2,11.8,0,4.091
1:05:28 PM,1/23/2026,260123-125510-112.bin,112,0,-0.13,-0.28,752,0.02,-0.15,151.7,252.6,164,0.12,256,11.69,11.691,16.627,93,12.15,96.3,37.89786,-90.64319,269.7,225.6,7.98,-88.2,11.8,0,4.091
1:05:27 PM,1/23/2026,260123-125510-112.bin,112,0,-0.11,-0.32,752,0.02,-0.14,151.8,252.7,164,0.12,256.1,11.652,11.67,16.574,93,12.15,96.2,37.89785,-90.64319,270,225.6,7.98,-88.3,11.8,0,4.09
1:05:26 PM,1/23/2026,260123-125510-112.bin,112,0,-0.12,-0.44,752.1,0.01,-0.13,151.8,252.7,164,0.12,256.1,11.628,11.657,16.54,93,12.15,96.2,37.89785,-90.64319,268.9,225.5,7.98,-88.3,11.8,0,4.09
1:05:25 PM,1/23/2026,260123-125510-112.bin,112,0,-0.15,-0.28,752,0.01,-0.13,151.8,252.7,164,0.12,256,11.597,11.632,16.495,93,12.15,96.3,37.89785,-90.64319,268.8,225.5,7.98,-88.3,11.8,0,4.09
1:05:24 PM,1/23/2026,260123-125510-112.bin,112,0,-0.17,-0.3,752.1,0.01,-0.14,151.8,252.8,164,0.12,256.1,11.563,11.561,16.447,93,12.15,96.3,37.89785,-90.64319,269.5,225.5,7.98,-88.4,11.8,0,4.089
1:05:23 PM,1/23/2026,260123-125510-112.bin,112,0,-0.14,-0.3,752.1,0,-0.14,151.7,252.6,164,0.12,256,11.52,11.531,16.387,93,12.15,96.3,37.89785,-90.64318,269.8,225.4,7.99,-88.4,11.8,0,4.089
1:05:22 PM,1/23/2026,260123-125510-112.bin,112,0,-0.14,-0.36,752,0.02,-0.11,151.7,252.6,164,0.12,255.9,11.488,11.522,16.341,93,12.15,96.3,37.89785,-90.64318,270.4,225.4,7.99,-88.4,11.8,0,4.09
1:05:21 PM,1/23/2026,260123-125510-112.bin,112,0,-0.15,-0.33,752,0.05,-0.11,151.8,252.8,164,0.12,256.2,11.477,11.495,16.325,93,12.15,96.3,37.89785,-90.64318,270,225.3,7.99,-88.5,11.8,0,4.089
1:05:20 PM,1/23/2026,260123-125510-112.bin,112,0,-0.15,-0.43,752,0.05,-0.09,151.9,253,164,0.12,256.3,11.451,11.474,16.288,93,12.15,96.3,37.89785,-90.64318,269.7,225.3,7.99,-88.5,11.8,0,4.089
1:05:19 PM,1/23/2026,260123-125510-112.bin,112,0,-0.12,-0.43,752,0.03,-0.13,151.9,252.9,164,0.12,256.2,11.406,11.43,16.224,93,12.15,96.3,37.89785,-90.64318,269.5,225.3,7.99,-88.5,11.8,0,4.088
1:05:18 PM,1/23/2026,260123-125510-112.bin,112,0,-0.14,-0.35,752,0.03,-0.15,152,253.1,164,0.12,256.4,11.368,11.401,16.17,93,12.15,96.3,37.89785,-90.64319,269,225.2,7.99,-88.6,11.8,0,4.088
1:05:17 PM,1/23/2026,260123-125510-112.bin,112,0,-0.16,-0.39,752,0.02,-0.13,151.9,253,164,0.12,256.3,11.328,11.373,16.113,93,12.15,96.3,37.89785,-90.64319,269.5,225.2,7.99,-88.6,11.8,0,4.088
1:05:16 PM,1/23/2026,260123-125510-112.bin,112,0,-0.15,-0.33,752,0,-0.11,151.8,252.7,164,0.12,256.1,11.297,11.308,16.069,93,12.15,96.3,37.89785,-90.64319,269.8,225.1,7.99,-88.6,11.8,0,4.088
1:05:15 PM,1/23/2026,260123-125510-112.bin,112,0,-0.13,-0.26,752,0,-0.13,151.7,252.6,164,0.12,256,11.261,11.274,16.017,92.9,12.15,96.2,37.89785,-90.64318,270.3,225.1,7.99,-88.7,11.8,0,4.088
1:05:14 PM,1/23/2026,260123-125510-112.bin,112,0,-0.12,-0.36,752,0.02,-0.12,151.8,252.7,164,0.12,256.1,11.237,11.262,15.984,93,12.15,96.3,37.89785,-90.64318,270.6,225.1,7.99,-88.7,11.8,0,4.086
1:05:13 PM,1/23/2026,260123-125510-112.bin,112,0,-0.13,-0.38,752,0.02,-0.13,151.9,252.9,164,0.12,256.2,11.209,11.216,15.943,93,12.16,96.3,37.89785,-90.64318,270.9,225,7.99,-88.7,11.8,0,4.084
1:05:12 PM,1/23/2026,260123-125510-112.bin,112,0,-0.13,-0.41,752,-0.01,-0.15,151.9,252.9,164,0.12,256.3,11.192,11.193,15.92,93,12.15,96.3,37.89786,-90.64318,272.1,225,7.99,-88.7,11.8,0,4.084
1:05:11 PM,1/23/2026,260123-125510-112.bin,112,0,-0.17,-0.41,752,0,-0.14,151.9,252.9,164,0.12,256.3,11.162,11.184,15.878,93,12.15,96.3,37.89785,-90.64318,271.7,224.9,7.99,-88.8,11.8,0,4.084
1:05:10 PM,1/23/2026,260123-125510-112.bin,112,0,-0.17,-0.38,752,0.02,-0.14,151.8,252.8,164,0.12,256.1,11.127,11.151,15.827,93,12.15,96.3,37.89785,-90.64318,272.1,224.9,7.99,-88.8,11.8,0,4.084
1:05:09 PM,1/23/2026,260123-125510-112.bin,112,0,-0.14,-0.39,752,0,-0.13,151.8,252.8,164,0.12,256.1,11.089,11.082,15.773,93,12.15,96.3,37.89786,-90.64318,272.6,224.9,7.99,-88.8,11.8,0,4.085
1:05:08 PM,1/23/2026,260123-125510-112.bin,112,0,-0.17,-0.42,752,0.04,-0.14,151.8,252.9,164,0.12,256.2,11.094,11.112,15.78,93,12.16,96.3,37.89786,-90.64318,273.1,224.8,7.99,-88.9,11.8,0,4.085
1:05:07 PM,1/23/2026,260123-125510-112.bin,112,0,-0.19,-0.46,752,0.03,-0.12,151.9,252.9,164,0.12,256.2,11.054,11.077,15.723,93,12.15,96.3,37.89786,-90.64318,272.5,224.8,7.99,-88.9,11.8,0,4.084
1:05:06 PM,1/23/2026,260123-125510-112.bin,112,0,-0.18,-0.35,752,0.03,-0.11,151.8,252.8,164,0.12,256.2,11.041,11.057,15.705,93,12.15,96.3,37.89786,-90.64318,272.1,224.8,7.99,-88.9,11.8,0,4.084
1:05:05 PM,1/23/2026,260123-125510-112.bin,112,0,-0.17,-0.29,752,0.02,-0.13,151.8,252.7,164,0.12,256.1,11.028,11.038,15.686,93,12.15,96.3,37.89788,-90.64319,271.8,224.7,7.99,-88.9,11.8,0,4.084
1:05:04 PM,1/23/2026,260123-125510-112.bin,112,0,-0.16,-0.39,752,0.01,-0.13,151.8,252.8,164,0.12,256.2,10.999,11.019,15.645,93,12.15,96.3,37.89788,-90.64319,271,224.7,8,-89,11.8,0,4.084
1:05:03 PM,1/23/2026,260123-125510-112.bin,112,0,-0.14,-0.41,752.1,0.01,-0.11,151.8,252.9,164,0.12,256.2,10.984,11.007,15.624,92.9,12.15,96.2,37.89788,-90.64319,270.9,224.6,8,-89,11.8,0,4.084
1:05:02 PM,1/23/2026,260123-125510-112.bin,112,0,-0.14,-0.31,752,0,-0.13,151.7,252.6,164,0.12,255.9,10.912,10.924,15.521,93,12.15,96.3,37.89787,-90.64319,271.8,224.6,8,-89,11.8,0,4.084
1:05:01 PM,1/23/2026,260123-125510-112.bin,112,0,-0.17,-0.3,752.1,0.01,-0.19,151.7,252.6,164,0.12,256,10.915,10.912,15.526,93,12.16,96.3,37.89787,-90.64319,272,224.5,8,-89.1,11.8,0,4.083
1:05:00 PM,1/23/2026,260123-125510-112.bin,112,0,-0.17,-0.34,752,0.01,-0.15,151.7,252.7,164,0.12,256,10.919,10.926,15.531,93,12.15,96.2,37.89787,-90.64319,272.3,224.5,8,-89.1,11.8,0,4.082
1:04:59 PM,1/23/2026,260123-125510-112.bin,112,0,-0.16,-0.33,752,0.04,-0.1,151.8,252.8,164,0.12,256.1,10.885,10.898,15.483,92.9,12.15,96.2,37.89787,-90.64319,272.8,224.5,8,-89.1,11.8,0,4.081
1:04:58 PM,1/23/2026,260123-125510-112.bin,112,0,-0.15,-0.36,752,0.06,-0.12,151.8,252.7,164,0.12,256.1,10.838,10.851,15.416,93,12.15,96.3,37.89787,-90.64319,274,224.4,8,-89.2,11.8,0,4.082
1:04:57 PM,1/23/2026,260123-125510-112.bin,112,0,-0.13,-0.37,752,0.03,-0.12,151.8,252.8,164,0.12,256.1,10.845,10.812,15.426,93,12.15,96.3,37.89787,-90.6432,274.1,224.4,8,-89.2,11.8,0,4.081
1:04:56 PM,1/23/2026,260123-125510-112.bin,112,0,-0.14,-0.39,752,0.01,-0.13,151.8,252.9,164,0.12,256.2,10.834,10.847,15.411,93,12.15,96.2,37.89787,-90.6432,274.5,224.3,8,-89.2,11.8,0,4.082
1:04:55 PM,1/23/2026,260123-125510-112.bin,112,0,-0.15,-0.38,752.1,0.01,-0.16,151.8,252.8,164,0.12,256.1,10.797,10.818,15.357,93,12.15,96.2,37.89787,-90.6432,274.1,224.3,8,-89.3,11.8,0,4.082
1:04:54 PM,1/23/2026,260123-125510-112.bin,112,0,-0.11,-0.34,752,0.02,-0.13,151.8,252.8,164,0.12,256.1,10.778,10.776,15.331,93,12.15,96.3,37.89787,-90.6432,273.4,224.2,8,-89.3,11.8,0,4.081
1:04:53 PM,1/23/2026,260123-125510-112.bin,112,0,-0.11,-0.34,752,0,-0.12,151.9,253,164,0.12,256.4,10.75,10.752,15.291,93,12.15,96.2,37.89787,-90.6432,273.6,224.2,8,-89.3,11.8,0,4.081
1:04:52 PM,1/23/2026,260123-125510-112.bin,112,0,-0.14,-0.3,752.1,-0.01,-0.13,152,253.1,164,0.12,256.4,10.733,10.754,15.267,93,12.15,96.2,37.89787,-90.6432,273.5,224.2,8,-89.3,11.8,0,4.082
1:04:51 PM,1/23/2026,260123-125510-112.bin,112,0,-0.14,-0.26,752,0,-0.12,151.8,252.8,164,0.12,256.2,10.687,10.742,15.201,93,12.15,96.2,37.89787,-90.6432,273.8,224.2,8,-89.3,11.8,0,4.082
1:04:50 PM,1/23/2026,260123-125510-112.bin,112,0,-0.12,-0.33,752,0.02,-0.16,151.7,252.6,164,0.12,255.9,10.598,10.604,15.075,92.9,12.15,96.2,37.89787,-90.6432,273.7,224.2,8,-89.3,11.8,0,4.083
1:04:49 PM,1/23/2026,260123-125510-112.bin,112,0,-0.13,-0.41,752,0.04,-0.15,151.6,252.6,164,0.12,255.9,10.576,10.573,15.043,92.9,12.15,96.2,37.89787,-90.6432,273,224.2,8,-89.2,11.8,0,4.082
1:04:48 PM,1/23/2026,260123-125510-112.bin,112,0,-0.14,-0.37,752,0.02,-0.12,151.7,252.7,164,0.12,256,10.537,10.549,14.988,93,12.15,96.2,37.89787,-90.6432,273.1,224.2,8,-89.3,11.8,0,4.083
1:04:47 PM,1/23/2026,260123-125510-112.bin,112,0,-0.15,-0.25,752,0,-0.13,151.6,252.5,164,0.12,255.9,10.455,10.473,14.871,93,12.15,96.2,37.89787,-90.6432,273.4,224.2,8,-89.3,11.8,0,4.083
1:04:46 PM,1/23/2026,260123-125510-112.bin,112,0,-0.16,-0.26,752,0.01,-0.14,151.6,252.5,164,0.12,255.8,10.387,10.392,14.775,93,12.15,96.2,37.89787,-90.6432,272.9,224.1,8,-89.3,11.8,0,4.082
1:04:45 PM,1/23/2026,260123-125510-112.bin,112,0,-0.17,-0.35,752.1,0.03,-0.12,151.7,252.6,164,0.12,256,10.361,10.354,14.738,93,12.15,96.3,37.89787,-90.6432,272.5,224.1,8,-89.3,11.8,0,4.083
1:04:44 PM,1/23/2026,260123-125510-112.bin,112,0,-0.18,-0.45,752,0.04,-0.13,151.8,252.8,164,0.12,256.2,10.355,10.377,14.729,93,12.15,96.3,37.89787,-90.6432,272.2,224.1,8,-89.3,11.8,0,4.084
1:04:43 PM,1/23/2026,260123-125510-112.bin,112,0,-0.14,-0.43,752,0.05,-0.13,151.9,252.9,164,0.12,256.3,10.265,10.286,14.602,93,12.15,96.2,37.89787,-90.6432,272.1,224,8,-89.3,11.8,0,4.084
1:04:42 PM,1/23/2026,260123-125510-112.bin,112,0,-0.14,-0.3,752.1,0.04,-0.12,151.9,252.9,164,0.12,256.2,10.242,10.254,14.568,93,12.15,96.3,37.89787,-90.6432,272,224,8,-89.4,11.8,0,4.086
1:04:41 PM,1/23/2026,260123-125510-112.bin,112,0,-0.16,-0.28,752,0.01,-0.11,151.9,252.9,164,0.12,256.2,10.185,10.2,14.488,93,12.15,96.3,37.89787,-90.6432,272,224,8,-89.4,11.8,0,4.087
1:04:40 PM,1/23/2026,260123-125510-112.bin,112,0,-0.18,-0.24,752,-0.02,-0.09,151.9,252.9,164,0.12,256.3,10.166,10.182,14.461,93,12.15,96.2,37.89787,-90.6432,271.7,223.9,8,-89.4,11.8,0,4.088
1:04:39 PM,1/23/2026,260123-125510-112.bin,112,0,-0.17,-0.31,752,0,-0.08,151.8,252.8,164,0.12,256.2,10.175,10.19,14.473,93,12.15,96.3,37.89787,-90.64319,272.2,223.9,8,-89.5,11.8,0,4.09
1:04:38 PM,1/23/2026,260123-125510-112.bin,112,0,-0.13,-0.44,752,0.01,-0.09,151.7,252.6,164,0.12,256,10.122,10.125,14.397,93,12.15,96.3,37.89787,-90.64319,272.2,223.9,8,-89.5,11.8,0,4.09
1:04:37 PM,1/23/2026,260123-125510-112.bin,112,0,-0.13,-0.35,752,0.01,-0.12,151.6,252.5,164,0.12,255.8,10.116,10.082,14.389,93,12.15,96.3,37.89787,-90.64319,271.9,223.8,8.01,-89.5,11.8,0,4.089
1:04:36 PM,1/23/2026,260123-125510-112.bin,112,0,-0.13,-0.29,752,0.03,-0.13,151.6,252.5,164,0.12,255.8,10.137,10.151,14.419,93,12.15,96.3,37.89787,-90.64319,271.7,223.8,8.01,-89.6,11.8,0,4.089
1:04:35 PM,1/23/2026,260123-125510-112.bin,112,0,-0.15,-0.34,752,0.04,-0.12,151.7,252.6,164,0.12,255.9,10.117,10.15,14.391,93,12.15,96.3,37.89787,-90.64318,271.5,223.7,8.01,-89.6,11.8,0,4.089
1:04:34 PM,1/23/2026,260123-125510-112.bin,112,0,-0.18,-0.33,752,0.03,-0.14,151.8,252.7,164,0.12,256.1,10.113,10.095,14.385,93,12.15,96.2,37.89787,-90.64318,271.6,223.7,8.01,-89.6,11.8,0,4.089
1:04:33 PM,1/23/2026,260123-125510-112.bin,112,0,-0.17,-0.26,752,0.02,-0.13,151.9,252.9,164,0.12,256.3,10.099,10.075,14.365,93,12.15,96.3,37.89787,-90.64318,271.7,223.6,8.01,-89.7,11.8,0,4.089
1:04:32 PM,1/23/2026,260123-125510-112.bin,112,0,-0.15,-0.21,752,0.02,-0.12,151.9,253,164,0.12,256.3,10.109,10.115,14.379,93,12.15,96.3,37.89786,-90.64317,271.8,223.6,8.01,-89.7,11.8,0,4.089
1:04:31 PM,1/23/2026,260123-125510-112.bin,112,0,-0.13,-0.48,752,0.04,-0.15,151.8,252.8,164,0.12,256.2,10.075,10.109,14.331,93,12.15,96.3,37.89786,-90.64317,271.7,223.6,8.01,-89.7,11.8,0,4.089
1:04:30 PM,1/23/2026,260123-125510-112.bin,112,0,-0.12,-0.5,752,0.02,-0.15,151.9,252.9,164,0.12,256.3,10.066,10.045,14.318,93,12.16,96.3,37.89786,-90.64317,271.7,223.6,8.01,-89.7,11.8,0,4.09
1:04:29 PM,1/23/2026,260123-125510-112.bin,112,0,-0.13,-0.32,752,0.02,-0.16,151.9,252.9,164,0.12,256.3,10.065,10.04,14.316,93,12.15,96.3,37.89785,-90.64317,271.9,223.5,8.01,-89.8,11.8,0,4.09
1:04:28 PM,1/23/2026,260123-125510-112.bin,112,0,-0.12,-0.33,752,0.02,-0.14,151.9,252.8,164,0.12,256.2,10.08,10.089,14.337,93,12.15,96.3,37.89785,-90.64317,272,223.5,8.01,-89.8,11.8,0,4.09
1:04:27 PM,1/23/2026,260123-125510-112.bin,112,0,-0.12,-0.26,752,0.02,-0.15,151.8,252.7,164,0.12,256.1,10.045,10.082,14.288,93,12.15,96.3,37.89785,-90.64317,272.1,223.5,8.01,-89.8,11.8,0,4.09
1:04:26 PM,1/23/2026,260123-125510-112.bin,112,0,-0.15,-0.26,752,0.01,-0.12,151.8,252.7,164,0.12,256,10.027,10.015,14.262,93,12.15,96.3,37.89785,-90.64317,272.1,223.4,8.01,-89.8,11.8,0,4.09
1:04:25 PM,1/23/2026,260123-125510-112.bin,112,0,-0.15,-0.35,752,0.01,-0.13,151.7,252.6,164,0.12,256,10.009,9.978,14.236,93,12.15,96.3,37.89785,-90.64317,272.2,223.4,8.01,-89.8,11.8,0,4.09
1:04:24 PM,1/23/2026,260123-125510-112.bin,112,0,-0.13,-0.41,752,0.04,-0.16,151.7,252.6,164,0.12,255.9,10.026,10.04,14.261,93,12.15,96.3,37.89785,-90.64317,272,223.4,8.01,-89.9,11.8,0,4.09
1:04:23 PM,1/23/2026,260123-125510-112.bin,112,0,-0.16,-0.32,752,0.01,-0.16,151.7,252.6,164,0.12,256,9.994,10.029,14.215,93,12.15,96.3,37.89785,-90.64317,271.8,223.3,8.01,-89.9,11.8,0,4.09
1:04:22 PM,1/23/2026,260123-125510-112.bin,112,0,-0.19,-0.29,752,0,-0.15,151.8,252.7,164,0.12,256.1,9.982,9.968,14.199,93,12.15,96.3,37.89785,-90.64317,271.7,223.3,8.01,-89.9,11.8,0,4.091
1:04:21 PM,1/23/2026,260123-125510-112.bin,112,0,-0.19,-0.37,752,0.01,-0.16,151.8,252.7,164,0.12,256,9.962,9.955,14.17,93,12.15,96.3,37.89785,-90.64317,271.7,223.3,8.01,-89.9,11.8,0,4.091
1:04:20 PM,1/23/2026,260123-125510-112.bin,112,0,-0.16,-0.42,752,0.01,-0.16,151.7,252.6,164,0.12,256,9.951,9.98,14.154,93,12.15,96.3,37.89785,-90.64316,271.7,223.2,8.01,-89.9,11.8,0,4.091
1:04:19 PM,1/23/2026,260123-125510-112.bin,112,0,-0.15,-0.41,752,0.04,-0.15,151.7,252.6,164,0.12,256,9.932,9.957,14.128,93,12.15,96.3,37.89785,-90.64316,271.6,223.2,8.01,-89.9,11.8,0,4.091
1:04:18 PM,1/23/2026,260123-125510-112.bin,112,0,-0.14,-0.39,752,0.03,-0.16,151.7,252.6,164,0.12,256,9.912,9.904,14.099,93,12.15,96.3,37.89784,-90.64316,271.6,223.2,8.01,-89.9,11.8,0,4.091
1:04:17 PM,1/23/2026,260123-125510-112.bin,112,0,-0.11,-0.37,752,0.01,-0.14,151.8,252.7,164,0.12,256.1,9.874,9.868,14.045,93,12.16,96.3,37.89784,-90.64316,271.6,223.2,8.01,-90,11.8,0,4.091
1:04:16 PM,1/23/2026,260123-125510-112.bin,112,0,-0.12,-0.33,752,0.02,-0.15,151.8,252.7,164,0.12,256.1,9.862,9.89,14.028,93,12.16,96.3,37.89784,-90.64316,271.7,223.2,8.01,-90,11.8,0,4.091
1:04:15 PM,1/23/2026,260123-125510-112.bin,112,0,-0.12,-0.34,752,0.02,-0.15,151.8,252.7,164,0.12,256.1,9.823,9.856,13.973,93,12.16,96.3,37.89784,-90.64316,271.6,223.2,8.01,-90,11.8,0,4.091
1:04:14 PM,1/23/2026,260123-125510-112.bin,112,0,-0.11,-0.37,752,0.01,-0.12,151.8,252.8,164,0.12,256.1,9.799,9.79,13.938,93,12.16,96.3,37.89783,-90.64315,271.5,223.2,8.01,-90,11.8,0,4.091
1:04:13 PM,1/23/2026,260123-125510-112.bin,112,0,-0.14,-0.41,752,0.01,-0.14,151.8,252.8,164,0.12,256.1,9.785,9.765,13.918,93,12.16,96.3,37.89783,-90.64315,271.5,223.2,8.01,-90,11.8,0,4.09
1:04:12 PM,1/23/2026,260123-125510-112.bin,112,0,-0.16,-0.35,752,0,-0.12,151.8,252.7,164,0.12,256.1,9.777,9.806,13.907,93,12.16,96.3,37.89783,-90.64315,271.5,223.1,8.01,-90,11.8,0,4.089
1:04:11 PM,1/23/2026,260123-125510-112.bin,112,0,-0.15,-0.26,752,0.02,-0.12,151.7,252.6,164,0.12,256,9.76,9.778,13.882,93,12.16,96.3,37.89783,-90.64315,271.5,223.1,8.01,-90,11.8,0,4.088
1:04:10 PM,1/23/2026,260123-125510-112.bin,112,0,-0.16,-0.32,752,0.04,-0.1,151.8,252.8,164,0.12,256.2,9.752,9.739,13.871,93,12.16,96.3,37.89783,-90.64315,271.6,223.1,8.01,-90,11.8,0,4.087
1:04:09 PM,1/23/2026,260123-125510-112.bin,112,0,-0.17,-0.22,752,0,-0.12,151.8,252.7,164,0.12,256,9.74,9.73,13.854,93,12.16,96.3,37.89783,-90.64314,271.7,223.1,8.01,-90,11.8,0,4.087
1:04:08 PM,1/23/2026,260123-125510-112.bin,112,0,-0.16,-0.1,752,0.02,-0.11,151.7,252.5,164,0.12,255.9,9.728,9.754,13.838,93,12.15,96.3,37.89783,-90.64314,271.7,223.1,8.01,-90,11.8,0,4.087
1:04:07 PM,1/23/2026,260123-125510-112.bin,112,0,-0.13,-0.22,752.1,0.03,-0.09,151.8,252.7,164,0.12,256.1,9.716,9.736,13.82,93,12.16,96.3,37.89783,-90.64314,271.6,223,8.01,-90,11.8,0,4.087
1:04:06 PM,1/23/2026,260123-125510-112.bin,112,0,-0.16,-0.21,752,0.01,-0.1,151.8,252.7,164,0.12,256.1,9.708,9.695,13.808,93,12.16,96.3,37.89783,-90.64314,271.7,223,8.02,-90.1,11.8,0,4.087
1:04:05 PM,1/23/2026,260123-125510-112.bin,112,0,-0.19,-0.31,752,0,-0.12,151.7,252.6,164,0.12,255.9,9.694,9.682,13.789,93,12.15,96.3,37.89783,-90.64314,271.7,222.9,8.02,-90.1,11.8,0,4.087
1:04:04 PM,1/23/2026,260123-125510-112.bin,112,0,-0.16,-0.36,752,0.01,-0.13,151.7,252.7,164,0.12,256,9.684,9.706,13.775,93,12.16,96.3,37.89783,-90.64314,271.6,222.9,8.02,-90.1,11.8,0,4.087
1:04:03 PM,1/23/2026,260123-125510-112.bin,112,0,-0.15,-0.28,752,0.03,-0.15,151.8,252.8,164,0.12,256.1,9.669,9.662,13.753,93,12.16,96.3,37.89783,-90.64314,271.6,222.9,8.02,-90.1,11.8,0,4.087
1:04:02 PM,1/23/2026,260123-125510-112.bin,112,0,-0.17,-0.32,752,0.02,-0.15,151.8,252.7,164,0.12,256.1,9.655,9.652,13.734,93,12.16,96.3,37.89783,-90.64314,271.7,222.9,8.02,-90.2,11.8,0,4.087
1:04:01 PM,1/23/2026,260123-125510-112.bin,112,0,-0.15,-0.27,752,0.02,-0.13,151.8,252.7,164,0.12,256.1,9.635,9.63,13.705,93,12.15,96.3,37.89783,-90.64314,271.8,222.8,8.02,-90.2,11.8,0,4.087
1:04:00 PM,1/23/2026,260123-125510-112.bin,112,0,-0.15,-0.2,752,0.02,-0.13,151.7,252.7,164,0.12,256,9.634,9.66,13.704,93,12.15,96.3,37.89783,-90.64314,271.8,222.8,8.02,-90.2,11.8,0,4.086
1:03:59 PM,1/23/2026,260123-125510-112.bin,112,0,-0.14,-0.28,752,0.02,-0.12,151.8,252.7,164,0.12,256.1,9.618,9.645,13.681,93,12.16,96.3,37.89783,-90.64313,271.9,222.7,8.02,-90.2,11.8,0,4.085
1:03:58 PM,1/23/2026,260123-125510-112.bin,112,0,-0.15,-0.3,752,0.03,-0.14,151.8,252.9,164,0.12,256.2,9.594,9.618,13.646,93,12.15,96.3,37.89783,-90.64313,271.8,222.7,8.02,-90.2,11.8,0,4.086
1:03:57 PM,1/23/2026,260123-125510-112.bin,112,0,-0.16,-0.37,751.9,0.05,-0.13,151.7,252.7,164,0.12,256,9.575,9.573,13.62,93,12.15,96.2,37.89783,-90.64313,271.8,222.7,8.02,-90.3,11.8,0,4.086
1:03:56 PM,1/23/2026,260123-125510-112.bin,112,0,-0.16,-0.37,752,0,-0.16,151.6,252.5,164,0.12,255.8,9.57,9.585,13.612,93,12.15,96.3,37.89783,-90.64313,271.7,222.6,8.02,-90.3,11.8,0,4.087
1:03:55 PM,1/23/2026,260123-125510-112.bin,112,0,-0.13,-0.28,752,0.01,-0.16,151.6,252.5,164,0.12,255.8,9.541,9.571,13.571,93,12.15,96.3,37.89783,-90.64313,271.7,222.6,8.02,-90.3,11.8,0,4.087
1:03:54 PM,1/23/2026,260123-125510-112.bin,112,0,-0.13,-0.25,752,0.01,-0.13,151.7,252.6,164,0.12,256,9.525,9.517,13.548,93,12.15,96.3,37.89783,-90.64313,271.8,222.6,8.02,-90.3,11.8,0,4.087
1:03:53 PM,1/23/2026,260123-125510-112.bin,112,0,-0.15,-0.42,752,0.03,-0.1,151.8,252.7,164,0.12,256,9.497,9.496,13.508,93,12.15,96.3,37.89783,-90.64312,271.9,222.5,8.02,-90.4,11.8,0,4.088
1:03:52 PM,1/23/2026,260123-125510-112.bin,112,0,-0.17,-0.45,752,0.05,-0.14,151.8,252.7,164,0.12,256.1,9.485,9.496,13.491,93,12.15,96.3,37.89783,-90.64312,272,222.5,8.02,-90.4,11.8,0,4.088
1:03:51 PM,1/23/2026,260123-125510-112.bin,112,0,-0.15,-0.42,752,0.06,-0.14,151.7,252.7,164,0.12,256,9.468,9.498,13.467,93,12.15,96.3,37.89783,-90.64313,272.1,222.4,8.02,-90.4,11.8,0,4.088
1:03:50 PM,1/23/2026,260123-125510-112.bin,112,0,-0.14,-0.47,752,0.05,-0.14,151.7,252.6,164,0.12,256,9.452,9.44,13.444,93,12.15,96.3,37.89783,-90.64313,272.2,222.4,8.02,-90.4,11.8,0,4.088
1:03:49 PM,1/23/2026,260123-125510-112.bin,112,0,-0.13,-0.43,752,0.03,-0.14,151.8,252.7,164,0.12,256.1,9.432,9.431,13.416,93,12.15,96.3,37.89783,-90.64313,272.1,222.4,8.02,-90.5,11.8,0,4.087
1:03:48 PM,1/23/2026,260123-125510-112.bin,112,0,-0.12,-0.39,752,0.02,-0.14,151.9,252.9,164,0.12,256.2,9.414,9.441,13.391,93,12.15,96.2,37.89783,-90.64313,272.3,222.3,8.02,-90.5,11.8,0,4.087
1:03:47 PM,1/23/2026,260123-125510-112.bin,112,0,-0.17,-0.33,752,0,-0.13,151.8,252.8,164,0.12,256.1,9.401,9.418,13.372,92.9,12.15,96.2,37.89783,-90.64313,272.4,222.3,8.02,-90.5,11.8,0,4.087
1:03:46 PM,1/23/2026,260123-125510-112.bin,112,0,-0.19,-0.31,751.9,0.01,-0.11,151.7,252.6,164,0.12,256,9.386,9.384,13.35,92.9,12.14,96.2,37.89783,-90.64313,272.5,222.3,8.02,-90.5,11.8,0,4.087
1:03:45 PM,1/23/2026,260123-125510-112.bin,112,0,-0.18,-0.24,752,0.02,-0.11,151.7,252.7,164,0.12,256,9.357,9.357,13.309,93,12.15,96.2,37.89783,-90.64313,272.6,222.2,8.02,-90.6,11.8,0,4.088
1:03:44 PM,1/23/2026,260123-125510-112.bin,112,0,-0.17,-0.26,752,0.01,-0.12,151.7,252.6,164,0.12,255.9,9.338,9.365,13.282,93,12.15,96.3,37.89783,-90.64313,272.7,222.2,8.02,-90.6,11.8,0,4.088
1:03:43 PM,1/23/2026,260123-125510-112.bin,112,0,-0.14,-0.31,752,0.02,-0.13,151.7,252.5,164,0.12,255.9,9.326,9.351,13.265,93,12.15,96.2,37.89783,-90.64313,272.8,222.1,8.02,-90.6,11.8,0,4.087
1:03:42 PM,1/23/2026,260123-125510-112.bin,112,0,-0.13,-0.28,752,0.03,-0.13,151.7,252.5,164,0.12,255.9,9.318,9.312,13.253,93,12.15,96.2,37.89783,-90.64313,272.7,222.1,8.03,-90.7,11.8,0,4.087
1:03:41 PM,1/23/2026,260123-125510-112.bin,112,0,-0.15,-0.25,752,0.03,-0.11,151.8,252.7,164,0.12,256.1,9.28,9.306,13.2,93,12.15,96.2,37.89784,-90.64314,272.9,222,8.03,-90.7,11.8,0,4.088
1:03:40 PM,1/23/2026,260123-125510-112.bin,112,0,-0.17,-0.38,752,0.04,-0.12,151.7,252.6,164,0.12,256,9.251,9.279,13.159,93,12.15,96.3,37.89784,-90.64314,272.9,222,8.03,-90.7,11.8,0,4.089
1:03:39 PM,1/23/2026,260123-125510-112.bin,112,0,-0.19,-0.45,752,0.07,-0.13,151.8,252.7,164,0.12,256,9.215,9.222,13.108,93,12.15,96.2,37.89784,-90.64314,272.9,222,8.03,-90.8,11.8,0,4.089
1:03:38 PM,1/23/2026,260123-125510-112.bin,112,0,-0.19,-0.42,752,0.06,-0.11,151.9,252.9,164,0.12,256.2,9.207,9.207,13.096,93,12.15,96.2,37.89784,-90.64314,272.9,221.9,8.03,-90.8,11.8,0,4.088
1:03:37 PM,1/23/2026,260123-125510-112.bin,112,0,-0.14,-0.39,752,0.03,-0.13,151.8,252.8,164,0.12,256.1,9.172,9.17,13.046,93,12.15,96.3,37.89784,-90.64314,273,221.9,8.03,-90.8,11.8,0,4.088
1:03:36 PM,1/23/2026,260123-125510-112.bin,112,0,-0.12,-0.39,752,0.03,-0.14,151.8,252.7,164,0.12,256.1,9.161,9.174,13.031,93,12.15,96.3,37.89784,-90.64314,273.1,221.8,8.03,-90.8,11.8,0,4.088
1:03:35 PM,1/23/2026,260123-125510-112.bin,112,0,-0.14,-0.49,752,0.03,-0.11,151.8,252.7,164,0.12,256,9.127,9.158,12.982,93,12.15,96.2,37.89784,-90.64314,273,221.8,8.03,-90.8,11.8,0,4.088
1:03:34 PM,1/23/2026,260123-125510-112.bin,112,0,-0.16,-0.32,752,0.05,-0.15,151.7,252.5,164,0.12,255.9,9.105,9.103,12.951,93,12.15,96.2,37.89784,-90.64314,273.1,221.8,8.03,-90.9,11.8,0,4.087
1:03:33 PM,1/23/2026,260123-125510-112.bin,112,0,-0.16,-0.31,752,0.03,-0.14,151.7,252.6,164,0.12,256,9.109,9.137,12.957,93,12.15,96.2,37.89784,-90.64314,273.1,221.7,8.03,-90.9,11.8,0,4.087
1:03:32 PM,1/23/2026,260123-125510-112.bin,112,0,-0.15,-0.41,752,0.04,-0.1,151.8,252.8,164,0.12,256.2,9.054,9.084,12.879,93,12.15,96.2,37.89784,-90.64314,273.1,221.7,8.03,-90.9,11.8,0,4.087
1:03:31 PM,1/23/2026,260123-125510-112.bin,112,0,-0.11,-0.39,752,0.06,-0.11,151.8,252.7,164,0.12,256.1,9.035,9.033,12.852,93,12.15,96.2,37.89784,-90.64314,273.2,221.6,8.03,-91,11.8,0,4.087
1:03:30 PM,1/23/2026,260123-125510-112.bin,112,0,-0.1,-0.38,752,0.04,-0.13,151.8,252.8,164,0.12,256.2,9.021,9.035,12.832,93,12.15,96.2,37.89784,-90.64314,273,221.6,8.03,-91,11.8,0,4.087
1:03:29 PM,1/23/2026,260123-125510-112.bin,112,0,-0.14,-0.35,752,0.01,-0.14,151.8,252.8,164,0.12,256.2,8.976,8.994,12.768,92.9,12.15,96.2,37.89784,-90.64314,272.9,221.6,8.03,-91,11.8,0,4.087
1:03:28 PM,1/23/2026,260123-125510-112.bin,112,0,-0.13,-0.3,752,0,-0.14,151.9,252.9,164,0.12,256.2,8.941,8.971,12.718,93,12.15,96.2,37.89784,-90.64314,273,221.5,8.03,-91,11.8,0,4.087
1:03:27 PM,1/23/2026,260123-125510-112.bin,112,0,-0.13,-0.33,752,0.02,-0.14,151.8,252.8,164,0.12,256.2,8.904,8.887,12.666,93,12.15,96.2,37.89784,-90.64314,273.2,221.5,8.03,-91,11.8,0,4.087
1:03:26 PM,1/23/2026,260123-125510-112.bin,112,0,-0.16,-0.39,752,0.01,-0.16,151.7,252.6,164,0.12,256,8.906,8.909,12.668,93,12.15,96.2,37.89784,-90.64313,273.5,221.5,8.03,-91.1,11.8,0,4.087
1:03:25 PM,1/23/2026,260123-125510-112.bin,112,0,-0.14,-0.35,752,-0.01,-0.17,151.8,252.7,164,0.12,256.1,8.882,8.907,12.633,93,12.15,96.2,37.89784,-90.64313,273.8,221.5,8.03,-91,11.8,0,4.087
1:03:24 PM,1/23/2026,260123-125510-112.bin,112,0,-0.12,-0.22,752,0.01,-0.11,151.9,252.9,164,0.12,256.2,8.87,8.883,12.616,93,12.15,96.3,37.89785,-90.64313,273.9,221.5,8.03,-91,11.8,0,4.086
1:03:23 PM,1/23/2026,260123-125510-112.bin,112,0,-0.14,-0.3,752,0.03,-0.12,151.9,252.9,164,0.12,256.3,8.831,8.859,12.561,93,12.15,96.3,37.89785,-90.64312,273.6,221.4,8.03,-91.1,11.8,0,4.086
1:03:22 PM,1/23/2026,260123-125510-112.bin,112,0,-0.13,-0.45,752,0,-0.11,151.9,252.9,164,0.12,256.2,8.813,8.813,12.535,93,12.15,96.3,37.89785,-90.64312,273.7,221.4,8.03,-91.1,11.8,0,4.085
1:03:21 PM,1/23/2026,260123-125510-112.bin,112,0,-0.15,-0.41,752,0,-0.1,151.9,252.9,164,0.12,256.2,8.817,8.847,12.542,93,12.15,96.3,37.89785,-90.64312,273.9,221.4,8.03,-91.1,11.8,0,4.085
1:03:20 PM,1/23/2026,260123-125510-112.bin,112,0,-0.17,-0.51,752,0.01,-0.13,151.9,252.9,164,0.12,256.2,8.781,8.804,12.491,93,12.15,96.2,37.89785,-90.64312,273.9,221.4,8.03,-91.1,11.8,0,4.086
1:03:19 PM,1/23/2026,260123-125510-112.bin,112,0,-0.15,-0.54,752,0,-0.14,151.8,252.9,164,0.12,256.2,8.781,8.778,12.491,93,12.15,96.2,37.89785,-90.64312,273.7,221.3,8.03,-91.1,11.8,0,4.086
1:03:18 PM,1/23/2026,260123-125510-112.bin,112,0,-0.16,-0.41,752,0.04,-0.14,151.8,252.8,164,0.12,256.2,8.765,8.772,12.468,93,12.15,96.3,37.89785,-90.64312,273,221.3,8.04,-91.2,11.8,0,4.085
1:03:17 PM,1/23/2026,260123-125510-112.bin,112,0,-0.13,-0.33,752,0.04,-0.16,151.8,252.8,164,0.12,256.2,8.749,8.764,12.444,93,12.15,96.2,37.89785,-90.64311,272.8,221.2,8.04,-91.2,11.8,0,4.085
1:03:16 PM,1/23/2026,260123-125510-112.bin,112,0,-0.09,-0.26,752,0.02,-0.18,151.8,252.8,164,0.12,256.2,8.711,8.729,12.39,92.9,12.15,96.2,37.89785,-90.64311,273,221.2,8.04,-91.2,11.8,0,4.086
1:03:15 PM,1/23/2026,260123-125510-112.bin,112,0,-0.13,-0.34,752,0.04,-0.15,151.8,252.8,164,0.12,256.2,8.675,8.656,12.339,92.9,12.15,96.2,37.89785,-90.64311,273.7,221.2,8.04,-91.2,11.8,0,4.086
1:03:14 PM,1/23/2026,260123-125510-112.bin,112,0,-0.12,-0.38,752,0.04,-0.13,151.8,252.8,164,0.12,256.1,8.699,8.705,12.374,92.9,12.15,96.2,37.89785,-90.64311,274,221.1,8.04,-91.3,11.8,0,4.087
1:03:13 PM,1/23/2026,260123-125510-112.bin,112,0,-0.13,-0.34,752,0.05,-0.15,151.9,252.9,164,0.12,256.2,8.681,8.704,12.348,93,12.15,96.3,37.89785,-90.64311,273.9,221.1,8.04,-91.3,11.8,0,4.087
1:03:12 PM,1/23/2026,260123-125510-112.bin,112,0,-0.13,-0.35,752,0.03,-0.15,151.9,253,164,0.12,256.3,8.645,8.653,12.296,93,12.15,96.3,37.89785,-90.64311,274.4,221.1,8.04,-91.3,11.8,0,4.087
1:03:11 PM,1/23/2026,260123-125510-112.bin,112,0,-0.11,-0.38,752,0.01,-0.14,151.9,252.8,164,0.12,256.2,8.605,8.6,12.24,93,12.15,96.3,37.89785,-90.64311,274.7,221,8.04,-91.4,11.8,0,4.089
1:03:10 PM,1/23/2026,260123-125510-112.bin,112,0,-0.12,-0.35,752,0,-0.15,151.8,252.7,164,0.12,256.1,8.594,8.595,12.224,93,12.15,96.3,37.89785,-90.64311,274.8,221,8.04,-91.4,11.8,0,4.089
1:03:09 PM,1/23/2026,260123-125510-112.bin,112,0,-0.15,-0.27,752,0,-0.16,151.8,252.7,164,0.12,256,8.596,8.617,12.227,93,12.15,96.3,37.89785,-90.64311,275.3,220.9,8.04,-91.4,11.8,0,4.089
1:03:08 PM,1/23/2026,260123-125510-112.bin,112,0,-0.18,-0.39,752,0,-0.16,151.7,252.5,164,0.12,255.9,8.553,8.559,12.166,93,12.15,96.3,37.89785,-90.64311,275.5,220.9,8.04,-91.4,11.8,0,4.09
1:03:07 PM,1/23/2026,260123-125510-112.bin,112,0,-0.18,-0.26,752,0.02,-0.13,151.7,252.5,164,0.12,255.9,8.536,8.518,12.141,93,12.15,96.3,37.89785,-90.64311,275.6,220.9,8.04,-91.4,11.8,0,4.09
1:03:06 PM,1/23/2026,260123-125510-112.bin,112,0,-0.14,-0.17,752,0.01,-0.11,151.7,252.7,164,0.12,256,8.542,8.552,12.151,93,12.15,96.3,37.89785,-90.64311,275.6,220.8,8.04,-91.5,11.8,0,4.089
1:03:05 PM,1/23/2026,260123-125510-112.bin,112,0,-0.13,-0.25,752,0.01,-0.13,151.7,252.6,164,0.12,256,8.507,8.549,12.101,93,12.16,96.3,37.89785,-90.64311,275.4,220.8,8.04,-91.5,11.8,0,4.09
1:03:04 PM,1/23/2026,260123-125510-112.bin,112,0,-0.16,-0.24,752,0.01,-0.15,151.8,252.7,164,0.12,256.1,8.493,8.472,12.081,93,12.16,96.3,37.89785,-90.64311,275.3,220.7,8.04,-91.5,11.8,0,4.089
1:03:03 PM,1/23/2026,260123-125510-112.bin,112,0,-0.17,-0.19,752,-0.02,-0.15,151.8,252.7,164,0.12,256.1,8.478,8.458,12.059,93,12.16,96.3,37.89785,-90.64311,275.3,220.7,8.04,-91.6,11.8,0,4.088
1:03:02 PM,1/23/2026,260123-125510-112.bin,112,0,-0.18,-0.23,752,-0.01,-0.12,151.7,252.7,164,0.12,256,8.491,8.497,12.078,93,12.15,96.2,37.89785,-90.64312,275.4,220.7,8.04,-91.6,11.8,0,4.088
1:03:01 PM,1/23/2026,260123-125510-112.bin,112,0,-0.2,-0.32,752,0.02,-0.13,151.8,252.7,164,0.12,256,8.479,8.503,12.061,93,12.15,96.3,37.89785,-90.64312,276.2,220.6,8.04,-91.6,11.8,0,4.089
1:03:00 PM,1/23/2026,260123-125510-112.bin,112,0,-0.21,-0.36,752,0.01,-0.14,151.9,252.9,164,0.12,256.2,8.432,8.43,11.993,93,12.15,96.3,37.89785,-90.64312,276.1,220.6,8.04,-91.6,11.8,0,4.089
1:02:59 PM,1/23/2026,260123-125510-112.bin,112,0,-0.18,-0.34,752,0.02,-0.14,151.9,253,164,0.12,256.3,8.383,8.384,11.924,93,12.16,96.3,37.89784,-90.64313,276.2,220.6,8.04,-91.7,11.8,0,4.089
1:02:58 PM,1/23/2026,260123-125510-112.bin,112,0,-0.16,-0.34,752,0.03,-0.13,151.9,252.9,164,0.12,256.2,8.395,8.395,11.941,93,12.15,96.3,37.89784,-90.64313,276.2,220.5,8.04,-91.7,11.8,0,4.088
1:02:57 PM,1/23/2026,260123-125510-112.bin,112,0,-0.14,-0.4,752,0.01,-0.13,151.8,252.8,164,0.12,256.1,8.388,8.412,11.931,93,12.15,96.3,37.89785,-90.64313,276.1,220.5,8.04,-91.7,11.8,0,4.088
1:02:56 PM,1/23/2026,260123-125510-112.bin,112,0,-0.14,-0.42,752,0.01,-0.14,151.8,252.8,164,0.12,256.1,8.349,8.348,11.876,93,12.15,96.3,37.89785,-90.64313,276,220.5,8.04,-91.7,11.8,0,4.088
1:02:55 PM,1/23/2026,260123-125510-112.bin,112,0,-0.14,-0.36,752,0.03,-0.14,151.8,252.7,164,0.12,256.1,8.325,8.311,11.841,93,12.16,96.3,37.89785,-90.64313,276,220.5,8.05,-91.7,11.8,0,4.088
1:02:54 PM,1/23/2026,260123-125510-112.bin,112,0,-0.11,-0.37,752,0.03,-0.13,151.8,252.7,164,0.12,256.1,8.327,8.344,11.844,93,12.16,96.3,37.89785,-90.64313,275.7,220.4,8.05,-91.8,11.8,0,4.088
1:02:53 PM,1/23/2026,260123-125510-112.bin,112,0,-0.13,-0.22,752,0.04,-0.15,151.9,252.9,164,0.12,256.2,8.287,8.317,11.787,93,12.15,96.3,37.89785,-90.64313,275.4,220.4,8.05,-91.8,11.8,0,4.088
1:02:52 PM,1/23/2026,260123-125510-112.bin,112,0,-0.17,-0.24,752,0.01,-0.15,151.9,252.9,164,0.12,256.3,8.271,8.264,11.765,93,12.16,96.3,37.89785,-90.64313,275.5,220.4,8.05,-91.8,11.8,0,4.087
1:02:51 PM,1/23/2026,260123-125510-112.bin,112,0,-0.16,-0.29,752,0.01,-0.13,151.9,252.9,164,0.12,256.2,8.253,8.239,11.739,93,12.15,96.3,37.89785,-90.64314,275.7,220.3,8.05,-91.8,11.8,0,4.088
1:02:50 PM,1/23/2026,260123-125510-112.bin,112,0,-0.14,-0.29,752,0.03,-0.13,151.8,252.7,164,0.12,256.1,8.252,8.266,11.738,93,12.16,96.3,37.89785,-90.64314,275.6,220.3,8.05,-91.8,11.8,0,4.088
1:02:49 PM,1/23/2026,260123-125510-112.bin,112,0,-0.14,-0.4,752,0.01,-0.11,151.8,252.7,164,0.12,256.1,8.217,8.256,11.687,93,12.16,96.3,37.89785,-90.64314,275.7,220.3,8.05,-91.9,11.8,0,4.088
1:02:48 PM,1/23/2026,260123-125510-112.bin,112,0,-0.16,-0.4,752,0.02,-0.14,151.8,252.8,164,0.12,256.1,8.189,8.177,11.647,93,12.16,96.3,37.89785,-90.64314,276,220.2,8.05,-91.9,11.8,0,4.088
1:02:47 PM,1/23/2026,260123-125510-112.bin,112,0,-0.15,-0.3,752,0.02,-0.18,151.8,252.8,164,0.12,256.1,8.155,8.142,11.599,93,12.16,96.3,37.89785,-90.64314,276.7,220.2,8.05,-91.9,11.8,0,4.089
1:02:46 PM,1/23/2026,260123-125510-112.bin,112,0,-0.14,-0.35,752,0.01,-0.11,151.8,252.8,164,0.12,256.2,8.154,8.17,11.598,93,12.16,96.3,37.89785,-90.64314,277.1,220.2,8.05,-92,11.8,0,4.088
1:02:45 PM,1/23/2026,260123-125510-112.bin,112,0,-0.15,-0.41,752,0.01,-0.13,151.9,252.9,164,0.12,256.2,8.107,8.151,11.531,93,12.16,96.3,37.89786,-90.64314,277.3,220.1,8.05,-92,11.8,0,4.087
1:02:44 PM,1/23/2026,260123-125510-112.bin,112,0,-0.15,-0.39,752,0,-0.15,151.8,252.8,164,0.12,256.2,8.066,8.067,11.473,93,12.16,96.3,37.89786,-90.64314,278,220.1,8.05,-92,11.8,0,4.088
1:02:43 PM,1/23/2026,260123-125510-112.bin,112,0,-0.16,-0.43,752,0.02,-0.14,151.7,252.7,164,0.12,256,8.019,8.021,11.406,93,12.16,96.3,37.89786,-90.64314,277.7,220,8.05,-92,11.8,0,4.088
1:02:42 PM,1/23/2026,260123-125510-112.bin,112,0,-0.15,-0.42,752,0.03,-0.13,151.8,252.7,164,0.12,256.1,8.023,8.037,11.412,93.1,12.16,96.3,37.89786,-90.64314,277.1,220,8.05,-92,11.8,0,4.088
1:02:41 PM,1/23/2026,260123-125510-112.bin,112,0,-0.15,-0.32,752,0.02,-0.14,151.8,252.8,164,0.12,256.2,7.989,8.02,11.363,93,12.16,96.3,37.89786,-90.64314,277.5,220,8.05,-92.1,11.8,0,4.087
1:02:40 PM,1/23/2026,260123-125510-112.bin,112,0,-0.16,-0.4,752,0.02,-0.15,151.7,252.6,164,0.12,255.9,7.954,7.946,11.314,93,12.16,96.3,37.89786,-90.64314,277.9,219.9,8.05,-92.1,11.8,0,4.087
1:02:39 PM,1/23/2026,260123-125510-112.bin,112,0,-0.16,-0.41,752,0.01,-0.14,151.6,252.5,164,0.12,255.8,7.901,7.903,11.238,93,12.16,96.3,37.89786,-90.64314,277.6,219.9,8.05,-92.1,11.8,0,4.086
1:02:38 PM,1/23/2026,260123-125510-112.bin,112,0,-0.14,-0.26,752,0.02,-0.13,151.6,252.5,164,0.12,255.9,7.911,7.918,11.252,93,12.16,96.3,37.89785,-90.64314,277.1,219.9,8.05,-92.1,11.8,0,4.087
1:02:37 PM,1/23/2026,260123-125510-112.bin,112,0,-0.15,-0.29,752,0.01,-0.11,151.7,252.6,164,0.12,256,7.902,7.926,11.239,93,12.16,96.3,37.89785,-90.64314,276.9,219.8,8.05,-92.2,11.8,0,4.087
1:02:36 PM,1/23/2026,260123-125510-112.bin,112,0,-0.15,-0.28,752,0,-0.11,151.8,252.8,164,0.12,256.1,7.873,7.866,11.198,93,12.16,96.3,37.89785,-90.64314,276.9,219.8,8.05,-92.2,11.8,0,4.085
1:02:35 PM,1/23/2026,260123-125510-112.bin,112,0,-0.11,-0.32,752,0,-0.13,151.8,252.8,164,0.12,256.2,7.852,7.836,11.169,93,12.16,96.3,37.89785,-90.64314,276.1,219.8,8.05,-92.2,11.8,0,4.084
1:02:34 PM,1/23/2026,260123-125510-112.bin,112,0,-0.14,-0.33,752,0.01,-0.14,151.8,252.8,164,0.12,256.2,7.856,7.871,11.175,93,12.16,96.3,37.89785,-90.64314,275.8,219.7,8.05,-92.3,11.8,0,4.084
1:02:33 PM,1/23/2026,260123-125510-112.bin,112,0,-0.15,-0.34,752,0.02,-0.13,151.8,252.8,164,0.12,256.2,7.815,7.849,11.117,93.1,12.16,96.3,37.89785,-90.64314,275.6,219.7,8.06,-92.3,11.8,0,4.084
1:02:32 PM,1/23/2026,260123-125510-112.bin,112,0,-0.16,-0.21,752,0,-0.13,151.8,252.8,164,0.12,256.2,7.798,7.79,11.092,93,12.16,96.3,37.89785,-90.64313,275.3,219.7,8.05,-92.3,11.8,0,4.084
1:02:31 PM,1/23/2026,260123-125510-112.bin,112,0,-0.13,-0.27,752,0,-0.16,151.6,252.5,164,0.12,255.9,7.786,7.774,11.074,93,12.16,96.3,37.89785,-90.64313,274.7,219.6,8.06,-92.3,11.8,0,4.084
1:02:30 PM,1/23/2026,260123-125510-112.bin,112,0,-0.14,-0.33,752,0.01,-0.14,151.6,252.4,164,0.12,255.8,7.785,7.809,11.074,93,12.16,96.3,37.89784,-90.64313,275,219.6,8.06,-92.3,11.8,0,4.084
1:02:29 PM,1/23/2026,260123-125510-112.bin,112,0,-0.14,-0.26,752,0.02,-0.09,151.7,252.7,164,0.12,256,7.776,7.8,11.06,93,12.16,96.3,37.89784,-90.64313,275,219.6,8.06,-92.4,11.8,0,4.084
1:02:28 PM,1/23/2026,260123-125510-112.bin,112,0,-0.14,-0.22,752,0.01,-0.11,151.7,252.7,164,0.12,256,7.772,7.751,11.055,93,12.16,96.3,37.89784,-90.64313,274.9,219.5,8.06,-92.4,11.8,0,4.084
1:02:27 PM,1/23/2026,260123-125510-112.bin,112,0,-0.14,-0.31,752,0,-0.13,151.7,252.6,164,0.12,255.9,7.749,7.737,11.023,93,12.16,96.3,37.89784,-90.64312,274.9,219.5,8.06,-92.4,11.8,0,4.084
1:02:26 PM,1/23/2026,260123-125510-112.bin,112,0,-0.13,-0.39,752,0.02,-0.14,151.7,252.7,164,0.12,256,7.742,7.757,11.012,93,12.16,96.3,37.89785,-90.64312,275.5,219.4,8.06,-92.4,11.8,0,4.084
1:02:25 PM,1/23/2026,260123-125510-112.bin,112,0,-0.13,-0.35,752,0.02,-0.18,151.9,252.9,164,0.12,256.3,7.714,7.726,10.972,93,12.16,96.3,37.89785,-90.64312,275.5,219.4,8.06,-92.5,11.8,0,4.085
1:02:24 PM,1/23/2026,260123-125510-112.bin,112,0,-0.12,-0.34,752,0.01,-0.17,151.9,252.9,164,0.12,256.2,7.695,7.713,10.945,93,12.16,96.3,37.89785,-90.64312,275.7,219.3,8.06,-92.5,11.8,0,4.085
1:02:23 PM,1/23/2026,260123-125510-112.bin,112,0,-0.14,-0.39,752,0.02,-0.12,151.9,252.9,164,0.12,256.2,7.653,7.651,10.886,93,12.16,96.3,37.89785,-90.64311,275.5,219.3,8.06,-92.5,11.8,0,4.085
1:02:22 PM,1/23/2026,260123-125510-112.bin,112,0,-0.15,-0.32,752,0.02,-0.09,151.8,252.8,164,0.12,256.1,7.656,7.676,10.89,93,12.16,96.3,37.89785,-90.64311,275.5,219.3,8.06,-92.6,11.8,0,4.085
1:02:21 PM,1/23/2026,260123-125510-112.bin,112,0,-0.13,-0.38,752,0.02,-0.12,151.7,252.7,164,0.12,256,7.618,7.642,10.836,93,12.16,96.3,37.89784,-90.64311,275.1,219.2,8.06,-92.6,11.8,0,4.085
1:02:20 PM,1/23/2026,260123-125510-112.bin,112,0,-0.1,-0.52,752.1,-0.01,-0.14,151.7,252.7,164,0.12,256,7.601,7.589,10.811,93,12.16,96.3,37.89784,-90.64312,274.8,219.2,8.06,-92.6,11.8,0,4.084
1:02:19 PM,1/23/2026,260123-125510-112.bin,112,0,-0.12,-0.53,752,0.01,-0.11,151.7,252.6,164,0.12,255.9,7.578,7.583,10.778,93,12.16,96.3,37.89784,-90.64312,275,219.1,8.06,-92.6,11.8,0,4.084
1:02:18 PM,1/23/2026,260123-125510-112.bin,112,0,-0.13,-0.49,752.1,0.03,-0.11,151.5,252.4,164,0.12,255.7,7.562,7.565,10.757,93,12.16,96.3,37.89784,-90.64311,274.7,219.1,8.06,-92.6,11.8,0,4.084
1:02:17 PM,1/23/2026,260123-125510-112.bin,112,0,-0.12,-0.39,752,0.04,-0.12,151.5,252.3,164,0.12,255.7,7.53,7.574,10.71,93,12.16,96.3,37.89784,-90.64311,274.3,219.1,8.06,-92.6,11.8,0,4.084
1:02:16 PM,1/23/2026,260123-125510-112.bin,112,0,-0.1,-0.39,752,0.02,-0.12,151.6,252.4,164,0.12,255.8,7.517,7.505,10.692,93,12.16,96.3,37.89784,-90.64311,274.3,219.1,8.06,-92.6,11.8,0,4.085
1:02:15 PM,1/23/2026,260123-125510-112.bin,112,0,-0.1,-0.41,752,0.01,-0.13,151.6,252.5,164,0.12,255.8,7.508,7.506,10.68,93,12.16,96.3,37.89784,-90.64312,274.7,219.1,8.06,-92.6,11.8,0,4.085
1:02:14 PM,1/23/2026,260123-125510-112.bin,112,0,-0.13,-0.32,752,0,-0.13,151.7,252.6,164,0.12,256,7.488,7.517,10.651,93,12.16,96.3,37.89785,-90.64312,274.7,219.1,8.06,-92.6,11.8,0,4.086
1:02:13 PM,1/23/2026,260123-125510-112.bin,112,0,-0.13,-0.22,752,0,-0.13,151.8,252.7,164,0.12,256.1,7.464,7.493,10.617,93,12.16,96.3,37.89785,-90.64312,274.7,219.1,8.06,-92.6,11.8,0,4.086
1:02:12 PM,1/23/2026,260123-125510-112.bin,112,0,-0.11,-0.27,752,0,-0.14,151.8,252.7,164,0.12,256.1,7.451,7.453,10.598,93,12.16,96.3,37.89785,-90.64313,274.8,219,8.06,-92.7,11.8,0,4.087
1:02:11 PM,1/23/2026,260123-125510-112.bin,112,0,-0.13,-0.43,752,0.03,-0.15,151.7,252.7,164,0.12,256,7.448,7.434,10.594,93,12.16,96.3,37.89785,-90.64313,274.7,219,8.06,-92.7,11.8,0,4.086
1:02:10 PM,1/23/2026,260123-125510-112.bin,112,0,-0.13,-0.46,752,0.06,-0.15,151.7,252.6,164,0.12,256,7.45,7.476,10.597,93,12.16,96.3,37.89785,-90.64313,274.5,219,8.06,-92.7,11.8,0,4.086
1:02:09 PM,1/23/2026,260123-125510-112.bin,112,0,-0.11,-0.39,752,0.03,-0.1,151.7,252.6,164,0.12,255.9,7.439,7.455,10.581,93,12.16,96.3,37.89785,-90.64312,274.5,218.9,8.06,-92.7,11.8,0,4.086
1:02:08 PM,1/23/2026,260123-125510-112.bin,112,0,-0.12,-0.4,752,0.01,-0.1,151.7,252.7,164,0.12,256,7.422,7.415,10.557,93,12.16,96.3,37.89785,-90.64312,274.6,218.9,8.06,-92.7,11.8,0,4.086
1:02:07 PM,1/23/2026,260123-125510-112.bin,112,0,-0.11,-0.43,752,0,-0.12,151.6,252.4,164,0.12,255.8,7.403,7.401,10.53,93,12.16,96.3,37.89785,-90.64312,274.4,218.9,8.06,-92.7,11.8,0,4.086
1:02:06 PM,1/23/2026,260123-125510-112.bin,112,0,-0.15,-0.38,752,0.01,-0.13,151.6,252.4,164,0.12,255.8,7.389,7.406,10.51,93,12.16,96.3,37.89785,-90.64312,273.9,218.8,8.06,-92.8,11.8,0,4.086
1:02:05 PM,1/23/2026,260123-125510-112.bin,112,0,-0.17,-0.29,752,0.03,-0.15,151.6,252.5,164,0.12,255.9,7.349,7.38,10.453,93,12.16,96.3,37.89785,-90.64312,273.8,218.8,8.06,-92.8,11.8,0,4.086
1:02:04 PM,1/23/2026,260123-125510-112.bin,112,0,-0.13,-0.34,752.1,-0.01,-0.15,151.7,252.6,164,0.12,255.9,7.34,7.327,10.44,93,12.15,96.3,37.89785,-90.64312,273.7,218.8,8.06,-92.8,11.8,0,4.086
1:02:03 PM,1/23/2026,260123-125510-112.bin,112,0,-0.17,-0.41,752,-0.02,-0.16,151.7,252.5,164,0.12,255.9,7.334,7.334,10.432,93,12.16,96.3,37.89785,-90.64313,273.4,218.7,8.06,-92.8,11.8,0,4.086
1:02:02 PM,1/23/2026,260123-125510-112.bin,112,0,-0.18,-0.42,752,0.03,-0.17,151.8,252.8,164,0.12,256.1,7.314,7.342,10.403,93,12.16,96.3,37.89785,-90.64312,273.3,218.7,8.06,-92.8,11.8,0,4.085
1:02:01 PM,1/23/2026,260123-125510-112.bin,112,0,-0.14,-0.42,752,0.02,-0.16,151.9,253,164,0.12,256.3,7.285,7.318,10.362,93,12.16,96.3,37.89785,-90.64312,272.9,218.7,8.07,-92.8,11.8,0,4.085
1:02:00 PM,1/23/2026,260123-125510-112.bin,112,0,-0.16,-0.35,752,-0.01,-0.16,151.7,252.7,164,0.12,256,7.277,7.272,10.351,93,12.16,96.3,37.89785,-90.64312,272.3,218.7,8.07,-92.8,11.8,0,4.086
1:01:59 PM,1/23/2026,260123-125510-112.bin,112,0,-0.19,-0.38,752,0.01,-0.13,151.7,252.6,164,0.12,255.9,7.266,7.262,10.336,93.1,12.16,96.3,37.89784,-90.64312,272,218.7,8.06,-92.8,11.8,0,4.085
1:01:58 PM,1/23/2026,260123-125510-112.bin,112,0,-0.18,-0.53,752,0.01,-0.11,151.7,252.6,164,0.12,256,7.265,7.283,10.334,93,12.16,96.3,37.89784,-90.64312,271.7,218.7,8.06,-92.8,11.8,0,4.085
1:01:57 PM,1/23/2026,260123-125510-112.bin,112,0,-0.12,-0.51,752,0,-0.13,151.8,252.8,164,0.12,256.1,7.245,7.261,10.306,93,12.16,96.3,37.89784,-90.64312,271.6,218.6,8.07,-92.8,11.8,0,4.085
1:01:56 PM,1/23/2026,260123-125510-112.bin,112,0,-0.1,-0.39,752,0,-0.14,151.7,252.7,164,0.12,256,7.252,7.243,10.315,93,12.16,96.3,37.89784,-90.64312,271.6,218.6,8.07,-92.9,11.8,0,4.085
1:01:55 PM,1/23/2026,260123-125510-112.bin,112,0,-0.1,-0.32,752,-0.01,-0.15,151.7,252.6,164,0.12,255.9,7.258,7.272,10.324,93,12.16,96.3,37.89784,-90.64312,271.8,218.6,8.07,-92.9,11.8,0,4.085
1:01:54 PM,1/23/2026,260123-125510-112.bin,112,0,-0.12,-0.43,752,-0.02,-0.17,151.7,252.6,164,0.12,255.9,7.213,7.219,10.26,93,12.16,96.3,37.89784,-90.64312,271.8,218.6,8.07,-92.9,11.8,0,4.085
1:01:53 PM,1/23/2026,260123-125510-112.bin,112,0,-0.15,-0.46,752,0.01,-0.16,151.7,252.6,164,0.12,255.9,7.196,7.194,10.236,93,12.16,96.3,37.89784,-90.64311,271.6,218.5,8.07,-92.9,11.8,0,4.085
1:01:52 PM,1/23/2026,260123-125510-112.bin,112,0,-0.14,-0.39,752,0.01,-0.1,151.6,252.5,164,0.12,255.8,7.199,7.195,10.24,93,12.16,96.3,37.89784,-90.64311,271.6,218.5,8.07,-92.9,11.8,0,4.085
1:01:51 PM,1/23/2026,260123-125510-112.bin,112,0,-0.12,-0.33,752,0.01,-0.09,151.7,252.6,164,0.12,255.9,7.192,7.221,10.23,93,12.16,96.3,37.89784,-90.64311,271.7,218.5,8.07,-92.9,11.8,0,4.085
1:01:50 PM,1/23/2026,260123-125510-112.bin,112,0,-0.14,-0.33,752,0.01,-0.14,151.8,252.7,164,0.12,256.1,7.144,7.159,10.162,93.1,12.16,96.3,37.89785,-90.64311,271.7,218.5,8.07,-92.9,11.8,0,4.085
1:01:49 PM,1/23/2026,260123-125510-112.bin,112,0,-0.14,-0.3,752,0.02,-0.15,151.8,252.7,164,0.12,256.1,7.111,7.106,10.115,93,12.16,96.3,37.89785,-90.64311,271.7,218.5,8.07,-92.9,11.8,0,4.084
1:01:48 PM,1/23/2026,260123-125510-112.bin,112,0,-0.11,-0.29,752,0.01,-0.11,151.7,252.6,164,0.12,256,7.114,7.114,10.12,93,12.16,96.3,37.89785,-90.64311,271.5,218.5,8.07,-92.9,11.8,0,4.084
1:01:47 PM,1/23/2026,260123-125510-112.bin,112,0,-0.14,-0.35,752,-0.01,-0.14,151.7,252.6,164,0.12,256,7.091,7.117,10.087,93.1,12.16,96.3,37.89785,-90.64311,271.3,218.5,8.07,-92.9,11.8,0,4.083
1:01:46 PM,1/23/2026,260123-125510-112.bin,112,0,-0.15,-0.34,752,0.01,-0.15,151.7,252.7,164,0.12,256,7.079,7.084,10.069,93,12.16,96.3,37.89785,-90.64311,271.6,218.5,8.07,-92.9,11.8,0,4.083
1:01:45 PM,1/23/2026,260123-125510-112.bin,112,0,-0.11,-0.31,752,0.01,-0.12,151.7,252.7,164,0.12,256.1,7.052,7.057,10.031,93,12.16,96.3,37.89785,-90.64311,271.4,218.4,8.07,-92.9,11.8,0,4.083
1:01:44 PM,1/23/2026,260123-125510-112.bin,112,0,-0.15,-0.25,752.1,-0.01,-0.12,151.7,252.6,164,0.12,255.9,7.053,7.054,10.033,93,12.16,96.3,37.89785,-90.64311,271,218.4,8.07,-92.9,11.8,0,4.084
1:01:43 PM,1/23/2026,260123-125510-112.bin,112,0,-0.16,-0.31,752.1,-0.01,-0.14,151.7,252.5,164,0.12,255.9,7.051,7.076,10.03,93,12.16,96.3,37.89785,-90.64311,271,218.4,8.07,-92.9,11.8,0,4.085
1:01:42 PM,1/23/2026,260123-125510-112.bin,112,0,-0.15,-0.37,752.1,0,-0.16,151.7,252.7,164,0.12,256,7.004,7.023,9.963,93,12.16,96.3,37.89785,-90.64311,270.6,218.4,8.07,-92.9,11.8,0,4.083
1:01:41 PM,1/23/2026,260123-125510-112.bin,112,0,-0.18,-0.44,752.1,0.02,-0.13,151.7,252.6,164,0.12,255.9,6.974,6.965,9.919,93,12.16,96.3,37.89785,-90.6431,270.5,218.4,8.07,-92.9,11.8,0,4.083
1:01:40 PM,1/23/2026,260123-125510-112.bin,112,0,-0.17,-0.52,752.1,0.01,-0.15,151.7,252.6,164,0.12,256,6.982,6.99,9.932,93,12.16,96.3,37.89785,-90.6431,270,218.4,8.07,-92.9,11.8,0,4.082
1:01:39 PM,1/23/2026,260123-125510-112.bin,112,0,-0.14,-0.38,752.1,0.02,-0.15,151.8,252.7,164,0.12,256.1,6.947,6.974,9.882,93,12.16,96.3,37.89785,-90.6431,269.7,218.3,8.07,-92.9,11.8,0,4.082
1:01:38 PM,1/23/2026,260123-125510-112.bin,112,0,-0.14,-0.29,752.1,0.01,-0.12,151.7,252.7,164,0.12,256,6.921,6.927,9.844,93,12.16,96.3,37.89785,-90.6431,269.8,218.3,8.07,-92.9,11.8,0,4.082
1:01:37 PM,1/23/2026,260123-125510-112.bin,112,0,-0.15,-0.4,752,-0.01,-0.15,151.8,252.7,164,0.12,256.1,6.871,6.877,9.773,93.1,12.16,96.3,37.89785,-90.6431,270.1,218.3,8.07,-92.9,11.8,0,4.082
1:01:36 PM,1/23/2026,260123-125510-112.bin,112,0,-0.16,-0.39,752.1,-0.01,-0.18,151.9,252.9,164,0.12,256.2,6.874,6.877,9.777,93,12.16,96.3,37.89785,-90.6431,270.2,218.3,8.07,-93,11.8,0,4.082
1:01:35 PM,1/23/2026,260123-125510-112.bin,112,0,-0.13,-0.33,752.1,-0.01,-0.17,151.9,252.9,164,0.12,256.3,6.864,6.879,9.763,93,12.16,96.3,37.89785,-90.6431,270.3,218.3,8.07,-93,11.8,0,4.082
1:01:34 PM,1/23/2026,260123-125510-112.bin,112,0,-0.17,-0.37,752,-0.01,-0.14,151.8,252.8,164,0.12,256.1,6.841,6.848,9.73,93,12.16,96.3,37.89785,-90.6431,269.8,218.2,8.07,-93,11.8,0,4.082
1:01:33 PM,1/23/2026,260123-125510-112.bin,112,0,-0.16,-0.41,752.2,-0.01,-0.17,151.7,252.6,164,0.12,256,6.787,6.79,9.653,93,12.16,96.3,37.89785,-90.6431,270,218.2,8.07,-93,11.8,0,4.082
1:01:32 PM,1/23/2026,260123-125510-112.bin,112,0,-0.11,-0.39,752.1,-0.01,-0.15,151.7,252.6,164,0.12,255.9,6.789,6.785,9.656,93,12.16,96.3,37.89785,-90.6431,270.3,218.2,8.07,-93,11.8,0,4.082
1:01:31 PM,1/23/2026,260123-125510-112.bin,112,0,-0.12,-0.37,752.1,-0.02,-0.14,151.6,252.5,164,0.12,255.9,6.788,6.811,9.655,93,12.16,96.3,37.89785,-90.6431,270.3,218.1,8.07,-93,11.8,0,4.082
1:01:30 PM,1/23/2026,260123-125510-112.bin,112,0,-0.14,-0.32,752.1,-0.03,-0.16,151.7,252.6,164,0.12,256,6.747,6.759,9.597,93,12.16,96.3,37.89785,-90.6431,270.4,218.1,8.07,-93,11.8,0,4.082
1:01:29 PM,1/23/2026,260123-125510-112.bin,112,0,-0.14,-0.27,752.2,-0.01,-0.1,151.7,252.7,164,0.12,256,6.718,6.711,9.556,93,12.16,96.3,37.89785,-90.6431,270.3,218.1,8.07,-93,11.8,0,4.083
1:01:28 PM,1/23/2026,260123-125510-112.bin,112,0,-0.17,-0.32,752,0.01,-0.11,151.7,252.6,164,0.12,255.9,6.733,6.738,9.578,93,12.16,96.3,37.89785,-90.6431,270.3,218.1,8.07,-93,11.8,0,4.083
1:01:27 PM,1/23/2026,260123-125510-112.bin,112,0,-0.14,-0.31,752.1,0.01,-0.15,151.7,252.7,164,0.12,256,6.723,6.748,9.562,93,12.15,96.3,37.89785,-90.6431,270.7,218.1,8.07,-93,11.8,0,4.083
1:01:26 PM,1/23/2026,260123-125510-112.bin,112,0,-0.12,-0.26,752.1,-0.02,-0.15,151.8,252.8,164,0.12,256.2,6.678,6.698,9.498,93,12.15,96.3,37.89785,-90.6431,270.6,218,8.07,-93,11.8,0,4.083
1:01:25 PM,1/23/2026,260123-125510-112.bin,112,0,-0.14,-0.26,752.1,-0.03,-0.16,151.8,252.9,164,0.12,256.2,6.643,6.632,9.45,93,12.16,96.3,37.89785,-90.6431,270.8,218,8.07,-93,11.8,0,4.084
1:01:24 PM,1/23/2026,260123-125510-112.bin,112,0,-0.12,-0.22,752.1,-0.01,-0.17,151.9,252.9,164,0.12,256.2,6.655,6.651,9.466,93,12.16,96.3,37.89785,-90.6431,270.8,218,8.07,-93.1,11.8,0,4.084
1:01:23 PM,1/23/2026,260123-125510-112.bin,112,0,-0.14,-0.31,752.1,0.02,-0.15,151.8,252.7,164,0.12,256.1,6.653,6.671,9.464,93,12.16,96.3,37.89784,-90.6431,270.5,218,8.07,-93,11.8,0,4.084
1:01:22 PM,1/23/2026,260123-125510-112.bin,112,0,-0.16,-0.4,752.1,0.02,-0.11,151.7,252.6,164,0.12,255.9,6.62,6.632,9.417,93,12.16,96.3,37.89784,-90.6431,270.7,218,8.07,-93.1,11.8,0,4.083
1:01:21 PM,1/23/2026,260123-125510-112.bin,112,0,-0.14,-0.46,752,0.01,-0.12,151.7,252.6,164,0.12,255.9,6.581,6.574,9.361,93,12.16,96.3,37.89784,-90.6431,270.6,217.9,8.07,-93.1,11.8,0,4.082
1:01:20 PM,1/23/2026,260123-125510-112.bin,112,0,-0.16,-0.48,752.1,-0.01,-0.15,151.6,252.5,164,0.12,255.9,6.59,6.586,9.373,93,12.16,96.3,37.89784,-90.6431,270.5,217.9,8.07,-93.1,11.8,0,4.082
1:01:19 PM,1/23/2026,260123-125510-112.bin,112,0,-0.16,-0.42,752.1,-0.02,-0.14,151.6,252.5,164,0.12,255.8,6.598,6.616,9.385,93,12.16,96.3,37.89784,-90.6431,270.5,217.9,8.07,-93.1,11.8,0,4.083
1:01:18 PM,1/23/2026,260123-125510-112.bin,112,0,-0.16,-0.42,752.1,-0.01,-0.14,151.7,252.6,164,0.12,255.9,6.553,6.563,9.321,93,12.16,96.3,37.89783,-90.6431,270.2,217.8,8.07,-93.1,11.8,0,4.083
1:01:17 PM,1/23/2026,260123-125510-112.bin,112,0,-0.17,-0.41,752.1,0,-0.13,151.7,252.7,164,0.12,256,6.554,6.532,9.322,93,12.16,96.3,37.89783,-90.6431,269.9,217.8,8.07,-93.2,11.8,0,4.083
1:01:16 PM,1/23/2026,260123-125510-112.bin,112,0,-0.14,-0.35,752.1,0.02,-0.1,151.7,252.7,164,0.12,256.1,6.552,6.56,9.32,93,12.16,96.3,37.89783,-90.6431,269.6,217.8,8.07,-93.2,11.8,0,4.084
1:01:15 PM,1/23/2026,260123-125510-112.bin,112,0,-0.12,-0.38,752.1,0,-0.13,151.8,252.7,164,0.12,256.1,6.555,6.573,9.323,93,12.16,96.3,37.89783,-90.6431,269.6,217.8,8.07,-93.2,11.8,0,4.083
1:01:14 PM,1/23/2026,260123-125510-112.bin,112,0,-0.17,-0.37,752.1,0,-0.14,151.8,252.7,164,0.12,256.1,6.531,6.54,9.289,93,12.16,96.3,37.89783,-90.6431,269.4,217.8,8.07,-93.1,11.8,0,4.083
1:01:13 PM,1/23/2026,260123-125510-112.bin,112,0,-0.16,-0.32,752.2,0.01,-0.13,151.7,252.7,164,0.12,256,6.499,6.5,9.245,93,12.16,96.3,37.89783,-90.6431,269.2,217.8,8.07,-93.1,11.8,0,4.084
1:01:12 PM,1/23/2026,260123-125510-112.bin,112,0,-0.14,-0.3,752.1,-0.02,-0.12,151.7,252.7,164,0.12,256,6.512,6.506,9.263,93,12.16,96.3,37.89783,-90.6431,268.7,217.7,8.07,-93.1,11.8,0,4.084
1:01:11 PM,1/23/2026,260123-125510-112.bin,112,0,-0.16,-0.43,752.2,0.01,-0.16,151.8,252.7,164,0.12,256.1,6.515,6.527,9.266,93,12.16,96.3,37.89783,-90.64311,269,217.7,8.07,-93.2,11.8,0,4.083
1:01:10 PM,1/23/2026,260123-125510-112.bin,112,0,-0.16,-0.47,752.1,0.01,-0.15,151.8,252.8,164,0.12,256.1,6.482,6.484,9.221,93,12.16,96.3,37.89783,-90.64311,268.3,217.7,8.07,-93.2,11.8,0,4.083
1:01:09 PM,1/23/2026,260123-125510-112.bin,112,0,-0.15,-0.44,752.2,0,-0.12,151.7,252.6,164,0.12,255.9,6.469,6.45,9.201,93,12.16,96.3,37.89782,-90.64311,267.9,217.7,8.07,-93.2,11.8,0,4.084
1:01:08 PM,1/23/2026,260123-125510-112.bin,112,0,-0.15,-0.41,752.1,-0.02,-0.15,151.7,252.6,164,0.12,255.9,6.476,6.493,9.211,93,12.16,96.3,37.89782,-90.64311,267.8,217.7,8.07,-93.2,11.8,0,4.083
1:01:07 PM,1/23/2026,260123-125510-112.bin,112,0,-0.11,-0.39,752.1,-0.01,-0.12,151.8,252.8,164,0.12,256.1,6.457,6.479,9.184,93,12.16,96.3,37.89782,-90.64311,267.8,217.6,8.07,-93.2,11.8,0,4.083
1:01:06 PM,1/23/2026,260123-125510-112.bin,112,0,-0.11,-0.37,752.1,-0.02,-0.1,151.8,252.8,164,0.12,256.1,6.425,6.424,9.139,93,12.16,96.3,37.89782,-90.64311,267.6,217.6,8.07,-93.2,11.8,0,4.083
1:01:05 PM,1/23/2026,260123-125510-112.bin,112,0,-0.13,-0.41,752.1,-0.02,-0.14,151.7,252.7,164,0.12,256,6.399,6.398,9.101,93,12.16,96.3,37.89782,-90.64312,267.5,217.6,8.07,-93.2,11.8,0,4.082
1:01:04 PM,1/23/2026,260123-125510-112.bin,112,0,-0.14,-0.46,752.1,-0.01,-0.13,151.8,252.8,164,0.12,256.2,6.393,6.419,9.094,93,12.16,96.3,37.89782,-90.64312,267.6,217.6,8.07,-93.2,11.8,0,4.083
1:01:03 PM,1/23/2026,260123-125510-112.bin,112,0,-0.14,-0.42,752.1,0,-0.11,151.9,252.9,164,0.12,256.3,6.379,6.411,9.074,93,12.15,96.3,37.89782,-90.64312,268.1,217.6,8.07,-93.2,11.8,0,4.083
1:01:02 PM,1/23/2026,260123-125510-112.bin,112,0,-0.15,-0.39,752.2,0,-0.08,151.8,252.7,164,0.12,256.1,6.359,6.36,9.044,93,12.16,96.3,37.89782,-90.64312,268.9,217.5,8.07,-93.2,11.8,0,4.083
1:01:01 PM,1/23/2026,260123-125510-112.bin,112,0,-0.2,-0.33,752.2,-0.01,-0.12,151.8,252.9,164,0.12,256.2,6.333,6.326,9.008,93,12.16,96.3,37.89782,-90.64312,268.8,217.5,8.07,-93.2,11.8,0,4.084
1:01:00 PM,1/23/2026,260123-125510-112.bin,112,0,-0.17,-0.36,752.2,-0.02,-0.15,151.9,252.9,164,0.12,256.2,6.352,6.359,9.036,93.1,12.16,96.3,37.89782,-90.64312,268.9,217.5,8.07,-93.2,11.8,0,4.084
1:00:59 PM,1/23/2026,260123-125510-112.bin,112,0,-0.12,-0.45,752.2,0,-0.15,151.8,252.8,164,0.12,256.1,6.339,6.362,9.017,93,12.16,96.3,37.89782,-90.64312,269.6,217.4,8.07,-93.2,11.8,0,4.085
1:00:58 PM,1/23/2026,260123-125510-112.bin,112,0,-0.13,-0.52,752.1,0,-0.18,151.8,252.7,164,0.12,256.1,6.312,6.31,8.977,93,12.16,96.3,37.89782,-90.64312,270,217.4,8.07,-93.2,11.8,0,4.085
1:00:57 PM,1/23/2026,260123-125510-112.bin,112,0,-0.13,-0.49,752.1,-0.03,-0.17,151.7,252.7,164,0.12,256,6.282,6.271,8.935,93,12.16,96.3,37.89783,-90.64312,270.3,217.4,8.07,-93.2,11.8,0,4.086
1:00:56 PM,1/23/2026,260123-125510-112.bin,112,0,-0.18,-0.4,752.1,-0.01,-0.13,151.6,252.5,164,0.12,255.8,6.3,6.307,8.961,93,12.16,96.3,37.89783,-90.64311,270.5,217.4,8.07,-93.2,11.8,0,4.086
1:00:55 PM,1/23/2026,260123-125510-112.bin,112,0,-0.18,-0.33,752.1,0.02,-0.12,151.6,252.4,164,0.12,255.8,6.266,6.303,8.912,93,12.15,96.3,37.89783,-90.64311,270.6,217.4,8.07,-93.2,11.8,0,4.086
1:00:54 PM,1/23/2026,260123-125510-112.bin,112,0,-0.14,-0.38,752.1,0.02,-0.14,151.7,252.6,164,0.12,256,6.253,6.271,8.894,93,12.15,96.2,37.89783,-90.64311,270.6,217.4,8.07,-93.2,11.8,0,4.086
1:00:53 PM,1/23/2026,260123-125510-112.bin,112,0,-0.12,-0.37,752.1,-0.01,-0.13,151.9,252.9,164,0.12,256.2,6.233,6.23,8.866,93,12.16,96.3,37.89783,-90.64311,271.2,217.4,8.07,-93.2,11.8,0,4.085
1:00:52 PM,1/23/2026,260123-125510-112.bin,112,0,-0.13,-0.26,752.1,-0.02,-0.13,151.9,253,164,0.12,256.3,6.239,6.25,8.874,93.1,12.16,96.3,37.89783,-90.64311,271.4,217.3,8.07,-93.2,11.8,0,4.085
1:00:51 PM,1/23/2026,260123-125510-112.bin,112,0,-0.14,-0.36,752.1,-0.02,-0.16,151.9,252.9,164,0.12,256.2,6.21,6.238,8.832,93,12.16,96.3,37.89783,-90.64311,271.7,217.3,8.07,-93.2,11.8,0,4.086
1:00:50 PM,1/23/2026,260123-125510-112.bin,112,0,-0.13,-0.36,752.1,-0.02,-0.15,151.7,252.6,164,0.12,255.9,6.183,6.182,8.795,93,12.16,96.3,37.89783,-90.6431,271.8,217.3,8.07,-93.2,11.8,0,4.086
1:00:49 PM,1/23/2026,260123-125510-112.bin,112,0,-0.11,-0.36,752.1,-0.03,-0.16,151.7,252.6,164,0.12,255.9,6.15,6.139,8.748,93,12.16,96.3,37.89783,-90.6431,271.5,217.3,8.07,-93.2,11.8,0,4.087
1:00:48 PM,1/23/2026,260123-125510-112.bin,112,0,-0.12,-0.47,752.1,-0.04,-0.15,151.8,252.8,164,0.12,256.1,6.138,6.137,8.731,93,12.16,96.3,37.89783,-90.6431,271.6,217.3,8.07,-93.2,11.8,0,4.087
1:00:47 PM,1/23/2026,260123-125510-112.bin,112,0,-0.13,-0.41,752.1,0,-0.16,151.9,252.9,164,0.12,256.2,6.121,6.159,8.706,93,12.16,96.3,37.89782,-90.64311,270.8,217.2,8.07,-93.3,11.8,0,4.088
1:00:46 PM,1/23/2026,260123-125510-112.bin,112,0,-0.12,-0.44,752.2,0,-0.14,151.9,252.9,164,0.12,256.2,6.095,6.09,8.669,93,12.15,96.3,37.89782,-90.64311,270.7,217.2,8.07,-93.3,11.8,0,4.088
1:00:45 PM,1/23/2026,260123-125510-112.bin,112,0,-0.16,-0.48,752.1,-0.02,-0.14,151.9,252.9,164,0.12,256.2,6.082,6.08,8.65,93,12.16,96.3,37.89782,-90.64311,271,217.2,8.07,-93.3,11.8,0,4.088
1:00:44 PM,1/23/2026,260123-125510-112.bin,112,0,-0.16,-0.47,752.1,-0.01,-0.14,151.9,252.9,164,0.12,256.3,6.07,6.084,8.634,93,12.16,96.3,37.89783,-90.64311,271.4,217.2,8.07,-93.3,11.8,0,4.088
1:00:43 PM,1/23/2026,260123-125510-112.bin,112,0,-0.14,-0.44,752.1,-0.02,-0.12,151.8,252.7,164,0.12,256.1,6.029,6.059,8.575,93,12.16,96.3,37.89783,-90.64311,270.9,217.2,8.07,-93.3,11.8,0,4.089
1:00:42 PM,1/23/2026,260123-125510-112.bin,112,0,-0.13,-0.32,752.1,-0.03,-0.17,151.7,252.6,164,0.12,256,6.012,6.042,8.552,93,12.16,96.3,37.89783,-90.64311,270.9,217.2,8.07,-93.3,11.8,0,4.088
1:00:41 PM,1/23/2026,260123-125510-112.bin,112,0,-0.15,-0.32,752.1,-0.05,-0.16,151.8,252.7,164,0.12,256.1,5.983,5.973,8.509,93,12.16,96.3,37.89783,-90.6431,270.7,217.1,8.07,-93.3,11.8,0,4.09
1:00:40 PM,1/23/2026,260123-125510-112.bin,112,0,-0.15,-0.38,752.1,-0.06,-0.15,151.8,252.8,164,0.12,256.1,5.977,6.003,8.501,93.1,12.16,96.3,37.89783,-90.6431,270.1,217.1,8.07,-93.3,11.8,0,4.091
1:00:39 PM,1/23/2026,260123-125510-112.bin,112,0,-0.12,-0.39,752.2,-0.03,-0.22,151.7,252.6,164,0.12,256,5.956,5.984,8.471,93,12.16,96.3,37.89783,-90.6431,270.3,217.1,8.07,-93.3,11.8,0,4.091
1:00:38 PM,1/23/2026,260123-125510-112.bin,112,0,-0.11,-0.34,752.1,0.01,-0.18,151.7,252.6,164,0.12,255.9,5.929,5.924,8.434,93,12.16,96.3,37.89783,-90.6431,269.7,217.1,8.07,-93.3,11.8,0,4.091
1:00:37 PM,1/23/2026,260123-125510-112.bin,112,0,-0.13,-0.38,752.1,-0.01,-0.13,151.8,252.8,164,0.12,256.1,5.913,5.893,8.411,93,12.16,96.3,37.89783,-90.6431,270.5,217,8.07,-93.3,11.8,0,4.092
1:00:36 PM,1/23/2026,260123-125510-112.bin,112,0,-0.15,-0.51,752.1,-0.03,-0.14,151.8,252.7,164,0.12,256.1,5.909,5.908,8.406,93,12.16,96.3,37.89783,-90.6431,270.3,217,8.07,-93.3,11.8,0,4.092
1:00:35 PM,1/23/2026,260123-125510-112.bin,112,0,-0.18,-0.46,752.1,-0.03,-0.11,151.8,252.7,164,0.12,256.1,5.9,5.928,8.393,93,12.16,96.3,37.89783,-90.6431,270.5,217,8.07,-93.3,11.8,0,4.092
1:00:34 PM,1/23/2026,260123-125510-112.bin,112,0,-0.21,-0.43,752.2,-0.05,-0.13,151.9,252.8,164,0.12,256.2,5.881,5.871,8.365,93,12.16,96.3,37.89783,-90.6431,270.2,217,8.07,-93.3,11.8,0,4.093
1:00:33 PM,1/23/2026,260123-125510-112.bin,112,0,-0.18,-0.39,752.2,-0.03,-0.15,151.8,252.8,164,0.12,256.1,5.877,5.881,8.36,93,12.16,96.3,37.89783,-90.6431,270.5,217,8.07,-93.3,11.8,0,4.093
1:00:32 PM,1/23/2026,260123-125510-112.bin,112,0,-0.15,-0.45,752.2,0.01,-0.15,151.8,252.7,164,0.12,256.1,5.873,5.877,8.354,93,12.16,96.3,37.89783,-90.6431,270.6,217,8.07,-93.3,11.8,0,4.093
1:00:31 PM,1/23/2026,260123-125510-112.bin,112,0,-0.15,-0.57,752.2,-0.01,-0.2,151.7,252.6,164,0.12,255.9,5.866,5.875,8.344,93,12.16,96.3,37.89783,-90.6431,270.2,216.9,8.07,-93.3,11.8,0,4.092
1:00:30 PM,1/23/2026,260123-125510-112.bin,112,0,-0.14,-0.49,752.2,-0.02,-0.2,151.7,252.5,164,0.12,255.9,5.857,5.867,8.331,93,12.16,96.3,37.89783,-90.6431,270.2,216.9,8.07,-93.3,11.8,0,4.093
1:00:29 PM,1/23/2026,260123-125510-112.bin,112,0,-0.12,-0.36,752.1,-0.03,-0.17,151.7,252.6,164,0.12,256,5.814,5.815,8.27,93,12.16,96.3,37.89783,-90.6431,269.7,216.9,8.07,-93.3,11.8,0,4.093
1:00:28 PM,1/23/2026,260123-125510-112.bin,112,0,-0.12,-0.32,752.2,-0.03,-0.16,151.7,252.6,164,0.12,255.9,5.805,5.813,8.256,93,12.16,96.3,37.89783,-90.6431,269.5,216.9,8.07,-93.3,11.8,0,4.093
1:00:27 PM,1/23/2026,260123-125510-112.bin,112,0,-0.16,-0.31,752.2,-0.04,-0.14,151.7,252.6,164,0.12,256,5.789,5.801,8.234,93.1,12.16,96.3,37.89783,-90.6431,269.4,216.9,8.07,-93.3,11.8,0,4.093
1:00:26 PM,1/23/2026,260123-125510-112.bin,112,0,-0.17,-0.33,752.1,-0.04,-0.15,151.8,252.7,164,0.12,256.1,5.791,5.813,8.237,93,12.16,96.3,37.89783,-90.6431,269.4,216.9,8.07,-93.3,11.8,0,4.093
1:00:25 PM,1/23/2026,260123-125510-112.bin,112,0,-0.15,-0.45,752.2,-0.02,-0.17,151.8,252.7,164,0.12,256.1,5.772,5.773,8.21,93,12.16,96.3,37.89783,-90.6431,269,216.9,8.07,-93.3,11.8,0,4.093
1:00:24 PM,1/23/2026,260123-125510-112.bin,112,0,-0.15,-0.56,752,0,-0.18,151.8,252.8,164,0.12,256.1,5.747,5.747,8.174,93,12.16,96.3,37.89783,-90.6431,268.9,216.8,8.07,-93.3,11.8,0,4.092
1:00:23 PM,1/23/2026,260123-125510-112.bin,112,0,-0.13,-0.57,752,0.02,-0.16,151.8,252.8,164,0.12,256.1,5.743,5.741,8.169,93,12.16,96.3,37.89783,-90.6431,268.9,216.8,8.07,-93.3,11.8,0,4.092
1:00:22 PM,1/23/2026,260123-125510-112.bin,112,0,-0.11,-0.42,752.1,0.01,-0.17,151.8,252.8,164,0.12,256.1,5.738,5.758,8.162,93,12.16,96.3,37.89783,-90.6431,268.6,216.8,8.07,-93.4,11.8,0,4.092
1:00:21 PM,1/23/2026,260123-125510-112.bin,112,0,-0.15,-0.3,752.1,-0.03,-0.2,151.9,252.8,164,0.12,256.2,5.729,5.736,8.149,93,12.15,96.3,37.89783,-90.6431,268.5,216.8,8.07,-93.4,11.8,0,4.092
1:00:20 PM,1/23/2026,260123-125510-112.bin,112,0,-0.16,-0.33,752.1,-0.06,-0.18,151.8,252.8,164,0.12,256.1,5.714,5.733,8.127,93,12.16,96.3,37.89783,-90.6431,268.3,216.7,8.07,-93.3,11.8,0,4.092
1:00:19 PM,1/23/2026,260123-125510-112.bin,112,0,-0.17,-0.38,752.2,-0.06,-0.17,151.7,252.6,164,0.12,255.9,5.683,5.706,8.084,93,12.16,96.3,37.89783,-90.6431,268.2,216.7,8.07,-93.4,11.8,0,4.093
1:00:18 PM,1/23/2026,260123-125510-112.bin,112,0,-0.19,-0.42,752.2,-0.05,-0.18,151.7,252.5,164,0.12,255.9,5.669,5.665,8.063,93,12.15,96.3,37.89783,-90.6431,268.3,216.7,8.08,-93.4,11.8,0,4.093
1:00:17 PM,1/23/2026,260123-125510-112.bin,112,0,-0.17,-0.48,752.2,-0.02,-0.17,151.7,252.6,164,0.12,256,5.67,5.664,8.065,93,12.16,96.3,37.89782,-90.6431,268.2,216.6,8.08,-93.4,11.8,0,4.092
1:00:16 PM,1/23/2026,260123-125510-112.bin,112,0,-0.18,-0.49,752.2,-0.01,-0.15,151.8,252.7,164,0.12,256,5.66,5.681,8.051,93,12.16,96.3,37.89782,-90.6431,268.1,216.6,8.08,-93.4,11.8,0,4.092
1:00:15 PM,1/23/2026,260123-125510-112.bin,112,0,-0.18,-0.48,752.2,-0.02,-0.13,151.7,252.6,164,0.12,256,5.634,5.651,8.014,93.1,12.16,96.3,37.89782,-90.6431,268.1,216.6,8.08,-93.4,11.8,0,4.091
1:00:14 PM,1/23/2026,260123-125510-112.bin,112,0,-0.14,-0.39,752.2,-0.04,-0.13,151.7,252.5,164,0.12,255.9,5.622,5.625,7.997,93.1,12.16,96.3,37.89782,-90.6431,268.2,216.6,8.08,-93.4,11.8,0,4.091
1:00:13 PM,1/23/2026,260123-125510-112.bin,112,0,-0.12,-0.33,752.1,-0.04,-0.15,151.8,252.7,164,0.12,256,5.601,5.608,7.967,93.1,12.16,96.3,37.89782,-90.6431,268.4,216.6,8.08,-93.4,11.8,0,4.092
1:00:12 PM,1/23/2026,260123-125510-112.bin,112,0,-0.15,-0.45,752.2,-0.04,-0.13,151.9,252.9,164,0.12,256.2,5.586,5.588,7.946,93,12.16,96.3,37.89783,-90.6431,268.2,216.5,8.08,-93.4,11.8,0,4.092
1:00:11 PM,1/23/2026,260123-125510-112.bin,112,0,-0.14,-0.59,752.2,-0.03,-0.12,151.8,252.8,164,0.12,256.1,5.572,5.591,7.926,93.1,12.16,96.3,37.89782,-90.6431,268.1,216.5,8.08,-93.5,11.8,0,4.093
1:00:10 PM,1/23/2026,260123-125510-112.bin,112,0,-0.17,-0.55,752.2,-0.01,-0.15,151.9,252.9,164,0.12,256.3,5.551,5.559,7.896,93.1,12.16,96.4,37.89782,-90.6431,268.2,216.5,8.08,-93.5,11.8,0,4.094
1:00:09 PM,1/23/2026,260123-125510-112.bin,112,0,-0.19,-0.51,752.2,-0.02,-0.17,151.9,252.9,164,0.12,256.3,5.535,5.532,7.873,93,12.15,96.3,37.89783,-90.6431,268.6,216.4,8.08,-93.5,11.8,0,4.093
1:00:08 PM,1/23/2026,260123-125510-112.bin,112,0,-0.17,-0.54,752.2,-0.04,-0.17,151.8,252.8,164,0.12,256.1,5.51,5.517,7.838,93,12.16,96.3,37.89783,-90.6431,268.5,216.4,8.08,-93.5,11.8,0,4.094
1:00:07 PM,1/23/2026,260123-125510-112.bin,112,0,-0.18,-0.51,752.2,-0.02,-0.16,151.7,252.6,164,0.12,255.9,5.496,5.509,7.817,93,12.16,96.3,37.89783,-90.6431,268.2,216.4,8.08,-93.5,11.8,0,4.095
1:00:06 PM,1/23/2026,260123-125510-112.bin,112,0,-0.14,-0.48,752.2,-0.02,-0.12,151.6,252.3,164,0.12,255.7,5.492,5.492,7.812,93,12.16,96.3,37.89782,-90.6431,268.3,216.4,8.08,-93.5,11.8,0,4.095
1:00:05 PM,1/23/2026,260123-125510-112.bin,112,0,-0.12,-0.4,752.1,-0.03,-0.12,151.6,252.3,164,0.12,255.7,5.479,5.495,7.793,93,12.16,96.3,37.89782,-90.6431,268.1,216.4,8.08,-93.5,11.8,0,4.095
1:00:04 PM,1/23/2026,260123-125510-112.bin,112,0,-0.14,-0.34,752.2,-0.02,-0.14,151.7,252.5,164,0.12,255.8,5.444,5.462,7.744,93.1,12.16,96.3,37.89782,-90.6431,268.1,216.4,8.08,-93.5,11.8,0,4.095
1:00:03 PM,1/23/2026,260123-125510-112.bin,112,0,-0.11,-0.44,752.1,-0.02,-0.14,151.7,252.6,164,0.12,255.9,5.41,5.396,7.696,93.1,12.16,96.3,37.89782,-90.6431,268,216.3,8.08,-93.5,11.8,0,4.095
1:00:02 PM,1/23/2026,260123-125510-112.bin,112,0,-0.13,-0.36,752.1,-0.04,-0.13,151.8,252.7,164,0.12,256.1,5.42,5.413,7.709,93.1,12.16,96.3,37.89782,-90.64311,268,216.3,8.08,-93.5,11.8,0,4.096
1:00:01 PM,1/23/2026,260123-125510-112.bin,112,0,-0.12,-0.31,752.1,-0.03,-0.11,152,253,164,0.12,256.3,5.416,5.422,7.704,93.1,12.16,96.4,37.89782,-90.64311,268,216.3,8.08,-93.5,11.8,0,4.095
1:00:00 PM,1/23/2026,260123-125510-112.bin,112,0,-0.11,-0.38,752.1,-0.03,-0.1,151.9,252.9,164,0.12,256.3,5.384,5.4,7.658,93.1,12.16,96.4,37.89782,-90.64311,267.9,216.3,8.08,-93.5,11.8,0,4.095
12:59:59 PM,1/23/2026,260123-125510-112.bin,112,0,-0.13,-0.31,752.2,-0.04,-0.14,151.9,252.9,164,0.12,256.2,5.346,5.351,7.605,93.1,12.16,96.4,37.89782,-90.64311,267.6,216.3,8.08,-93.5,11.8,0,4.095
12:59:58 PM,1/23/2026,260123-125510-112.bin,112,0,-0.14,-0.36,752.2,-0.03,-0.12,151.8,252.7,164,0.12,256.1,5.351,5.349,7.611,93.1,12.16,96.4,37.89782,-90.64311,267.6,216.3,8.08,-93.5,11.8,0,4.094
12:59:57 PM,1/23/2026,260123-125510-112.bin,112,0,-0.15,-0.38,752.2,-0.01,-0.1,151.8,252.7,164,0.12,256,5.346,5.348,7.604,93.1,12.16,96.3,37.89782,-90.64311,267.1,216.3,8.08,-93.5,11.8,0,4.094
12:59:56 PM,1/23/2026,260123-125510-112.bin,112,0,-0.13,-0.41,752.2,-0.02,-0.15,151.8,252.7,164,0.12,256,5.324,5.334,7.573,93.1,12.16,96.4,37.89782,-90.64311,267.1,216.3,8.08,-93.5,11.8,0,4.095
12:59:55 PM,1/23/2026,260123-125510-112.bin,112,0,-0.15,-0.43,752.2,-0.03,-0.15,151.7,252.5,164,0.12,255.9,5.272,5.288,7.499,93.1,12.16,96.4,37.89782,-90.64311,266.6,216.3,8.08,-93.5,11.8,0,4.096
12:59:54 PM,1/23/2026,260123-125510-112.bin,112,0,-0.14,-0.47,752.1,-0.04,-0.15,151.6,252.4,164,0.12,255.7,5.274,5.265,7.501,93.1,12.16,96.4,37.89782,-90.64311,266.5,216.2,8.08,-93.5,11.8,0,4.096
12:59:53 PM,1/23/2026,260123-125510-112.bin,112,0,-0.12,-0.5,752.2,-0.03,-0.14,151.6,252.4,164,0.12,255.8,5.27,5.267,7.496,93.1,12.16,96.4,37.89782,-90.64311,266.5,216.2,8.08,-93.5,11.8,0,4.094
12:59:52 PM,1/23/2026,260123-125510-112.bin,112,0,-0.13,-0.52,752.2,-0.01,-0.15,151.6,252.4,164,0.12,255.8,5.246,5.255,7.462,93.1,12.16,96.4,37.89782,-90.64311,266.6,216.2,8.08,-93.5,11.8,0,4.094
12:59:51 PM,1/23/2026,260123-125510-112.bin,112,0,-0.11,-0.42,752.2,-0.01,-0.17,151.6,252.4,164,0.12,255.8,5.226,5.225,7.433,93.1,12.16,96.4,37.89782,-90.64312,266.4,216.2,8.08,-93.5,11.8,0,4.095
12:59:50 PM,1/23/2026,260123-125510-112.bin,112,0,-0.12,-0.39,752.2,-0.02,-0.18,151.7,252.6,164,0.12,256,5.223,5.232,7.429,93.1,12.16,96.4,37.89782,-90.64312,266.3,216.1,8.08,-93.5,11.8,0,4.095
12:59:49 PM,1/23/2026,260123-125510-112.bin,112,0,-0.18,-0.48,752.1,-0.02,-0.16,151.8,252.7,164,0.12,256.1,5.201,5.214,7.398,93.1,12.16,96.4,37.89782,-90.64312,266.4,216.1,8.08,-93.5,11.8,0,4.094
12:59:48 PM,1/23/2026,260123-125510-112.bin,112,0,-0.18,-0.5,752.1,-0.04,-0.17,151.8,252.8,164,0.12,256.1,5.158,5.167,7.336,93.1,12.16,96.4,37.89782,-90.64311,266.3,216.1,8.08,-93.5,11.8,0,4.094
12:59:47 PM,1/23/2026,260123-125510-112.bin,112,0,-0.14,-0.45,752.1,-0.02,-0.15,151.8,252.7,164,0.12,256,5.136,5.149,7.305,93.1,12.16,96.4,37.89782,-90.64311,266.1,216.1,8.08,-93.5,11.8,0,4.095
12:59:46 PM,1/23/2026,260123-125510-112.bin,112,0,-0.15,-0.44,752.1,-0.02,-0.15,151.8,252.6,164,0.12,256,5.139,5.145,7.31,93.1,12.16,96.4,37.89782,-90.64311,266.2,216,8.08,-93.5,11.8,0,4.094
12:59:45 PM,1/23/2026,260123-125510-112.bin,112,0,-0.17,-0.39,752.1,-0.04,-0.16,151.8,252.6,164,0.12,256,5.128,5.138,7.293,93.1,12.16,96.4,37.89782,-90.64311,266.5,216,8.08,-93.5,11.8,0,4.094
12:59:44 PM,1/23/2026,260123-125510-112.bin,112,0,-0.19,-0.41,752.2,-0.03,-0.18,151.8,252.7,164,0.12,256.1,5.101,5.112,7.256,93.1,12.16,96.4,37.89782,-90.64311,266.4,216,8.08,-93.5,11.8,0,4.094
12:59:43 PM,1/23/2026,260123-125510-112.bin,112,0,-0.14,-0.41,752.2,-0.02,-0.17,151.8,252.7,164,0.12,256.1,5.073,5.062,7.216,93.1,12.17,96.4,37.89782,-90.64311,266.2,216,8.08,-93.6,11.8,0,4.094
12:59:42 PM,1/23/2026,260123-125510-112.bin,112,0,-0.14,-0.39,752.1,-0.04,-0.16,151.8,252.7,164,0.12,256,5.068,5.071,7.209,93.1,12.17,96.4,37.89782,-90.64311,266.1,215.9,8.08,-93.6,11.8,0,4.093
12:59:41 PM,1/23/2026,260123-125510-112.bin,112,0,-0.14,-0.33,752.2,-0.06,-0.13,151.7,252.6,164,0.12,255.9,5.046,5.085,7.178,93.1,12.16,96.4,37.89782,-90.64311,266.1,215.9,8.08,-93.6,11.8,0,4.094
12:59:40 PM,1/23/2026,260123-125510-112.bin,112,0,-0.13,-0.33,752.2,-0.06,-0.11,151.7,252.5,164,0.12,255.9,5.006,5.006,7.121,93.1,12.16,96.4,37.89782,-90.64311,266.1,215.9,8.08,-93.6,11.8,0,4.093
12:59:39 PM,1/23/2026,260123-125510-112.bin,112,0,-0.16,-0.36,752.2,-0.04,-0.07,151.7,252.5,164,0.12,255.8,4.996,5.001,7.106,93.1,12.16,96.4,37.89782,-90.64311,266.4,215.9,8.08,-93.6,11.8,0,4.093
12:59:38 PM,1/23/2026,260123-125510-112.bin,112,0,-0.14,-0.36,752.2,-0.04,-0.1,151.7,252.5,164,0.12,255.9,4.993,4.996,7.102,93.1,12.16,96.4,37.89782,-90.64311,266.2,215.8,8.08,-93.6,11.8,0,4.093
12:59:37 PM,1/23/2026,260123-125510-112.bin,112,0,-0.15,-0.37,752.2,-0.02,-0.15,151.7,252.6,164,0.12,255.9,4.966,4.992,7.064,93.1,12.16,96.4,37.89782,-90.64311,266.1,215.8,8.08,-93.6,11.8,0,4.093
12:59:36 PM,1/23/2026,260123-125510-112.bin,112,0,-0.16,-0.41,752.2,-0.01,-0.14,151.8,252.6,164,0.12,256,4.947,4.951,7.036,93.1,12.17,96.4,37.89782,-90.64311,266,215.8,8.08,-93.6,11.8,0,4.094
12:59:35 PM,1/23/2026,260123-125510-112.bin,112,0,-0.18,-0.52,752.2,-0.02,-0.16,151.9,252.9,164,0.12,256.2,4.913,4.905,6.988,93.1,12.17,96.4,37.89782,-90.64311,265.9,215.7,8.08,-93.7,11.8,0,4.095
12:59:34 PM,1/23/2026,260123-125510-112.bin,112,0,-0.18,-0.49,752.2,-0.06,-0.16,151.9,252.8,164,0.12,256.1,4.918,4.916,6.995,93.1,12.16,96.4,37.89782,-90.64311,265.9,215.7,8.08,-93.7,11.8,0,4.094
12:59:33 PM,1/23/2026,260123-125510-112.bin,112,0,-0.15,-0.43,752.2,-0.06,-0.15,151.8,252.7,164,0.12,256,4.914,4.928,6.99,93.1,12.16,96.4,37.89782,-90.64311,265.7,215.7,8.08,-93.7,11.8,0,4.094
12:59:32 PM,1/23/2026,260123-125510-112.bin,112,0,-0.13,-0.56,752.1,-0.04,-0.15,151.8,252.6,164,0.12,256,4.871,4.882,6.929,93.1,12.17,96.4,37.89782,-90.64311,265.8,215.6,8.08,-93.7,11.8,0,4.094
12:59:31 PM,1/23/2026,260123-125510-112.bin,112,0,-0.16,-0.54,752.2,-0.05,-0.17,151.7,252.6,164,0.12,256,4.833,4.834,6.874,93.1,12.17,96.4,37.89782,-90.64311,266.1,215.6,8.08,-93.7,11.8,0,4.093
12:59:30 PM,1/23/2026,260123-125510-112.bin,112,0,-0.19,-0.4,752.2,-0.06,-0.14,151.7,252.6,164,0.12,256,4.82,4.821,6.856,93.1,12.17,96.4,37.89782,-90.64311,266.4,215.6,8.08,-93.7,11.8,0,4.093
12:59:29 PM,1/23/2026,260123-125510-112.bin,112,0,-0.2,-0.41,752.2,-0.04,-0.15,151.7,252.6,164,0.12,256,4.811,4.837,6.843,93.1,12.16,96.4,37.89782,-90.64311,266.7,215.6,8.08,-93.7,11.8,0,4.094
12:59:28 PM,1/23/2026,260123-125510-112.bin,112,0,-0.17,-0.48,752.3,-0.03,-0.16,151.7,252.5,164,0.12,255.9,4.788,4.794,6.81,93.1,12.17,96.4,37.89782,-90.64311,267,215.6,8.08,-93.7,11.8,0,4.094
12:59:27 PM,1/23/2026,260123-125510-112.bin,112,0,-0.16,-0.47,752.2,-0.03,-0.17,151.6,252.4,164,0.12,255.8,4.782,4.768,6.801,93.1,12.17,96.4,37.89782,-90.64311,266.9,215.6,8.08,-93.7,11.8,0,4.095
12:59:26 PM,1/23/2026,260123-125510-112.bin,112,0,-0.16,-0.52,752.2,-0.03,-0.18,151.8,252.6,164,0.12,256,4.769,4.775,6.784,93.1,12.17,96.4,37.89782,-90.64312,266.9,215.5,8.08,-93.7,11.8,0,4.094
12:59:25 PM,1/23/2026,260123-125510-112.bin,112,0,-0.12,-0.61,752.2,-0.02,-0.18,151.8,252.8,164,0.12,256.1,4.734,4.756,6.733,93.1,12.17,96.4,37.89782,-90.64312,267.3,215.5,8.08,-93.7,11.8,0,4.094
12:59:24 PM,1/23/2026,260123-125510-112.bin,112,0,-0.13,-0.51,752.3,-0.02,-0.16,151.8,252.8,164,0.12,256.1,4.708,4.742,6.696,93.1,12.17,96.4,37.89782,-90.64312,267.5,215.5,8.08,-93.7,11.8,0,4.094
12:59:23 PM,1/23/2026,260123-125510-112.bin,112,0,-0.17,-0.42,752.2,-0.03,-0.15,151.9,252.8,164,0.12,256.2,4.672,4.661,6.645,93.1,12.17,96.4,37.89782,-90.64312,267.6,215.5,8.08,-93.7,11.8,0,4.093
12:59:22 PM,1/23/2026,260123-125510-112.bin,112,0,-0.17,-0.38,752.2,-0.03,-0.19,151.9,252.8,164,0.12,256.2,4.689,4.688,6.67,93.1,12.17,96.4,37.89782,-90.64312,267.8,215.4,8.08,-93.8,11.8,0,4.094
12:59:21 PM,1/23/2026,260123-125510-112.bin,112,0,-0.16,-0.42,752.1,-0.01,-0.18,151.9,252.8,164,0.12,256.2,4.676,4.694,6.651,93.1,12.17,96.4,37.89782,-90.64313,267.8,215.4,8.08,-93.7,11.8,0,4.095
12:59:20 PM,1/23/2026,260123-125510-112.bin,112,0,-0.15,-0.41,752.2,-0.02,-0.14,151.9,252.8,164,0.12,256.2,4.639,4.641,6.598,93.1,12.17,96.4,37.89782,-90.64313,267.8,215.4,8.08,-93.7,11.8,0,4.095
12:59:19 PM,1/23/2026,260123-125510-112.bin,112,0,-0.11,-0.46,752.2,-0.03,-0.15,151.8,252.7,164,0.12,256,4.619,4.614,6.57,93.1,12.17,96.4,37.89782,-90.64313,268.2,215.4,8.08,-93.8,11.8,0,4.094
12:59:18 PM,1/23/2026,260123-125510-112.bin,112,0,-0.11,-0.41,752.1,-0.02,-0.14,151.7,252.6,164,0.12,255.9,4.612,4.616,6.56,93.2,12.17,96.5,37.89783,-90.64313,268.4,215.3,8.08,-93.8,11.8,0,4.094
12:59:17 PM,1/23/2026,260123-125510-112.bin,112,0,-0.12,-0.37,752.3,-0.03,-0.14,151.7,252.5,164,0.12,255.9,4.597,4.632,6.538,93.1,12.17,96.4,37.89783,-90.64313,268.4,215.3,8.08,-93.8,11.8,0,4.094
12:59:16 PM,1/23/2026,260123-125510-112.bin,112,0,-0.12,-0.48,752.2,-0.02,-0.14,151.6,252.5,164,0.12,255.8,4.56,4.558,6.486,93.1,12.17,96.4,37.89783,-90.64313,268.4,215.3,8.08,-93.8,11.8,0,4.093
12:59:15 PM,1/23/2026,260123-125510-112.bin,112,0,-0.16,-0.38,752.2,-0.02,-0.14,151.7,252.5,164,0.12,255.8,4.558,4.561,6.484,93.1,12.17,96.4,37.89783,-90.64313,268.6,215.3,8.08,-93.8,11.8,0,4.093
12:59:14 PM,1/23/2026,260123-125510-112.bin,112,0,-0.16,-0.37,752.2,-0.05,-0.14,151.7,252.5,164,0.12,255.8,4.547,4.548,6.468,93.1,12.17,96.4,37.89783,-90.64314,268.7,215.3,8.08,-93.7,11.8,0,4.093
12:59:13 PM,1/23/2026,260123-125510-112.bin,112,0,-0.12,-0.46,752.2,-0.07,-0.11,151.6,252.4,164,0.12,255.8,4.537,4.556,6.454,93.1,12.17,96.4,37.89783,-90.64314,268.8,215.3,8.08,-93.7,11.8,0,4.093
12:59:12 PM,1/23/2026,260123-125510-112.bin,112,0,-0.12,-0.55,752.1,-0.05,-0.11,151.7,252.5,164,0.12,255.9,4.507,4.535,6.411,93.1,12.17,96.4,37.89783,-90.64314,268.6,215.3,8.08,-93.7,11.8,0,4.093
12:59:11 PM,1/23/2026,260123-125510-112.bin,112,0,-0.15,-0.46,752.2,-0.04,-0.14,151.8,252.7,164,0.12,256.1,4.478,4.47,6.369,93.1,12.17,96.4,37.89783,-90.64314,268.6,215.3,8.08,-93.7,11.8,0,4.093
12:59:10 PM,1/23/2026,260123-125510-112.bin,112,0,-0.17,-0.35,752.1,-0.04,-0.17,151.8,252.7,164,0.12,256,4.492,4.499,6.389,93.1,12.17,96.4,37.89783,-90.64314,268.7,215.3,8.08,-93.6,11.8,0,4.093
12:59:09 PM,1/23/2026,260123-125510-112.bin,112,0,-0.19,-0.44,752.1,-0.03,-0.16,151.8,252.7,164,0.12,256.1,4.485,4.487,6.379,93.1,12.17,96.4,37.89783,-90.64314,268.5,215.3,8.08,-93.6,11.8,0,4.093
12:59:08 PM,1/23/2026,260123-125510-112.bin,112,0,-0.17,-0.51,752.2,-0.04,-0.19,151.7,252.6,164,0.12,256,4.461,4.461,6.346,93.1,12.17,96.4,37.89783,-90.64314,268.3,215.3,8.08,-93.6,11.8,0,4.093
12:59:07 PM,1/23/2026,260123-125510-112.bin,112,0,-0.13,-0.57,752.1,-0.06,-0.19,151.6,252.3,164,0.12,255.7,4.448,4.441,6.326,93.2,12.17,96.4,37.89783,-90.64314,268.3,215.3,8.08,-93.6,11.8,0,4.094
12:59:06 PM,1/23/2026,260123-125510-112.bin,112,0,-0.13,-0.6,752.2,-0.04,-0.19,151.6,252.4,164,0.12,255.8,4.45,4.442,6.33,93.2,12.17,96.4,37.89783,-90.64314,268.4,215.3,8.08,-93.6,11.8,0,4.093
12:59:05 PM,1/23/2026,260123-125510-112.bin,112,0,-0.14,-0.49,752.2,-0.03,-0.19,151.7,252.5,164,0.12,255.8,4.441,4.467,6.317,93.1,12.17,96.4,37.89783,-90.64314,268.2,215.3,8.08,-93.6,11.8,0,4.094
12:59:04 PM,1/23/2026,260123-125510-112.bin,112,0,-0.14,-0.46,752.2,-0.04,-0.2,151.5,252.2,164,0.12,255.6,4.434,4.418,6.306,93.1,12.17,96.4,37.89783,-90.64314,268.3,215.3,8.08,-93.6,11.8,0,4.094
12:59:03 PM,1/23/2026,260123-125510-112.bin,112,0,-0.15,-0.56,752.2,-0.03,-0.21,151.5,252.3,164,0.12,255.6,4.436,4.423,6.31,93.1,12.17,96.4,37.89783,-90.64314,268.4,215.3,8.08,-93.6,11.8,0,4.094
12:59:02 PM,1/23/2026,260123-125510-112.bin,112,0,-0.16,-0.49,752.1,-0.04,-0.15,151.7,252.6,164,0.12,256,4.429,4.421,6.299,93.2,12.17,96.4,37.89783,-90.64314,268.3,215.3,8.08,-93.6,11.8,0,4.094
12:59:01 PM,1/23/2026,260123-125510-112.bin,112,0,-0.17,-0.44,752.2,-0.05,-0.13,151.9,252.8,164,0.12,256.2,4.432,4.443,6.304,93.1,12.17,96.4,37.89783,-90.64314,268.2,215.2,8.08,-93.6,11.8,0,4.094
12:59:00 PM,1/23/2026,260123-125510-112.bin,112,0,-0.17,-0.42,752.3,-0.04,-0.17,151.8,252.7,164,0.12,256.1,4.415,4.423,6.28,93.2,12.17,96.4,37.89783,-90.64314,268.1,215.2,8.08,-93.6,11.8,0,4.093
12:58:59 PM,1/23/2026,260123-125510-112.bin,112,0,-0.17,-0.41,752.2,-0.03,-0.18,151.7,252.6,164,0.12,256,4.402,4.395,6.261,93.1,12.17,96.4,37.89783,-90.64314,268.3,215.2,8.08,-93.6,11.8,0,4.093
12:58:58 PM,1/23/2026,260123-125510-112.bin,112,0,-0.16,-0.41,752.2,-0.03,-0.17,151.7,252.5,164,0.12,255.9,4.381,4.399,6.232,93.1,12.17,96.4,37.89783,-90.64314,268.4,215.2,8.08,-93.6,11.8,0,4.093
12:58:57 PM,1/23/2026,260123-125510-112.bin,112,0,-0.16,-0.51,752.2,-0.05,-0.18,151.7,252.6,164,0.12,255.9,4.374,4.389,6.222,93.2,12.17,96.4,37.89783,-90.64314,268.4,215.1,8.08,-93.6,11.8,0,4.093
12:58:56 PM,1/23/2026,260123-125510-112.bin,112,0,-0.19,-0.55,752.2,-0.05,-0.18,151.7,252.6,164,0.12,255.9,4.367,4.362,6.212,93.1,12.17,96.4,37.89783,-90.64314,268.3,215.1,8.08,-93.6,11.8,0,4.093
12:58:55 PM,1/23/2026,260123-125510-112.bin,112,0,-0.18,-0.44,752.2,-0.04,-0.18,151.6,252.4,164,0.12,255.8,4.358,4.352,6.199,93.1,12.17,96.4,37.89783,-90.64314,268.4,215.1,8.08,-93.6,11.8,0,4.093
12:58:54 PM,1/23/2026,260123-125510-112.bin,112,0,-0.14,-0.39,752.2,-0.03,-0.17,151.6,252.4,164,0.12,255.8,4.342,4.344,6.176,93.1,12.17,96.4,37.89783,-90.64314,268.4,215.1,8.08,-93.6,11.8,0,4.093
12:58:53 PM,1/23/2026,260123-125510-112.bin,112,0,-0.16,-0.37,752.2,-0.03,-0.14,151.7,252.5,164,0.12,255.8,4.323,4.344,6.149,93.1,12.17,96.4,37.89783,-90.64314,268.7,215,8.08,-93.7,11.8,0,4.092
12:58:52 PM,1/23/2026,260123-125510-112.bin,112,0,-0.16,-0.47,752.2,-0.04,-0.16,151.6,252.4,164,0.12,255.7,4.311,4.332,6.132,93.1,12.17,96.4,37.89783,-90.64314,269.1,215,8.08,-93.7,11.8,0,4.092
12:58:51 PM,1/23/2026,260123-125510-112.bin,112,0,-0.13,-0.47,752.1,-0.03,-0.18,151.6,252.4,164,0.12,255.7,4.3,4.299,6.116,93.2,12.17,96.4,37.89783,-90.64314,269.3,214.9,8.08,-93.7,11.8,0,4.092
12:58:50 PM,1/23/2026,260123-125510-112.bin,112,0,-0.15,-0.33,752.2,-0.03,-0.16,151.7,252.6,164,0.12,255.9,4.281,4.297,6.09,93.1,12.17,96.4,37.89783,-90.64314,269.2,214.9,8.08,-93.7,11.8,0,4.093
12:58:49 PM,1/23/2026,260123-125510-112.bin,112,0,-0.19,-0.35,752.2,-0.05,-0.12,151.8,252.7,164,0.12,256.1,4.268,4.285,6.071,93.1,12.17,96.4,37.89783,-90.64314,268.9,214.9,8.08,-93.7,11.8,0,4.092
12:58:48 PM,1/23/2026,260123-125510-112.bin,112,0,-0.19,-0.44,752.2,-0.05,-0.14,151.8,252.8,164,0.12,256.1,4.248,4.271,6.042,93.1,12.17,96.4,37.89783,-90.64314,268.8,214.9,8.08,-93.7,11.8,0,4.092
12:58:47 PM,1/23/2026,260123-125510-112.bin,112,0,-0.13,-0.48,752.2,-0.04,-0.16,151.8,252.7,164,0.12,256.1,4.23,4.223,6.017,93.2,12.17,96.5,37.89782,-90.64314,268.5,214.8,8.08,-93.7,11.8,0,4.093
12:58:46 PM,1/23/2026,260123-125510-112.bin,112,0,-0.15,-0.35,752.1,-0.02,-0.13,151.8,252.7,164,0.12,256.1,4.209,4.21,5.987,93.2,12.17,96.4,37.89782,-90.64314,268.2,214.8,8.08,-93.7,11.8,0,4.093
12:58:45 PM,1/23/2026,260123-125510-112.bin,112,0,-0.13,-0.31,752.2,-0.02,-0.16,151.8,252.7,164,0.12,256.1,4.189,4.21,5.959,93.2,12.17,96.4,37.89782,-90.64314,267.9,214.8,8.08,-93.7,11.8,0,4.094
12:58:44 PM,1/23/2026,260123-125510-112.bin,112,0,-0.12,-0.4,752.1,-0.02,-0.15,151.7,252.5,164,0.12,255.9,4.174,4.192,5.937,93.1,12.17,96.4,37.89782,-90.64314,267.9,214.8,8.08,-93.8,11.8,0,4.094
12:58:43 PM,1/23/2026,260123-125510-112.bin,112,0,-0.14,-0.48,752.2,-0.02,-0.14,151.7,252.6,164,0.12,255.9,4.156,4.157,5.912,93.2,12.17,96.5,37.89782,-90.64314,268.3,214.8,8.08,-93.8,11.8,0,4.092
12:58:42 PM,1/23/2026,260123-125510-112.bin,112,0,-0.13,-0.35,752.1,-0.04,-0.1,151.7,252.6,164,0.12,255.9,4.146,4.128,5.897,93.2,12.18,96.5,37.89782,-90.64314,268.4,214.8,8.08,-93.8,11.8,0,4.092
12:58:41 PM,1/23/2026,260123-125510-112.bin,112,0,-0.12,-0.39,752.2,-0.04,-0.12,151.7,252.5,164,0.12,255.9,4.141,4.164,5.891,93.2,12.18,96.5,37.89782,-90.64314,268.4,214.7,8.08,-93.8,11.8,0,4.092
12:58:40 PM,1/23/2026,260123-125510-112.bin,112,0,-0.15,-0.44,752.2,-0.04,-0.17,151.6,252.4,164,0.12,255.8,4.131,4.151,5.876,93.2,12.18,96.5,37.89782,-90.64314,268,214.7,8.08,-93.8,11.8,0,4.093
12:58:39 PM,1/23/2026,260123-125510-112.bin,112,0,-0.17,-0.49,752.2,-0.06,-0.2,151.8,252.7,164,0.12,256.1,4.119,4.127,5.859,93.2,12.17,96.5,37.89782,-90.64314,268,214.7,8.08,-93.7,11.8,0,4.093
12:58:38 PM,1/23/2026,260123-125510-112.bin,112,0,-0.15,-0.61,752.2,-0.05,-0.19,151.8,252.8,164,0.12,256.1,4.107,4.122,5.841,93.2,12.17,96.4,37.89782,-90.64314,267.9,214.6,8.08,-93.8,11.8,0,4.092
12:58:37 PM,1/23/2026,260123-125510-112.bin,112,0,-0.15,-0.64,752.2,-0.04,-0.18,151.8,252.8,164,0.12,256.1,4.086,4.11,5.812,93.2,12.18,96.5,37.89782,-90.64314,267.8,214.5,8.08,-93.8,11.8,0,4.092
12:58:36 PM,1/23/2026,260123-125510-112.bin,112,0,-0.15,-0.54,752.1,-0.04,-0.15,151.9,252.9,164,0.12,256.2,4.058,4.084,5.772,93.2,12.18,96.5,37.89783,-90.64314,267.3,214.5,8.08,-93.8,11.8,0,4.092
12:58:35 PM,1/23/2026,260123-125510-112.bin,112,0,-0.14,-0.44,752.1,-0.05,-0.16,151.9,252.8,164,0.12,256.2,4.041,4.036,5.747,93.2,12.18,96.5,37.89783,-90.64314,267.3,214.5,8.08,-93.9,11.8,0,4.092
12:58:34 PM,1/23/2026,260123-125510-112.bin,112,0,-0.12,-0.49,752.1,-0.04,-0.15,151.8,252.7,164,0.12,256.1,3.999,4.018,5.688,93.2,12.18,96.5,37.89783,-90.64314,267.3,214.5,8.08,-93.8,11.8,0,4.092
12:58:33 PM,1/23/2026,260123-125510-112.bin,112,0,-0.14,-0.43,752.2,-0.03,-0.13,151.7,252.6,164,0.12,256,3.96,3.984,5.633,93.2,12.18,96.5,37.89783,-90.64314,267.3,214.5,8.08,-93.8,11.8,0,4.093
12:58:32 PM,1/23/2026,260123-125510-112.bin,112,0,-0.18,-0.4,752.2,-0.03,-0.16,151.7,252.5,164,0.12,255.8,3.947,3.965,5.614,93.2,12.18,96.5,37.89784,-90.64314,267.6,214.5,8.08,-93.8,11.8,0,4.093
12:58:31 PM,1/23/2026,260123-125510-112.bin,112,0,-0.17,-0.49,752.1,-0.03,-0.18,151.6,252.5,164,0.12,255.8,3.939,3.936,5.602,93.2,12.18,96.5,37.89784,-90.64314,267.7,214.5,8.08,-93.8,11.8,0,4.092
12:58:30 PM,1/23/2026,260123-125510-112.bin,112,0,-0.16,-0.52,752.1,-0.04,-0.2,151.7,252.5,164,0.12,255.9,3.927,3.92,5.586,93.2,12.18,96.5,37.89784,-90.64314,268,214.5,8.08,-93.7,11.8,0,4.092
12:58:29 PM,1/23/2026,260123-125510-112.bin,112,0,-0.15,-0.46,752.1,-0.05,-0.17,151.6,252.4,164,0.12,255.8,3.913,3.932,5.565,93.2,12.18,96.5,37.89784,-90.64315,268.3,214.5,8.08,-93.7,11.8,0,4.092
12:58:28 PM,1/23/2026,260123-125510-112.bin,112,0,-0.14,-0.38,752.2,-0.05,-0.13,151.7,252.5,164,0.12,255.8,3.908,3.902,5.558,93.2,12.18,96.5,37.89784,-90.64315,268.4,214.5,8.08,-93.7,11.8,0,4.092
12:58:27 PM,1/23/2026,260123-125510-112.bin,112,0,-0.13,-0.35,752.2,-0.04,-0.14,151.7,252.6,164,0.12,255.9,3.913,3.926,5.566,93.2,12.18,96.5,37.89784,-90.64315,268.6,214.5,8.08,-93.7,11.8,0,4.092
12:58:26 PM,1/23/2026,260123-125510-112.bin,112,0,-0.13,-0.48,752.2,-0.04,-0.17,151.7,252.5,164,0.12,255.9,3.875,3.886,5.511,93.2,12.18,96.5,37.89784,-90.64315,268.7,214.5,8.08,-93.7,11.8,0,4.093
12:58:25 PM,1/23/2026,260123-125510-112.bin,112,0,-0.15,-0.46,752.1,-0.06,-0.18,151.7,252.6,164,0.12,256,3.837,3.848,5.458,93.2,12.18,96.5,37.89784,-90.64315,268.9,214.5,8.08,-93.7,11.8,0,4.092
12:58:24 PM,1/23/2026,260123-125510-112.bin,112,0,-0.15,-0.44,752.2,-0.06,-0.18,151.8,252.8,164,0.12,256.1,3.848,3.85,5.474,93.2,12.17,96.5,37.89784,-90.64315,268.9,214.4,8.08,-93.7,11.8,0,4.092
12:58:23 PM,1/23/2026,260123-125510-112.bin,112,0,-0.16,-0.47,752.2,-0.05,-0.15,151.8,252.7,164,0.12,256.1,3.824,3.843,5.439,93.2,12.17,96.5,37.89783,-90.64315,268.9,214.4,8.08,-93.7,11.8,0,4.092
12:58:22 PM,1/23/2026,260123-125510-112.bin,112,0,-0.17,-0.52,752.1,-0.06,-0.16,151.7,252.6,164,0.12,256,3.781,3.787,5.378,93.2,12.18,96.5,37.89783,-90.64315,268.8,214.4,8.08,-93.7,11.8,0,4.092
12:58:21 PM,1/23/2026,260123-125510-112.bin,112,0,-0.16,-0.58,752.3,-0.06,-0.15,151.7,252.6,164,0.12,256,3.756,3.775,5.343,93.2,12.18,96.5,37.89783,-90.64315,268.9,214.4,8.08,-93.7,11.8,0,4.092
12:58:20 PM,1/23/2026,260123-125510-112.bin,112,0,-0.15,-0.51,752.2,-0.06,-0.1,151.8,252.6,164,0.12,256,3.736,3.741,5.314,93.2,12.17,96.5,37.89783,-90.64316,268.9,214.3,8.08,-93.7,11.8,0,4.092
12:58:19 PM,1/23/2026,260123-125510-112.bin,112,0,-0.18,-0.42,752.2,-0.06,-0.11,151.7,252.6,164,0.12,255.9,3.714,3.713,5.283,93.2,12.18,96.5,37.89783,-90.64316,268.7,214.3,8.08,-93.7,11.8,0,4.092
12:58:18 PM,1/23/2026,260123-125510-112.bin,112,0,-0.18,-0.43,752.1,-0.05,-0.16,151.7,252.6,164,0.12,255.9,3.685,3.685,5.241,93.2,12.17,96.5,37.89783,-90.64316,268.8,214.3,8.08,-93.7,11.8,0,4.092
12:58:17 PM,1/23/2026,260123-125510-112.bin,112,0,-0.16,-0.42,752.2,-0.03,-0.17,151.7,252.6,164,0.12,255.9,3.669,3.661,5.218,93.2,12.17,96.5,37.89783,-90.64316,268.8,214.3,8.08,-93.7,11.8,0,4.092
12:58:16 PM,1/23/2026,260123-125510-112.bin,112,0,-0.15,-0.46,752.2,-0.04,-0.14,151.7,252.6,164,0.12,255.9,3.671,3.667,5.221,93.2,12.17,96.4,37.89783,-90.64316,268.7,214.2,8.08,-93.7,11.8,0,4.093
12:58:15 PM,1/23/2026,260123-125510-112.bin,112,0,-0.16,-0.43,752.2,-0.04,-0.13,151.7,252.5,164,0.12,255.9,3.65,3.662,5.191,93.2,12.17,96.4,37.89783,-90.64316,269,214.2,8.08,-93.7,11.8,0,4.093
12:58:14 PM,1/23/2026,260123-125510-112.bin,112,0,-0.16,-0.34,752.2,-0.05,-0.17,151.6,252.5,164,0.12,255.8,3.631,3.644,5.165,93.2,12.17,96.4,37.89783,-90.64316,269,214.2,8.08,-93.7,11.8,0,4.093
12:58:13 PM,1/23/2026,260123-125510-112.bin,112,0,-0.15,-0.38,752.2,-0.06,-0.2,151.7,252.6,164,0.12,255.9,3.61,3.632,5.135,93.2,12.17,96.4,37.89783,-90.64316,268.9,214.2,8.08,-93.7,11.8,0,4.092
12:58:12 PM,1/23/2026,260123-125510-112.bin,112,0,-0.16,-0.45,752.2,-0.04,-0.2,151.7,252.6,164,0.12,256,3.591,3.597,5.107,93.2,12.18,96.5,37.89783,-90.64317,268.9,214.1,8.08,-93.8,11.8,0,4.092
12:58:11 PM,1/23/2026,260123-125510-112.bin,112,0,-0.16,-0.31,752.2,-0.04,-0.17,151.8,252.7,164,0.12,256,3.568,3.575,5.075,93.2,12.18,96.5,37.89784,-90.64317,268.7,214.1,8.08,-93.8,11.8,0,4.094
12:58:10 PM,1/23/2026,260123-125510-112.bin,112,0,-0.18,-0.31,752.2,-0.03,-0.15,151.9,252.8,164,0.12,256.2,3.554,3.559,5.056,93.2,12.18,96.5,37.89784,-90.64317,268.4,214.1,8.08,-93.8,11.8,0,4.096
12:58:09 PM,1/23/2026,260123-125510-112.bin,112,0,-0.16,-0.55,752.2,-0.01,-0.17,151.9,252.9,164,0.12,256.2,3.513,3.546,4.997,93.2,12.18,96.5,37.89784,-90.64317,268.4,214.1,8.08,-93.7,11.8,0,4.096
12:58:08 PM,1/23/2026,260123-125510-112.bin,112,0,-0.14,-0.54,752.1,-0.04,-0.14,151.7,252.5,164,0.12,255.9,3.492,3.493,4.967,93.2,12.18,96.5,37.89784,-90.64317,268.2,214.1,8.08,-93.7,11.8,0,4.097
12:58:07 PM,1/23/2026,260123-125510-112.bin,112,0,-0.14,-0.4,752.2,-0.07,-0.15,151.7,252.6,164,0.12,255.9,3.48,3.476,4.95,93.2,12.17,96.5,37.89784,-90.64317,268.2,214.1,8.08,-93.7,11.8,0,4.098
12:58:06 PM,1/23/2026,260123-125510-112.bin,112,0,-0.16,-0.43,752.2,-0.1,-0.19,151.7,252.6,164,0.12,255.9,3.468,3.483,4.933,93.2,12.17,96.5,37.89784,-90.64317,268.2,214.1,8.08,-93.6,11.8,0,4.097
12:58:05 PM,1/23/2026,260123-125510-112.bin,112,0,-0.17,-0.41,752.2,-0.08,-0.18,151.7,252.5,164,0.12,255.8,3.452,3.451,4.911,93.2,12.18,96.5,37.89784,-90.64317,268.2,214.2,8.08,-93.6,11.8,0,4.098
12:58:04 PM,1/23/2026,260123-125510-112.bin,112,0,-0.18,-0.41,752.2,-0.03,-0.19,151.8,252.6,164,0.12,256,3.459,3.456,4.921,93.2,12.18,96.5,37.89784,-90.64317,268.3,214.2,8.08,-93.5,11.8,0,4.098
12:58:03 PM,1/23/2026,260123-125510-112.bin,112,0,-0.17,-0.53,752.2,-0.03,-0.19,151.8,252.6,164,0.12,256,3.44,3.443,4.893,93.2,12.17,96.5,37.89785,-90.64317,268.4,214.2,8.08,-93.5,11.8,0,4.098
12:58:02 PM,1/23/2026,260123-125510-112.bin,112,0,-0.19,-0.53,752.2,-0.06,-0.16,151.7,252.6,164,0.12,255.9,3.376,3.391,4.803,93.2,12.18,96.5,37.89785,-90.64318,268.4,214.2,8.08,-93.5,11.8,0,4.098
12:58:01 PM,1/23/2026,260123-125510-112.bin,112,0,-0.18,-0.5,752.2,-0.05,-0.13,151.8,252.7,164,0.12,256,3.359,3.365,4.778,93.2,12.17,96.5,37.89785,-90.64318,268.4,214.2,8.08,-93.5,11.8,0,4.098
12:58:00 PM,1/23/2026,260123-125510-112.bin,112,0,-0.16,-0.39,752.2,-0.05,-0.15,151.8,252.7,164,0.12,256,3.354,3.341,4.77,93.2,12.18,96.5,37.89785,-90.64318,268.1,214.2,8.08,-93.5,11.8,0,4.098
12:57:59 PM,1/23/2026,260123-125510-112.bin,112,0,-0.13,-0.34,752.2,-0.07,-0.17,151.7,252.5,164,0.12,255.9,3.368,3.376,4.791,93.2,12.18,96.5,37.89785,-90.64319,268,214.2,8.08,-93.5,11.8,0,4.099
12:57:58 PM,1/23/2026,260123-125510-112.bin,112,0,-0.13,-0.41,752.2,-0.06,-0.15,151.7,252.5,164,0.12,255.8,3.35,3.358,4.765,93.2,12.18,96.5,37.89785,-90.64319,268,214.1,8.08,-93.5,11.8,0,4.098
12:57:57 PM,1/23/2026,260123-125510-112.bin,112,0,-0.13,-0.38,752.2,-0.05,-0.13,151.8,252.6,164,0.12,256,3.326,3.336,4.732,93.2,12.18,96.5,37.89785,-90.64319,267.9,214.1,8.08,-93.4,11.8,0,4.098
12:57:56 PM,1/23/2026,260123-125510-112.bin,112,0,-0.13,-0.44,752.2,-0.06,-0.14,151.8,252.6,164,0.12,256,3.301,3.302,4.696,93.2,12.18,96.5,37.89785,-90.64319,267.9,214.1,8.08,-93.4,11.8,0,4.097
12:57:55 PM,1/23/2026,260123-125510-112.bin,112,0,-0.14,-0.57,752.1,-0.07,-0.15,151.8,252.6,164,0.12,256,3.289,3.304,4.678,93.2,12.18,96.5,37.89785,-90.64319,267.8,214.1,8.08,-93.4,11.8,0,4.097
12:57:54 PM,1/23/2026,260123-125510-112.bin,112,0,-0.15,-0.52,752.2,-0.08,-0.15,151.8,252.6,164,0.12,256,3.262,3.292,4.64,93.2,12.18,96.5,37.89785,-90.64319,267.7,214.1,8.08,-93.4,11.8,0,4.098
12:57:53 PM,1/23/2026,260123-125510-112.bin,112,0,-0.15,-0.33,752.1,-0.06,-0.15,151.7,252.5,164,0.12,255.9,3.22,3.215,4.58,93.2,12.18,96.5,37.89785,-90.6432,267.7,214.1,8.08,-93.4,11.8,0,4.098
12:57:52 PM,1/23/2026,260123-125510-112.bin,112,0,-0.16,-0.32,752.2,-0.05,-0.11,151.8,252.6,164,0.12,256,3.219,3.222,4.579,93.2,12.18,96.5,37.89785,-90.6432,267.5,214,8.08,-93.4,11.8,0,4.098
12:57:51 PM,1/23/2026,260123-125510-112.bin,112,0,-0.14,-0.4,752.2,-0.07,-0.12,151.8,252.7,164,0.12,256.1,3.203,3.215,4.556,93.2,12.18,96.5,37.89785,-90.6432,267.7,214,8.08,-93.4,11.8,0,4.097
12:57:50 PM,1/23/2026,260123-125510-112.bin,112,0,-0.12,-0.46,752.2,-0.06,-0.12,151.8,252.6,164,0.12,256,3.16,3.172,4.495,93.2,12.18,96.5,37.89785,-90.6432,267.7,214,8.07,-93.4,11.8,0,4.098
12:57:49 PM,1/23/2026,260123-125510-112.bin,112,0,-0.14,-0.5,752.2,-0.06,-0.13,151.8,252.6,164,0.12,256,3.121,3.135,4.439,93.2,12.18,96.5,37.89785,-90.6432,267.6,214,8.07,-93.4,11.8,0,4.097
12:57:48 PM,1/23/2026,260123-125510-112.bin,112,0,-0.15,-0.48,752.2,-0.06,-0.16,151.8,252.7,164,0.12,256.1,3.109,3.102,4.422,93.2,12.18,96.5,37.89785,-90.6432,267.3,214,8.07,-93.4,11.8,0,4.097
12:57:47 PM,1/23/2026,260123-125510-112.bin,112,0,-0.16,-0.52,752.2,-0.06,-0.17,151.8,252.8,164,0.12,256.1,3.115,3.125,4.43,93.2,12.18,96.5,37.89785,-90.6432,267.4,214,8.07,-93.3,11.8,0,4.097
12:57:46 PM,1/23/2026,260123-125510-112.bin,112,0,-0.18,-0.45,752.2,-0.06,-0.17,151.9,252.9,164,0.12,256.2,3.085,3.088,4.387,93.2,12.18,96.5,37.89785,-90.6432,267.7,214,8.07,-93.3,11.8,0,4.096
12:57:45 PM,1/23/2026,260123-125510-112.bin,112,0,-0.2,-0.36,752.3,-0.05,-0.17,151.8,252.7,164,0.12,256.1,3.07,3.071,4.366,93.2,12.18,96.5,37.89785,-90.6432,267.6,214,8.07,-93.3,11.8,0,4.096
12:57:44 PM,1/23/2026,260123-125510-112.bin,112,0,-0.18,-0.51,752.2,-0.06,-0.15,151.7,252.6,164,0.12,255.9,3.059,3.062,4.351,93.2,12.18,96.5,37.89785,-90.64321,267.5,213.9,8.07,-93.3,11.8,0,4.097
12:57:43 PM,1/23/2026,260123-125510-112.bin,112,0,-0.15,-0.58,752.3,-0.07,-0.17,151.7,252.5,164,0.12,255.9,3.042,3.052,4.327,93.2,12.18,96.5,37.89785,-90.64321,267.5,213.9,8.07,-93.3,11.8,0,4.097
12:57:42 PM,1/23/2026,260123-125510-112.bin,112,0,-0.12,-0.5,752.2,-0.07,-0.2,151.6,252.4,164,0.12,255.8,3.017,3.044,4.291,93.2,12.18,96.5,37.89785,-90.64321,267.4,213.9,8.07,-93.3,11.8,0,4.097
12:57:41 PM,1/23/2026,260123-125510-112.bin,112,0,-0.13,-0.49,752.3,-0.07,-0.18,151.7,252.5,164,0.12,255.9,2.98,2.978,4.239,93.2,12.18,96.5,37.89785,-90.64321,267.2,213.9,8.07,-93.3,11.8,0,4.097
12:57:40 PM,1/23/2026,260123-125510-112.bin,112,0,-0.18,-0.5,752.3,-0.06,-0.14,151.8,252.6,164,0.12,256,2.98,2.973,4.238,93.2,12.18,96.5,37.89785,-90.64321,267.4,213.9,8.07,-93.3,11.8,0,4.097
12:57:39 PM,1/23/2026,260123-125510-112.bin,112,0,-0.17,-0.53,752.2,-0.05,-0.13,151.7,252.6,164,0.12,256,2.969,2.99,4.223,93.2,12.18,96.5,37.89785,-90.64321,267.6,213.9,8.07,-93.3,11.8,0,4.096
12:57:38 PM,1/23/2026,260123-125510-112.bin,112,0,-0.13,-0.48,752.3,-0.06,-0.15,151.7,252.6,164,0.12,255.9,2.937,2.967,4.178,93.2,12.18,96.5,37.89785,-90.64321,267.7,213.8,8.07,-93.3,11.8,0,4.095
12:57:37 PM,1/23/2026,260123-125510-112.bin,112,0,-0.16,-0.4,752.3,-0.05,-0.16,151.7,252.5,164,0.12,255.9,2.897,2.89,4.121,93.2,12.18,96.5,37.89785,-90.64321,267.9,213.8,8.07,-93.3,11.8,0,4.097
12:57:36 PM,1/23/2026,260123-125510-112.bin,112,0,-0.17,-0.38,752.2,-0.04,-0.14,151.7,252.5,164,0.12,255.8,2.889,2.885,4.109,93.2,12.18,96.5,37.89785,-90.64321,267.9,213.8,8.07,-93.3,11.8,0,4.098
12:57:35 PM,1/23/2026,260123-125510-112.bin,112,0,-0.13,-0.44,752.3,-0.05,-0.15,151.7,252.6,164,0.12,255.9,2.867,2.893,4.079,93.3,12.18,96.6,37.89785,-90.6432,267.9,213.8,8.07,-93.3,11.8,0,4.099
12:57:34 PM,1/23/2026,260123-125510-112.bin,112,0,-0.14,-0.44,752.3,-0.07,-0.16,151.8,252.6,164,0.12,256,2.857,2.878,4.063,93.2,12.18,96.5,37.89785,-90.6432,267.9,213.8,8.07,-93.2,11.8,0,4.099
12:57:33 PM,1/23/2026,260123-125510-112.bin,112,0,-0.17,-0.44,752.2,-0.07,-0.14,151.7,252.5,164,0.12,255.9,2.833,2.833,4.03,93.2,12.18,96.5,37.89785,-90.6432,267.9,213.8,8.07,-93.2,11.8,0,4.099
12:57:32 PM,1/23/2026,260123-125510-112.bin,112,0,-0.17,-0.48,752.2,-0.05,-0.16,151.7,252.5,164,0.12,255.9,2.812,2.795,4,93.2,12.18,96.5,37.89785,-90.6432,267.7,213.8,8.07,-93.2,11.8,0,4.099
12:57:31 PM,1/23/2026,260123-125510-112.bin,112,0,-0.15,-0.48,752.1,-0.06,-0.18,151.7,252.4,164,0.12,255.8,2.818,2.827,4.008,93.3,12.18,96.5,37.89785,-90.6432,267.6,213.7,8.07,-93.2,11.8,0,4.099
12:57:30 PM,1/23/2026,260123-125510-112.bin,112,0,-0.16,-0.45,752.2,-0.07,-0.18,151.7,252.5,164,0.12,255.8,2.786,2.814,3.962,93.3,12.18,96.6,37.89785,-90.6432,267.5,213.7,8.07,-93.2,11.8,0,4.099
12:57:29 PM,1/23/2026,260123-125510-112.bin,112,0,-0.18,-0.43,752.2,-0.07,-0.18,151.6,252.3,164,0.12,255.7,2.766,2.766,3.935,93.3,12.18,96.5,37.89785,-90.6432,267.4,213.7,8.07,-93.2,11.8,0,4.098
12:57:28 PM,1/23/2026,260123-125510-112.bin,112,0,-0.17,-0.4,752.1,-0.05,-0.17,151.5,252.2,164,0.12,255.6,2.749,2.737,3.91,93.3,12.18,96.6,37.89785,-90.6432,267.3,213.7,8.07,-93.2,11.8,0,4.098
12:57:27 PM,1/23/2026,260123-125510-112.bin,112,0,-0.13,-0.32,752.2,-0.05,-0.15,151.6,252.3,164,0.12,255.6,2.744,2.759,3.903,93.2,12.18,96.5,37.89785,-90.6432,267.2,213.7,8.07,-93.2,11.8,0,4.098
12:57:26 PM,1/23/2026,260123-125510-112.bin,112,0,-0.14,-0.36,752.2,-0.06,-0.17,151.6,252.4,164,0.12,255.7,2.709,2.733,3.853,93.2,12.18,96.5,37.89785,-90.6432,267.3,213.7,8.07,-93.2,11.8,0,4.098
12:57:25 PM,1/23/2026,260123-125510-112.bin,112,0,-0.17,-0.49,752.1,-0.06,-0.15,151.7,252.6,164,0.12,255.9,2.691,2.69,3.827,93.3,12.18,96.5,37.89785,-90.6432,267.4,213.6,8.07,-93.2,11.8,0,4.097
12:57:24 PM,1/23/2026,260123-125510-112.bin,112,0,-0.13,-0.49,752.2,-0.07,-0.18,151.8,252.7,164,0.12,256.1,2.656,2.661,3.778,93.3,12.18,96.5,37.89785,-90.6432,267.6,213.6,8.07,-93.2,11.8,0,4.097
12:57:23 PM,1/23/2026,260123-125510-112.bin,112,0,-0.11,-0.44,752.2,-0.06,-0.2,151.9,252.8,164,0.12,256.1,2.658,2.668,3.781,93.3,12.19,96.6,37.89785,-90.6432,267.6,213.6,8.07,-93.2,11.8,0,4.097
12:57:22 PM,1/23/2026,260123-125510-112.bin,112,0,-0.12,-0.46,752.1,-0.06,-0.16,151.9,252.8,164,0.12,256.2,2.627,2.654,3.736,93.3,12.18,96.5,37.89785,-90.6432,267.6,213.5,8.07,-93.2,11.8,0,4.096
12:57:21 PM,1/23/2026,260123-125510-112.bin,112,0,-0.13,-0.42,752.2,-0.07,-0.15,151.8,252.7,164,0.12,256.1,2.61,2.601,3.712,93.3,12.19,96.5,37.89784,-90.64319,267.9,213.5,8.07,-93.2,11.8,0,4.097
12:57:20 PM,1/23/2026,260123-125510-112.bin,112,0,-0.16,-0.41,752.2,-0.07,-0.13,151.8,252.7,164,0.12,256.1,2.596,2.593,3.693,93.3,12.19,96.6,37.89784,-90.64319,268,213.5,8.07,-93.2,11.8,0,4.096
12:57:19 PM,1/23/2026,260123-125510-112.bin,112,0,-0.14,-0.4,752.3,-0.05,-0.12,151.7,252.5,164,0.12,255.9,2.606,2.613,3.707,93.3,12.19,96.6,37.89784,-90.64319,268.2,213.4,8.07,-93.2,11.8,0,4.095
12:57:18 PM,1/23/2026,260123-125510-112.bin,112,0,-0.14,-0.4,752.2,-0.03,-0.16,151.6,252.3,164,0.12,255.7,2.59,2.61,3.684,93.3,12.19,96.6,37.89784,-90.64319,268.4,213.4,8.07,-93.3,11.8,0,4.096
12:57:17 PM,1/23/2026,260123-125510-112.bin,112,0,-0.16,-0.51,752.2,-0.04,-0.17,151.7,252.5,164,0.12,255.8,2.584,2.579,3.676,93.3,12.19,96.6,37.89784,-90.64318,268.5,213.4,8.07,-93.3,11.8,0,4.096
12:57:16 PM,1/23/2026,260123-125510-112.bin,112,0,-0.15,-0.47,752.2,-0.07,-0.17,151.6,252.3,164,0.12,255.7,2.595,2.57,3.691,93.3,12.19,96.6,37.89784,-90.64318,268.6,213.3,8.07,-93.3,11.8,0,4.095
12:57:15 PM,1/23/2026,260123-125510-112.bin,112,0,-0.19,-0.43,752.2,-0.08,-0.15,151.5,252.3,164,0.12,255.6,2.595,2.611,3.691,93.3,12.19,96.6,37.89784,-90.64318,268.6,213.3,8.07,-93.3,11.8,0,4.095
12:57:14 PM,1/23/2026,260123-125510-112.bin,112,0,-0.19,-0.51,752.2,-0.06,-0.13,151.7,252.5,164,0.12,255.9,2.549,2.574,3.625,93.3,12.19,96.6,37.89784,-90.64317,268.9,213.3,8.07,-93.3,11.8,0,4.095
12:57:13 PM,1/23/2026,260123-125510-112.bin,112,0,-0.14,-0.54,752.2,-0.05,-0.13,151.7,252.6,164,0.12,255.9,2.542,2.532,3.616,93.3,12.19,96.6,37.89784,-90.64317,268.9,213.2,8.07,-93.3,11.8,0,4.095
12:57:12 PM,1/23/2026,260123-125510-112.bin,112,0,-0.15,-0.44,752.2,-0.05,-0.1,151.7,252.5,164,0.12,255.9,2.541,2.53,3.614,93.3,12.19,96.6,37.89784,-90.64317,269.1,213.2,8.07,-93.3,11.8,0,4.097
12:57:11 PM,1/23/2026,260123-125510-112.bin,112,0,-0.14,-0.34,752.2,-0.06,-0.13,151.7,252.5,164,0.12,255.8,2.532,2.544,3.602,93.3,12.19,96.6,37.89784,-90.64317,268.9,213.2,8.07,-93.3,11.8,0,4.097
12:57:10 PM,1/23/2026,260123-125510-112.bin,112,0,-0.15,-0.5,752.2,-0.08,-0.14,151.7,252.5,164,0.12,255.8,2.495,2.502,3.549,93.3,12.19,96.6,37.89784,-90.64317,268.9,213.1,8.07,-93.3,11.8,0,4.097
12:57:09 PM,1/23/2026,260123-125510-112.bin,112,0,-0.14,-0.48,752.2,-0.09,-0.12,151.8,252.7,164,0.12,256.1,2.471,2.475,3.514,93.3,12.19,96.6,37.89783,-90.64317,268.9,213.1,8.07,-93.3,11.8,0,4.096
12:57:08 PM,1/23/2026,260123-125510-112.bin,112,0,-0.12,-0.45,752.2,-0.06,-0.15,151.8,252.7,164,0.12,256.1,2.435,2.44,3.463,93.3,12.19,96.6,37.89783,-90.64317,268.9,213.1,8.07,-93.3,11.8,0,4.096
12:57:07 PM,1/23/2026,260123-125510-112.bin,112,0,-0.13,-0.56,752.2,-0.05,-0.16,151.7,252.4,164,0.12,255.8,2.429,2.443,3.455,93.3,12.19,96.6,37.89783,-90.64317,268.9,213.1,8.07,-93.3,11.8,0,4.097
12:57:06 PM,1/23/2026,260123-125510-112.bin,112,0,-0.13,-0.53,752.2,-0.07,-0.15,151.6,252.4,164,0.12,255.8,2.403,2.421,3.418,93.3,12.19,96.6,37.89783,-90.64317,269,213.1,8.07,-93.3,11.8,0,4.097
12:57:05 PM,1/23/2026,260123-125510-112.bin,112,0,-0.14,-0.49,752.2,-0.07,-0.17,151.7,252.5,164,0.12,255.9,2.37,2.37,3.372,93.3,12.19,96.6,37.89784,-90.64317,269.3,213,8.07,-93.3,11.8,0,4.097
12:57:04 PM,1/23/2026,260123-125510-112.bin,112,0,-0.15,-0.47,752.2,-0.07,-0.19,151.7,252.6,164,0.12,255.9,2.353,2.351,3.346,93.3,12.19,96.6,37.89784,-90.64317,269.5,213,8.07,-93.3,11.8,0,4.097
12:57:03 PM,1/23/2026,260123-125510-112.bin,112,0,-0.17,-0.41,752.2,-0.07,-0.15,151.7,252.5,164,0.12,255.8,2.338,2.357,3.326,93.3,12.19,96.6,37.89784,-90.64317,270,213,8.07,-93.3,11.8,0,4.097
12:57:02 PM,1/23/2026,260123-125510-112.bin,112,0,-0.15,-0.48,752.2,-0.06,-0.11,151.7,252.4,164,0.12,255.8,2.323,2.336,3.304,93.3,12.19,96.6,37.89785,-90.64318,270.3,213,8.07,-93.2,11.8,0,4.099
12:57:01 PM,1/23/2026,260123-125510-112.bin,112,0,-0.17,-0.46,752.2,-0.06,-0.14,151.7,252.5,164,0.12,255.9,2.308,2.311,3.283,93.3,12.19,96.6,37.89785,-90.64318,270,213,8.07,-93.2,11.8,0,4.099
12:57:00 PM,1/23/2026,260123-125510-112.bin,112,0,-0.19,-0.5,752.3,-0.07,-0.15,151.7,252.5,164,0.12,255.8,2.292,2.303,3.259,93.3,12.19,96.6,37.89784,-90.64318,269.9,213,8.07,-93.2,11.8,0,4.098
12:56:59 PM,1/23/2026,260123-125510-112.bin,112,0,-0.16,-0.47,752.2,-0.08,-0.13,151.7,252.5,164,0.12,255.9,2.285,2.301,3.25,93.3,12.19,96.6,37.89785,-90.64319,270.1,213,8.07,-93.1,11.8,0,4.097
12:56:58 PM,1/23/2026,260123-125510-112.bin,112,0,-0.15,-0.37,752.2,-0.08,-0.15,151.8,252.6,164,0.12,256,2.269,2.287,3.228,93.3,12.19,96.6,37.89785,-90.64319,270.5,213,8.07,-93.1,11.8,0,4.099
12:56:57 PM,1/23/2026,260123-125510-112.bin,112,0,-0.15,-0.36,752.2,-0.08,-0.15,151.7,252.4,164,0.12,255.8,2.251,2.25,3.201,93.3,12.19,96.6,37.89785,-90.64319,270.8,213,8.07,-93.1,11.8,0,4.099
12:56:56 PM,1/23/2026,260123-125510-112.bin,112,0,-0.16,-0.42,752.2,-0.07,-0.14,151.6,252.4,164,0.12,255.7,2.23,2.229,3.172,93.3,12.19,96.6,37.89785,-90.64319,270.8,213,8.07,-93.1,11.8,0,4.1
12:56:55 PM,1/23/2026,260123-125510-112.bin,112,0,-0.18,-0.47,752.1,-0.07,-0.13,151.7,252.4,164,0.12,255.8,2.22,2.24,3.158,93.3,12.19,96.6,37.89785,-90.64319,271,213,8.07,-93.1,11.8,0,4.1
12:56:54 PM,1/23/2026,260123-125510-112.bin,112,0,-0.22,-0.45,752.2,-0.08,-0.18,151.7,252.5,164,0.12,255.9,2.205,2.2,3.136,93.3,12.19,96.6,37.89785,-90.6432,271,213,8.07,-93,11.8,0,4.1
12:56:53 PM,1/23/2026,260123-125510-112.bin,112,0,-0.19,-0.39,752.1,-0.08,-0.23,151.8,252.7,164,0.12,256,2.192,2.193,3.117,93.3,12.19,96.6,37.89785,-90.6432,270.7,213,8.07,-93,11.8,0,4.1
12:56:52 PM,1/23/2026,260123-125510-112.bin,112,0,-0.16,-0.35,752.2,-0.07,-0.22,151.8,252.6,164,0.12,256,2.178,2.191,3.098,93.3,12.19,96.6,37.89785,-90.6432,270.8,213,8.07,-93,11.8,0,4.1
12:56:51 PM,1/23/2026,260123-125510-112.bin,112,0,-0.16,-0.33,752.2,-0.07,-0.2,151.7,252.5,164,0.12,255.8,2.159,2.18,3.071,93.3,12.2,96.6,37.89785,-90.6432,270.7,213,8.07,-93,11.8,0,4.101
12:56:50 PM,1/23/2026,260123-125510-112.bin,112,0,-0.18,-0.45,752.2,-0.06,-0.15,151.7,252.5,164,0.12,255.8,2.139,2.161,3.042,93.3,12.19,96.6,37.89785,-90.6432,270.7,213,8.07,-93,11.8,0,4.1
12:56:49 PM,1/23/2026,260123-125510-112.bin,112,0,-0.17,-0.55,752.2,-0.05,-0.13,151.7,252.5,164,0.12,255.9,2.118,2.117,3.013,93.4,12.2,96.7,37.89785,-90.6432,270.5,212.9,8.07,-92.9,11.8,0,4.1
12:56:48 PM,1/23/2026,260123-125510-112.bin,112,0,-0.14,-0.6,752.2,-0.07,-0.14,151.7,252.5,164,0.12,255.9,2.097,2.098,2.982,93.4,12.2,96.7,37.89785,-90.6432,270.4,212.9,8.07,-92.9,11.8,0,4.1
12:56:47 PM,1/23/2026,260123-125510-112.bin,112,0,-0.14,-0.45,752.2,-0.09,-0.19,151.6,252.4,164,0.12,255.7,2.079,2.105,2.957,93.3,12.19,96.6,37.89785,-90.6432,270.5,212.9,8.07,-92.9,11.8,0,4.1
12:56:46 PM,1/23/2026,260123-125510-112.bin,112,0,-0.16,-0.41,752.2,-0.07,-0.18,151.7,252.6,164,0.12,255.9,2.057,2.075,2.926,93.4,12.2,96.7,37.89785,-90.6432,270.6,212.9,8.07,-93,11.8,0,4.1
12:56:45 PM,1/23/2026,260123-125510-112.bin,112,0,-0.14,-0.62,752.3,-0.05,-0.16,151.8,252.7,164,0.12,256.1,2.034,2.036,2.893,93.4,12.2,96.7,37.89785,-90.6432,270.7,212.9,8.07,-92.9,11.8,0,4.099
12:56:44 PM,1/23/2026,260123-125510-112.bin,112,0,-0.17,-0.56,752.2,-0.06,-0.15,151.8,252.6,164,0.12,255.9,2.018,2.016,2.87,93.4,12.2,96.7,37.89785,-90.6432,270.7,212.9,8.07,-92.9,11.8,0,4.099
12:56:43 PM,1/23/2026,260123-125510-112.bin,112,0,-0.18,-0.37,752.2,-0.05,-0.14,151.8,252.6,164,0.12,255.9,2.011,2.03,2.86,93.4,12.2,96.7,37.89785,-90.6432,270.6,212.8,8.07,-92.9,11.8,0,4.1
12:56:42 PM,1/23/2026,260123-125510-112.bin,112,0,-0.17,-0.33,752.2,-0.06,-0.15,151.8,252.6,164,0.12,256,1.987,1.994,2.826,93.4,12.2,96.7,37.89785,-90.6432,270.5,212.8,8.07,-92.9,11.8,0,4.1
12:56:41 PM,1/23/2026,260123-125510-112.bin,112,0,-0.15,-0.49,752.2,-0.07,-0.15,151.6,252.4,164,0.12,255.7,1.984,1.985,2.822,93.4,12.2,96.7,37.89785,-90.6432,270.7,212.8,8.07,-92.9,11.8,0,4.101
12:56:40 PM,1/23/2026,260123-125510-112.bin,112,0,-0.12,-0.5,752.2,-0.07,-0.18,151.6,252.2,164,0.12,255.6,1.962,1.97,2.79,93.4,12.2,96.7,37.89785,-90.6432,270.7,212.8,8.07,-92.9,11.8,0,4.1
12:56:39 PM,1/23/2026,260123-125510-112.bin,112,0,-0.14,-0.44,752.2,-0.06,-0.17,151.6,252.3,164,0.12,255.6,1.943,1.958,2.764,93.4,12.2,96.7,37.89785,-90.6432,270.6,212.8,8.07,-92.9,11.8,0,4.099
12:56:38 PM,1/23/2026,260123-125510-112.bin,112,0,-0.17,-0.39,752.1,-0.05,-0.15,151.6,252.3,164,0.12,255.6,1.924,1.929,2.737,93.4,12.2,96.7,37.89785,-90.6432,270.5,212.8,8.06,-92.8,11.8,0,4.099
12:56:37 PM,1/23/2026,260123-125510-112.bin,112,0,-0.16,-0.43,752.1,-0.05,-0.17,151.5,252.2,164,0.12,255.6,1.905,1.905,2.709,93.4,12.2,96.7,37.89785,-90.6432,270.5,212.8,8.06,-92.8,11.8,0,4.099
12:56:36 PM,1/23/2026,260123-125510-112.bin,112,0,-0.16,-0.47,752.1,-0.07,-0.16,151.7,252.4,164,0.12,255.8,1.903,1.917,2.707,93.4,12.2,96.7,37.89785,-90.6432,270.6,212.7,8.06,-92.8,11.8,0,4.099
12:56:35 PM,1/23/2026,260123-125510-112.bin,112,0,-0.17,-0.39,752.1,-0.07,-0.16,151.7,252.5,164,0.12,255.9,1.867,1.885,2.655,93.4,12.2,96.7,37.89785,-90.6432,270.5,212.7,8.06,-92.8,11.8,0,4.1
12:56:34 PM,1/23/2026,260123-125510-112.bin,112,0,-0.18,-0.5,752.1,-0.06,-0.17,151.6,252.4,164,0.12,255.7,1.844,1.864,2.622,93.4,12.2,96.7,37.89785,-90.6432,270.6,212.7,8.06,-92.8,11.8,0,4.099
12:56:33 PM,1/23/2026,260123-125510-112.bin,112,0,-0.13,-0.48,752.1,-0.07,-0.18,151.6,252.4,164,0.12,255.8,1.829,1.83,2.601,93.4,12.2,96.7,37.89785,-90.6432,270.6,212.7,8.06,-92.8,11.8,0,4.099
12:56:32 PM,1/23/2026,260123-125510-112.bin,112,0,-0.12,-0.44,752.2,-0.04,-0.2,151.7,252.5,164,0.12,255.8,1.799,1.8,2.559,93.4,12.21,96.7,37.89785,-90.64319,270.6,212.7,8.06,-92.8,11.8,0,4.098
12:56:31 PM,1/23/2026,260123-125510-112.bin,112,0,-0.14,-0.54,752.2,-0.06,-0.16,151.7,252.5,164,0.12,255.8,1.787,1.804,2.542,93.4,12.21,96.7,37.89785,-90.64319,270.5,212.6,8.06,-92.8,11.8,0,4.097
12:56:30 PM,1/23/2026,260123-125510-112.bin,112,0,-0.15,-0.47,752.1,-0.08,-0.14,151.7,252.6,164,0.12,255.9,1.762,1.766,2.506,93.4,12.21,96.7,37.89785,-90.64319,270.4,212.6,8.06,-92.8,11.8,0,4.096
12:56:29 PM,1/23/2026,260123-125510-112.bin,112,0,-0.15,-0.48,752.2,-0.08,-0.18,151.6,252.4,164,0.12,255.7,1.759,1.76,2.502,93.5,12.21,96.7,37.89785,-90.64319,270.3,212.6,8.06,-92.7,11.8,0,4.096
12:56:28 PM,1/23/2026,260123-125510-112.bin,112,0,-0.14,-0.48,752.1,-0.07,-0.21,151.6,252.3,164,0.12,255.6,1.736,1.751,2.47,93.4,12.21,96.7,37.89785,-90.64319,270.1,212.6,8.06,-92.7,11.8,0,4.096
12:56:27 PM,1/23/2026,260123-125510-112.bin,112,0,-0.15,-0.37,752.2,-0.06,-0.19,151.7,252.6,164,0.12,255.9,1.707,1.717,2.428,93.4,12.21,96.7,37.89785,-90.64319,270,212.6,8.06,-92.7,11.8,0,4.095
12:56:26 PM,1/23/2026,260123-125510-112.bin,112,0,-0.15,-0.4,752.1,-0.06,-0.16,151.7,252.6,164,0.12,255.9,1.687,1.709,2.399,93.5,12.21,96.8,37.89785,-90.64319,269.9,212.6,8.06,-92.7,11.8,0,4.096
12:56:25 PM,1/23/2026,260123-125510-112.bin,112,0,-0.15,-0.45,752.2,-0.06,-0.18,151.6,252.4,164,0.12,255.7,1.658,1.665,2.358,93.5,12.22,96.8,37.89785,-90.64319,269.8,212.6,8.06,-92.7,11.8,0,4.096
12:56:24 PM,1/23/2026,260123-125510-112.bin,112,0,-0.17,-0.33,752.1,-0.04,-0.17,151.7,252.5,164,0.12,255.8,1.643,1.658,2.337,93.5,12.21,96.8,37.89785,-90.64319,269.8,212.5,8.06,-92.7,11.8,0,4.097
12:56:23 PM,1/23/2026,260123-125510-112.bin,112,0,-0.17,-0.27,752.1,-0.07,-0.18,151.7,252.5,164,0.12,255.8,1.59,1.6,2.262,93.5,12.21,96.8,37.89785,-90.64319,269.8,212.5,8.06,-92.7,11.8,0,4.097
12:56:22 PM,1/23/2026,260123-125510-112.bin,112,0,-0.16,-0.38,752.1,-0.09,-0.2,151.8,252.6,164,0.12,256,1.583,1.586,2.251,93.5,12.21,96.8,37.89785,-90.64319,269.8,212.5,8.06,-92.7,11.8,0,4.097
12:56:21 PM,1/23/2026,260123-125510-112.bin,112,0,-0.14,-0.51,752.2,-0.08,-0.19,151.9,252.8,164,0.12,256.2,1.564,1.576,2.225,93.5,12.22,96.8,37.89785,-90.64319,269.7,212.5,8.06,-92.6,11.8,0,4.096
12:56:20 PM,1/23/2026,260123-125510-112.bin,112,0,-0.14,-0.5,752.1,-0.08,-0.16,151.7,252.6,164,0.12,256,1.523,1.537,2.166,93.5,12.22,96.8,37.89785,-90.64319,269.6,212.4,8.06,-92.7,11.8,0,4.095
12:56:19 PM,1/23/2026,260123-125510-112.bin,112,0,-0.16,-0.4,752.1,-0.09,-0.13,151.6,252.3,164,0.12,255.7,1.49,1.505,2.119,93.5,12.22,96.8,37.89785,-90.64319,269.6,212.4,8.06,-92.7,11.8,0,4.097
12:56:18 PM,1/23/2026,260123-125510-112.bin,112,0,-0.16,-0.49,752,-0.1,-0.15,151.6,252.3,164,0.12,255.7,1.462,1.465,2.079,93.5,12.22,96.8,37.89785,-90.64319,269.7,212.4,8.06,-92.7,11.8,0,4.098
12:56:17 PM,1/23/2026,260123-125510-112.bin,112,0,-0.14,-0.53,752.1,-0.08,-0.2,151.6,252.4,164,0.12,255.7,1.45,1.451,2.062,93.5,12.22,96.8,37.89785,-90.64319,269.8,212.4,8.06,-92.7,11.8,0,4.097
12:56:16 PM,1/23/2026,260123-125510-112.bin,112,0,-0.14,-0.5,752.1,-0.07,-0.19,151.7,252.4,164,0.12,255.8,1.425,1.44,2.028,93.5,12.22,96.8,37.89785,-90.64319,269.8,212.3,8.06,-92.6,11.8,0,4.096
12:56:15 PM,1/23/2026,260123-125510-112.bin,112,0,-0.16,-0.48,752,-0.06,-0.16,151.7,252.5,164,0.12,255.8,1.406,1.419,2,93.5,12.22,96.8,37.89785,-90.64319,269.7,212.3,8.06,-92.6,11.8,0,4.095
12:56:14 PM,1/23/2026,260123-125510-112.bin,112,0,-0.15,-0.47,752.1,-0.06,-0.13,151.7,252.5,164,0.12,255.8,1.384,1.377,1.968,93.5,12.22,96.8,37.89785,-90.64319,269.8,212.3,8.06,-92.6,11.8,0,4.094
12:56:13 PM,1/23/2026,260123-125510-112.bin,112,0,-0.18,-0.46,752,-0.07,-0.15,151.6,252.4,164,0.12,255.8,1.382,1.389,1.965,93.5,12.22,96.8,37.89785,-90.64319,269.8,212.3,8.06,-92.6,11.8,0,4.094
12:56:12 PM,1/23/2026,260123-125510-112.bin,112,0,-0.18,-0.4,752,-0.09,-0.16,151.6,252.3,164,0.12,255.7,1.364,1.394,1.941,93.5,12.22,96.8,37.89785,-90.64319,269.7,212.2,8.06,-92.6,11.8,0,4.094
12:56:11 PM,1/23/2026,260123-125510-112.bin,112,0,-0.15,-0.44,752.1,-0.09,-0.17,151.7,252.5,164,0.12,255.8,1.341,1.341,1.907,93.5,12.22,96.8,37.89785,-90.64319,269.7,212.2,8.06,-92.6,11.8,0,4.094
12:56:10 PM,1/23/2026,260123-125510-112.bin,112,0,-0.12,-0.54,752.1,-0.06,-0.19,151.7,252.5,164,0.12,255.9,1.323,1.321,1.882,93.5,12.22,96.8,37.89785,-90.64319,269.7,212.2,8.06,-92.6,11.8,0,4.094
12:56:09 PM,1/23/2026,260123-125510-112.bin,112,0,-0.12,-0.6,752.1,-0.06,-0.2,151.7,252.5,164,0.12,255.9,1.328,1.333,1.889,93.5,12.22,96.8,37.89785,-90.64319,269.7,212.1,8.06,-92.6,11.8,0,4.094
12:56:08 PM,1/23/2026,260123-125510-112.bin,112,0,-0.14,-0.6,752,-0.08,-0.17,151.7,252.6,164,0.12,255.9,1.312,1.328,1.865,93.5,12.22,96.8,37.89785,-90.64319,269.6,212.1,8.06,-92.6,11.8,0,4.094
12:56:07 PM,1/23/2026,260123-125510-112.bin,112,0,-0.17,-0.49,752.1,-0.06,-0.14,151.8,252.7,164,0.12,256,1.264,1.281,1.798,93.5,12.22,96.8,37.89785,-90.64319,269.5,212.1,8.06,-92.6,11.8,0,4.093
12:56:06 PM,1/23/2026,260123-125510-112.bin,112,0,-0.19,-0.43,752.1,-0.09,-0.18,151.8,252.7,164,0.12,256,1.24,1.238,1.764,93.6,12.23,96.9,37.89785,-90.64319,269.6,212.1,8.06,-92.6,11.8,0,4.093
12:56:05 PM,1/23/2026,260123-125510-112.bin,112,0,-0.17,-0.45,752.1,-0.1,-0.2,151.7,252.6,164,0.12,255.9,1.241,1.25,1.766,93.5,12.22,96.8,37.89785,-90.64319,269.5,212.1,8.06,-92.6,11.8,0,4.093
12:56:04 PM,1/23/2026,260123-125510-112.bin,112,0,-0.18,-0.42,752.2,-0.05,-0.18,151.6,252.5,164,0.12,255.8,1.209,1.235,1.719,93.5,12.22,96.8,37.89785,-90.64319,269.6,212,8.06,-92.6,11.8,0,4.093
12:56:03 PM,1/23/2026,260123-125510-112.bin,112,0,-0.18,-0.38,752,-0.06,-0.17,151.6,252.4,164,0.12,255.8,1.166,1.17,1.659,93.6,12.23,96.9,37.89785,-90.64319,269.6,212,8.06,-92.6,11.8,0,4.093
12:56:02 PM,1/23/2026,260123-125510-112.bin,112,0,-0.14,-0.31,752.1,-0.06,-0.17,151.6,252.4,164,0.12,255.8,1.153,1.147,1.64,93.6,12.23,96.9,37.89785,-90.64319,269.6,212,8.06,-92.5,11.8,0,4.094
12:56:01 PM,1/23/2026,260123-125510-112.bin,112,0,-0.14,-0.3,752.1,-0.05,-0.19,151.6,252.4,164,0.12,255.7,1.152,1.154,1.639,93.6,12.23,96.9,37.89785,-90.64319,269.7,212,8.06,-92.5,11.8,0,4.094
12:56:00 PM,1/23/2026,260123-125510-112.bin,112,0,-0.17,-0.45,752.1,-0.06,-0.19,151.6,252.4,164,0.12,255.8,1.141,1.156,1.623,93.6,12.23,96.9,37.89785,-90.64319,269.8,212,8.06,-92.5,11.8,0,4.094
12:55:59 PM,1/23/2026,260123-125510-112.bin,112,0,-0.17,-0.41,752.1,-0.08,-0.17,151.7,252.5,164,0.12,255.8,1.112,1.115,1.582,93.6,12.23,96.9,37.89785,-90.6432,269.6,212,8.06,-92.5,11.8,0,4.094
12:55:58 PM,1/23/2026,260123-125510-112.bin,112,0,-0.15,-0.44,752.1,-0.09,-0.15,151.7,252.5,164,0.12,255.9,1.087,1.084,1.546,93.6,12.23,96.9,37.89785,-90.6432,269.7,212,8.06,-92.5,11.8,0,4.094
12:55:57 PM,1/23/2026,260123-125510-112.bin,112,0,-0.16,-0.54,752.1,-0.08,-0.14,151.8,252.7,164,0.12,256,1.09,1.098,1.55,93.6,12.23,96.9,37.89785,-90.6432,269.8,211.9,8.06,-92.5,11.8,0,4.095
12:55:56 PM,1/23/2026,260123-125510-112.bin,112,0,-0.14,-0.39,752.1,-0.08,-0.13,151.8,252.7,164,0.12,256.1,1.076,1.093,1.53,93.6,12.23,96.9,37.89786,-90.6432,269.8,211.9,8.06,-92.5,11.8,0,4.094
12:55:55 PM,1/23/2026,260123-125510-112.bin,112,0,-0.16,-0.31,752.1,-0.08,-0.15,151.8,252.8,164,0.12,256.1,1.044,1.053,1.485,93.6,12.23,96.9,37.89786,-90.6432,269.9,211.8,8.06,-92.5,11.8,0,4.093
12:55:54 PM,1/23/2026,260123-125510-112.bin,112,0,-0.17,-0.36,752.1,-0.07,-0.18,151.9,252.8,164,0.12,256.2,1.021,1.021,1.452,93.6,12.23,96.9,37.89786,-90.6432,270,211.8,8.06,-92.5,11.8,0,4.093
12:55:53 PM,1/23/2026,260123-125510-112.bin,112,0,-0.13,-0.47,752,-0.06,-0.19,151.7,252.6,164,0.12,256,1.019,1.028,1.449,93.6,12.23,96.9,37.89786,-90.6432,270,211.8,8.06,-92.5,11.8,0,4.093
12:55:52 PM,1/23/2026,260123-125510-112.bin,112,0,-0.17,-0.58,752.1,-0.07,-0.17,151.6,252.4,164,0.12,255.7,0.987,1.014,1.403,93.6,12.24,97,37.89786,-90.6432,270.1,211.7,8.06,-92.5,11.8,0,4.093
12:55:51 PM,1/23/2026,260123-125510-112.bin,112,0,-0.16,-0.52,752.1,-0.07,-0.14,151.6,252.3,164,0.12,255.7,0.966,0.968,1.374,93.7,12.24,97,37.89786,-90.6432,270.1,211.7,8.06,-92.5,11.8,0,4.092
12:55:50 PM,1/23/2026,260123-125510-112.bin,112,0,-0.11,-0.55,752.1,-0.05,-0.16,151.6,252.4,164,0.12,255.7,0.94,0.935,1.337,93.7,12.24,97,37.89786,-90.6432,270,211.7,8.06,-92.5,11.8,0,4.091
12:55:49 PM,1/23/2026,260123-125510-112.bin,112,0,-0.14,-0.49,752.2,-0.05,-0.17,151.6,252.4,164,0.12,255.8,0.933,0.952,1.327,93.7,12.24,97,37.89786,-90.6432,270,211.7,8.06,-92.5,11.8,0,4.09
12:55:48 PM,1/23/2026,260123-125510-112.bin,112,0,-0.15,-0.41,752.1,-0.05,-0.17,151.6,252.5,164,0.12,255.8,0.922,0.939,1.311,93.7,12.24,97,37.89786,-90.6432,270,211.6,8.06,-92.4,11.8,0,4.09
12:55:47 PM,1/23/2026,260123-125510-112.bin,112,0,-0.14,-0.49,752.1,-0.05,-0.16,151.6,252.4,164,0.12,255.7,0.899,0.906,1.279,93.7,12.24,97,37.89786,-90.6432,270.1,211.6,8.06,-92.4,11.8,0,4.091
12:55:46 PM,1/23/2026,260123-125510-112.bin,112,0,-0.15,-0.53,752.1,-0.08,-0.18,151.6,252.3,164,0.12,255.7,0.871,0.871,1.239,93.7,12.24,97,37.89786,-90.6432,269.9,211.6,8.06,-92.4,11.8,0,4.09
12:55:45 PM,1/23/2026,260123-125510-112.bin,112,0,-0.13,-0.57,752.1,-0.1,-0.17,151.6,252.4,164,0.12,255.7,0.869,0.878,1.237,93.7,12.25,97,37.89786,-90.6432,269.9,211.6,8.06,-92.4,11.8,0,4.089
12:55:44 PM,1/23/2026,260123-125510-112.bin,112,0,-0.15,-0.46,752.2,-0.1,-0.11,151.7,252.6,164,0.12,256,0.843,0.861,1.199,93.7,12.24,97,37.89786,-90.6432,270,211.6,8.06,-92.4,11.8,0,4.089
12:55:43 PM,1/23/2026,260123-125510-112.bin,112,0,-0.18,-0.51,752.1,-0.1,-0.15,151.7,252.6,164,0.12,256,0.819,0.822,1.166,93.7,12.24,97,37.89786,-90.6432,270,211.5,8.06,-92.4,11.8,0,4.088
12:55:42 PM,1/23/2026,260123-125510-112.bin,112,0,-0.15,-0.49,752,-0.1,-0.16,151.6,252.5,164,0.12,255.9,0.79,0.791,1.124,93.7,12.25,97,37.89786,-90.6432,269.9,211.5,8.06,-92.4,11.8,0,4.086
12:55:41 PM,1/23/2026,260123-125510-112.bin,112,0,-0.13,-0.45,752.1,-0.05,-0.21,151.6,252.5,164,0.12,255.8,0.787,0.792,1.12,93.7,12.25,97,37.89786,-90.6432,270.1,211.5,8.06,-92.3,11.8,0,4.087
12:55:40 PM,1/23/2026,260123-125510-112.bin,112,0,-0.16,-0.48,752.1,-0.04,-0.18,151.6,252.4,164,0.12,255.8,0.755,0.776,1.074,93.7,12.24,97,37.89786,-90.6432,270.2,211.4,8.06,-92.3,11.8,0,4.087
12:55:39 PM,1/23/2026,260123-125510-112.bin,112,0,-0.18,-0.44,752.1,-0.06,-0.19,151.6,252.4,164,0.12,255.8,0.742,0.737,1.055,93.7,12.24,97,37.89786,-90.64319,270.1,211.4,8.06,-92.3,11.8,0,4.087
12:55:38 PM,1/23/2026,260123-125510-112.bin,112,0,-0.16,-0.37,752.2,-0.07,-0.16,151.6,252.4,164,0.12,255.8,0.723,0.722,1.028,93.7,12.25,97,37.89786,-90.64319,270.2,211.3,8.06,-92.4,11.8,0,4.087
12:55:37 PM,1/23/2026,260123-125510-112.bin,112,0,-0.15,-0.46,752.1,-0.09,-0.11,151.6,252.5,164,0.12,255.9,0.711,0.729,1.012,93.7,12.25,97,37.89786,-90.64319,270.2,211.3,8.06,-92.4,11.8,0,4.086
12:55:36 PM,1/23/2026,260123-125510-112.bin,112,0,-0.15,-0.53,752.2,-0.11,-0.12,151.7,252.5,164,0.12,255.9,0.691,0.715,0.983,93.7,12.25,97,37.89786,-90.64319,270.4,211.3,8.06,-92.4,11.8,0,4.087
12:55:35 PM,1/23/2026,260123-125510-112.bin,112,0,-0.14,-0.41,752.2,-0.11,-0.15,151.7,252.5,164,0.12,255.9,0.678,0.675,0.965,93.7,12.25,97.1,37.89786,-90.64319,270.6,211.3,8.06,-92.3,11.8,0,4.088
12:55:34 PM,1/23/2026,260123-125510-112.bin,112,0,-0.13,-0.46,752.1,-0.08,-0.12,151.7,252.6,164,0.12,255.9,0.658,0.655,0.936,93.7,12.25,97,37.89786,-90.64319,270.6,211.2,8.06,-92.3,11.8,0,4.088
12:55:33 PM,1/23/2026,260123-125510-112.bin,112,0,-0.14,-0.5,752.1,-0.07,-0.13,151.7,252.6,164,0.12,256,0.65,0.667,0.925,93.8,12.25,97.1,37.89786,-90.64319,270.5,211.2,8.06,-92.3,11.8,0,4.089
12:55:32 PM,1/23/2026,260123-125510-112.bin,112,0,-0.14,-0.5,752.2,-0.07,-0.16,151.8,252.7,164,0.12,256,0.637,0.66,0.907,93.8,12.26,97.1,37.89786,-90.64319,270.5,211.2,8.06,-92.3,11.8,0,4.09
12:55:31 PM,1/23/2026,260123-125510-112.bin,112,0,-0.14,-0.46,752.1,-0.08,-0.13,151.7,252.6,164,0.12,255.9,0.627,0.624,0.892,93.8,12.26,97.1,37.89786,-90.64319,270.6,211.1,8.06,-92.3,11.8,0,4.09
12:55:30 PM,1/23/2026,260123-125510-112.bin,112,0,-0.18,-0.51,752.2,-0.07,-0.14,151.6,252.4,164,0.12,255.8,0.612,0.613,0.871,93.8,12.26,97.1,37.89786,-90.64319,270.7,211.1,8.06,-92.3,11.8,0,4.09
12:55:29 PM,1/23/2026,260123-125510-112.bin,112,0,-0.17,-0.5,752.1,-0.06,-0.15,151.6,252.5,164,0.12,255.8,0.607,0.617,0.863,93.8,12.26,97.1,37.89786,-90.64319,270.8,211,8.06,-92.3,11.8,0,4.091
12:55:28 PM,1/23/2026,260123-125510-112.bin,112,0,-0.15,-0.46,752.1,-0.09,-0.12,151.6,252.4,164,0.12,255.7,0.576,0.6,0.819,93.8,12.26,97.1,37.89786,-90.64319,270.9,211,8.06,-92.3,11.8,0,4.091
12:55:27 PM,1/23/2026,260123-125510-112.bin,112,0,-0.16,-0.45,752.2,-0.11,-0.13,151.6,252.5,164,0.12,255.7,0.556,0.557,0.79,93.8,12.26,97.1,37.89786,-90.64318,270.7,211,8.06,-92.3,11.8,0,4.091
12:55:26 PM,1/23/2026,260123-125510-112.bin,112,0,-0.17,-0.44,752.1,-0.09,-0.12,151.7,252.6,164,0.12,255.9,0.528,0.53,0.751,93.9,12.27,97.2,37.89786,-90.64318,270.8,210.9,8.06,-92.3,11.8,0,4.092
12:55:25 PM,1/23/2026,260123-125510-112.bin,112,0,-0.17,-0.39,752.2,-0.05,-0.11,151.6,252.4,164,0.12,255.8,0.492,0.514,0.699,93.9,12.27,97.2,37.89786,-90.64318,270.9,210.9,8.05,-92.3,11.8,0,4.09
12:55:24 PM,1/23/2026,260123-125510-112.bin,112,0,-0.18,-0.35,752.1,-0.05,-0.12,151.6,252.4,164,0.12,255.8,0.414,0.453,0.589,93.9,12.27,97.2,37.89786,-90.64318,271,210.9,8.05,-92.2,11.8,0,4.09
12:55:23 PM,1/23/2026,260123-125510-112.bin,112,0,-0.21,-0.38,752.1,-0.09,-0.14,151.7,252.6,164,0.12,255.9,0.379,0.389,0.538,93.9,12.27,97.2,37.89786,-90.64318,271.1,211,8.05,-92.1,11.8,0,4.091
12:55:22 PM,1/23/2026,260123-125510-112.bin,112,0,-0.18,-0.45,752.1,-0.09,-0.17,151.7,252.5,164,0.12,255.9,0.353,0.351,0.502,93.9,12.27,97.2,37.89786,-90.64318,271.2,211,8.05,-92,11.8,0,4.092
12:55:21 PM,1/23/2026,260123-125510-112.bin,112,0,-0.15,-0.43,752.2,-0.09,-0.13,151.7,252.5,164,0.12,255.9,0.355,0.359,0.505,93.9,12.27,97.2,37.89786,-90.64318,271.2,211,8.05,-92,11.8,0,4.092
12:55:20 PM,1/23/2026,260123-125510-112.bin,112,0,-0.18,-0.41,752,-0.08,-0.12,151.6,252.4,164,0.12,255.8,0.319,0.345,0.454,93.9,12.27,97.3,37.89786,-90.64317,271.4,211,8.05,-92,11.8,0,4.094
12:55:19 PM,1/23/2026,260123-125510-112.bin,112,0,-0.19,-0.33,752.2,-0.1,-0.2,151.6,252.3,164,0.12,255.7,0.295,0.299,0.42,94,12.28,97.3,37.89786,-90.64317,271.4,211,8.05,-91.9,11.8,0,4.094
12:55:18 PM,1/23/2026,260123-125510-112.bin,112,0,-0.17,-0.37,752.2,-0.1,-0.18,151.6,252.4,164,0.12,255.7,0.278,0.281,0.395,94,12.28,97.3,37.89786,-90.64317,271.4,211,8.05,-91.9,11.8,0,4.094
12:55:17 PM,1/23/2026,260123-125510-112.bin,112,0,-0.17,-0.47,752.1,-0.09,-0.15,151.7,252.6,164,0.12,256,0.256,0.271,0.364,94,12.29,97.3,37.89785,-90.64317,271.4,210.9,8.05,-92,11.8,0,4.091
12:55:16 PM,1/23/2026,260123-125510-112.bin,112,0,-0.16,-0.41,752.3,-0.08,-0.16,151.7,252.6,164,0.12,256,0.243,0.25,0.345,94,12.29,97.3,37.89785,-90.64317,272.2,210.9,8.05,-92,11.8,0,4.089
12:55:15 PM,1/23/2026,260123-125510-112.bin,112,0,-0.14,-0.42,752.1,-0.1,-0.15,151.7,252.5,164,0.12,255.9,0.217,0.234,0.308,94,12.28,97.3,37.89785,-90.64317,272.2,210.9,8.05,-91.9,11.8,0,4.089
12:55:14 PM,1/23/2026,260123-125510-112.bin,112,0,-0.15,-0.48,752.1,-0.1,-0.17,151.7,252.5,164,0.12,255.9,0.13,0.15,0.186,94,12.29,97.3,37.89785,-90.64317,271.5,210.9,8.05,-91.8,11.8,0,4.088
12:55:13 PM,1/23/2026,260123-125510-112.bin,112,0,-0.16,-0.4,752.1,-0.09,-0.16,151.6,252.4,164,0.12,255.7,0.103,0.121,0.147,94,12.29,97.3,37.89785,-90.64317,271.4,210.8,8.05,-91.8,11.8,0,4.089
12:55:12 PM,1/23/2026,260123-125510-112.bin,112,0,-0.13,-0.38,752.2,-0.1,-0.12,151.6,252.5,164,0.12,255.8,0.075,0.091,0.107,94,12.28,97.3,37.89785,-90.64317,271.5,210.8,8.05,-91.8,11.8,0,4.09
12:55:11 PM,1/23/2026,260123-125510-112.bin,112,0,-0.15,-0.51,752.2,-0.09,-0.16,151.8,252.7,164,0.12,256,0.071,0.064,0.101,94,12.29,97.3,37.89784,-90.64317,271.7,210.8,8.05,-91.8,11.8,0,4.09
12:55:10 PM,1/23/2026,260123-125510-112.bin,112,0,-0.15,-0.48,752.3,-0.08,-0.22,151.7,252.5,164,0.12,255.9,0.058,0.073,0.083,94.1,12.29,97.4,37.89784,-90.64317,271.3,210.8,8.05,-91.8,11.8,0,4.089
